2025-10-28 08:59:06 [INFO] 🚀 Starting Textract for: Personal-Loan-Agreement.pdf
2025-10-28 08:59:08 [INFO] 🪄 Job started: 6e8e7abdfb67ee4e1905d46c43160b4db8568c109a8021f829dca135389e4f8b
2025-10-28 08:59:08 [INFO] ⏳ Waiting for Textract job to finish for Personal-Loan-Agreement.pdf...
2025-10-28 08:59:13 [INFO] ⏳ Waiting for Textract job to finish for Personal-Loan-Agreement.pdf...
2025-10-28 08:59:20 [INFO] 📄 Retrieved page 1 (1000 blocks)
2025-10-28 08:59:21 [INFO] 📄 Retrieved page 2 (134 blocks)
2025-10-28 08:59:21 [INFO] ✅ Total blocks retrieved: 1134 across 2 pages
2025-10-28 08:59:22 [INFO] ✅ Saved Textract output: data/raw\Personal-Loan-Agreement_raw.json (1134 blocks)
2025-10-28 08:59:22 [INFO] ------------------------------------------------------------
2025-10-28 08:59:22 [INFO] 🚀 Starting Textract for: gss-term-loan-agreement-ccd-5.pdf
2025-10-28 08:59:22 [INFO] 🪄 Job started: 78e8f62f05a7e221ed3c2fcd0e6d051d95035ca36485cbb7931fbdaaa39503fd
2025-10-28 08:59:22 [INFO] ⏳ Waiting for Textract job to finish for gss-term-loan-agreement-ccd-5.pdf...
2025-10-28 08:59:27 [INFO] ⏳ Waiting for Textract job to finish for gss-term-loan-agreement-ccd-5.pdf...
2025-10-28 08:59:32 [INFO] ⏳ Waiting for Textract job to finish for gss-term-loan-agreement-ccd-5.pdf...
2025-10-28 08:59:38 [INFO] ⏳ Waiting for Textract job to finish for gss-term-loan-agreement-ccd-5.pdf...
2025-10-28 08:59:44 [INFO] 📄 Retrieved page 1 (1000 blocks)
2025-10-28 08:59:47 [INFO] 📄 Retrieved page 2 (1000 blocks)
2025-10-28 08:59:49 [INFO] 📄 Retrieved page 3 (1000 blocks)
2025-10-28 08:59:52 [INFO] 📄 Retrieved page 4 (1000 blocks)
2025-10-28 08:59:53 [INFO] 📄 Retrieved page 5 (1000 blocks)
2025-10-28 08:59:55 [INFO] 📄 Retrieved page 6 (1000 blocks)
2025-10-28 08:59:57 [INFO] 📄 Retrieved page 7 (1000 blocks)
2025-10-28 08:59:59 [INFO] 📄 Retrieved page 8 (1000 blocks)
2025-10-28 09:00:01 [INFO] 📄 Retrieved page 9 (1000 blocks)
2025-10-28 09:00:03 [INFO] 📄 Retrieved page 10 (1000 blocks)
2025-10-28 09:00:05 [INFO] 📄 Retrieved page 11 (563 blocks)
2025-10-28 09:00:05 [INFO] ✅ Total blocks retrieved: 10563 across 11 pages
2025-10-28 09:00:06 [INFO] ✅ Saved Textract output: data/raw\gss-term-loan-agreement-ccd-5_raw.json (10563 blocks)
2025-10-28 09:00:06 [INFO] ------------------------------------------------------------
2025-10-28 09:00:06 [INFO] 🚀 Starting Textract for: loan1.pdf
2025-10-28 09:00:06 [INFO] 🪄 Job started: b9d3a80df5b14f331e475f2a2e447d8fd3c9e8b502cc65acb59c8079130e5841
2025-10-28 09:00:06 [INFO] ⏳ Waiting for Textract job to finish for loan1.pdf...
2025-10-28 09:00:11 [INFO] ⏳ Waiting for Textract job to finish for loan1.pdf...
2025-10-28 09:00:18 [INFO] 📄 Retrieved page 1 (1000 blocks)
2025-10-28 09:00:20 [INFO] 📄 Retrieved page 2 (1000 blocks)
2025-10-28 09:00:22 [INFO] 📄 Retrieved page 3 (299 blocks)
2025-10-28 09:00:22 [INFO] ✅ Total blocks retrieved: 2299 across 3 pages
2025-10-28 09:00:22 [INFO] ✅ Saved Textract output: data/raw\loan1_raw.json (2299 blocks)
2025-10-28 09:00:22 [INFO] ------------------------------------------------------------
2025-10-28 09:00:22 [INFO] 🚀 Starting Textract for: loan2.pdf
2025-10-28 09:00:23 [INFO] 🪄 Job started: 8a0062ee51f3f17b2abc00c9a4c562277e511ffae1ae0a910b14e46b4b6148dd
2025-10-28 09:00:23 [INFO] ⏳ Waiting for Textract job to finish for loan2.pdf...
2025-10-28 09:00:28 [INFO] ⏳ Waiting for Textract job to finish for loan2.pdf...
2025-10-28 09:00:33 [INFO] ⏳ Waiting for Textract job to finish for loan2.pdf...
2025-10-28 09:00:38 [INFO] ⏳ Waiting for Textract job to finish for loan2.pdf...
2025-10-28 09:00:43 [INFO] ⏳ Waiting for Textract job to finish for loan2.pdf...
2025-10-28 09:00:51 [INFO] 📄 Retrieved page 1 (1000 blocks)
2025-10-28 09:00:54 [INFO] 📄 Retrieved page 2 (1000 blocks)
2025-10-28 09:00:56 [INFO] 📄 Retrieved page 3 (797 blocks)
2025-10-28 09:00:56 [INFO] ✅ Total blocks retrieved: 2797 across 3 pages
2025-10-28 09:00:56 [INFO] ✅ Saved Textract output: data/raw\loan2_raw.json (2797 blocks)
2025-10-28 09:00:56 [INFO] ------------------------------------------------------------
2025-10-28 09:00:56 [INFO] 🚀 Starting Textract for: loan3.pdf
2025-10-28 09:00:57 [INFO] 🪄 Job started: ac56c58bdc3a5b3cccb0c30772bb6366df7cc46881cc4a047b26cd3a708a1b22
2025-10-28 09:00:57 [INFO] ⏳ Waiting for Textract job to finish for loan3.pdf...
2025-10-28 09:01:02 [INFO] ⏳ Waiting for Textract job to finish for loan3.pdf...
2025-10-28 09:01:07 [INFO] ⏳ Waiting for Textract job to finish for loan3.pdf...
2025-10-28 09:01:12 [INFO] ⏳ Waiting for Textract job to finish for loan3.pdf...
2025-10-28 09:01:17 [INFO] ⏳ Waiting for Textract job to finish for loan3.pdf...
2025-10-28 09:01:25 [INFO] 📄 Retrieved page 1 (1000 blocks)
2025-10-28 09:01:31 [INFO] 📄 Retrieved page 2 (1000 blocks)
2025-10-28 09:01:33 [INFO] 📄 Retrieved page 3 (1000 blocks)
2025-10-28 09:01:36 [INFO] 📄 Retrieved page 4 (1000 blocks)
2025-10-28 09:01:38 [INFO] 📄 Retrieved page 5 (1000 blocks)
2025-10-28 09:01:41 [INFO] 📄 Retrieved page 6 (1000 blocks)
2025-10-28 09:01:44 [INFO] 📄 Retrieved page 7 (1000 blocks)
2025-10-28 09:01:46 [INFO] 📄 Retrieved page 8 (1000 blocks)
2025-10-28 09:01:48 [INFO] 📄 Retrieved page 9 (1000 blocks)
2025-10-28 09:01:51 [INFO] 📄 Retrieved page 10 (881 blocks)
2025-10-28 09:01:51 [INFO] ✅ Total blocks retrieved: 9881 across 10 pages
2025-10-28 09:01:52 [INFO] ✅ Saved Textract output: data/raw\loan3_raw.json (9881 blocks)
2025-10-28 09:01:52 [INFO] ------------------------------------------------------------
2025-10-28 09:01:52 [INFO] 🚀 Starting Textract for: pl_agreement.pdf
2025-10-28 09:01:52 [INFO] 🪄 Job started: dfa1665fe8abf54dbb4a3201bf5b8a2a29f33c6e2077d7d074999e031c169b14
2025-10-28 09:01:52 [INFO] ⏳ Waiting for Textract job to finish for pl_agreement.pdf...
2025-10-28 09:01:57 [INFO] ⏳ Waiting for Textract job to finish for pl_agreement.pdf...
2025-10-28 09:02:03 [INFO] ⏳ Waiting for Textract job to finish for pl_agreement.pdf...
2025-10-28 09:02:08 [INFO] ⏳ Waiting for Textract job to finish for pl_agreement.pdf...
2025-10-28 09:02:13 [INFO] ⏳ Waiting for Textract job to finish for pl_agreement.pdf...
2025-10-28 09:02:18 [INFO] ⏳ Waiting for Textract job to finish for pl_agreement.pdf...
2025-10-28 09:02:25 [INFO] 📄 Retrieved page 1 (1000 blocks)
2025-10-28 09:02:28 [INFO] 📄 Retrieved page 2 (1000 blocks)
2025-10-28 09:02:30 [INFO] 📄 Retrieved page 3 (1000 blocks)
2025-10-28 09:02:32 [INFO] 📄 Retrieved page 4 (1000 blocks)
2025-10-28 09:02:35 [INFO] 📄 Retrieved page 5 (1000 blocks)
2025-10-28 09:02:37 [INFO] 📄 Retrieved page 6 (1000 blocks)
2025-10-28 09:02:40 [INFO] 📄 Retrieved page 7 (1000 blocks)
2025-10-28 09:02:42 [INFO] 📄 Retrieved page 8 (1000 blocks)
2025-10-28 09:02:44 [INFO] 📄 Retrieved page 9 (1000 blocks)
2025-10-28 09:02:47 [INFO] 📄 Retrieved page 10 (1000 blocks)
2025-10-28 09:02:51 [INFO] 📄 Retrieved page 11 (1000 blocks)
2025-10-28 09:02:53 [INFO] 📄 Retrieved page 12 (234 blocks)
2025-10-28 09:02:53 [INFO] ✅ Total blocks retrieved: 11234 across 12 pages
2025-10-28 09:02:54 [INFO] ✅ Saved Textract output: data/raw\pl_agreement_raw.json (11234 blocks)
2025-10-28 09:02:54 [INFO] ------------------------------------------------------------
2025-10-28 09:02:54 [INFO] 🚀 Starting Textract for: specimen-agreement.pdf
2025-10-28 09:02:54 [INFO] 🪄 Job started: 65b1e1338d6c669344822dcd2d2d2f4d85b0bc6d1b3d5379cfc4041ff818547a
2025-10-28 09:02:54 [INFO] ⏳ Waiting for Textract job to finish for specimen-agreement.pdf...
2025-10-28 09:02:59 [INFO] ⏳ Waiting for Textract job to finish for specimen-agreement.pdf...
2025-10-28 09:03:05 [INFO] ⏳ Waiting for Textract job to finish for specimen-agreement.pdf...
2025-10-28 09:03:12 [INFO] 📄 Retrieved page 1 (1000 blocks)
2025-10-28 09:03:14 [INFO] 📄 Retrieved page 2 (1000 blocks)
2025-10-28 09:03:16 [INFO] 📄 Retrieved page 3 (1000 blocks)
2025-10-28 09:03:19 [INFO] 📄 Retrieved page 4 (1000 blocks)
2025-10-28 09:03:21 [INFO] 📄 Retrieved page 5 (1000 blocks)
2025-10-28 09:03:22 [INFO] 📄 Retrieved page 6 (407 blocks)
2025-10-28 09:03:22 [INFO] ✅ Total blocks retrieved: 5407 across 6 pages
2025-10-28 09:03:23 [INFO] ✅ Saved Textract output: data/raw\specimen-agreement_raw.json (5407 blocks)
2025-10-28 09:03:23 [INFO] ------------------------------------------------------------
2025-10-28 09:03:23 [INFO] ✅ Completed Textract for 7 files.
2025-10-28 09:12:33 [INFO] 🚀 Starting Textract for: Personal-Loan-Agreement.pdf
2025-10-28 09:12:34 [INFO] 🪄 Job started: a94a0880e907d36271eb6d86bfbd4089e30e55f319000e90ed82d64839759c2f
2025-10-28 09:12:34 [INFO] ⏳ Waiting for Textract job to finish for Personal-Loan-Agreement.pdf...
2025-10-28 09:12:39 [INFO] ⏳ Waiting for Textract job to finish for Personal-Loan-Agreement.pdf...
2025-10-28 09:12:44 [INFO] ⏳ Waiting for Textract job to finish for Personal-Loan-Agreement.pdf...
2025-10-28 09:12:49 [INFO] ⏳ Waiting for Textract job to finish for Personal-Loan-Agreement.pdf...
2025-10-28 09:12:54 [INFO] ⏳ Waiting for Textract job to finish for Personal-Loan-Agreement.pdf...
2025-10-28 09:12:59 [INFO] ⏳ Waiting for Textract job to finish for Personal-Loan-Agreement.pdf...
2025-10-28 09:13:05 [INFO] 📄 Retrieved page 1 (1000 blocks)
2025-10-28 09:13:06 [INFO] 📄 Retrieved page 2 (134 blocks)
2025-10-28 09:13:06 [INFO] ✅ Total blocks retrieved: 1134 across 2 pages
2025-10-28 09:13:07 [INFO] ✅ Saved Textract output: data/raw\Personal-Loan-Agreement_raw.json (1134 blocks)
2025-10-28 09:13:07 [INFO] ------------------------------------------------------------
2025-10-28 09:13:07 [INFO] 🚀 Starting Textract for: gss-term-loan-agreement-ccd-5.pdf
2025-10-28 09:13:08 [INFO] 🪄 Job started: 7f07365e0d671ef05b350a8879f78aaa030e86e85a963b1ceab7ff010b87a2f0
2025-10-28 09:13:08 [INFO] ⏳ Waiting for Textract job to finish for gss-term-loan-agreement-ccd-5.pdf...
2025-10-28 09:13:13 [INFO] ⏳ Waiting for Textract job to finish for gss-term-loan-agreement-ccd-5.pdf...
2025-10-28 09:13:18 [INFO] ⏳ Waiting for Textract job to finish for gss-term-loan-agreement-ccd-5.pdf...
2025-10-28 09:13:23 [INFO] ⏳ Waiting for Textract job to finish for gss-term-loan-agreement-ccd-5.pdf...
2025-10-28 09:13:28 [INFO] ⏳ Waiting for Textract job to finish for gss-term-loan-agreement-ccd-5.pdf...
2025-10-28 09:13:33 [INFO] ⏳ Waiting for Textract job to finish for gss-term-loan-agreement-ccd-5.pdf...
2025-10-28 09:13:38 [INFO] ⏳ Waiting for Textract job to finish for gss-term-loan-agreement-ccd-5.pdf...
2025-10-28 09:13:44 [INFO] 📄 Retrieved page 1 (1000 blocks)
2025-10-28 09:13:46 [INFO] 📄 Retrieved page 2 (1000 blocks)
2025-10-28 09:13:51 [INFO] 📄 Retrieved page 3 (1000 blocks)
2025-10-28 09:13:54 [INFO] 📄 Retrieved page 4 (1000 blocks)
2025-10-28 09:13:56 [INFO] 📄 Retrieved page 5 (1000 blocks)
2025-10-28 09:13:59 [INFO] 📄 Retrieved page 6 (1000 blocks)
2025-10-28 09:14:00 [INFO] 📄 Retrieved page 7 (1000 blocks)
2025-10-28 09:14:02 [INFO] 📄 Retrieved page 8 (1000 blocks)
2025-10-28 09:14:06 [INFO] 📄 Retrieved page 9 (1000 blocks)
2025-10-28 09:14:09 [INFO] 📄 Retrieved page 10 (1000 blocks)
2025-10-28 09:14:11 [INFO] 📄 Retrieved page 11 (563 blocks)
2025-10-28 09:14:11 [INFO] ✅ Total blocks retrieved: 10563 across 11 pages
2025-10-28 09:14:12 [INFO] ✅ Saved Textract output: data/raw\gss-term-loan-agreement-ccd-5_raw.json (10563 blocks)
2025-10-28 09:14:12 [INFO] ------------------------------------------------------------
2025-10-28 09:14:12 [INFO] 🚀 Starting Textract for: loan1.pdf
2025-10-28 09:14:13 [INFO] 🪄 Job started: 39f55f527c9b55ae4ca66073d7462a564f79980a388a169a6fbc4eb4ccfc4737
2025-10-28 09:14:13 [INFO] ⏳ Waiting for Textract job to finish for loan1.pdf...
2025-10-28 09:14:18 [INFO] ⏳ Waiting for Textract job to finish for loan1.pdf...
2025-10-28 09:14:25 [INFO] 📄 Retrieved page 1 (1000 blocks)
2025-10-28 09:14:28 [INFO] 📄 Retrieved page 2 (1000 blocks)
2025-10-28 09:14:29 [INFO] 📄 Retrieved page 3 (299 blocks)
2025-10-28 09:14:29 [INFO] ✅ Total blocks retrieved: 2299 across 3 pages
2025-10-28 09:14:29 [INFO] ✅ Saved Textract output: data/raw\loan1_raw.json (2299 blocks)
2025-10-28 09:14:29 [INFO] ------------------------------------------------------------
2025-10-28 09:14:29 [INFO] 🚀 Starting Textract for: loan2.pdf
2025-10-28 09:14:29 [INFO] 🪄 Job started: e76437a7b2bb62872939cf0b2aa7d303fe8cd2c8854368bfc1114f49a5ac0711
2025-10-28 09:14:29 [INFO] ⏳ Waiting for Textract job to finish for loan2.pdf...
2025-10-28 09:14:35 [INFO] ⏳ Waiting for Textract job to finish for loan2.pdf...
2025-10-28 09:14:43 [INFO] 📄 Retrieved page 1 (1000 blocks)
2025-10-28 09:14:45 [INFO] 📄 Retrieved page 2 (1000 blocks)
2025-10-28 09:14:47 [INFO] 📄 Retrieved page 3 (797 blocks)
2025-10-28 09:14:47 [INFO] ✅ Total blocks retrieved: 2797 across 3 pages
2025-10-28 09:14:47 [INFO] ✅ Saved Textract output: data/raw\loan2_raw.json (2797 blocks)
2025-10-28 09:14:47 [INFO] ------------------------------------------------------------
2025-10-28 09:14:47 [INFO] 🚀 Starting Textract for: loan3.pdf
2025-10-28 09:14:47 [INFO] 🪄 Job started: 4f45b7a37cfd3c14f6d112c44f78cee26fa6f27ef763c34b1ab963f30014b134
2025-10-28 09:14:47 [INFO] ⏳ Waiting for Textract job to finish for loan3.pdf...
2025-10-28 09:14:52 [INFO] ⏳ Waiting for Textract job to finish for loan3.pdf...
2025-10-28 09:14:57 [INFO] ⏳ Waiting for Textract job to finish for loan3.pdf...
2025-10-28 09:15:05 [INFO] 📄 Retrieved page 1 (1000 blocks)
2025-10-28 09:15:07 [INFO] 📄 Retrieved page 2 (1000 blocks)
2025-10-28 09:15:08 [INFO] 📄 Retrieved page 3 (1000 blocks)
2025-10-28 09:15:10 [INFO] 📄 Retrieved page 4 (1000 blocks)
2025-10-28 09:15:12 [INFO] 📄 Retrieved page 5 (1000 blocks)
2025-10-28 09:15:14 [INFO] 📄 Retrieved page 6 (1000 blocks)
2025-10-28 09:15:17 [INFO] 📄 Retrieved page 7 (1000 blocks)
2025-10-28 09:15:19 [INFO] 📄 Retrieved page 8 (1000 blocks)
2025-10-28 09:15:21 [INFO] 📄 Retrieved page 9 (1000 blocks)
2025-10-28 09:15:24 [INFO] 📄 Retrieved page 10 (881 blocks)
2025-10-28 09:15:24 [INFO] ✅ Total blocks retrieved: 9881 across 10 pages
2025-10-28 09:15:25 [INFO] ✅ Saved Textract output: data/raw\loan3_raw.json (9881 blocks)
2025-10-28 09:15:25 [INFO] ------------------------------------------------------------
2025-10-28 09:15:25 [INFO] 🚀 Starting Textract for: pl_agreement.pdf
2025-10-28 09:15:25 [INFO] 🪄 Job started: 2584fb3210d022aa16f84d1fb07a703fbee509e3b325e238bf55a758ef9b8fc2
2025-10-28 09:15:26 [INFO] ⏳ Waiting for Textract job to finish for pl_agreement.pdf...
2025-10-28 09:15:31 [INFO] ⏳ Waiting for Textract job to finish for pl_agreement.pdf...
2025-10-28 09:15:36 [INFO] ⏳ Waiting for Textract job to finish for pl_agreement.pdf...
2025-10-28 09:15:41 [INFO] ⏳ Waiting for Textract job to finish for pl_agreement.pdf...
2025-10-28 09:15:48 [INFO] 📄 Retrieved page 1 (1000 blocks)
2025-10-28 09:15:50 [INFO] 📄 Retrieved page 2 (1000 blocks)
2025-10-28 09:15:53 [INFO] 📄 Retrieved page 3 (1000 blocks)
2025-10-28 09:15:56 [INFO] 📄 Retrieved page 4 (1000 blocks)
2025-10-28 09:16:00 [INFO] 📄 Retrieved page 5 (1000 blocks)
2025-10-28 09:16:04 [INFO] 📄 Retrieved page 6 (1000 blocks)
2025-10-28 09:16:07 [INFO] 📄 Retrieved page 7 (1000 blocks)
2025-10-28 09:16:09 [INFO] 📄 Retrieved page 8 (1000 blocks)
2025-10-28 09:16:12 [INFO] 📄 Retrieved page 9 (1000 blocks)
2025-10-28 09:16:15 [INFO] 📄 Retrieved page 10 (1000 blocks)
2025-10-28 09:16:17 [INFO] 📄 Retrieved page 11 (1000 blocks)
2025-10-28 09:16:18 [INFO] 📄 Retrieved page 12 (234 blocks)
2025-10-28 09:16:18 [INFO] ✅ Total blocks retrieved: 11234 across 12 pages
2025-10-28 09:16:19 [INFO] ✅ Saved Textract output: data/raw\pl_agreement_raw.json (11234 blocks)
2025-10-28 09:16:19 [INFO] ------------------------------------------------------------
2025-10-28 09:16:19 [INFO] 🚀 Starting Textract for: specimen-agreement.pdf
2025-10-28 09:16:19 [INFO] 🪄 Job started: b67f8af8a32677a93ce6c86d9ca7d617eaf02d96158868faabbd155fde973190
2025-10-28 09:16:19 [INFO] ⏳ Waiting for Textract job to finish for specimen-agreement.pdf...
2025-10-28 09:16:24 [INFO] ⏳ Waiting for Textract job to finish for specimen-agreement.pdf...
2025-10-28 09:16:33 [INFO] 📄 Retrieved page 1 (1000 blocks)
2025-10-28 09:16:35 [INFO] 📄 Retrieved page 2 (1000 blocks)
2025-10-28 09:16:38 [INFO] 📄 Retrieved page 3 (1000 blocks)
2025-10-28 09:16:40 [INFO] 📄 Retrieved page 4 (1000 blocks)
2025-10-28 09:16:42 [INFO] 📄 Retrieved page 5 (1000 blocks)
2025-10-28 09:16:44 [INFO] 📄 Retrieved page 6 (407 blocks)
2025-10-28 09:16:44 [INFO] ✅ Total blocks retrieved: 5407 across 6 pages
2025-10-28 09:16:45 [INFO] ✅ Saved Textract output: data/raw\specimen-agreement_raw.json (5407 blocks)
2025-10-28 09:16:45 [INFO] ------------------------------------------------------------
2025-10-28 09:16:45 [INFO] ✅ Completed Textract for 7 files.
2025-10-28 09:23:49 [INFO] 🚀 Starting Textract for: dummy.pdf
2025-10-28 09:23:49 [ERROR] ❌ Error running Textract for dummy.pdf: 'object' object has no attribute 'start_document_text_detection'
2025-10-28 09:28:37 [INFO] 🚀 Starting Textract for: dummy.pdf
2025-10-28 09:28:37 [ERROR] ❌ Error running Textract for dummy.pdf: 'object' object has no attribute 'start_document_text_detection'
2025-10-28 09:37:58 [INFO] 🚀 Starting Textract for: dummy.pdf
2025-10-28 09:37:59 [WARNING] ⚠️ Unexpected error: An error occurred (InvalidS3ObjectException) when calling the StartDocumentTextDetection operation: Unable to get object metadata from S3. Check object key, region and/or access permissions., retrying in 5s...
2025-10-28 09:38:05 [WARNING] ⚠️ Unexpected error: An error occurred (InvalidS3ObjectException) when calling the StartDocumentTextDetection operation: Unable to get object metadata from S3. Check object key, region and/or access permissions., retrying in 5s...
2025-10-28 09:38:10 [WARNING] ⚠️ Unexpected error: An error occurred (InvalidS3ObjectException) when calling the StartDocumentTextDetection operation: Unable to get object metadata from S3. Check object key, region and/or access permissions., retrying in 5s...
2025-10-28 09:38:16 [WARNING] ⚠️ Unexpected error: An error occurred (InvalidS3ObjectException) when calling the StartDocumentTextDetection operation: Unable to get object metadata from S3. Check object key, region and/or access permissions., retrying in 5s...
2025-10-28 09:38:22 [WARNING] ⚠️ Unexpected error: An error occurred (InvalidS3ObjectException) when calling the StartDocumentTextDetection operation: Unable to get object metadata from S3. Check object key, region and/or access permissions., retrying in 5s...
2025-10-28 09:38:27 [ERROR] ❌ Error running Textract for dummy.pdf: ❌ Failed to connect after multiple attempts.
2025-10-28 09:38:28 [INFO] 🚀 Starting Textract for: dummy.pdf
2025-10-28 09:38:28 [WARNING] ⚠️ Unexpected error: An error occurred (InvalidS3ObjectException) when calling the StartDocumentTextDetection operation: Unable to get object metadata from S3. Check object key, region and/or access permissions., retrying in 5s...
2025-10-28 09:38:34 [WARNING] ⚠️ Unexpected error: An error occurred (InvalidS3ObjectException) when calling the StartDocumentTextDetection operation: Unable to get object metadata from S3. Check object key, region and/or access permissions., retrying in 5s...
2025-10-28 09:38:41 [WARNING] ⚠️ Unexpected error: An error occurred (InvalidS3ObjectException) when calling the StartDocumentTextDetection operation: Unable to get object metadata from S3. Check object key, region and/or access permissions., retrying in 5s...
2025-10-28 09:38:47 [WARNING] ⚠️ Unexpected error: An error occurred (InvalidS3ObjectException) when calling the StartDocumentTextDetection operation: Unable to get object metadata from S3. Check object key, region and/or access permissions., retrying in 5s...
2025-10-28 09:38:53 [WARNING] ⚠️ Unexpected error: An error occurred (InvalidS3ObjectException) when calling the StartDocumentTextDetection operation: Unable to get object metadata from S3. Check object key, region and/or access permissions., retrying in 5s...
2025-10-28 09:38:58 [ERROR] ❌ Error running Textract for dummy.pdf: ❌ Failed to connect after multiple attempts.
2025-10-28 09:39:55 [INFO] 🚀 Starting Textract for: dummy.pdf
2025-10-28 09:39:55 [INFO] 🪄 Job started: 1234
2025-10-28 09:39:55 [INFO] ✅ Saved Textract output: data/raw\dummy_raw.json (1 blocks)
2025-10-28 09:48:09 [INFO] 🚀 Starting Textract for: dummy.pdf
2025-10-28 09:48:09 [INFO] 🪄 Job started: 1234
2025-10-28 09:48:09 [INFO] ✅ Saved Textract output: data/raw\dummy_raw.json (1 blocks)
2025-10-28 09:52:18 [INFO] 🚀 Starting Textract for: dummy.pdf
2025-10-28 09:52:18 [INFO] 🪄 Job started: 1234
2025-10-28 09:52:18 [INFO] ✅ Saved Textract output: data/raw\dummy_raw.json (1 blocks)
2025-10-28 09:53:07 [INFO] 🚀 Starting Textract for: dummy.pdf
2025-10-28 09:53:07 [INFO] 🪄 Job started: 1234
2025-10-28 09:53:07 [INFO] ✅ Saved Textract output: data/raw\dummy_raw.json (1 blocks)
2025-10-28 09:53:08 [INFO] 🚀 Starting Textract for: dummy.pdf
2025-10-28 09:53:08 [INFO] 🪄 Job started: 1234
2025-10-28 09:53:08 [INFO] ✅ Saved Textract output: data/raw\dummy_raw.json (1 blocks)
2025-10-28 09:53:29 [INFO] 🚀 Starting Textract for: dummy.pdf
2025-10-28 09:53:29 [INFO] 🪄 Job started: 1234
2025-10-28 09:53:29 [INFO] ✅ Saved Textract output: data/raw\dummy_raw.json (1 blocks)
2025-10-28 09:55:34 [INFO] 🚀 Starting Textract for: dummy.pdf
2025-10-28 09:55:34 [INFO] 🪄 Job started: 1234
2025-10-28 09:55:34 [INFO] ✅ Saved Textract output: data/raw\dummy_raw.json (1 blocks)
2025-10-28 10:00:01 [INFO] 🚀 Starting Textract for: dummy.pdf
2025-10-28 10:00:01 [INFO] 🪄 Job started: 1234
2025-10-28 10:00:01 [INFO] ✅ Saved Textract output: data/raw\dummy_raw.json (1 blocks)
2025-10-28 10:02:32 [INFO] 🚀 Starting Textract for: dummy.pdf
2025-10-28 10:02:32 [INFO] 🪄 Job started: 1234
2025-10-28 10:02:32 [INFO] ✅ Saved Textract output: data/raw\dummy_raw.json (1 blocks)
2025-10-28 10:02:58 [INFO] 🚀 Starting Textract for: dummy.pdf
2025-10-28 10:02:58 [INFO] 🪄 Job started: 1234
2025-10-28 10:02:58 [INFO] ✅ Saved Textract output: data/raw\dummy_raw.json (1 blocks)
2025-10-28 10:47:43 [INFO] 🚀 Starting Textract for: Personal-Loan-Agreement.pdf
2025-10-28 10:47:44 [INFO] 🪄 Job started: 4aa00e5dadcb24f692c87a91053174c5213c952db54a3c35c6a12e48a9480078
2025-10-28 10:47:44 [INFO] ⏳ Waiting for Textract job to finish for Personal-Loan-Agreement.pdf...
2025-10-28 10:47:49 [INFO] ⏳ Waiting for Textract job to finish for Personal-Loan-Agreement.pdf...
2025-10-28 10:47:54 [INFO] ⏳ Waiting for Textract job to finish for Personal-Loan-Agreement.pdf...
2025-10-28 10:47:59 [INFO] ⏳ Waiting for Textract job to finish for Personal-Loan-Agreement.pdf...
2025-10-28 10:48:04 [INFO] ⏳ Waiting for Textract job to finish for Personal-Loan-Agreement.pdf...
2025-10-28 10:48:09 [INFO] ⏳ Waiting for Textract job to finish for Personal-Loan-Agreement.pdf...
2025-10-28 10:48:14 [INFO] ⏳ Waiting for Textract job to finish for Personal-Loan-Agreement.pdf...
2025-10-28 10:48:19 [INFO] ⏳ Waiting for Textract job to finish for Personal-Loan-Agreement.pdf...
2025-10-28 10:48:24 [INFO] ⏳ Waiting for Textract job to finish for Personal-Loan-Agreement.pdf...
2025-10-28 10:48:30 [INFO] ⏳ Waiting for Textract job to finish for Personal-Loan-Agreement.pdf...
2025-10-28 10:48:35 [INFO] ⏳ Waiting for Textract job to finish for Personal-Loan-Agreement.pdf...
2025-10-28 10:48:40 [INFO] ⏳ Waiting for Textract job to finish for Personal-Loan-Agreement.pdf...
2025-10-28 10:48:45 [INFO] ⏳ Waiting for Textract job to finish for Personal-Loan-Agreement.pdf...
2025-10-28 10:48:50 [INFO] ⏳ Waiting for Textract job to finish for Personal-Loan-Agreement.pdf...
2025-10-28 10:48:55 [INFO] ⏳ Waiting for Textract job to finish for Personal-Loan-Agreement.pdf...
2025-10-28 10:49:00 [INFO] ⏳ Waiting for Textract job to finish for Personal-Loan-Agreement.pdf...
2025-10-28 10:49:05 [INFO] ⏳ Waiting for Textract job to finish for Personal-Loan-Agreement.pdf...
2025-10-28 10:49:10 [INFO] ⏳ Waiting for Textract job to finish for Personal-Loan-Agreement.pdf...
2025-10-28 10:49:15 [INFO] ⏳ Waiting for Textract job to finish for Personal-Loan-Agreement.pdf...
2025-10-28 10:49:21 [INFO] ⏳ Waiting for Textract job to finish for Personal-Loan-Agreement.pdf...
2025-10-28 10:49:26 [INFO] ⏳ Waiting for Textract job to finish for Personal-Loan-Agreement.pdf...
2025-10-28 10:49:31 [INFO] ⏳ Waiting for Textract job to finish for Personal-Loan-Agreement.pdf...
2025-10-28 10:49:36 [INFO] ⏳ Waiting for Textract job to finish for Personal-Loan-Agreement.pdf...
2025-10-28 10:49:41 [INFO] ⏳ Waiting for Textract job to finish for Personal-Loan-Agreement.pdf...
2025-10-28 10:49:46 [INFO] ⏳ Waiting for Textract job to finish for Personal-Loan-Agreement.pdf...
2025-10-28 10:49:51 [INFO] ⏳ Waiting for Textract job to finish for Personal-Loan-Agreement.pdf...
2025-10-28 10:49:57 [INFO] ⏳ Waiting for Textract job to finish for Personal-Loan-Agreement.pdf...
2025-10-28 10:50:02 [INFO] ⏳ Waiting for Textract job to finish for Personal-Loan-Agreement.pdf...
2025-10-28 10:50:07 [INFO] ⏳ Waiting for Textract job to finish for Personal-Loan-Agreement.pdf...
2025-10-28 10:50:13 [INFO] 📄 Retrieved page 1 (1000 blocks)
2025-10-28 10:50:14 [INFO] 📄 Retrieved page 2 (134 blocks)
2025-10-28 10:50:14 [INFO] ✅ Total blocks retrieved: 1134 across 2 pages
2025-10-28 10:50:14 [INFO] ✅ Saved Textract output: data/raw\Personal-Loan-Agreement_raw.json (1134 blocks)
2025-10-28 10:50:14 [INFO] ------------------------------------------------------------
2025-10-28 10:50:14 [INFO] 🚀 Starting Textract for: gss-term-loan-agreement-ccd-5.pdf
2025-10-28 10:50:14 [INFO] 🪄 Job started: 32aca343b8f075d787b6761b52b8faf7a8c978859ca68218b4a5896e2a5ba70f
2025-10-28 10:50:15 [INFO] ⏳ Waiting for Textract job to finish for gss-term-loan-agreement-ccd-5.pdf...
2025-10-28 10:50:20 [INFO] ⏳ Waiting for Textract job to finish for gss-term-loan-agreement-ccd-5.pdf...
2025-10-28 10:50:25 [INFO] ⏳ Waiting for Textract job to finish for gss-term-loan-agreement-ccd-5.pdf...
2025-10-28 10:50:30 [INFO] ⏳ Waiting for Textract job to finish for gss-term-loan-agreement-ccd-5.pdf...
2025-10-28 10:50:35 [INFO] ⏳ Waiting for Textract job to finish for gss-term-loan-agreement-ccd-5.pdf...
2025-10-28 10:50:40 [INFO] ⏳ Waiting for Textract job to finish for gss-term-loan-agreement-ccd-5.pdf...
2025-10-28 10:50:46 [INFO] ⏳ Waiting for Textract job to finish for gss-term-loan-agreement-ccd-5.pdf...
2025-10-28 10:50:51 [INFO] ⏳ Waiting for Textract job to finish for gss-term-loan-agreement-ccd-5.pdf...
2025-10-28 10:50:56 [INFO] ⏳ Waiting for Textract job to finish for gss-term-loan-agreement-ccd-5.pdf...
2025-10-28 10:51:01 [INFO] ⏳ Waiting for Textract job to finish for gss-term-loan-agreement-ccd-5.pdf...
2025-10-28 10:51:06 [INFO] ⏳ Waiting for Textract job to finish for gss-term-loan-agreement-ccd-5.pdf...
2025-10-28 10:51:11 [INFO] ⏳ Waiting for Textract job to finish for gss-term-loan-agreement-ccd-5.pdf...
2025-10-28 10:51:16 [INFO] ⏳ Waiting for Textract job to finish for gss-term-loan-agreement-ccd-5.pdf...
2025-10-28 10:51:21 [INFO] ⏳ Waiting for Textract job to finish for gss-term-loan-agreement-ccd-5.pdf...
2025-10-28 10:51:26 [INFO] ⏳ Waiting for Textract job to finish for gss-term-loan-agreement-ccd-5.pdf...
2025-10-28 10:51:34 [INFO] 📄 Retrieved page 1 (1000 blocks)
2025-10-28 10:51:36 [INFO] 📄 Retrieved page 2 (1000 blocks)
2025-10-28 10:51:39 [INFO] 📄 Retrieved page 3 (1000 blocks)
2025-10-28 10:51:41 [INFO] 📄 Retrieved page 4 (1000 blocks)
2025-10-28 10:51:43 [INFO] 📄 Retrieved page 5 (1000 blocks)
2025-10-28 10:51:45 [INFO] 📄 Retrieved page 6 (1000 blocks)
2025-10-28 10:51:47 [INFO] 📄 Retrieved page 7 (1000 blocks)
2025-10-28 10:51:50 [INFO] 📄 Retrieved page 8 (1000 blocks)
2025-10-28 10:51:52 [INFO] 📄 Retrieved page 9 (1000 blocks)
2025-10-28 10:51:55 [INFO] 📄 Retrieved page 10 (1000 blocks)
2025-10-28 10:51:57 [INFO] 📄 Retrieved page 11 (563 blocks)
2025-10-28 10:51:57 [INFO] ✅ Total blocks retrieved: 10563 across 11 pages
2025-10-28 10:51:58 [INFO] ✅ Saved Textract output: data/raw\gss-term-loan-agreement-ccd-5_raw.json (10563 blocks)
2025-10-28 10:51:58 [INFO] ------------------------------------------------------------
2025-10-28 10:51:58 [INFO] 🚀 Starting Textract for: loan1.pdf
2025-10-28 10:51:58 [INFO] 🪄 Job started: cf3eb2a95484fcae9ec086f95356dcac4471326edaefea91726c7a00f2227c6e
2025-10-28 10:51:58 [INFO] ⏳ Waiting for Textract job to finish for loan1.pdf...
2025-10-28 10:52:03 [INFO] ⏳ Waiting for Textract job to finish for loan1.pdf...
2025-10-28 10:52:09 [INFO] 📄 Retrieved page 1 (1000 blocks)
2025-10-28 10:52:11 [INFO] 📄 Retrieved page 2 (1000 blocks)
2025-10-28 10:52:12 [INFO] 📄 Retrieved page 3 (299 blocks)
2025-10-28 10:52:12 [INFO] ✅ Total blocks retrieved: 2299 across 3 pages
2025-10-28 10:52:12 [INFO] ✅ Saved Textract output: data/raw\loan1_raw.json (2299 blocks)
2025-10-28 10:52:12 [INFO] ------------------------------------------------------------
2025-10-28 10:52:12 [INFO] 🚀 Starting Textract for: loan2.pdf
2025-10-28 10:52:12 [INFO] 🪄 Job started: c18fcfd8d62bb7740d92225d4c56f334c6dd0ce0cadca9ef9db8c240940cec76
2025-10-28 10:52:12 [INFO] ⏳ Waiting for Textract job to finish for loan2.pdf...
2025-10-28 10:52:18 [INFO] ⏳ Waiting for Textract job to finish for loan2.pdf...
2025-10-28 10:52:26 [INFO] 📄 Retrieved page 1 (1000 blocks)
2025-10-28 10:52:29 [INFO] 📄 Retrieved page 2 (1000 blocks)
2025-10-28 10:52:31 [INFO] 📄 Retrieved page 3 (797 blocks)
2025-10-28 10:52:31 [INFO] ✅ Total blocks retrieved: 2797 across 3 pages
2025-10-28 10:52:31 [INFO] ✅ Saved Textract output: data/raw\loan2_raw.json (2797 blocks)
2025-10-28 10:52:31 [INFO] ------------------------------------------------------------
2025-10-28 10:52:31 [INFO] 🚀 Starting Textract for: loan3.pdf
2025-10-28 10:52:31 [INFO] 🪄 Job started: c8f717b4b10904e63b13d009658d362e7b3e99653f802176a0cda481cf6f84bf
2025-10-28 10:52:32 [INFO] ⏳ Waiting for Textract job to finish for loan3.pdf...
2025-10-28 10:52:37 [INFO] ⏳ Waiting for Textract job to finish for loan3.pdf...
2025-10-28 10:52:42 [INFO] ⏳ Waiting for Textract job to finish for loan3.pdf...
2025-10-28 10:52:49 [INFO] 📄 Retrieved page 1 (1000 blocks)
2025-10-28 10:52:50 [INFO] 📄 Retrieved page 2 (1000 blocks)
2025-10-28 10:52:51 [INFO] 📄 Retrieved page 3 (1000 blocks)
2025-10-28 10:52:53 [INFO] 📄 Retrieved page 4 (1000 blocks)
2025-10-28 10:52:55 [INFO] 📄 Retrieved page 5 (1000 blocks)
2025-10-28 10:52:57 [INFO] 📄 Retrieved page 6 (1000 blocks)
2025-10-28 10:52:58 [INFO] 📄 Retrieved page 7 (1000 blocks)
2025-10-28 10:53:00 [INFO] 📄 Retrieved page 8 (1000 blocks)
2025-10-28 10:53:02 [INFO] 📄 Retrieved page 9 (1000 blocks)
2025-10-28 10:53:04 [INFO] 📄 Retrieved page 10 (881 blocks)
2025-10-28 10:53:04 [INFO] ✅ Total blocks retrieved: 9881 across 10 pages
2025-10-28 10:53:04 [INFO] ✅ Saved Textract output: data/raw\loan3_raw.json (9881 blocks)
2025-10-28 10:53:05 [INFO] ------------------------------------------------------------
2025-10-28 10:53:05 [INFO] 🚀 Starting Textract for: pl_agreement.pdf
2025-10-28 10:53:06 [INFO] 🪄 Job started: b6bb922d35d3266e1aff4f4be87af3714c9761a3cca33231d151700a079313fb
2025-10-28 10:53:06 [INFO] ⏳ Waiting for Textract job to finish for pl_agreement.pdf...
2025-10-28 10:53:11 [INFO] ⏳ Waiting for Textract job to finish for pl_agreement.pdf...
2025-10-28 10:53:16 [INFO] ⏳ Waiting for Textract job to finish for pl_agreement.pdf...
2025-10-28 10:53:22 [INFO] 📄 Retrieved page 1 (1000 blocks)
2025-10-28 10:53:25 [INFO] 📄 Retrieved page 2 (1000 blocks)
2025-10-28 10:53:27 [INFO] 📄 Retrieved page 3 (1000 blocks)
2025-10-28 10:53:29 [INFO] 📄 Retrieved page 4 (1000 blocks)
2025-10-28 10:53:32 [INFO] 📄 Retrieved page 5 (1000 blocks)
2025-10-28 10:53:35 [INFO] 📄 Retrieved page 6 (1000 blocks)
2025-10-28 10:53:37 [INFO] 📄 Retrieved page 7 (1000 blocks)
2025-10-28 10:53:40 [INFO] 📄 Retrieved page 8 (1000 blocks)
2025-10-28 10:53:42 [INFO] 📄 Retrieved page 9 (1000 blocks)
2025-10-28 10:53:45 [INFO] 📄 Retrieved page 10 (1000 blocks)
2025-10-28 10:53:47 [INFO] 📄 Retrieved page 11 (1000 blocks)
2025-10-28 10:53:48 [INFO] 📄 Retrieved page 12 (234 blocks)
2025-10-28 10:53:48 [INFO] ✅ Total blocks retrieved: 11234 across 12 pages
2025-10-28 10:53:49 [INFO] ✅ Saved Textract output: data/raw\pl_agreement_raw.json (11234 blocks)
2025-10-28 10:53:49 [INFO] ------------------------------------------------------------
2025-10-28 10:53:49 [INFO] 🚀 Starting Textract for: specimen-agreement.pdf
2025-10-28 10:53:49 [INFO] 🪄 Job started: 415018c9bb8db02c7b39ee9b9bab0bffc14d6504618dddca0d19009898ba9088
2025-10-28 10:53:49 [INFO] ⏳ Waiting for Textract job to finish for specimen-agreement.pdf...
2025-10-28 10:53:54 [INFO] ⏳ Waiting for Textract job to finish for specimen-agreement.pdf...
2025-10-28 10:54:06 [INFO] 📄 Retrieved page 1 (1000 blocks)
2025-10-28 10:54:09 [INFO] 📄 Retrieved page 2 (1000 blocks)
2025-10-28 10:54:11 [INFO] 📄 Retrieved page 3 (1000 blocks)
2025-10-28 10:54:14 [INFO] 📄 Retrieved page 4 (1000 blocks)
2025-10-28 10:54:17 [INFO] 📄 Retrieved page 5 (1000 blocks)
2025-10-28 10:54:19 [INFO] 📄 Retrieved page 6 (407 blocks)
2025-10-28 10:54:19 [INFO] ✅ Total blocks retrieved: 5407 across 6 pages
2025-10-28 10:54:19 [INFO] ✅ Saved Textract output: data/raw\specimen-agreement_raw.json (5407 blocks)
2025-10-28 10:54:19 [INFO] ------------------------------------------------------------
2025-10-28 10:54:19 [INFO] ✅ Completed Textract for 7 files.
2025-10-28 23:39:44 [WARNING] ⚠️ No PDFs found in S3 bucket.
2025-10-28 21:51:32 [INFO] 🚀 Starting Textract for: dummy.pdf
2025-10-28 21:51:32 [INFO] 🪄 Job started: 1234
2025-10-28 21:51:32 [INFO] ✅ Saved Textract output: data/raw\dummy_raw.json (1 blocks)
2025-10-28 21:51:37 [INFO] 🚀 Starting Textract for: dummy.pdf
2025-10-28 21:51:37 [INFO] 🪄 Job started: 1234
2025-10-28 21:51:37 [INFO] ✅ Saved Textract output: data/raw\dummy_raw.json (1 blocks)
2025-10-29 16:45:41 [WARNING] ⚠️ No PDFs found in S3 bucket.
2025-10-29 17:09:40 [INFO] 🚀 Starting Textract for: Personal-Loan-Agreement.pdf
2025-10-29 17:09:40 [INFO] 🪄 Job started: e3efadc45a2fb44772a9457ed0ab633d6c9199a0fee2fd4d8da14bd83230ae3d
2025-10-29 17:09:40 [INFO] ⏳ Waiting for Textract job to finish for Personal-Loan-Agreement.pdf...
2025-10-29 17:09:45 [INFO] ⏳ Waiting for Textract job to finish for Personal-Loan-Agreement.pdf...
2025-10-29 17:09:50 [INFO] ⏳ Waiting for Textract job to finish for Personal-Loan-Agreement.pdf...
2025-10-29 17:09:56 [INFO] ⏳ Waiting for Textract job to finish for Personal-Loan-Agreement.pdf...
2025-10-29 17:10:01 [INFO] ⏳ Waiting for Textract job to finish for Personal-Loan-Agreement.pdf...
2025-10-29 17:10:06 [INFO] ⏳ Waiting for Textract job to finish for Personal-Loan-Agreement.pdf...
2025-10-29 17:10:13 [INFO] ⏳ Waiting for Textract job to finish for Personal-Loan-Agreement.pdf...
2025-10-29 17:10:18 [INFO] ⏳ Waiting for Textract job to finish for Personal-Loan-Agreement.pdf...
2025-10-29 17:10:23 [INFO] ⏳ Waiting for Textract job to finish for Personal-Loan-Agreement.pdf...
2025-10-29 17:10:29 [INFO] ⏳ Waiting for Textract job to finish for Personal-Loan-Agreement.pdf...
2025-10-29 17:10:34 [INFO] ⏳ Waiting for Textract job to finish for Personal-Loan-Agreement.pdf...
2025-10-29 17:10:40 [INFO] 📄 Retrieved page 1 (1000 blocks)
2025-10-29 17:10:41 [INFO] 📄 Retrieved page 2 (134 blocks)
2025-10-29 17:10:41 [INFO] ✅ Total blocks retrieved: 1134 across 2 pages
2025-10-29 17:10:42 [INFO] ✅ Saved Textract output: data/raw/Personal-Loan-Agreement_raw.json (1134 blocks)
2025-10-29 17:10:42 [INFO] ------------------------------------------------------------
2025-10-29 17:10:42 [INFO] 🚀 Starting Textract for: gss-term-loan-agreement-ccd-5.pdf
2025-10-29 17:10:42 [INFO] 🪄 Job started: 6b6fa0ef7d9369a7f831902b4db6bd2dc58fa181fe72f07cd9f4dedb0f84bcb8
2025-10-29 17:10:42 [INFO] ⏳ Waiting for Textract job to finish for gss-term-loan-agreement-ccd-5.pdf...
2025-10-29 17:10:47 [INFO] ⏳ Waiting for Textract job to finish for gss-term-loan-agreement-ccd-5.pdf...
2025-10-29 17:10:52 [INFO] ⏳ Waiting for Textract job to finish for gss-term-loan-agreement-ccd-5.pdf...
2025-10-29 17:10:59 [INFO] ⏳ Waiting for Textract job to finish for gss-term-loan-agreement-ccd-5.pdf...
2025-10-29 17:11:04 [INFO] ⏳ Waiting for Textract job to finish for gss-term-loan-agreement-ccd-5.pdf...
2025-10-29 17:11:09 [INFO] ⏳ Waiting for Textract job to finish for gss-term-loan-agreement-ccd-5.pdf...
2025-10-29 17:11:14 [INFO] ⏳ Waiting for Textract job to finish for gss-term-loan-agreement-ccd-5.pdf...
2025-10-29 17:11:19 [INFO] ⏳ Waiting for Textract job to finish for gss-term-loan-agreement-ccd-5.pdf...
2025-10-29 17:11:24 [INFO] ⏳ Waiting for Textract job to finish for gss-term-loan-agreement-ccd-5.pdf...
2025-10-29 17:11:31 [INFO] ⏳ Waiting for Textract job to finish for gss-term-loan-agreement-ccd-5.pdf...
2025-10-29 17:11:36 [INFO] ⏳ Waiting for Textract job to finish for gss-term-loan-agreement-ccd-5.pdf...
2025-10-29 17:11:41 [INFO] ⏳ Waiting for Textract job to finish for gss-term-loan-agreement-ccd-5.pdf...
2025-10-29 17:11:46 [INFO] ⏳ Waiting for Textract job to finish for gss-term-loan-agreement-ccd-5.pdf...
2025-10-29 17:11:51 [INFO] ⏳ Waiting for Textract job to finish for gss-term-loan-agreement-ccd-5.pdf...
2025-10-29 17:11:57 [INFO] 📄 Retrieved page 1 (1000 blocks)
2025-10-29 17:11:59 [INFO] 📄 Retrieved page 2 (1000 blocks)
2025-10-29 17:12:03 [INFO] 📄 Retrieved page 3 (1000 blocks)
2025-10-29 17:12:06 [INFO] 📄 Retrieved page 4 (1000 blocks)
2025-10-29 17:12:09 [INFO] 📄 Retrieved page 5 (1000 blocks)
2025-10-29 17:12:13 [INFO] 📄 Retrieved page 6 (1000 blocks)
2025-10-29 17:12:17 [INFO] 📄 Retrieved page 7 (1000 blocks)
2025-10-29 17:12:20 [INFO] 📄 Retrieved page 8 (1000 blocks)
2025-10-29 17:12:24 [INFO] 📄 Retrieved page 9 (1000 blocks)
2025-10-29 17:12:26 [INFO] 📄 Retrieved page 10 (1000 blocks)
2025-10-29 17:12:28 [INFO] 📄 Retrieved page 11 (563 blocks)
2025-10-29 17:12:28 [INFO] ✅ Total blocks retrieved: 10563 across 11 pages
2025-10-29 17:12:30 [INFO] ✅ Saved Textract output: data/raw/gss-term-loan-agreement-ccd-5_raw.json (10563 blocks)
2025-10-29 17:12:30 [INFO] ------------------------------------------------------------
2025-10-29 17:12:30 [INFO] 🚀 Starting Textract for: loan1.pdf
2025-10-29 17:12:31 [INFO] 🪄 Job started: 2c587a4f5dc0a084759a83a2b740a4501d465d5b74237ff550a6e58c53c647f4
2025-10-29 17:12:31 [INFO] ⏳ Waiting for Textract job to finish for loan1.pdf...
2025-10-29 17:12:37 [INFO] ⏳ Waiting for Textract job to finish for loan1.pdf...
2025-10-29 17:12:42 [INFO] ⏳ Waiting for Textract job to finish for loan1.pdf...
2025-10-29 17:12:47 [INFO] ⏳ Waiting for Textract job to finish for loan1.pdf...
2025-10-29 17:12:52 [INFO] ⏳ Waiting for Textract job to finish for loan1.pdf...
2025-10-29 17:13:01 [INFO] 📄 Retrieved page 1 (1000 blocks)
2025-10-29 17:13:05 [INFO] 📄 Retrieved page 2 (1000 blocks)
2025-10-29 17:13:07 [INFO] 📄 Retrieved page 3 (299 blocks)
2025-10-29 17:13:07 [INFO] ✅ Total blocks retrieved: 2299 across 3 pages
2025-10-29 17:13:07 [INFO] ✅ Saved Textract output: data/raw/loan1_raw.json (2299 blocks)
2025-10-29 17:13:07 [INFO] ------------------------------------------------------------
2025-10-29 17:13:07 [INFO] 🚀 Starting Textract for: loan2.pdf
2025-10-29 17:13:07 [INFO] 🪄 Job started: 7fbdaa5ac8b3b139d5b32f38eab11bfb2c315d4869d7345b55137c4f2de82e56
2025-10-29 17:13:07 [INFO] ⏳ Waiting for Textract job to finish for loan2.pdf...
2025-10-29 17:13:12 [INFO] ⏳ Waiting for Textract job to finish for loan2.pdf...
2025-10-29 17:13:17 [INFO] ⏳ Waiting for Textract job to finish for loan2.pdf...
2025-10-29 17:13:22 [INFO] ⏳ Waiting for Textract job to finish for loan2.pdf...
2025-10-29 17:13:30 [INFO] 📄 Retrieved page 1 (1000 blocks)
2025-10-29 17:13:32 [INFO] 📄 Retrieved page 2 (1000 blocks)
2025-10-29 17:13:36 [INFO] 📄 Retrieved page 3 (797 blocks)
2025-10-29 17:13:36 [INFO] ✅ Total blocks retrieved: 2797 across 3 pages
2025-10-29 17:13:36 [INFO] ✅ Saved Textract output: data/raw/loan2_raw.json (2797 blocks)
2025-10-29 17:13:36 [INFO] ------------------------------------------------------------
2025-10-29 17:13:36 [INFO] 🚀 Starting Textract for: loan3.pdf
2025-10-29 17:13:36 [INFO] 🪄 Job started: 813af3fde5b9db669c623e12f641278bbd7c46ee69c1dac65969c6757ee952f8
2025-10-29 17:13:37 [INFO] ⏳ Waiting for Textract job to finish for loan3.pdf...
2025-10-29 17:13:42 [INFO] ⏳ Waiting for Textract job to finish for loan3.pdf...
2025-10-29 17:13:47 [INFO] ⏳ Waiting for Textract job to finish for loan3.pdf...
2025-10-29 17:13:54 [INFO] 📄 Retrieved page 1 (1000 blocks)
2025-10-29 17:13:56 [INFO] 📄 Retrieved page 2 (1000 blocks)
2025-10-29 17:13:58 [INFO] 📄 Retrieved page 3 (1000 blocks)
2025-10-29 17:14:02 [INFO] 📄 Retrieved page 4 (1000 blocks)
2025-10-29 17:14:04 [INFO] 📄 Retrieved page 5 (1000 blocks)
2025-10-29 17:14:08 [INFO] 📄 Retrieved page 6 (1000 blocks)
2025-10-29 17:14:10 [INFO] 📄 Retrieved page 7 (1000 blocks)
2025-10-29 17:14:13 [INFO] 📄 Retrieved page 8 (1000 blocks)
2025-10-29 17:14:16 [INFO] 📄 Retrieved page 9 (1000 blocks)
2025-10-29 17:14:18 [INFO] 📄 Retrieved page 10 (881 blocks)
2025-10-29 17:14:18 [INFO] ✅ Total blocks retrieved: 9881 across 10 pages
2025-10-29 17:14:20 [INFO] ✅ Saved Textract output: data/raw/loan3_raw.json (9881 blocks)
2025-10-29 17:14:20 [INFO] ------------------------------------------------------------
2025-10-29 17:14:20 [INFO] 🚀 Starting Textract for: pl_agreement.pdf
2025-10-29 17:14:20 [INFO] 🪄 Job started: 42db79d8b6ae661ff2ca76137eccb25cf62e9cf25882498cd60c3c13c6bd3462
2025-10-29 17:14:20 [INFO] ⏳ Waiting for Textract job to finish for pl_agreement.pdf...
2025-10-29 17:14:25 [INFO] ⏳ Waiting for Textract job to finish for pl_agreement.pdf...
2025-10-29 17:14:30 [INFO] ⏳ Waiting for Textract job to finish for pl_agreement.pdf...
2025-10-29 17:14:36 [INFO] ⏳ Waiting for Textract job to finish for pl_agreement.pdf...
2025-10-29 17:14:43 [INFO] 📄 Retrieved page 1 (1000 blocks)
2025-10-29 17:14:45 [INFO] 📄 Retrieved page 2 (1000 blocks)
2025-10-29 17:14:47 [INFO] 📄 Retrieved page 3 (1000 blocks)
2025-10-29 17:14:51 [INFO] 📄 Retrieved page 4 (1000 blocks)
2025-10-29 17:14:53 [INFO] 📄 Retrieved page 5 (1000 blocks)
2025-10-29 17:14:56 [INFO] 📄 Retrieved page 6 (1000 blocks)
2025-10-29 17:14:58 [INFO] 📄 Retrieved page 7 (1000 blocks)
2025-10-29 17:15:00 [INFO] 📄 Retrieved page 8 (1000 blocks)
2025-10-29 17:15:03 [INFO] 📄 Retrieved page 9 (1000 blocks)
2025-10-29 17:15:05 [INFO] 📄 Retrieved page 10 (1000 blocks)
2025-10-29 17:15:10 [INFO] 📄 Retrieved page 11 (1000 blocks)
2025-10-29 17:15:12 [INFO] 📄 Retrieved page 12 (234 blocks)
2025-10-29 17:15:12 [INFO] ✅ Total blocks retrieved: 11234 across 12 pages
2025-10-29 17:15:13 [INFO] ✅ Saved Textract output: data/raw/pl_agreement_raw.json (11234 blocks)
2025-10-29 17:15:13 [INFO] ------------------------------------------------------------
2025-10-29 17:15:13 [INFO] 🚀 Starting Textract for: specimen-agreement.pdf
2025-10-29 17:15:14 [INFO] 🪄 Job started: 4045b0053ac5389369be73589d48dede1cea27fe80f2ffb5feb67acafcd7bbda
2025-10-29 17:15:14 [INFO] ⏳ Waiting for Textract job to finish for specimen-agreement.pdf...
2025-10-29 17:15:19 [INFO] ⏳ Waiting for Textract job to finish for specimen-agreement.pdf...
2025-10-29 17:15:27 [INFO] 📄 Retrieved page 1 (1000 blocks)
2025-10-29 17:15:29 [INFO] 📄 Retrieved page 2 (1000 blocks)
2025-10-29 17:15:30 [INFO] 📄 Retrieved page 3 (1000 blocks)
2025-10-29 17:15:32 [INFO] 📄 Retrieved page 4 (1000 blocks)
2025-10-29 17:15:34 [INFO] 📄 Retrieved page 5 (1000 blocks)
2025-10-29 17:15:35 [INFO] 📄 Retrieved page 6 (407 blocks)
2025-10-29 17:15:35 [INFO] ✅ Total blocks retrieved: 5407 across 6 pages
2025-10-29 17:15:36 [INFO] ✅ Saved Textract output: data/raw/specimen-agreement_raw.json (5407 blocks)
2025-10-29 17:15:36 [INFO] ------------------------------------------------------------
2025-10-29 17:15:36 [INFO] ✅ Completed Textract for 7 files.
2025-10-29 17:27:33 [INFO] 🚀 Starting Textract for: Personal-Loan-Agreement.pdf
2025-10-29 17:27:34 [INFO] 🪄 Job started: 885b49fba8edcb328c878c1c169efe1e320c19deb36fb24ab83b42282d3802f6
2025-10-29 17:27:34 [INFO] ⏳ Waiting for Textract job to finish for Personal-Loan-Agreement.pdf...
2025-10-29 17:27:39 [INFO] ⏳ Waiting for Textract job to finish for Personal-Loan-Agreement.pdf...
2025-10-29 17:27:48 [INFO] 📄 Retrieved page 1 (1000 blocks)
2025-10-29 17:27:50 [INFO] 📄 Retrieved page 2 (134 blocks)
2025-10-29 17:27:50 [INFO] ✅ Total blocks retrieved: 1134 across 2 pages
2025-10-29 17:27:50 [INFO] ✅ Saved Textract output: data/raw/Personal-Loan-Agreement_raw.json (1134 blocks)
2025-10-29 17:27:50 [INFO] ------------------------------------------------------------
2025-10-29 17:27:50 [INFO] 🚀 Starting Textract for: gss-term-loan-agreement-ccd-5.pdf
2025-10-29 17:27:50 [INFO] 🪄 Job started: 8bef73dc228447d5f3aa8344a0bba99e31168668de8474eb7d75ddff296ef631
2025-10-29 17:27:50 [INFO] ⏳ Waiting for Textract job to finish for gss-term-loan-agreement-ccd-5.pdf...
2025-10-29 17:27:55 [INFO] ⏳ Waiting for Textract job to finish for gss-term-loan-agreement-ccd-5.pdf...
2025-10-29 17:28:00 [INFO] ⏳ Waiting for Textract job to finish for gss-term-loan-agreement-ccd-5.pdf...
2025-10-29 17:28:06 [INFO] ⏳ Waiting for Textract job to finish for gss-term-loan-agreement-ccd-5.pdf...
2025-10-29 17:28:11 [INFO] ⏳ Waiting for Textract job to finish for gss-term-loan-agreement-ccd-5.pdf...
2025-10-29 17:28:23 [INFO] 📄 Retrieved page 1 (1000 blocks)
2025-10-29 17:28:26 [INFO] 📄 Retrieved page 2 (1000 blocks)
2025-10-29 17:28:29 [INFO] 📄 Retrieved page 3 (1000 blocks)
2025-10-29 17:28:32 [INFO] 📄 Retrieved page 4 (1000 blocks)
2025-10-29 17:28:35 [INFO] 📄 Retrieved page 5 (1000 blocks)
2025-10-29 17:28:37 [INFO] 📄 Retrieved page 6 (1000 blocks)
2025-10-29 17:28:39 [INFO] 📄 Retrieved page 7 (1000 blocks)
2025-10-29 17:28:41 [INFO] 📄 Retrieved page 8 (1000 blocks)
2025-10-29 17:28:43 [INFO] 📄 Retrieved page 9 (1000 blocks)
2025-10-29 17:28:44 [INFO] 📄 Retrieved page 10 (1000 blocks)
2025-10-29 17:28:46 [INFO] 📄 Retrieved page 11 (563 blocks)
2025-10-29 17:28:46 [INFO] ✅ Total blocks retrieved: 10563 across 11 pages
2025-10-29 17:28:48 [INFO] ✅ Saved Textract output: data/raw/gss-term-loan-agreement-ccd-5_raw.json (10563 blocks)
2025-10-29 17:28:48 [INFO] ------------------------------------------------------------
2025-10-29 17:28:48 [INFO] 🚀 Starting Textract for: loan1.pdf
2025-10-29 17:28:48 [INFO] 🪄 Job started: 0c734530e8072ea3468e7414fd9a04ac459cb59d847dee11fd48a163f423094c
2025-10-29 17:28:48 [INFO] ⏳ Waiting for Textract job to finish for loan1.pdf...
2025-10-29 17:28:55 [INFO] ⏳ Waiting for Textract job to finish for loan1.pdf...
2025-10-29 17:29:02 [INFO] 📄 Retrieved page 1 (1000 blocks)
2025-10-29 17:29:04 [INFO] 📄 Retrieved page 2 (1000 blocks)
2025-10-29 17:29:06 [INFO] 📄 Retrieved page 3 (299 blocks)
2025-10-29 17:29:06 [INFO] ✅ Total blocks retrieved: 2299 across 3 pages
2025-10-29 17:29:06 [INFO] ✅ Saved Textract output: data/raw/loan1_raw.json (2299 blocks)
2025-10-29 17:29:06 [INFO] ------------------------------------------------------------
2025-10-29 17:29:06 [INFO] 🚀 Starting Textract for: loan2.pdf
2025-10-29 17:29:06 [INFO] 🪄 Job started: 3a99cec096c535ab798e1eea20e1628f19d77d9c8cf8423448e3855a1e44d716
2025-10-29 17:29:06 [INFO] ⏳ Waiting for Textract job to finish for loan2.pdf...
2025-10-29 17:29:11 [INFO] ⏳ Waiting for Textract job to finish for loan2.pdf...
2025-10-29 17:29:17 [INFO] 📄 Retrieved page 1 (1000 blocks)
2025-10-29 17:29:18 [INFO] 📄 Retrieved page 2 (1000 blocks)
2025-10-29 17:29:21 [INFO] 📄 Retrieved page 3 (797 blocks)
2025-10-29 17:29:21 [INFO] ✅ Total blocks retrieved: 2797 across 3 pages
2025-10-29 17:29:22 [INFO] ✅ Saved Textract output: data/raw/loan2_raw.json (2797 blocks)
2025-10-29 17:29:22 [INFO] ------------------------------------------------------------
2025-10-29 17:29:22 [INFO] 🚀 Starting Textract for: loan3.pdf
2025-10-29 17:29:22 [INFO] 🪄 Job started: de801a2ac36b41b7e6e338630115fbf082dc9294e6fae4c5f369cf7919bf1524
2025-10-29 17:29:22 [INFO] ⏳ Waiting for Textract job to finish for loan3.pdf...
2025-10-29 17:29:28 [INFO] ⏳ Waiting for Textract job to finish for loan3.pdf...
2025-10-29 17:29:33 [INFO] ⏳ Waiting for Textract job to finish for loan3.pdf...
2025-10-29 17:29:39 [INFO] 📄 Retrieved page 1 (1000 blocks)
2025-10-29 17:29:40 [INFO] 📄 Retrieved page 2 (1000 blocks)
2025-10-29 17:29:42 [INFO] 📄 Retrieved page 3 (1000 blocks)
2025-10-29 17:29:44 [INFO] 📄 Retrieved page 4 (1000 blocks)
2025-10-29 17:29:46 [INFO] 📄 Retrieved page 5 (1000 blocks)
2025-10-29 17:29:49 [INFO] 📄 Retrieved page 6 (1000 blocks)
2025-10-29 17:29:52 [INFO] 📄 Retrieved page 7 (1000 blocks)
2025-10-29 17:29:56 [INFO] 📄 Retrieved page 8 (1000 blocks)
2025-10-29 17:29:58 [INFO] 📄 Retrieved page 9 (1000 blocks)
2025-10-29 17:30:00 [INFO] 📄 Retrieved page 10 (881 blocks)
2025-10-29 17:30:00 [INFO] ✅ Total blocks retrieved: 9881 across 10 pages
2025-10-29 17:30:02 [INFO] ✅ Saved Textract output: data/raw/loan3_raw.json (9881 blocks)
2025-10-29 17:30:02 [INFO] ------------------------------------------------------------
2025-10-29 17:30:02 [INFO] 🚀 Starting Textract for: pl_agreement.pdf
2025-10-29 17:30:02 [INFO] 🪄 Job started: 81435d822f29147488e5e57ca8880b5f603e66b0bbc2aee34e768ab03540c1de
2025-10-29 17:30:02 [INFO] ⏳ Waiting for Textract job to finish for pl_agreement.pdf...
2025-10-29 17:30:07 [INFO] ⏳ Waiting for Textract job to finish for pl_agreement.pdf...
2025-10-29 17:30:12 [INFO] ⏳ Waiting for Textract job to finish for pl_agreement.pdf...
2025-10-29 17:30:22 [INFO] 📄 Retrieved page 1 (1000 blocks)
2025-10-29 17:30:26 [INFO] 📄 Retrieved page 2 (1000 blocks)
2025-10-29 17:30:28 [INFO] 📄 Retrieved page 3 (1000 blocks)
2025-10-29 17:30:30 [INFO] 📄 Retrieved page 4 (1000 blocks)
2025-10-29 17:30:32 [INFO] 📄 Retrieved page 5 (1000 blocks)
2025-10-29 17:30:35 [INFO] 📄 Retrieved page 6 (1000 blocks)
2025-10-29 17:30:37 [INFO] 📄 Retrieved page 7 (1000 blocks)
2025-10-29 17:30:39 [INFO] 📄 Retrieved page 8 (1000 blocks)
2025-10-29 17:30:41 [INFO] 📄 Retrieved page 9 (1000 blocks)
2025-10-29 17:30:44 [INFO] 📄 Retrieved page 10 (1000 blocks)
2025-10-29 17:30:47 [INFO] 📄 Retrieved page 11 (1000 blocks)
2025-10-29 17:30:48 [INFO] 📄 Retrieved page 12 (234 blocks)
2025-10-29 17:30:48 [INFO] ✅ Total blocks retrieved: 11234 across 12 pages
2025-10-29 17:30:50 [INFO] ✅ Saved Textract output: data/raw/pl_agreement_raw.json (11234 blocks)
2025-10-29 17:30:50 [INFO] ------------------------------------------------------------
2025-10-29 17:30:50 [INFO] 🚀 Starting Textract for: specimen-agreement.pdf
2025-10-29 17:30:50 [INFO] 🪄 Job started: 5f29660af4fa52c14aacaf6b974698a6c2234b0c13485f5da3865574cf7c7736
2025-10-29 17:30:50 [INFO] ⏳ Waiting for Textract job to finish for specimen-agreement.pdf...
2025-10-29 17:30:57 [INFO] ⏳ Waiting for Textract job to finish for specimen-agreement.pdf...
2025-10-29 17:31:02 [INFO] ⏳ Waiting for Textract job to finish for specimen-agreement.pdf...
2025-10-29 17:31:07 [INFO] ⏳ Waiting for Textract job to finish for specimen-agreement.pdf...
2025-10-29 17:31:12 [INFO] ⏳ Waiting for Textract job to finish for specimen-agreement.pdf...
2025-10-29 17:31:17 [INFO] ⏳ Waiting for Textract job to finish for specimen-agreement.pdf...
2025-10-29 17:31:24 [INFO] 📄 Retrieved page 1 (1000 blocks)
2025-10-29 17:31:25 [INFO] 📄 Retrieved page 2 (1000 blocks)
2025-10-29 17:31:29 [INFO] 📄 Retrieved page 3 (1000 blocks)
2025-10-29 17:31:33 [INFO] 📄 Retrieved page 4 (1000 blocks)
2025-10-29 17:31:35 [INFO] 📄 Retrieved page 5 (1000 blocks)
2025-10-29 17:31:37 [INFO] 📄 Retrieved page 6 (407 blocks)
2025-10-29 17:31:37 [INFO] ✅ Total blocks retrieved: 5407 across 6 pages
2025-10-29 17:31:38 [INFO] ✅ Saved Textract output: data/raw/specimen-agreement_raw.json (5407 blocks)
2025-10-29 17:31:38 [INFO] ------------------------------------------------------------
2025-10-29 17:31:38 [INFO] ✅ Completed Textract for 7 files.
2025-10-29 17:50:44 [INFO] 🚀 Starting Textract for: Personal-Loan-Agreement.pdf
2025-10-29 17:50:45 [INFO] 🪄 Job started: 76c4f56ef582a2ca9a73d43f0d89cef607fca59e8634e60d219bce7c825d4499
2025-10-29 17:50:45 [INFO] ⏳ Waiting for Textract job to finish for Personal-Loan-Agreement.pdf...
2025-10-29 17:50:50 [INFO] ⏳ Waiting for Textract job to finish for Personal-Loan-Agreement.pdf...
2025-10-29 17:50:55 [INFO] ⏳ Waiting for Textract job to finish for Personal-Loan-Agreement.pdf...
2025-10-29 17:51:02 [INFO] ⏳ Waiting for Textract job to finish for Personal-Loan-Agreement.pdf...
2025-10-29 17:51:07 [INFO] ⏳ Waiting for Textract job to finish for Personal-Loan-Agreement.pdf...
2025-10-29 17:51:12 [INFO] ⏳ Waiting for Textract job to finish for Personal-Loan-Agreement.pdf...
2025-10-29 17:51:17 [INFO] ⏳ Waiting for Textract job to finish for Personal-Loan-Agreement.pdf...
2025-10-29 17:51:23 [INFO] 📄 Retrieved page 1 (1000 blocks)
2025-10-29 17:51:25 [INFO] 📄 Retrieved page 2 (134 blocks)
2025-10-29 17:51:25 [INFO] ✅ Total blocks retrieved: 1134 across 2 pages
2025-10-29 17:51:25 [INFO] ✅ Saved Textract output: data/raw/Personal-Loan-Agreement_raw.json (1134 blocks)
2025-10-29 17:51:25 [INFO] ------------------------------------------------------------
2025-10-29 17:51:25 [INFO] 🚀 Starting Textract for: gss-term-loan-agreement-ccd-5.pdf
2025-10-29 17:51:25 [INFO] 🪄 Job started: 83937f1116e24d9a132dd5f95782efbc0dde48bc12140d5a636b1439b0c247d5
2025-10-29 17:51:25 [INFO] ⏳ Waiting for Textract job to finish for gss-term-loan-agreement-ccd-5.pdf...
2025-10-29 17:51:32 [INFO] ⏳ Waiting for Textract job to finish for gss-term-loan-agreement-ccd-5.pdf...
2025-10-29 17:51:37 [INFO] ⏳ Waiting for Textract job to finish for gss-term-loan-agreement-ccd-5.pdf...
2025-10-29 17:51:42 [INFO] ⏳ Waiting for Textract job to finish for gss-term-loan-agreement-ccd-5.pdf...
2025-10-29 17:51:47 [INFO] ⏳ Waiting for Textract job to finish for gss-term-loan-agreement-ccd-5.pdf...
2025-10-29 17:51:52 [INFO] ⏳ Waiting for Textract job to finish for gss-term-loan-agreement-ccd-5.pdf...
2025-10-29 17:51:57 [INFO] ⏳ Waiting for Textract job to finish for gss-term-loan-agreement-ccd-5.pdf...
2025-10-29 17:52:04 [INFO] ⏳ Waiting for Textract job to finish for gss-term-loan-agreement-ccd-5.pdf...
2025-10-29 17:52:09 [INFO] ⏳ Waiting for Textract job to finish for gss-term-loan-agreement-ccd-5.pdf...
2025-10-29 17:52:14 [INFO] ⏳ Waiting for Textract job to finish for gss-term-loan-agreement-ccd-5.pdf...
2025-10-29 17:52:19 [INFO] ⏳ Waiting for Textract job to finish for gss-term-loan-agreement-ccd-5.pdf...
2025-10-29 17:52:25 [INFO] 📄 Retrieved page 1 (1000 blocks)
2025-10-29 17:52:26 [INFO] 📄 Retrieved page 2 (1000 blocks)
2025-10-29 17:52:28 [INFO] 📄 Retrieved page 3 (1000 blocks)
2025-10-29 17:52:29 [INFO] 📄 Retrieved page 4 (1000 blocks)
2025-10-29 17:52:31 [INFO] 📄 Retrieved page 5 (1000 blocks)
2025-10-29 17:52:34 [INFO] 📄 Retrieved page 6 (1000 blocks)
2025-10-29 17:52:36 [INFO] 📄 Retrieved page 7 (1000 blocks)
2025-10-29 17:52:37 [INFO] 📄 Retrieved page 8 (1000 blocks)
2025-10-29 17:52:39 [INFO] 📄 Retrieved page 9 (1000 blocks)
2025-10-29 17:52:41 [INFO] 📄 Retrieved page 10 (1000 blocks)
2025-10-29 17:52:43 [INFO] 📄 Retrieved page 11 (563 blocks)
2025-10-29 17:52:43 [INFO] ✅ Total blocks retrieved: 10563 across 11 pages
2025-10-29 17:52:44 [INFO] ✅ Saved Textract output: data/raw/gss-term-loan-agreement-ccd-5_raw.json (10563 blocks)
2025-10-29 17:52:44 [INFO] ------------------------------------------------------------
2025-10-29 17:52:44 [INFO] 🚀 Starting Textract for: loan1.pdf
2025-10-29 17:52:45 [INFO] 🪄 Job started: 74850b636c78e109146c91943547117c7068af75adb37ad3754e2e3c1b531348
2025-10-29 17:52:45 [INFO] ⏳ Waiting for Textract job to finish for loan1.pdf...
2025-10-29 17:52:50 [INFO] ⏳ Waiting for Textract job to finish for loan1.pdf...
2025-10-29 17:52:58 [INFO] 📄 Retrieved page 1 (1000 blocks)
2025-10-29 17:53:00 [INFO] 📄 Retrieved page 2 (1000 blocks)
2025-10-29 17:53:02 [INFO] 📄 Retrieved page 3 (299 blocks)
2025-10-29 17:53:02 [INFO] ✅ Total blocks retrieved: 2299 across 3 pages
2025-10-29 17:53:02 [INFO] ✅ Saved Textract output: data/raw/loan1_raw.json (2299 blocks)
2025-10-29 17:53:02 [INFO] ------------------------------------------------------------
2025-10-29 17:53:02 [INFO] 🚀 Starting Textract for: loan2.pdf
2025-10-29 17:53:02 [INFO] 🪄 Job started: 3cbc57937cf2fea5e832486c7b1691ab3e90427f18412f868cbc8633af02255b
2025-10-29 17:53:02 [INFO] ⏳ Waiting for Textract job to finish for loan2.pdf...
2025-10-29 17:53:09 [INFO] ⏳ Waiting for Textract job to finish for loan2.pdf...
2025-10-29 17:53:17 [INFO] 📄 Retrieved page 1 (1000 blocks)
2025-10-29 17:53:19 [INFO] 📄 Retrieved page 2 (1000 blocks)
2025-10-29 17:53:21 [INFO] 📄 Retrieved page 3 (797 blocks)
2025-10-29 17:53:21 [INFO] ✅ Total blocks retrieved: 2797 across 3 pages
2025-10-29 17:53:22 [INFO] ✅ Saved Textract output: data/raw/loan2_raw.json (2797 blocks)
2025-10-29 17:53:22 [INFO] ------------------------------------------------------------
2025-10-29 17:53:22 [INFO] 🚀 Starting Textract for: loan3.pdf
2025-10-29 17:53:22 [INFO] 🪄 Job started: d3482a56ecbe18349c7dde14a93ca69a8bdaebab0a83b7a9ef5c505f53ed3fa7
2025-10-29 17:53:22 [INFO] ⏳ Waiting for Textract job to finish for loan3.pdf...
2025-10-29 17:53:27 [INFO] ⏳ Waiting for Textract job to finish for loan3.pdf...
2025-10-29 17:53:32 [INFO] ⏳ Waiting for Textract job to finish for loan3.pdf...
2025-10-29 17:53:40 [INFO] 📄 Retrieved page 1 (1000 blocks)
2025-10-29 17:53:42 [INFO] 📄 Retrieved page 2 (1000 blocks)
2025-10-29 17:53:43 [WARNING] ⚠️ Unexpected error: An HTTP Client raised an unhandled exception: Task received SIGTERM signal, retrying in 5s...
2025-10-29 17:56:41 [INFO] 🚀 Starting Textract for: Personal-Loan-Agreement.pdf
2025-10-29 17:56:43 [INFO] 🪄 Job started: 177203a37a665a78defb2cecb4147c5ca61aa14e02a265c9733f936446ed65bc
2025-10-29 17:56:43 [INFO] ⏳ Waiting for Textract job to finish for Personal-Loan-Agreement.pdf...
2025-10-29 17:56:49 [INFO] ⏳ Waiting for Textract job to finish for Personal-Loan-Agreement.pdf...
2025-10-29 17:56:57 [INFO] 📄 Retrieved page 1 (1000 blocks)
2025-10-29 17:56:58 [INFO] 📄 Retrieved page 2 (134 blocks)
2025-10-29 17:56:58 [INFO] ✅ Total blocks retrieved: 1134 across 2 pages
2025-10-29 17:56:58 [INFO] ✅ Saved Textract output: data/raw/Personal-Loan-Agreement_raw.json (1134 blocks)
2025-10-29 17:56:58 [INFO] ------------------------------------------------------------
2025-10-29 17:56:58 [INFO] 🚀 Starting Textract for: gss-term-loan-agreement-ccd-5.pdf
2025-10-29 17:56:59 [INFO] 🪄 Job started: 9c8efe1101e6eef84acd338ccb7d95a3eb0b1fef8ecb3c0cabdf77bda5945c75
2025-10-29 17:56:59 [INFO] ⏳ Waiting for Textract job to finish for gss-term-loan-agreement-ccd-5.pdf...
2025-10-29 17:57:04 [INFO] ⏳ Waiting for Textract job to finish for gss-term-loan-agreement-ccd-5.pdf...
2025-10-29 17:57:09 [INFO] ⏳ Waiting for Textract job to finish for gss-term-loan-agreement-ccd-5.pdf...
2025-10-29 17:57:14 [INFO] ⏳ Waiting for Textract job to finish for gss-term-loan-agreement-ccd-5.pdf...
2025-10-29 17:57:21 [INFO] ⏳ Waiting for Textract job to finish for gss-term-loan-agreement-ccd-5.pdf...
2025-10-29 17:57:27 [INFO] 📄 Retrieved page 1 (1000 blocks)
2025-10-29 17:57:29 [INFO] 📄 Retrieved page 2 (1000 blocks)
2025-10-29 17:57:31 [INFO] 📄 Retrieved page 3 (1000 blocks)
2025-10-29 17:57:34 [INFO] 📄 Retrieved page 4 (1000 blocks)
2025-10-29 17:57:36 [INFO] 📄 Retrieved page 5 (1000 blocks)
2025-10-29 17:57:39 [INFO] 📄 Retrieved page 6 (1000 blocks)
2025-10-29 17:57:42 [INFO] 📄 Retrieved page 7 (1000 blocks)
2025-10-29 17:57:44 [INFO] 📄 Retrieved page 8 (1000 blocks)
2025-10-29 17:57:47 [INFO] 📄 Retrieved page 9 (1000 blocks)
2025-10-29 17:57:52 [INFO] 📄 Retrieved page 10 (1000 blocks)
2025-10-29 17:57:54 [INFO] 📄 Retrieved page 11 (563 blocks)
2025-10-29 17:57:54 [INFO] ✅ Total blocks retrieved: 10563 across 11 pages
2025-10-29 17:57:57 [INFO] ✅ Saved Textract output: data/raw/gss-term-loan-agreement-ccd-5_raw.json (10563 blocks)
2025-10-29 17:57:57 [INFO] ------------------------------------------------------------
2025-10-29 17:57:57 [INFO] 🚀 Starting Textract for: loan1.pdf
2025-10-29 17:57:58 [INFO] 🪄 Job started: 2b621b0f80a76200892718158173d3b4cd18dac33e6a3b72e87a6425ff2cbb0c
2025-10-29 17:57:58 [INFO] ⏳ Waiting for Textract job to finish for loan1.pdf...
2025-10-29 17:58:03 [INFO] ⏳ Waiting for Textract job to finish for loan1.pdf...
2025-10-29 17:58:08 [INFO] ⏳ Waiting for Textract job to finish for loan1.pdf...
2025-10-29 17:58:13 [INFO] ⏳ Waiting for Textract job to finish for loan1.pdf...
2025-10-29 17:58:18 [INFO] ⏳ Waiting for Textract job to finish for loan1.pdf...
2025-10-29 17:58:25 [INFO] ⏳ Waiting for Textract job to finish for loan1.pdf...
2025-10-29 17:58:30 [INFO] ⏳ Waiting for Textract job to finish for loan1.pdf...
2025-10-29 17:58:35 [INFO] ⏳ Waiting for Textract job to finish for loan1.pdf...
2025-10-29 17:58:41 [INFO] 📄 Retrieved page 1 (1000 blocks)
2025-10-29 17:58:45 [INFO] 📄 Retrieved page 2 (1000 blocks)
2025-10-29 17:58:47 [INFO] 📄 Retrieved page 3 (299 blocks)
2025-10-29 17:58:47 [INFO] ✅ Total blocks retrieved: 2299 across 3 pages
2025-10-29 17:58:47 [INFO] ✅ Saved Textract output: data/raw/loan1_raw.json (2299 blocks)
2025-10-29 17:58:48 [INFO] ------------------------------------------------------------
2025-10-29 17:58:48 [INFO] 🚀 Starting Textract for: loan2.pdf
2025-10-29 17:58:48 [INFO] 🪄 Job started: bcc1f9d71230673459b1bc02f7e234afd4ce01d526ee6bf25a51761d10f6e52c
2025-10-29 17:58:48 [INFO] ⏳ Waiting for Textract job to finish for loan2.pdf...
2025-10-29 17:58:54 [INFO] ⏳ Waiting for Textract job to finish for loan2.pdf...
2025-10-29 17:58:59 [INFO] ⏳ Waiting for Textract job to finish for loan2.pdf...
2025-10-29 17:59:04 [INFO] ⏳ Waiting for Textract job to finish for loan2.pdf...
2025-10-29 17:59:14 [INFO] 📄 Retrieved page 1 (1000 blocks)
2025-10-29 17:59:16 [INFO] 📄 Retrieved page 2 (1000 blocks)
2025-10-29 17:59:19 [INFO] 📄 Retrieved page 3 (797 blocks)
2025-10-29 17:59:19 [INFO] ✅ Total blocks retrieved: 2797 across 3 pages
2025-10-29 17:59:19 [INFO] ✅ Saved Textract output: data/raw/loan2_raw.json (2797 blocks)
2025-10-29 17:59:19 [INFO] ------------------------------------------------------------
2025-10-29 17:59:20 [INFO] 🚀 Starting Textract for: loan3.pdf
2025-10-29 17:59:20 [INFO] 🪄 Job started: 53d5f493fb88fb58ec87e98a2774df83381d6019d9c231bd8ba8f994f89d45bc
2025-10-29 17:59:20 [INFO] ⏳ Waiting for Textract job to finish for loan3.pdf...
2025-10-29 17:59:26 [INFO] ⏳ Waiting for Textract job to finish for loan3.pdf...
2025-10-29 17:59:31 [INFO] ⏳ Waiting for Textract job to finish for loan3.pdf...
2025-10-29 17:59:39 [INFO] 📄 Retrieved page 1 (1000 blocks)
2025-10-29 17:59:41 [INFO] 📄 Retrieved page 2 (1000 blocks)
2025-10-29 17:59:43 [INFO] 📄 Retrieved page 3 (1000 blocks)
2025-10-29 17:59:46 [INFO] 📄 Retrieved page 4 (1000 blocks)
2025-10-29 17:59:48 [INFO] 📄 Retrieved page 5 (1000 blocks)
2025-10-29 17:59:50 [INFO] 📄 Retrieved page 6 (1000 blocks)
2025-10-29 17:59:54 [INFO] 📄 Retrieved page 7 (1000 blocks)
2025-10-29 17:59:58 [INFO] 📄 Retrieved page 8 (1000 blocks)
2025-10-29 18:00:01 [INFO] 📄 Retrieved page 9 (1000 blocks)
2025-10-29 18:00:03 [INFO] 📄 Retrieved page 10 (881 blocks)
2025-10-29 18:00:03 [INFO] ✅ Total blocks retrieved: 9881 across 10 pages
2025-10-29 18:00:07 [INFO] ✅ Saved Textract output: data/raw/loan3_raw.json (9881 blocks)
2025-10-29 18:00:07 [INFO] ------------------------------------------------------------
2025-10-29 18:00:07 [INFO] 🚀 Starting Textract for: pl_agreement.pdf
2025-10-29 18:00:07 [INFO] 🪄 Job started: e3f11c53b9ae058177b35eb4eeed53f0510eddc92b0859b3f2042ebe67a62286
2025-10-29 18:00:07 [INFO] ⏳ Waiting for Textract job to finish for pl_agreement.pdf...
2025-10-29 18:00:12 [INFO] ⏳ Waiting for Textract job to finish for pl_agreement.pdf...
2025-10-29 18:00:17 [INFO] ⏳ Waiting for Textract job to finish for pl_agreement.pdf...
2025-10-29 18:00:24 [INFO] 📄 Retrieved page 1 (1000 blocks)
2025-10-29 18:00:26 [INFO] 📄 Retrieved page 2 (1000 blocks)
2025-10-29 18:00:31 [INFO] 📄 Retrieved page 3 (1000 blocks)
2025-10-29 18:00:33 [INFO] 📄 Retrieved page 4 (1000 blocks)
2025-10-29 18:00:36 [INFO] 📄 Retrieved page 5 (1000 blocks)
2025-10-29 18:00:37 [INFO] 📄 Retrieved page 6 (1000 blocks)
2025-10-29 18:00:40 [INFO] 📄 Retrieved page 7 (1000 blocks)
2025-10-29 18:00:42 [INFO] 📄 Retrieved page 8 (1000 blocks)
2025-10-29 18:00:45 [INFO] 📄 Retrieved page 9 (1000 blocks)
2025-10-29 18:00:47 [INFO] 📄 Retrieved page 10 (1000 blocks)
2025-10-29 18:00:50 [INFO] 📄 Retrieved page 11 (1000 blocks)
2025-10-29 18:00:51 [INFO] 📄 Retrieved page 12 (234 blocks)
2025-10-29 18:00:51 [INFO] ✅ Total blocks retrieved: 11234 across 12 pages
2025-10-29 18:00:55 [INFO] ✅ Saved Textract output: data/raw/pl_agreement_raw.json (11234 blocks)
2025-10-29 18:00:55 [INFO] ------------------------------------------------------------
2025-10-29 18:00:55 [INFO] 🚀 Starting Textract for: specimen-agreement.pdf
2025-10-29 18:00:55 [INFO] 🪄 Job started: a7ef7716c35a180945fbdbeef68c913092172ebfa9678a2f883d27af1065e7e8
2025-10-29 18:00:55 [INFO] ⏳ Waiting for Textract job to finish for specimen-agreement.pdf...
2025-10-29 18:01:02 [INFO] ⏳ Waiting for Textract job to finish for specimen-agreement.pdf...
2025-10-29 18:01:07 [INFO] ⏳ Waiting for Textract job to finish for specimen-agreement.pdf...
2025-10-29 18:01:13 [INFO] ⏳ Waiting for Textract job to finish for specimen-agreement.pdf...
2025-10-29 18:01:18 [INFO] ⏳ Waiting for Textract job to finish for specimen-agreement.pdf...
2025-10-29 18:01:26 [INFO] 📄 Retrieved page 1 (1000 blocks)
2025-10-29 18:01:28 [INFO] 📄 Retrieved page 2 (1000 blocks)
2025-10-29 18:01:30 [INFO] 📄 Retrieved page 3 (1000 blocks)
2025-10-29 18:01:34 [INFO] 📄 Retrieved page 4 (1000 blocks)
2025-10-29 18:01:37 [INFO] 📄 Retrieved page 5 (1000 blocks)
2025-10-29 18:01:38 [INFO] 📄 Retrieved page 6 (407 blocks)
2025-10-29 18:01:38 [INFO] ✅ Total blocks retrieved: 5407 across 6 pages
2025-10-29 18:01:40 [INFO] ✅ Saved Textract output: data/raw/specimen-agreement_raw.json (5407 blocks)
2025-10-29 18:01:40 [INFO] ------------------------------------------------------------
2025-10-29 18:01:40 [INFO] ✅ Completed Textract for 7 files.
2025-10-29 15:25:28 [INFO] [run_textract] 🚀 Starting Textract for: Personal-Loan-Agreement.pdf
2025-10-29 15:25:28 [INFO] [run_textract] 🪄 Job started: 424ac63203fa1c95fd89250c145f88e1d19a9c1478f59182624f022281792b25
2025-10-29 15:25:28 [INFO] [run_textract] ⏳ Waiting for Textract job to finish for Personal-Loan-Agreement.pdf...
2025-10-29 15:25:33 [INFO] [run_textract] ⏳ Waiting for Textract job to finish for Personal-Loan-Agreement.pdf...
2025-10-29 15:25:39 [INFO] [run_textract] 📄 Retrieved page 1 (1000 blocks)
2025-10-29 15:25:40 [INFO] [run_textract] 📄 Retrieved page 2 (134 blocks)
2025-10-29 15:25:40 [INFO] [run_textract] ✅ Total blocks retrieved: 1134 across 2 pages
2025-10-29 15:25:40 [INFO] [run_textract] ✅ Saved Textract output: data/raw/Personal-Loan-Agreement_raw.json (1134 blocks)
2025-10-29 15:25:40 [INFO] [run_textract] ------------------------------------------------------------
2025-10-29 15:25:40 [INFO] [run_textract] 🚀 Starting Textract for: gss-term-loan-agreement-ccd-5.pdf
2025-10-29 15:25:40 [INFO] [run_textract] 🪄 Job started: 8b41bf452af8fb836eada4c201f1cf46941248b1473789a2f0b940b59aa68ab2
2025-10-29 15:25:40 [INFO] [run_textract] ⏳ Waiting for Textract job to finish for gss-term-loan-agreement-ccd-5.pdf...
2025-10-29 15:25:47 [INFO] [run_textract] ⏳ Waiting for Textract job to finish for gss-term-loan-agreement-ccd-5.pdf...
2025-10-29 15:25:52 [INFO] [run_textract] ⏳ Waiting for Textract job to finish for gss-term-loan-agreement-ccd-5.pdf...
2025-10-29 15:26:00 [INFO] [run_textract] 📄 Retrieved page 1 (1000 blocks)
2025-10-29 15:26:01 [INFO] [run_textract] 📄 Retrieved page 2 (1000 blocks)
2025-10-29 15:26:03 [INFO] [run_textract] 📄 Retrieved page 3 (1000 blocks)
2025-10-29 15:26:05 [INFO] [run_textract] 📄 Retrieved page 4 (1000 blocks)
2025-10-29 15:26:07 [INFO] [run_textract] 📄 Retrieved page 5 (1000 blocks)
2025-10-29 15:26:08 [INFO] [run_textract] 📄 Retrieved page 6 (1000 blocks)
2025-10-29 15:26:10 [INFO] [run_textract] 📄 Retrieved page 7 (1000 blocks)
2025-10-29 15:26:12 [INFO] [run_textract] 📄 Retrieved page 8 (1000 blocks)
2025-10-29 15:26:13 [INFO] [run_textract] 📄 Retrieved page 9 (1000 blocks)
2025-10-29 15:26:15 [INFO] [run_textract] 📄 Retrieved page 10 (1000 blocks)
2025-10-29 15:26:17 [INFO] [run_textract] 📄 Retrieved page 11 (563 blocks)
2025-10-29 15:26:17 [INFO] [run_textract] ✅ Total blocks retrieved: 10563 across 11 pages
2025-10-29 15:26:20 [INFO] [run_textract] ✅ Saved Textract output: data/raw/gss-term-loan-agreement-ccd-5_raw.json (10563 blocks)
2025-10-29 15:26:20 [INFO] [run_textract] ------------------------------------------------------------
2025-10-29 15:26:20 [INFO] [run_textract] 🚀 Starting Textract for: loan1.pdf
2025-10-29 15:26:20 [INFO] [run_textract] 🪄 Job started: 12ac4c19f2cff70cf3a926197b514e85ab667add3741e1a85de3b2547927ebde
2025-10-29 15:26:20 [INFO] [run_textract] ⏳ Waiting for Textract job to finish for loan1.pdf...
2025-10-29 15:26:25 [INFO] [run_textract] ⏳ Waiting for Textract job to finish for loan1.pdf...
2025-10-29 15:26:32 [INFO] [run_textract] 📄 Retrieved page 1 (1000 blocks)
2025-10-29 15:26:36 [INFO] [run_textract] 📄 Retrieved page 2 (1000 blocks)
2025-10-29 15:26:37 [INFO] [run_textract] 📄 Retrieved page 3 (299 blocks)
2025-10-29 15:26:37 [INFO] [run_textract] ✅ Total blocks retrieved: 2299 across 3 pages
2025-10-29 15:26:38 [INFO] [run_textract] ✅ Saved Textract output: data/raw/loan1_raw.json (2299 blocks)
2025-10-29 15:26:38 [INFO] [run_textract] ------------------------------------------------------------
2025-10-29 15:26:38 [INFO] [run_textract] 🚀 Starting Textract for: loan2.pdf
2025-10-29 15:26:38 [INFO] [run_textract] 🪄 Job started: 61952e453c13e8571f07ef7f92ec326f991caa4eb68aa65c526086164c8276ee
2025-10-29 15:26:38 [INFO] [run_textract] ⏳ Waiting for Textract job to finish for loan2.pdf...
2025-10-29 15:26:43 [INFO] [run_textract] ⏳ Waiting for Textract job to finish for loan2.pdf...
2025-10-29 15:26:48 [INFO] [run_textract] ⏳ Waiting for Textract job to finish for loan2.pdf...
2025-10-29 15:26:58 [INFO] [run_textract] 📄 Retrieved page 1 (1000 blocks)
2025-10-29 15:26:59 [INFO] [run_textract] 📄 Retrieved page 2 (1000 blocks)
2025-10-29 15:27:01 [INFO] [run_textract] 📄 Retrieved page 3 (797 blocks)
2025-10-29 15:27:01 [INFO] [run_textract] ✅ Total blocks retrieved: 2797 across 3 pages
2025-10-29 15:27:02 [INFO] [run_textract] ✅ Saved Textract output: data/raw/loan2_raw.json (2797 blocks)
2025-10-29 15:27:02 [INFO] [run_textract] ------------------------------------------------------------
2025-10-29 15:27:02 [INFO] [run_textract] 🚀 Starting Textract for: loan3.pdf
2025-10-29 15:27:02 [INFO] [run_textract] 🪄 Job started: 443781b87c7f427f59e2b980671a3a713f88afcc999e2c031317942afe375120
2025-10-29 15:27:02 [INFO] [run_textract] ⏳ Waiting for Textract job to finish for loan3.pdf...
2025-10-29 15:27:07 [INFO] [run_textract] ⏳ Waiting for Textract job to finish for loan3.pdf...
2025-10-29 15:27:12 [INFO] [run_textract] ⏳ Waiting for Textract job to finish for loan3.pdf...
2025-10-29 15:27:18 [INFO] [run_textract] 📄 Retrieved page 1 (1000 blocks)
2025-10-29 15:27:21 [INFO] [run_textract] 📄 Retrieved page 2 (1000 blocks)
2025-10-29 15:27:25 [INFO] [run_textract] 📄 Retrieved page 3 (1000 blocks)
2025-10-29 15:27:27 [INFO] [run_textract] 📄 Retrieved page 4 (1000 blocks)
2025-10-29 15:27:30 [INFO] [run_textract] 📄 Retrieved page 5 (1000 blocks)
2025-10-29 15:27:32 [INFO] [run_textract] 📄 Retrieved page 6 (1000 blocks)
2025-10-29 15:27:34 [INFO] [run_textract] 📄 Retrieved page 7 (1000 blocks)
2025-10-29 15:27:37 [INFO] [run_textract] 📄 Retrieved page 8 (1000 blocks)
2025-10-29 15:27:40 [INFO] [run_textract] 📄 Retrieved page 9 (1000 blocks)
2025-10-29 15:27:42 [INFO] [run_textract] 📄 Retrieved page 10 (881 blocks)
2025-10-29 15:27:42 [INFO] [run_textract] ✅ Total blocks retrieved: 9881 across 10 pages
2025-10-29 15:27:43 [INFO] [run_textract] ✅ Saved Textract output: data/raw/loan3_raw.json (9881 blocks)
2025-10-29 15:27:43 [INFO] [run_textract] ------------------------------------------------------------
2025-10-29 15:27:43 [INFO] [run_textract] 🚀 Starting Textract for: pl_agreement.pdf
2025-10-29 15:27:44 [INFO] [run_textract] 🪄 Job started: 635c2c96975fd4be409cfb1867d9eb45192c2b3e7ce23a90fd9670aef63b6833
2025-10-29 15:27:44 [INFO] [run_textract] ⏳ Waiting for Textract job to finish for pl_agreement.pdf...
2025-10-29 15:27:49 [INFO] [run_textract] ⏳ Waiting for Textract job to finish for pl_agreement.pdf...
2025-10-29 15:27:56 [INFO] [run_textract] ⏳ Waiting for Textract job to finish for pl_agreement.pdf...
2025-10-29 15:28:01 [INFO] [run_textract] ⏳ Waiting for Textract job to finish for pl_agreement.pdf...
2025-10-29 15:28:08 [INFO] [run_textract] 📄 Retrieved page 1 (1000 blocks)
2025-10-29 15:28:12 [INFO] [run_textract] 📄 Retrieved page 2 (1000 blocks)
2025-10-29 15:28:16 [INFO] [run_textract] 📄 Retrieved page 3 (1000 blocks)
2025-10-29 15:28:19 [INFO] [run_textract] 📄 Retrieved page 4 (1000 blocks)
2025-10-29 15:28:22 [INFO] [run_textract] 📄 Retrieved page 5 (1000 blocks)
2025-10-29 15:28:24 [INFO] [run_textract] 📄 Retrieved page 6 (1000 blocks)
2025-10-29 15:28:29 [INFO] [run_textract] 📄 Retrieved page 7 (1000 blocks)
2025-10-29 15:28:32 [INFO] [run_textract] 📄 Retrieved page 8 (1000 blocks)
2025-10-29 15:28:34 [INFO] [run_textract] 📄 Retrieved page 9 (1000 blocks)
2025-10-29 15:28:38 [INFO] [run_textract] 📄 Retrieved page 10 (1000 blocks)
2025-10-29 15:28:40 [INFO] [run_textract] 📄 Retrieved page 11 (1000 blocks)
2025-10-29 15:28:41 [INFO] [run_textract] 📄 Retrieved page 12 (234 blocks)
2025-10-29 15:28:41 [INFO] [run_textract] ✅ Total blocks retrieved: 11234 across 12 pages
2025-10-29 15:28:43 [INFO] [run_textract] ✅ Saved Textract output: data/raw/pl_agreement_raw.json (11234 blocks)
2025-10-29 15:28:43 [INFO] [run_textract] ------------------------------------------------------------
2025-10-29 15:28:43 [INFO] [run_textract] 🚀 Starting Textract for: specimen-agreement.pdf
2025-10-29 15:28:43 [INFO] [run_textract] 🪄 Job started: 2bbe4ea7435a239c77d30ce2a48b2f0f8b50615dfcef267b387450a6fd12d27d
2025-10-29 15:28:43 [INFO] [run_textract] ⏳ Waiting for Textract job to finish for specimen-agreement.pdf...
2025-10-29 15:28:48 [INFO] [run_textract] ⏳ Waiting for Textract job to finish for specimen-agreement.pdf...
2025-10-29 15:28:53 [INFO] [run_textract] ⏳ Waiting for Textract job to finish for specimen-agreement.pdf...
2025-10-29 15:29:00 [INFO] [run_textract] ⏳ Waiting for Textract job to finish for specimen-agreement.pdf...
2025-10-29 15:29:06 [INFO] [run_textract] 📄 Retrieved page 1 (1000 blocks)
2025-10-29 15:29:08 [INFO] [run_textract] 📄 Retrieved page 2 (1000 blocks)
2025-10-29 15:29:10 [INFO] [run_textract] 📄 Retrieved page 3 (1000 blocks)
2025-10-29 15:29:12 [INFO] [run_textract] 📄 Retrieved page 4 (1000 blocks)
2025-10-29 15:29:14 [INFO] [run_textract] 📄 Retrieved page 5 (1000 blocks)
2025-10-29 15:29:15 [INFO] [run_textract] 📄 Retrieved page 6 (407 blocks)
2025-10-29 15:29:15 [INFO] [run_textract] ✅ Total blocks retrieved: 5407 across 6 pages
2025-10-29 15:29:16 [INFO] [run_textract] ✅ Saved Textract output: data/raw/specimen-agreement_raw.json (5407 blocks)
2025-10-29 15:29:16 [INFO] [run_textract] ------------------------------------------------------------
2025-10-29 15:29:16 [INFO] [run_textract] ✅ Completed Textract for 7 files.
2025-10-29 15:36:30 [INFO] [run_textract] 🚀 Starting Textract for: Personal-Loan-Agreement.pdf
2025-10-29 15:36:30 [INFO] [run_textract] 🪄 Job started: a1873beaceda64eddc5a3f8ff4501d0715f7c7e0c96c96280a4bc76984708e1a
2025-10-29 15:36:30 [INFO] [run_textract] ⏳ Waiting for Textract job to finish for Personal-Loan-Agreement.pdf...
2025-10-29 15:36:35 [INFO] [run_textract] ⏳ Waiting for Textract job to finish for Personal-Loan-Agreement.pdf...
2025-10-29 15:36:40 [INFO] [run_textract] ⏳ Waiting for Textract job to finish for Personal-Loan-Agreement.pdf...
2025-10-29 15:36:46 [INFO] [run_textract] ⏳ Waiting for Textract job to finish for Personal-Loan-Agreement.pdf...
2025-10-29 15:36:51 [INFO] [run_textract] ⏳ Waiting for Textract job to finish for Personal-Loan-Agreement.pdf...
2025-10-29 15:36:58 [INFO] [run_textract] ⏳ Waiting for Textract job to finish for Personal-Loan-Agreement.pdf...
2025-10-29 15:37:07 [INFO] [run_textract] 📄 Retrieved page 1 (1000 blocks)
2025-10-29 15:37:09 [INFO] [run_textract] 📄 Retrieved page 2 (134 blocks)
2025-10-29 15:37:09 [INFO] [run_textract] ✅ Total blocks retrieved: 1134 across 2 pages
2025-10-29 15:37:09 [INFO] [run_textract] ✅ Saved Textract output: data/raw/Personal-Loan-Agreement_raw.json (1134 blocks)
2025-10-29 15:37:09 [INFO] [run_textract] ------------------------------------------------------------
2025-10-29 15:37:09 [INFO] [run_textract] 🚀 Starting Textract for: gss-term-loan-agreement-ccd-5.pdf
2025-10-29 15:37:09 [INFO] [run_textract] 🪄 Job started: a833c80db8c1f3de5ea69029a928806cc790e3b98e3869a58eb2bef6efc7997c
2025-10-29 15:37:09 [INFO] [run_textract] ⏳ Waiting for Textract job to finish for gss-term-loan-agreement-ccd-5.pdf...
2025-10-29 15:37:14 [INFO] [run_textract] ⏳ Waiting for Textract job to finish for gss-term-loan-agreement-ccd-5.pdf...
2025-10-29 15:37:19 [INFO] [run_textract] ⏳ Waiting for Textract job to finish for gss-term-loan-agreement-ccd-5.pdf...
2025-10-29 15:37:24 [INFO] [run_textract] ⏳ Waiting for Textract job to finish for gss-term-loan-agreement-ccd-5.pdf...
2025-10-29 15:37:31 [INFO] [run_textract] ⏳ Waiting for Textract job to finish for gss-term-loan-agreement-ccd-5.pdf...
2025-10-29 15:37:36 [INFO] [run_textract] ⏳ Waiting for Textract job to finish for gss-term-loan-agreement-ccd-5.pdf...
2025-10-29 15:37:42 [INFO] [run_textract] 📄 Retrieved page 1 (1000 blocks)
2025-10-29 15:37:44 [INFO] [run_textract] 📄 Retrieved page 2 (1000 blocks)
2025-10-29 15:37:46 [INFO] [run_textract] 📄 Retrieved page 3 (1000 blocks)
2025-10-29 15:37:47 [INFO] [run_textract] 📄 Retrieved page 4 (1000 blocks)
2025-10-29 15:37:49 [INFO] [run_textract] 📄 Retrieved page 5 (1000 blocks)
2025-10-29 15:37:51 [INFO] [run_textract] 📄 Retrieved page 6 (1000 blocks)
2025-10-29 15:37:53 [INFO] [run_textract] 📄 Retrieved page 7 (1000 blocks)
2025-10-29 15:37:55 [INFO] [run_textract] 📄 Retrieved page 8 (1000 blocks)
2025-10-29 15:37:57 [INFO] [run_textract] 📄 Retrieved page 9 (1000 blocks)
2025-10-29 15:38:01 [INFO] [run_textract] 📄 Retrieved page 10 (1000 blocks)
2025-10-29 15:38:03 [INFO] [run_textract] 📄 Retrieved page 11 (563 blocks)
2025-10-29 15:38:03 [INFO] [run_textract] ✅ Total blocks retrieved: 10563 across 11 pages
2025-10-29 15:38:04 [INFO] [run_textract] ✅ Saved Textract output: data/raw/gss-term-loan-agreement-ccd-5_raw.json (10563 blocks)
2025-10-29 15:38:04 [INFO] [run_textract] ------------------------------------------------------------
2025-10-29 15:38:04 [INFO] [run_textract] 🚀 Starting Textract for: loan1.pdf
2025-10-29 15:38:04 [INFO] [run_textract] 🪄 Job started: d6ad14da6a22f151dcffa29208ae52e161397d72063dd5c6d5490658eb95afbc
2025-10-29 15:38:05 [INFO] [run_textract] ⏳ Waiting for Textract job to finish for loan1.pdf...
2025-10-29 15:38:10 [INFO] [run_textract] ⏳ Waiting for Textract job to finish for loan1.pdf...
2025-10-29 15:38:15 [INFO] [run_textract] ⏳ Waiting for Textract job to finish for loan1.pdf...
2025-10-29 15:38:20 [INFO] [run_textract] ⏳ Waiting for Textract job to finish for loan1.pdf...
2025-10-29 15:38:28 [INFO] [run_textract] 📄 Retrieved page 1 (1000 blocks)
2025-10-29 15:38:30 [INFO] [run_textract] 📄 Retrieved page 2 (1000 blocks)
2025-10-29 15:38:33 [INFO] [run_textract] 📄 Retrieved page 3 (299 blocks)
2025-10-29 15:38:33 [INFO] [run_textract] ✅ Total blocks retrieved: 2299 across 3 pages
2025-10-29 15:38:34 [INFO] [run_textract] ✅ Saved Textract output: data/raw/loan1_raw.json (2299 blocks)
2025-10-29 15:38:34 [INFO] [run_textract] ------------------------------------------------------------
2025-10-29 15:38:34 [INFO] [run_textract] 🚀 Starting Textract for: loan2.pdf
2025-10-29 15:38:34 [INFO] [run_textract] 🪄 Job started: 8a196486d7514e9a6bf2d4cfc8542e2a06b47e65176beb21ba32d94cbb311b3c
2025-10-29 15:38:34 [INFO] [run_textract] ⏳ Waiting for Textract job to finish for loan2.pdf...
2025-10-29 15:38:39 [INFO] [run_textract] ⏳ Waiting for Textract job to finish for loan2.pdf...
2025-10-29 15:38:44 [INFO] [run_textract] ⏳ Waiting for Textract job to finish for loan2.pdf...
2025-10-29 15:38:52 [INFO] [run_textract] 📄 Retrieved page 1 (1000 blocks)
2025-10-29 15:38:54 [INFO] [run_textract] 📄 Retrieved page 2 (1000 blocks)
2025-10-29 15:38:56 [INFO] [run_textract] 📄 Retrieved page 3 (797 blocks)
2025-10-29 15:38:56 [INFO] [run_textract] ✅ Total blocks retrieved: 2797 across 3 pages
2025-10-29 15:38:57 [INFO] [run_textract] ✅ Saved Textract output: data/raw/loan2_raw.json (2797 blocks)
2025-10-29 15:38:57 [INFO] [run_textract] ------------------------------------------------------------
2025-10-29 15:38:57 [INFO] [run_textract] 🚀 Starting Textract for: loan3.pdf
2025-10-29 15:38:57 [INFO] [run_textract] 🪄 Job started: d8b062f8eb28142fcb9db8cbef64acc41028c1582950c5db73fda612aa26131a
2025-10-29 15:38:57 [INFO] [run_textract] ⏳ Waiting for Textract job to finish for loan3.pdf...
2025-10-29 15:39:04 [INFO] [run_textract] ⏳ Waiting for Textract job to finish for loan3.pdf...
2025-10-29 15:39:09 [INFO] [run_textract] ⏳ Waiting for Textract job to finish for loan3.pdf...
2025-10-29 15:39:18 [INFO] [run_textract] 📄 Retrieved page 1 (1000 blocks)
2025-10-29 15:39:20 [INFO] [run_textract] 📄 Retrieved page 2 (1000 blocks)
2025-10-29 15:39:23 [INFO] [run_textract] 📄 Retrieved page 3 (1000 blocks)
2025-10-29 15:39:25 [INFO] [run_textract] 📄 Retrieved page 4 (1000 blocks)
2025-10-29 15:39:26 [ERROR] [run_textract] ❌ Error running Textract for loan3.pdf: Task received SIGTERM signal
Traceback (most recent call last):
  File "/opt/airflow/scripts/run_textract.py", line 115, in run_textract_for_pdf
    full_result = get_all_textract_results(job_id)
  File "/opt/airflow/scripts/run_textract.py", line 81, in get_all_textract_results
    time.sleep(1)
  File "/home/airflow/.local/lib/python3.8/site-packages/airflow/models/taskinstance.py", line 1634, in signal_handler
    raise AirflowException("Task received SIGTERM signal")
airflow.exceptions.AirflowException: Task received SIGTERM signal
2025-10-29 15:39:26 [INFO] [run_textract] ------------------------------------------------------------
2025-10-29 15:39:26 [INFO] [run_textract] 🚀 Starting Textract for: pl_agreement.pdf
2025-10-29 15:39:26 [INFO] [run_textract] 🪄 Job started: 99b2d9c8ab4cf65fec54d8e178f50fca509b99028b64e0ecf71c5697c11180b3
2025-10-29 15:39:26 [INFO] [run_textract] ⏳ Waiting for Textract job to finish for pl_agreement.pdf...
2025-10-29 15:39:31 [INFO] [run_textract] ⏳ Waiting for Textract job to finish for pl_agreement.pdf...
2025-10-29 15:39:38 [INFO] [run_textract] ⏳ Waiting for Textract job to finish for pl_agreement.pdf...
2025-10-29 15:39:43 [INFO] [run_textract] ⏳ Waiting for Textract job to finish for pl_agreement.pdf...
2025-10-29 15:39:48 [INFO] [run_textract] ⏳ Waiting for Textract job to finish for pl_agreement.pdf...
2025-10-29 15:39:54 [INFO] [run_textract] 📄 Retrieved page 1 (1000 blocks)
2025-10-29 15:39:56 [INFO] [run_textract] 📄 Retrieved page 2 (1000 blocks)
2025-10-29 15:45:50 [INFO] [run_textract] 🚀 Starting Textract for: Personal-Loan-Agreement.pdf
2025-10-29 15:45:50 [INFO] [run_textract] 🪄 Job started: d6e7d0f4abbd465d29dd9cf183240a10a7c8b168a1cd8803ccd6ad4c1fc9cd67
2025-10-29 15:45:50 [INFO] [run_textract] ⏳ Waiting for Textract job to finish for Personal-Loan-Agreement.pdf...
2025-10-29 15:45:56 [INFO] [run_textract] ⏳ Waiting for Textract job to finish for Personal-Loan-Agreement.pdf...
2025-10-29 15:46:02 [INFO] [run_textract] ⏳ Waiting for Textract job to finish for Personal-Loan-Agreement.pdf...
2025-10-29 15:46:10 [INFO] [run_textract] 📄 Retrieved page 1 (1000 blocks)
2025-10-29 15:46:12 [INFO] [run_textract] 📄 Retrieved page 2 (134 blocks)
2025-10-29 15:46:12 [INFO] [run_textract] ✅ Total blocks retrieved: 1134 across 2 pages
2025-10-29 15:46:12 [INFO] [run_textract] ✅ Saved Textract output: data/raw/Personal-Loan-Agreement_raw.json (1134 blocks)
2025-10-29 15:46:12 [INFO] [run_textract] ------------------------------------------------------------
2025-10-29 15:46:12 [INFO] [run_textract] 🚀 Starting Textract for: gss-term-loan-agreement-ccd-5.pdf
2025-10-29 15:46:12 [INFO] [run_textract] 🪄 Job started: 3381db9c00205fa6166dab6ef49412ea000d9f01289a36f23bb4def48d5811a4
2025-10-29 15:46:12 [INFO] [run_textract] ⏳ Waiting for Textract job to finish for gss-term-loan-agreement-ccd-5.pdf...
2025-10-29 15:46:17 [INFO] [run_textract] ⏳ Waiting for Textract job to finish for gss-term-loan-agreement-ccd-5.pdf...
2025-10-29 15:46:23 [INFO] [run_textract] ⏳ Waiting for Textract job to finish for gss-term-loan-agreement-ccd-5.pdf...
2025-10-29 15:46:28 [INFO] [run_textract] ⏳ Waiting for Textract job to finish for gss-term-loan-agreement-ccd-5.pdf...
2025-10-29 15:46:34 [INFO] [run_textract] ⏳ Waiting for Textract job to finish for gss-term-loan-agreement-ccd-5.pdf...
2025-10-29 15:46:40 [INFO] [run_textract] ⏳ Waiting for Textract job to finish for gss-term-loan-agreement-ccd-5.pdf...
2025-10-29 15:46:45 [INFO] [run_textract] ⏳ Waiting for Textract job to finish for gss-term-loan-agreement-ccd-5.pdf...
2025-10-29 15:46:55 [INFO] [run_textract] 📄 Retrieved page 1 (1000 blocks)
2025-10-29 15:46:59 [INFO] [run_textract] 📄 Retrieved page 2 (1000 blocks)
2025-10-29 15:47:05 [INFO] [run_textract] 📄 Retrieved page 3 (1000 blocks)
2025-10-29 15:47:09 [INFO] [run_textract] 📄 Retrieved page 4 (1000 blocks)
2025-10-29 15:47:13 [INFO] [run_textract] 📄 Retrieved page 5 (1000 blocks)
2025-10-29 15:47:15 [INFO] [run_textract] 📄 Retrieved page 6 (1000 blocks)
2025-10-29 15:47:18 [INFO] [run_textract] 📄 Retrieved page 7 (1000 blocks)
2025-10-29 15:47:20 [INFO] [run_textract] 📄 Retrieved page 8 (1000 blocks)
2025-10-29 15:47:21 [INFO] [run_textract] 📄 Retrieved page 9 (1000 blocks)
2025-10-29 15:47:23 [INFO] [run_textract] 📄 Retrieved page 10 (1000 blocks)
2025-10-29 15:47:25 [INFO] [run_textract] 📄 Retrieved page 11 (563 blocks)
2025-10-29 15:47:25 [INFO] [run_textract] ✅ Total blocks retrieved: 10563 across 11 pages
2025-10-29 15:47:27 [INFO] [run_textract] ✅ Saved Textract output: data/raw/gss-term-loan-agreement-ccd-5_raw.json (10563 blocks)
2025-10-29 15:47:27 [INFO] [run_textract] ------------------------------------------------------------
2025-10-29 15:47:27 [INFO] [run_textract] 🚀 Starting Textract for: loan1.pdf
2025-10-29 15:47:27 [INFO] [run_textract] 🪄 Job started: 8cda52aef37428e9760df74fe570d629f2196c879a130550787d0c98b36a30e4
2025-10-29 15:47:27 [INFO] [run_textract] ⏳ Waiting for Textract job to finish for loan1.pdf...
2025-10-29 15:47:34 [INFO] [run_textract] ⏳ Waiting for Textract job to finish for loan1.pdf...
2025-10-29 15:47:39 [INFO] [run_textract] ⏳ Waiting for Textract job to finish for loan1.pdf...
2025-10-29 15:47:45 [INFO] [run_textract] ⏳ Waiting for Textract job to finish for loan1.pdf...
2025-10-29 15:47:50 [INFO] [run_textract] 📄 Retrieved page 1 (1000 blocks)
2025-10-29 15:47:52 [INFO] [run_textract] 📄 Retrieved page 2 (1000 blocks)
2025-10-29 15:47:53 [INFO] [run_textract] 📄 Retrieved page 3 (299 blocks)
2025-10-29 15:47:53 [INFO] [run_textract] ✅ Total blocks retrieved: 2299 across 3 pages
2025-10-29 15:47:53 [INFO] [run_textract] ✅ Saved Textract output: data/raw/loan1_raw.json (2299 blocks)
2025-10-29 15:47:53 [INFO] [run_textract] ------------------------------------------------------------
2025-10-29 15:47:53 [INFO] [run_textract] 🚀 Starting Textract for: loan2.pdf
2025-10-29 15:47:54 [INFO] [run_textract] 🪄 Job started: 8a09b8a5999eaf46b96f33b7ac1d5f617ce940790f3a4456f14e6e7c9d84e40d
2025-10-29 15:47:54 [INFO] [run_textract] ⏳ Waiting for Textract job to finish for loan2.pdf...
2025-10-29 15:47:59 [INFO] [run_textract] ⏳ Waiting for Textract job to finish for loan2.pdf...
2025-10-29 15:48:07 [INFO] [run_textract] 📄 Retrieved page 1 (1000 blocks)
2025-10-29 15:48:09 [INFO] [run_textract] 📄 Retrieved page 2 (1000 blocks)
2025-10-29 15:48:11 [INFO] [run_textract] 📄 Retrieved page 3 (797 blocks)
2025-10-29 15:48:11 [INFO] [run_textract] ✅ Total blocks retrieved: 2797 across 3 pages
2025-10-29 15:48:11 [INFO] [run_textract] ✅ Saved Textract output: data/raw/loan2_raw.json (2797 blocks)
2025-10-29 15:48:11 [INFO] [run_textract] ------------------------------------------------------------
2025-10-29 15:48:11 [INFO] [run_textract] 🚀 Starting Textract for: loan3.pdf
2025-10-29 15:48:11 [INFO] [run_textract] 🪄 Job started: bfb97829d4c1dab914d2829ccd46f9951ee4d79cf8fd541f7ecef071187c98cb
2025-10-29 15:48:11 [INFO] [run_textract] ⏳ Waiting for Textract job to finish for loan3.pdf...
2025-10-29 15:48:29 [INFO] [run_textract] 📄 Retrieved page 1 (1000 blocks)
2025-10-29 15:48:32 [INFO] [run_textract] 📄 Retrieved page 2 (1000 blocks)
2025-10-29 15:48:35 [INFO] [run_textract] 📄 Retrieved page 3 (1000 blocks)
2025-10-29 15:48:40 [INFO] [run_textract] 📄 Retrieved page 4 (1000 blocks)
2025-10-29 15:48:43 [INFO] [run_textract] 📄 Retrieved page 5 (1000 blocks)
2025-10-29 15:48:47 [INFO] [run_textract] 📄 Retrieved page 6 (1000 blocks)
2025-10-29 15:48:50 [INFO] [run_textract] 📄 Retrieved page 7 (1000 blocks)
2025-10-29 15:48:53 [INFO] [run_textract] 📄 Retrieved page 8 (1000 blocks)
2025-10-29 15:48:55 [INFO] [run_textract] 📄 Retrieved page 9 (1000 blocks)
2025-10-29 15:48:57 [INFO] [run_textract] 📄 Retrieved page 10 (881 blocks)
2025-10-29 15:48:57 [INFO] [run_textract] ✅ Total blocks retrieved: 9881 across 10 pages
2025-10-29 15:48:59 [INFO] [run_textract] ✅ Saved Textract output: data/raw/loan3_raw.json (9881 blocks)
2025-10-29 15:48:59 [INFO] [run_textract] ------------------------------------------------------------
2025-10-29 15:48:59 [INFO] [run_textract] 🚀 Starting Textract for: pl_agreement.pdf
2025-10-29 15:48:59 [INFO] [run_textract] 🪄 Job started: 154975b06f70173e062591e8b2430905e7367a37e47183cc242d9b19aaeae755
2025-10-29 15:48:59 [INFO] [run_textract] ⏳ Waiting for Textract job to finish for pl_agreement.pdf...
2025-10-29 15:49:04 [INFO] [run_textract] ⏳ Waiting for Textract job to finish for pl_agreement.pdf...
2025-10-29 15:49:11 [INFO] [run_textract] ⏳ Waiting for Textract job to finish for pl_agreement.pdf...
2025-10-29 15:49:16 [INFO] [run_textract] ⏳ Waiting for Textract job to finish for pl_agreement.pdf...
2025-10-29 15:49:21 [INFO] [run_textract] ⏳ Waiting for Textract job to finish for pl_agreement.pdf...
2025-10-29 15:49:26 [INFO] [run_textract] ⏳ Waiting for Textract job to finish for pl_agreement.pdf...
2025-10-29 15:49:33 [INFO] [run_textract] 📄 Retrieved page 1 (1000 blocks)
2025-10-29 15:49:35 [INFO] [run_textract] 📄 Retrieved page 2 (1000 blocks)
2025-10-29 15:49:37 [INFO] [run_textract] 📄 Retrieved page 3 (1000 blocks)
2025-10-29 15:49:39 [INFO] [run_textract] 📄 Retrieved page 4 (1000 blocks)
2025-10-29 15:49:42 [INFO] [run_textract] 📄 Retrieved page 5 (1000 blocks)
2025-10-29 15:49:44 [INFO] [run_textract] 📄 Retrieved page 6 (1000 blocks)
2025-10-29 15:49:46 [INFO] [run_textract] 📄 Retrieved page 7 (1000 blocks)
2025-10-29 15:49:50 [INFO] [run_textract] 📄 Retrieved page 8 (1000 blocks)
2025-10-29 15:49:53 [INFO] [run_textract] 📄 Retrieved page 9 (1000 blocks)
2025-10-29 15:49:56 [INFO] [run_textract] 📄 Retrieved page 10 (1000 blocks)
2025-10-29 15:49:59 [INFO] [run_textract] 📄 Retrieved page 11 (1000 blocks)
2025-10-29 15:50:00 [INFO] [run_textract] 📄 Retrieved page 12 (234 blocks)
2025-10-29 15:50:00 [INFO] [run_textract] ✅ Total blocks retrieved: 11234 across 12 pages
2025-10-29 15:50:02 [INFO] [run_textract] ✅ Saved Textract output: data/raw/pl_agreement_raw.json (11234 blocks)
2025-10-29 15:50:02 [INFO] [run_textract] ------------------------------------------------------------
2025-10-29 15:50:02 [INFO] [run_textract] 🚀 Starting Textract for: specimen-agreement.pdf
2025-10-29 15:50:03 [INFO] [run_textract] 🪄 Job started: a643131417914460ef53ff0c598b34d2c5121c753d137379883f6ac14c06556c
2025-10-29 15:50:03 [INFO] [run_textract] ⏳ Waiting for Textract job to finish for specimen-agreement.pdf...
2025-10-29 15:50:08 [INFO] [run_textract] ⏳ Waiting for Textract job to finish for specimen-agreement.pdf...
2025-10-29 15:50:15 [INFO] [run_textract] ⏳ Waiting for Textract job to finish for specimen-agreement.pdf...
2025-10-29 15:50:20 [INFO] [run_textract] ⏳ Waiting for Textract job to finish for specimen-agreement.pdf...
2025-10-29 15:50:25 [INFO] [run_textract] ⏳ Waiting for Textract job to finish for specimen-agreement.pdf...
2025-10-29 15:50:30 [INFO] [run_textract] ⏳ Waiting for Textract job to finish for specimen-agreement.pdf...
2025-10-29 15:50:35 [INFO] [run_textract] ⏳ Waiting for Textract job to finish for specimen-agreement.pdf...
2025-10-29 15:50:48 [INFO] [run_textract] 📄 Retrieved page 1 (1000 blocks)
2025-10-29 15:50:50 [INFO] [run_textract] 📄 Retrieved page 2 (1000 blocks)
2025-10-29 15:50:53 [INFO] [run_textract] 📄 Retrieved page 3 (1000 blocks)
2025-10-29 15:50:56 [INFO] [run_textract] 📄 Retrieved page 4 (1000 blocks)
2025-10-29 15:50:58 [INFO] [run_textract] 📄 Retrieved page 5 (1000 blocks)
2025-10-29 15:51:00 [INFO] [run_textract] 📄 Retrieved page 6 (407 blocks)
2025-10-29 15:51:00 [INFO] [run_textract] ✅ Total blocks retrieved: 5407 across 6 pages
2025-10-29 15:51:00 [INFO] [run_textract] ✅ Saved Textract output: data/raw/specimen-agreement_raw.json (5407 blocks)
2025-10-29 15:51:00 [INFO] [run_textract] ------------------------------------------------------------
2025-10-29 15:51:00 [INFO] [run_textract] ✅ Completed Textract for 7 files.
2025-10-29 16:08:41 [INFO] [run_textract] 🚀 Starting Textract for: Personal-Loan-Agreement.pdf
2025-10-29 16:08:41 [INFO] [run_textract] 🪄 Job started: e575436967c0e4f8884969d022b453df4d85d29a3f5c90b2da9a0a37ab69fa9f
2025-10-29 16:08:41 [INFO] [run_textract] ⏳ Waiting for Textract job to finish for Personal-Loan-Agreement.pdf...
2025-10-29 16:08:46 [INFO] [run_textract] ⏳ Waiting for Textract job to finish for Personal-Loan-Agreement.pdf...
2025-10-29 16:08:54 [INFO] [run_textract] 📄 Retrieved page 1 (1000 blocks)
2025-10-29 16:08:55 [INFO] [run_textract] 📄 Retrieved page 2 (134 blocks)
2025-10-29 16:08:55 [INFO] [run_textract] ✅ Total blocks retrieved: 1134 across 2 pages
2025-10-29 16:08:56 [INFO] [run_textract] ✅ Saved Textract output: data/raw/Personal-Loan-Agreement_raw.json (1134 blocks)
2025-10-29 16:08:56 [INFO] [run_textract] ------------------------------------------------------------
2025-10-29 16:08:56 [INFO] [run_textract] 🚀 Starting Textract for: gss-term-loan-agreement-ccd-5.pdf
2025-10-29 16:08:56 [INFO] [run_textract] 🪄 Job started: def53d3c49716310f0632094df175a50f59eda045dfc22abd4b044d270015ba6
2025-10-29 16:08:56 [INFO] [run_textract] ⏳ Waiting for Textract job to finish for gss-term-loan-agreement-ccd-5.pdf...
2025-10-29 16:09:01 [INFO] [run_textract] ⏳ Waiting for Textract job to finish for gss-term-loan-agreement-ccd-5.pdf...
2025-10-29 16:09:07 [INFO] [run_textract] ⏳ Waiting for Textract job to finish for gss-term-loan-agreement-ccd-5.pdf...
2025-10-29 16:09:12 [INFO] [run_textract] ⏳ Waiting for Textract job to finish for gss-term-loan-agreement-ccd-5.pdf...
2025-10-29 16:09:17 [INFO] [run_textract] ⏳ Waiting for Textract job to finish for gss-term-loan-agreement-ccd-5.pdf...
2025-10-29 16:09:27 [INFO] [run_textract] 📄 Retrieved page 1 (1000 blocks)
2025-10-29 16:09:30 [INFO] [run_textract] 📄 Retrieved page 2 (1000 blocks)
2025-10-29 16:09:33 [INFO] [run_textract] 📄 Retrieved page 3 (1000 blocks)
2025-10-29 16:09:35 [INFO] [run_textract] 📄 Retrieved page 4 (1000 blocks)
2025-10-29 16:09:37 [INFO] [run_textract] 📄 Retrieved page 5 (1000 blocks)
2025-10-29 16:09:40 [INFO] [run_textract] 📄 Retrieved page 6 (1000 blocks)
2025-10-29 16:09:42 [INFO] [run_textract] 📄 Retrieved page 7 (1000 blocks)
2025-10-29 16:09:44 [INFO] [run_textract] 📄 Retrieved page 8 (1000 blocks)
2025-10-29 16:09:45 [INFO] [run_textract] 📄 Retrieved page 9 (1000 blocks)
2025-10-29 16:09:47 [INFO] [run_textract] 📄 Retrieved page 10 (1000 blocks)
2025-10-29 16:09:48 [INFO] [run_textract] 📄 Retrieved page 11 (563 blocks)
2025-10-29 16:09:48 [INFO] [run_textract] ✅ Total blocks retrieved: 10563 across 11 pages
2025-10-29 16:09:51 [INFO] [run_textract] ✅ Saved Textract output: data/raw/gss-term-loan-agreement-ccd-5_raw.json (10563 blocks)
2025-10-29 16:09:52 [INFO] [run_textract] ------------------------------------------------------------
2025-10-29 16:09:52 [INFO] [run_textract] 🚀 Starting Textract for: loan1.pdf
2025-10-29 16:09:52 [INFO] [run_textract] 🪄 Job started: a3ac7b5566416cc5251a15fe6db1324b690002724871f2198201db4c7955fdb3
2025-10-29 16:09:52 [INFO] [run_textract] ⏳ Waiting for Textract job to finish for loan1.pdf...
2025-10-29 16:09:59 [INFO] [run_textract] ⏳ Waiting for Textract job to finish for loan1.pdf...
2025-10-29 16:10:04 [INFO] [run_textract] ⏳ Waiting for Textract job to finish for loan1.pdf...
2025-10-29 16:10:13 [INFO] [run_textract] 📄 Retrieved page 1 (1000 blocks)
2025-10-29 16:10:14 [INFO] [run_textract] 📄 Retrieved page 2 (1000 blocks)
2025-10-29 16:10:16 [INFO] [run_textract] 📄 Retrieved page 3 (299 blocks)
2025-10-29 16:10:16 [INFO] [run_textract] ✅ Total blocks retrieved: 2299 across 3 pages
2025-10-29 16:10:16 [INFO] [run_textract] ✅ Saved Textract output: data/raw/loan1_raw.json (2299 blocks)
2025-10-29 16:10:16 [INFO] [run_textract] ------------------------------------------------------------
2025-10-29 16:10:16 [INFO] [run_textract] 🚀 Starting Textract for: loan2.pdf
2025-10-29 16:10:17 [INFO] [run_textract] 🪄 Job started: d2a20c63019c7a0f19ac884d19e1fd1b6cd9707fd4c319d155c169577d59775c
2025-10-29 16:10:17 [INFO] [run_textract] ⏳ Waiting for Textract job to finish for loan2.pdf...
2025-10-29 16:10:22 [INFO] [run_textract] ⏳ Waiting for Textract job to finish for loan2.pdf...
2025-10-29 16:10:29 [INFO] [run_textract] ⏳ Waiting for Textract job to finish for loan2.pdf...
2025-10-29 16:10:34 [INFO] [run_textract] ⏳ Waiting for Textract job to finish for loan2.pdf...
2025-10-29 16:10:39 [INFO] [run_textract] ⏳ Waiting for Textract job to finish for loan2.pdf...
2025-10-29 16:10:49 [INFO] [run_textract] 📄 Retrieved page 1 (1000 blocks)
2025-10-29 16:10:51 [INFO] [run_textract] 📄 Retrieved page 2 (1000 blocks)
2025-10-29 16:10:54 [INFO] [run_textract] 📄 Retrieved page 3 (797 blocks)
2025-10-29 16:10:54 [INFO] [run_textract] ✅ Total blocks retrieved: 2797 across 3 pages
2025-10-29 16:10:55 [INFO] [run_textract] ✅ Saved Textract output: data/raw/loan2_raw.json (2797 blocks)
2025-10-29 16:10:55 [INFO] [run_textract] ------------------------------------------------------------
2025-10-29 16:10:55 [INFO] [run_textract] 🚀 Starting Textract for: loan3.pdf
2025-10-29 16:10:55 [INFO] [run_textract] 🪄 Job started: 95d780a2bc2f5657392b838fe615cebce651d6099b2c5145bfb23faba64055c2
2025-10-29 16:10:55 [INFO] [run_textract] ⏳ Waiting for Textract job to finish for loan3.pdf...
2025-10-29 16:11:02 [INFO] [run_textract] ⏳ Waiting for Textract job to finish for loan3.pdf...
2025-10-29 16:11:07 [INFO] [run_textract] ⏳ Waiting for Textract job to finish for loan3.pdf...
2025-10-29 16:11:12 [INFO] [run_textract] ⏳ Waiting for Textract job to finish for loan3.pdf...
2025-10-29 16:11:17 [INFO] [run_textract] ⏳ Waiting for Textract job to finish for loan3.pdf...
2025-10-29 16:11:25 [INFO] [run_textract] 📄 Retrieved page 1 (1000 blocks)
2025-10-29 16:11:27 [INFO] [run_textract] 📄 Retrieved page 2 (1000 blocks)
2025-10-29 16:11:31 [INFO] [run_textract] 📄 Retrieved page 3 (1000 blocks)
2025-10-29 16:11:33 [INFO] [run_textract] 📄 Retrieved page 4 (1000 blocks)
2025-10-29 16:11:35 [INFO] [run_textract] 📄 Retrieved page 5 (1000 blocks)
2025-10-29 16:11:38 [INFO] [run_textract] 📄 Retrieved page 6 (1000 blocks)
2025-10-29 16:11:40 [INFO] [run_textract] 📄 Retrieved page 7 (1000 blocks)
2025-10-29 16:11:42 [INFO] [run_textract] 📄 Retrieved page 8 (1000 blocks)
2025-10-29 16:11:44 [INFO] [run_textract] 📄 Retrieved page 9 (1000 blocks)
2025-10-29 16:11:46 [INFO] [run_textract] 📄 Retrieved page 10 (881 blocks)
2025-10-29 16:11:46 [INFO] [run_textract] ✅ Total blocks retrieved: 9881 across 10 pages
2025-10-29 16:11:49 [INFO] [run_textract] ✅ Saved Textract output: data/raw/loan3_raw.json (9881 blocks)
2025-10-29 16:11:50 [INFO] [run_textract] ------------------------------------------------------------
2025-10-29 16:11:50 [INFO] [run_textract] 🚀 Starting Textract for: pl_agreement.pdf
2025-10-29 16:11:50 [INFO] [run_textract] 🪄 Job started: 0f0cbf7d6f582414b9676f00691c0bb001b421e267816399fd1a8c1ea483a833
2025-10-29 16:11:50 [INFO] [run_textract] ⏳ Waiting for Textract job to finish for pl_agreement.pdf...
2025-10-29 16:11:55 [INFO] [run_textract] ⏳ Waiting for Textract job to finish for pl_agreement.pdf...
2025-10-29 16:12:02 [INFO] [run_textract] ⏳ Waiting for Textract job to finish for pl_agreement.pdf...
2025-10-29 16:12:09 [INFO] [run_textract] 📄 Retrieved page 1 (1000 blocks)
2025-10-29 16:12:10 [INFO] [run_textract] 📄 Retrieved page 2 (1000 blocks)
2025-10-29 16:12:12 [INFO] [run_textract] 📄 Retrieved page 3 (1000 blocks)
2025-10-29 16:12:13 [INFO] [run_textract] 📄 Retrieved page 4 (1000 blocks)
2025-10-29 16:12:15 [INFO] [run_textract] 📄 Retrieved page 5 (1000 blocks)
2025-10-29 16:12:17 [INFO] [run_textract] 📄 Retrieved page 6 (1000 blocks)
2025-10-29 16:12:19 [INFO] [run_textract] 📄 Retrieved page 7 (1000 blocks)
2025-10-29 16:12:21 [INFO] [run_textract] 📄 Retrieved page 8 (1000 blocks)
2025-10-29 16:12:23 [INFO] [run_textract] 📄 Retrieved page 9 (1000 blocks)
2025-10-29 16:12:25 [INFO] [run_textract] 📄 Retrieved page 10 (1000 blocks)
2025-10-29 16:12:28 [INFO] [run_textract] 📄 Retrieved page 11 (1000 blocks)
2025-10-29 16:12:29 [INFO] [run_textract] 📄 Retrieved page 12 (234 blocks)
2025-10-29 16:12:29 [INFO] [run_textract] ✅ Total blocks retrieved: 11234 across 12 pages
2025-10-29 16:12:35 [INFO] [run_textract] ✅ Saved Textract output: data/raw/pl_agreement_raw.json (11234 blocks)
2025-10-29 16:12:35 [INFO] [run_textract] ------------------------------------------------------------
2025-10-29 16:12:35 [INFO] [run_textract] 🚀 Starting Textract for: specimen-agreement.pdf
2025-10-29 16:12:36 [INFO] [run_textract] 🪄 Job started: f55188c5337472c187d0c187c3a70db055ba5dba10350c860275f4473029dc4b
2025-10-29 16:12:36 [INFO] [run_textract] ⏳ Waiting for Textract job to finish for specimen-agreement.pdf...
2025-10-29 16:12:41 [INFO] [run_textract] ⏳ Waiting for Textract job to finish for specimen-agreement.pdf...
2025-10-29 16:12:46 [INFO] [run_textract] ⏳ Waiting for Textract job to finish for specimen-agreement.pdf...
2025-10-29 16:12:51 [INFO] [run_textract] ⏳ Waiting for Textract job to finish for specimen-agreement.pdf...
2025-10-29 16:12:56 [INFO] [run_textract] ⏳ Waiting for Textract job to finish for specimen-agreement.pdf...
2025-10-29 16:13:03 [INFO] [run_textract] 📄 Retrieved page 1 (1000 blocks)
2025-10-29 16:13:07 [INFO] [run_textract] 📄 Retrieved page 2 (1000 blocks)
2025-10-29 16:13:09 [INFO] [run_textract] 📄 Retrieved page 3 (1000 blocks)
2025-10-29 16:13:12 [INFO] [run_textract] 📄 Retrieved page 4 (1000 blocks)
2025-10-29 16:13:14 [INFO] [run_textract] 📄 Retrieved page 5 (1000 blocks)
2025-10-29 16:13:15 [INFO] [run_textract] 📄 Retrieved page 6 (407 blocks)
2025-10-29 16:13:15 [INFO] [run_textract] ✅ Total blocks retrieved: 5407 across 6 pages
2025-10-29 16:13:17 [INFO] [run_textract] ✅ Saved Textract output: data/raw/specimen-agreement_raw.json (5407 blocks)
2025-10-29 16:13:17 [INFO] [run_textract] ------------------------------------------------------------
2025-10-29 16:13:17 [INFO] [run_textract] ✅ Completed Textract for 7 files.
2025-10-29 16:22:21 [INFO] [run_textract] 🚀 Starting Textract for: Personal-Loan-Agreement.pdf
2025-10-29 16:22:21 [INFO] [run_textract] 🪄 Job started: 91c65dcc40049bb420b070a9b2ed87eb1ef12a51dd55e1ac27694974a2e5db83
2025-10-29 16:22:22 [INFO] [run_textract] ⏳ Waiting for Textract job to finish for Personal-Loan-Agreement.pdf...
2025-10-29 16:22:27 [INFO] [run_textract] ⏳ Waiting for Textract job to finish for Personal-Loan-Agreement.pdf...
2025-10-29 16:22:32 [INFO] [run_textract] ⏳ Waiting for Textract job to finish for Personal-Loan-Agreement.pdf...
2025-10-29 16:22:37 [INFO] [run_textract] ⏳ Waiting for Textract job to finish for Personal-Loan-Agreement.pdf...
2025-10-29 16:22:44 [INFO] [run_textract] ⏳ Waiting for Textract job to finish for Personal-Loan-Agreement.pdf...
2025-10-29 16:22:49 [INFO] [run_textract] ⏳ Waiting for Textract job to finish for Personal-Loan-Agreement.pdf...
2025-10-29 16:22:54 [INFO] [run_textract] ⏳ Waiting for Textract job to finish for Personal-Loan-Agreement.pdf...
2025-10-29 16:22:59 [INFO] [run_textract] ⏳ Waiting for Textract job to finish for Personal-Loan-Agreement.pdf...
2025-10-29 16:23:04 [INFO] [run_textract] ⏳ Waiting for Textract job to finish for Personal-Loan-Agreement.pdf...
2025-10-29 16:23:09 [INFO] [run_textract] ⏳ Waiting for Textract job to finish for Personal-Loan-Agreement.pdf...
2025-10-29 16:23:16 [INFO] [run_textract] ⏳ Waiting for Textract job to finish for Personal-Loan-Agreement.pdf...
2025-10-29 16:23:21 [INFO] [run_textract] ⏳ Waiting for Textract job to finish for Personal-Loan-Agreement.pdf...
2025-10-29 16:23:26 [INFO] [run_textract] ⏳ Waiting for Textract job to finish for Personal-Loan-Agreement.pdf...
2025-10-29 16:23:36 [INFO] [run_textract] 📄 Retrieved page 1 (1000 blocks)
2025-10-29 16:23:37 [INFO] [run_textract] 📄 Retrieved page 2 (134 blocks)
2025-10-29 16:23:37 [INFO] [run_textract] ✅ Total blocks retrieved: 1134 across 2 pages
2025-10-29 16:23:37 [INFO] [run_textract] ✅ Saved Textract output: data/raw/Personal-Loan-Agreement_raw.json (1134 blocks)
2025-10-29 16:23:38 [INFO] [run_textract] ------------------------------------------------------------
2025-10-29 16:23:38 [INFO] [run_textract] 🚀 Starting Textract for: gss-term-loan-agreement-ccd-5.pdf
2025-10-29 16:23:38 [INFO] [run_textract] 🪄 Job started: e9f83b2a42b23f7b653a77bcb49121862e63584e33e1e8ccd921c2be21768e40
2025-10-29 16:23:38 [INFO] [run_textract] ⏳ Waiting for Textract job to finish for gss-term-loan-agreement-ccd-5.pdf...
2025-10-29 16:23:45 [INFO] [run_textract] ⏳ Waiting for Textract job to finish for gss-term-loan-agreement-ccd-5.pdf...
2025-10-29 16:23:50 [INFO] [run_textract] ⏳ Waiting for Textract job to finish for gss-term-loan-agreement-ccd-5.pdf...
2025-10-29 16:23:55 [INFO] [run_textract] ⏳ Waiting for Textract job to finish for gss-term-loan-agreement-ccd-5.pdf...
2025-10-29 16:24:01 [INFO] [run_textract] ⏳ Waiting for Textract job to finish for gss-term-loan-agreement-ccd-5.pdf...
2025-10-29 16:24:06 [INFO] [run_textract] ⏳ Waiting for Textract job to finish for gss-term-loan-agreement-ccd-5.pdf...
2025-10-29 16:24:11 [INFO] [run_textract] ⏳ Waiting for Textract job to finish for gss-term-loan-agreement-ccd-5.pdf...
2025-10-29 16:24:18 [INFO] [run_textract] ⏳ Waiting for Textract job to finish for gss-term-loan-agreement-ccd-5.pdf...
2025-10-29 16:24:23 [INFO] [run_textract] ⏳ Waiting for Textract job to finish for gss-term-loan-agreement-ccd-5.pdf...
2025-10-29 16:24:30 [INFO] [run_textract] 📄 Retrieved page 1 (1000 blocks)
2025-10-29 16:24:32 [INFO] [run_textract] 📄 Retrieved page 2 (1000 blocks)
2025-10-29 16:24:34 [INFO] [run_textract] 📄 Retrieved page 3 (1000 blocks)
2025-10-29 16:24:35 [INFO] [run_textract] 📄 Retrieved page 4 (1000 blocks)
2025-10-29 16:24:37 [INFO] [run_textract] 📄 Retrieved page 5 (1000 blocks)
2025-10-29 16:24:40 [INFO] [run_textract] 📄 Retrieved page 6 (1000 blocks)
2025-10-29 16:24:42 [INFO] [run_textract] 📄 Retrieved page 7 (1000 blocks)
2025-10-29 16:24:44 [INFO] [run_textract] 📄 Retrieved page 8 (1000 blocks)
2025-10-29 16:24:46 [INFO] [run_textract] 📄 Retrieved page 9 (1000 blocks)
2025-10-29 16:24:50 [INFO] [run_textract] 📄 Retrieved page 10 (1000 blocks)
2025-10-29 16:24:52 [INFO] [run_textract] 📄 Retrieved page 11 (563 blocks)
2025-10-29 16:24:52 [INFO] [run_textract] ✅ Total blocks retrieved: 10563 across 11 pages
2025-10-29 16:24:55 [INFO] [run_textract] ✅ Saved Textract output: data/raw/gss-term-loan-agreement-ccd-5_raw.json (10563 blocks)
2025-10-29 16:24:55 [INFO] [run_textract] ------------------------------------------------------------
2025-10-29 16:24:55 [INFO] [run_textract] 🚀 Starting Textract for: loan1.pdf
2025-10-29 16:24:55 [INFO] [run_textract] 🪄 Job started: 27c714e531d53d994cc04a759d1826f6bea19f484ad671f64d32061d0a437ad0
2025-10-29 16:24:56 [INFO] [run_textract] ⏳ Waiting for Textract job to finish for loan1.pdf...
2025-10-29 16:25:01 [INFO] [run_textract] ⏳ Waiting for Textract job to finish for loan1.pdf...
2025-10-29 16:25:08 [INFO] [run_textract] 📄 Retrieved page 1 (1000 blocks)
2025-10-29 16:25:10 [INFO] [run_textract] 📄 Retrieved page 2 (1000 blocks)
2025-10-29 16:25:11 [INFO] [run_textract] 📄 Retrieved page 3 (299 blocks)
2025-10-29 16:25:11 [INFO] [run_textract] ✅ Total blocks retrieved: 2299 across 3 pages
2025-10-29 16:25:12 [INFO] [run_textract] ✅ Saved Textract output: data/raw/loan1_raw.json (2299 blocks)
2025-10-29 16:25:12 [INFO] [run_textract] ------------------------------------------------------------
2025-10-29 16:25:12 [INFO] [run_textract] 🚀 Starting Textract for: loan2.pdf
2025-10-29 16:25:13 [INFO] [run_textract] 🪄 Job started: 467065b4133e35d3e6e1314915bdbb057b45932c028a2d6d6e7a89b4fd08ff38
2025-10-29 16:25:13 [INFO] [run_textract] ⏳ Waiting for Textract job to finish for loan2.pdf...
2025-10-29 16:25:18 [INFO] [run_textract] ⏳ Waiting for Textract job to finish for loan2.pdf...
2025-10-29 16:25:27 [INFO] [run_textract] 📄 Retrieved page 1 (1000 blocks)
2025-10-29 16:25:29 [INFO] [run_textract] 📄 Retrieved page 2 (1000 blocks)
2025-10-29 16:25:31 [INFO] [run_textract] 📄 Retrieved page 3 (797 blocks)
2025-10-29 16:25:31 [INFO] [run_textract] ✅ Total blocks retrieved: 2797 across 3 pages
2025-10-29 16:25:33 [INFO] [run_textract] ✅ Saved Textract output: data/raw/loan2_raw.json (2797 blocks)
2025-10-29 16:25:33 [INFO] [run_textract] ------------------------------------------------------------
2025-10-29 16:25:33 [INFO] [run_textract] 🚀 Starting Textract for: loan3.pdf
2025-10-29 16:25:33 [INFO] [run_textract] 🪄 Job started: f6a8003dc6fd21cda7c3fb7f3df18b3dbd98914e5ac3ccea5a885a0e06af200c
2025-10-29 16:25:33 [INFO] [run_textract] ⏳ Waiting for Textract job to finish for loan3.pdf...
2025-10-29 16:25:38 [INFO] [run_textract] ⏳ Waiting for Textract job to finish for loan3.pdf...
2025-10-29 16:25:43 [INFO] [run_textract] ⏳ Waiting for Textract job to finish for loan3.pdf...
2025-10-29 16:25:53 [INFO] [run_textract] 📄 Retrieved page 1 (1000 blocks)
2025-10-29 16:25:55 [INFO] [run_textract] 📄 Retrieved page 2 (1000 blocks)
2025-10-29 16:25:57 [INFO] [run_textract] 📄 Retrieved page 3 (1000 blocks)
2025-10-29 16:25:58 [INFO] [run_textract] 📄 Retrieved page 4 (1000 blocks)
2025-10-29 16:26:01 [INFO] [run_textract] 📄 Retrieved page 5 (1000 blocks)
2025-10-29 16:26:03 [INFO] [run_textract] 📄 Retrieved page 6 (1000 blocks)
2025-10-29 16:26:06 [INFO] [run_textract] 📄 Retrieved page 7 (1000 blocks)
2025-10-29 16:26:08 [INFO] [run_textract] 📄 Retrieved page 8 (1000 blocks)
2025-10-29 16:26:11 [INFO] [run_textract] 📄 Retrieved page 9 (1000 blocks)
2025-10-29 16:26:15 [INFO] [run_textract] 📄 Retrieved page 10 (881 blocks)
2025-10-29 16:26:15 [INFO] [run_textract] ✅ Total blocks retrieved: 9881 across 10 pages
2025-10-29 16:26:17 [INFO] [run_textract] ✅ Saved Textract output: data/raw/loan3_raw.json (9881 blocks)
2025-10-29 16:26:17 [INFO] [run_textract] ------------------------------------------------------------
2025-10-29 16:26:18 [INFO] [run_textract] 🚀 Starting Textract for: pl_agreement.pdf
2025-10-29 16:26:18 [INFO] [run_textract] 🪄 Job started: 82e152e692693eca6cc82d3abc1293953801ec81565c9acbd9988d12aff246da
2025-10-29 16:26:18 [INFO] [run_textract] ⏳ Waiting for Textract job to finish for pl_agreement.pdf...
2025-10-29 16:26:25 [INFO] [run_textract] ⏳ Waiting for Textract job to finish for pl_agreement.pdf...
2025-10-29 16:26:30 [INFO] [run_textract] ⏳ Waiting for Textract job to finish for pl_agreement.pdf...
2025-10-29 16:26:38 [INFO] [run_textract] 📄 Retrieved page 1 (1000 blocks)
2025-10-29 16:26:39 [INFO] [run_textract] 📄 Retrieved page 2 (1000 blocks)
2025-10-29 16:26:41 [INFO] [run_textract] 📄 Retrieved page 3 (1000 blocks)
2025-10-29 16:26:43 [INFO] [run_textract] 📄 Retrieved page 4 (1000 blocks)
2025-10-29 16:26:44 [INFO] [run_textract] 📄 Retrieved page 5 (1000 blocks)
2025-10-29 16:26:46 [INFO] [run_textract] 📄 Retrieved page 6 (1000 blocks)
2025-10-29 16:26:48 [INFO] [run_textract] 📄 Retrieved page 7 (1000 blocks)
2025-10-29 16:26:57 [INFO] [run_textract] 📄 Retrieved page 8 (1000 blocks)
2025-10-29 16:26:59 [INFO] [run_textract] 📄 Retrieved page 9 (1000 blocks)
2025-10-29 16:27:01 [INFO] [run_textract] 📄 Retrieved page 10 (1000 blocks)
2025-10-29 16:27:03 [INFO] [run_textract] 📄 Retrieved page 11 (1000 blocks)
2025-10-29 16:27:04 [INFO] [run_textract] 📄 Retrieved page 12 (234 blocks)
2025-10-29 16:27:04 [INFO] [run_textract] ✅ Total blocks retrieved: 11234 across 12 pages
2025-10-29 16:27:08 [INFO] [run_textract] ✅ Saved Textract output: data/raw/pl_agreement_raw.json (11234 blocks)
2025-10-29 16:27:08 [INFO] [run_textract] ------------------------------------------------------------
2025-10-29 16:27:08 [INFO] [run_textract] 🚀 Starting Textract for: specimen-agreement.pdf
2025-10-29 16:27:08 [INFO] [run_textract] 🪄 Job started: 1203073f68883906a9c541a91de444f0471a390599d3437fc70f45f16274c989
2025-10-29 16:27:08 [INFO] [run_textract] ⏳ Waiting for Textract job to finish for specimen-agreement.pdf...
2025-10-29 16:27:13 [INFO] [run_textract] ⏳ Waiting for Textract job to finish for specimen-agreement.pdf...
2025-10-29 16:27:20 [INFO] [run_textract] 📄 Retrieved page 1 (1000 blocks)
2025-10-29 16:27:22 [INFO] [run_textract] 📄 Retrieved page 2 (1000 blocks)
2025-10-29 16:27:23 [INFO] [run_textract] 📄 Retrieved page 3 (1000 blocks)
2025-10-29 16:27:28 [INFO] [run_textract] 📄 Retrieved page 4 (1000 blocks)
2025-10-29 16:27:31 [INFO] [run_textract] 📄 Retrieved page 5 (1000 blocks)
2025-10-29 16:27:33 [INFO] [run_textract] 📄 Retrieved page 6 (407 blocks)
2025-10-29 16:27:33 [INFO] [run_textract] ✅ Total blocks retrieved: 5407 across 6 pages
2025-10-29 16:27:35 [INFO] [run_textract] ✅ Saved Textract output: data/raw/specimen-agreement_raw.json (5407 blocks)
2025-10-29 16:27:35 [INFO] [run_textract] ------------------------------------------------------------
2025-10-29 16:27:35 [INFO] [run_textract] ✅ Completed Textract for 7 files.
2025-10-29 16:36:56 [INFO] [run_textract] 🚀 Starting Textract for: Personal-Loan-Agreement.pdf
2025-10-29 16:36:57 [INFO] [run_textract] 🪄 Job started: 593ac01866249be3ef9f463d52fb44bdcc8f3ff5cf6bc881e98cca52e98deab7
2025-10-29 16:36:57 [INFO] [run_textract] ⏳ Waiting for Textract job to finish for Personal-Loan-Agreement.pdf...
2025-10-29 16:37:05 [INFO] [run_textract] 📄 Retrieved page 1 (1000 blocks)
2025-10-29 16:37:07 [INFO] [run_textract] 📄 Retrieved page 2 (134 blocks)
2025-10-29 16:37:07 [INFO] [run_textract] ✅ Total blocks retrieved: 1134 across 2 pages
2025-10-29 16:37:07 [INFO] [run_textract] ✅ Saved Textract output: data/raw/Personal-Loan-Agreement_raw.json (1134 blocks)
2025-10-29 16:37:07 [INFO] [run_textract] ------------------------------------------------------------
2025-10-29 16:37:07 [INFO] [run_textract] 🚀 Starting Textract for: gss-term-loan-agreement-ccd-5.pdf
2025-10-29 16:37:07 [INFO] [run_textract] 🪄 Job started: e7f128494bff86eaae1d2e14b6da12da3559542de293edd35f3398d43cdbd7a4
2025-10-29 16:37:07 [INFO] [run_textract] ⏳ Waiting for Textract job to finish for gss-term-loan-agreement-ccd-5.pdf...
2025-10-29 16:37:12 [INFO] [run_textract] ⏳ Waiting for Textract job to finish for gss-term-loan-agreement-ccd-5.pdf...
2025-10-29 16:37:17 [INFO] [run_textract] ⏳ Waiting for Textract job to finish for gss-term-loan-agreement-ccd-5.pdf...
2025-10-29 16:37:24 [INFO] [run_textract] 📄 Retrieved page 1 (1000 blocks)
2025-10-29 16:37:27 [INFO] [run_textract] 📄 Retrieved page 2 (1000 blocks)
2025-10-29 16:37:29 [INFO] [run_textract] 📄 Retrieved page 3 (1000 blocks)
2025-10-29 16:37:32 [INFO] [run_textract] 📄 Retrieved page 4 (1000 blocks)
2025-10-29 16:37:36 [INFO] [run_textract] 📄 Retrieved page 5 (1000 blocks)
2025-10-29 16:37:39 [INFO] [run_textract] 📄 Retrieved page 6 (1000 blocks)
2025-10-29 16:37:41 [INFO] [run_textract] 📄 Retrieved page 7 (1000 blocks)
2025-10-29 16:37:43 [INFO] [run_textract] 📄 Retrieved page 8 (1000 blocks)
2025-10-29 16:37:46 [INFO] [run_textract] 📄 Retrieved page 9 (1000 blocks)
2025-10-29 16:37:49 [INFO] [run_textract] 📄 Retrieved page 10 (1000 blocks)
2025-10-29 16:37:50 [INFO] [run_textract] 📄 Retrieved page 11 (563 blocks)
2025-10-29 16:37:50 [INFO] [run_textract] ✅ Total blocks retrieved: 10563 across 11 pages
2025-10-29 16:37:54 [INFO] [run_textract] ✅ Saved Textract output: data/raw/gss-term-loan-agreement-ccd-5_raw.json (10563 blocks)
2025-10-29 16:37:54 [INFO] [run_textract] ------------------------------------------------------------
2025-10-29 16:37:54 [INFO] [run_textract] 🚀 Starting Textract for: loan1.pdf
2025-10-29 16:37:54 [INFO] [run_textract] 🪄 Job started: abc845635c6f303d4ca8ac09070f5b1f6528fec4d329d98905122d2d2105c8e0
2025-10-29 16:37:54 [INFO] [run_textract] ⏳ Waiting for Textract job to finish for loan1.pdf...
2025-10-29 16:37:59 [INFO] [run_textract] ⏳ Waiting for Textract job to finish for loan1.pdf...
2025-10-29 16:38:08 [INFO] [run_textract] 📄 Retrieved page 1 (1000 blocks)
2025-10-29 16:38:11 [INFO] [run_textract] 📄 Retrieved page 2 (1000 blocks)
2025-10-29 16:38:13 [INFO] [run_textract] 📄 Retrieved page 3 (299 blocks)
2025-10-29 16:38:13 [INFO] [run_textract] ✅ Total blocks retrieved: 2299 across 3 pages
2025-10-29 16:38:13 [INFO] [run_textract] ✅ Saved Textract output: data/raw/loan1_raw.json (2299 blocks)
2025-10-29 16:38:14 [INFO] [run_textract] ------------------------------------------------------------
2025-10-29 16:38:14 [INFO] [run_textract] 🚀 Starting Textract for: loan2.pdf
2025-10-29 16:38:14 [INFO] [run_textract] 🪄 Job started: af4d9c590884218740ff6e9fcd4b67f2bd4d269ec1ebc02e755ae37b15ec54dc
2025-10-29 16:38:14 [INFO] [run_textract] ⏳ Waiting for Textract job to finish for loan2.pdf...
2025-10-29 16:38:19 [INFO] [run_textract] ⏳ Waiting for Textract job to finish for loan2.pdf...
2025-10-29 16:38:26 [INFO] [run_textract] 📄 Retrieved page 1 (1000 blocks)
2025-10-29 16:38:27 [INFO] [run_textract] 📄 Retrieved page 2 (1000 blocks)
2025-10-29 16:38:29 [INFO] [run_textract] 📄 Retrieved page 3 (797 blocks)
2025-10-29 16:38:29 [INFO] [run_textract] ✅ Total blocks retrieved: 2797 across 3 pages
2025-10-29 16:38:30 [INFO] [run_textract] ✅ Saved Textract output: data/raw/loan2_raw.json (2797 blocks)
2025-10-29 16:38:30 [INFO] [run_textract] ------------------------------------------------------------
2025-10-29 16:38:31 [INFO] [run_textract] 🚀 Starting Textract for: loan3.pdf
2025-10-29 16:38:31 [INFO] [run_textract] 🪄 Job started: fa8a8acd8b6fbed34db5001dd4c55f7e7f374719a3411b8164c4213203c16784
2025-10-29 16:38:31 [INFO] [run_textract] ⏳ Waiting for Textract job to finish for loan3.pdf...
2025-10-29 16:38:36 [INFO] [run_textract] ⏳ Waiting for Textract job to finish for loan3.pdf...
2025-10-29 16:38:43 [INFO] [run_textract] ⏳ Waiting for Textract job to finish for loan3.pdf...
2025-10-29 16:38:48 [INFO] [run_textract] ⏳ Waiting for Textract job to finish for loan3.pdf...
2025-10-29 16:38:53 [INFO] [run_textract] ⏳ Waiting for Textract job to finish for loan3.pdf...
2025-10-29 16:38:59 [INFO] [run_textract] 📄 Retrieved page 1 (1000 blocks)
2025-10-29 16:39:02 [INFO] [run_textract] 📄 Retrieved page 2 (1000 blocks)
2025-10-29 16:39:05 [INFO] [run_textract] 📄 Retrieved page 3 (1000 blocks)
2025-10-29 16:39:07 [INFO] [run_textract] 📄 Retrieved page 4 (1000 blocks)
2025-10-29 16:39:12 [INFO] [run_textract] 📄 Retrieved page 5 (1000 blocks)
2025-10-29 16:39:14 [INFO] [run_textract] 📄 Retrieved page 6 (1000 blocks)
2025-10-29 16:39:16 [INFO] [run_textract] 📄 Retrieved page 7 (1000 blocks)
2025-10-29 16:39:18 [INFO] [run_textract] 📄 Retrieved page 8 (1000 blocks)
2025-10-29 16:39:20 [INFO] [run_textract] 📄 Retrieved page 9 (1000 blocks)
2025-10-29 16:39:22 [INFO] [run_textract] 📄 Retrieved page 10 (881 blocks)
2025-10-29 16:39:22 [INFO] [run_textract] ✅ Total blocks retrieved: 9881 across 10 pages
2025-10-29 16:39:25 [INFO] [run_textract] ✅ Saved Textract output: data/raw/loan3_raw.json (9881 blocks)
2025-10-29 16:39:25 [INFO] [run_textract] ------------------------------------------------------------
2025-10-29 16:39:25 [INFO] [run_textract] 🚀 Starting Textract for: pl_agreement.pdf
2025-10-29 16:39:26 [INFO] [run_textract] 🪄 Job started: a4e304a95737490be400ea0dd554a00d3cbd4dc85094811837481a15af59285e
2025-10-29 16:39:26 [INFO] [run_textract] ⏳ Waiting for Textract job to finish for pl_agreement.pdf...
2025-10-29 16:39:31 [INFO] [run_textract] ⏳ Waiting for Textract job to finish for pl_agreement.pdf...
2025-10-29 16:39:36 [INFO] [run_textract] ⏳ Waiting for Textract job to finish for pl_agreement.pdf...
2025-10-29 16:39:43 [INFO] [run_textract] ⏳ Waiting for Textract job to finish for pl_agreement.pdf...
2025-10-29 16:39:48 [INFO] [run_textract] ⏳ Waiting for Textract job to finish for pl_agreement.pdf...
2025-10-29 16:39:57 [INFO] [run_textract] 📄 Retrieved page 1 (1000 blocks)
2025-10-29 16:39:59 [INFO] [run_textract] 📄 Retrieved page 2 (1000 blocks)
2025-10-29 16:40:01 [INFO] [run_textract] 📄 Retrieved page 3 (1000 blocks)
2025-10-29 16:40:02 [INFO] [run_textract] 📄 Retrieved page 4 (1000 blocks)
2025-10-29 16:40:04 [INFO] [run_textract] 📄 Retrieved page 5 (1000 blocks)
2025-10-29 16:40:06 [INFO] [run_textract] 📄 Retrieved page 6 (1000 blocks)
2025-10-29 16:40:09 [INFO] [run_textract] 📄 Retrieved page 7 (1000 blocks)
2025-10-29 16:40:11 [INFO] [run_textract] 📄 Retrieved page 8 (1000 blocks)
2025-10-29 16:40:16 [INFO] [run_textract] 📄 Retrieved page 9 (1000 blocks)
2025-10-29 16:40:19 [INFO] [run_textract] 📄 Retrieved page 10 (1000 blocks)
2025-10-29 16:40:21 [INFO] [run_textract] 📄 Retrieved page 11 (1000 blocks)
2025-10-29 16:40:23 [INFO] [run_textract] 📄 Retrieved page 12 (234 blocks)
2025-10-29 16:40:23 [INFO] [run_textract] ✅ Total blocks retrieved: 11234 across 12 pages
2025-10-29 16:40:27 [INFO] [run_textract] ✅ Saved Textract output: data/raw/pl_agreement_raw.json (11234 blocks)
2025-10-29 16:40:27 [INFO] [run_textract] ------------------------------------------------------------
2025-10-29 16:40:27 [INFO] [run_textract] 🚀 Starting Textract for: specimen-agreement.pdf
2025-10-29 16:40:28 [INFO] [run_textract] 🪄 Job started: 7fea2ce4e60f1274e15a4ca89ccbf193aac7c730298bd54a356992ce4131c739
2025-10-29 16:40:28 [INFO] [run_textract] ⏳ Waiting for Textract job to finish for specimen-agreement.pdf...
2025-10-29 16:40:33 [INFO] [run_textract] ⏳ Waiting for Textract job to finish for specimen-agreement.pdf...
2025-10-29 16:40:38 [INFO] [run_textract] ⏳ Waiting for Textract job to finish for specimen-agreement.pdf...
2025-10-29 16:40:43 [INFO] [run_textract] ⏳ Waiting for Textract job to finish for specimen-agreement.pdf...
2025-10-29 16:40:51 [INFO] [run_textract] 📄 Retrieved page 1 (1000 blocks)
2025-10-29 16:40:53 [INFO] [run_textract] 📄 Retrieved page 2 (1000 blocks)
2025-10-29 16:40:54 [INFO] [run_textract] 📄 Retrieved page 3 (1000 blocks)
2025-10-29 16:40:56 [INFO] [run_textract] 📄 Retrieved page 4 (1000 blocks)
2025-10-29 16:40:58 [INFO] [run_textract] 📄 Retrieved page 5 (1000 blocks)
2025-10-29 16:41:00 [INFO] [run_textract] 📄 Retrieved page 6 (407 blocks)
2025-10-29 16:41:00 [INFO] [run_textract] ✅ Total blocks retrieved: 5407 across 6 pages
2025-10-29 16:41:01 [INFO] [run_textract] ✅ Saved Textract output: data/raw/specimen-agreement_raw.json (5407 blocks)
2025-10-29 16:41:01 [INFO] [run_textract] ------------------------------------------------------------
2025-10-29 16:41:01 [INFO] [run_textract] ✅ Completed Textract for 7 files.
2025-10-29 16:50:40 [INFO] [run_textract] 🚀 Starting Textract for: Personal-Loan-Agreement.pdf
2025-10-29 16:50:40 [INFO] [run_textract] 🪄 Job started: 6aecccabdce88aee3e1b346b9e450dcc62de49b6a340d062c4847741a9ccc1c8
2025-10-29 16:50:40 [INFO] [run_textract] ⏳ Waiting for Textract job to finish for Personal-Loan-Agreement.pdf...
2025-10-29 16:50:46 [INFO] [run_textract] 📄 Retrieved page 1 (1000 blocks)
2025-10-29 16:50:47 [INFO] [run_textract] 📄 Retrieved page 2 (134 blocks)
2025-10-29 16:50:47 [INFO] [run_textract] ✅ Total blocks retrieved: 1134 across 2 pages
2025-10-29 16:50:48 [INFO] [run_textract] ✅ Saved Textract output: data/raw/Personal-Loan-Agreement_raw.json (1134 blocks)
2025-10-29 16:50:48 [INFO] [run_textract] ------------------------------------------------------------
2025-10-29 16:50:48 [INFO] [run_textract] 🚀 Starting Textract for: gss-term-loan-agreement-ccd-5.pdf
2025-10-29 16:50:48 [INFO] [run_textract] 🪄 Job started: 985eff399962ab9fef9483dce1f789541f54a9681bdef9f35318b50b25b29c5a
2025-10-29 16:50:48 [INFO] [run_textract] ⏳ Waiting for Textract job to finish for gss-term-loan-agreement-ccd-5.pdf...
2025-10-29 16:50:55 [INFO] [run_textract] ⏳ Waiting for Textract job to finish for gss-term-loan-agreement-ccd-5.pdf...
2025-10-29 16:51:00 [INFO] [run_textract] ⏳ Waiting for Textract job to finish for gss-term-loan-agreement-ccd-5.pdf...
2025-10-29 16:51:07 [INFO] [run_textract] 📄 Retrieved page 1 (1000 blocks)
2025-10-29 16:51:09 [INFO] [run_textract] 📄 Retrieved page 2 (1000 blocks)
2025-10-29 16:51:10 [INFO] [run_textract] 📄 Retrieved page 3 (1000 blocks)
2025-10-29 16:51:13 [INFO] [run_textract] 📄 Retrieved page 4 (1000 blocks)
2025-10-29 16:51:15 [INFO] [run_textract] 📄 Retrieved page 5 (1000 blocks)
2025-10-29 16:51:19 [INFO] [run_textract] 📄 Retrieved page 6 (1000 blocks)
2025-10-29 16:51:21 [INFO] [run_textract] 📄 Retrieved page 7 (1000 blocks)
2025-10-29 16:51:24 [INFO] [run_textract] 📄 Retrieved page 8 (1000 blocks)
2025-10-29 16:51:28 [INFO] [run_textract] 📄 Retrieved page 9 (1000 blocks)
2025-10-29 16:51:30 [INFO] [run_textract] 📄 Retrieved page 10 (1000 blocks)
2025-10-29 16:51:31 [INFO] [run_textract] 📄 Retrieved page 11 (563 blocks)
2025-10-29 16:51:31 [INFO] [run_textract] ✅ Total blocks retrieved: 10563 across 11 pages
2025-10-29 16:51:34 [INFO] [run_textract] ✅ Saved Textract output: data/raw/gss-term-loan-agreement-ccd-5_raw.json (10563 blocks)
2025-10-29 16:51:35 [INFO] [run_textract] ------------------------------------------------------------
2025-10-29 16:51:35 [INFO] [run_textract] 🚀 Starting Textract for: loan1.pdf
2025-10-29 16:51:35 [INFO] [run_textract] 🪄 Job started: 33dc53c4779a4e9557628106c6725441bec458beec0122e52037a59a009aa1a0
2025-10-29 16:51:35 [INFO] [run_textract] ⏳ Waiting for Textract job to finish for loan1.pdf...
2025-10-29 16:51:40 [INFO] [run_textract] ⏳ Waiting for Textract job to finish for loan1.pdf...
2025-10-29 16:51:47 [INFO] [run_textract] 📄 Retrieved page 1 (1000 blocks)
2025-10-29 16:51:50 [INFO] [run_textract] 📄 Retrieved page 2 (1000 blocks)
2025-10-29 16:51:51 [INFO] [run_textract] 📄 Retrieved page 3 (299 blocks)
2025-10-29 16:51:51 [INFO] [run_textract] ✅ Total blocks retrieved: 2299 across 3 pages
2025-10-29 16:51:52 [INFO] [run_textract] ✅ Saved Textract output: data/raw/loan1_raw.json (2299 blocks)
2025-10-29 16:51:52 [INFO] [run_textract] ------------------------------------------------------------
2025-10-29 16:51:52 [INFO] [run_textract] 🚀 Starting Textract for: loan2.pdf
2025-10-29 16:51:53 [INFO] [run_textract] 🪄 Job started: d141ebcecbfc4b692c76301a04b9fc40366886412235222262323a2bed499c00
2025-10-29 16:51:53 [INFO] [run_textract] ⏳ Waiting for Textract job to finish for loan2.pdf...
2025-10-29 16:52:00 [INFO] [run_textract] ⏳ Waiting for Textract job to finish for loan2.pdf...
2025-10-29 16:52:08 [INFO] [run_textract] 📄 Retrieved page 1 (1000 blocks)
2025-10-29 16:52:10 [INFO] [run_textract] 📄 Retrieved page 2 (1000 blocks)
2025-10-29 16:52:13 [INFO] [run_textract] 📄 Retrieved page 3 (797 blocks)
2025-10-29 16:52:13 [INFO] [run_textract] ✅ Total blocks retrieved: 2797 across 3 pages
2025-10-29 16:52:14 [INFO] [run_textract] ✅ Saved Textract output: data/raw/loan2_raw.json (2797 blocks)
2025-10-29 16:52:14 [INFO] [run_textract] ------------------------------------------------------------
2025-10-29 16:52:14 [INFO] [run_textract] 🚀 Starting Textract for: loan3.pdf
2025-10-29 16:52:14 [INFO] [run_textract] 🪄 Job started: 5efaf1cdc51546abdca962ab0b53ea92bf091a9cec0ab708cd1844889e227ef6
2025-10-29 16:52:14 [INFO] [run_textract] ⏳ Waiting for Textract job to finish for loan3.pdf...
2025-10-29 16:52:19 [INFO] [run_textract] ⏳ Waiting for Textract job to finish for loan3.pdf...
2025-10-29 16:52:24 [INFO] [run_textract] ⏳ Waiting for Textract job to finish for loan3.pdf...
2025-10-29 16:52:33 [INFO] [run_textract] 📄 Retrieved page 1 (1000 blocks)
2025-10-29 16:52:35 [INFO] [run_textract] 📄 Retrieved page 2 (1000 blocks)
2025-10-29 16:52:36 [INFO] [run_textract] 📄 Retrieved page 3 (1000 blocks)
2025-10-29 16:52:38 [INFO] [run_textract] 📄 Retrieved page 4 (1000 blocks)
2025-10-29 16:52:40 [INFO] [run_textract] 📄 Retrieved page 5 (1000 blocks)
2025-10-29 16:52:42 [INFO] [run_textract] 📄 Retrieved page 6 (1000 blocks)
2025-10-29 16:52:44 [INFO] [run_textract] 📄 Retrieved page 7 (1000 blocks)
2025-10-29 16:52:46 [INFO] [run_textract] 📄 Retrieved page 8 (1000 blocks)
2025-10-29 16:52:48 [INFO] [run_textract] 📄 Retrieved page 9 (1000 blocks)
2025-10-29 16:52:50 [INFO] [run_textract] 📄 Retrieved page 10 (881 blocks)
2025-10-29 16:52:50 [INFO] [run_textract] ✅ Total blocks retrieved: 9881 across 10 pages
2025-10-29 16:52:54 [INFO] [run_textract] ✅ Saved Textract output: data/raw/loan3_raw.json (9881 blocks)
2025-10-29 16:52:54 [INFO] [run_textract] ------------------------------------------------------------
2025-10-29 16:52:54 [INFO] [run_textract] 🚀 Starting Textract for: pl_agreement.pdf
2025-10-29 16:52:55 [INFO] [run_textract] 🪄 Job started: b3d7a3f833349af997e5c8fcbf4f511928b8c1a461a1fcebf59235b8d5145f00
2025-10-29 16:52:55 [INFO] [run_textract] ⏳ Waiting for Textract job to finish for pl_agreement.pdf...
2025-10-29 16:53:02 [INFO] [run_textract] ⏳ Waiting for Textract job to finish for pl_agreement.pdf...
2025-10-29 16:53:07 [INFO] [run_textract] ⏳ Waiting for Textract job to finish for pl_agreement.pdf...
2025-10-29 16:53:13 [INFO] [run_textract] 📄 Retrieved page 1 (1000 blocks)
2025-10-29 16:53:15 [INFO] [run_textract] 📄 Retrieved page 2 (1000 blocks)
2025-10-29 16:53:16 [INFO] [run_textract] 📄 Retrieved page 3 (1000 blocks)
2025-10-29 16:53:18 [INFO] [run_textract] 📄 Retrieved page 4 (1000 blocks)
2025-10-29 16:53:20 [INFO] [run_textract] 📄 Retrieved page 5 (1000 blocks)
2025-10-29 16:53:22 [INFO] [run_textract] 📄 Retrieved page 6 (1000 blocks)
2025-10-29 16:53:24 [INFO] [run_textract] 📄 Retrieved page 7 (1000 blocks)
2025-10-29 16:53:26 [INFO] [run_textract] 📄 Retrieved page 8 (1000 blocks)
2025-10-29 16:53:28 [INFO] [run_textract] 📄 Retrieved page 9 (1000 blocks)
2025-10-29 16:53:30 [INFO] [run_textract] 📄 Retrieved page 10 (1000 blocks)
2025-10-29 16:53:31 [INFO] [run_textract] 📄 Retrieved page 11 (1000 blocks)
2025-10-29 16:53:34 [INFO] [run_textract] 📄 Retrieved page 12 (234 blocks)
2025-10-29 16:53:34 [INFO] [run_textract] ✅ Total blocks retrieved: 11234 across 12 pages
2025-10-29 16:53:37 [INFO] [run_textract] ✅ Saved Textract output: data/raw/pl_agreement_raw.json (11234 blocks)
2025-10-29 16:53:38 [INFO] [run_textract] ------------------------------------------------------------
2025-10-29 16:53:38 [INFO] [run_textract] 🚀 Starting Textract for: specimen-agreement.pdf
2025-10-29 16:53:38 [INFO] [run_textract] 🪄 Job started: 7da2e638426ac5c241d3f76981d8a4182d6abb16083523db1dc299950698114b
2025-10-29 16:53:38 [INFO] [run_textract] ⏳ Waiting for Textract job to finish for specimen-agreement.pdf...
2025-10-29 16:53:43 [INFO] [run_textract] ⏳ Waiting for Textract job to finish for specimen-agreement.pdf...
2025-10-29 16:53:48 [INFO] [run_textract] ⏳ Waiting for Textract job to finish for specimen-agreement.pdf...
2025-10-29 16:53:56 [INFO] [run_textract] 📄 Retrieved page 1 (1000 blocks)
2025-10-29 16:53:58 [INFO] [run_textract] 📄 Retrieved page 2 (1000 blocks)
2025-10-29 16:54:00 [INFO] [run_textract] 📄 Retrieved page 3 (1000 blocks)
2025-10-29 16:54:02 [INFO] [run_textract] 📄 Retrieved page 4 (1000 blocks)
2025-10-29 16:54:06 [INFO] [run_textract] 📄 Retrieved page 5 (1000 blocks)
2025-10-29 16:54:08 [INFO] [run_textract] 📄 Retrieved page 6 (407 blocks)
2025-10-29 16:54:08 [INFO] [run_textract] ✅ Total blocks retrieved: 5407 across 6 pages
2025-10-29 16:54:11 [INFO] [run_textract] ✅ Saved Textract output: data/raw/specimen-agreement_raw.json (5407 blocks)
2025-10-29 16:54:11 [INFO] [run_textract] ------------------------------------------------------------
2025-10-29 16:54:11 [INFO] [run_textract] ✅ Completed Textract for 7 files.
2025-10-31 07:44:09 [INFO] [run_textract] 🚀 Starting Textract for: Personal-Loan-Agreement.pdf
2025-10-31 07:44:09 [INFO] [run_textract] 🪄 Job started: 810b7e63b3bf183dbdc29d26bc7ee480210287869cb8a4f87eaee4e96006e956
2025-10-31 07:44:09 [INFO] [run_textract] ⏳ Waiting for Textract job to finish for Personal-Loan-Agreement.pdf...
2025-10-31 07:44:17 [INFO] [run_textract] 📄 Retrieved page 1 (1000 blocks)
2025-10-31 07:44:18 [INFO] [run_textract] 📄 Retrieved page 2 (134 blocks)
2025-10-31 07:44:18 [INFO] [run_textract] ✅ Total blocks retrieved: 1134 across 2 pages
2025-10-31 07:44:19 [INFO] [run_textract] ✅ Saved Textract output: data/raw/Personal-Loan-Agreement_raw.json (1134 blocks)
2025-10-31 07:44:19 [INFO] [run_textract] ------------------------------------------------------------
2025-10-31 07:44:19 [INFO] [run_textract] 🚀 Starting Textract for: gss-term-loan-agreement-ccd-5.pdf
2025-10-31 07:44:19 [INFO] [run_textract] 🪄 Job started: 5e02170fcac3c7e727409d38fc1cdb16265ab4583f6b46298732d2e5d05e6b5c
2025-10-31 07:44:19 [INFO] [run_textract] ⏳ Waiting for Textract job to finish for gss-term-loan-agreement-ccd-5.pdf...
2025-10-31 07:44:24 [INFO] [run_textract] ⏳ Waiting for Textract job to finish for gss-term-loan-agreement-ccd-5.pdf...
2025-10-31 07:44:29 [INFO] [run_textract] ⏳ Waiting for Textract job to finish for gss-term-loan-agreement-ccd-5.pdf...
2025-10-31 07:44:35 [INFO] [run_textract] ⏳ Waiting for Textract job to finish for gss-term-loan-agreement-ccd-5.pdf...
2025-10-31 07:44:38 [ERROR] [run_textract] ❌ Error running Textract for gss-term-loan-agreement-ccd-5.pdf: Task received SIGTERM signal
Traceback (most recent call last):
  File "/opt/airflow/scripts/run_textract.py", line 112, in run_textract_for_pdf
    time.sleep(5)
  File "/home/airflow/.local/lib/python3.8/site-packages/airflow/models/taskinstance.py", line 1634, in signal_handler
    raise AirflowException("Task received SIGTERM signal")
airflow.exceptions.AirflowException: Task received SIGTERM signal
2025-10-31 07:44:39 [INFO] [run_textract] ------------------------------------------------------------
2025-10-31 07:44:39 [INFO] [run_textract] 🚀 Starting Textract for: loan1.pdf
2025-10-31 07:54:34 [INFO] [run_textract] 🚀 Starting Textract for: Personal-Loan-Agreement.pdf
2025-10-31 07:54:35 [INFO] [run_textract] 🪄 Job started: 0447b67cea056ea9e126c3d55756c4d01b6b412cb58c44bee08296615f040b96
2025-10-31 07:54:35 [INFO] [run_textract] ⏳ Waiting for Textract job to finish for Personal-Loan-Agreement.pdf...
2025-10-31 07:54:40 [INFO] [run_textract] ⏳ Waiting for Textract job to finish for Personal-Loan-Agreement.pdf...
2025-10-31 07:54:46 [INFO] [run_textract] 📄 Retrieved page 1 (1000 blocks)
2025-10-31 07:54:47 [INFO] [run_textract] 📄 Retrieved page 2 (134 blocks)
2025-10-31 07:54:47 [INFO] [run_textract] ✅ Total blocks retrieved: 1134 across 2 pages
2025-10-31 07:54:47 [INFO] [run_textract] ✅ Saved Textract output: data/raw/Personal-Loan-Agreement_raw.json (1134 blocks)
2025-10-31 07:54:47 [INFO] [run_textract] ------------------------------------------------------------
2025-10-31 07:54:48 [INFO] [run_textract] 🚀 Starting Textract for: gss-term-loan-agreement-ccd-5.pdf
2025-10-31 07:54:48 [INFO] [run_textract] 🪄 Job started: 21ea463bf1761cbbbe448d60fda684d0ef8e643df435cbdd5df1e0dc4b529ece
2025-10-31 07:54:48 [INFO] [run_textract] ⏳ Waiting for Textract job to finish for gss-term-loan-agreement-ccd-5.pdf...
2025-10-31 07:54:53 [INFO] [run_textract] ⏳ Waiting for Textract job to finish for gss-term-loan-agreement-ccd-5.pdf...
2025-10-31 07:54:58 [INFO] [run_textract] ⏳ Waiting for Textract job to finish for gss-term-loan-agreement-ccd-5.pdf...
2025-10-31 07:55:03 [INFO] [run_textract] ⏳ Waiting for Textract job to finish for gss-term-loan-agreement-ccd-5.pdf...
2025-10-31 07:55:10 [INFO] [run_textract] 📄 Retrieved page 1 (1000 blocks)
2025-10-31 07:55:13 [INFO] [run_textract] 📄 Retrieved page 2 (1000 blocks)
2025-10-31 07:55:14 [INFO] [run_textract] 📄 Retrieved page 3 (1000 blocks)
2025-10-31 07:55:16 [INFO] [run_textract] 📄 Retrieved page 4 (1000 blocks)
2025-10-31 07:55:18 [INFO] [run_textract] 📄 Retrieved page 5 (1000 blocks)
2025-10-31 07:55:20 [INFO] [run_textract] 📄 Retrieved page 6 (1000 blocks)
2025-10-31 07:55:23 [INFO] [run_textract] 📄 Retrieved page 7 (1000 blocks)
2025-10-31 07:55:25 [INFO] [run_textract] 📄 Retrieved page 8 (1000 blocks)
2025-10-31 07:55:27 [INFO] [run_textract] 📄 Retrieved page 9 (1000 blocks)
2025-10-31 07:55:28 [INFO] [run_textract] 📄 Retrieved page 10 (1000 blocks)
2025-10-31 07:55:29 [INFO] [run_textract] 📄 Retrieved page 11 (563 blocks)
2025-10-31 07:55:29 [INFO] [run_textract] ✅ Total blocks retrieved: 10563 across 11 pages
2025-10-31 07:55:31 [INFO] [run_textract] ✅ Saved Textract output: data/raw/gss-term-loan-agreement-ccd-5_raw.json (10563 blocks)
2025-10-31 07:55:31 [INFO] [run_textract] ------------------------------------------------------------
2025-10-31 07:55:31 [INFO] [run_textract] 🚀 Starting Textract for: loan1.pdf
2025-10-31 07:55:32 [INFO] [run_textract] 🪄 Job started: 79239ca566ca56ab5ac355b04f8f65dc8e40c707448d026e83ae3a7e6d1c518b
2025-10-31 07:55:32 [INFO] [run_textract] ⏳ Waiting for Textract job to finish for loan1.pdf...
2025-10-31 07:55:37 [INFO] [run_textract] ⏳ Waiting for Textract job to finish for loan1.pdf...
2025-10-31 07:55:43 [INFO] [run_textract] 📄 Retrieved page 1 (1000 blocks)
2025-10-31 07:55:45 [INFO] [run_textract] 📄 Retrieved page 2 (1000 blocks)
2025-10-31 07:55:46 [INFO] [run_textract] 📄 Retrieved page 3 (299 blocks)
2025-10-31 07:55:46 [INFO] [run_textract] ✅ Total blocks retrieved: 2299 across 3 pages
2025-10-31 07:55:47 [INFO] [run_textract] ✅ Saved Textract output: data/raw/loan1_raw.json (2299 blocks)
2025-10-31 07:55:47 [INFO] [run_textract] ------------------------------------------------------------
2025-10-31 07:55:47 [INFO] [run_textract] 🚀 Starting Textract for: loan2.pdf
2025-10-31 07:55:48 [INFO] [run_textract] 🪄 Job started: a5dcc52e3416c71c50d38eadb991e1855df5377754669e6920e79e0ef2203d86
2025-10-31 07:55:48 [INFO] [run_textract] ⏳ Waiting for Textract job to finish for loan2.pdf...
2025-10-31 07:55:53 [INFO] [run_textract] ⏳ Waiting for Textract job to finish for loan2.pdf...
2025-10-31 07:55:58 [INFO] [run_textract] ⏳ Waiting for Textract job to finish for loan2.pdf...
2025-10-31 07:56:05 [INFO] [run_textract] 📄 Retrieved page 1 (1000 blocks)
2025-10-31 07:56:08 [INFO] [run_textract] 📄 Retrieved page 2 (1000 blocks)
2025-10-31 07:56:10 [INFO] [run_textract] 📄 Retrieved page 3 (797 blocks)
2025-10-31 07:56:10 [INFO] [run_textract] ✅ Total blocks retrieved: 2797 across 3 pages
2025-10-31 07:56:11 [INFO] [run_textract] ✅ Saved Textract output: data/raw/loan2_raw.json (2797 blocks)
2025-10-31 07:56:11 [INFO] [run_textract] ------------------------------------------------------------
2025-10-31 07:56:11 [INFO] [run_textract] 🚀 Starting Textract for: loan3.pdf
2025-10-31 07:56:11 [INFO] [run_textract] 🪄 Job started: 6bba6157915ff9c82de1e81e35ab59bad5bc306dcdf15776dba52e7bce7a988d
2025-10-31 07:56:11 [INFO] [run_textract] ⏳ Waiting for Textract job to finish for loan3.pdf...
2025-10-31 07:56:16 [INFO] [run_textract] ⏳ Waiting for Textract job to finish for loan3.pdf...
2025-10-31 07:56:21 [INFO] [run_textract] ⏳ Waiting for Textract job to finish for loan3.pdf...
2025-10-31 07:56:26 [INFO] [run_textract] ⏳ Waiting for Textract job to finish for loan3.pdf...
2025-10-31 07:56:32 [INFO] [run_textract] 📄 Retrieved page 1 (1000 blocks)
2025-10-31 07:56:34 [INFO] [run_textract] 📄 Retrieved page 2 (1000 blocks)
2025-10-31 07:56:35 [INFO] [run_textract] 📄 Retrieved page 3 (1000 blocks)
2025-10-31 07:56:38 [INFO] [run_textract] 📄 Retrieved page 4 (1000 blocks)
2025-10-31 07:56:40 [INFO] [run_textract] 📄 Retrieved page 5 (1000 blocks)
2025-10-31 07:56:42 [INFO] [run_textract] 📄 Retrieved page 6 (1000 blocks)
2025-10-31 07:56:44 [INFO] [run_textract] 📄 Retrieved page 7 (1000 blocks)
2025-10-31 07:56:46 [INFO] [run_textract] 📄 Retrieved page 8 (1000 blocks)
2025-10-31 07:56:48 [INFO] [run_textract] 📄 Retrieved page 9 (1000 blocks)
2025-10-31 07:56:50 [INFO] [run_textract] 📄 Retrieved page 10 (881 blocks)
2025-10-31 07:56:50 [INFO] [run_textract] ✅ Total blocks retrieved: 9881 across 10 pages
2025-10-31 07:56:52 [INFO] [run_textract] ✅ Saved Textract output: data/raw/loan3_raw.json (9881 blocks)
2025-10-31 07:56:52 [INFO] [run_textract] ------------------------------------------------------------
2025-10-31 07:56:52 [INFO] [run_textract] 🚀 Starting Textract for: pl_agreement.pdf
2025-10-31 07:56:53 [INFO] [run_textract] 🪄 Job started: 70010d2a8c064c173e0fbcc63cd9abd28ad4b452469ea1d14b0409d56d8cb56d
2025-10-31 07:56:53 [INFO] [run_textract] ⏳ Waiting for Textract job to finish for pl_agreement.pdf...
2025-10-31 07:56:58 [INFO] [run_textract] ⏳ Waiting for Textract job to finish for pl_agreement.pdf...
2025-10-31 07:57:03 [INFO] [run_textract] ⏳ Waiting for Textract job to finish for pl_agreement.pdf...
2025-10-31 07:57:08 [INFO] [run_textract] ⏳ Waiting for Textract job to finish for pl_agreement.pdf...
2025-10-31 07:57:13 [INFO] [run_textract] ⏳ Waiting for Textract job to finish for pl_agreement.pdf...
2025-10-31 07:57:18 [INFO] [run_textract] ⏳ Waiting for Textract job to finish for pl_agreement.pdf...
2025-10-31 07:57:24 [INFO] [run_textract] 📄 Retrieved page 1 (1000 blocks)
2025-10-31 07:57:26 [INFO] [run_textract] 📄 Retrieved page 2 (1000 blocks)
2025-10-31 07:57:28 [INFO] [run_textract] 📄 Retrieved page 3 (1000 blocks)
2025-10-31 07:57:29 [INFO] [run_textract] 📄 Retrieved page 4 (1000 blocks)
2025-10-31 07:57:31 [INFO] [run_textract] 📄 Retrieved page 5 (1000 blocks)
2025-10-31 07:57:33 [INFO] [run_textract] 📄 Retrieved page 6 (1000 blocks)
2025-10-31 07:57:35 [INFO] [run_textract] 📄 Retrieved page 7 (1000 blocks)
2025-10-31 07:57:36 [INFO] [run_textract] 📄 Retrieved page 8 (1000 blocks)
2025-10-31 07:57:38 [INFO] [run_textract] 📄 Retrieved page 9 (1000 blocks)
2025-10-31 07:57:40 [INFO] [run_textract] 📄 Retrieved page 10 (1000 blocks)
2025-10-31 07:57:41 [INFO] [run_textract] 📄 Retrieved page 11 (1000 blocks)
2025-10-31 07:57:42 [INFO] [run_textract] 📄 Retrieved page 12 (234 blocks)
2025-10-31 07:57:42 [INFO] [run_textract] ✅ Total blocks retrieved: 11234 across 12 pages
2025-10-31 07:57:44 [INFO] [run_textract] ✅ Saved Textract output: data/raw/pl_agreement_raw.json (11234 blocks)
2025-10-31 07:57:44 [INFO] [run_textract] ------------------------------------------------------------
2025-10-31 07:57:44 [INFO] [run_textract] 🚀 Starting Textract for: specimen-agreement.pdf
2025-10-31 07:57:44 [INFO] [run_textract] 🪄 Job started: 801f5752aead571b6369b6c5aa7f35f66cc193e6a57f43593fe6839061dab7ab
2025-10-31 07:57:44 [INFO] [run_textract] ⏳ Waiting for Textract job to finish for specimen-agreement.pdf...
2025-10-31 07:57:49 [INFO] [run_textract] ⏳ Waiting for Textract job to finish for specimen-agreement.pdf...
2025-10-31 07:57:54 [INFO] [run_textract] ⏳ Waiting for Textract job to finish for specimen-agreement.pdf...
2025-10-31 07:57:59 [INFO] [run_textract] ⏳ Waiting for Textract job to finish for specimen-agreement.pdf...
2025-10-31 07:58:04 [INFO] [run_textract] ⏳ Waiting for Textract job to finish for specimen-agreement.pdf...
2025-10-31 07:58:11 [INFO] [run_textract] 📄 Retrieved page 1 (1000 blocks)
2025-10-31 07:58:13 [INFO] [run_textract] 📄 Retrieved page 2 (1000 blocks)
2025-10-31 07:58:16 [INFO] [run_textract] 📄 Retrieved page 3 (1000 blocks)
2025-10-31 07:58:18 [INFO] [run_textract] 📄 Retrieved page 4 (1000 blocks)
2025-10-31 07:58:19 [INFO] [run_textract] 📄 Retrieved page 5 (1000 blocks)
2025-10-31 07:58:21 [INFO] [run_textract] 📄 Retrieved page 6 (407 blocks)
2025-10-31 07:58:21 [INFO] [run_textract] ✅ Total blocks retrieved: 5407 across 6 pages
2025-10-31 07:58:22 [INFO] [run_textract] ✅ Saved Textract output: data/raw/specimen-agreement_raw.json (5407 blocks)
2025-10-31 07:58:22 [INFO] [run_textract] ------------------------------------------------------------
2025-10-31 07:58:22 [INFO] [run_textract] ✅ Completed Textract for 7 files.
2025-10-31 08:06:23 [INFO] [run_textract] 🚀 Starting Textract for: Personal-Loan-Agreement.pdf
2025-10-31 08:06:23 [INFO] [run_textract] 🪄 Job started: 41bec250e47bf1a9f1ae5f1ce44db5bd4dd7098f318a97e95a0f93a815e3204e
2025-10-31 08:06:23 [INFO] [run_textract] ⏳ Waiting for Textract job to finish for Personal-Loan-Agreement.pdf...
2025-10-31 08:06:29 [INFO] [run_textract] 📄 Retrieved page 1 (1000 blocks)
2025-10-31 08:06:30 [INFO] [run_textract] 📄 Retrieved page 2 (134 blocks)
2025-10-31 08:06:30 [INFO] [run_textract] ✅ Total blocks retrieved: 1134 across 2 pages
2025-10-31 08:06:30 [INFO] [run_textract] ✅ Saved Textract output: data/raw/Personal-Loan-Agreement_raw.json (1134 blocks)
2025-10-31 08:06:30 [INFO] [run_textract] ------------------------------------------------------------
2025-10-31 08:06:30 [INFO] [run_textract] 🚀 Starting Textract for: gss-term-loan-agreement-ccd-5.pdf
2025-10-31 08:06:31 [INFO] [run_textract] 🪄 Job started: d69fa5c5bd2bf21805a528a047ba169a859b2b5fb8b68e0bf58c6933a3e06d66
2025-10-31 08:06:31 [INFO] [run_textract] ⏳ Waiting for Textract job to finish for gss-term-loan-agreement-ccd-5.pdf...
2025-10-31 08:06:36 [INFO] [run_textract] ⏳ Waiting for Textract job to finish for gss-term-loan-agreement-ccd-5.pdf...
2025-10-31 08:06:41 [INFO] [run_textract] ⏳ Waiting for Textract job to finish for gss-term-loan-agreement-ccd-5.pdf...
2025-10-31 08:06:46 [INFO] [run_textract] ⏳ Waiting for Textract job to finish for gss-term-loan-agreement-ccd-5.pdf...
2025-10-31 08:06:52 [INFO] [run_textract] 📄 Retrieved page 1 (1000 blocks)
2025-10-31 08:06:53 [INFO] [run_textract] 📄 Retrieved page 2 (1000 blocks)
2025-10-31 08:06:55 [INFO] [run_textract] 📄 Retrieved page 3 (1000 blocks)
2025-10-31 08:06:56 [INFO] [run_textract] 📄 Retrieved page 4 (1000 blocks)
2025-10-31 08:06:58 [INFO] [run_textract] 📄 Retrieved page 5 (1000 blocks)
2025-10-31 08:06:59 [INFO] [run_textract] 📄 Retrieved page 6 (1000 blocks)
2025-10-31 08:07:01 [INFO] [run_textract] 📄 Retrieved page 7 (1000 blocks)
2025-10-31 08:07:02 [INFO] [run_textract] 📄 Retrieved page 8 (1000 blocks)
2025-10-31 08:07:04 [INFO] [run_textract] 📄 Retrieved page 9 (1000 blocks)
2025-10-31 08:07:06 [INFO] [run_textract] 📄 Retrieved page 10 (1000 blocks)
2025-10-31 08:07:07 [INFO] [run_textract] 📄 Retrieved page 11 (563 blocks)
2025-10-31 08:07:07 [INFO] [run_textract] ✅ Total blocks retrieved: 10563 across 11 pages
2025-10-31 08:07:08 [INFO] [run_textract] ✅ Saved Textract output: data/raw/gss-term-loan-agreement-ccd-5_raw.json (10563 blocks)
2025-10-31 08:07:08 [INFO] [run_textract] ------------------------------------------------------------
2025-10-31 08:07:08 [INFO] [run_textract] 🚀 Starting Textract for: loan1.pdf
2025-10-31 08:07:09 [INFO] [run_textract] 🪄 Job started: a7fa9917d5143f4f6d2ab904e4f8c57ae70d565d06e052c07ade59a05b94c0f5
2025-10-31 08:07:09 [INFO] [run_textract] ⏳ Waiting for Textract job to finish for loan1.pdf...
2025-10-31 08:07:14 [INFO] [run_textract] ⏳ Waiting for Textract job to finish for loan1.pdf...
2025-10-31 08:07:19 [INFO] [run_textract] ⏳ Waiting for Textract job to finish for loan1.pdf...
2025-10-31 08:07:25 [INFO] [run_textract] 📄 Retrieved page 1 (1000 blocks)
2025-10-31 08:07:26 [INFO] [run_textract] 📄 Retrieved page 2 (1000 blocks)
2025-10-31 08:07:27 [INFO] [run_textract] 📄 Retrieved page 3 (299 blocks)
2025-10-31 08:07:27 [INFO] [run_textract] ✅ Total blocks retrieved: 2299 across 3 pages
2025-10-31 08:07:28 [INFO] [run_textract] ✅ Saved Textract output: data/raw/loan1_raw.json (2299 blocks)
2025-10-31 08:07:28 [INFO] [run_textract] ------------------------------------------------------------
2025-10-31 08:07:28 [INFO] [run_textract] 🚀 Starting Textract for: loan2.pdf
2025-10-31 08:07:29 [INFO] [run_textract] 🪄 Job started: 3de96a1d45ca057405aeb44e50a3ac7718a416a6b4813ee1f70327bdeb31176e
2025-10-31 08:07:29 [INFO] [run_textract] ⏳ Waiting for Textract job to finish for loan2.pdf...
2025-10-31 08:07:34 [INFO] [run_textract] ⏳ Waiting for Textract job to finish for loan2.pdf...
2025-10-31 08:07:39 [INFO] [run_textract] ⏳ Waiting for Textract job to finish for loan2.pdf...
2025-10-31 08:07:44 [INFO] [run_textract] 📄 Retrieved page 1 (1000 blocks)
2025-10-31 08:07:46 [INFO] [run_textract] 📄 Retrieved page 2 (1000 blocks)
2025-10-31 08:07:47 [INFO] [run_textract] 📄 Retrieved page 3 (797 blocks)
2025-10-31 08:07:47 [INFO] [run_textract] ✅ Total blocks retrieved: 2797 across 3 pages
2025-10-31 08:07:48 [INFO] [run_textract] ✅ Saved Textract output: data/raw/loan2_raw.json (2797 blocks)
2025-10-31 08:07:48 [INFO] [run_textract] ------------------------------------------------------------
2025-10-31 08:07:48 [INFO] [run_textract] 🚀 Starting Textract for: loan3.pdf
2025-10-31 08:07:48 [INFO] [run_textract] 🪄 Job started: 69249c2ef75f30267929abf296c7c9ea519d40d78f498b92b1547d7401a560bf
2025-10-31 08:07:48 [INFO] [run_textract] ⏳ Waiting for Textract job to finish for loan3.pdf...
2025-10-31 08:07:53 [INFO] [run_textract] ⏳ Waiting for Textract job to finish for loan3.pdf...
2025-10-31 08:07:58 [INFO] [run_textract] ⏳ Waiting for Textract job to finish for loan3.pdf...
2025-10-31 08:08:04 [INFO] [run_textract] 📄 Retrieved page 1 (1000 blocks)
2025-10-31 08:08:06 [INFO] [run_textract] 📄 Retrieved page 2 (1000 blocks)
2025-10-31 08:08:07 [INFO] [run_textract] 📄 Retrieved page 3 (1000 blocks)
2025-10-31 08:08:09 [INFO] [run_textract] 📄 Retrieved page 4 (1000 blocks)
2025-10-31 08:08:10 [INFO] [run_textract] 📄 Retrieved page 5 (1000 blocks)
2025-10-31 08:08:12 [INFO] [run_textract] 📄 Retrieved page 6 (1000 blocks)
2025-10-31 08:08:13 [INFO] [run_textract] 📄 Retrieved page 7 (1000 blocks)
2025-10-31 08:08:15 [INFO] [run_textract] 📄 Retrieved page 8 (1000 blocks)
2025-10-31 08:08:16 [INFO] [run_textract] 📄 Retrieved page 9 (1000 blocks)
2025-10-31 08:08:18 [INFO] [run_textract] 📄 Retrieved page 10 (881 blocks)
2025-10-31 08:08:18 [INFO] [run_textract] ✅ Total blocks retrieved: 9881 across 10 pages
2025-10-31 08:08:20 [INFO] [run_textract] ✅ Saved Textract output: data/raw/loan3_raw.json (9881 blocks)
2025-10-31 08:08:20 [INFO] [run_textract] ------------------------------------------------------------
2025-10-31 08:08:20 [INFO] [run_textract] 🚀 Starting Textract for: pl_agreement.pdf
2025-10-31 08:08:20 [INFO] [run_textract] 🪄 Job started: 38103050c690bcc0983fec7787adba3ae16b6f0aabc687f27673cd872900c3f4
2025-10-31 08:08:20 [INFO] [run_textract] ⏳ Waiting for Textract job to finish for pl_agreement.pdf...
2025-10-31 08:08:25 [INFO] [run_textract] ⏳ Waiting for Textract job to finish for pl_agreement.pdf...
2025-10-31 08:08:30 [INFO] [run_textract] ⏳ Waiting for Textract job to finish for pl_agreement.pdf...
2025-10-31 08:08:35 [INFO] [run_textract] ⏳ Waiting for Textract job to finish for pl_agreement.pdf...
2025-10-31 08:08:42 [INFO] [run_textract] 📄 Retrieved page 1 (1000 blocks)
2025-10-31 08:08:43 [INFO] [run_textract] 📄 Retrieved page 2 (1000 blocks)
2025-10-31 08:08:45 [INFO] [run_textract] 📄 Retrieved page 3 (1000 blocks)
2025-10-31 08:08:47 [INFO] [run_textract] 📄 Retrieved page 4 (1000 blocks)
2025-10-31 08:08:49 [INFO] [run_textract] 📄 Retrieved page 5 (1000 blocks)
2025-10-31 08:08:50 [INFO] [run_textract] 📄 Retrieved page 6 (1000 blocks)
2025-10-31 08:08:52 [INFO] [run_textract] 📄 Retrieved page 7 (1000 blocks)
2025-10-31 08:08:54 [INFO] [run_textract] 📄 Retrieved page 8 (1000 blocks)
2025-10-31 08:08:56 [INFO] [run_textract] 📄 Retrieved page 9 (1000 blocks)
2025-10-31 08:08:58 [INFO] [run_textract] 📄 Retrieved page 10 (1000 blocks)
2025-10-31 08:09:00 [INFO] [run_textract] 📄 Retrieved page 11 (1000 blocks)
2025-10-31 08:09:02 [INFO] [run_textract] 📄 Retrieved page 12 (234 blocks)
2025-10-31 08:09:02 [INFO] [run_textract] ✅ Total blocks retrieved: 11234 across 12 pages
2025-10-31 08:09:04 [INFO] [run_textract] ✅ Saved Textract output: data/raw/pl_agreement_raw.json (11234 blocks)
2025-10-31 08:09:04 [INFO] [run_textract] ------------------------------------------------------------
2025-10-31 08:09:04 [INFO] [run_textract] 🚀 Starting Textract for: specimen-agreement.pdf
2025-10-31 08:09:04 [INFO] [run_textract] 🪄 Job started: 52b475f1a8f66fb74f9fd6d7d2556f724271b6f61eb9eb92f54992e5559178a0
2025-10-31 08:09:04 [INFO] [run_textract] ⏳ Waiting for Textract job to finish for specimen-agreement.pdf...
2025-10-31 08:09:09 [INFO] [run_textract] ⏳ Waiting for Textract job to finish for specimen-agreement.pdf...
2025-10-31 08:09:16 [INFO] [run_textract] 📄 Retrieved page 1 (1000 blocks)
2025-10-31 08:09:19 [INFO] [run_textract] 📄 Retrieved page 2 (1000 blocks)
2025-10-31 08:09:22 [INFO] [run_textract] 📄 Retrieved page 3 (1000 blocks)
2025-10-31 08:09:25 [INFO] [run_textract] 📄 Retrieved page 4 (1000 blocks)
2025-10-31 08:09:29 [INFO] [run_textract] 📄 Retrieved page 5 (1000 blocks)
2025-10-31 08:09:30 [INFO] [run_textract] 📄 Retrieved page 6 (407 blocks)
2025-10-31 08:09:30 [INFO] [run_textract] ✅ Total blocks retrieved: 5407 across 6 pages
2025-10-31 08:09:31 [INFO] [run_textract] ✅ Saved Textract output: data/raw/specimen-agreement_raw.json (5407 blocks)
2025-10-31 08:09:31 [INFO] [run_textract] ------------------------------------------------------------
2025-10-31 08:09:31 [INFO] [run_textract] ✅ Completed Textract for 7 files.
2025-10-31 10:55:52 [INFO] [run_textract] 🚀 Starting Textract for: Personal-Loan-Agreement.pdf
2025-10-31 10:55:52 [INFO] [run_textract] 🪄 Job started: 682808120c4c181cc47f796dcfdbcdd9378108add52c5be4a64c4326bbe9045f
2025-10-31 10:55:52 [INFO] [run_textract] ⏳ Waiting for Textract job to finish for Personal-Loan-Agreement.pdf...
2025-10-31 10:56:02 [INFO] [run_textract] 📄 Retrieved page 1 (1000 blocks)
2025-10-31 10:56:03 [INFO] [run_textract] 📄 Retrieved page 2 (134 blocks)
2025-10-31 10:56:03 [INFO] [run_textract] ✅ Total blocks retrieved: 1134 across 2 pages
2025-10-31 10:56:03 [INFO] [run_textract] ✅ Saved Textract output: data/raw/Personal-Loan-Agreement_raw.json (1134 blocks)
2025-10-31 10:56:03 [INFO] [run_textract] ------------------------------------------------------------
2025-10-31 10:56:03 [INFO] [run_textract] 🚀 Starting Textract for: gss-term-loan-agreement-ccd-5.pdf
2025-10-31 10:56:04 [INFO] [run_textract] 🪄 Job started: 856e7ee8b3ac178fa84361e21ec9c0eec04d9a31683b9611861f7664bb1195c2
2025-10-31 10:56:04 [INFO] [run_textract] ⏳ Waiting for Textract job to finish for gss-term-loan-agreement-ccd-5.pdf...
2025-10-31 10:56:09 [INFO] [run_textract] ⏳ Waiting for Textract job to finish for gss-term-loan-agreement-ccd-5.pdf...
2025-10-31 10:56:14 [INFO] [run_textract] ⏳ Waiting for Textract job to finish for gss-term-loan-agreement-ccd-5.pdf...
2025-10-31 10:56:19 [INFO] [run_textract] ⏳ Waiting for Textract job to finish for gss-term-loan-agreement-ccd-5.pdf...
2025-10-31 10:56:28 [INFO] [run_textract] 📄 Retrieved page 1 (1000 blocks)
2025-10-31 10:56:31 [INFO] [run_textract] 📄 Retrieved page 2 (1000 blocks)
2025-10-31 10:56:34 [INFO] [run_textract] 📄 Retrieved page 3 (1000 blocks)
2025-10-31 10:56:36 [INFO] [run_textract] 📄 Retrieved page 4 (1000 blocks)
2025-10-31 10:56:38 [INFO] [run_textract] 📄 Retrieved page 5 (1000 blocks)
2025-10-31 10:56:41 [INFO] [run_textract] 📄 Retrieved page 6 (1000 blocks)
2025-10-31 10:56:43 [INFO] [run_textract] 📄 Retrieved page 7 (1000 blocks)
2025-10-31 10:56:46 [INFO] [run_textract] 📄 Retrieved page 8 (1000 blocks)
2025-10-31 10:56:48 [INFO] [run_textract] 📄 Retrieved page 9 (1000 blocks)
2025-10-31 10:56:50 [INFO] [run_textract] 📄 Retrieved page 10 (1000 blocks)
2025-10-31 10:56:51 [INFO] [run_textract] 📄 Retrieved page 11 (563 blocks)
2025-10-31 10:56:51 [INFO] [run_textract] ✅ Total blocks retrieved: 10563 across 11 pages
2025-10-31 10:56:53 [INFO] [run_textract] ✅ Saved Textract output: data/raw/gss-term-loan-agreement-ccd-5_raw.json (10563 blocks)
2025-10-31 10:56:54 [INFO] [run_textract] ------------------------------------------------------------
2025-10-31 10:56:54 [INFO] [run_textract] 🚀 Starting Textract for: loan1.pdf
2025-10-31 10:56:54 [INFO] [run_textract] 🪄 Job started: 7b0fb05c6f89b4b1946ec61617ae8736a97f4b1b27137d3e7262dd650e2fabaf
2025-10-31 10:56:54 [INFO] [run_textract] ⏳ Waiting for Textract job to finish for loan1.pdf...
2025-10-31 10:56:59 [INFO] [run_textract] ⏳ Waiting for Textract job to finish for loan1.pdf...
2025-10-31 10:57:06 [INFO] [run_textract] 📄 Retrieved page 1 (1000 blocks)
2025-10-31 10:57:08 [INFO] [run_textract] 📄 Retrieved page 2 (1000 blocks)
2025-10-31 10:57:09 [INFO] [run_textract] 📄 Retrieved page 3 (299 blocks)
2025-10-31 10:57:09 [INFO] [run_textract] ✅ Total blocks retrieved: 2299 across 3 pages
2025-10-31 10:57:10 [INFO] [run_textract] ✅ Saved Textract output: data/raw/loan1_raw.json (2299 blocks)
2025-10-31 10:57:10 [INFO] [run_textract] ------------------------------------------------------------
2025-10-31 10:57:10 [INFO] [run_textract] 🚀 Starting Textract for: loan2.pdf
2025-10-31 10:57:10 [INFO] [run_textract] 🪄 Job started: 70db124f7f3723690a6c5451d9c83b878a59e261e9964eb3cea3b110b3a3b39e
2025-10-31 10:57:10 [INFO] [run_textract] ⏳ Waiting for Textract job to finish for loan2.pdf...
2025-10-31 10:57:16 [INFO] [run_textract] ⏳ Waiting for Textract job to finish for loan2.pdf...
2025-10-31 10:57:21 [INFO] [run_textract] ⏳ Waiting for Textract job to finish for loan2.pdf...
2025-10-31 10:57:28 [INFO] [run_textract] 📄 Retrieved page 1 (1000 blocks)
2025-10-31 10:57:29 [INFO] [run_textract] 📄 Retrieved page 2 (1000 blocks)
2025-10-31 10:57:32 [INFO] [run_textract] 📄 Retrieved page 3 (797 blocks)
2025-10-31 10:57:32 [INFO] [run_textract] ✅ Total blocks retrieved: 2797 across 3 pages
2025-10-31 10:57:32 [INFO] [run_textract] ✅ Saved Textract output: data/raw/loan2_raw.json (2797 blocks)
2025-10-31 10:57:32 [INFO] [run_textract] ------------------------------------------------------------
2025-10-31 10:57:33 [INFO] [run_textract] 🚀 Starting Textract for: loan3.pdf
2025-10-31 10:57:33 [INFO] [run_textract] 🪄 Job started: b63d92d7d4838993c7bc6f38c0c6150ac6a6a969467d860c836c4a81dc0a9e3a
2025-10-31 10:57:33 [INFO] [run_textract] ⏳ Waiting for Textract job to finish for loan3.pdf...
2025-10-31 10:57:38 [INFO] [run_textract] ⏳ Waiting for Textract job to finish for loan3.pdf...
2025-10-31 10:57:43 [INFO] [run_textract] ⏳ Waiting for Textract job to finish for loan3.pdf...
2025-10-31 10:57:49 [INFO] [run_textract] 📄 Retrieved page 1 (1000 blocks)
2025-10-31 10:57:50 [INFO] [run_textract] 📄 Retrieved page 2 (1000 blocks)
2025-10-31 10:57:52 [INFO] [run_textract] 📄 Retrieved page 3 (1000 blocks)
2025-10-31 10:57:54 [INFO] [run_textract] 📄 Retrieved page 4 (1000 blocks)
2025-10-31 10:57:56 [INFO] [run_textract] 📄 Retrieved page 5 (1000 blocks)
2025-10-31 10:57:58 [INFO] [run_textract] 📄 Retrieved page 6 (1000 blocks)
2025-10-31 10:58:00 [INFO] [run_textract] 📄 Retrieved page 7 (1000 blocks)
2025-10-31 10:58:01 [INFO] [run_textract] 📄 Retrieved page 8 (1000 blocks)
2025-10-31 10:58:03 [INFO] [run_textract] 📄 Retrieved page 9 (1000 blocks)
2025-10-31 10:58:05 [INFO] [run_textract] 📄 Retrieved page 10 (881 blocks)
2025-10-31 10:58:05 [INFO] [run_textract] ✅ Total blocks retrieved: 9881 across 10 pages
2025-10-31 10:58:06 [INFO] [run_textract] ✅ Saved Textract output: data/raw/loan3_raw.json (9881 blocks)
2025-10-31 10:58:06 [INFO] [run_textract] ------------------------------------------------------------
2025-10-31 10:58:06 [INFO] [run_textract] 🚀 Starting Textract for: pl_agreement.pdf
2025-10-31 10:58:06 [INFO] [run_textract] 🪄 Job started: 28b4e51a4d52a5b953e0274b5f107986a2837ef1c047caff1265dba2d3bc76c9
2025-10-31 10:58:07 [INFO] [run_textract] ⏳ Waiting for Textract job to finish for pl_agreement.pdf...
2025-10-31 10:58:12 [INFO] [run_textract] ⏳ Waiting for Textract job to finish for pl_agreement.pdf...
2025-10-31 10:58:17 [INFO] [run_textract] ⏳ Waiting for Textract job to finish for pl_agreement.pdf...
2025-10-31 10:58:22 [INFO] [run_textract] ⏳ Waiting for Textract job to finish for pl_agreement.pdf...
2025-10-31 10:58:27 [INFO] [run_textract] ⏳ Waiting for Textract job to finish for pl_agreement.pdf...
2025-10-31 10:58:33 [INFO] [run_textract] 📄 Retrieved page 1 (1000 blocks)
2025-10-31 10:58:35 [INFO] [run_textract] 📄 Retrieved page 2 (1000 blocks)
2025-10-31 10:58:36 [INFO] [run_textract] 📄 Retrieved page 3 (1000 blocks)
2025-10-31 10:58:38 [INFO] [run_textract] 📄 Retrieved page 4 (1000 blocks)
2025-10-31 10:58:40 [INFO] [run_textract] 📄 Retrieved page 5 (1000 blocks)
2025-10-31 10:58:42 [INFO] [run_textract] 📄 Retrieved page 6 (1000 blocks)
2025-10-31 10:58:44 [INFO] [run_textract] 📄 Retrieved page 7 (1000 blocks)
2025-10-31 10:58:47 [INFO] [run_textract] 📄 Retrieved page 8 (1000 blocks)
2025-10-31 10:58:49 [INFO] [run_textract] 📄 Retrieved page 9 (1000 blocks)
2025-10-31 10:58:51 [INFO] [run_textract] 📄 Retrieved page 10 (1000 blocks)
2025-10-31 10:58:53 [INFO] [run_textract] 📄 Retrieved page 11 (1000 blocks)
2025-10-31 10:58:55 [INFO] [run_textract] 📄 Retrieved page 12 (234 blocks)
2025-10-31 10:58:55 [INFO] [run_textract] ✅ Total blocks retrieved: 11234 across 12 pages
2025-10-31 10:58:56 [INFO] [run_textract] ✅ Saved Textract output: data/raw/pl_agreement_raw.json (11234 blocks)
2025-10-31 10:58:56 [INFO] [run_textract] ------------------------------------------------------------
2025-10-31 10:58:56 [INFO] [run_textract] 🚀 Starting Textract for: specimen-agreement.pdf
2025-10-31 10:58:56 [INFO] [run_textract] 🪄 Job started: 3e7e499b6f316b78189c3d3992f3a0d5512b754eb64efc8fb3298e5c4a32a169
2025-10-31 10:58:56 [INFO] [run_textract] ⏳ Waiting for Textract job to finish for specimen-agreement.pdf...
2025-10-31 10:59:01 [INFO] [run_textract] ⏳ Waiting for Textract job to finish for specimen-agreement.pdf...
2025-10-31 10:59:07 [INFO] [run_textract] ⏳ Waiting for Textract job to finish for specimen-agreement.pdf...
2025-10-31 10:59:12 [INFO] [run_textract] ⏳ Waiting for Textract job to finish for specimen-agreement.pdf...
2025-10-31 10:59:17 [INFO] [run_textract] ⏳ Waiting for Textract job to finish for specimen-agreement.pdf...
2025-10-31 10:59:23 [INFO] [run_textract] 📄 Retrieved page 1 (1000 blocks)
2025-10-31 10:59:25 [INFO] [run_textract] 📄 Retrieved page 2 (1000 blocks)
2025-10-31 10:59:27 [INFO] [run_textract] 📄 Retrieved page 3 (1000 blocks)
2025-10-31 10:59:28 [INFO] [run_textract] 📄 Retrieved page 4 (1000 blocks)
2025-10-31 10:59:31 [INFO] [run_textract] 📄 Retrieved page 5 (1000 blocks)
2025-10-31 10:59:32 [INFO] [run_textract] 📄 Retrieved page 6 (407 blocks)
2025-10-31 10:59:32 [INFO] [run_textract] ✅ Total blocks retrieved: 5407 across 6 pages
2025-10-31 10:59:33 [INFO] [run_textract] ✅ Saved Textract output: data/raw/specimen-agreement_raw.json (5407 blocks)
2025-10-31 10:59:33 [INFO] [run_textract] ------------------------------------------------------------
2025-10-31 10:59:33 [INFO] [run_textract] ✅ Completed Textract for 7 files.
2025-10-31 11:00:47 [INFO] [run_textract] 🚀 Starting Textract for: Personal-Loan-Agreement.pdf
2025-10-31 11:00:48 [INFO] [run_textract] 🪄 Job started: 44daf0a0f2dbdc58779e90542b2cce04648a0b3e8830daf18b3b085cde57f6a9
2025-10-31 11:00:48 [INFO] [run_textract] ⏳ Waiting for Textract job to finish for Personal-Loan-Agreement.pdf...
2025-10-31 11:00:53 [INFO] [run_textract] ⏳ Waiting for Textract job to finish for Personal-Loan-Agreement.pdf...
2025-10-31 11:00:58 [INFO] [run_textract] ⏳ Waiting for Textract job to finish for Personal-Loan-Agreement.pdf...
2025-10-31 11:01:04 [INFO] [run_textract] 📄 Retrieved page 1 (1000 blocks)
2025-10-31 11:01:06 [INFO] [run_textract] 📄 Retrieved page 2 (134 blocks)
2025-10-31 11:01:06 [INFO] [run_textract] ✅ Total blocks retrieved: 1134 across 2 pages
2025-10-31 11:01:06 [INFO] [run_textract] ✅ Saved Textract output: data/raw/Personal-Loan-Agreement_raw.json (1134 blocks)
2025-10-31 11:01:06 [INFO] [run_textract] ------------------------------------------------------------
2025-10-31 11:01:06 [INFO] [run_textract] 🚀 Starting Textract for: gss-term-loan-agreement-ccd-5.pdf
2025-10-31 11:01:06 [INFO] [run_textract] 🪄 Job started: e232661bb32729f6d7e10015722fea775724efa6496c9c0ac9da3b7c4d8819a8
2025-10-31 11:01:06 [INFO] [run_textract] ⏳ Waiting for Textract job to finish for gss-term-loan-agreement-ccd-5.pdf...
2025-10-31 11:01:34 [INFO] [run_textract] 🚀 Starting Textract for: Personal-Loan-Agreement.pdf
2025-10-31 11:01:35 [INFO] [run_textract] 🪄 Job started: 0aec61b5fc80e5b0bb4dd40d738e8551ad47a4f107d5aaff3c8703f962b56f34
2025-10-31 11:01:35 [INFO] [run_textract] ⏳ Waiting for Textract job to finish for Personal-Loan-Agreement.pdf...
2025-10-31 11:01:37 [INFO] [run_textract] 🚀 Starting Textract for: Personal-Loan-Agreement.pdf
2025-10-31 11:01:37 [INFO] [run_textract] 🪄 Job started: 11f6809570bc5c77c6bbff41c1e5d7741798f86a8a11d812e86564ba06e4ff62
2025-10-31 11:01:37 [INFO] [run_textract] ⏳ Waiting for Textract job to finish for Personal-Loan-Agreement.pdf...
2025-10-31 11:01:40 [INFO] [run_textract] ⏳ Waiting for Textract job to finish for Personal-Loan-Agreement.pdf...
2025-10-31 11:01:43 [INFO] [run_textract] ⏳ Waiting for Textract job to finish for Personal-Loan-Agreement.pdf...
2025-10-31 11:01:46 [INFO] [run_textract] ⏳ Waiting for Textract job to finish for Personal-Loan-Agreement.pdf...
2025-10-31 11:01:48 [INFO] [run_textract] ⏳ Waiting for Textract job to finish for Personal-Loan-Agreement.pdf...
2025-10-31 11:01:51 [INFO] [run_textract] ⏳ Waiting for Textract job to finish for Personal-Loan-Agreement.pdf...
2025-10-31 11:01:53 [INFO] [run_textract] ⏳ Waiting for Textract job to finish for Personal-Loan-Agreement.pdf...
2025-10-31 11:01:56 [INFO] [run_textract] ⏳ Waiting for Textract job to finish for Personal-Loan-Agreement.pdf...
2025-10-31 11:01:58 [INFO] [run_textract] ⏳ Waiting for Textract job to finish for Personal-Loan-Agreement.pdf...
2025-10-31 11:02:01 [INFO] [run_textract] ⏳ Waiting for Textract job to finish for Personal-Loan-Agreement.pdf...
2025-10-31 11:02:03 [INFO] [run_textract] ⏳ Waiting for Textract job to finish for Personal-Loan-Agreement.pdf...
2025-10-31 11:02:06 [INFO] [run_textract] ⏳ Waiting for Textract job to finish for Personal-Loan-Agreement.pdf...
2025-10-31 11:02:08 [INFO] [run_textract] ⏳ Waiting for Textract job to finish for Personal-Loan-Agreement.pdf...
2025-10-31 11:02:13 [INFO] [run_textract] ⏳ Waiting for Textract job to finish for Personal-Loan-Agreement.pdf...
2025-10-31 11:02:18 [INFO] [run_textract] ⏳ Waiting for Textract job to finish for Personal-Loan-Agreement.pdf...
2025-10-31 11:02:24 [INFO] [run_textract] ⏳ Waiting for Textract job to finish for Personal-Loan-Agreement.pdf...
2025-10-31 11:02:29 [INFO] [run_textract] ⏳ Waiting for Textract job to finish for Personal-Loan-Agreement.pdf...
2025-10-31 11:02:35 [INFO] [run_textract] 📄 Retrieved page 1 (1000 blocks)
2025-10-31 11:02:37 [INFO] [run_textract] 📄 Retrieved page 2 (134 blocks)
2025-10-31 11:02:37 [INFO] [run_textract] ✅ Total blocks retrieved: 1134 across 2 pages
2025-10-31 11:02:37 [INFO] [run_textract] ✅ Saved Textract output: data/raw/Personal-Loan-Agreement_raw.json (1134 blocks)
2025-10-31 11:02:37 [INFO] [run_textract] ------------------------------------------------------------
2025-10-31 11:02:37 [INFO] [run_textract] 🚀 Starting Textract for: form_centre_showcase_personal_loan_form.pdf
2025-10-31 11:02:37 [INFO] [run_textract] 🪄 Job started: 9a16f0c6bb5fa0d922585a1d75009a11b601d7558db9ecf07f2fedb769b68c1d
2025-10-31 11:02:37 [INFO] [run_textract] ⏳ Waiting for Textract job to finish for form_centre_showcase_personal_loan_form.pdf...
2025-10-31 11:02:42 [INFO] [run_textract] ⏳ Waiting for Textract job to finish for form_centre_showcase_personal_loan_form.pdf...
2025-10-31 11:02:47 [INFO] [run_textract] ⏳ Waiting for Textract job to finish for form_centre_showcase_personal_loan_form.pdf...
2025-10-31 11:02:52 [INFO] [run_textract] ⏳ Waiting for Textract job to finish for form_centre_showcase_personal_loan_form.pdf...
2025-10-31 11:02:58 [INFO] [run_textract] ⏳ Waiting for Textract job to finish for form_centre_showcase_personal_loan_form.pdf...
2025-10-31 11:03:03 [INFO] [run_textract] ⏳ Waiting for Textract job to finish for form_centre_showcase_personal_loan_form.pdf...
2025-10-31 11:03:08 [INFO] [run_textract] ⏳ Waiting for Textract job to finish for form_centre_showcase_personal_loan_form.pdf...
2025-10-31 11:03:13 [INFO] [run_textract] ⏳ Waiting for Textract job to finish for form_centre_showcase_personal_loan_form.pdf...
2025-10-31 11:03:18 [INFO] [run_textract] ⏳ Waiting for Textract job to finish for form_centre_showcase_personal_loan_form.pdf...
2025-10-31 11:03:23 [INFO] [run_textract] ⏳ Waiting for Textract job to finish for form_centre_showcase_personal_loan_form.pdf...
2025-10-31 11:03:28 [INFO] [run_textract] ⏳ Waiting for Textract job to finish for form_centre_showcase_personal_loan_form.pdf...
2025-10-31 11:03:33 [INFO] [run_textract] ⏳ Waiting for Textract job to finish for form_centre_showcase_personal_loan_form.pdf...
2025-10-31 11:03:38 [INFO] [run_textract] ⏳ Waiting for Textract job to finish for form_centre_showcase_personal_loan_form.pdf...
2025-10-31 11:03:43 [INFO] [run_textract] ⏳ Waiting for Textract job to finish for form_centre_showcase_personal_loan_form.pdf...
2025-10-31 11:03:49 [INFO] [run_textract] ⏳ Waiting for Textract job to finish for form_centre_showcase_personal_loan_form.pdf...
2025-10-31 11:03:55 [INFO] [run_textract] 📄 Retrieved page 1 (1000 blocks)
2025-10-31 11:03:57 [INFO] [run_textract] 📄 Retrieved page 2 (1000 blocks)
2025-10-31 11:04:01 [INFO] [run_textract] 📄 Retrieved page 3 (1000 blocks)
2025-10-31 11:04:04 [INFO] [run_textract] 📄 Retrieved page 4 (1000 blocks)
2025-10-31 11:04:05 [INFO] [run_textract] 📄 Retrieved page 5 (174 blocks)
2025-10-31 11:04:05 [INFO] [run_textract] ✅ Total blocks retrieved: 4174 across 5 pages
2025-10-31 11:04:06 [INFO] [run_textract] ✅ Saved Textract output: data/raw/form_centre_showcase_personal_loan_form_raw.json (4174 blocks)
2025-10-31 11:04:06 [INFO] [run_textract] ------------------------------------------------------------
2025-10-31 11:04:06 [INFO] [run_textract] 🚀 Starting Textract for: gss-term-loan-agreement-ccd-5.pdf
2025-10-31 11:04:06 [INFO] [run_textract] 🪄 Job started: 81fab3cf447d42897a35f002edabdb48f6f866fd3270c7119543e542fbb57428
2025-10-31 11:04:06 [INFO] [run_textract] ⏳ Waiting for Textract job to finish for gss-term-loan-agreement-ccd-5.pdf...
2025-10-31 11:04:11 [INFO] [run_textract] ⏳ Waiting for Textract job to finish for gss-term-loan-agreement-ccd-5.pdf...
2025-10-31 11:04:17 [INFO] [run_textract] ⏳ Waiting for Textract job to finish for gss-term-loan-agreement-ccd-5.pdf...
2025-10-31 11:04:22 [INFO] [run_textract] ⏳ Waiting for Textract job to finish for gss-term-loan-agreement-ccd-5.pdf...
2025-10-31 11:04:27 [INFO] [run_textract] ⏳ Waiting for Textract job to finish for gss-term-loan-agreement-ccd-5.pdf...
2025-10-31 11:04:32 [INFO] [run_textract] ⏳ Waiting for Textract job to finish for gss-term-loan-agreement-ccd-5.pdf...
2025-10-31 11:04:38 [INFO] [run_textract] 📄 Retrieved page 1 (1000 blocks)
2025-10-31 11:04:40 [INFO] [run_textract] 📄 Retrieved page 2 (1000 blocks)
2025-10-31 11:04:42 [INFO] [run_textract] 📄 Retrieved page 3 (1000 blocks)
2025-10-31 11:04:44 [INFO] [run_textract] 📄 Retrieved page 4 (1000 blocks)
2025-10-31 11:04:46 [INFO] [run_textract] 📄 Retrieved page 5 (1000 blocks)
2025-10-31 11:04:48 [INFO] [run_textract] 📄 Retrieved page 6 (1000 blocks)
2025-10-31 11:04:50 [INFO] [run_textract] 📄 Retrieved page 7 (1000 blocks)
2025-10-31 11:04:51 [INFO] [run_textract] 📄 Retrieved page 8 (1000 blocks)
2025-10-31 11:04:53 [INFO] [run_textract] 📄 Retrieved page 9 (1000 blocks)
2025-10-31 11:04:55 [INFO] [run_textract] 📄 Retrieved page 10 (1000 blocks)
2025-10-31 11:04:57 [INFO] [run_textract] 📄 Retrieved page 11 (563 blocks)
2025-10-31 11:04:57 [INFO] [run_textract] ✅ Total blocks retrieved: 10563 across 11 pages
2025-10-31 11:04:59 [INFO] [run_textract] ✅ Saved Textract output: data/raw/gss-term-loan-agreement-ccd-5_raw.json (10563 blocks)
2025-10-31 11:04:59 [INFO] [run_textract] ------------------------------------------------------------
2025-10-31 11:04:59 [INFO] [run_textract] 🚀 Starting Textract for: loan1.pdf
2025-10-31 11:04:59 [INFO] [run_textract] 🪄 Job started: 3d9791b6e32816bd4a99767b11e71a464fbfd7f90e213060ee9d49795c30c148
2025-10-31 11:04:59 [INFO] [run_textract] ⏳ Waiting for Textract job to finish for loan1.pdf...
2025-10-31 11:05:04 [INFO] [run_textract] ⏳ Waiting for Textract job to finish for loan1.pdf...
2025-10-31 11:05:09 [INFO] [run_textract] ⏳ Waiting for Textract job to finish for loan1.pdf...
2025-10-31 11:05:15 [INFO] [run_textract] 📄 Retrieved page 1 (1000 blocks)
2025-10-31 11:05:18 [INFO] [run_textract] 📄 Retrieved page 2 (1000 blocks)
2025-10-31 11:05:19 [INFO] [run_textract] 📄 Retrieved page 3 (299 blocks)
2025-10-31 11:05:19 [INFO] [run_textract] ✅ Total blocks retrieved: 2299 across 3 pages
2025-10-31 11:05:19 [INFO] [run_textract] ✅ Saved Textract output: data/raw/loan1_raw.json (2299 blocks)
2025-10-31 11:05:20 [INFO] [run_textract] ------------------------------------------------------------
2025-10-31 11:05:20 [INFO] [run_textract] 🚀 Starting Textract for: loan2.pdf
2025-10-31 11:05:20 [INFO] [run_textract] 🪄 Job started: 9cf9bc775012322bcdd0053f73cb9bb9a84d0b97debaa213db241f77c3d11b96
2025-10-31 11:05:20 [INFO] [run_textract] ⏳ Waiting for Textract job to finish for loan2.pdf...
2025-10-31 11:05:25 [INFO] [run_textract] ⏳ Waiting for Textract job to finish for loan2.pdf...
2025-10-31 11:05:30 [INFO] [run_textract] ⏳ Waiting for Textract job to finish for loan2.pdf...
2025-10-31 11:05:38 [INFO] [run_textract] 📄 Retrieved page 1 (1000 blocks)
2025-10-31 11:05:40 [INFO] [run_textract] 📄 Retrieved page 2 (1000 blocks)
2025-10-31 11:05:41 [INFO] [run_textract] 📄 Retrieved page 3 (797 blocks)
2025-10-31 11:05:41 [INFO] [run_textract] ✅ Total blocks retrieved: 2797 across 3 pages
2025-10-31 11:05:42 [INFO] [run_textract] ✅ Saved Textract output: data/raw/loan2_raw.json (2797 blocks)
2025-10-31 11:05:42 [INFO] [run_textract] ------------------------------------------------------------
2025-10-31 11:05:42 [INFO] [run_textract] 🚀 Starting Textract for: loan3.pdf
2025-10-31 11:05:42 [INFO] [run_textract] 🪄 Job started: 71914185d8242b48cb05e0cd7595220f50cab8d76cc3fb2463f953c07a683e89
2025-10-31 11:05:42 [INFO] [run_textract] ⏳ Waiting for Textract job to finish for loan3.pdf...
2025-10-31 11:05:47 [INFO] [run_textract] ⏳ Waiting for Textract job to finish for loan3.pdf...
2025-10-31 11:05:53 [INFO] [run_textract] ⏳ Waiting for Textract job to finish for loan3.pdf...
2025-10-31 11:05:58 [INFO] [run_textract] ⏳ Waiting for Textract job to finish for loan3.pdf...
2025-10-31 11:06:07 [INFO] [run_textract] 📄 Retrieved page 1 (1000 blocks)
2025-10-31 11:06:09 [INFO] [run_textract] 📄 Retrieved page 2 (1000 blocks)
2025-10-31 11:06:10 [INFO] [run_textract] 📄 Retrieved page 3 (1000 blocks)
2025-10-31 11:06:12 [INFO] [run_textract] 📄 Retrieved page 4 (1000 blocks)
2025-10-31 11:06:14 [INFO] [run_textract] 📄 Retrieved page 5 (1000 blocks)
2025-10-31 11:06:17 [INFO] [run_textract] 📄 Retrieved page 6 (1000 blocks)
2025-10-31 11:06:19 [INFO] [run_textract] 📄 Retrieved page 7 (1000 blocks)
2025-10-31 11:06:21 [INFO] [run_textract] 📄 Retrieved page 8 (1000 blocks)
2025-10-31 11:06:23 [INFO] [run_textract] 📄 Retrieved page 9 (1000 blocks)
2025-10-31 11:06:25 [INFO] [run_textract] 📄 Retrieved page 10 (881 blocks)
2025-10-31 11:06:25 [INFO] [run_textract] ✅ Total blocks retrieved: 9881 across 10 pages
2025-10-31 11:06:27 [INFO] [run_textract] ✅ Saved Textract output: data/raw/loan3_raw.json (9881 blocks)
2025-10-31 11:06:27 [INFO] [run_textract] ------------------------------------------------------------
2025-10-31 11:06:27 [INFO] [run_textract] 🚀 Starting Textract for: pl_agreement.pdf
2025-10-31 11:06:27 [INFO] [run_textract] 🪄 Job started: 79654bb2d4e822a8f816dfe70d83eae725f9b2562896d297ec504fb70d0857ac
2025-10-31 11:06:27 [INFO] [run_textract] ⏳ Waiting for Textract job to finish for pl_agreement.pdf...
2025-10-31 11:06:33 [INFO] [run_textract] ⏳ Waiting for Textract job to finish for pl_agreement.pdf...
2025-10-31 11:06:38 [INFO] [run_textract] ⏳ Waiting for Textract job to finish for pl_agreement.pdf...
2025-10-31 11:06:43 [INFO] [run_textract] ⏳ Waiting for Textract job to finish for pl_agreement.pdf...
2025-10-31 11:06:48 [INFO] [run_textract] ⏳ Waiting for Textract job to finish for pl_agreement.pdf...
2025-10-31 11:06:53 [INFO] [run_textract] ⏳ Waiting for Textract job to finish for pl_agreement.pdf...
2025-10-31 11:06:59 [INFO] [run_textract] 📄 Retrieved page 1 (1000 blocks)
2025-10-31 11:07:01 [INFO] [run_textract] 📄 Retrieved page 2 (1000 blocks)
2025-10-31 11:07:03 [INFO] [run_textract] 📄 Retrieved page 3 (1000 blocks)
2025-10-31 11:07:04 [INFO] [run_textract] 📄 Retrieved page 4 (1000 blocks)
2025-10-31 11:07:07 [INFO] [run_textract] 📄 Retrieved page 5 (1000 blocks)
2025-10-31 11:07:10 [INFO] [run_textract] 📄 Retrieved page 6 (1000 blocks)
2025-10-31 11:07:12 [INFO] [run_textract] 📄 Retrieved page 7 (1000 blocks)
2025-10-31 11:07:14 [INFO] [run_textract] 📄 Retrieved page 8 (1000 blocks)
2025-10-31 11:07:16 [INFO] [run_textract] 📄 Retrieved page 9 (1000 blocks)
2025-10-31 11:07:18 [INFO] [run_textract] 📄 Retrieved page 10 (1000 blocks)
2025-10-31 11:07:20 [INFO] [run_textract] 📄 Retrieved page 11 (1000 blocks)
2025-10-31 11:07:21 [INFO] [run_textract] 📄 Retrieved page 12 (234 blocks)
2025-10-31 11:07:21 [INFO] [run_textract] ✅ Total blocks retrieved: 11234 across 12 pages
2025-10-31 11:07:23 [INFO] [run_textract] ✅ Saved Textract output: data/raw/pl_agreement_raw.json (11234 blocks)
2025-10-31 11:07:23 [INFO] [run_textract] ------------------------------------------------------------
2025-10-31 11:07:23 [INFO] [run_textract] 🚀 Starting Textract for: specimen-agreement.pdf
2025-10-31 11:07:23 [INFO] [run_textract] 🪄 Job started: 02c1ba8b876c20cbdbcc6408d2fad952587fa1df8e9591e2e423749da42b61dc
2025-10-31 11:07:23 [INFO] [run_textract] ⏳ Waiting for Textract job to finish for specimen-agreement.pdf...
2025-10-31 11:07:29 [INFO] [run_textract] ⏳ Waiting for Textract job to finish for specimen-agreement.pdf...
2025-10-31 11:07:34 [INFO] [run_textract] ⏳ Waiting for Textract job to finish for specimen-agreement.pdf...
2025-10-31 11:07:39 [INFO] [run_textract] ⏳ Waiting for Textract job to finish for specimen-agreement.pdf...
2025-10-31 11:07:44 [INFO] [run_textract] ⏳ Waiting for Textract job to finish for specimen-agreement.pdf...
2025-10-31 11:07:49 [INFO] [run_textract] ⏳ Waiting for Textract job to finish for specimen-agreement.pdf...
2025-10-31 11:07:54 [INFO] [run_textract] ⏳ Waiting for Textract job to finish for specimen-agreement.pdf...
2025-10-31 11:07:59 [INFO] [run_textract] ⏳ Waiting for Textract job to finish for specimen-agreement.pdf...
2025-10-31 11:08:04 [INFO] [run_textract] ⏳ Waiting for Textract job to finish for specimen-agreement.pdf...
2025-10-31 11:08:10 [INFO] [run_textract] 📄 Retrieved page 1 (1000 blocks)
2025-10-31 11:08:11 [INFO] [run_textract] 📄 Retrieved page 2 (1000 blocks)
2025-10-31 11:08:13 [INFO] [run_textract] 📄 Retrieved page 3 (1000 blocks)
2025-10-31 11:08:15 [INFO] [run_textract] 📄 Retrieved page 4 (1000 blocks)
2025-10-31 11:08:16 [INFO] [run_textract] 📄 Retrieved page 5 (1000 blocks)
2025-10-31 11:08:17 [INFO] [run_textract] 📄 Retrieved page 6 (407 blocks)
2025-10-31 11:08:17 [INFO] [run_textract] ✅ Total blocks retrieved: 5407 across 6 pages
2025-10-31 11:08:18 [INFO] [run_textract] ✅ Saved Textract output: data/raw/specimen-agreement_raw.json (5407 blocks)
2025-10-31 11:08:18 [INFO] [run_textract] ------------------------------------------------------------
2025-10-31 11:08:18 [INFO] [run_textract] ✅ Completed Textract for 8 files.
2025-10-31 11:26:23 [INFO] [run_textract] 🚀 Starting Textract for: Personal-Loan-Agreement.pdf
2025-10-31 11:26:24 [INFO] [run_textract] 🪄 Job started: cbf882fdd7558e69cb38f0c21bf46f2a973e2c5036218174a702b0038cafb0a0
2025-10-31 11:26:24 [INFO] [run_textract] ⏳ Waiting for Textract job to finish for Personal-Loan-Agreement.pdf...
2025-10-31 11:26:26 [INFO] [run_textract] 🚀 Starting Textract for: Personal-Loan-Agreement.pdf
2025-10-31 11:26:27 [INFO] [run_textract] 🪄 Job started: 5ddcfe33231c195c868e69b457c479ace698967a32604b5ab89d83222fc2e6d1
2025-10-31 11:26:27 [INFO] [run_textract] ⏳ Waiting for Textract job to finish for Personal-Loan-Agreement.pdf...
2025-10-31 11:26:29 [INFO] [run_textract] ⏳ Waiting for Textract job to finish for Personal-Loan-Agreement.pdf...
2025-10-31 11:26:32 [INFO] [run_textract] ⏳ Waiting for Textract job to finish for Personal-Loan-Agreement.pdf...
2025-10-31 11:26:34 [INFO] [run_textract] ⏳ Waiting for Textract job to finish for Personal-Loan-Agreement.pdf...
2025-10-31 11:26:37 [INFO] [run_textract] ⏳ Waiting for Textract job to finish for Personal-Loan-Agreement.pdf...
2025-10-31 11:26:39 [INFO] [run_textract] ⏳ Waiting for Textract job to finish for Personal-Loan-Agreement.pdf...
2025-10-31 11:26:42 [INFO] [run_textract] ⏳ Waiting for Textract job to finish for Personal-Loan-Agreement.pdf...
2025-10-31 11:26:44 [INFO] [run_textract] ⏳ Waiting for Textract job to finish for Personal-Loan-Agreement.pdf...
2025-10-31 11:26:47 [INFO] [run_textract] ⏳ Waiting for Textract job to finish for Personal-Loan-Agreement.pdf...
2025-10-31 11:26:49 [INFO] [run_textract] ⏳ Waiting for Textract job to finish for Personal-Loan-Agreement.pdf...
2025-10-31 11:26:52 [INFO] [run_textract] ⏳ Waiting for Textract job to finish for Personal-Loan-Agreement.pdf...
2025-10-31 11:26:54 [INFO] [run_textract] ⏳ Waiting for Textract job to finish for Personal-Loan-Agreement.pdf...
2025-10-31 11:26:57 [INFO] [run_textract] ⏳ Waiting for Textract job to finish for Personal-Loan-Agreement.pdf...
2025-10-31 11:26:59 [INFO] [run_textract] ⏳ Waiting for Textract job to finish for Personal-Loan-Agreement.pdf...
2025-10-31 11:27:02 [INFO] [run_textract] ⏳ Waiting for Textract job to finish for Personal-Loan-Agreement.pdf...
2025-10-31 11:27:07 [INFO] [run_textract] 📄 Retrieved page 1 (1000 blocks)
2025-10-31 11:27:07 [INFO] [run_textract] ⏳ Waiting for Textract job to finish for Personal-Loan-Agreement.pdf...
2025-10-31 11:27:09 [INFO] [run_textract] 📄 Retrieved page 2 (134 blocks)
2025-10-31 11:27:09 [INFO] [run_textract] ✅ Total blocks retrieved: 1134 across 2 pages
2025-10-31 11:27:09 [INFO] [run_textract] ✅ Saved Textract output: data/raw/Personal-Loan-Agreement_raw.json (1134 blocks)
2025-10-31 11:27:09 [INFO] [run_textract] ------------------------------------------------------------
2025-10-31 11:27:09 [INFO] [run_textract] 🚀 Starting Textract for: form_centre_showcase_personal_loan_form.pdf
2025-10-31 11:27:09 [INFO] [run_textract] 🪄 Job started: 18baec78a896ec70dc6fbc98b8bee8609c73897276a5f832b232c5bef3d539a2
2025-10-31 11:27:09 [INFO] [run_textract] ⏳ Waiting for Textract job to finish for form_centre_showcase_personal_loan_form.pdf...
2025-10-31 11:27:14 [INFO] [run_textract] ⏳ Waiting for Textract job to finish for form_centre_showcase_personal_loan_form.pdf...
2025-10-31 11:27:16 [INFO] [run_textract] 📄 Retrieved page 1 (1000 blocks)
2025-10-31 11:27:18 [INFO] [run_textract] 📄 Retrieved page 2 (134 blocks)
2025-10-31 11:27:18 [INFO] [run_textract] ✅ Total blocks retrieved: 1134 across 2 pages
2025-10-31 11:27:18 [INFO] [run_textract] ✅ Saved Textract output: data/raw/Personal-Loan-Agreement_raw.json (1134 blocks)
2025-10-31 11:27:18 [INFO] [run_textract] ------------------------------------------------------------
2025-10-31 11:27:18 [INFO] [run_textract] 🚀 Starting Textract for: form_centre_showcase_personal_loan_form.pdf
2025-10-31 11:27:18 [INFO] [run_textract] 🪄 Job started: 88f873d79c2c72c908c07b9d00ef5a92d3db63730bf3337c1702ef48621d4512
2025-10-31 11:27:18 [INFO] [run_textract] ⏳ Waiting for Textract job to finish for form_centre_showcase_personal_loan_form.pdf...
2025-10-31 11:27:19 [INFO] [run_textract] ⏳ Waiting for Textract job to finish for form_centre_showcase_personal_loan_form.pdf...
2025-10-31 11:27:23 [INFO] [run_textract] ⏳ Waiting for Textract job to finish for form_centre_showcase_personal_loan_form.pdf...
2025-10-31 11:27:24 [INFO] [run_textract] ⏳ Waiting for Textract job to finish for form_centre_showcase_personal_loan_form.pdf...
2025-10-31 11:27:28 [INFO] [run_textract] ⏳ Waiting for Textract job to finish for form_centre_showcase_personal_loan_form.pdf...
2025-10-31 11:27:29 [INFO] [run_textract] ⏳ Waiting for Textract job to finish for form_centre_showcase_personal_loan_form.pdf...
2025-10-31 11:27:33 [INFO] [run_textract] ⏳ Waiting for Textract job to finish for form_centre_showcase_personal_loan_form.pdf...
2025-10-31 11:27:35 [INFO] [run_textract] ⏳ Waiting for Textract job to finish for form_centre_showcase_personal_loan_form.pdf...
2025-10-31 11:27:38 [INFO] [run_textract] ⏳ Waiting for Textract job to finish for form_centre_showcase_personal_loan_form.pdf...
2025-10-31 11:27:40 [INFO] [run_textract] ⏳ Waiting for Textract job to finish for form_centre_showcase_personal_loan_form.pdf...
2025-10-31 11:27:44 [INFO] [run_textract] ⏳ Waiting for Textract job to finish for form_centre_showcase_personal_loan_form.pdf...
2025-10-31 11:27:49 [INFO] [run_textract] ⏳ Waiting for Textract job to finish for form_centre_showcase_personal_loan_form.pdf...
2025-10-31 11:27:51 [INFO] [run_textract] 📄 Retrieved page 1 (1000 blocks)
2025-10-31 11:27:53 [INFO] [run_textract] 📄 Retrieved page 2 (1000 blocks)
2025-10-31 11:27:56 [INFO] [run_textract] 📄 Retrieved page 3 (1000 blocks)
2025-10-31 11:27:56 [INFO] [run_textract] 📄 Retrieved page 1 (1000 blocks)
2025-10-31 11:27:58 [INFO] [run_textract] 📄 Retrieved page 4 (1000 blocks)
2025-10-31 11:27:58 [INFO] [run_textract] 📄 Retrieved page 2 (1000 blocks)
2025-10-31 11:27:59 [INFO] [run_textract] 📄 Retrieved page 5 (174 blocks)
2025-10-31 11:27:59 [INFO] [run_textract] ✅ Total blocks retrieved: 4174 across 5 pages
2025-10-31 11:28:00 [INFO] [run_textract] ✅ Saved Textract output: data/raw/form_centre_showcase_personal_loan_form_raw.json (4174 blocks)
2025-10-31 11:28:00 [INFO] [run_textract] ------------------------------------------------------------
2025-10-31 11:28:00 [INFO] [run_textract] 🚀 Starting Textract for: gss-term-loan-agreement-ccd-5.pdf
2025-10-31 11:28:00 [INFO] [run_textract] 🪄 Job started: f4373ad39dfcc02590eae3709478e38bae477b2d47be331c7eccac3e7e197689
2025-10-31 11:28:00 [INFO] [run_textract] ⏳ Waiting for Textract job to finish for gss-term-loan-agreement-ccd-5.pdf...
2025-10-31 11:28:01 [INFO] [run_textract] 📄 Retrieved page 3 (1000 blocks)
2025-10-31 11:28:04 [INFO] [run_textract] 📄 Retrieved page 4 (1000 blocks)
2025-10-31 11:28:05 [INFO] [run_textract] 📄 Retrieved page 5 (174 blocks)
2025-10-31 11:28:05 [INFO] [run_textract] ✅ Total blocks retrieved: 4174 across 5 pages
2025-10-31 11:28:05 [INFO] [run_textract] ⏳ Waiting for Textract job to finish for gss-term-loan-agreement-ccd-5.pdf...
2025-10-31 11:28:05 [INFO] [run_textract] ✅ Saved Textract output: data/raw/form_centre_showcase_personal_loan_form_raw.json (4174 blocks)
2025-10-31 11:28:05 [INFO] [run_textract] ------------------------------------------------------------
2025-10-31 11:28:05 [INFO] [run_textract] 🚀 Starting Textract for: gss-term-loan-agreement-ccd-5.pdf
2025-10-31 11:28:06 [INFO] [run_textract] 🪄 Job started: 92bc400826328c49fa375cf3e93e71db62619ce4ee78b4598b449661aceda63c
2025-10-31 11:28:06 [INFO] [run_textract] ⏳ Waiting for Textract job to finish for gss-term-loan-agreement-ccd-5.pdf...
2025-10-31 11:28:10 [INFO] [run_textract] ⏳ Waiting for Textract job to finish for gss-term-loan-agreement-ccd-5.pdf...
2025-10-31 11:28:11 [INFO] [run_textract] ⏳ Waiting for Textract job to finish for gss-term-loan-agreement-ccd-5.pdf...
2025-10-31 11:28:15 [INFO] [run_textract] ⏳ Waiting for Textract job to finish for gss-term-loan-agreement-ccd-5.pdf...
2025-10-31 11:28:16 [INFO] [run_textract] ⏳ Waiting for Textract job to finish for gss-term-loan-agreement-ccd-5.pdf...
2025-10-31 11:28:21 [INFO] [run_textract] ⏳ Waiting for Textract job to finish for gss-term-loan-agreement-ccd-5.pdf...
2025-10-31 11:28:21 [INFO] [run_textract] ⏳ Waiting for Textract job to finish for gss-term-loan-agreement-ccd-5.pdf...
2025-10-31 11:28:26 [INFO] [run_textract] ⏳ Waiting for Textract job to finish for gss-term-loan-agreement-ccd-5.pdf...
2025-10-31 11:28:26 [INFO] [run_textract] ⏳ Waiting for Textract job to finish for gss-term-loan-agreement-ccd-5.pdf...
2025-10-31 11:28:31 [INFO] [run_textract] ⏳ Waiting for Textract job to finish for gss-term-loan-agreement-ccd-5.pdf...
2025-10-31 11:28:31 [INFO] [run_textract] ⏳ Waiting for Textract job to finish for gss-term-loan-agreement-ccd-5.pdf...
2025-10-31 11:28:37 [INFO] [run_textract] 📄 Retrieved page 1 (1000 blocks)
2025-10-31 11:28:38 [INFO] [run_textract] 📄 Retrieved page 1 (1000 blocks)
2025-10-31 11:28:40 [INFO] [run_textract] 📄 Retrieved page 2 (1000 blocks)
2025-10-31 11:28:40 [INFO] [run_textract] 📄 Retrieved page 2 (1000 blocks)
2025-10-31 11:28:42 [INFO] [run_textract] 📄 Retrieved page 3 (1000 blocks)
2025-10-31 11:28:43 [INFO] [run_textract] 📄 Retrieved page 3 (1000 blocks)
2025-10-31 11:28:43 [INFO] [run_textract] 📄 Retrieved page 4 (1000 blocks)
2025-10-31 11:28:45 [INFO] [run_textract] 📄 Retrieved page 4 (1000 blocks)
2025-10-31 11:28:45 [INFO] [run_textract] 📄 Retrieved page 5 (1000 blocks)
2025-10-31 11:28:47 [INFO] [run_textract] 📄 Retrieved page 6 (1000 blocks)
2025-10-31 11:28:47 [INFO] [run_textract] 📄 Retrieved page 5 (1000 blocks)
2025-10-31 11:28:49 [INFO] [run_textract] 📄 Retrieved page 7 (1000 blocks)
2025-10-31 11:28:49 [INFO] [run_textract] 📄 Retrieved page 6 (1000 blocks)
2025-10-31 11:28:51 [INFO] [run_textract] 📄 Retrieved page 8 (1000 blocks)
2025-10-31 11:28:51 [INFO] [run_textract] 📄 Retrieved page 7 (1000 blocks)
2025-10-31 11:28:53 [INFO] [run_textract] 📄 Retrieved page 9 (1000 blocks)
2025-10-31 11:28:54 [INFO] [run_textract] 📄 Retrieved page 8 (1000 blocks)
2025-10-31 11:28:56 [INFO] [run_textract] 📄 Retrieved page 10 (1000 blocks)
2025-10-31 11:28:56 [INFO] [run_textract] 📄 Retrieved page 9 (1000 blocks)
2025-10-31 11:28:58 [INFO] [run_textract] 📄 Retrieved page 11 (563 blocks)
2025-10-31 11:28:58 [INFO] [run_textract] ✅ Total blocks retrieved: 10563 across 11 pages
2025-10-31 11:28:59 [INFO] [run_textract] 📄 Retrieved page 10 (1000 blocks)
2025-10-31 11:29:00 [INFO] [run_textract] ✅ Saved Textract output: data/raw/gss-term-loan-agreement-ccd-5_raw.json (10563 blocks)
2025-10-31 11:29:00 [INFO] [run_textract] ------------------------------------------------------------
2025-10-31 11:29:00 [INFO] [run_textract] 🚀 Starting Textract for: loan1.pdf
2025-10-31 11:29:00 [INFO] [run_textract] 🪄 Job started: 9abdb21b4358dfd0f017afdce3e85e27c5ffe0890caf91ad26195319f5a8d209
2025-10-31 11:29:00 [INFO] [run_textract] ⏳ Waiting for Textract job to finish for loan1.pdf...
2025-10-31 11:29:00 [INFO] [run_textract] 📄 Retrieved page 11 (563 blocks)
2025-10-31 11:29:00 [INFO] [run_textract] ✅ Total blocks retrieved: 10563 across 11 pages
2025-10-31 11:29:02 [INFO] [run_textract] ✅ Saved Textract output: data/raw/gss-term-loan-agreement-ccd-5_raw.json (10563 blocks)
2025-10-31 11:29:03 [INFO] [run_textract] ------------------------------------------------------------
2025-10-31 11:29:03 [INFO] [run_textract] 🚀 Starting Textract for: loan1.pdf
2025-10-31 11:29:03 [INFO] [run_textract] 🪄 Job started: 0021ed592cd0be4f3bce2d8adb7882566be2f26649ef482535b9a2cb4453b7f9
2025-10-31 11:29:03 [INFO] [run_textract] ⏳ Waiting for Textract job to finish for loan1.pdf...
2025-10-31 11:29:05 [INFO] [run_textract] ⏳ Waiting for Textract job to finish for loan1.pdf...
2025-10-31 11:29:08 [INFO] [run_textract] ⏳ Waiting for Textract job to finish for loan1.pdf...
2025-10-31 11:29:12 [INFO] [run_textract] 📄 Retrieved page 1 (1000 blocks)
2025-10-31 11:29:13 [INFO] [run_textract] ⏳ Waiting for Textract job to finish for loan1.pdf...
2025-10-31 11:29:15 [INFO] [run_textract] 📄 Retrieved page 2 (1000 blocks)
2025-10-31 11:29:16 [INFO] [run_textract] 📄 Retrieved page 3 (299 blocks)
2025-10-31 11:29:16 [INFO] [run_textract] ✅ Total blocks retrieved: 2299 across 3 pages
2025-10-31 11:29:16 [INFO] [run_textract] ✅ Saved Textract output: data/raw/loan1_raw.json (2299 blocks)
2025-10-31 11:29:16 [INFO] [run_textract] ------------------------------------------------------------
2025-10-31 11:29:16 [INFO] [run_textract] 🚀 Starting Textract for: loan2.pdf
2025-10-31 11:29:17 [INFO] [run_textract] 🪄 Job started: 547bd6b0e517eda40a80ce5e5ac259edad56d752090ed6415a1cecc58e61c2f0
2025-10-31 11:29:17 [INFO] [run_textract] ⏳ Waiting for Textract job to finish for loan2.pdf...
2025-10-31 11:29:18 [INFO] [run_textract] ⏳ Waiting for Textract job to finish for loan1.pdf...
2025-10-31 11:29:22 [INFO] [run_textract] ⏳ Waiting for Textract job to finish for loan2.pdf...
2025-10-31 11:29:23 [INFO] [run_textract] ⏳ Waiting for Textract job to finish for loan1.pdf...
2025-10-31 11:29:29 [INFO] [run_textract] ⏳ Waiting for Textract job to finish for loan1.pdf...
2025-10-31 11:29:30 [INFO] [run_textract] 📄 Retrieved page 1 (1000 blocks)
2025-10-31 11:29:31 [INFO] [run_textract] 📄 Retrieved page 2 (1000 blocks)
2025-10-31 11:29:34 [INFO] [run_textract] 📄 Retrieved page 3 (797 blocks)
2025-10-31 11:29:34 [INFO] [run_textract] ✅ Total blocks retrieved: 2797 across 3 pages
2025-10-31 11:29:34 [INFO] [run_textract] ✅ Saved Textract output: data/raw/loan2_raw.json (2797 blocks)
2025-10-31 11:29:34 [INFO] [run_textract] ------------------------------------------------------------
2025-10-31 11:29:34 [INFO] [run_textract] 🚀 Starting Textract for: loan3.pdf
2025-10-31 11:29:35 [INFO] [run_textract] 🪄 Job started: 210d32ef69666677916d6032e616e4b3f9be25667a2b8cf5e8ab457aa0c56bf6
2025-10-31 11:29:35 [INFO] [run_textract] ⏳ Waiting for Textract job to finish for loan3.pdf...
2025-10-31 11:29:35 [INFO] [run_textract] 📄 Retrieved page 1 (1000 blocks)
2025-10-31 11:29:37 [INFO] [run_textract] 📄 Retrieved page 2 (1000 blocks)
2025-10-31 11:29:39 [INFO] [run_textract] 📄 Retrieved page 3 (299 blocks)
2025-10-31 11:29:39 [INFO] [run_textract] ✅ Total blocks retrieved: 2299 across 3 pages
2025-10-31 11:29:39 [INFO] [run_textract] ✅ Saved Textract output: data/raw/loan1_raw.json (2299 blocks)
2025-10-31 11:29:39 [INFO] [run_textract] ------------------------------------------------------------
2025-10-31 11:29:39 [INFO] [run_textract] 🚀 Starting Textract for: loan2.pdf
2025-10-31 11:29:40 [INFO] [run_textract] 🪄 Job started: d2bdfad1da5af89cfda08435ed17eac49d87f173926e4af3b7b8183ee55bf657
2025-10-31 11:29:40 [INFO] [run_textract] ⏳ Waiting for Textract job to finish for loan2.pdf...
2025-10-31 11:29:40 [INFO] [run_textract] ⏳ Waiting for Textract job to finish for loan3.pdf...
2025-10-31 11:29:45 [INFO] [run_textract] ⏳ Waiting for Textract job to finish for loan2.pdf...
2025-10-31 11:29:45 [INFO] [run_textract] ⏳ Waiting for Textract job to finish for loan3.pdf...
2025-10-31 11:29:51 [INFO] [run_textract] 📄 Retrieved page 1 (1000 blocks)
2025-10-31 11:29:52 [INFO] [run_textract] 📄 Retrieved page 1 (1000 blocks)
2025-10-31 11:29:53 [INFO] [run_textract] 📄 Retrieved page 2 (1000 blocks)
2025-10-31 11:29:54 [INFO] [run_textract] 📄 Retrieved page 3 (797 blocks)
2025-10-31 11:29:54 [INFO] [run_textract] ✅ Total blocks retrieved: 2797 across 3 pages
2025-10-31 11:29:55 [INFO] [run_textract] 📄 Retrieved page 2 (1000 blocks)
2025-10-31 11:29:55 [INFO] [run_textract] ✅ Saved Textract output: data/raw/loan2_raw.json (2797 blocks)
2025-10-31 11:29:55 [INFO] [run_textract] ------------------------------------------------------------
2025-10-31 11:29:55 [INFO] [run_textract] 🚀 Starting Textract for: loan3.pdf
2025-10-31 11:29:55 [INFO] [run_textract] 🪄 Job started: 9ea0d872d2edb37d6d7bf43dc33a03c88f9afa5c109d809d4750556e5b38bb3d
2025-10-31 11:29:55 [INFO] [run_textract] ⏳ Waiting for Textract job to finish for loan3.pdf...
2025-10-31 11:29:57 [INFO] [run_textract] 📄 Retrieved page 3 (1000 blocks)
2025-10-31 11:29:58 [INFO] [run_textract] 📄 Retrieved page 4 (1000 blocks)
2025-10-31 11:30:00 [INFO] [run_textract] 📄 Retrieved page 5 (1000 blocks)
2025-10-31 11:30:00 [INFO] [run_textract] ⏳ Waiting for Textract job to finish for loan3.pdf...
2025-10-31 11:30:02 [INFO] [run_textract] 📄 Retrieved page 6 (1000 blocks)
2025-10-31 11:30:04 [INFO] [run_textract] 📄 Retrieved page 7 (1000 blocks)
2025-10-31 11:30:05 [INFO] [run_textract] ⏳ Waiting for Textract job to finish for loan3.pdf...
2025-10-31 11:30:06 [INFO] [run_textract] 📄 Retrieved page 8 (1000 blocks)
2025-10-31 11:30:08 [INFO] [run_textract] 📄 Retrieved page 9 (1000 blocks)
2025-10-31 11:30:10 [INFO] [run_textract] 📄 Retrieved page 10 (881 blocks)
2025-10-31 11:30:10 [INFO] [run_textract] ✅ Total blocks retrieved: 9881 across 10 pages
2025-10-31 11:30:12 [INFO] [run_textract] ✅ Saved Textract output: data/raw/loan3_raw.json (9881 blocks)
2025-10-31 11:30:12 [INFO] [run_textract] ------------------------------------------------------------
2025-10-31 11:30:12 [INFO] [run_textract] 🚀 Starting Textract for: pl_agreement.pdf
2025-10-31 11:30:12 [INFO] [run_textract] 🪄 Job started: 4dc1605097e2e61a699ed027a3a52e76c1ceb3f0b7c57d66a00db63ffed62736
2025-10-31 11:30:12 [INFO] [run_textract] ⏳ Waiting for Textract job to finish for pl_agreement.pdf...
2025-10-31 11:30:12 [INFO] [run_textract] 📄 Retrieved page 1 (1000 blocks)
2025-10-31 11:30:14 [INFO] [run_textract] 📄 Retrieved page 2 (1000 blocks)
2025-10-31 11:30:15 [INFO] [run_textract] 📄 Retrieved page 3 (1000 blocks)
2025-10-31 11:30:17 [INFO] [run_textract] 📄 Retrieved page 4 (1000 blocks)
2025-10-31 11:30:17 [INFO] [run_textract] ⏳ Waiting for Textract job to finish for pl_agreement.pdf...
2025-10-31 11:30:18 [INFO] [run_textract] 📄 Retrieved page 5 (1000 blocks)
2025-10-31 11:30:21 [INFO] [run_textract] 📄 Retrieved page 6 (1000 blocks)
2025-10-31 11:30:22 [INFO] [run_textract] ⏳ Waiting for Textract job to finish for pl_agreement.pdf...
2025-10-31 11:30:23 [INFO] [run_textract] 📄 Retrieved page 7 (1000 blocks)
2025-10-31 11:30:25 [INFO] [run_textract] 📄 Retrieved page 8 (1000 blocks)
2025-10-31 11:30:27 [INFO] [run_textract] 📄 Retrieved page 9 (1000 blocks)
2025-10-31 11:30:27 [INFO] [run_textract] ⏳ Waiting for Textract job to finish for pl_agreement.pdf...
2025-10-31 11:30:29 [INFO] [run_textract] 📄 Retrieved page 10 (881 blocks)
2025-10-31 11:30:29 [INFO] [run_textract] ✅ Total blocks retrieved: 9881 across 10 pages
2025-10-31 11:30:30 [INFO] [run_textract] ✅ Saved Textract output: data/raw/loan3_raw.json (9881 blocks)
2025-10-31 11:30:30 [INFO] [run_textract] ------------------------------------------------------------
2025-10-31 11:30:30 [INFO] [run_textract] 🚀 Starting Textract for: pl_agreement.pdf
2025-10-31 11:30:30 [INFO] [run_textract] 🪄 Job started: 14a8ebb5148ee39d624092dcb7d7ad8df1effddc7a3faaf5fba3293c67c230e1
2025-10-31 11:30:31 [INFO] [run_textract] ⏳ Waiting for Textract job to finish for pl_agreement.pdf...
2025-10-31 11:30:34 [INFO] [run_textract] 📄 Retrieved page 1 (1000 blocks)
2025-10-31 11:30:35 [INFO] [run_textract] 📄 Retrieved page 2 (1000 blocks)
2025-10-31 11:30:36 [INFO] [run_textract] ⏳ Waiting for Textract job to finish for pl_agreement.pdf...
2025-10-31 11:30:37 [INFO] [run_textract] 📄 Retrieved page 3 (1000 blocks)
2025-10-31 11:30:39 [INFO] [run_textract] 📄 Retrieved page 4 (1000 blocks)
2025-10-31 11:30:41 [INFO] [run_textract] ⏳ Waiting for Textract job to finish for pl_agreement.pdf...
2025-10-31 11:30:42 [INFO] [run_textract] 📄 Retrieved page 5 (1000 blocks)
2025-10-31 11:30:44 [INFO] [run_textract] 📄 Retrieved page 6 (1000 blocks)
2025-10-31 11:30:46 [INFO] [run_textract] 📄 Retrieved page 7 (1000 blocks)
2025-10-31 11:30:46 [INFO] [run_textract] ⏳ Waiting for Textract job to finish for pl_agreement.pdf...
2025-10-31 11:30:48 [INFO] [run_textract] 📄 Retrieved page 8 (1000 blocks)
2025-10-31 11:30:50 [INFO] [run_textract] 📄 Retrieved page 9 (1000 blocks)
2025-10-31 11:30:52 [INFO] [run_textract] 📄 Retrieved page 10 (1000 blocks)
2025-10-31 11:30:54 [INFO] [run_textract] 📄 Retrieved page 11 (1000 blocks)
2025-10-31 11:30:55 [INFO] [run_textract] 📄 Retrieved page 12 (234 blocks)
2025-10-31 11:30:55 [INFO] [run_textract] ✅ Total blocks retrieved: 11234 across 12 pages
2025-10-31 11:30:55 [INFO] [run_textract] 📄 Retrieved page 1 (1000 blocks)
2025-10-31 11:30:57 [INFO] [run_textract] ✅ Saved Textract output: data/raw/pl_agreement_raw.json (11234 blocks)
2025-10-31 11:30:57 [INFO] [run_textract] ------------------------------------------------------------
2025-10-31 11:30:57 [INFO] [run_textract] 🚀 Starting Textract for: specimen-agreement.pdf
2025-10-31 11:30:57 [INFO] [run_textract] 🪄 Job started: 2f9e7552ca7ef1b2c18b0e59ee28f6ecd8459e072ff463ff464762c9ea509f52
2025-10-31 11:30:57 [INFO] [run_textract] ⏳ Waiting for Textract job to finish for specimen-agreement.pdf...
2025-10-31 11:30:58 [INFO] [run_textract] 📄 Retrieved page 2 (1000 blocks)
2025-10-31 11:31:01 [INFO] [run_textract] 📄 Retrieved page 3 (1000 blocks)
2025-10-31 11:31:02 [INFO] [run_textract] ⏳ Waiting for Textract job to finish for specimen-agreement.pdf...
2025-10-31 11:31:04 [INFO] [run_textract] 📄 Retrieved page 4 (1000 blocks)
2025-10-31 11:31:06 [INFO] [run_textract] 📄 Retrieved page 5 (1000 blocks)
2025-10-31 11:31:07 [INFO] [run_textract] ⏳ Waiting for Textract job to finish for specimen-agreement.pdf...
2025-10-31 11:31:09 [INFO] [run_textract] 📄 Retrieved page 6 (1000 blocks)
2025-10-31 11:31:11 [INFO] [run_textract] 📄 Retrieved page 7 (1000 blocks)
2025-10-31 11:31:12 [INFO] [run_textract] ⏳ Waiting for Textract job to finish for specimen-agreement.pdf...
2025-10-31 11:31:13 [INFO] [run_textract] 📄 Retrieved page 8 (1000 blocks)
2025-10-31 11:31:15 [INFO] [run_textract] 📄 Retrieved page 9 (1000 blocks)
2025-10-31 11:31:17 [INFO] [run_textract] 📄 Retrieved page 10 (1000 blocks)
2025-10-31 11:31:19 [INFO] [run_textract] 📄 Retrieved page 11 (1000 blocks)
2025-10-31 11:31:20 [INFO] [run_textract] 📄 Retrieved page 1 (1000 blocks)
2025-10-31 11:31:21 [INFO] [run_textract] 📄 Retrieved page 12 (234 blocks)
2025-10-31 11:31:21 [INFO] [run_textract] ✅ Total blocks retrieved: 11234 across 12 pages
2025-10-31 11:31:22 [INFO] [run_textract] 📄 Retrieved page 2 (1000 blocks)
2025-10-31 11:31:22 [INFO] [run_textract] ✅ Saved Textract output: data/raw/pl_agreement_raw.json (11234 blocks)
2025-10-31 11:31:22 [INFO] [run_textract] ------------------------------------------------------------
2025-10-31 11:31:22 [INFO] [run_textract] 🚀 Starting Textract for: specimen-agreement.pdf
2025-10-31 11:31:22 [INFO] [run_textract] 🪄 Job started: 9f0336c46624209ce12a26845b33da6cb8b8815adf00948293552b22dce368cb
2025-10-31 11:31:22 [INFO] [run_textract] ⏳ Waiting for Textract job to finish for specimen-agreement.pdf...
2025-10-31 11:31:23 [INFO] [run_textract] 📄 Retrieved page 3 (1000 blocks)
2025-10-31 11:31:25 [INFO] [run_textract] 📄 Retrieved page 4 (1000 blocks)
2025-10-31 11:31:27 [INFO] [run_textract] 📄 Retrieved page 5 (1000 blocks)
2025-10-31 11:31:27 [INFO] [run_textract] ⏳ Waiting for Textract job to finish for specimen-agreement.pdf...
2025-10-31 11:31:28 [INFO] [run_textract] 📄 Retrieved page 6 (407 blocks)
2025-10-31 11:31:28 [INFO] [run_textract] ✅ Total blocks retrieved: 5407 across 6 pages
2025-10-31 11:31:29 [INFO] [run_textract] ✅ Saved Textract output: data/raw/specimen-agreement_raw.json (5407 blocks)
2025-10-31 11:31:29 [INFO] [run_textract] ------------------------------------------------------------
2025-10-31 11:31:29 [INFO] [run_textract] ✅ Completed Textract for 8 files.
2025-10-31 11:31:33 [INFO] [run_textract] ⏳ Waiting for Textract job to finish for specimen-agreement.pdf...
2025-10-31 11:31:40 [INFO] [run_textract] 📄 Retrieved page 1 (1000 blocks)
2025-10-31 11:31:42 [INFO] [run_textract] 📄 Retrieved page 2 (1000 blocks)
2025-10-31 11:31:44 [INFO] [run_textract] 📄 Retrieved page 3 (1000 blocks)
2025-10-31 11:31:48 [INFO] [run_textract] 📄 Retrieved page 4 (1000 blocks)
2025-10-31 11:31:50 [INFO] [run_textract] 📄 Retrieved page 5 (1000 blocks)
2025-10-31 11:31:51 [INFO] [run_textract] 📄 Retrieved page 6 (407 blocks)
2025-10-31 11:31:51 [INFO] [run_textract] ✅ Total blocks retrieved: 5407 across 6 pages
2025-10-31 11:31:52 [INFO] [run_textract] ✅ Saved Textract output: data/raw/specimen-agreement_raw.json (5407 blocks)
2025-10-31 11:31:52 [INFO] [run_textract] ------------------------------------------------------------
2025-10-31 11:31:52 [INFO] [run_textract] ✅ Completed Textract for 8 files.
2025-10-31 13:12:50 [INFO] [run_textract] 🚀 Starting Textract for: Personal-Loan-Agreement.pdf
2025-10-31 13:12:51 [INFO] [run_textract] 🪄 Job started: 496ce5899d6ffc331ec6cb449ee1af72c83f5f40247b1c60632b3ded788cf7c5
2025-10-31 13:12:51 [INFO] [run_textract] ⏳ Waiting for Textract job to finish for Personal-Loan-Agreement.pdf...
2025-10-31 13:12:56 [INFO] [run_textract] ⏳ Waiting for Textract job to finish for Personal-Loan-Agreement.pdf...
2025-10-31 13:13:02 [INFO] [run_textract] ⏳ Waiting for Textract job to finish for Personal-Loan-Agreement.pdf...
2025-10-31 13:13:07 [INFO] [run_textract] ⏳ Waiting for Textract job to finish for Personal-Loan-Agreement.pdf...
2025-10-31 13:13:12 [INFO] [run_textract] ⏳ Waiting for Textract job to finish for Personal-Loan-Agreement.pdf...
2025-10-31 13:13:17 [INFO] [run_textract] ⏳ Waiting for Textract job to finish for Personal-Loan-Agreement.pdf...
2025-10-31 13:13:22 [INFO] [run_textract] ⏳ Waiting for Textract job to finish for Personal-Loan-Agreement.pdf...
2025-10-31 13:13:27 [INFO] [run_textract] ⏳ Waiting for Textract job to finish for Personal-Loan-Agreement.pdf...
2025-10-31 13:13:32 [INFO] [run_textract] ⏳ Waiting for Textract job to finish for Personal-Loan-Agreement.pdf...
2025-10-31 13:13:38 [INFO] [run_textract] ⏳ Waiting for Textract job to finish for Personal-Loan-Agreement.pdf...
2025-10-31 13:13:43 [INFO] [run_textract] ⏳ Waiting for Textract job to finish for Personal-Loan-Agreement.pdf...
2025-10-31 13:13:48 [INFO] [run_textract] ⏳ Waiting for Textract job to finish for Personal-Loan-Agreement.pdf...
2025-10-31 13:13:53 [INFO] [run_textract] ⏳ Waiting for Textract job to finish for Personal-Loan-Agreement.pdf...
2025-10-31 13:13:58 [INFO] [run_textract] ⏳ Waiting for Textract job to finish for Personal-Loan-Agreement.pdf...
2025-10-31 13:14:03 [INFO] [run_textract] ⏳ Waiting for Textract job to finish for Personal-Loan-Agreement.pdf...
2025-10-31 13:14:08 [INFO] [run_textract] ⏳ Waiting for Textract job to finish for Personal-Loan-Agreement.pdf...
2025-10-31 13:14:13 [INFO] [run_textract] ⏳ Waiting for Textract job to finish for Personal-Loan-Agreement.pdf...
2025-10-31 13:14:18 [INFO] [run_textract] ⏳ Waiting for Textract job to finish for Personal-Loan-Agreement.pdf...
2025-10-31 13:14:23 [INFO] [run_textract] ⏳ Waiting for Textract job to finish for Personal-Loan-Agreement.pdf...
2025-10-31 13:14:29 [INFO] [run_textract] ⏳ Waiting for Textract job to finish for Personal-Loan-Agreement.pdf...
2025-10-31 13:14:34 [INFO] [run_textract] ⏳ Waiting for Textract job to finish for Personal-Loan-Agreement.pdf...
2025-10-31 13:14:39 [INFO] [run_textract] ⏳ Waiting for Textract job to finish for Personal-Loan-Agreement.pdf...
2025-10-31 13:14:44 [INFO] [run_textract] ⏳ Waiting for Textract job to finish for Personal-Loan-Agreement.pdf...
2025-10-31 13:14:49 [INFO] [run_textract] ⏳ Waiting for Textract job to finish for Personal-Loan-Agreement.pdf...
2025-10-31 13:14:54 [INFO] [run_textract] ⏳ Waiting for Textract job to finish for Personal-Loan-Agreement.pdf...
2025-10-31 13:14:59 [INFO] [run_textract] ⏳ Waiting for Textract job to finish for Personal-Loan-Agreement.pdf...
2025-10-31 13:15:04 [INFO] [run_textract] ⏳ Waiting for Textract job to finish for Personal-Loan-Agreement.pdf...
2025-10-31 13:15:09 [INFO] [run_textract] ⏳ Waiting for Textract job to finish for Personal-Loan-Agreement.pdf...
2025-10-31 13:15:14 [INFO] [run_textract] ⏳ Waiting for Textract job to finish for Personal-Loan-Agreement.pdf...
2025-10-31 13:15:20 [INFO] [run_textract] ⏳ Waiting for Textract job to finish for Personal-Loan-Agreement.pdf...
2025-10-31 13:15:25 [INFO] [run_textract] ⏳ Waiting for Textract job to finish for Personal-Loan-Agreement.pdf...
2025-10-31 13:15:30 [INFO] [run_textract] ⏳ Waiting for Textract job to finish for Personal-Loan-Agreement.pdf...
2025-10-31 13:15:36 [INFO] [run_textract] 📄 Retrieved page 1 (1000 blocks)
2025-10-31 13:15:38 [INFO] [run_textract] 📄 Retrieved page 2 (134 blocks)
2025-10-31 13:15:38 [INFO] [run_textract] ✅ Total blocks retrieved: 1134 across 2 pages
2025-10-31 13:15:38 [INFO] [run_textract] ✅ Saved Textract output: data/raw\Personal-Loan-Agreement_raw.json (1134 blocks)
2025-10-31 13:15:38 [INFO] [run_textract] ------------------------------------------------------------
2025-10-31 13:15:38 [INFO] [run_textract] 🚀 Starting Textract for: form_centre_showcase_personal_loan_form.pdf
2025-10-31 13:15:38 [INFO] [run_textract] 🪄 Job started: ba5d52f7f96f2edead6420136f938ad67c1fe914fca3df895cde20afe177bad4
2025-10-31 13:15:38 [INFO] [run_textract] ⏳ Waiting for Textract job to finish for form_centre_showcase_personal_loan_form.pdf...
2025-10-31 13:15:43 [INFO] [run_textract] ⏳ Waiting for Textract job to finish for form_centre_showcase_personal_loan_form.pdf...
2025-10-31 13:26:43 [INFO] [run_textract] 🚀 Starting Textract for: Personal-Loan-Agreement.pdf
2025-10-31 13:26:44 [INFO] [run_textract] 🪄 Job started: eb3d831c642559b27ef6463c5556805b805fe90cda86d9744e8b18d08f9a4fda
2025-10-31 13:42:18 [INFO] [run_textract] 🚀 Starting Textract for: Personal-Loan-Agreement.pdf
2025-10-31 13:42:19 [INFO] [run_textract] 🪄 Job started: 4f1e1fb3974c7ef0ed373c67c17c6d554e883f7d33f6f9f44259ac6a949bb393
2025-10-31 13:42:19 [INFO] [run_textract] ⏳ Waiting for Textract job to finish for Personal-Loan-Agreement.pdf...
2025-10-31 13:42:24 [INFO] [run_textract] ⏳ Waiting for Textract job to finish for Personal-Loan-Agreement.pdf...
2025-10-31 13:42:29 [INFO] [run_textract] ⏳ Waiting for Textract job to finish for Personal-Loan-Agreement.pdf...
2025-10-31 13:42:34 [INFO] [run_textract] ⏳ Waiting for Textract job to finish for Personal-Loan-Agreement.pdf...
2025-10-31 13:42:39 [INFO] [run_textract] ⏳ Waiting for Textract job to finish for Personal-Loan-Agreement.pdf...
2025-10-31 13:42:44 [INFO] [run_textract] ⏳ Waiting for Textract job to finish for Personal-Loan-Agreement.pdf...
2025-10-31 13:42:52 [INFO] [run_textract] 📄 Retrieved page 1 (1000 blocks)
2025-10-31 13:42:53 [INFO] [run_textract] 📄 Retrieved page 2 (134 blocks)
2025-10-31 13:42:53 [INFO] [run_textract] ✅ Total blocks retrieved: 1134 across 2 pages
2025-10-31 13:42:53 [INFO] [run_textract] ✅ Saved Textract output: data/raw\Personal-Loan-Agreement_raw.json (1134 blocks)
2025-10-31 13:42:53 [INFO] [run_textract] ------------------------------------------------------------
2025-10-31 13:42:53 [INFO] [run_textract] 🚀 Starting Textract for: form_centre_showcase_personal_loan_form.pdf
2025-10-31 13:42:55 [INFO] [run_textract] 🪄 Job started: d915ce5c42cdf7e54759aeb2e37b181f25505f3da73fc817dca9e199caa9e8ad
2025-10-31 13:42:55 [INFO] [run_textract] ⏳ Waiting for Textract job to finish for form_centre_showcase_personal_loan_form.pdf...
2025-10-31 13:43:00 [INFO] [run_textract] ⏳ Waiting for Textract job to finish for form_centre_showcase_personal_loan_form.pdf...
2025-10-31 13:43:05 [INFO] [run_textract] ⏳ Waiting for Textract job to finish for form_centre_showcase_personal_loan_form.pdf...
2025-10-31 13:43:13 [INFO] [run_textract] 📄 Retrieved page 1 (1000 blocks)
2025-10-31 13:43:15 [INFO] [run_textract] 📄 Retrieved page 2 (1000 blocks)
2025-10-31 13:43:17 [INFO] [run_textract] 📄 Retrieved page 3 (1000 blocks)
2025-10-31 13:43:19 [INFO] [run_textract] 📄 Retrieved page 4 (1000 blocks)
2025-10-31 13:43:20 [INFO] [run_textract] 📄 Retrieved page 5 (174 blocks)
2025-10-31 13:43:20 [INFO] [run_textract] ✅ Total blocks retrieved: 4174 across 5 pages
2025-10-31 13:43:21 [INFO] [run_textract] ✅ Saved Textract output: data/raw\form_centre_showcase_personal_loan_form_raw.json (4174 blocks)
2025-10-31 13:43:21 [INFO] [run_textract] ------------------------------------------------------------
2025-10-31 13:43:21 [INFO] [run_textract] 🚀 Starting Textract for: gss-term-loan-agreement-ccd-5.pdf
2025-10-31 13:43:22 [INFO] [run_textract] 🪄 Job started: 7bd901f9aecbe741b2e70d38cdd0c169d4bc3988e33149b2bae3658244a6b361
2025-10-31 13:43:22 [INFO] [run_textract] ⏳ Waiting for Textract job to finish for gss-term-loan-agreement-ccd-5.pdf...
2025-10-31 13:43:27 [INFO] [run_textract] ⏳ Waiting for Textract job to finish for gss-term-loan-agreement-ccd-5.pdf...
2025-10-31 13:43:32 [INFO] [run_textract] ⏳ Waiting for Textract job to finish for gss-term-loan-agreement-ccd-5.pdf...
2025-10-31 13:43:37 [INFO] [run_textract] ⏳ Waiting for Textract job to finish for gss-term-loan-agreement-ccd-5.pdf...
2025-10-31 13:43:44 [INFO] [run_textract] 📄 Retrieved page 1 (1000 blocks)
2025-10-31 13:43:45 [INFO] [run_textract] 📄 Retrieved page 2 (1000 blocks)
2025-10-31 13:43:47 [INFO] [run_textract] 📄 Retrieved page 3 (1000 blocks)
2025-10-31 13:43:49 [INFO] [run_textract] 📄 Retrieved page 4 (1000 blocks)
2025-10-31 13:43:51 [INFO] [run_textract] 📄 Retrieved page 5 (1000 blocks)
2025-10-31 13:43:53 [INFO] [run_textract] 📄 Retrieved page 6 (1000 blocks)
2025-10-31 13:43:56 [INFO] [run_textract] 📄 Retrieved page 7 (1000 blocks)
2025-10-31 13:43:58 [INFO] [run_textract] 📄 Retrieved page 8 (1000 blocks)
2025-10-31 13:44:00 [INFO] [run_textract] 📄 Retrieved page 9 (1000 blocks)
2025-10-31 13:44:02 [INFO] [run_textract] 📄 Retrieved page 10 (1000 blocks)
2025-10-31 13:44:04 [INFO] [run_textract] 📄 Retrieved page 11 (563 blocks)
2025-10-31 13:44:04 [INFO] [run_textract] ✅ Total blocks retrieved: 10563 across 11 pages
2025-10-31 13:44:06 [INFO] [run_textract] ✅ Saved Textract output: data/raw\gss-term-loan-agreement-ccd-5_raw.json (10563 blocks)
2025-10-31 13:44:06 [INFO] [run_textract] ------------------------------------------------------------
2025-10-31 13:44:06 [INFO] [run_textract] 🚀 Starting Textract for: loan1.pdf
2025-10-31 13:44:07 [INFO] [run_textract] 🪄 Job started: 0ff4a5c11478dbc6df1b0fe2e2e068483b189fa205bf5138d9dedc0f399ae8cd
2025-10-31 13:44:07 [INFO] [run_textract] ⏳ Waiting for Textract job to finish for loan1.pdf...
2025-10-31 13:44:12 [INFO] [run_textract] ⏳ Waiting for Textract job to finish for loan1.pdf...
2025-10-31 13:44:17 [INFO] [run_textract] ⏳ Waiting for Textract job to finish for loan1.pdf...
2025-10-31 13:44:23 [INFO] [run_textract] 📄 Retrieved page 1 (1000 blocks)
2025-10-31 13:44:24 [INFO] [run_textract] 📄 Retrieved page 2 (1000 blocks)
2025-10-31 13:44:26 [INFO] [run_textract] 📄 Retrieved page 3 (299 blocks)
2025-10-31 13:44:26 [INFO] [run_textract] ✅ Total blocks retrieved: 2299 across 3 pages
2025-10-31 13:44:26 [INFO] [run_textract] ✅ Saved Textract output: data/raw\loan1_raw.json (2299 blocks)
2025-10-31 13:44:26 [INFO] [run_textract] ------------------------------------------------------------
2025-10-31 13:44:26 [INFO] [run_textract] 🚀 Starting Textract for: loan2.pdf
2025-10-31 13:44:26 [INFO] [run_textract] 🪄 Job started: eeb905ac8699027d5acdafb52e9497710004722b6584edd87f9b7ef69222d7ca
2025-10-31 13:44:26 [INFO] [run_textract] ⏳ Waiting for Textract job to finish for loan2.pdf...
2025-10-31 13:44:31 [INFO] [run_textract] ⏳ Waiting for Textract job to finish for loan2.pdf...
2025-10-31 13:44:37 [INFO] [run_textract] 📄 Retrieved page 1 (1000 blocks)
2025-10-31 13:44:40 [INFO] [run_textract] 📄 Retrieved page 2 (1000 blocks)
2025-10-31 13:44:42 [INFO] [run_textract] 📄 Retrieved page 3 (797 blocks)
2025-10-31 13:44:42 [INFO] [run_textract] ✅ Total blocks retrieved: 2797 across 3 pages
2025-10-31 13:44:42 [INFO] [run_textract] ✅ Saved Textract output: data/raw\loan2_raw.json (2797 blocks)
2025-10-31 13:44:42 [INFO] [run_textract] ------------------------------------------------------------
2025-10-31 13:44:42 [INFO] [run_textract] 🚀 Starting Textract for: loan3.pdf
2025-10-31 13:44:43 [INFO] [run_textract] 🪄 Job started: 6b24ee4e139e23381c6441d348669331f2de9ea41ec53a2f4e3d9800574478e2
2025-10-31 13:44:43 [INFO] [run_textract] ⏳ Waiting for Textract job to finish for loan3.pdf...
2025-10-31 13:44:48 [INFO] [run_textract] ⏳ Waiting for Textract job to finish for loan3.pdf...
2025-10-31 13:44:53 [INFO] [run_textract] ⏳ Waiting for Textract job to finish for loan3.pdf...
2025-10-31 13:45:01 [INFO] [run_textract] 📄 Retrieved page 1 (1000 blocks)
2025-10-31 13:45:02 [INFO] [run_textract] 📄 Retrieved page 2 (1000 blocks)
2025-10-31 13:45:06 [INFO] [run_textract] 📄 Retrieved page 3 (1000 blocks)
2025-10-31 13:45:09 [INFO] [run_textract] 📄 Retrieved page 4 (1000 blocks)
2025-10-31 13:45:11 [INFO] [run_textract] 📄 Retrieved page 5 (1000 blocks)
2025-10-31 13:45:13 [INFO] [run_textract] 📄 Retrieved page 6 (1000 blocks)
2025-10-31 13:45:15 [INFO] [run_textract] 📄 Retrieved page 7 (1000 blocks)
2025-10-31 13:45:17 [INFO] [run_textract] 📄 Retrieved page 8 (1000 blocks)
2025-10-31 13:45:19 [INFO] [run_textract] 📄 Retrieved page 9 (1000 blocks)
2025-10-31 13:45:21 [INFO] [run_textract] 📄 Retrieved page 10 (881 blocks)
2025-10-31 13:45:21 [INFO] [run_textract] ✅ Total blocks retrieved: 9881 across 10 pages
2025-10-31 13:45:22 [INFO] [run_textract] ✅ Saved Textract output: data/raw\loan3_raw.json (9881 blocks)
2025-10-31 13:45:23 [INFO] [run_textract] ------------------------------------------------------------
2025-10-31 13:45:23 [INFO] [run_textract] 🚀 Starting Textract for: pl_agreement.pdf
2025-10-31 13:45:23 [INFO] [run_textract] 🪄 Job started: 8c260c4818d963d9500f8fe4f147bc93daaf527e8fc0cf990577fb81cbb08e3e
2025-10-31 13:45:23 [INFO] [run_textract] ⏳ Waiting for Textract job to finish for pl_agreement.pdf...
2025-10-31 13:45:28 [INFO] [run_textract] ⏳ Waiting for Textract job to finish for pl_agreement.pdf...
2025-10-31 13:45:34 [INFO] [run_textract] ⏳ Waiting for Textract job to finish for pl_agreement.pdf...
2025-10-31 13:45:41 [INFO] [run_textract] 📄 Retrieved page 1 (1000 blocks)
2025-10-31 13:45:43 [INFO] [run_textract] 📄 Retrieved page 2 (1000 blocks)
2025-10-31 13:45:45 [INFO] [run_textract] 📄 Retrieved page 3 (1000 blocks)
2025-10-31 13:45:47 [INFO] [run_textract] 📄 Retrieved page 4 (1000 blocks)
2025-10-31 13:45:49 [INFO] [run_textract] 📄 Retrieved page 5 (1000 blocks)
2025-10-31 13:45:51 [INFO] [run_textract] 📄 Retrieved page 6 (1000 blocks)
2025-10-31 13:45:53 [INFO] [run_textract] 📄 Retrieved page 7 (1000 blocks)
2025-10-31 13:45:55 [INFO] [run_textract] 📄 Retrieved page 8 (1000 blocks)
2025-10-31 13:45:58 [INFO] [run_textract] 📄 Retrieved page 9 (1000 blocks)
2025-10-31 13:46:00 [INFO] [run_textract] 📄 Retrieved page 10 (1000 blocks)
2025-10-31 13:46:02 [INFO] [run_textract] 📄 Retrieved page 11 (1000 blocks)
2025-10-31 13:46:03 [INFO] [run_textract] 📄 Retrieved page 12 (234 blocks)
2025-10-31 13:46:03 [INFO] [run_textract] ✅ Total blocks retrieved: 11234 across 12 pages
2025-10-31 13:46:05 [INFO] [run_textract] ✅ Saved Textract output: data/raw\pl_agreement_raw.json (11234 blocks)
2025-10-31 13:46:05 [INFO] [run_textract] ------------------------------------------------------------
2025-10-31 13:46:05 [INFO] [run_textract] 🚀 Starting Textract for: specimen-agreement.pdf
2025-10-31 13:46:05 [INFO] [run_textract] 🪄 Job started: 473e90f884485201206c0af15c5372273dc655ae9d631b8fc2d3617861bd813d
2025-10-31 13:46:05 [INFO] [run_textract] ⏳ Waiting for Textract job to finish for specimen-agreement.pdf...
2025-10-31 13:46:10 [INFO] [run_textract] ⏳ Waiting for Textract job to finish for specimen-agreement.pdf...
2025-10-31 13:46:15 [INFO] [run_textract] ⏳ Waiting for Textract job to finish for specimen-agreement.pdf...
2025-10-31 13:46:21 [INFO] [run_textract] 📄 Retrieved page 1 (1000 blocks)
2025-10-31 13:46:23 [INFO] [run_textract] 📄 Retrieved page 2 (1000 blocks)
2025-10-31 13:46:25 [INFO] [run_textract] 📄 Retrieved page 3 (1000 blocks)
2025-10-31 13:46:26 [INFO] [run_textract] 📄 Retrieved page 4 (1000 blocks)
2025-10-31 13:46:27 [INFO] [run_textract] 📄 Retrieved page 5 (1000 blocks)
2025-10-31 13:46:29 [INFO] [run_textract] 📄 Retrieved page 6 (407 blocks)
2025-10-31 13:46:29 [INFO] [run_textract] ✅ Total blocks retrieved: 5407 across 6 pages
2025-10-31 13:46:29 [INFO] [run_textract] ✅ Saved Textract output: data/raw\specimen-agreement_raw.json (5407 blocks)
2025-10-31 13:46:30 [INFO] [run_textract] ------------------------------------------------------------
2025-10-31 13:46:30 [INFO] [run_textract] ✅ Completed Textract for 8 files.
2025-11-06 15:39:30 [INFO] [run_textract] 🚀 Starting Textract for: Personal-Loan-Agreement.pdf
2025-11-06 15:39:31 [INFO] [run_textract] 🪄 Job started: a519c27a528b101aaac4e1fb584060d33d533faecd4f2974fc55ae61d8bb48a8
2025-11-06 15:39:31 [INFO] [run_textract] ⏳ Waiting for Textract job to finish for Personal-Loan-Agreement.pdf...
2025-11-06 15:39:36 [INFO] [run_textract] ⏳ Waiting for Textract job to finish for Personal-Loan-Agreement.pdf...
2025-11-06 15:39:46 [INFO] [run_textract] 📄 Retrieved page 1 (1000 blocks)
2025-11-06 15:39:48 [INFO] [run_textract] 📄 Retrieved page 2 (134 blocks)
2025-11-06 15:39:48 [INFO] [run_textract] ✅ Total blocks retrieved: 1134 across 2 pages
2025-11-06 15:39:48 [INFO] [run_textract] ✅ Saved Textract output: data/raw/Personal-Loan-Agreement_raw.json (1134 blocks)
2025-11-06 15:39:48 [INFO] [run_textract] ------------------------------------------------------------
2025-11-06 15:39:48 [INFO] [run_textract] 🚀 Starting Textract for: form_centre_showcase_personal_loan_form.pdf
2025-11-06 15:39:48 [INFO] [run_textract] 🪄 Job started: a03918e1aa20fd9695eee49ac14342bb010815d7e0ce8c69ac3e9ec88a815014
2025-11-06 15:39:48 [INFO] [run_textract] ⏳ Waiting for Textract job to finish for form_centre_showcase_personal_loan_form.pdf...
2025-11-06 15:39:53 [INFO] [run_textract] ⏳ Waiting for Textract job to finish for form_centre_showcase_personal_loan_form.pdf...
2025-11-06 15:40:05 [INFO] [run_textract] 📄 Retrieved page 1 (1000 blocks)
2025-11-06 15:40:09 [INFO] [run_textract] 📄 Retrieved page 2 (1000 blocks)
2025-11-06 15:40:13 [INFO] [run_textract] 📄 Retrieved page 3 (1000 blocks)
2025-11-06 15:40:17 [INFO] [run_textract] 📄 Retrieved page 4 (1000 blocks)
2025-11-06 15:40:18 [INFO] [run_textract] 📄 Retrieved page 5 (174 blocks)
2025-11-06 15:40:18 [INFO] [run_textract] ✅ Total blocks retrieved: 4174 across 5 pages
2025-11-06 15:40:19 [INFO] [run_textract] ✅ Saved Textract output: data/raw/form_centre_showcase_personal_loan_form_raw.json (4174 blocks)
2025-11-06 15:40:19 [INFO] [run_textract] ------------------------------------------------------------
2025-11-06 15:40:20 [INFO] [run_textract] 🚀 Starting Textract for: gss-term-loan-agreement-ccd-5.pdf
2025-11-06 15:40:20 [INFO] [run_textract] 🪄 Job started: 4bcf01d781a333a013cb2eda9951133474e345397ac2a2ab5469dc0339706e02
2025-11-06 15:40:20 [INFO] [run_textract] ⏳ Waiting for Textract job to finish for gss-term-loan-agreement-ccd-5.pdf...
2025-11-06 15:40:25 [INFO] [run_textract] ⏳ Waiting for Textract job to finish for gss-term-loan-agreement-ccd-5.pdf...
2025-11-06 15:40:30 [INFO] [run_textract] ⏳ Waiting for Textract job to finish for gss-term-loan-agreement-ccd-5.pdf...
2025-11-06 15:40:35 [INFO] [run_textract] ⏳ Waiting for Textract job to finish for gss-term-loan-agreement-ccd-5.pdf...
2025-11-06 15:40:45 [INFO] [run_textract] 📄 Retrieved page 1 (1000 blocks)
2025-11-06 15:40:49 [INFO] [run_textract] 📄 Retrieved page 2 (1000 blocks)
2025-11-06 15:40:53 [INFO] [run_textract] 📄 Retrieved page 3 (1000 blocks)
2025-11-06 15:40:56 [INFO] [run_textract] 📄 Retrieved page 4 (1000 blocks)
2025-11-06 15:41:00 [INFO] [run_textract] 📄 Retrieved page 5 (1000 blocks)
2025-11-06 15:41:04 [INFO] [run_textract] 📄 Retrieved page 6 (1000 blocks)
2025-11-06 15:41:08 [INFO] [run_textract] 📄 Retrieved page 7 (1000 blocks)
2025-11-06 15:41:12 [INFO] [run_textract] 📄 Retrieved page 8 (1000 blocks)
2025-11-06 15:41:18 [INFO] [run_textract] 📄 Retrieved page 9 (1000 blocks)
2025-11-06 15:41:22 [INFO] [run_textract] 📄 Retrieved page 10 (1000 blocks)
2025-11-06 15:41:25 [INFO] [run_textract] 📄 Retrieved page 11 (563 blocks)
2025-11-06 15:41:25 [INFO] [run_textract] ✅ Total blocks retrieved: 10563 across 11 pages
2025-11-06 15:41:27 [INFO] [run_textract] ✅ Saved Textract output: data/raw/gss-term-loan-agreement-ccd-5_raw.json (10563 blocks)
2025-11-06 15:41:27 [INFO] [run_textract] ------------------------------------------------------------
2025-11-06 15:41:27 [INFO] [run_textract] 🚀 Starting Textract for: loan1.pdf
2025-11-06 15:41:28 [INFO] [run_textract] 🪄 Job started: 7032a13e5784a47b62fdb210c63990a11472a43bc1c2a9a9937e883157b51867
2025-11-06 15:41:28 [INFO] [run_textract] ⏳ Waiting for Textract job to finish for loan1.pdf...
2025-11-06 15:41:33 [INFO] [run_textract] ⏳ Waiting for Textract job to finish for loan1.pdf...
2025-11-06 15:41:43 [INFO] [run_textract] 📄 Retrieved page 1 (1000 blocks)
2025-11-06 15:41:47 [INFO] [run_textract] 📄 Retrieved page 2 (1000 blocks)
2025-11-06 15:41:48 [INFO] [run_textract] 📄 Retrieved page 3 (299 blocks)
2025-11-06 15:41:48 [INFO] [run_textract] ✅ Total blocks retrieved: 2299 across 3 pages
2025-11-06 15:41:49 [INFO] [run_textract] ✅ Saved Textract output: data/raw/loan1_raw.json (2299 blocks)
2025-11-06 15:41:49 [INFO] [run_textract] ------------------------------------------------------------
2025-11-06 15:41:49 [INFO] [run_textract] 🚀 Starting Textract for: loan2.pdf
2025-11-06 15:41:49 [INFO] [run_textract] 🪄 Job started: a7384e735fbebc85220e74a52e9f80712ee25f2ed98c3a5063884109c7ed4018
2025-11-06 15:41:50 [INFO] [run_textract] ⏳ Waiting for Textract job to finish for loan2.pdf...
2025-11-06 15:41:55 [INFO] [run_textract] ⏳ Waiting for Textract job to finish for loan2.pdf...
2025-11-06 15:42:06 [INFO] [run_textract] 📄 Retrieved page 1 (1000 blocks)
2025-11-06 15:42:10 [INFO] [run_textract] 📄 Retrieved page 2 (1000 blocks)
2025-11-06 15:42:13 [INFO] [run_textract] 📄 Retrieved page 3 (797 blocks)
2025-11-06 15:42:13 [INFO] [run_textract] ✅ Total blocks retrieved: 2797 across 3 pages
2025-11-06 15:42:14 [INFO] [run_textract] ✅ Saved Textract output: data/raw/loan2_raw.json (2797 blocks)
2025-11-06 15:42:14 [INFO] [run_textract] ------------------------------------------------------------
2025-11-06 15:42:14 [INFO] [run_textract] 🚀 Starting Textract for: loan3.pdf
2025-11-06 15:42:14 [INFO] [run_textract] 🪄 Job started: a72624e2da739282f55dbd2b5e5f5455ecdb93514344a073cc3cee5e888df782
2025-11-06 15:42:14 [INFO] [run_textract] ⏳ Waiting for Textract job to finish for loan3.pdf...
2025-11-06 15:42:19 [INFO] [run_textract] ⏳ Waiting for Textract job to finish for loan3.pdf...
2025-11-06 15:42:24 [INFO] [run_textract] ⏳ Waiting for Textract job to finish for loan3.pdf...
2025-11-06 15:42:30 [INFO] [run_textract] ⏳ Waiting for Textract job to finish for loan3.pdf...
2025-11-06 15:42:35 [INFO] [run_textract] ⏳ Waiting for Textract job to finish for loan3.pdf...
2025-11-06 15:42:44 [INFO] [run_textract] 📄 Retrieved page 1 (1000 blocks)
2025-11-06 15:42:47 [INFO] [run_textract] 📄 Retrieved page 2 (1000 blocks)
2025-11-06 15:42:51 [INFO] [run_textract] 📄 Retrieved page 3 (1000 blocks)
2025-11-06 15:42:54 [INFO] [run_textract] 📄 Retrieved page 4 (1000 blocks)
2025-11-06 15:42:58 [INFO] [run_textract] 📄 Retrieved page 5 (1000 blocks)
2025-11-06 15:43:01 [INFO] [run_textract] 📄 Retrieved page 6 (1000 blocks)
2025-11-06 15:43:05 [INFO] [run_textract] 📄 Retrieved page 7 (1000 blocks)
2025-11-06 15:43:08 [INFO] [run_textract] 📄 Retrieved page 8 (1000 blocks)
2025-11-06 15:43:13 [INFO] [run_textract] 📄 Retrieved page 9 (1000 blocks)
2025-11-06 15:43:16 [INFO] [run_textract] 📄 Retrieved page 10 (881 blocks)
2025-11-06 15:43:16 [INFO] [run_textract] ✅ Total blocks retrieved: 9881 across 10 pages
2025-11-06 15:43:18 [INFO] [run_textract] ✅ Saved Textract output: data/raw/loan3_raw.json (9881 blocks)
2025-11-06 15:43:18 [INFO] [run_textract] ------------------------------------------------------------
2025-11-06 15:43:18 [INFO] [run_textract] 🚀 Starting Textract for: pl_agreement.pdf
2025-11-06 15:43:18 [INFO] [run_textract] 🪄 Job started: 139e19b936c0c2af8bed6f1b0566d8f8a5caadb0f2d5e11970c522ffa6447dad
2025-11-06 15:43:18 [INFO] [run_textract] ⏳ Waiting for Textract job to finish for pl_agreement.pdf...
2025-11-06 15:43:23 [INFO] [run_textract] ⏳ Waiting for Textract job to finish for pl_agreement.pdf...
2025-11-06 15:43:28 [INFO] [run_textract] ⏳ Waiting for Textract job to finish for pl_agreement.pdf...
2025-11-06 15:43:33 [INFO] [run_textract] ⏳ Waiting for Textract job to finish for pl_agreement.pdf...
2025-11-06 15:43:43 [INFO] [run_textract] 📄 Retrieved page 1 (1000 blocks)
2025-11-06 15:43:46 [INFO] [run_textract] 📄 Retrieved page 2 (1000 blocks)
2025-11-06 15:43:49 [INFO] [run_textract] 📄 Retrieved page 3 (1000 blocks)
2025-11-06 15:43:53 [INFO] [run_textract] 📄 Retrieved page 4 (1000 blocks)
2025-11-06 15:43:56 [INFO] [run_textract] 📄 Retrieved page 5 (1000 blocks)
2025-11-06 15:44:00 [INFO] [run_textract] 📄 Retrieved page 6 (1000 blocks)
2025-11-06 15:44:05 [INFO] [run_textract] 📄 Retrieved page 7 (1000 blocks)
2025-11-06 15:44:12 [INFO] [run_textract] 📄 Retrieved page 8 (1000 blocks)
2025-11-06 15:44:17 [INFO] [run_textract] 📄 Retrieved page 9 (1000 blocks)
2025-11-06 15:44:20 [INFO] [run_textract] 📄 Retrieved page 10 (1000 blocks)
2025-11-06 15:44:25 [INFO] [run_textract] 📄 Retrieved page 11 (1000 blocks)
2025-11-06 15:44:27 [INFO] [run_textract] 📄 Retrieved page 12 (234 blocks)
2025-11-06 15:44:27 [INFO] [run_textract] ✅ Total blocks retrieved: 11234 across 12 pages
2025-11-06 15:44:29 [INFO] [run_textract] ✅ Saved Textract output: data/raw/pl_agreement_raw.json (11234 blocks)
2025-11-06 15:44:29 [INFO] [run_textract] ------------------------------------------------------------
2025-11-06 15:44:29 [INFO] [run_textract] 🚀 Starting Textract for: specimen-agreement.pdf
2025-11-06 15:44:30 [INFO] [run_textract] 🪄 Job started: 9a318597f2195b9529c4d9705e2ba6f6406d0aef8288b584bf697875e127923e
2025-11-06 15:44:30 [INFO] [run_textract] ⏳ Waiting for Textract job to finish for specimen-agreement.pdf...
2025-11-06 15:44:35 [INFO] [run_textract] ⏳ Waiting for Textract job to finish for specimen-agreement.pdf...
2025-11-06 15:44:40 [INFO] [run_textract] ⏳ Waiting for Textract job to finish for specimen-agreement.pdf...
2025-11-06 15:44:45 [INFO] [run_textract] ⏳ Waiting for Textract job to finish for specimen-agreement.pdf...
2025-11-06 15:44:56 [INFO] [run_textract] 📄 Retrieved page 1 (1000 blocks)
2025-11-06 15:44:59 [INFO] [run_textract] 📄 Retrieved page 2 (1000 blocks)
2025-11-06 15:45:03 [INFO] [run_textract] 📄 Retrieved page 3 (1000 blocks)
2025-11-06 15:45:09 [INFO] [run_textract] 📄 Retrieved page 4 (1000 blocks)
2025-11-06 15:45:13 [INFO] [run_textract] 📄 Retrieved page 5 (1000 blocks)
2025-11-06 15:45:15 [INFO] [run_textract] 📄 Retrieved page 6 (407 blocks)
2025-11-06 15:45:15 [INFO] [run_textract] ✅ Total blocks retrieved: 5407 across 6 pages
2025-11-06 15:45:16 [INFO] [run_textract] ✅ Saved Textract output: data/raw/specimen-agreement_raw.json (5407 blocks)
2025-11-06 15:45:16 [INFO] [run_textract] ------------------------------------------------------------
2025-11-06 15:45:16 [INFO] [run_textract] ✅ Completed Textract for 8 files.
2025-11-06 15:54:15 [INFO] [run_textract] 🚀 Starting Textract for: Personal-Loan-Agreement.pdf
2025-11-06 15:54:17 [INFO] [run_textract] 🪄 Job started: 6e774eac8a1b556183564512713c0ac0cbe6153b843a0c47fa9107bf97fcd168
2025-11-06 15:54:17 [INFO] [run_textract] ⏳ Waiting for Textract job to finish for Personal-Loan-Agreement.pdf...
2025-11-06 15:54:26 [INFO] [run_textract] 📄 Retrieved page 1 (1000 blocks)
2025-11-06 15:54:27 [INFO] [run_textract] 📄 Retrieved page 2 (134 blocks)
2025-11-06 15:54:27 [INFO] [run_textract] ✅ Total blocks retrieved: 1134 across 2 pages
2025-11-06 15:54:27 [INFO] [run_textract] ✅ Saved Textract output: data/raw/Personal-Loan-Agreement_raw.json (1134 blocks)
2025-11-06 15:54:27 [INFO] [run_textract] ------------------------------------------------------------
2025-11-06 15:54:27 [INFO] [run_textract] 🚀 Starting Textract for: form_centre_showcase_personal_loan_form.pdf
2025-11-06 15:54:27 [INFO] [run_textract] 🪄 Job started: cb7ce182df526f97264057cd979a89e236f80a17891f4c16300d4514b6529954
2025-11-06 15:54:27 [INFO] [run_textract] ⏳ Waiting for Textract job to finish for form_centre_showcase_personal_loan_form.pdf...
2025-11-06 15:54:33 [INFO] [run_textract] ⏳ Waiting for Textract job to finish for form_centre_showcase_personal_loan_form.pdf...
2025-11-06 15:54:41 [INFO] [run_textract] 📄 Retrieved page 1 (1000 blocks)
2025-11-06 15:54:43 [INFO] [run_textract] 📄 Retrieved page 2 (1000 blocks)
2025-11-06 15:54:46 [INFO] [run_textract] 📄 Retrieved page 3 (1000 blocks)
2025-11-06 15:54:48 [INFO] [run_textract] 📄 Retrieved page 4 (1000 blocks)
2025-11-06 15:54:50 [INFO] [run_textract] 📄 Retrieved page 5 (174 blocks)
2025-11-06 15:54:50 [INFO] [run_textract] ✅ Total blocks retrieved: 4174 across 5 pages
2025-11-06 15:54:51 [INFO] [run_textract] ✅ Saved Textract output: data/raw/form_centre_showcase_personal_loan_form_raw.json (4174 blocks)
2025-11-06 15:54:52 [INFO] [run_textract] ------------------------------------------------------------
2025-11-06 15:54:52 [INFO] [run_textract] 🚀 Starting Textract for: gss-term-loan-agreement-ccd-5.pdf
2025-11-06 15:54:52 [INFO] [run_textract] 🪄 Job started: cae40cee1eb51fedf1a2fb054bb97826f0141c15fbffe3c2c6d08a52f84001ee
2025-11-06 15:54:52 [INFO] [run_textract] ⏳ Waiting for Textract job to finish for gss-term-loan-agreement-ccd-5.pdf...
2025-11-06 15:54:57 [INFO] [run_textract] ⏳ Waiting for Textract job to finish for gss-term-loan-agreement-ccd-5.pdf...
2025-11-06 15:55:02 [INFO] [run_textract] ⏳ Waiting for Textract job to finish for gss-term-loan-agreement-ccd-5.pdf...
2025-11-06 15:55:07 [INFO] [run_textract] ⏳ Waiting for Textract job to finish for gss-term-loan-agreement-ccd-5.pdf...
2025-11-06 15:55:12 [INFO] [run_textract] ⏳ Waiting for Textract job to finish for gss-term-loan-agreement-ccd-5.pdf...
2025-11-06 15:55:26 [INFO] [run_textract] 📄 Retrieved page 1 (1000 blocks)
2025-11-06 15:55:28 [INFO] [run_textract] 📄 Retrieved page 2 (1000 blocks)
2025-11-06 15:55:30 [INFO] [run_textract] 📄 Retrieved page 3 (1000 blocks)
2025-11-06 15:55:32 [INFO] [run_textract] 📄 Retrieved page 4 (1000 blocks)
2025-11-06 15:55:35 [INFO] [run_textract] 📄 Retrieved page 5 (1000 blocks)
2025-11-06 15:55:37 [INFO] [run_textract] 📄 Retrieved page 6 (1000 blocks)
2025-11-06 15:55:39 [INFO] [run_textract] 📄 Retrieved page 7 (1000 blocks)
2025-11-06 15:55:42 [INFO] [run_textract] 📄 Retrieved page 8 (1000 blocks)
2025-11-06 15:55:45 [INFO] [run_textract] 📄 Retrieved page 9 (1000 blocks)
2025-11-06 15:55:48 [INFO] [run_textract] 📄 Retrieved page 10 (1000 blocks)
2025-11-06 15:55:50 [INFO] [run_textract] 📄 Retrieved page 11 (563 blocks)
2025-11-06 15:55:50 [INFO] [run_textract] ✅ Total blocks retrieved: 10563 across 11 pages
2025-11-06 15:55:52 [INFO] [run_textract] ✅ Saved Textract output: data/raw/gss-term-loan-agreement-ccd-5_raw.json (10563 blocks)
2025-11-06 15:55:52 [INFO] [run_textract] ------------------------------------------------------------
2025-11-06 15:55:52 [INFO] [run_textract] 🚀 Starting Textract for: loan1.pdf
2025-11-06 15:55:52 [INFO] [run_textract] 🪄 Job started: c8da06d9400a1334f107b889558cebe842afca766aa4d39f8ae99dbe9891ac93
2025-11-06 15:55:52 [INFO] [run_textract] ⏳ Waiting for Textract job to finish for loan1.pdf...
2025-11-06 15:55:57 [INFO] [run_textract] ⏳ Waiting for Textract job to finish for loan1.pdf...
2025-11-06 15:56:02 [INFO] [run_textract] ⏳ Waiting for Textract job to finish for loan1.pdf...
2025-11-06 15:56:07 [INFO] [run_textract] ⏳ Waiting for Textract job to finish for loan1.pdf...
2025-11-06 15:56:12 [INFO] [run_textract] ⏳ Waiting for Textract job to finish for loan1.pdf...
2025-11-06 15:56:17 [INFO] [run_textract] ⏳ Waiting for Textract job to finish for loan1.pdf...
2025-11-06 15:56:23 [INFO] [run_textract] ⏳ Waiting for Textract job to finish for loan1.pdf...
2025-11-06 15:56:28 [INFO] [run_textract] ⏳ Waiting for Textract job to finish for loan1.pdf...
2025-11-06 15:56:33 [INFO] [run_textract] ⏳ Waiting for Textract job to finish for loan1.pdf...
2025-11-06 15:56:39 [INFO] [run_textract] 📄 Retrieved page 1 (1000 blocks)
2025-11-06 15:56:42 [INFO] [run_textract] 📄 Retrieved page 2 (1000 blocks)
2025-11-06 15:56:44 [INFO] [run_textract] 📄 Retrieved page 3 (299 blocks)
2025-11-06 15:56:44 [INFO] [run_textract] ✅ Total blocks retrieved: 2299 across 3 pages
2025-11-06 15:56:44 [INFO] [run_textract] ✅ Saved Textract output: data/raw/loan1_raw.json (2299 blocks)
2025-11-06 15:56:44 [INFO] [run_textract] ------------------------------------------------------------
2025-11-06 15:56:44 [INFO] [run_textract] 🚀 Starting Textract for: loan2.pdf
2025-11-06 15:56:44 [INFO] [run_textract] 🪄 Job started: 430773fc36bc271b687080b6057faa12d161aefd1f23e5f054f9491b72eecc6e
2025-11-06 15:56:44 [INFO] [run_textract] ⏳ Waiting for Textract job to finish for loan2.pdf...
2025-11-06 15:56:49 [INFO] [run_textract] ⏳ Waiting for Textract job to finish for loan2.pdf...
2025-11-06 15:56:54 [INFO] [run_textract] ⏳ Waiting for Textract job to finish for loan2.pdf...
2025-11-06 15:56:59 [INFO] [run_textract] ⏳ Waiting for Textract job to finish for loan2.pdf...
2025-11-06 15:57:04 [INFO] [run_textract] ⏳ Waiting for Textract job to finish for loan2.pdf...
2025-11-06 15:57:10 [INFO] [run_textract] ⏳ Waiting for Textract job to finish for loan2.pdf...
2025-11-06 15:57:15 [INFO] [run_textract] ⏳ Waiting for Textract job to finish for loan2.pdf...
2025-11-06 15:57:20 [INFO] [run_textract] ⏳ Waiting for Textract job to finish for loan2.pdf...
2025-11-06 15:57:25 [INFO] [run_textract] ⏳ Waiting for Textract job to finish for loan2.pdf...
2025-11-06 15:57:30 [INFO] [run_textract] ⏳ Waiting for Textract job to finish for loan2.pdf...
2025-11-06 15:57:35 [INFO] [run_textract] ⏳ Waiting for Textract job to finish for loan2.pdf...
2025-11-06 15:57:40 [INFO] [run_textract] ⏳ Waiting for Textract job to finish for loan2.pdf...
2025-11-06 15:57:45 [INFO] [run_textract] ⏳ Waiting for Textract job to finish for loan2.pdf...
2025-11-06 15:57:50 [INFO] [run_textract] ⏳ Waiting for Textract job to finish for loan2.pdf...
2025-11-06 15:58:00 [INFO] [run_textract] 📄 Retrieved page 1 (1000 blocks)
2025-11-06 15:58:03 [INFO] [run_textract] 📄 Retrieved page 2 (1000 blocks)
2025-11-06 15:58:06 [INFO] [run_textract] 📄 Retrieved page 3 (797 blocks)
2025-11-06 15:58:06 [INFO] [run_textract] ✅ Total blocks retrieved: 2797 across 3 pages
2025-11-06 15:58:07 [INFO] [run_textract] ✅ Saved Textract output: data/raw/loan2_raw.json (2797 blocks)
2025-11-06 15:58:07 [INFO] [run_textract] ------------------------------------------------------------
2025-11-06 15:58:07 [INFO] [run_textract] 🚀 Starting Textract for: loan3.pdf
2025-11-06 15:58:07 [INFO] [run_textract] 🪄 Job started: e6f8c67e21f1ad98467fc7bc4a1e2e6daab051ce6f046af05de5bc774ca1022e
2025-11-06 15:58:07 [INFO] [run_textract] ⏳ Waiting for Textract job to finish for loan3.pdf...
2025-11-06 15:58:12 [INFO] [run_textract] ⏳ Waiting for Textract job to finish for loan3.pdf...
2025-11-06 15:58:17 [INFO] [run_textract] ⏳ Waiting for Textract job to finish for loan3.pdf...
2025-11-06 15:58:22 [INFO] [run_textract] ⏳ Waiting for Textract job to finish for loan3.pdf...
2025-11-06 15:58:27 [INFO] [run_textract] ⏳ Waiting for Textract job to finish for loan3.pdf...
2025-11-06 15:58:32 [INFO] [run_textract] ⏳ Waiting for Textract job to finish for loan3.pdf...
2025-11-06 15:58:38 [INFO] [run_textract] ⏳ Waiting for Textract job to finish for loan3.pdf...
2025-11-06 15:58:43 [INFO] [run_textract] ⏳ Waiting for Textract job to finish for loan3.pdf...
2025-11-06 15:58:48 [INFO] [run_textract] ⏳ Waiting for Textract job to finish for loan3.pdf...
2025-11-06 15:58:53 [INFO] [run_textract] ⏳ Waiting for Textract job to finish for loan3.pdf...
2025-11-06 15:59:00 [INFO] [run_textract] 📄 Retrieved page 1 (1000 blocks)
2025-11-06 15:59:03 [INFO] [run_textract] 📄 Retrieved page 2 (1000 blocks)
2025-11-06 15:59:06 [INFO] [run_textract] 📄 Retrieved page 3 (1000 blocks)
2025-11-06 15:59:09 [INFO] [run_textract] 📄 Retrieved page 4 (1000 blocks)
2025-11-06 16:28:02 [INFO] [run_textract] 🚀 Starting Textract for: Personal-Loan-Agreement.pdf
2025-11-06 16:28:04 [INFO] [run_textract] 🪄 Job started: d2f12dd753882b6eb83854c2a5dc4a71293226e39992d886e7967fa874dbee95
2025-11-06 16:28:04 [INFO] [run_textract] ⏳ Waiting for Textract job to finish for Personal-Loan-Agreement.pdf...
2025-11-06 16:28:09 [INFO] [run_textract] ⏳ Waiting for Textract job to finish for Personal-Loan-Agreement.pdf...
2025-11-06 16:28:15 [INFO] [run_textract] 📄 Retrieved page 1 (1000 blocks)
2025-11-06 16:28:16 [INFO] [run_textract] 📄 Retrieved page 2 (134 blocks)
2025-11-06 16:28:16 [INFO] [run_textract] ✅ Total blocks retrieved: 1134 across 2 pages
2025-11-06 16:28:17 [INFO] [run_textract] ✅ Saved Textract output: data/raw/Personal-Loan-Agreement_raw.json (1134 blocks)
2025-11-06 16:28:17 [INFO] [run_textract] ------------------------------------------------------------
2025-11-06 16:28:17 [INFO] [run_textract] 🚀 Starting Textract for: form_centre_showcase_personal_loan_form.pdf
2025-11-06 16:28:17 [INFO] [run_textract] 🪄 Job started: d7375aa60ca39ae1dac6f963c5018c384b9cb1b9be5438d755d1e3237d5bab9e
2025-11-06 16:28:17 [INFO] [run_textract] ⏳ Waiting for Textract job to finish for form_centre_showcase_personal_loan_form.pdf...
2025-11-06 16:28:22 [INFO] [run_textract] ⏳ Waiting for Textract job to finish for form_centre_showcase_personal_loan_form.pdf...
2025-11-06 16:28:29 [INFO] [run_textract] 📄 Retrieved page 1 (1000 blocks)
2025-11-06 16:28:31 [INFO] [run_textract] 📄 Retrieved page 2 (1000 blocks)
2025-11-06 16:28:34 [INFO] [run_textract] 📄 Retrieved page 3 (1000 blocks)
2025-11-06 16:28:36 [INFO] [run_textract] 📄 Retrieved page 4 (1000 blocks)
2025-11-06 16:28:37 [INFO] [run_textract] 📄 Retrieved page 5 (174 blocks)
2025-11-06 16:28:37 [INFO] [run_textract] ✅ Total blocks retrieved: 4174 across 5 pages
2025-11-06 16:28:39 [INFO] [run_textract] ✅ Saved Textract output: data/raw/form_centre_showcase_personal_loan_form_raw.json (4174 blocks)
2025-11-06 16:28:39 [INFO] [run_textract] ------------------------------------------------------------
2025-11-06 16:28:40 [INFO] [run_textract] 🚀 Starting Textract for: gss-term-loan-agreement-ccd-5.pdf
2025-11-06 16:28:41 [INFO] [run_textract] 🪄 Job started: afa9127dd7d703fd22170093bc1eb7a5cb0829c9b361f6590be1de15452848bf
2025-11-06 16:28:41 [INFO] [run_textract] ⏳ Waiting for Textract job to finish for gss-term-loan-agreement-ccd-5.pdf...
2025-11-06 16:28:46 [INFO] [run_textract] ⏳ Waiting for Textract job to finish for gss-term-loan-agreement-ccd-5.pdf...
2025-11-06 16:28:51 [INFO] [run_textract] ⏳ Waiting for Textract job to finish for gss-term-loan-agreement-ccd-5.pdf...
2025-11-06 16:28:56 [INFO] [run_textract] ⏳ Waiting for Textract job to finish for gss-term-loan-agreement-ccd-5.pdf...
2025-11-06 16:29:04 [INFO] [run_textract] 📄 Retrieved page 1 (1000 blocks)
2025-11-06 16:29:07 [INFO] [run_textract] 📄 Retrieved page 2 (1000 blocks)
2025-11-06 16:29:09 [INFO] [run_textract] 📄 Retrieved page 3 (1000 blocks)
2025-11-06 16:29:11 [INFO] [run_textract] 📄 Retrieved page 4 (1000 blocks)
2025-11-06 16:29:14 [INFO] [run_textract] 📄 Retrieved page 5 (1000 blocks)
2025-11-06 16:29:16 [INFO] [run_textract] 📄 Retrieved page 6 (1000 blocks)
2025-11-06 16:29:18 [INFO] [run_textract] 📄 Retrieved page 7 (1000 blocks)
2025-11-06 16:29:20 [INFO] [run_textract] 📄 Retrieved page 8 (1000 blocks)
2025-11-06 16:29:23 [INFO] [run_textract] 📄 Retrieved page 9 (1000 blocks)
2025-11-06 16:29:26 [INFO] [run_textract] 📄 Retrieved page 10 (1000 blocks)
2025-11-06 16:29:28 [INFO] [run_textract] 📄 Retrieved page 11 (563 blocks)
2025-11-06 16:29:28 [INFO] [run_textract] ✅ Total blocks retrieved: 10563 across 11 pages
2025-11-06 16:29:34 [INFO] [run_textract] ✅ Saved Textract output: data/raw/gss-term-loan-agreement-ccd-5_raw.json (10563 blocks)
2025-11-06 16:29:34 [INFO] [run_textract] ------------------------------------------------------------
2025-11-06 16:29:34 [INFO] [run_textract] 🚀 Starting Textract for: loan1.pdf
2025-11-06 16:29:35 [INFO] [run_textract] 🪄 Job started: 85483d3c97c8b120a62741c25e73b754f9f9907b6463edfff6fe195e9ad15292
2025-11-06 16:29:35 [INFO] [run_textract] ⏳ Waiting for Textract job to finish for loan1.pdf...
2025-11-06 16:29:40 [INFO] [run_textract] ⏳ Waiting for Textract job to finish for loan1.pdf...
2025-11-06 16:29:55 [INFO] [run_textract] 📄 Retrieved page 1 (1000 blocks)
2025-11-06 16:29:57 [INFO] [run_textract] 📄 Retrieved page 2 (1000 blocks)
2025-11-06 16:29:59 [INFO] [run_textract] 📄 Retrieved page 3 (299 blocks)
2025-11-06 16:29:59 [INFO] [run_textract] ✅ Total blocks retrieved: 2299 across 3 pages
2025-11-06 16:30:00 [INFO] [run_textract] ✅ Saved Textract output: data/raw/loan1_raw.json (2299 blocks)
2025-11-06 16:30:00 [INFO] [run_textract] ------------------------------------------------------------
2025-11-06 16:30:00 [INFO] [run_textract] 🚀 Starting Textract for: loan2.pdf
2025-11-06 16:30:00 [INFO] [run_textract] 🪄 Job started: 7996b60bb1529ea83a2a62e87b0f609b404c2641d24f0b56941ba4a7f5dbdb46
2025-11-06 16:30:00 [INFO] [run_textract] ⏳ Waiting for Textract job to finish for loan2.pdf...
2025-11-06 16:30:05 [INFO] [run_textract] ⏳ Waiting for Textract job to finish for loan2.pdf...
2025-11-06 16:30:10 [INFO] [run_textract] ⏳ Waiting for Textract job to finish for loan2.pdf...
2025-11-06 16:30:20 [INFO] [run_textract] 📄 Retrieved page 1 (1000 blocks)
2025-11-06 16:30:22 [INFO] [run_textract] 📄 Retrieved page 2 (1000 blocks)
2025-11-06 16:30:24 [INFO] [run_textract] 📄 Retrieved page 3 (797 blocks)
2025-11-06 16:30:24 [INFO] [run_textract] ✅ Total blocks retrieved: 2797 across 3 pages
2025-11-06 16:30:25 [INFO] [run_textract] ✅ Saved Textract output: data/raw/loan2_raw.json (2797 blocks)
2025-11-06 16:30:25 [INFO] [run_textract] ------------------------------------------------------------
2025-11-06 16:30:25 [INFO] [run_textract] 🚀 Starting Textract for: loan3.pdf
2025-11-06 16:30:26 [INFO] [run_textract] 🪄 Job started: 7521bee92c8f2c840919f6d182d5f16d33ffd529c89bb6e0afd3decd26669630
2025-11-06 16:30:26 [INFO] [run_textract] ⏳ Waiting for Textract job to finish for loan3.pdf...
2025-11-06 16:30:31 [INFO] [run_textract] ⏳ Waiting for Textract job to finish for loan3.pdf...
2025-11-06 16:30:36 [INFO] [run_textract] ⏳ Waiting for Textract job to finish for loan3.pdf...
2025-11-06 16:30:41 [INFO] [run_textract] ⏳ Waiting for Textract job to finish for loan3.pdf...
2025-11-06 16:30:46 [INFO] [run_textract] ⏳ Waiting for Textract job to finish for loan3.pdf...
2025-11-06 16:30:53 [INFO] [run_textract] 📄 Retrieved page 1 (1000 blocks)
2025-11-06 16:30:55 [INFO] [run_textract] 📄 Retrieved page 2 (1000 blocks)
2025-11-06 16:30:58 [INFO] [run_textract] 📄 Retrieved page 3 (1000 blocks)
2025-11-06 16:31:00 [INFO] [run_textract] 📄 Retrieved page 4 (1000 blocks)
2025-11-06 16:31:02 [INFO] [run_textract] 🚀 Starting Textract for: Personal-Loan-Agreement.pdf
2025-11-06 16:31:02 [INFO] [run_textract] 🪄 Job started: f692ff8e06c83912576fff3c724a22b6cf11f6f44f9e1fc9953f56d47af41d0c
2025-11-06 16:31:02 [INFO] [run_textract] ⏳ Waiting for Textract job to finish for Personal-Loan-Agreement.pdf...
2025-11-06 16:31:02 [INFO] [run_textract] 📄 Retrieved page 5 (1000 blocks)
2025-11-06 16:31:07 [INFO] [run_textract] ⏳ Waiting for Textract job to finish for Personal-Loan-Agreement.pdf...
2025-11-06 16:31:08 [INFO] [run_textract] 📄 Retrieved page 6 (1000 blocks)
2025-11-06 16:31:12 [INFO] [run_textract] ⏳ Waiting for Textract job to finish for Personal-Loan-Agreement.pdf...
2025-11-06 16:31:20 [INFO] [run_textract] 📄 Retrieved page 1 (1000 blocks)
2025-11-06 16:31:21 [INFO] [run_textract] 📄 Retrieved page 2 (134 blocks)
2025-11-06 16:31:21 [INFO] [run_textract] ✅ Total blocks retrieved: 1134 across 2 pages
2025-11-06 16:31:22 [INFO] [run_textract] ✅ Saved Textract output: data/raw/Personal-Loan-Agreement_raw.json (1134 blocks)
2025-11-06 16:31:22 [INFO] [run_textract] ------------------------------------------------------------
2025-11-06 16:31:22 [INFO] [run_textract] 🚀 Starting Textract for: form_centre_showcase_personal_loan_form.pdf
2025-11-06 16:31:22 [INFO] [run_textract] 🪄 Job started: 8dab4f9de20db2ec1bd847c8e7610de3e12373b2a33ddc9ca538c79944f3baa8
2025-11-06 16:31:22 [INFO] [run_textract] ⏳ Waiting for Textract job to finish for form_centre_showcase_personal_loan_form.pdf...
2025-11-06 16:31:27 [INFO] [run_textract] ⏳ Waiting for Textract job to finish for form_centre_showcase_personal_loan_form.pdf...
2025-11-06 16:31:32 [INFO] [run_textract] ⏳ Waiting for Textract job to finish for form_centre_showcase_personal_loan_form.pdf...
2025-11-06 16:31:38 [INFO] [run_textract] 📄 Retrieved page 1 (1000 blocks)
2025-11-06 16:31:41 [INFO] [run_textract] 📄 Retrieved page 2 (1000 blocks)
2025-11-06 16:31:44 [INFO] [run_textract] 📄 Retrieved page 3 (1000 blocks)
2025-11-06 16:31:47 [INFO] [run_textract] 📄 Retrieved page 4 (1000 blocks)
2025-11-06 16:31:48 [INFO] [run_textract] 📄 Retrieved page 5 (174 blocks)
2025-11-06 16:31:48 [INFO] [run_textract] ✅ Total blocks retrieved: 4174 across 5 pages
2025-11-06 16:31:50 [INFO] [run_textract] ✅ Saved Textract output: data/raw/form_centre_showcase_personal_loan_form_raw.json (4174 blocks)
2025-11-06 16:31:50 [INFO] [run_textract] ------------------------------------------------------------
2025-11-06 16:31:50 [INFO] [run_textract] 🚀 Starting Textract for: gss-term-loan-agreement-ccd-5.pdf
2025-11-06 16:31:50 [INFO] [run_textract] 🪄 Job started: 71699182778da50ce9f385d42216ff2745d5220e1928988a57115ebba9122805
2025-11-06 16:31:50 [INFO] [run_textract] ⏳ Waiting for Textract job to finish for gss-term-loan-agreement-ccd-5.pdf...
2025-11-06 16:31:55 [INFO] [run_textract] ⏳ Waiting for Textract job to finish for gss-term-loan-agreement-ccd-5.pdf...
2025-11-06 16:32:02 [INFO] [run_textract] ⏳ Waiting for Textract job to finish for gss-term-loan-agreement-ccd-5.pdf...
2025-11-06 16:32:07 [INFO] [run_textract] ⏳ Waiting for Textract job to finish for gss-term-loan-agreement-ccd-5.pdf...
2025-11-06 16:32:12 [INFO] [run_textract] ⏳ Waiting for Textract job to finish for gss-term-loan-agreement-ccd-5.pdf...
2025-11-06 16:32:18 [INFO] [run_textract] ⏳ Waiting for Textract job to finish for gss-term-loan-agreement-ccd-5.pdf...
2025-11-06 16:32:23 [INFO] [run_textract] ⏳ Waiting for Textract job to finish for gss-term-loan-agreement-ccd-5.pdf...
2025-11-06 16:32:28 [INFO] [run_textract] ⏳ Waiting for Textract job to finish for gss-term-loan-agreement-ccd-5.pdf...
2025-11-06 16:32:33 [INFO] [run_textract] ⏳ Waiting for Textract job to finish for gss-term-loan-agreement-ccd-5.pdf...
2025-11-06 16:32:42 [INFO] [run_textract] 📄 Retrieved page 1 (1000 blocks)
2025-11-06 16:32:44 [INFO] [run_textract] 📄 Retrieved page 2 (1000 blocks)
2025-11-06 16:32:47 [INFO] [run_textract] 📄 Retrieved page 3 (1000 blocks)
2025-11-06 16:32:48 [INFO] [run_textract] 📄 Retrieved page 4 (1000 blocks)
2025-11-06 16:32:51 [INFO] [run_textract] 📄 Retrieved page 5 (1000 blocks)
2025-11-06 16:32:53 [INFO] [run_textract] 📄 Retrieved page 6 (1000 blocks)
2025-11-06 16:32:55 [INFO] [run_textract] 📄 Retrieved page 7 (1000 blocks)
2025-11-06 16:32:58 [INFO] [run_textract] 📄 Retrieved page 8 (1000 blocks)
2025-11-06 16:32:59 [INFO] [run_textract] 📄 Retrieved page 9 (1000 blocks)
2025-11-06 16:33:02 [INFO] [run_textract] 📄 Retrieved page 10 (1000 blocks)
2025-11-06 16:33:03 [INFO] [run_textract] 📄 Retrieved page 11 (563 blocks)
2025-11-06 16:33:03 [INFO] [run_textract] ✅ Total blocks retrieved: 10563 across 11 pages
2025-11-06 16:33:06 [INFO] [run_textract] ✅ Saved Textract output: data/raw/gss-term-loan-agreement-ccd-5_raw.json (10563 blocks)
2025-11-06 16:33:06 [INFO] [run_textract] ------------------------------------------------------------
2025-11-06 16:33:06 [INFO] [run_textract] 🚀 Starting Textract for: loan1.pdf
2025-11-06 16:33:06 [INFO] [run_textract] 🪄 Job started: 738c0fc0f8abd5ed6280f7864c6b24a0f5bb347a39e5999e468ad214ceeda9bd
2025-11-06 16:33:07 [INFO] [run_textract] ⏳ Waiting for Textract job to finish for loan1.pdf...
2025-11-06 16:33:12 [INFO] [run_textract] ⏳ Waiting for Textract job to finish for loan1.pdf...
2025-11-06 16:33:17 [INFO] [run_textract] ⏳ Waiting for Textract job to finish for loan1.pdf...
2025-11-06 16:33:22 [INFO] [run_textract] ⏳ Waiting for Textract job to finish for loan1.pdf...
2025-11-06 16:33:27 [INFO] [run_textract] ⏳ Waiting for Textract job to finish for loan1.pdf...
2025-11-06 16:33:32 [INFO] [run_textract] ⏳ Waiting for Textract job to finish for loan1.pdf...
2025-11-06 16:33:37 [INFO] [run_textract] ⏳ Waiting for Textract job to finish for loan1.pdf...
2025-11-06 16:33:42 [INFO] [run_textract] ⏳ Waiting for Textract job to finish for loan1.pdf...
2025-11-06 16:33:47 [INFO] [run_textract] ⏳ Waiting for Textract job to finish for loan1.pdf...
2025-11-06 16:33:52 [INFO] [run_textract] ⏳ Waiting for Textract job to finish for loan1.pdf...
2025-11-06 16:33:57 [INFO] [run_textract] ⏳ Waiting for Textract job to finish for loan1.pdf...
2025-11-06 16:34:02 [INFO] [run_textract] ⏳ Waiting for Textract job to finish for loan1.pdf...
2025-11-06 16:34:07 [INFO] [run_textract] ⏳ Waiting for Textract job to finish for loan1.pdf...
2025-11-06 16:34:17 [INFO] [run_textract] 📄 Retrieved page 1 (1000 blocks)
2025-11-06 16:34:21 [INFO] [run_textract] 📄 Retrieved page 2 (1000 blocks)
2025-11-06 16:34:24 [INFO] [run_textract] 📄 Retrieved page 3 (299 blocks)
2025-11-06 16:34:24 [INFO] [run_textract] ✅ Total blocks retrieved: 2299 across 3 pages
2025-11-06 16:34:24 [INFO] [run_textract] ✅ Saved Textract output: data/raw/loan1_raw.json (2299 blocks)
2025-11-06 16:34:24 [INFO] [run_textract] ------------------------------------------------------------
2025-11-06 16:34:24 [INFO] [run_textract] 🚀 Starting Textract for: loan2.pdf
2025-11-06 16:34:25 [INFO] [run_textract] 🪄 Job started: 2015809f0ab133bd784ff88238948539caa5bb70bd3ea31e8de1f43ef42e46df
2025-11-06 16:34:25 [INFO] [run_textract] ⏳ Waiting for Textract job to finish for loan2.pdf...
2025-11-06 16:34:30 [INFO] [run_textract] ⏳ Waiting for Textract job to finish for loan2.pdf...
2025-11-06 16:34:36 [INFO] [run_textract] ⏳ Waiting for Textract job to finish for loan2.pdf...
2025-11-06 16:34:41 [INFO] [run_textract] ⏳ Waiting for Textract job to finish for loan2.pdf...
2025-11-06 16:34:46 [INFO] [run_textract] ⏳ Waiting for Textract job to finish for loan2.pdf...
2025-11-06 16:34:51 [INFO] [run_textract] ⏳ Waiting for Textract job to finish for loan2.pdf...
2025-11-06 16:34:57 [INFO] [run_textract] ⏳ Waiting for Textract job to finish for loan2.pdf...
2025-11-06 16:35:02 [INFO] [run_textract] ⏳ Waiting for Textract job to finish for loan2.pdf...
2025-11-06 16:35:07 [INFO] [run_textract] ⏳ Waiting for Textract job to finish for loan2.pdf...
2025-11-06 16:35:12 [INFO] [run_textract] ⏳ Waiting for Textract job to finish for loan2.pdf...
2025-11-06 16:35:20 [INFO] [run_textract] 📄 Retrieved page 1 (1000 blocks)
2025-11-06 16:35:22 [INFO] [run_textract] 📄 Retrieved page 2 (1000 blocks)
2025-11-06 16:35:24 [INFO] [run_textract] 📄 Retrieved page 3 (797 blocks)
2025-11-06 16:35:24 [INFO] [run_textract] ✅ Total blocks retrieved: 2797 across 3 pages
2025-11-06 16:35:25 [INFO] [run_textract] ✅ Saved Textract output: data/raw/loan2_raw.json (2797 blocks)
2025-11-06 16:35:25 [INFO] [run_textract] ------------------------------------------------------------
2025-11-06 16:35:25 [INFO] [run_textract] 🚀 Starting Textract for: loan3.pdf
2025-11-06 16:35:25 [INFO] [run_textract] 🪄 Job started: ecce5b4b1f3cc9b3813981195a76fb077e51a27413468bf640340f523620a6dd
2025-11-06 16:35:25 [INFO] [run_textract] ⏳ Waiting for Textract job to finish for loan3.pdf...
2025-11-06 16:35:30 [INFO] [run_textract] ⏳ Waiting for Textract job to finish for loan3.pdf...
2025-11-06 16:35:35 [INFO] [run_textract] ⏳ Waiting for Textract job to finish for loan3.pdf...
2025-11-06 16:35:40 [INFO] [run_textract] ⏳ Waiting for Textract job to finish for loan3.pdf...
2025-11-06 16:35:45 [INFO] [run_textract] ⏳ Waiting for Textract job to finish for loan3.pdf...
2025-11-06 16:35:50 [INFO] [run_textract] ⏳ Waiting for Textract job to finish for loan3.pdf...
2025-11-06 16:35:55 [INFO] [run_textract] ⏳ Waiting for Textract job to finish for loan3.pdf...
2025-11-06 16:36:01 [INFO] [run_textract] ⏳ Waiting for Textract job to finish for loan3.pdf...
2025-11-06 16:36:07 [INFO] [run_textract] 📄 Retrieved page 1 (1000 blocks)
2025-11-06 16:36:09 [INFO] [run_textract] 📄 Retrieved page 2 (1000 blocks)
2025-11-06 16:36:11 [INFO] [run_textract] 📄 Retrieved page 3 (1000 blocks)
2025-11-06 16:36:15 [INFO] [run_textract] 📄 Retrieved page 4 (1000 blocks)
2025-11-06 16:36:15 [INFO] [run_textract] 🚀 Starting Textract for: Personal-Loan-Agreement.pdf
2025-11-06 16:36:16 [INFO] [run_textract] 🪄 Job started: a0d2c5a06eb463fdbdc23114f235b5fb46b8251128e472f51744ecd8fcdb27e2
2025-11-06 16:36:16 [INFO] [run_textract] ⏳ Waiting for Textract job to finish for Personal-Loan-Agreement.pdf...
2025-11-06 16:36:17 [INFO] [run_textract] 📄 Retrieved page 5 (1000 blocks)
2025-11-06 16:36:20 [INFO] [run_textract] 📄 Retrieved page 6 (1000 blocks)
2025-11-06 16:36:21 [INFO] [run_textract] ⏳ Waiting for Textract job to finish for Personal-Loan-Agreement.pdf...
2025-11-06 16:36:23 [INFO] [run_textract] 📄 Retrieved page 7 (1000 blocks)
2025-11-06 16:36:26 [INFO] [run_textract] 📄 Retrieved page 8 (1000 blocks)
2025-11-06 16:36:27 [INFO] [run_textract] 📄 Retrieved page 1 (1000 blocks)
2025-11-06 16:36:28 [INFO] [run_textract] 📄 Retrieved page 9 (1000 blocks)
2025-11-06 16:36:28 [INFO] [run_textract] 📄 Retrieved page 2 (134 blocks)
2025-11-06 16:36:28 [INFO] [run_textract] ✅ Total blocks retrieved: 1134 across 2 pages
2025-11-06 16:36:28 [INFO] [run_textract] ✅ Saved Textract output: data/raw/Personal-Loan-Agreement_raw.json (1134 blocks)
2025-11-06 16:36:28 [INFO] [run_textract] ------------------------------------------------------------
2025-11-06 16:36:28 [INFO] [run_textract] 🚀 Starting Textract for: form_centre_showcase_personal_loan_form.pdf
2025-11-06 16:36:28 [INFO] [run_textract] 🪄 Job started: ccb93c71a398e079d63374e83d19435e712dfb8cb70ef3b235aa65ea705322dd
2025-11-06 16:36:28 [INFO] [run_textract] ⏳ Waiting for Textract job to finish for form_centre_showcase_personal_loan_form.pdf...
2025-11-06 16:36:30 [INFO] [run_textract] 📄 Retrieved page 10 (881 blocks)
2025-11-06 16:36:30 [INFO] [run_textract] ✅ Total blocks retrieved: 9881 across 10 pages
2025-11-06 16:36:32 [INFO] [run_textract] ✅ Saved Textract output: data/raw/loan3_raw.json (9881 blocks)
2025-11-06 16:36:32 [INFO] [run_textract] ------------------------------------------------------------
2025-11-06 16:36:32 [INFO] [run_textract] 🚀 Starting Textract for: pl_agreement.pdf
2025-11-06 16:36:32 [INFO] [run_textract] 🪄 Job started: 771d2999430a6ca615a7a8f46509b2608c7dcd688caf6299c97f4f9c7a1d8baf
2025-11-06 16:36:32 [INFO] [run_textract] ⏳ Waiting for Textract job to finish for pl_agreement.pdf...
2025-11-06 16:36:33 [INFO] [run_textract] ⏳ Waiting for Textract job to finish for form_centre_showcase_personal_loan_form.pdf...
2025-11-06 16:36:37 [INFO] [run_textract] ⏳ Waiting for Textract job to finish for pl_agreement.pdf...
2025-11-06 16:36:41 [INFO] [run_textract] 📄 Retrieved page 1 (1000 blocks)
2025-11-06 16:36:42 [INFO] [run_textract] ⏳ Waiting for Textract job to finish for pl_agreement.pdf...
2025-11-06 16:36:43 [INFO] [run_textract] 📄 Retrieved page 2 (1000 blocks)
2025-11-06 16:36:45 [INFO] [run_textract] 📄 Retrieved page 3 (1000 blocks)
2025-11-06 16:36:53 [INFO] [run_textract] 📄 Retrieved page 1 (1000 blocks)
2025-11-06 16:36:55 [INFO] [run_textract] 📄 Retrieved page 2 (1000 blocks)
2025-11-06 16:36:57 [INFO] [run_textract] 📄 Retrieved page 3 (1000 blocks)
2025-11-06 16:36:57 [INFO] [run_textract] 📄 Retrieved page 4 (1000 blocks)
2025-11-06 16:36:58 [INFO] [run_textract] 📄 Retrieved page 5 (174 blocks)
2025-11-06 16:36:58 [INFO] [run_textract] ✅ Total blocks retrieved: 4174 across 5 pages
2025-11-06 16:36:59 [INFO] [run_textract] 📄 Retrieved page 4 (1000 blocks)
2025-11-06 16:36:59 [INFO] [run_textract] ✅ Saved Textract output: data/raw/form_centre_showcase_personal_loan_form_raw.json (4174 blocks)
2025-11-06 16:36:59 [INFO] [run_textract] ------------------------------------------------------------
2025-11-06 16:37:00 [INFO] [run_textract] 🚀 Starting Textract for: gss-term-loan-agreement-ccd-5.pdf
2025-11-06 16:37:00 [INFO] [run_textract] 🪄 Job started: f42dcfa448e498deb36b45ae20db7fd74c38f34066d5c9966108f12987aa05f3
2025-11-06 16:37:01 [INFO] [run_textract] ⏳ Waiting for Textract job to finish for gss-term-loan-agreement-ccd-5.pdf...
2025-11-06 16:37:01 [INFO] [run_textract] 📄 Retrieved page 5 (1000 blocks)
2025-11-06 16:37:04 [INFO] [run_textract] 📄 Retrieved page 6 (1000 blocks)
2025-11-06 16:37:06 [INFO] [run_textract] ⏳ Waiting for Textract job to finish for gss-term-loan-agreement-ccd-5.pdf...
2025-11-06 16:37:06 [INFO] [run_textract] 📄 Retrieved page 7 (1000 blocks)
2025-11-06 16:37:08 [INFO] [run_textract] 📄 Retrieved page 8 (1000 blocks)
2025-11-06 16:37:11 [INFO] [run_textract] ⏳ Waiting for Textract job to finish for gss-term-loan-agreement-ccd-5.pdf...
2025-11-06 16:37:11 [INFO] [run_textract] 📄 Retrieved page 9 (1000 blocks)
2025-11-06 16:37:13 [INFO] [run_textract] 📄 Retrieved page 10 (1000 blocks)
2025-11-06 16:37:16 [INFO] [run_textract] 📄 Retrieved page 11 (1000 blocks)
2025-11-06 16:37:16 [INFO] [run_textract] ⏳ Waiting for Textract job to finish for gss-term-loan-agreement-ccd-5.pdf...
2025-11-06 16:37:17 [INFO] [run_textract] 📄 Retrieved page 12 (234 blocks)
2025-11-06 16:37:17 [INFO] [run_textract] ✅ Total blocks retrieved: 11234 across 12 pages
2025-11-06 16:37:19 [INFO] [run_textract] ✅ Saved Textract output: data/raw/pl_agreement_raw.json (11234 blocks)
2025-11-06 16:37:19 [INFO] [run_textract] ------------------------------------------------------------
2025-11-06 16:37:19 [INFO] [run_textract] 🚀 Starting Textract for: specimen-agreement.pdf
2025-11-06 16:37:19 [INFO] [run_textract] 🪄 Job started: 55127ee8f6b01b71527df0bcf1ff3fd03b1ff981a17309d345e96e9162521a9f
2025-11-06 16:37:20 [INFO] [run_textract] ⏳ Waiting for Textract job to finish for specimen-agreement.pdf...
2025-11-06 16:37:23 [INFO] [run_textract] 📄 Retrieved page 1 (1000 blocks)
2025-11-06 16:37:25 [INFO] [run_textract] ⏳ Waiting for Textract job to finish for specimen-agreement.pdf...
2025-11-06 16:37:25 [INFO] [run_textract] 📄 Retrieved page 2 (1000 blocks)
2025-11-06 16:37:27 [INFO] [run_textract] 📄 Retrieved page 3 (1000 blocks)
2025-11-06 16:37:30 [INFO] [run_textract] 📄 Retrieved page 4 (1000 blocks)
2025-11-06 16:37:31 [INFO] [run_textract] 📄 Retrieved page 1 (1000 blocks)
2025-11-06 16:37:32 [INFO] [run_textract] 📄 Retrieved page 5 (1000 blocks)
2025-11-06 16:37:33 [INFO] [run_textract] 📄 Retrieved page 2 (1000 blocks)
2025-11-06 16:37:34 [INFO] [run_textract] 📄 Retrieved page 6 (1000 blocks)
2025-11-06 16:37:35 [INFO] [run_textract] 📄 Retrieved page 3 (1000 blocks)
2025-11-06 16:37:36 [INFO] [run_textract] 📄 Retrieved page 7 (1000 blocks)
2025-11-06 16:37:37 [INFO] [run_textract] 📄 Retrieved page 4 (1000 blocks)
2025-11-06 16:37:38 [INFO] [run_textract] 📄 Retrieved page 8 (1000 blocks)
2025-11-06 16:37:40 [INFO] [run_textract] 📄 Retrieved page 5 (1000 blocks)
2025-11-06 16:37:41 [INFO] [run_textract] 📄 Retrieved page 9 (1000 blocks)
2025-11-06 16:37:41 [INFO] [run_textract] 📄 Retrieved page 6 (407 blocks)
2025-11-06 16:37:41 [INFO] [run_textract] ✅ Total blocks retrieved: 5407 across 6 pages
2025-11-06 16:37:42 [INFO] [run_textract] ✅ Saved Textract output: data/raw/specimen-agreement_raw.json (5407 blocks)
2025-11-06 16:37:43 [INFO] [run_textract] ------------------------------------------------------------
2025-11-06 16:37:43 [INFO] [run_textract] ✅ Completed Textract for 8 files.
2025-11-06 16:37:43 [INFO] [run_textract] 📄 Retrieved page 10 (1000 blocks)
2025-11-06 16:37:44 [INFO] [run_textract] 📄 Retrieved page 11 (563 blocks)
2025-11-06 16:37:44 [INFO] [run_textract] ✅ Total blocks retrieved: 10563 across 11 pages
2025-11-06 16:37:47 [INFO] [run_textract] ✅ Saved Textract output: data/raw/gss-term-loan-agreement-ccd-5_raw.json (10563 blocks)
2025-11-06 16:37:47 [INFO] [run_textract] ------------------------------------------------------------
2025-11-06 16:37:47 [INFO] [run_textract] 🚀 Starting Textract for: loan1.pdf
2025-11-06 16:37:47 [INFO] [run_textract] 🪄 Job started: 2ce3a6d6e3d311d72944b37e752d704f40d8d10c143f8e922f0840e683427d81
2025-11-06 16:37:47 [INFO] [run_textract] ⏳ Waiting for Textract job to finish for loan1.pdf...
2025-11-06 16:37:52 [INFO] [run_textract] ⏳ Waiting for Textract job to finish for loan1.pdf...
2025-11-06 16:38:00 [INFO] [run_textract] 📄 Retrieved page 1 (1000 blocks)
2025-11-06 16:38:02 [INFO] [run_textract] 📄 Retrieved page 2 (1000 blocks)
2025-11-06 16:38:03 [INFO] [run_textract] 📄 Retrieved page 3 (299 blocks)
2025-11-06 16:38:03 [INFO] [run_textract] ✅ Total blocks retrieved: 2299 across 3 pages
2025-11-06 16:38:04 [INFO] [run_textract] ✅ Saved Textract output: data/raw/loan1_raw.json (2299 blocks)
2025-11-06 16:38:04 [INFO] [run_textract] ------------------------------------------------------------
2025-11-06 16:38:04 [INFO] [run_textract] 🚀 Starting Textract for: loan2.pdf
2025-11-06 16:38:04 [INFO] [run_textract] 🪄 Job started: 9a4f97b10e24f72279feafd2fdeae909bbac80fe111e97beb65c1b5adc8cdd75
2025-11-06 16:38:05 [INFO] [run_textract] ⏳ Waiting for Textract job to finish for loan2.pdf...
2025-11-06 16:38:11 [INFO] [run_textract] ⏳ Waiting for Textract job to finish for loan2.pdf...
2025-11-06 16:38:19 [INFO] [run_textract] 📄 Retrieved page 1 (1000 blocks)
2025-11-06 16:38:22 [INFO] [run_textract] 📄 Retrieved page 2 (1000 blocks)
2025-11-06 16:38:24 [INFO] [run_textract] 📄 Retrieved page 3 (797 blocks)
2025-11-06 16:38:24 [INFO] [run_textract] ✅ Total blocks retrieved: 2797 across 3 pages
2025-11-06 16:38:24 [INFO] [run_textract] ✅ Saved Textract output: data/raw/loan2_raw.json (2797 blocks)
2025-11-06 16:38:24 [INFO] [run_textract] ------------------------------------------------------------
2025-11-06 16:38:25 [INFO] [run_textract] 🚀 Starting Textract for: loan3.pdf
2025-11-06 16:38:25 [INFO] [run_textract] 🪄 Job started: 5d294a91249a7c6462cd4fdd4e09ea5b34644b6d585696775268e4e51687d616
2025-11-06 16:38:25 [INFO] [run_textract] ⏳ Waiting for Textract job to finish for loan3.pdf...
2025-11-06 16:38:30 [INFO] [run_textract] ⏳ Waiting for Textract job to finish for loan3.pdf...
2025-11-06 16:38:35 [INFO] [run_textract] ⏳ Waiting for Textract job to finish for loan3.pdf...
2025-11-06 16:38:43 [INFO] [run_textract] 📄 Retrieved page 1 (1000 blocks)
2025-11-06 16:38:45 [INFO] [run_textract] 📄 Retrieved page 2 (1000 blocks)
2025-11-06 16:38:47 [INFO] [run_textract] 📄 Retrieved page 3 (1000 blocks)
2025-11-06 16:38:50 [INFO] [run_textract] 📄 Retrieved page 4 (1000 blocks)
2025-11-06 16:38:51 [INFO] [run_textract] 📄 Retrieved page 5 (1000 blocks)
2025-11-06 16:38:53 [INFO] [run_textract] 📄 Retrieved page 6 (1000 blocks)
2025-11-06 16:38:55 [INFO] [run_textract] 📄 Retrieved page 7 (1000 blocks)
2025-11-06 16:38:57 [INFO] [run_textract] 📄 Retrieved page 8 (1000 blocks)
2025-11-06 16:38:59 [INFO] [run_textract] 📄 Retrieved page 9 (1000 blocks)
2025-11-06 16:39:02 [INFO] [run_textract] 📄 Retrieved page 10 (881 blocks)
2025-11-06 16:39:02 [INFO] [run_textract] ✅ Total blocks retrieved: 9881 across 10 pages
2025-11-06 16:39:04 [INFO] [run_textract] ✅ Saved Textract output: data/raw/loan3_raw.json (9881 blocks)
2025-11-06 16:39:04 [INFO] [run_textract] ------------------------------------------------------------
2025-11-06 16:39:04 [INFO] [run_textract] 🚀 Starting Textract for: pl_agreement.pdf
2025-11-06 16:39:04 [INFO] [run_textract] 🪄 Job started: 881c2c6a6f701063cc5d8355c68d4044589243fa6d35ec5459625a6529a45209
2025-11-06 16:39:04 [INFO] [run_textract] ⏳ Waiting for Textract job to finish for pl_agreement.pdf...
2025-11-06 16:39:09 [INFO] [run_textract] ⏳ Waiting for Textract job to finish for pl_agreement.pdf...
2025-11-06 16:39:14 [INFO] [run_textract] ⏳ Waiting for Textract job to finish for pl_agreement.pdf...
2025-11-06 16:39:19 [INFO] [run_textract] ⏳ Waiting for Textract job to finish for pl_agreement.pdf...
2025-11-06 16:39:26 [INFO] [run_textract] 📄 Retrieved page 1 (1000 blocks)
2025-11-06 16:39:29 [INFO] [run_textract] 📄 Retrieved page 2 (1000 blocks)
2025-11-06 16:39:33 [INFO] [run_textract] 📄 Retrieved page 3 (1000 blocks)
2025-11-06 16:39:35 [INFO] [run_textract] 📄 Retrieved page 4 (1000 blocks)
2025-11-06 16:39:36 [INFO] [run_textract] 📄 Retrieved page 5 (1000 blocks)
2025-11-06 16:39:38 [INFO] [run_textract] 📄 Retrieved page 6 (1000 blocks)
2025-11-06 16:39:40 [INFO] [run_textract] 📄 Retrieved page 7 (1000 blocks)
2025-11-06 16:39:42 [INFO] [run_textract] 📄 Retrieved page 8 (1000 blocks)
2025-11-06 16:39:45 [INFO] [run_textract] 📄 Retrieved page 9 (1000 blocks)
2025-11-06 16:39:48 [INFO] [run_textract] 📄 Retrieved page 10 (1000 blocks)
2025-11-06 16:39:50 [INFO] [run_textract] 📄 Retrieved page 11 (1000 blocks)
2025-11-06 16:39:51 [INFO] [run_textract] 📄 Retrieved page 12 (234 blocks)
2025-11-06 16:39:51 [INFO] [run_textract] ✅ Total blocks retrieved: 11234 across 12 pages
2025-11-06 16:39:54 [INFO] [run_textract] ✅ Saved Textract output: data/raw/pl_agreement_raw.json (11234 blocks)
2025-11-06 16:39:54 [INFO] [run_textract] ------------------------------------------------------------
2025-11-06 16:39:54 [INFO] [run_textract] 🚀 Starting Textract for: specimen-agreement.pdf
2025-11-06 16:39:55 [INFO] [run_textract] 🪄 Job started: 43871a5e7654da1534b1cff5c2aae5d51e8b802fc213afc254db5e49d92f6d69
2025-11-06 16:39:55 [INFO] [run_textract] ⏳ Waiting for Textract job to finish for specimen-agreement.pdf...
2025-11-06 16:40:00 [INFO] [run_textract] ⏳ Waiting for Textract job to finish for specimen-agreement.pdf...
2025-11-06 16:40:07 [INFO] [run_textract] 📄 Retrieved page 1 (1000 blocks)
2025-11-06 16:40:09 [INFO] [run_textract] 📄 Retrieved page 2 (1000 blocks)
2025-11-06 16:40:11 [INFO] [run_textract] 📄 Retrieved page 3 (1000 blocks)
2025-11-06 16:40:13 [INFO] [run_textract] 📄 Retrieved page 4 (1000 blocks)
2025-11-06 16:40:15 [INFO] [run_textract] 📄 Retrieved page 5 (1000 blocks)
2025-11-06 16:40:16 [INFO] [run_textract] 📄 Retrieved page 6 (407 blocks)
2025-11-06 16:40:16 [INFO] [run_textract] ✅ Total blocks retrieved: 5407 across 6 pages
2025-11-06 16:40:18 [INFO] [run_textract] ✅ Saved Textract output: data/raw/specimen-agreement_raw.json (5407 blocks)
2025-11-06 16:40:18 [INFO] [run_textract] ------------------------------------------------------------
2025-11-06 16:40:18 [INFO] [run_textract] ✅ Completed Textract for 8 files.
2025-11-06 17:00:13 [INFO] [run_textract] ⚡ Skipping Textract for Personal-Loan-Agreement.pdf (raw JSON already exists)
2025-11-06 17:00:13 [INFO] [run_textract] ⚡ Skipping Textract for form_centre_showcase_personal_loan_form.pdf (raw JSON already exists)
2025-11-06 17:00:13 [INFO] [run_textract] ⚡ Skipping Textract for gss-term-loan-agreement-ccd-5.pdf (raw JSON already exists)
2025-11-06 17:00:13 [INFO] [run_textract] ⚡ Skipping Textract for loan1.pdf (raw JSON already exists)
2025-11-06 17:00:13 [INFO] [run_textract] ⚡ Skipping Textract for loan2.pdf (raw JSON already exists)
2025-11-06 17:00:13 [INFO] [run_textract] ⚡ Skipping Textract for loan3.pdf (raw JSON already exists)
2025-11-06 17:00:13 [INFO] [run_textract] ⚡ Skipping Textract for pl_agreement.pdf (raw JSON already exists)
2025-11-06 17:00:13 [INFO] [run_textract] ⚡ Skipping Textract for specimen-agreement.pdf (raw JSON already exists)
2025-11-06 17:00:13 [WARNING] [run_textract] ⚠️ No new PDFs to process (all already processed or failed to start).
2025-11-06 17:11:39 [INFO] [run_textract] ⚡ Skipping Textract for Personal-Loan-Agreement.pdf (raw JSON already exists)
2025-11-06 17:11:39 [INFO] [run_textract] ⚡ Skipping Textract for form_centre_showcase_personal_loan_form.pdf (raw JSON already exists)
2025-11-06 17:11:39 [INFO] [run_textract] ⚡ Skipping Textract for gss-term-loan-agreement-ccd-5.pdf (raw JSON already exists)
2025-11-06 17:11:39 [INFO] [run_textract] 🚀 Starting Textract for: home_loan_001.pdf
2025-11-06 17:11:40 [INFO] [run_textract] 🪄 Job started for home_loan_001.pdf: 585c1755293dc08de00593f5a6e086d32f320e4ab0855b63c5511ff07dda6bb1
2025-11-06 17:11:40 [INFO] [run_textract] ⚡ Skipping Textract for loan1.pdf (raw JSON already exists)
2025-11-06 17:11:40 [INFO] [run_textract] ⚡ Skipping Textract for loan2.pdf (raw JSON already exists)
2025-11-06 17:11:40 [INFO] [run_textract] ⚡ Skipping Textract for loan3.pdf (raw JSON already exists)
2025-11-06 17:11:40 [INFO] [run_textract] ⚡ Skipping Textract for pl_agreement.pdf (raw JSON already exists)
2025-11-06 17:11:40 [INFO] [run_textract] ⚡ Skipping Textract for specimen-agreement.pdf (raw JSON already exists)
2025-11-06 17:11:40 [INFO] [run_textract] ⏳ Waiting for Textract job to finish for home_loan_001.pdf... (status=IN_PROGRESS)
2025-11-06 17:11:45 [INFO] [run_textract] ⏳ Waiting for Textract job to finish for home_loan_001.pdf... (status=IN_PROGRESS)
2025-11-06 17:11:50 [INFO] [run_textract] ⏳ Waiting for Textract job to finish for home_loan_001.pdf... (status=IN_PROGRESS)
2025-11-06 17:11:55 [INFO] [run_textract] ⏳ Waiting for Textract job to finish for home_loan_001.pdf... (status=IN_PROGRESS)
2025-11-06 17:12:01 [INFO] [run_textract] ⏳ Waiting for Textract job to finish for home_loan_001.pdf... (status=IN_PROGRESS)
2025-11-06 17:12:06 [INFO] [run_textract] ✅ Textract job finished for home_loan_001.pdf (585c1755293dc08de00593f5a6e086d32f320e4ab0855b63c5511ff07dda6bb1)
2025-11-06 17:12:06 [INFO] [run_textract] 📄 Retrieved page 1 (61 blocks)
2025-11-06 17:12:06 [INFO] [run_textract] ✅ Total blocks retrieved: 61 across 1 pages
2025-11-06 17:12:06 [INFO] [run_textract] ✅ Saved Textract output: data/raw\home_loan_001_raw.json (61 blocks)
2025-11-06 17:12:11 [INFO] [run_textract] ✅ Completed Textract for 1 files.
2025-11-06 17:13:18 [INFO] [run_textract] 🚀 Starting Textract for: Personal-Loan-Agreement.pdf
2025-11-06 17:13:20 [INFO] [run_textract] 🪄 Job started for Personal-Loan-Agreement.pdf: 3ad6e1285a407229901e80bbff2a07661cc9d1e3978fff04b35e319d40740c2e
2025-11-06 17:13:20 [INFO] [run_textract] 🚀 Starting Textract for: form_centre_showcase_personal_loan_form.pdf
2025-11-06 17:13:20 [INFO] [run_textract] 🪄 Job started for form_centre_showcase_personal_loan_form.pdf: 3c5f5bb01b19725db71c9e09603b9abe7c8d9936ea358e36d7ce9088bf3147ed
2025-11-06 17:13:20 [INFO] [run_textract] 🚀 Starting Textract for: gss-term-loan-agreement-ccd-5.pdf
2025-11-06 17:13:20 [INFO] [run_textract] 🪄 Job started for gss-term-loan-agreement-ccd-5.pdf: 59210a26dc9780ddc067a31ebccd491a7a63db8db09ecd390b2bccdfa94bb372
2025-11-06 17:13:21 [INFO] [run_textract] 🚀 Starting Textract for: home_loan_001.pdf
2025-11-06 17:13:21 [INFO] [run_textract] 🪄 Job started for home_loan_001.pdf: 447c6ac8762925a02a53679cbb74195aea1e0e4afa39e722aa9b1ad8b76d9a9c
2025-11-06 17:13:21 [INFO] [run_textract] 🚀 Starting Textract for: loan1.pdf
2025-11-06 17:13:21 [INFO] [run_textract] 🪄 Job started for loan1.pdf: 2853d10799e87a41f1806f62fe518fc9329471f7b35fd26ef2fcff350e2d4374
2025-11-06 17:13:21 [INFO] [run_textract] 🚀 Starting Textract for: loan2.pdf
2025-11-06 17:13:21 [INFO] [run_textract] 🪄 Job started for loan2.pdf: bcfde11ee07ac9324ddec57a871a9340d52f1d7fc4cb87165bd23a5b4ccd8ad5
2025-11-06 17:13:21 [INFO] [run_textract] 🚀 Starting Textract for: loan3.pdf
2025-11-06 17:13:21 [INFO] [run_textract] 🪄 Job started for loan3.pdf: 063e4fe9969234081eb78917ec4bed302d3836139c1c4e1e30beba520330b894
2025-11-06 17:13:21 [INFO] [run_textract] 🚀 Starting Textract for: pl_agreement.pdf
2025-11-06 17:13:22 [INFO] [run_textract] 🪄 Job started for pl_agreement.pdf: ae56e30cdb5787d887ede6ba831f265b374be26bbbf905e1b32d9b9c16930cea
2025-11-06 17:13:22 [INFO] [run_textract] 🚀 Starting Textract for: specimen-agreement.pdf
2025-11-06 17:13:22 [INFO] [run_textract] 🪄 Job started for specimen-agreement.pdf: a4d81c43388773dd35f46033351fb54acb7f834d980a449b54c59afd974506ed
2025-11-06 17:13:22 [INFO] [run_textract] ⏳ Waiting for Textract job to finish for Personal-Loan-Agreement.pdf... (status=IN_PROGRESS)
2025-11-06 17:13:23 [INFO] [run_textract] ⏳ Waiting for Textract job to finish for form_centre_showcase_personal_loan_form.pdf... (status=IN_PROGRESS)
2025-11-06 17:13:23 [INFO] [run_textract] ⏳ Waiting for Textract job to finish for gss-term-loan-agreement-ccd-5.pdf... (status=IN_PROGRESS)
2025-11-06 17:13:23 [INFO] [run_textract] ⏳ Waiting for Textract job to finish for home_loan_001.pdf... (status=IN_PROGRESS)
2025-11-06 17:13:23 [INFO] [run_textract] ⏳ Waiting for Textract job to finish for loan1.pdf... (status=IN_PROGRESS)
2025-11-06 17:13:23 [INFO] [run_textract] ⏳ Waiting for Textract job to finish for loan2.pdf... (status=IN_PROGRESS)
2025-11-06 17:13:23 [INFO] [run_textract] ⏳ Waiting for Textract job to finish for loan3.pdf... (status=IN_PROGRESS)
2025-11-06 17:13:23 [INFO] [run_textract] ⏳ Waiting for Textract job to finish for pl_agreement.pdf... (status=IN_PROGRESS)
2025-11-06 17:13:23 [INFO] [run_textract] ⏳ Waiting for Textract job to finish for specimen-agreement.pdf... (status=IN_PROGRESS)
2025-11-06 17:13:28 [INFO] [run_textract] ⏳ Waiting for Textract job to finish for Personal-Loan-Agreement.pdf... (status=IN_PROGRESS)
2025-11-06 17:13:28 [INFO] [run_textract] ⏳ Waiting for Textract job to finish for form_centre_showcase_personal_loan_form.pdf... (status=IN_PROGRESS)
2025-11-06 17:13:28 [INFO] [run_textract] ⏳ Waiting for Textract job to finish for gss-term-loan-agreement-ccd-5.pdf... (status=IN_PROGRESS)
2025-11-06 17:13:29 [INFO] [run_textract] ✅ Textract job finished for home_loan_001.pdf (447c6ac8762925a02a53679cbb74195aea1e0e4afa39e722aa9b1ad8b76d9a9c)
2025-11-06 17:13:29 [INFO] [run_textract] 📄 Retrieved page 1 (61 blocks)
2025-11-06 17:13:29 [INFO] [run_textract] ✅ Total blocks retrieved: 61 across 1 pages
2025-11-06 17:13:29 [INFO] [run_textract] ✅ Saved Textract output: data/raw\home_loan_001_raw.json (61 blocks)
2025-11-06 17:13:29 [INFO] [run_textract] ⏳ Waiting for Textract job to finish for loan1.pdf... (status=IN_PROGRESS)
2025-11-06 17:13:29 [INFO] [run_textract] ⏳ Waiting for Textract job to finish for loan2.pdf... (status=IN_PROGRESS)
2025-11-06 17:13:29 [INFO] [run_textract] ⏳ Waiting for Textract job to finish for loan3.pdf... (status=IN_PROGRESS)
2025-11-06 17:13:29 [INFO] [run_textract] ⏳ Waiting for Textract job to finish for pl_agreement.pdf... (status=IN_PROGRESS)
2025-11-06 17:13:29 [INFO] [run_textract] ⏳ Waiting for Textract job to finish for specimen-agreement.pdf... (status=IN_PROGRESS)
2025-11-06 17:13:35 [INFO] [run_textract] ✅ Textract job finished for Personal-Loan-Agreement.pdf (3ad6e1285a407229901e80bbff2a07661cc9d1e3978fff04b35e319d40740c2e)
2025-11-06 17:13:38 [INFO] [run_textract] 📄 Retrieved page 1 (1000 blocks)
2025-11-06 17:13:40 [INFO] [run_textract] 📄 Retrieved page 2 (134 blocks)
2025-11-06 17:13:40 [INFO] [run_textract] ✅ Total blocks retrieved: 1134 across 2 pages
2025-11-06 17:13:40 [INFO] [run_textract] ✅ Saved Textract output: data/raw\Personal-Loan-Agreement_raw.json (1134 blocks)
2025-11-06 17:13:41 [INFO] [run_textract] ✅ Textract job finished for form_centre_showcase_personal_loan_form.pdf (3c5f5bb01b19725db71c9e09603b9abe7c8d9936ea358e36d7ce9088bf3147ed)
2025-11-06 17:13:43 [INFO] [run_textract] 📄 Retrieved page 1 (1000 blocks)
2025-11-06 17:13:46 [INFO] [run_textract] 📄 Retrieved page 2 (1000 blocks)
2025-11-06 17:13:47 [INFO] [run_textract] 📄 Retrieved page 3 (1000 blocks)
2025-11-06 17:13:50 [INFO] [run_textract] 📄 Retrieved page 4 (1000 blocks)
2025-11-06 17:13:51 [INFO] [run_textract] 📄 Retrieved page 5 (174 blocks)
2025-11-06 17:13:51 [INFO] [run_textract] ✅ Total blocks retrieved: 4174 across 5 pages
2025-11-06 17:13:52 [INFO] [run_textract] ✅ Saved Textract output: data/raw\form_centre_showcase_personal_loan_form_raw.json (4174 blocks)
2025-11-06 17:13:54 [INFO] [run_textract] ✅ Textract job finished for gss-term-loan-agreement-ccd-5.pdf (59210a26dc9780ddc067a31ebccd491a7a63db8db09ecd390b2bccdfa94bb372)
2025-11-06 17:13:54 [INFO] [run_textract] 📄 Retrieved page 1 (1000 blocks)
2025-11-06 17:13:57 [INFO] [run_textract] 📄 Retrieved page 2 (1000 blocks)
2025-11-06 17:14:00 [INFO] [run_textract] 📄 Retrieved page 3 (1000 blocks)
2025-11-06 17:14:02 [INFO] [run_textract] 📄 Retrieved page 4 (1000 blocks)
2025-11-06 17:14:06 [INFO] [run_textract] 📄 Retrieved page 5 (1000 blocks)
2025-11-06 17:14:08 [INFO] [run_textract] 📄 Retrieved page 6 (1000 blocks)
2025-11-06 17:14:11 [INFO] [run_textract] 📄 Retrieved page 7 (1000 blocks)
2025-11-06 17:14:13 [INFO] [run_textract] 📄 Retrieved page 8 (1000 blocks)
2025-11-06 17:14:15 [INFO] [run_textract] 📄 Retrieved page 9 (1000 blocks)
2025-11-06 17:14:17 [INFO] [run_textract] 📄 Retrieved page 10 (1000 blocks)
2025-11-06 17:14:19 [INFO] [run_textract] 📄 Retrieved page 11 (563 blocks)
2025-11-06 17:14:19 [INFO] [run_textract] ✅ Total blocks retrieved: 10563 across 11 pages
2025-11-06 17:14:21 [INFO] [run_textract] ✅ Saved Textract output: data/raw\gss-term-loan-agreement-ccd-5_raw.json (10563 blocks)
2025-11-06 17:14:23 [INFO] [run_textract] ✅ Textract job finished for loan1.pdf (2853d10799e87a41f1806f62fe518fc9329471f7b35fd26ef2fcff350e2d4374)
2025-11-06 17:14:25 [INFO] [run_textract] 📄 Retrieved page 1 (1000 blocks)
2025-11-06 17:14:27 [INFO] [run_textract] 📄 Retrieved page 2 (1000 blocks)
2025-11-06 17:14:29 [INFO] [run_textract] 📄 Retrieved page 3 (299 blocks)
2025-11-06 17:14:29 [INFO] [run_textract] ✅ Total blocks retrieved: 2299 across 3 pages
2025-11-06 17:14:29 [INFO] [run_textract] ✅ Saved Textract output: data/raw\loan1_raw.json (2299 blocks)
2025-11-06 17:14:33 [INFO] [run_textract] ✅ Textract job finished for loan2.pdf (bcfde11ee07ac9324ddec57a871a9340d52f1d7fc4cb87165bd23a5b4ccd8ad5)
2025-11-06 17:14:34 [INFO] [run_textract] 📄 Retrieved page 1 (1000 blocks)
2025-11-06 17:14:36 [INFO] [run_textract] 📄 Retrieved page 2 (1000 blocks)
2025-11-06 17:14:38 [INFO] [run_textract] 📄 Retrieved page 3 (797 blocks)
2025-11-06 17:14:38 [INFO] [run_textract] ✅ Total blocks retrieved: 2797 across 3 pages
2025-11-06 17:14:38 [INFO] [run_textract] ✅ Saved Textract output: data/raw\loan2_raw.json (2797 blocks)
2025-11-06 17:14:39 [INFO] [run_textract] ✅ Textract job finished for loan3.pdf (063e4fe9969234081eb78917ec4bed302d3836139c1c4e1e30beba520330b894)
2025-11-06 17:14:40 [INFO] [run_textract] 📄 Retrieved page 1 (1000 blocks)
2025-11-06 17:14:43 [INFO] [run_textract] 📄 Retrieved page 2 (1000 blocks)
2025-11-06 17:14:45 [INFO] [run_textract] 📄 Retrieved page 3 (1000 blocks)
2025-11-06 17:14:48 [INFO] [run_textract] 📄 Retrieved page 4 (1000 blocks)
2025-11-06 17:14:50 [INFO] [run_textract] 📄 Retrieved page 5 (1000 blocks)
2025-11-06 17:14:52 [INFO] [run_textract] 📄 Retrieved page 6 (1000 blocks)
2025-11-06 17:14:54 [INFO] [run_textract] 📄 Retrieved page 7 (1000 blocks)
2025-11-06 17:14:56 [INFO] [run_textract] 📄 Retrieved page 8 (1000 blocks)
2025-11-06 17:14:59 [INFO] [run_textract] 📄 Retrieved page 9 (1000 blocks)
2025-11-06 17:15:01 [INFO] [run_textract] 📄 Retrieved page 10 (881 blocks)
2025-11-06 17:15:01 [INFO] [run_textract] ✅ Total blocks retrieved: 9881 across 10 pages
2025-11-06 17:15:02 [INFO] [run_textract] ✅ Saved Textract output: data/raw\loan3_raw.json (9881 blocks)
2025-11-06 17:15:03 [INFO] [run_textract] ✅ Textract job finished for pl_agreement.pdf (ae56e30cdb5787d887ede6ba831f265b374be26bbbf905e1b32d9b9c16930cea)
2025-11-06 17:15:04 [INFO] [run_textract] 📄 Retrieved page 1 (1000 blocks)
2025-11-06 17:15:06 [INFO] [run_textract] 📄 Retrieved page 2 (1000 blocks)
2025-11-06 17:15:07 [INFO] [run_textract] 📄 Retrieved page 3 (1000 blocks)
2025-11-06 17:15:09 [INFO] [run_textract] 📄 Retrieved page 4 (1000 blocks)
2025-11-06 17:15:10 [INFO] [run_textract] 📄 Retrieved page 5 (1000 blocks)
2025-11-06 17:15:13 [INFO] [run_textract] 📄 Retrieved page 6 (1000 blocks)
2025-11-06 17:15:15 [INFO] [run_textract] 📄 Retrieved page 7 (1000 blocks)
2025-11-06 17:15:16 [INFO] [run_textract] 📄 Retrieved page 8 (1000 blocks)
2025-11-06 17:15:18 [INFO] [run_textract] 📄 Retrieved page 9 (1000 blocks)
2025-11-06 17:15:20 [INFO] [run_textract] 📄 Retrieved page 10 (1000 blocks)
2025-11-06 17:15:22 [INFO] [run_textract] 📄 Retrieved page 11 (1000 blocks)
2025-11-06 17:15:24 [INFO] [run_textract] 📄 Retrieved page 12 (234 blocks)
2025-11-06 17:15:24 [INFO] [run_textract] ✅ Total blocks retrieved: 11234 across 12 pages
2025-11-06 17:15:26 [INFO] [run_textract] ✅ Saved Textract output: data/raw\pl_agreement_raw.json (11234 blocks)
2025-11-06 17:15:27 [INFO] [run_textract] ✅ Textract job finished for specimen-agreement.pdf (a4d81c43388773dd35f46033351fb54acb7f834d980a449b54c59afd974506ed)
2025-11-06 17:15:28 [INFO] [run_textract] 📄 Retrieved page 1 (1000 blocks)
2025-11-06 17:15:31 [INFO] [run_textract] 📄 Retrieved page 2 (1000 blocks)
2025-11-06 17:15:33 [INFO] [run_textract] 📄 Retrieved page 3 (1000 blocks)
2025-11-06 17:15:34 [INFO] [run_textract] 📄 Retrieved page 4 (1000 blocks)
2025-11-06 17:15:36 [INFO] [run_textract] 📄 Retrieved page 5 (1000 blocks)
2025-11-06 17:15:38 [INFO] [run_textract] 📄 Retrieved page 6 (407 blocks)
2025-11-06 17:15:38 [INFO] [run_textract] ✅ Total blocks retrieved: 5407 across 6 pages
2025-11-06 17:15:39 [INFO] [run_textract] ✅ Saved Textract output: data/raw\specimen-agreement_raw.json (5407 blocks)
2025-11-06 17:15:44 [INFO] [run_textract] ✅ Completed Textract for 9 files.
2025-11-06 17:19:00 [INFO] [run_textract] ⚡ Skipping Textract for Personal-Loan-Agreement.pdf (raw JSON already exists)
2025-11-06 17:19:00 [INFO] [run_textract] ⚡ Skipping Textract for form_centre_showcase_personal_loan_form.pdf (raw JSON already exists)
2025-11-06 17:19:00 [INFO] [run_textract] ⚡ Skipping Textract for gss-term-loan-agreement-ccd-5.pdf (raw JSON already exists)
2025-11-06 17:19:00 [INFO] [run_textract] ⚡ Skipping Textract for home_loan_001.pdf (raw JSON already exists)
2025-11-06 17:19:00 [INFO] [run_textract] ⚡ Skipping Textract for loan1.pdf (raw JSON already exists)
2025-11-06 17:19:00 [INFO] [run_textract] ⚡ Skipping Textract for loan2.pdf (raw JSON already exists)
2025-11-06 17:19:00 [INFO] [run_textract] ⚡ Skipping Textract for loan3.pdf (raw JSON already exists)
2025-11-06 17:19:00 [INFO] [run_textract] ⚡ Skipping Textract for pl_agreement.pdf (raw JSON already exists)
2025-11-06 17:19:00 [INFO] [run_textract] ⚡ Skipping Textract for specimen-agreement.pdf (raw JSON already exists)
2025-11-06 17:19:00 [WARNING] [run_textract] ⚠️ No new PDFs to process (all already processed or failed to start).
2025-11-06 17:23:59 [INFO] [run_textract] ⚡ Skipping Textract for Personal-Loan-Agreement.pdf (raw JSON already exists)
2025-11-06 17:23:59 [INFO] [run_textract] ⚡ Skipping Textract for form_centre_showcase_personal_loan_form.pdf (raw JSON already exists)
2025-11-06 17:23:59 [INFO] [run_textract] ⚡ Skipping Textract for gss-term-loan-agreement-ccd-5.pdf (raw JSON already exists)
2025-11-06 17:23:59 [INFO] [run_textract] ⚡ Skipping Textract for home_loan_001.pdf (raw JSON already exists)
2025-11-06 17:23:59 [INFO] [run_textract] ⚡ Skipping Textract for loan1.pdf (raw JSON already exists)
2025-11-06 17:23:59 [INFO] [run_textract] ⚡ Skipping Textract for loan2.pdf (raw JSON already exists)
2025-11-06 17:23:59 [INFO] [run_textract] ⚡ Skipping Textract for loan3.pdf (raw JSON already exists)
2025-11-06 17:23:59 [INFO] [run_textract] ⚡ Skipping Textract for pl_agreement.pdf (raw JSON already exists)
2025-11-06 17:23:59 [INFO] [run_textract] ⚡ Skipping Textract for specimen-agreement.pdf (raw JSON already exists)
2025-11-06 17:23:59 [WARNING] [run_textract] ⚠️ No new PDFs to process (all already processed or failed to start).
2025-11-07 17:31:37 [INFO] [run_textract] ⚡ Skipping Personal-Loan-Agreement.pdf (already processed).
2025-11-07 17:31:37 [INFO] [run_textract] ⚡ Skipping form_centre_showcase_personal_loan_form.pdf (already processed).
2025-11-07 17:31:37 [INFO] [run_textract] ⚡ Skipping gss-term-loan-agreement-ccd-5.pdf (already processed).
2025-11-07 17:31:37 [INFO] [run_textract] ⚡ Skipping home_loan_001.pdf (already processed).
2025-11-07 17:31:37 [INFO] [run_textract] ⚡ Skipping loan1.pdf (already processed).
2025-11-07 17:31:37 [INFO] [run_textract] ⚡ Skipping loan2.pdf (already processed).
2025-11-07 17:31:37 [INFO] [run_textract] ⚡ Skipping loan3.pdf (already processed).
2025-11-07 17:31:37 [INFO] [run_textract] ⚡ Skipping pl_agreement.pdf (already processed).
2025-11-07 17:31:37 [INFO] [run_textract] ⚡ Skipping specimen-agreement.pdf (already processed).
2025-11-07 17:31:37 [WARNING] [run_textract] ⚠️ No new PDFs to process.
2025-11-07 18:22:50 [INFO] [run_textract] 🚀 Starting Textract for: dummy.pdf
2025-11-07 18:22:50 [INFO] [run_textract] 🪄 Job started: 1234
2025-11-07 18:22:50 [INFO] [run_textract] ✅ Saved Textract output: C:\Users\HP\OneDrive\Desktop\doc-understand\data\aws_extraction_data\raw\dummy_raw.json (1 blocks)
2025-11-07 18:25:29 [INFO] [run_textract] 🚀 Starting Textract for: dummy.pdf
2025-11-07 18:25:29 [INFO] [run_textract] 🪄 Job started: 1234
2025-11-07 18:25:29 [INFO] [run_textract] ✅ Saved Textract output: C:\Users\HP\OneDrive\Desktop\doc-understand\data\aws_extraction_data\raw\dummy_raw.json (1 blocks)
2025-11-07 18:34:38 [INFO] [run_textract] 🚀 Starting Textract for: dummy.pdf
2025-11-07 18:34:38 [INFO] [run_textract] 🪄 Job started: 1234
2025-11-07 18:34:38 [INFO] [run_textract] ✅ Saved Textract output: C:\Users\HP\OneDrive\Desktop\doc-understand\data\aws_extraction_data\raw\dummy_raw.json (1 blocks)
2025-11-07 18:42:28 [INFO] [run_textract] 🚀 Starting Textract for: dummy.pdf
2025-11-07 18:42:28 [INFO] [run_textract] 🪄 Job started: 1234
2025-11-07 18:42:28 [INFO] [run_textract] ✅ Saved Textract output: C:\Users\HP\OneDrive\Desktop\doc-understand\data\aws_extraction_data\raw\dummy_raw.json (1 blocks)
2025-11-07 18:43:10 [INFO] [run_textract] 🚀 Starting Textract for: dummy.pdf
2025-11-07 18:43:10 [INFO] [run_textract] 🪄 Job started: 1234
2025-11-07 18:43:10 [INFO] [run_textract] ✅ Saved Textract output: C:\Users\HP\OneDrive\Desktop\doc-understand\data\aws_extraction_data\raw\dummy_raw.json (1 blocks)
2025-11-07 18:49:05 [INFO] [run_textract] 🚀 Starting Textract for: dummy.pdf
2025-11-07 18:49:05 [INFO] [run_textract] 🪄 Job started: 1234
2025-11-07 18:49:05 [INFO] [run_textract] ✅ Saved Textract output: C:\Users\HP\OneDrive\Desktop\doc-understand\data\aws_extraction_data\raw\dummy_raw.json (1 blocks)
2025-11-07 18:55:45 [INFO] [run_textract] ⚡ Skipping Personal-Loan-Agreement.pdf (already processed).
2025-11-07 18:55:45 [INFO] [run_textract] ⚡ Skipping form_centre_showcase_personal_loan_form.pdf (already processed).
2025-11-07 18:55:45 [INFO] [run_textract] ⚡ Skipping gss-term-loan-agreement-ccd-5.pdf (already processed).
2025-11-07 18:55:45 [INFO] [run_textract] ⚡ Skipping home_loan_001.pdf (already processed).
2025-11-07 18:55:45 [INFO] [run_textract] ⚡ Skipping loan1.pdf (already processed).
2025-11-07 18:55:45 [INFO] [run_textract] ⚡ Skipping loan2.pdf (already processed).
2025-11-07 18:55:45 [INFO] [run_textract] ⚡ Skipping loan3.pdf (already processed).
2025-11-07 18:55:45 [INFO] [run_textract] ⚡ Skipping pl_agreement.pdf (already processed).
2025-11-07 18:55:45 [INFO] [run_textract] ⚡ Skipping specimen-agreement.pdf (already processed).
2025-11-07 18:55:45 [WARNING] [run_textract] ⚠️ No new PDFs to process.
2025-11-07 19:02:39 [INFO] [run_textract] ⚡ Skipping Personal-Loan-Agreement.pdf (already processed).
2025-11-07 19:02:39 [INFO] [run_textract] ⚡ Skipping form_centre_showcase_personal_loan_form.pdf (already processed).
2025-11-07 19:02:39 [INFO] [run_textract] ⚡ Skipping gss-term-loan-agreement-ccd-5.pdf (already processed).
2025-11-07 19:02:39 [INFO] [run_textract] ⚡ Skipping home_loan_001.pdf (already processed).
2025-11-07 19:02:39 [INFO] [run_textract] ⚡ Skipping loan1.pdf (already processed).
2025-11-07 19:02:39 [INFO] [run_textract] ⚡ Skipping loan2.pdf (already processed).
2025-11-07 19:02:39 [INFO] [run_textract] ⚡ Skipping loan3.pdf (already processed).
2025-11-07 19:02:39 [INFO] [run_textract] ⚡ Skipping pl_agreement.pdf (already processed).
2025-11-07 19:02:39 [INFO] [run_textract] ⚡ Skipping specimen-agreement.pdf (already processed).
2025-11-07 19:02:39 [WARNING] [run_textract] ⚠️ No new PDFs to process.
2025-11-07 19:03:16 [INFO] [run_textract] 🚀 Starting Textract for: dummy.pdf
2025-11-07 19:03:16 [INFO] [run_textract] 🪄 Job started: 1234
2025-11-07 19:03:16 [INFO] [run_textract] ✅ Saved Textract output: C:\Users\HP\OneDrive\Desktop\doc-understand\data\aws_extraction_data\raw\dummy_raw.json (1 blocks)
2025-11-07 19:07:01 [INFO] [run_textract] ⚡ Skipping Personal-Loan-Agreement.pdf (already processed).
2025-11-07 19:07:01 [INFO] [run_textract] ⚡ Skipping form_centre_showcase_personal_loan_form.pdf (already processed).
2025-11-07 19:07:01 [INFO] [run_textract] ⚡ Skipping gss-term-loan-agreement-ccd-5.pdf (already processed).
2025-11-07 19:07:01 [INFO] [run_textract] ⚡ Skipping home_loan_001.pdf (already processed).
2025-11-07 19:07:01 [INFO] [run_textract] ⚡ Skipping loan1.pdf (already processed).
2025-11-07 19:07:01 [INFO] [run_textract] ⚡ Skipping loan2.pdf (already processed).
2025-11-07 19:07:01 [INFO] [run_textract] ⚡ Skipping loan3.pdf (already processed).
2025-11-07 19:07:01 [INFO] [run_textract] ⚡ Skipping pl_agreement.pdf (already processed).
2025-11-07 19:07:01 [INFO] [run_textract] ⚡ Skipping specimen-agreement.pdf (already processed).
2025-11-07 19:07:01 [WARNING] [run_textract] ⚠️ No new PDFs to process.
2025-11-07 19:10:52 [INFO] [run_textract] 🚀 Starting Textract for: dummy.pdf
2025-11-07 19:10:52 [INFO] [run_textract] 🪄 Job started: 1234
2025-11-07 19:10:52 [INFO] [run_textract] ✅ Saved Textract output: C:\Users\HP\OneDrive\Desktop\doc-understand\data\aws_extraction_data\raw\dummy_raw.json (1 blocks)
2025-11-07 19:17:13 [INFO] [run_textract] 🚀 Starting Textract for: dummy.pdf
2025-11-07 19:17:13 [INFO] [run_textract] 🪄 Job started: 1234
2025-11-07 19:17:13 [INFO] [run_textract] ✅ Saved Textract output: C:\Users\HP\OneDrive\Desktop\doc-understand\data\aws_extraction_data\raw\dummy_raw.json (1 blocks)
2025-11-07 19:20:02 [INFO] [run_textract] 🚀 Starting Textract for: dummy.pdf
2025-11-07 19:20:02 [INFO] [run_textract] 🪄 Job started: 1234
2025-11-07 19:20:02 [INFO] [run_textract] ✅ Saved Textract output: C:\Users\HP\OneDrive\Desktop\doc-understand\data\aws_extraction_data\raw\dummy_raw.json (1 blocks)
2025-11-08 10:20:15 [INFO] [run_textract] ⚡ Skipping Personal-Loan-Agreement.pdf (already processed).
2025-11-08 10:20:15 [INFO] [run_textract] ⚡ Skipping form_centre_showcase_personal_loan_form.pdf (already processed).
2025-11-08 10:20:15 [INFO] [run_textract] ⚡ Skipping gss-term-loan-agreement-ccd-5.pdf (already processed).
2025-11-08 10:20:15 [INFO] [run_textract] ⚡ Skipping home_loan_001.pdf (already processed).
2025-11-08 10:20:15 [INFO] [run_textract] ⚡ Skipping loan1.pdf (already processed).
2025-11-08 10:20:15 [INFO] [run_textract] ⚡ Skipping loan2.pdf (already processed).
2025-11-08 10:20:15 [INFO] [run_textract] ⚡ Skipping loan3.pdf (already processed).
2025-11-08 10:20:15 [INFO] [run_textract] ⚡ Skipping pl_agreement.pdf (already processed).
2025-11-08 10:20:15 [INFO] [run_textract] ⚡ Skipping specimen-agreement.pdf (already processed).
2025-11-08 10:20:15 [WARNING] [run_textract] ⚠️ No new PDFs to process.
2025-11-08 10:21:01 [INFO] [run_textract] ⚡ Skipping Personal-Loan-Agreement.pdf (already processed).
2025-11-08 10:21:01 [INFO] [run_textract] ⚡ Skipping form_centre_showcase_personal_loan_form.pdf (already processed).
2025-11-08 10:21:01 [INFO] [run_textract] ⚡ Skipping gss-term-loan-agreement-ccd-5.pdf (already processed).
2025-11-08 10:21:01 [INFO] [run_textract] ⚡ Skipping home_loan_001.pdf (already processed).
2025-11-08 10:21:01 [INFO] [run_textract] ⚡ Skipping loan1.pdf (already processed).
2025-11-08 10:21:01 [INFO] [run_textract] ⚡ Skipping loan2.pdf (already processed).
2025-11-08 10:21:01 [INFO] [run_textract] ⚡ Skipping loan3.pdf (already processed).
2025-11-08 10:21:01 [INFO] [run_textract] ⚡ Skipping pl_agreement.pdf (already processed).
2025-11-08 10:21:01 [INFO] [run_textract] ⚡ Skipping specimen-agreement.pdf (already processed).
2025-11-08 10:21:01 [WARNING] [run_textract] ⚠️ No new PDFs to process.
2025-11-08 10:28:10 [INFO] [run_textract] ⚡ Skipping Personal-Loan-Agreement.pdf (already processed).
2025-11-08 10:28:10 [INFO] [run_textract] ⚡ Skipping form_centre_showcase_personal_loan_form.pdf (already processed).
2025-11-08 10:28:10 [INFO] [run_textract] ⚡ Skipping gss-term-loan-agreement-ccd-5.pdf (already processed).
2025-11-08 10:28:10 [INFO] [run_textract] ⚡ Skipping home_loan_001.pdf (already processed).
2025-11-08 10:28:10 [INFO] [run_textract] ⚡ Skipping loan1.pdf (already processed).
2025-11-08 10:28:10 [INFO] [run_textract] ⚡ Skipping loan2.pdf (already processed).
2025-11-08 10:28:10 [INFO] [run_textract] ⚡ Skipping loan3.pdf (already processed).
2025-11-08 10:28:10 [INFO] [run_textract] ⚡ Skipping pl_agreement.pdf (already processed).
2025-11-08 10:28:10 [INFO] [run_textract] ⚡ Skipping specimen-agreement.pdf (already processed).
2025-11-08 10:28:10 [WARNING] [run_textract] ⚠️ No new PDFs to process.
2025-11-08 10:29:30 [INFO] [run_textract] ⚡ Skipping Personal-Loan-Agreement.pdf (already processed).
2025-11-08 10:29:30 [INFO] [run_textract] ⚡ Skipping form_centre_showcase_personal_loan_form.pdf (already processed).
2025-11-08 10:29:30 [INFO] [run_textract] ⚡ Skipping gss-term-loan-agreement-ccd-5.pdf (already processed).
2025-11-08 10:29:30 [INFO] [run_textract] ⚡ Skipping home_loan_001.pdf (already processed).
2025-11-08 10:29:30 [INFO] [run_textract] ⚡ Skipping loan1.pdf (already processed).
2025-11-08 10:29:30 [INFO] [run_textract] ⚡ Skipping loan2.pdf (already processed).
2025-11-08 10:29:30 [INFO] [run_textract] ⚡ Skipping loan3.pdf (already processed).
2025-11-08 10:29:30 [INFO] [run_textract] ⚡ Skipping pl_agreement.pdf (already processed).
2025-11-08 10:29:30 [INFO] [run_textract] ⚡ Skipping specimen-agreement.pdf (already processed).
2025-11-08 10:29:30 [WARNING] [run_textract] ⚠️ No new PDFs to process.
2025-11-08 10:33:36 [INFO] [run_textract] ⚡ Skipping Personal-Loan-Agreement.pdf (already processed).
2025-11-08 10:33:36 [INFO] [run_textract] ⚡ Skipping form_centre_showcase_personal_loan_form.pdf (already processed).
2025-11-08 10:33:36 [INFO] [run_textract] ⚡ Skipping gss-term-loan-agreement-ccd-5.pdf (already processed).
2025-11-08 10:33:36 [INFO] [run_textract] ⚡ Skipping home_loan_001.pdf (already processed).
2025-11-08 10:33:36 [INFO] [run_textract] ⚡ Skipping loan1.pdf (already processed).
2025-11-08 10:33:36 [INFO] [run_textract] ⚡ Skipping loan2.pdf (already processed).
2025-11-08 10:33:36 [INFO] [run_textract] ⚡ Skipping loan3.pdf (already processed).
2025-11-08 10:33:36 [INFO] [run_textract] ⚡ Skipping pl_agreement.pdf (already processed).
2025-11-08 10:33:36 [INFO] [run_textract] ⚡ Skipping specimen-agreement.pdf (already processed).
2025-11-08 10:33:36 [WARNING] [run_textract] ⚠️ No new PDFs to process.
2025-11-08 10:35:51 [INFO] [run_textract] ⚡ Skipping Personal-Loan-Agreement.pdf (already processed).
2025-11-08 10:35:51 [INFO] [run_textract] ⚡ Skipping form_centre_showcase_personal_loan_form.pdf (already processed).
2025-11-08 10:35:51 [INFO] [run_textract] ⚡ Skipping gss-term-loan-agreement-ccd-5.pdf (already processed).
2025-11-08 10:35:52 [INFO] [run_textract] 🪄 Started Textract job for home_loan_001.pdf: f7fe60df889c03a4c90fda98e57733be0701a7e73cb148f65fc001846bd93f81
2025-11-08 10:35:52 [INFO] [run_textract] ⚡ Skipping loan1.pdf (already processed).
2025-11-08 10:35:52 [INFO] [run_textract] ⚡ Skipping loan2.pdf (already processed).
2025-11-08 10:35:52 [INFO] [run_textract] ⚡ Skipping loan3.pdf (already processed).
2025-11-08 10:35:52 [INFO] [run_textract] ⚡ Skipping pl_agreement.pdf (already processed).
2025-11-08 10:35:52 [INFO] [run_textract] ⚡ Skipping specimen-agreement.pdf (already processed).
2025-11-08 10:35:52 [INFO] [run_textract] ⏳ Waiting for Textract job to finish for home_loan_001.pdf (status=IN_PROGRESS)
2025-11-08 10:35:57 [INFO] [run_textract] ⏳ Waiting for Textract job to finish for home_loan_001.pdf (status=IN_PROGRESS)
2025-11-08 10:36:02 [INFO] [run_textract] 📄 Retrieved page 1 (61 blocks)
2025-11-08 10:36:02 [INFO] [run_textract] ✅ Total blocks retrieved: 61 across 1 pages
2025-11-08 10:36:02 [INFO] [run_textract] ✅ Saved Textract output: /opt/airflow/data/aws_extraction_data/raw/home_loan_001_raw.json
2025-11-08 10:36:07 [INFO] [run_textract] ✅ Completed Textract for 1 files.
2025-11-08 10:45:15 [INFO] [run_textract] ⚡ Skipping Personal-Loan-Agreement.pdf (already processed).
2025-11-08 10:45:15 [INFO] [run_textract] ⚡ Skipping form_centre_showcase_personal_loan_form.pdf (already processed).
2025-11-08 10:45:15 [INFO] [run_textract] ⚡ Skipping gss-term-loan-agreement-ccd-5.pdf (already processed).
2025-11-08 10:45:15 [INFO] [run_textract] ⚡ Skipping home_loan_001.pdf (already processed).
2025-11-08 10:45:15 [INFO] [run_textract] ⚡ Skipping loan1.pdf (already processed).
2025-11-08 10:45:15 [INFO] [run_textract] ⚡ Skipping loan2.pdf (already processed).
2025-11-08 10:45:15 [INFO] [run_textract] ⚡ Skipping loan3.pdf (already processed).
2025-11-08 10:45:15 [INFO] [run_textract] ⚡ Skipping pl_agreement.pdf (already processed).
2025-11-08 10:45:15 [INFO] [run_textract] ⚡ Skipping specimen-agreement.pdf (already processed).
2025-11-08 10:45:15 [WARNING] [run_textract] ⚠️ No new PDFs to process.
2025-11-08 10:49:24 [INFO] [run_textract] ⚡ Skipping Personal-Loan-Agreement.pdf (already processed).
2025-11-08 10:49:24 [INFO] [run_textract] ⚡ Skipping form_centre_showcase_personal_loan_form.pdf (already processed).
2025-11-08 10:49:24 [INFO] [run_textract] ⚡ Skipping gss-term-loan-agreement-ccd-5.pdf (already processed).
2025-11-08 10:49:24 [INFO] [run_textract] ⚡ Skipping home_loan_001.pdf (already processed).
2025-11-08 10:49:24 [INFO] [run_textract] ⚡ Skipping loan1.pdf (already processed).
2025-11-08 10:49:24 [INFO] [run_textract] ⚡ Skipping loan2.pdf (already processed).
2025-11-08 10:49:24 [INFO] [run_textract] ⚡ Skipping loan3.pdf (already processed).
2025-11-08 10:49:24 [INFO] [run_textract] ⚡ Skipping pl_agreement.pdf (already processed).
2025-11-08 10:49:24 [INFO] [run_textract] ⚡ Skipping specimen-agreement.pdf (already processed).
2025-11-08 10:49:24 [WARNING] [run_textract] ⚠️ No new PDFs to process.
2025-11-08 11:44:52 [INFO] [run_textract] 🧭 Logger initialized for stage 'run_textract' → /opt/project/logs/aws_extraction_logs/run_textract.log
2025-11-08 11:45:27 [INFO] [run_textract] 🧭 Logger initialized for stage 'run_textract' → /opt/project/logs/aws_extraction_logs/run_textract.log
2025-11-08 11:45:34 [INFO] [run_textract] 🧭 Logger initialized for stage 'run_textract' → /opt/project/logs/aws_extraction_logs/run_textract.log
2025-11-08 11:45:39 [INFO] [run_textract] 🧭 Logger initialized for stage 'run_textract' → /opt/project/logs/aws_extraction_logs/run_textract.log
2025-11-08 11:45:42 [INFO] [run_textract] ⚡ Skipping Personal-Loan-Agreement.pdf (already processed).
2025-11-08 11:45:42 [INFO] [run_textract] ⚡ Skipping form_centre_showcase_personal_loan_form.pdf (already processed).
2025-11-08 11:45:42 [INFO] [run_textract] ⚡ Skipping gss-term-loan-agreement-ccd-5.pdf (already processed).
2025-11-08 11:45:42 [INFO] [run_textract] ⚡ Skipping home_loan_001.pdf (already processed).
2025-11-08 11:45:42 [INFO] [run_textract] ⚡ Skipping loan1.pdf (already processed).
2025-11-08 11:45:42 [INFO] [run_textract] ⚡ Skipping loan2.pdf (already processed).
2025-11-08 11:45:42 [INFO] [run_textract] ⚡ Skipping loan3.pdf (already processed).
2025-11-08 11:45:42 [INFO] [run_textract] ⚡ Skipping pl_agreement.pdf (already processed).
2025-11-08 11:45:42 [INFO] [run_textract] ⚡ Skipping specimen-agreement.pdf (already processed).
2025-11-08 11:45:42 [WARNING] [run_textract] ⚠️ No new PDFs to process.
2025-11-08 11:45:43 [INFO] [run_textract] 🧭 Logger initialized for stage 'run_textract' → /opt/project/logs/aws_extraction_logs/run_textract.log
2025-11-08 11:45:50 [INFO] [run_textract] 🧭 Logger initialized for stage 'run_textract' → /opt/project/logs/aws_extraction_logs/run_textract.log
2025-11-08 11:45:55 [INFO] [run_textract] 🧭 Logger initialized for stage 'run_textract' → /opt/project/logs/aws_extraction_logs/run_textract.log
2025-11-08 11:45:58 [INFO] [run_textract] 🧭 Logger initialized for stage 'run_textract' → /opt/project/logs/aws_extraction_logs/run_textract.log
2025-11-08 11:46:30 [INFO] [run_textract] 🧭 Logger initialized for stage 'run_textract' → /opt/project/logs/aws_extraction_logs/run_textract.log
2025-11-08 11:47:02 [INFO] [run_textract] 🧭 Logger initialized for stage 'run_textract' → /opt/project/logs/aws_extraction_logs/run_textract.log
2025-11-08 11:47:33 [INFO] [run_textract] 🧭 Logger initialized for stage 'run_textract' → /opt/project/logs/aws_extraction_logs/run_textract.log
2025-11-08 11:47:51 [INFO] [run_textract] 🧭 Logger initialized for stage 'run_textract' → /opt/project/logs/aws_extraction_logs/run_textract.log
2025-11-08 11:47:54 [INFO] [run_textract] 🧭 Logger initialized for stage 'run_textract' → /opt/project/logs/aws_extraction_logs/run_textract.log
2025-11-08 11:47:57 [INFO] [run_textract] ⚡ Skipping Personal-Loan-Agreement.pdf (already processed).
2025-11-08 11:47:57 [INFO] [run_textract] ⚡ Skipping form_centre_showcase_personal_loan_form.pdf (already processed).
2025-11-08 11:47:57 [INFO] [run_textract] ⚡ Skipping gss-term-loan-agreement-ccd-5.pdf (already processed).
2025-11-08 11:47:57 [INFO] [run_textract] ⚡ Skipping home_loan_001.pdf (already processed).
2025-11-08 11:47:57 [INFO] [run_textract] ⚡ Skipping loan1.pdf (already processed).
2025-11-08 11:47:57 [INFO] [run_textract] ⚡ Skipping loan2.pdf (already processed).
2025-11-08 11:47:57 [INFO] [run_textract] ⚡ Skipping loan3.pdf (already processed).
2025-11-08 11:47:57 [INFO] [run_textract] ⚡ Skipping pl_agreement.pdf (already processed).
2025-11-08 11:47:57 [INFO] [run_textract] ⚡ Skipping specimen-agreement.pdf (already processed).
2025-11-08 11:47:57 [WARNING] [run_textract] ⚠️ No new PDFs to process.
2025-11-08 11:47:58 [INFO] [run_textract] 🧭 Logger initialized for stage 'run_textract' → /opt/project/logs/aws_extraction_logs/run_textract.log
2025-11-08 11:48:04 [INFO] [run_textract] 🧭 Logger initialized for stage 'run_textract' → /opt/project/logs/aws_extraction_logs/run_textract.log
2025-11-08 11:48:05 [INFO] [run_textract] 🧭 Logger initialized for stage 'run_textract' → /opt/project/logs/aws_extraction_logs/run_textract.log
2025-11-08 11:48:10 [INFO] [run_textract] 🧭 Logger initialized for stage 'run_textract' → /opt/project/logs/aws_extraction_logs/run_textract.log
2025-11-08 11:48:38 [INFO] [run_textract] 🧭 Logger initialized for stage 'run_textract' → /opt/project/logs/aws_extraction_logs/run_textract.log
2025-11-08 11:49:09 [INFO] [run_textract] 🧭 Logger initialized for stage 'run_textract' → /opt/project/logs/aws_extraction_logs/run_textract.log
2025-11-08 11:49:41 [INFO] [run_textract] 🧭 Logger initialized for stage 'run_textract' → /opt/project/logs/aws_extraction_logs/run_textract.log
2025-11-08 11:50:12 [INFO] [run_textract] 🧭 Logger initialized for stage 'run_textract' → /opt/project/logs/aws_extraction_logs/run_textract.log
2025-11-08 11:50:44 [INFO] [run_textract] 🧭 Logger initialized for stage 'run_textract' → /opt/project/logs/aws_extraction_logs/run_textract.log
2025-11-08 11:51:15 [INFO] [run_textract] 🧭 Logger initialized for stage 'run_textract' → /opt/project/logs/aws_extraction_logs/run_textract.log
2025-11-08 11:51:47 [INFO] [run_textract] 🧭 Logger initialized for stage 'run_textract' → /opt/project/logs/aws_extraction_logs/run_textract.log
2025-11-08 11:52:19 [INFO] [run_textract] 🧭 Logger initialized for stage 'run_textract' → /opt/project/logs/aws_extraction_logs/run_textract.log
2025-11-08 11:52:50 [INFO] [run_textract] 🧭 Logger initialized for stage 'run_textract' → /opt/project/logs/aws_extraction_logs/run_textract.log
2025-11-08 11:53:22 [INFO] [run_textract] 🧭 Logger initialized for stage 'run_textract' → /opt/project/logs/aws_extraction_logs/run_textract.log
2025-11-08 11:53:54 [INFO] [run_textract] 🧭 Logger initialized for stage 'run_textract' → /opt/project/logs/aws_extraction_logs/run_textract.log
2025-11-08 12:05:48 [INFO] [run_textract] ⚡ Skipping Personal-Loan-Agreement.pdf (already processed).
2025-11-08 12:05:48 [INFO] [run_textract] ⚡ Skipping form_centre_showcase_personal_loan_form.pdf (already processed).
2025-11-08 12:05:48 [INFO] [run_textract] ⚡ Skipping gss-term-loan-agreement-ccd-5.pdf (already processed).
2025-11-08 12:05:48 [INFO] [run_textract] ⚡ Skipping home_loan_001.pdf (already processed).
2025-11-08 12:05:48 [INFO] [run_textract] ⚡ Skipping loan1.pdf (already processed).
2025-11-08 12:05:48 [INFO] [run_textract] ⚡ Skipping loan2.pdf (already processed).
2025-11-08 12:05:48 [INFO] [run_textract] ⚡ Skipping loan3.pdf (already processed).
2025-11-08 12:05:48 [INFO] [run_textract] ⚡ Skipping pl_agreement.pdf (already processed).
2025-11-08 12:05:48 [INFO] [run_textract] ⚡ Skipping specimen-agreement.pdf (already processed).
2025-11-08 12:05:48 [WARNING] [run_textract] ⚠️ No new PDFs to process.
2025-11-08 12:09:20 [INFO] [run_textract] ⚡ Skipping Personal-Loan-Agreement.pdf (already processed).
2025-11-08 12:09:20 [INFO] [run_textract] ⚡ Skipping form_centre_showcase_personal_loan_form.pdf (already processed).
2025-11-08 12:09:20 [INFO] [run_textract] ⚡ Skipping gss-term-loan-agreement-ccd-5.pdf (already processed).
2025-11-08 12:09:20 [INFO] [run_textract] ⚡ Skipping home_loan_001.pdf (already processed).
2025-11-08 12:09:20 [INFO] [run_textract] ⚡ Skipping loan1.pdf (already processed).
2025-11-08 12:09:20 [INFO] [run_textract] ⚡ Skipping loan2.pdf (already processed).
2025-11-08 12:09:20 [INFO] [run_textract] ⚡ Skipping loan3.pdf (already processed).
2025-11-08 12:09:20 [INFO] [run_textract] ⚡ Skipping pl_agreement.pdf (already processed).
2025-11-08 12:09:20 [INFO] [run_textract] ⚡ Skipping specimen-agreement.pdf (already processed).
2025-11-08 12:09:20 [WARNING] [run_textract] ⚠️ No new PDFs to process.
2025-11-08 12:23:47 [INFO] [run_textract] ⚡ Skipping Personal-Loan-Agreement.pdf (already processed).
2025-11-08 12:23:47 [INFO] [run_textract] ⚡ Skipping form_centre_showcase_personal_loan_form.pdf (already processed).
2025-11-08 12:23:47 [INFO] [run_textract] ⚡ Skipping gss-term-loan-agreement-ccd-5.pdf (already processed).
2025-11-08 12:23:47 [INFO] [run_textract] ⚡ Skipping home_loan_001.pdf (already processed).
2025-11-08 12:23:47 [INFO] [run_textract] ⚡ Skipping loan1.pdf (already processed).
2025-11-08 12:23:47 [INFO] [run_textract] ⚡ Skipping loan2.pdf (already processed).
2025-11-08 12:23:47 [INFO] [run_textract] ⚡ Skipping loan3.pdf (already processed).
2025-11-08 12:23:47 [INFO] [run_textract] ⚡ Skipping pl_agreement.pdf (already processed).
2025-11-08 12:23:47 [INFO] [run_textract] ⚡ Skipping specimen-agreement.pdf (already processed).
2025-11-08 12:23:47 [WARNING] [run_textract] ⚠️ No new PDFs to process.
2025-11-08 13:12:31 [INFO] [run_textract] 🪄 Started Textract job for Personal-Loan-Agreement.pdf: 2f657a0995a964f4231e83ee542c338b312c173619a509284b5db30c6cb047ef
2025-11-08 13:12:31 [INFO] [run_textract] 🪄 Started Textract job for form_centre_showcase_personal_loan_form.pdf: 5b0419186d5e9cf8eb17faac0e9cd16ee89e4a046dbe7d1f607a8b4728ea05c1
2025-11-08 13:12:31 [INFO] [run_textract] 🪄 Started Textract job for gss-term-loan-agreement-ccd-5.pdf: af0959b6f9741a0186e62624e6c8d2d754027fb393aacc05d7a9a40eba251749
2025-11-08 13:12:32 [INFO] [run_textract] 🪄 Started Textract job for home_loan_001.pdf: d7d6920b5fe0ff5136b36474526be0c7b38ae816cd99d08fb810accb28b5efff
2025-11-08 13:12:32 [INFO] [run_textract] 🪄 Started Textract job for loan1.pdf: efaea4a3a162c066770c6ea6968cb4e90233cc1bda2dcb43ccb5278ce409f4a2
2025-11-08 13:12:32 [INFO] [run_textract] 🪄 Started Textract job for loan2.pdf: c4d8b80891f1a07111a2bb095c0386afac9e05b758fac1722a54d776fb3d2e84
2025-11-08 13:12:32 [INFO] [run_textract] 🪄 Started Textract job for loan3.pdf: fc03feaa58c7228fc353c31ee217dcb4f8e8cbae94d204c2f74f8a324c1337ad
2025-11-08 13:12:33 [INFO] [run_textract] 🪄 Started Textract job for pl_agreement.pdf: 3efcf780a4344d878dcb9426413ef403f41277d3bfc529c783a4c2f115b8dc75
2025-11-08 13:12:33 [INFO] [run_textract] 🪄 Started Textract job for specimen-agreement.pdf: 9fa3d8b22a7acd4bb217bbec9a92add46f177e196a3682e6850d0c9e08ffca09
2025-11-08 13:12:33 [INFO] [run_textract] ⏳ Waiting for Textract job to finish for Personal-Loan-Agreement.pdf (status=IN_PROGRESS)
2025-11-08 13:12:34 [INFO] [run_textract] ⏳ Waiting for Textract job to finish for form_centre_showcase_personal_loan_form.pdf (status=IN_PROGRESS)
2025-11-08 13:12:34 [INFO] [run_textract] ⏳ Waiting for Textract job to finish for gss-term-loan-agreement-ccd-5.pdf (status=IN_PROGRESS)
2025-11-08 13:12:34 [INFO] [run_textract] 📄 Retrieved page 1 (61 blocks)
2025-11-08 13:12:34 [INFO] [run_textract] ✅ Total blocks retrieved: 61 across 1 pages
2025-11-08 13:12:34 [INFO] [run_textract] ✅ Saved Textract output: C:\Users\HP\OneDrive\Desktop\doc-understand\data\aws_extraction_data\raw\home_loan_001_raw.json
2025-11-08 13:12:34 [INFO] [run_textract] ⏳ Waiting for Textract job to finish for loan1.pdf (status=IN_PROGRESS)
2025-11-08 13:12:35 [INFO] [run_textract] ⏳ Waiting for Textract job to finish for loan2.pdf (status=IN_PROGRESS)
2025-11-08 13:12:35 [INFO] [run_textract] ⏳ Waiting for Textract job to finish for loan3.pdf (status=IN_PROGRESS)
2025-11-08 13:12:35 [INFO] [run_textract] ⏳ Waiting for Textract job to finish for pl_agreement.pdf (status=IN_PROGRESS)
2025-11-08 13:12:35 [INFO] [run_textract] ⏳ Waiting for Textract job to finish for specimen-agreement.pdf (status=IN_PROGRESS)
2025-11-08 13:12:42 [INFO] [run_textract] 📄 Retrieved page 1 (1000 blocks)
2025-11-08 13:12:43 [INFO] [run_textract] 📄 Retrieved page 2 (134 blocks)
2025-11-08 13:12:43 [INFO] [run_textract] ✅ Total blocks retrieved: 1134 across 2 pages
2025-11-08 13:12:43 [INFO] [run_textract] ✅ Saved Textract output: C:\Users\HP\OneDrive\Desktop\doc-understand\data\aws_extraction_data\raw\Personal-Loan-Agreement_raw.json
2025-11-08 13:12:46 [INFO] [run_textract] 📄 Retrieved page 1 (1000 blocks)
2025-11-08 13:12:49 [INFO] [run_textract] 📄 Retrieved page 2 (1000 blocks)
2025-11-08 13:12:53 [INFO] [run_textract] 📄 Retrieved page 3 (1000 blocks)
2025-11-08 13:12:56 [INFO] [run_textract] 📄 Retrieved page 4 (1000 blocks)
2025-11-08 13:12:57 [INFO] [run_textract] 📄 Retrieved page 5 (174 blocks)
2025-11-08 13:12:57 [INFO] [run_textract] ✅ Total blocks retrieved: 4174 across 5 pages
2025-11-08 13:12:58 [INFO] [run_textract] ✅ Saved Textract output: C:\Users\HP\OneDrive\Desktop\doc-understand\data\aws_extraction_data\raw\form_centre_showcase_personal_loan_form_raw.json
2025-11-08 13:13:02 [INFO] [run_textract] 📄 Retrieved page 1 (1000 blocks)
2025-11-08 13:13:04 [INFO] [run_textract] 📄 Retrieved page 2 (1000 blocks)
2025-11-08 13:13:07 [INFO] [run_textract] 📄 Retrieved page 3 (1000 blocks)
2025-11-08 13:13:11 [INFO] [run_textract] 📄 Retrieved page 4 (1000 blocks)
2025-11-08 13:13:15 [INFO] [run_textract] 📄 Retrieved page 5 (1000 blocks)
2025-11-08 13:13:17 [INFO] [run_textract] 📄 Retrieved page 6 (1000 blocks)
2025-11-08 13:13:19 [INFO] [run_textract] 📄 Retrieved page 7 (1000 blocks)
2025-11-08 13:13:21 [INFO] [run_textract] 📄 Retrieved page 8 (1000 blocks)
2025-11-08 13:13:23 [INFO] [run_textract] 📄 Retrieved page 9 (1000 blocks)
2025-11-08 13:13:26 [INFO] [run_textract] 📄 Retrieved page 10 (1000 blocks)
2025-11-08 13:13:28 [INFO] [run_textract] 📄 Retrieved page 11 (563 blocks)
2025-11-08 13:13:28 [INFO] [run_textract] ✅ Total blocks retrieved: 10563 across 11 pages
2025-11-08 13:13:29 [INFO] [run_textract] ✅ Saved Textract output: C:\Users\HP\OneDrive\Desktop\doc-understand\data\aws_extraction_data\raw\gss-term-loan-agreement-ccd-5_raw.json
2025-11-08 13:13:31 [INFO] [run_textract] 📄 Retrieved page 1 (1000 blocks)
2025-11-08 13:13:33 [INFO] [run_textract] 📄 Retrieved page 2 (1000 blocks)
2025-11-08 13:13:35 [INFO] [run_textract] 📄 Retrieved page 3 (299 blocks)
2025-11-08 13:13:35 [INFO] [run_textract] ✅ Total blocks retrieved: 2299 across 3 pages
2025-11-08 13:13:35 [INFO] [run_textract] ✅ Saved Textract output: C:\Users\HP\OneDrive\Desktop\doc-understand\data\aws_extraction_data\raw\loan1_raw.json
2025-11-08 13:13:37 [INFO] [run_textract] 📄 Retrieved page 1 (1000 blocks)
2025-11-08 13:13:39 [INFO] [run_textract] 📄 Retrieved page 2 (1000 blocks)
2025-11-08 13:13:40 [INFO] [run_textract] 📄 Retrieved page 3 (797 blocks)
2025-11-08 13:13:40 [INFO] [run_textract] ✅ Total blocks retrieved: 2797 across 3 pages
2025-11-08 13:13:41 [INFO] [run_textract] ✅ Saved Textract output: C:\Users\HP\OneDrive\Desktop\doc-understand\data\aws_extraction_data\raw\loan2_raw.json
2025-11-08 13:13:43 [INFO] [run_textract] 📄 Retrieved page 1 (1000 blocks)
2025-11-08 13:13:45 [INFO] [run_textract] 📄 Retrieved page 2 (1000 blocks)
2025-11-08 13:13:47 [INFO] [run_textract] 📄 Retrieved page 3 (1000 blocks)
2025-11-08 13:13:50 [INFO] [run_textract] 📄 Retrieved page 4 (1000 blocks)
2025-11-08 13:13:52 [INFO] [run_textract] 📄 Retrieved page 5 (1000 blocks)
2025-11-08 13:13:56 [INFO] [run_textract] 📄 Retrieved page 6 (1000 blocks)
2025-11-08 13:14:00 [INFO] [run_textract] 📄 Retrieved page 7 (1000 blocks)
2025-11-08 13:14:03 [INFO] [run_textract] 📄 Retrieved page 8 (1000 blocks)
2025-11-08 13:14:07 [INFO] [run_textract] 📄 Retrieved page 9 (1000 blocks)
2025-11-08 13:14:10 [INFO] [run_textract] 📄 Retrieved page 10 (881 blocks)
2025-11-08 13:14:10 [INFO] [run_textract] ✅ Total blocks retrieved: 9881 across 10 pages
2025-11-08 13:14:11 [INFO] [run_textract] ✅ Saved Textract output: C:\Users\HP\OneDrive\Desktop\doc-understand\data\aws_extraction_data\raw\loan3_raw.json
2025-11-08 13:14:16 [INFO] [run_textract] 📄 Retrieved page 1 (1000 blocks)
2025-11-08 13:14:20 [INFO] [run_textract] 📄 Retrieved page 2 (1000 blocks)
2025-11-08 13:14:23 [INFO] [run_textract] 📄 Retrieved page 3 (1000 blocks)
2025-11-08 13:14:27 [INFO] [run_textract] 📄 Retrieved page 4 (1000 blocks)
2025-11-08 13:14:30 [INFO] [run_textract] 📄 Retrieved page 5 (1000 blocks)
2025-11-08 13:14:33 [INFO] [run_textract] 📄 Retrieved page 6 (1000 blocks)
2025-11-08 13:14:36 [INFO] [run_textract] 📄 Retrieved page 7 (1000 blocks)
2025-11-08 13:14:38 [INFO] [run_textract] 📄 Retrieved page 8 (1000 blocks)
2025-11-08 13:14:41 [INFO] [run_textract] 📄 Retrieved page 9 (1000 blocks)
2025-11-08 13:14:43 [INFO] [run_textract] 📄 Retrieved page 10 (1000 blocks)
2025-11-08 13:14:47 [INFO] [run_textract] 📄 Retrieved page 11 (1000 blocks)
2025-11-08 13:14:48 [INFO] [run_textract] 📄 Retrieved page 12 (234 blocks)
2025-11-08 13:14:48 [INFO] [run_textract] ✅ Total blocks retrieved: 11234 across 12 pages
2025-11-08 13:14:50 [INFO] [run_textract] ✅ Saved Textract output: C:\Users\HP\OneDrive\Desktop\doc-understand\data\aws_extraction_data\raw\pl_agreement_raw.json
2025-11-08 13:14:53 [INFO] [run_textract] 📄 Retrieved page 1 (1000 blocks)
2025-11-08 13:14:54 [INFO] [run_textract] 📄 Retrieved page 2 (1000 blocks)
2025-11-08 13:14:56 [INFO] [run_textract] 📄 Retrieved page 3 (1000 blocks)
2025-11-08 13:14:58 [INFO] [run_textract] 📄 Retrieved page 4 (1000 blocks)
2025-11-08 13:15:01 [INFO] [run_textract] 📄 Retrieved page 5 (1000 blocks)
2025-11-08 13:15:02 [INFO] [run_textract] 📄 Retrieved page 6 (407 blocks)
2025-11-08 13:15:02 [INFO] [run_textract] ✅ Total blocks retrieved: 5407 across 6 pages
2025-11-08 13:15:03 [INFO] [run_textract] ✅ Saved Textract output: C:\Users\HP\OneDrive\Desktop\doc-understand\data\aws_extraction_data\raw\specimen-agreement_raw.json
2025-11-08 13:15:08 [INFO] [run_textract] ✅ Completed Textract for 9 files.
2025-11-08 14:23:45 [INFO] [run_textract] ⚡ Skipping Personal-Loan-Agreement.pdf (already processed).
2025-11-08 14:23:45 [INFO] [run_textract] ⚡ Skipping form_centre_showcase_personal_loan_form.pdf (already processed).
2025-11-08 14:23:45 [INFO] [run_textract] ⚡ Skipping gss-term-loan-agreement-ccd-5.pdf (already processed).
2025-11-08 14:23:45 [INFO] [run_textract] ⚡ Skipping home_loan_001.pdf (already processed).
2025-11-08 14:23:45 [INFO] [run_textract] ⚡ Skipping loan1.pdf (already processed).
2025-11-08 14:23:45 [INFO] [run_textract] ⚡ Skipping loan2.pdf (already processed).
2025-11-08 14:23:45 [INFO] [run_textract] ⚡ Skipping loan3.pdf (already processed).
2025-11-08 14:23:45 [INFO] [run_textract] ⚡ Skipping pl_agreement.pdf (already processed).
2025-11-08 14:23:45 [INFO] [run_textract] ⚡ Skipping specimen-agreement.pdf (already processed).
2025-11-08 14:23:45 [WARNING] [run_textract] ⚠️ No new PDFs to process.
2025-11-08 14:24:28 [INFO] [run_textract] ⚡ Skipping Personal-Loan-Agreement.pdf (already processed).
2025-11-08 14:24:28 [INFO] [run_textract] ⚡ Skipping form_centre_showcase_personal_loan_form.pdf (already processed).
2025-11-08 14:24:28 [INFO] [run_textract] ⚡ Skipping gss-term-loan-agreement-ccd-5.pdf (already processed).
2025-11-08 14:24:30 [INFO] [run_textract] 🪄 Started Textract job for home_loan_001.pdf: d30a7a1612f9ca9136d816e4221b5eb22954c6cc3a51711d776f1f90b34cc7b1
2025-11-08 14:24:30 [INFO] [run_textract] ⚡ Skipping loan1.pdf (already processed).
2025-11-08 14:24:30 [INFO] [run_textract] ⚡ Skipping loan2.pdf (already processed).
2025-11-08 14:24:30 [INFO] [run_textract] ⚡ Skipping loan3.pdf (already processed).
2025-11-08 14:24:30 [INFO] [run_textract] ⚡ Skipping pl_agreement.pdf (already processed).
2025-11-08 14:24:30 [INFO] [run_textract] ⚡ Skipping specimen-agreement.pdf (already processed).
2025-11-08 14:24:30 [INFO] [run_textract] ⏳ Waiting for Textract job to finish for home_loan_001.pdf (status=IN_PROGRESS)
2025-11-08 14:24:35 [INFO] [run_textract] ⏳ Waiting for Textract job to finish for home_loan_001.pdf (status=IN_PROGRESS)
2025-11-08 14:24:40 [INFO] [run_textract] 📄 Retrieved page 1 (61 blocks)
2025-11-08 14:24:40 [INFO] [run_textract] ✅ Total blocks retrieved: 61 across 1 pages
2025-11-08 14:24:40 [INFO] [run_textract] ✅ Saved Textract output: C:\Users\HP\OneDrive\Desktop\doc-understand\data\aws_extraction_data\raw\home_loan_001_raw.json
2025-11-08 14:24:45 [INFO] [run_textract] ✅ Completed Textract for 1 files.
2025-11-08 14:27:57 [INFO] [run_textract] ⚡ Skipping Personal-Loan-Agreement.pdf (already processed).
2025-11-08 14:27:57 [INFO] [run_textract] ⚡ Skipping form_centre_showcase_personal_loan_form.pdf (already processed).
2025-11-08 14:27:57 [INFO] [run_textract] ⚡ Skipping gss-term-loan-agreement-ccd-5.pdf (already processed).
2025-11-08 14:27:57 [INFO] [run_textract] ⚡ Skipping home_loan_001.pdf (already processed).
2025-11-08 14:27:58 [INFO] [run_textract] ⚡ Skipping loan1.pdf (already processed).
2025-11-08 14:27:58 [INFO] [run_textract] ⚡ Skipping loan2.pdf (already processed).
2025-11-08 14:27:58 [INFO] [run_textract] ⚡ Skipping loan3.pdf (already processed).
2025-11-08 14:27:58 [INFO] [run_textract] ⚡ Skipping pl_agreement.pdf (already processed).
2025-11-08 14:27:58 [INFO] [run_textract] ⚡ Skipping specimen-agreement.pdf (already processed).
2025-11-08 14:27:58 [WARNING] [run_textract] ⚠️ No new PDFs to process.
2025-11-15 22:20:32 [INFO] [run_textract] Skipping docs/Personal-Loan-Agreement.pdf (already processed).
2025-11-15 22:20:32 [INFO] [run_textract] Skipping docs/form_centre_showcase_personal_loan_form.pdf (already processed).
2025-11-15 22:20:32 [INFO] [run_textract] Skipping docs/gss-term-loan-agreement-ccd-5.pdf (already processed).
2025-11-15 22:20:32 [INFO] [run_textract] Skipping docs/home_loan_001.pdf (already processed).
2025-11-15 22:20:32 [INFO] [run_textract] Skipping docs/loan1.pdf (already processed).
2025-11-15 22:20:32 [INFO] [run_textract] Skipping docs/loan2.pdf (already processed).
2025-11-15 22:20:32 [INFO] [run_textract] Skipping docs/loan3.pdf (already processed).
2025-11-15 22:20:32 [INFO] [run_textract] Skipping docs/pl_agreement.pdf (already processed).
2025-11-15 22:20:32 [INFO] [run_textract] Skipping docs/specimen-agreement.pdf (already processed).
2025-11-15 22:20:32 [WARNING] [run_textract] No new PDFs to process.
2025-11-15 22:22:42 [INFO] [run_textract] Started Textract job for docs/Personal-Loan-Agreement.pdf: f3ac0f721cb8e6a0732484c015684b0f8718e4e04101c01bafe14c14e46e2ff5
2025-11-15 22:22:42 [INFO] [run_textract] Skipping docs/form_centre_showcase_personal_loan_form.pdf (already processed).
2025-11-15 22:22:42 [INFO] [run_textract] Skipping docs/gss-term-loan-agreement-ccd-5.pdf (already processed).
2025-11-15 22:22:42 [INFO] [run_textract] Skipping docs/home_loan_001.pdf (already processed).
2025-11-15 22:22:42 [INFO] [run_textract] Skipping docs/loan1.pdf (already processed).
2025-11-15 22:22:42 [INFO] [run_textract] Skipping docs/loan2.pdf (already processed).
2025-11-15 22:22:42 [INFO] [run_textract] Skipping docs/loan3.pdf (already processed).
2025-11-15 22:22:42 [INFO] [run_textract] Skipping docs/pl_agreement.pdf (already processed).
2025-11-15 22:22:42 [INFO] [run_textract] Skipping docs/specimen-agreement.pdf (already processed).
2025-11-15 22:22:42 [INFO] [run_textract] Waiting for Textract job to finish for docs/Personal-Loan-Agreement.pdf (status=IN_PROGRESS)
2025-11-15 22:22:47 [INFO] [run_textract] Waiting for Textract job to finish for docs/Personal-Loan-Agreement.pdf (status=IN_PROGRESS)
2025-11-15 22:22:52 [INFO] [run_textract] Waiting for Textract job to finish for docs/Personal-Loan-Agreement.pdf (status=IN_PROGRESS)
2025-11-15 22:22:58 [INFO] [run_textract] Retrieved page 1 (1000 blocks)
2025-11-15 22:22:59 [INFO] [run_textract] Retrieved page 2 (134 blocks)
2025-11-15 22:22:59 [INFO] [run_textract] Total blocks retrieved: 1134 across 2 pages
2025-11-15 22:22:59 [INFO] [run_textract] Saved Textract output: C:\Users\HP\OneDrive\Desktop\doc-understand\data\aws_extraction_data\raw\Personal-Loan-Agreement_raw.json
2025-11-15 22:23:04 [INFO] [run_textract] Completed Textract for 1 files.
2025-11-15 22:33:25 [INFO] [run_textract] Skipping docs/Personal-Loan-Agreement.pdf (already processed).
2025-11-15 22:33:25 [INFO] [run_textract] Skipping docs/form_centre_showcase_personal_loan_form.pdf (already processed).
2025-11-15 22:33:25 [INFO] [run_textract] Skipping docs/gss-term-loan-agreement-ccd-5.pdf (already processed).
2025-11-15 22:33:25 [INFO] [run_textract] Skipping docs/home_loan_001.pdf (already processed).
2025-11-15 22:33:25 [INFO] [run_textract] Skipping docs/loan1.pdf (already processed).
2025-11-15 22:33:25 [INFO] [run_textract] Skipping docs/loan2.pdf (already processed).
2025-11-15 22:33:25 [INFO] [run_textract] Skipping docs/loan3.pdf (already processed).
2025-11-15 22:33:25 [INFO] [run_textract] Skipping docs/pl_agreement.pdf (already processed).
2025-11-15 22:33:25 [INFO] [run_textract] Skipping docs/specimen-agreement.pdf (already processed).
2025-11-15 22:33:25 [WARNING] [run_textract] No new PDFs to process.
2025-11-15 22:49:00 [INFO] [run_textract] JSON exists but TXT missing for docs/Personal-Loan-Agreement.pdf. Building TXT from existing JSON.
2025-11-15 22:49:01 [INFO] [run_textract] Wrote TXT file from existing JSON: C:\Users\HP\OneDrive\Desktop\doc-understand\data\aws_extraction_data\raw_text\Personal-Loan-Agreement_raw.txt
2025-11-15 22:49:01 [INFO] [run_textract] JSON exists but TXT missing for docs/form_centre_showcase_personal_loan_form.pdf. Building TXT from existing JSON.
2025-11-15 22:49:01 [INFO] [run_textract] Wrote TXT file from existing JSON: C:\Users\HP\OneDrive\Desktop\doc-understand\data\aws_extraction_data\raw_text\form_centre_showcase_personal_loan_form_raw.txt
2025-11-15 22:49:01 [INFO] [run_textract] JSON exists but TXT missing for docs/gss-term-loan-agreement-ccd-5.pdf. Building TXT from existing JSON.
2025-11-15 22:49:01 [INFO] [run_textract] Wrote TXT file from existing JSON: C:\Users\HP\OneDrive\Desktop\doc-understand\data\aws_extraction_data\raw_text\gss-term-loan-agreement-ccd-5_raw.txt
2025-11-15 22:49:01 [INFO] [run_textract] JSON exists but TXT missing for docs/home_loan_001.pdf. Building TXT from existing JSON.
2025-11-15 22:49:01 [INFO] [run_textract] Wrote TXT file from existing JSON: C:\Users\HP\OneDrive\Desktop\doc-understand\data\aws_extraction_data\raw_text\home_loan_001_raw.txt
2025-11-15 22:49:01 [INFO] [run_textract] JSON exists but TXT missing for docs/loan1.pdf. Building TXT from existing JSON.
2025-11-15 22:49:01 [INFO] [run_textract] Wrote TXT file from existing JSON: C:\Users\HP\OneDrive\Desktop\doc-understand\data\aws_extraction_data\raw_text\loan1_raw.txt
2025-11-15 22:49:01 [INFO] [run_textract] JSON exists but TXT missing for docs/loan2.pdf. Building TXT from existing JSON.
2025-11-15 22:49:01 [INFO] [run_textract] Wrote TXT file from existing JSON: C:\Users\HP\OneDrive\Desktop\doc-understand\data\aws_extraction_data\raw_text\loan2_raw.txt
2025-11-15 22:49:01 [INFO] [run_textract] JSON exists but TXT missing for docs/loan3.pdf. Building TXT from existing JSON.
2025-11-15 22:49:02 [INFO] [run_textract] Wrote TXT file from existing JSON: C:\Users\HP\OneDrive\Desktop\doc-understand\data\aws_extraction_data\raw_text\loan3_raw.txt
2025-11-15 22:49:02 [INFO] [run_textract] JSON exists but TXT missing for docs/pl_agreement.pdf. Building TXT from existing JSON.
2025-11-15 22:49:02 [INFO] [run_textract] Wrote TXT file from existing JSON: C:\Users\HP\OneDrive\Desktop\doc-understand\data\aws_extraction_data\raw_text\pl_agreement_raw.txt
2025-11-15 22:49:02 [INFO] [run_textract] JSON exists but TXT missing for docs/specimen-agreement.pdf. Building TXT from existing JSON.
2025-11-15 22:49:02 [INFO] [run_textract] Wrote TXT file from existing JSON: C:\Users\HP\OneDrive\Desktop\doc-understand\data\aws_extraction_data\raw_text\specimen-agreement_raw.txt
2025-11-15 22:49:02 [INFO] [run_textract] No new Textract jobs needed; all PDFs already have JSON/TXT.
2025-11-16 02:11:01 [INFO] [run_textract] Skipping docs/Personal-Loan-Agreement.pdf (JSON and TXT already exist).
2025-11-16 02:11:01 [INFO] [run_textract] Skipping docs/form_centre_showcase_personal_loan_form.pdf (JSON and TXT already exist).
2025-11-16 02:11:01 [INFO] [run_textract] Skipping docs/gss-term-loan-agreement-ccd-5.pdf (JSON and TXT already exist).
2025-11-16 02:11:01 [INFO] [run_textract] Skipping docs/home_loan_001.pdf (JSON and TXT already exist).
2025-11-16 02:11:01 [INFO] [run_textract] Skipping docs/loan1.pdf (JSON and TXT already exist).
2025-11-16 02:11:01 [INFO] [run_textract] Skipping docs/loan2.pdf (JSON and TXT already exist).
2025-11-16 02:11:01 [INFO] [run_textract] Skipping docs/loan3.pdf (JSON and TXT already exist).
2025-11-16 02:11:01 [INFO] [run_textract] Skipping docs/pl_agreement.pdf (JSON and TXT already exist).
2025-11-16 02:11:01 [INFO] [run_textract] Skipping docs/specimen-agreement.pdf (JSON and TXT already exist).
2025-11-16 02:11:01 [INFO] [run_textract] No new Textract jobs needed; all PDFs already have JSON/TXT.
2025-11-16 02:53:47 [INFO] [run_textract] Starting Textract for: user_uploads\loan1.pdf
2025-11-16 02:53:48 [WARNING] [run_textract] Unexpected error, retrying in 5s: An error occurred (InvalidS3ObjectException) when calling the StartDocumentTextDetection operation: Unable to get object metadata from S3. Check object key, region and/or access permissions.
2025-11-16 02:53:54 [WARNING] [run_textract] Unexpected error, retrying in 5s: An error occurred (InvalidS3ObjectException) when calling the StartDocumentTextDetection operation: Unable to get object metadata from S3. Check object key, region and/or access permissions.
2025-11-16 02:54:00 [WARNING] [run_textract] Unexpected error, retrying in 5s: An error occurred (InvalidS3ObjectException) when calling the StartDocumentTextDetection operation: Unable to get object metadata from S3. Check object key, region and/or access permissions.
2025-11-16 02:54:06 [WARNING] [run_textract] Unexpected error, retrying in 5s: An error occurred (InvalidS3ObjectException) when calling the StartDocumentTextDetection operation: Unable to get object metadata from S3. Check object key, region and/or access permissions.
2025-11-16 02:54:12 [WARNING] [run_textract] Unexpected error, retrying in 5s: An error occurred (InvalidS3ObjectException) when calling the StartDocumentTextDetection operation: Unable to get object metadata from S3. Check object key, region and/or access permissions.
2025-11-16 02:54:17 [ERROR] [run_textract] Error running Textract for user_uploads\loan1.pdf: Failed to connect to Textract after multiple attempts.
Traceback (most recent call last):
  File "c:\Users\HP\OneDrive\Desktop\doc-understand\scripts\aws_extraction_scripts\run_textract.py", line 164, in run_textract_for_pdf_to_dirs
    start_response = safe_textract_call(
                     ^^^^^^^^^^^^^^^^^^^
  File "c:\Users\HP\OneDrive\Desktop\doc-understand\scripts\aws_extraction_scripts\run_textract.py", line 97, in safe_textract_call
    raise Exception("Failed to connect to Textract after multiple attempts.")
Exception: Failed to connect to Textract after multiple attempts.
2025-11-16 02:55:13 [INFO] [run_textract] Starting Textract for: user_uploads\loan1.pdf
2025-11-16 02:55:14 [WARNING] [run_textract] Unexpected error, retrying in 5s: An error occurred (InvalidS3ObjectException) when calling the StartDocumentTextDetection operation: Unable to get object metadata from S3. Check object key, region and/or access permissions.
2025-11-16 02:55:20 [WARNING] [run_textract] Unexpected error, retrying in 5s: An error occurred (InvalidS3ObjectException) when calling the StartDocumentTextDetection operation: Unable to get object metadata from S3. Check object key, region and/or access permissions.
2025-11-16 02:55:26 [WARNING] [run_textract] Unexpected error, retrying in 5s: An error occurred (InvalidS3ObjectException) when calling the StartDocumentTextDetection operation: Unable to get object metadata from S3. Check object key, region and/or access permissions.
2025-11-16 02:55:31 [WARNING] [run_textract] Unexpected error, retrying in 5s: An error occurred (InvalidS3ObjectException) when calling the StartDocumentTextDetection operation: Unable to get object metadata from S3. Check object key, region and/or access permissions.
2025-11-16 02:55:37 [WARNING] [run_textract] Unexpected error, retrying in 5s: An error occurred (InvalidS3ObjectException) when calling the StartDocumentTextDetection operation: Unable to get object metadata from S3. Check object key, region and/or access permissions.
2025-11-16 02:55:43 [ERROR] [run_textract] Error running Textract for user_uploads\loan1.pdf: Failed to connect to Textract after multiple attempts.
Traceback (most recent call last):
  File "c:\Users\HP\OneDrive\Desktop\doc-understand\scripts\aws_extraction_scripts\run_textract.py", line 164, in run_textract_for_pdf_to_dirs
    start_response = safe_textract_call(
                     ^^^^^^^^^^^^^^^^^^^
  File "c:\Users\HP\OneDrive\Desktop\doc-understand\scripts\aws_extraction_scripts\run_textract.py", line 97, in safe_textract_call
    raise Exception("Failed to connect to Textract after multiple attempts.")
Exception: Failed to connect to Textract after multiple attempts.
2025-11-16 02:56:27 [INFO] [run_textract] Starting Textract for: user_uploads\loan1.pdf
2025-11-16 02:56:28 [WARNING] [run_textract] Unexpected error, retrying in 5s: An error occurred (InvalidS3ObjectException) when calling the StartDocumentTextDetection operation: Unable to get object metadata from S3. Check object key, region and/or access permissions.
2025-11-16 02:56:33 [WARNING] [run_textract] Unexpected error, retrying in 5s: An error occurred (InvalidS3ObjectException) when calling the StartDocumentTextDetection operation: Unable to get object metadata from S3. Check object key, region and/or access permissions.
2025-11-16 02:56:39 [WARNING] [run_textract] Unexpected error, retrying in 5s: An error occurred (InvalidS3ObjectException) when calling the StartDocumentTextDetection operation: Unable to get object metadata from S3. Check object key, region and/or access permissions.
2025-11-16 02:56:45 [WARNING] [run_textract] Unexpected error, retrying in 5s: An error occurred (InvalidS3ObjectException) when calling the StartDocumentTextDetection operation: Unable to get object metadata from S3. Check object key, region and/or access permissions.
2025-11-16 02:56:51 [WARNING] [run_textract] Unexpected error, retrying in 5s: An error occurred (InvalidS3ObjectException) when calling the StartDocumentTextDetection operation: Unable to get object metadata from S3. Check object key, region and/or access permissions.
2025-11-16 02:56:56 [ERROR] [run_textract] Error running Textract for user_uploads\loan1.pdf: Failed to connect to Textract after multiple attempts.
Traceback (most recent call last):
  File "c:\Users\HP\OneDrive\Desktop\doc-understand\scripts\aws_extraction_scripts\run_textract.py", line 164, in run_textract_for_pdf_to_dirs
    start_response = safe_textract_call(
                     ^^^^^^^^^^^^^^^^^^^
  File "c:\Users\HP\OneDrive\Desktop\doc-understand\scripts\aws_extraction_scripts\run_textract.py", line 97, in safe_textract_call
    raise Exception("Failed to connect to Textract after multiple attempts.")
Exception: Failed to connect to Textract after multiple attempts.
2025-11-16 03:02:07 [INFO] [run_textract] Starting Textract for: user_uploads\Personal-Loan-Agreement - Copy.pdf
2025-11-16 03:02:08 [WARNING] [run_textract] Unexpected error, retrying in 5s: An error occurred (InvalidS3ObjectException) when calling the StartDocumentTextDetection operation: Unable to get object metadata from S3. Check object key, region and/or access permissions.
2025-11-16 03:02:13 [WARNING] [run_textract] Unexpected error, retrying in 5s: An error occurred (InvalidS3ObjectException) when calling the StartDocumentTextDetection operation: Unable to get object metadata from S3. Check object key, region and/or access permissions.
2025-11-16 03:02:19 [WARNING] [run_textract] Unexpected error, retrying in 5s: An error occurred (InvalidS3ObjectException) when calling the StartDocumentTextDetection operation: Unable to get object metadata from S3. Check object key, region and/or access permissions.
2025-11-16 03:02:25 [WARNING] [run_textract] Unexpected error, retrying in 5s: An error occurred (InvalidS3ObjectException) when calling the StartDocumentTextDetection operation: Unable to get object metadata from S3. Check object key, region and/or access permissions.
2025-11-16 03:02:31 [WARNING] [run_textract] Unexpected error, retrying in 5s: An error occurred (InvalidS3ObjectException) when calling the StartDocumentTextDetection operation: Unable to get object metadata from S3. Check object key, region and/or access permissions.
2025-11-16 03:02:36 [ERROR] [run_textract] Error running Textract for user_uploads\Personal-Loan-Agreement - Copy.pdf: Failed to connect to Textract after multiple attempts.
Traceback (most recent call last):
  File "c:\Users\HP\OneDrive\Desktop\doc-understand\scripts\aws_extraction_scripts\run_textract.py", line 164, in run_textract_for_pdf_to_dirs
    start_response = safe_textract_call(
                     ^^^^^^^^^^^^^^^^^^^
  File "c:\Users\HP\OneDrive\Desktop\doc-understand\scripts\aws_extraction_scripts\run_textract.py", line 97, in safe_textract_call
    raise Exception("Failed to connect to Textract after multiple attempts.")
Exception: Failed to connect to Textract after multiple attempts.
2025-11-16 03:05:47 [INFO] [run_textract] Starting Textract for: user_uploads\Personal-Loan-Agreement - Copy.pdf
2025-11-16 03:05:48 [WARNING] [run_textract] Unexpected error, retrying in 5s: An error occurred (InvalidS3ObjectException) when calling the StartDocumentTextDetection operation: Unable to get object metadata from S3. Check object key, region and/or access permissions.
2025-11-16 03:05:54 [WARNING] [run_textract] Unexpected error, retrying in 5s: An error occurred (InvalidS3ObjectException) when calling the StartDocumentTextDetection operation: Unable to get object metadata from S3. Check object key, region and/or access permissions.
2025-11-16 03:06:00 [WARNING] [run_textract] Unexpected error, retrying in 5s: An error occurred (InvalidS3ObjectException) when calling the StartDocumentTextDetection operation: Unable to get object metadata from S3. Check object key, region and/or access permissions.
2025-11-16 03:06:05 [WARNING] [run_textract] Unexpected error, retrying in 5s: An error occurred (InvalidS3ObjectException) when calling the StartDocumentTextDetection operation: Unable to get object metadata from S3. Check object key, region and/or access permissions.
2025-11-16 03:06:11 [WARNING] [run_textract] Unexpected error, retrying in 5s: An error occurred (InvalidS3ObjectException) when calling the StartDocumentTextDetection operation: Unable to get object metadata from S3. Check object key, region and/or access permissions.
2025-11-16 03:06:16 [ERROR] [run_textract] Error running Textract for user_uploads\Personal-Loan-Agreement - Copy.pdf: Failed to connect to Textract after multiple attempts.
Traceback (most recent call last):
  File "c:\Users\HP\OneDrive\Desktop\doc-understand\scripts\aws_extraction_scripts\run_textract.py", line 164, in run_textract_for_pdf_to_dirs
    start_response = safe_textract_call(
                     ^^^^^^^^^^^^^^^^^^^
  File "c:\Users\HP\OneDrive\Desktop\doc-understand\scripts\aws_extraction_scripts\run_textract.py", line 97, in safe_textract_call
    raise Exception("Failed to connect to Textract after multiple attempts.")
Exception: Failed to connect to Textract after multiple attempts.
2025-11-16 03:06:20 [INFO] [run_textract] Starting Textract for: user_uploads\Personal-Loan-Agreement - Copy.pdf
2025-11-16 03:06:21 [WARNING] [run_textract] Unexpected error, retrying in 5s: An error occurred (InvalidS3ObjectException) when calling the StartDocumentTextDetection operation: Unable to get object metadata from S3. Check object key, region and/or access permissions.
2025-11-16 03:06:27 [WARNING] [run_textract] Unexpected error, retrying in 5s: An error occurred (InvalidS3ObjectException) when calling the StartDocumentTextDetection operation: Unable to get object metadata from S3. Check object key, region and/or access permissions.
2025-11-16 03:06:33 [WARNING] [run_textract] Unexpected error, retrying in 5s: An error occurred (InvalidS3ObjectException) when calling the StartDocumentTextDetection operation: Unable to get object metadata from S3. Check object key, region and/or access permissions.
2025-11-16 03:06:38 [WARNING] [run_textract] Unexpected error, retrying in 5s: An error occurred (InvalidS3ObjectException) when calling the StartDocumentTextDetection operation: Unable to get object metadata from S3. Check object key, region and/or access permissions.
2025-11-16 03:06:44 [WARNING] [run_textract] Unexpected error, retrying in 5s: An error occurred (InvalidS3ObjectException) when calling the StartDocumentTextDetection operation: Unable to get object metadata from S3. Check object key, region and/or access permissions.
2025-11-16 03:06:49 [ERROR] [run_textract] Error running Textract for user_uploads\Personal-Loan-Agreement - Copy.pdf: Failed to connect to Textract after multiple attempts.
Traceback (most recent call last):
  File "c:\Users\HP\OneDrive\Desktop\doc-understand\scripts\aws_extraction_scripts\run_textract.py", line 164, in run_textract_for_pdf_to_dirs
    start_response = safe_textract_call(
                     ^^^^^^^^^^^^^^^^^^^
  File "c:\Users\HP\OneDrive\Desktop\doc-understand\scripts\aws_extraction_scripts\run_textract.py", line 97, in safe_textract_call
    raise Exception("Failed to connect to Textract after multiple attempts.")
Exception: Failed to connect to Textract after multiple attempts.
2025-11-16 03:18:12 [INFO] [run_textract] Starting Textract for: user_uploads\Personal-Loan-Agreement - Copy.pdf
2025-11-16 03:18:13 [WARNING] [run_textract] Unexpected error, retrying in 5s: An error occurred (InvalidS3ObjectException) when calling the StartDocumentTextDetection operation: Unable to get object metadata from S3. Check object key, region and/or access permissions.
2025-11-16 03:18:18 [WARNING] [run_textract] Unexpected error, retrying in 5s: An error occurred (InvalidS3ObjectException) when calling the StartDocumentTextDetection operation: Unable to get object metadata from S3. Check object key, region and/or access permissions.
2025-11-16 03:18:24 [WARNING] [run_textract] Unexpected error, retrying in 5s: An error occurred (InvalidS3ObjectException) when calling the StartDocumentTextDetection operation: Unable to get object metadata from S3. Check object key, region and/or access permissions.
2025-11-16 03:18:31 [WARNING] [run_textract] Unexpected error, retrying in 5s: An error occurred (InvalidS3ObjectException) when calling the StartDocumentTextDetection operation: Unable to get object metadata from S3. Check object key, region and/or access permissions.
2025-11-16 03:18:38 [INFO] [run_textract] Skipping docs/Personal-Loan-Agreement.pdf (JSON and TXT already exist).
2025-11-16 03:18:38 [INFO] [run_textract] Skipping docs/form_centre_showcase_personal_loan_form.pdf (JSON and TXT already exist).
2025-11-16 03:18:38 [INFO] [run_textract] Skipping docs/gss-term-loan-agreement-ccd-5.pdf (JSON and TXT already exist).
2025-11-16 03:18:38 [INFO] [run_textract] Skipping docs/home_loan_001.pdf (JSON and TXT already exist).
2025-11-16 03:18:38 [INFO] [run_textract] Skipping docs/loan1.pdf (JSON and TXT already exist).
2025-11-16 03:18:38 [INFO] [run_textract] Skipping docs/loan2.pdf (JSON and TXT already exist).
2025-11-16 03:18:38 [INFO] [run_textract] Skipping docs/loan3.pdf (JSON and TXT already exist).
2025-11-16 03:18:38 [INFO] [run_textract] Skipping docs/pl_agreement.pdf (JSON and TXT already exist).
2025-11-16 03:18:38 [INFO] [run_textract] Skipping docs/specimen-agreement.pdf (JSON and TXT already exist).
2025-11-16 03:18:38 [INFO] [run_textract] No new Textract jobs needed; all PDFs already have JSON/TXT.
2025-11-16 03:25:08 [INFO] [run_textract] Skipping docs/Personal-Loan-Agreement.pdf (JSON and TXT already exist).
2025-11-16 03:25:08 [INFO] [run_textract] Skipping docs/form_centre_showcase_personal_loan_form.pdf (JSON and TXT already exist).
2025-11-16 03:25:08 [INFO] [run_textract] Skipping docs/gss-term-loan-agreement-ccd-5.pdf (JSON and TXT already exist).
2025-11-16 03:25:08 [INFO] [run_textract] Skipping docs/home_loan_001.pdf (JSON and TXT already exist).
2025-11-16 03:25:08 [INFO] [run_textract] Skipping docs/loan1.pdf (JSON and TXT already exist).
2025-11-16 03:25:08 [INFO] [run_textract] Skipping docs/loan2.pdf (JSON and TXT already exist).
2025-11-16 03:25:08 [INFO] [run_textract] Skipping docs/loan3.pdf (JSON and TXT already exist).
2025-11-16 03:25:08 [INFO] [run_textract] Skipping docs/pl_agreement.pdf (JSON and TXT already exist).
2025-11-16 03:25:08 [INFO] [run_textract] Skipping docs/specimen-agreement.pdf (JSON and TXT already exist).
2025-11-16 03:25:08 [INFO] [run_textract] No new Textract jobs needed; all PDFs already have JSON/TXT.
2025-11-16 03:25:19 [INFO] [run_textract] Starting Textract for S3 key: user_uploads/Personal-Loan-Agreement - Copy.pdf
2025-11-16 03:25:20 [INFO] [run_textract] Textract job started: 8fdf4f375f08b97c6d58d1fa101748ca67fa173d36c1edb08d575f47071e542a
2025-11-16 03:25:20 [INFO] [run_textract] Waiting for Textract job to finish for user_uploads/Personal-Loan-Agreement - Copy.pdf (status=IN_PROGRESS)
2025-11-16 03:25:25 [INFO] [run_textract] Waiting for Textract job to finish for user_uploads/Personal-Loan-Agreement - Copy.pdf (status=IN_PROGRESS)
2025-11-16 03:25:31 [INFO] [run_textract] Retrieved page 1 (1000 blocks)
2025-11-16 03:25:32 [INFO] [run_textract] Retrieved page 2 (134 blocks)
2025-11-16 03:25:32 [INFO] [run_textract] Total blocks retrieved: 1134 across 2 pages
2025-11-16 03:25:32 [INFO] [run_textract] Saved Textract JSON: C:\Users\HP\OneDrive\Desktop\doc-understand\data\local_pipeline\sessions\session_cb4bb7a4\raw\Personal-Loan-Agreement - Copy_raw.json and text: C:\Users\HP\OneDrive\Desktop\doc-understand\data\local_pipeline\sessions\session_cb4bb7a4\raw_text\Personal-Loan-Agreement - Copy_raw.txt (blocks=1134)
2025-11-16 03:28:22 [INFO] [run_textract] Skipping docs/Personal-Loan-Agreement.pdf (JSON and TXT already exist).
2025-11-16 03:28:22 [INFO] [run_textract] Skipping docs/form_centre_showcase_personal_loan_form.pdf (JSON and TXT already exist).
2025-11-16 03:28:22 [INFO] [run_textract] Skipping docs/gss-term-loan-agreement-ccd-5.pdf (JSON and TXT already exist).
2025-11-16 03:28:22 [INFO] [run_textract] Skipping docs/home_loan_001.pdf (JSON and TXT already exist).
2025-11-16 03:28:22 [INFO] [run_textract] Skipping docs/loan1.pdf (JSON and TXT already exist).
2025-11-16 03:28:22 [INFO] [run_textract] Skipping docs/loan2.pdf (JSON and TXT already exist).
2025-11-16 03:28:22 [INFO] [run_textract] Skipping docs/loan3.pdf (JSON and TXT already exist).
2025-11-16 03:28:22 [INFO] [run_textract] Skipping docs/pl_agreement.pdf (JSON and TXT already exist).
2025-11-16 03:28:22 [INFO] [run_textract] Skipping docs/specimen-agreement.pdf (JSON and TXT already exist).
2025-11-16 03:28:22 [INFO] [run_textract] No new Textract jobs needed; all PDFs already have JSON/TXT.
2025-11-16 03:32:36 [INFO] [run_textract] Starting Textract for S3 key: user_uploads/Personal-Loan-Agreement - Copy.pdf
2025-11-16 03:32:37 [INFO] [run_textract] Textract job started: fb1c245b7a83e8a82b128a905f7d7ec9d3f5bade38e9bc4aa4f7709f178a91cd
2025-11-16 03:32:37 [INFO] [run_textract] Waiting for Textract job to finish for user_uploads/Personal-Loan-Agreement - Copy.pdf (status=IN_PROGRESS)
2025-11-16 03:32:42 [INFO] [run_textract] Waiting for Textract job to finish for user_uploads/Personal-Loan-Agreement - Copy.pdf (status=IN_PROGRESS)
2025-11-16 03:32:47 [INFO] [run_textract] Retrieved page 1 (1000 blocks)
2025-11-16 03:32:49 [INFO] [run_textract] Retrieved page 2 (134 blocks)
2025-11-16 03:32:49 [INFO] [run_textract] Total blocks retrieved: 1134 across 2 pages
2025-11-16 03:32:49 [INFO] [run_textract] Saved Textract JSON: C:\Users\HP\OneDrive\Desktop\doc-understand\data\local_pipeline\sessions\session_baee7e20\raw\Personal-Loan-Agreement - Copy_raw.json and text: C:\Users\HP\OneDrive\Desktop\doc-understand\data\local_pipeline\sessions\session_baee7e20\raw_text\Personal-Loan-Agreement - Copy_raw.txt (blocks=1134)
2025-11-16 07:37:31 [INFO] [run_textract] Starting Textract for S3 key: user_uploads/Personal-Loan-Agreement - Copy.pdf
2025-11-16 07:37:32 [INFO] [run_textract] Textract job started: 0ecfe4cae0c03543f87ef21e272f737843139019c468733c9eeb1eff0911d816
2025-11-16 07:37:32 [INFO] [run_textract] Waiting for Textract job to finish for user_uploads/Personal-Loan-Agreement - Copy.pdf (status=IN_PROGRESS)
2025-11-16 07:37:37 [INFO] [run_textract] Waiting for Textract job to finish for user_uploads/Personal-Loan-Agreement - Copy.pdf (status=IN_PROGRESS)
2025-11-16 07:37:42 [INFO] [run_textract] Waiting for Textract job to finish for user_uploads/Personal-Loan-Agreement - Copy.pdf (status=IN_PROGRESS)
2025-11-16 07:37:47 [INFO] [run_textract] Waiting for Textract job to finish for user_uploads/Personal-Loan-Agreement - Copy.pdf (status=IN_PROGRESS)
2025-11-16 07:37:52 [INFO] [run_textract] Waiting for Textract job to finish for user_uploads/Personal-Loan-Agreement - Copy.pdf (status=IN_PROGRESS)
2025-11-16 07:37:57 [INFO] [run_textract] Waiting for Textract job to finish for user_uploads/Personal-Loan-Agreement - Copy.pdf (status=IN_PROGRESS)
2025-11-16 07:38:03 [INFO] [run_textract] Retrieved page 1 (1000 blocks)
2025-11-16 07:38:04 [INFO] [run_textract] Retrieved page 2 (134 blocks)
2025-11-16 07:38:04 [INFO] [run_textract] Total blocks retrieved: 1134 across 2 pages
2025-11-16 07:38:04 [INFO] [run_textract] Saved Textract JSON: C:\Users\HP\OneDrive\Desktop\doc-understand\data\local_pipeline\sessions\session_4221c185\raw\Personal-Loan-Agreement - Copy_raw.json and text: C:\Users\HP\OneDrive\Desktop\doc-understand\data\local_pipeline\sessions\session_4221c185\raw_text\Personal-Loan-Agreement - Copy_raw.txt (blocks=1134)
2025-11-16 07:39:22 [INFO] [run_textract] Starting Textract for S3 key: user_uploads/Personal-Loan-Agreement - Copy.pdf
2025-11-16 07:39:49 [INFO] [run_textract] Starting Textract for S3 key: user_uploads/Personal-Loan-Agreement - Copy.pdf
2025-11-16 07:39:50 [INFO] [run_textract] Textract job started: a2d4a9b755e4af8722391dca7d57c26e7c5bd7b1f98859c43fabcd0c6548aef8
2025-11-16 07:39:50 [INFO] [run_textract] Waiting for Textract job to finish for user_uploads/Personal-Loan-Agreement - Copy.pdf (status=IN_PROGRESS)
2025-11-16 07:39:55 [INFO] [run_textract] Waiting for Textract job to finish for user_uploads/Personal-Loan-Agreement - Copy.pdf (status=IN_PROGRESS)
2025-11-16 07:40:00 [INFO] [run_textract] Waiting for Textract job to finish for user_uploads/Personal-Loan-Agreement - Copy.pdf (status=IN_PROGRESS)
2025-11-16 07:40:05 [INFO] [run_textract] Waiting for Textract job to finish for user_uploads/Personal-Loan-Agreement - Copy.pdf (status=IN_PROGRESS)
2025-11-16 07:40:11 [INFO] [run_textract] Retrieved page 1 (1000 blocks)
2025-11-16 07:40:12 [INFO] [run_textract] Retrieved page 2 (134 blocks)
2025-11-16 07:40:12 [INFO] [run_textract] Total blocks retrieved: 1134 across 2 pages
2025-11-16 07:40:12 [INFO] [run_textract] Saved Textract JSON: C:\Users\HP\OneDrive\Desktop\doc-understand\data\local_pipeline\sessions\session_89becc6f\raw\Personal-Loan-Agreement - Copy_raw.json and text: C:\Users\HP\OneDrive\Desktop\doc-understand\data\local_pipeline\sessions\session_89becc6f\raw_text\Personal-Loan-Agreement - Copy_raw.txt (blocks=1134)
2025-11-16 07:51:27 [INFO] [run_textract] Starting Textract for S3 key: user_uploads/Personal-Loan-Agreement - Copy.pdf
2025-11-16 07:51:28 [INFO] [run_textract] Textract job started: 17edee3b0b59ae1e9f393ebe2528d472440ae4ed114728819c09d35f720de691
2025-11-16 07:51:28 [INFO] [run_textract] Waiting for Textract job to finish for user_uploads/Personal-Loan-Agreement - Copy.pdf (status=IN_PROGRESS)
2025-11-16 07:51:34 [INFO] [run_textract] Retrieved page 1 (1000 blocks)
2025-11-16 07:51:35 [INFO] [run_textract] Retrieved page 2 (134 blocks)
2025-11-16 07:51:35 [INFO] [run_textract] Total blocks retrieved: 1134 across 2 pages
2025-11-16 07:51:35 [INFO] [run_textract] Saved Textract JSON: C:\Users\HP\OneDrive\Desktop\doc-understand\data\local_pipeline\sessions\session_c363fad0\raw\Personal-Loan-Agreement - Copy_raw.json and text: C:\Users\HP\OneDrive\Desktop\doc-understand\data\local_pipeline\sessions\session_c363fad0\raw_text\Personal-Loan-Agreement - Copy_raw.txt (blocks=1134)
2025-11-16 07:52:15 [INFO] [run_textract] Starting Textract for S3 key: user_uploads/Personal-Loan-Agreement - Copy.pdf
2025-11-16 07:52:16 [INFO] [run_textract] Textract job started: d186a65173de1e2061d57e8fdf72e2ca2e81b893a4298c73633149dfd8624419
2025-11-16 07:52:16 [INFO] [run_textract] Waiting for Textract job to finish for user_uploads/Personal-Loan-Agreement - Copy.pdf (status=IN_PROGRESS)
2025-11-16 07:52:24 [INFO] [run_textract] Starting Textract for S3 key: user_uploads/Personal-Loan-Agreement - Copy.pdf
2025-11-16 07:52:25 [INFO] [run_textract] Textract job started: 717057a90611d761adac43db693512b4ef9aed9c343cdc39eba21526903791d8
2025-11-16 07:52:25 [INFO] [run_textract] Waiting for Textract job to finish for user_uploads/Personal-Loan-Agreement - Copy.pdf (status=IN_PROGRESS)
2025-11-16 07:52:31 [INFO] [run_textract] Retrieved page 1 (1000 blocks)
2025-11-16 07:52:32 [INFO] [run_textract] Retrieved page 2 (134 blocks)
2025-11-16 07:52:32 [INFO] [run_textract] Total blocks retrieved: 1134 across 2 pages
2025-11-16 07:52:32 [INFO] [run_textract] Saved Textract JSON: C:\Users\HP\OneDrive\Desktop\doc-understand\data\local_pipeline\sessions\session_85f5b034\raw\Personal-Loan-Agreement - Copy_raw.json and text: C:\Users\HP\OneDrive\Desktop\doc-understand\data\local_pipeline\sessions\session_85f5b034\raw_text\Personal-Loan-Agreement - Copy_raw.txt (blocks=1134)
2025-11-16 08:29:34 [INFO] [run_textract] Starting Textract for S3 key: user_uploads/Personal-Loan-Agreement - Copy.pdf
2025-11-16 08:29:35 [INFO] [run_textract] Textract job started: 0921589f6ecfb2bdd4e29a9ef3b4f71dfd091b256341f086a4c190938d1e35f9
2025-11-16 08:29:35 [INFO] [run_textract] Waiting for Textract job to finish for user_uploads/Personal-Loan-Agreement - Copy.pdf (status=IN_PROGRESS)
2025-11-16 08:29:42 [INFO] [run_textract] Retrieved page 1 (1000 blocks)
2025-11-16 08:29:43 [INFO] [run_textract] Retrieved page 2 (134 blocks)
2025-11-16 08:29:43 [INFO] [run_textract] Total blocks retrieved: 1134 across 2 pages
2025-11-16 08:29:44 [INFO] [run_textract] Saved Textract JSON: C:\Users\HP\OneDrive\Desktop\doc-understand\data\local_pipeline\sessions\session_7d45d811\raw\Personal-Loan-Agreement - Copy_raw.json and text: C:\Users\HP\OneDrive\Desktop\doc-understand\data\local_pipeline\sessions\session_7d45d811\raw_text\Personal-Loan-Agreement - Copy_raw.txt (blocks=1134)
2025-11-16 08:41:22 [INFO] [run_textract] Starting Textract for S3 key: user_uploads/Personal-Loan-Agreement - Copy.pdf
2025-11-16 08:41:23 [INFO] [run_textract] Textract job started: bdff716059a879cc8f19dfbdb6155ef6e3a06d573a18a406e29ee97badb349f9
2025-11-16 08:41:23 [INFO] [run_textract] Waiting for Textract job to finish for user_uploads/Personal-Loan-Agreement - Copy.pdf (status=IN_PROGRESS)
2025-11-16 08:41:28 [INFO] [run_textract] Waiting for Textract job to finish for user_uploads/Personal-Loan-Agreement - Copy.pdf (status=IN_PROGRESS)
2025-11-16 08:41:33 [INFO] [run_textract] Waiting for Textract job to finish for user_uploads/Personal-Loan-Agreement - Copy.pdf (status=IN_PROGRESS)
2025-11-16 08:41:38 [INFO] [run_textract] Waiting for Textract job to finish for user_uploads/Personal-Loan-Agreement - Copy.pdf (status=IN_PROGRESS)
2025-11-16 08:41:43 [INFO] [run_textract] Waiting for Textract job to finish for user_uploads/Personal-Loan-Agreement - Copy.pdf (status=IN_PROGRESS)
2025-11-16 08:41:49 [INFO] [run_textract] Retrieved page 1 (1000 blocks)
2025-11-16 08:41:50 [INFO] [run_textract] Retrieved page 2 (134 blocks)
2025-11-16 08:41:50 [INFO] [run_textract] Total blocks retrieved: 1134 across 2 pages
2025-11-16 08:41:50 [INFO] [run_textract] Saved Textract JSON: c:\Users\HP\OneDrive\Desktop\doc-understand\data\local_pipeline\sessions\session_b98bea3e\raw\Personal-Loan-Agreement - Copy_raw.json and text: c:\Users\HP\OneDrive\Desktop\doc-understand\data\local_pipeline\sessions\session_b98bea3e\raw_text\Personal-Loan-Agreement - Copy_raw.txt (blocks=1134)
2025-11-23 15:52:31 [INFO] [run_textract] Starting Textract for S3 key: user_uploads/tmpa6d_plzy.pdf
2025-11-23 15:52:32 [INFO] [run_textract] Textract job started: bab7cac5159f178fb0c168645011daf77f089b8feca610f08b647dbebe0d070f
2025-11-23 15:52:32 [INFO] [run_textract] Waiting for Textract job to finish for user_uploads/tmpa6d_plzy.pdf (status=IN_PROGRESS)
2025-11-23 15:52:39 [INFO] [run_textract] Retrieved page 1 (1000 blocks)
2025-11-23 15:52:40 [INFO] [run_textract] Retrieved page 2 (134 blocks)
2025-11-23 15:52:40 [INFO] [run_textract] Total blocks retrieved: 1134 across 2 pages
2025-11-23 15:52:40 [INFO] [run_textract] Saved Textract JSON: C:\Users\HP\OneDrive\Desktop\doc-understand\data\local_pipeline\sessions\session_7ea4a86d\raw\tmpa6d_plzy_raw.json and text: C:\Users\HP\OneDrive\Desktop\doc-understand\data\local_pipeline\sessions\session_7ea4a86d\raw_text\tmpa6d_plzy_raw.txt (blocks=1134)
2025-11-23 16:26:03 [INFO] [run_textract] Starting Textract for S3 key: user_uploads/tmpnbioniwk.pdf
2025-11-23 16:26:05 [INFO] [run_textract] Textract job started: aa909b8e4cb85045d6224982d92aae369cbcd720d6cb24e3c17cee80c9afbd30
2025-11-23 16:26:05 [INFO] [run_textract] Waiting for Textract job to finish for user_uploads/tmpnbioniwk.pdf (status=IN_PROGRESS)
2025-11-23 16:26:10 [INFO] [run_textract] Waiting for Textract job to finish for user_uploads/tmpnbioniwk.pdf (status=IN_PROGRESS)
2025-11-23 16:26:15 [INFO] [run_textract] Waiting for Textract job to finish for user_uploads/tmpnbioniwk.pdf (status=IN_PROGRESS)
2025-11-23 16:26:20 [INFO] [run_textract] Waiting for Textract job to finish for user_uploads/tmpnbioniwk.pdf (status=IN_PROGRESS)
2025-11-23 16:26:25 [INFO] [run_textract] Waiting for Textract job to finish for user_uploads/tmpnbioniwk.pdf (status=IN_PROGRESS)
2025-11-23 16:26:30 [INFO] [run_textract] Waiting for Textract job to finish for user_uploads/tmpnbioniwk.pdf (status=IN_PROGRESS)
2025-11-23 16:26:35 [INFO] [run_textract] Waiting for Textract job to finish for user_uploads/tmpnbioniwk.pdf (status=IN_PROGRESS)
2025-11-23 16:26:40 [INFO] [run_textract] Waiting for Textract job to finish for user_uploads/tmpnbioniwk.pdf (status=IN_PROGRESS)
2025-11-23 16:26:48 [INFO] [run_textract] Retrieved page 1 (1000 blocks)
2025-11-23 16:26:49 [INFO] [run_textract] Retrieved page 2 (134 blocks)
2025-11-23 16:26:49 [INFO] [run_textract] Total blocks retrieved: 1134 across 2 pages
2025-11-23 16:26:49 [INFO] [run_textract] Saved Textract JSON: C:\Users\HP\OneDrive\Desktop\doc-understand\data\local_pipeline\sessions\session_9d154eda\raw\tmpnbioniwk_raw.json and text: C:\Users\HP\OneDrive\Desktop\doc-understand\data\local_pipeline\sessions\session_9d154eda\raw_text\tmpnbioniwk_raw.txt (blocks=1134)
2025-11-23 22:58:18 [INFO] [run_textract] Starting Textract for S3 key: user_uploads/tmp1gh23nv7.pdf
2025-11-23 22:58:19 [INFO] [run_textract] Textract job started: ca5fdd5b1a0a6796b40cac25087b3fe0b2e68852cfadf9f3e3f3f36c132c8a40
2025-11-23 22:58:19 [INFO] [run_textract] Waiting for Textract job to finish for user_uploads/tmp1gh23nv7.pdf (status=IN_PROGRESS)
2025-11-23 22:58:24 [INFO] [run_textract] Waiting for Textract job to finish for user_uploads/tmp1gh23nv7.pdf (status=IN_PROGRESS)
2025-11-23 22:58:31 [INFO] [run_textract] Retrieved page 1 (1000 blocks)
2025-11-23 22:58:32 [INFO] [run_textract] Retrieved page 2 (134 blocks)
2025-11-23 22:58:32 [INFO] [run_textract] Total blocks retrieved: 1134 across 2 pages
2025-11-23 22:58:32 [INFO] [run_textract] Saved Textract JSON: C:\Users\HP\OneDrive\Desktop\doc-understand\data\local_pipeline\sessions\session_f985d8c1\raw\tmp1gh23nv7_raw.json and text: C:\Users\HP\OneDrive\Desktop\doc-understand\data\local_pipeline\sessions\session_f985d8c1\raw_text\tmp1gh23nv7_raw.txt (blocks=1134)
2025-11-24 16:43:17 [INFO] [run_textract] Starting Textract for S3 key: user_uploads/tmphuoe2xy4.pdf
2025-11-24 16:43:18 [INFO] [run_textract] Textract job started: aa1447773c6d7b4ec77b93964ddbb42333c28db29fd49c60314bd73e21322f57
2025-11-24 16:43:18 [INFO] [run_textract] Waiting for Textract job to finish for user_uploads/tmphuoe2xy4.pdf (status=IN_PROGRESS)
2025-11-24 16:43:23 [INFO] [run_textract] Waiting for Textract job to finish for user_uploads/tmphuoe2xy4.pdf (status=IN_PROGRESS)
2025-11-24 16:43:28 [INFO] [run_textract] Waiting for Textract job to finish for user_uploads/tmphuoe2xy4.pdf (status=IN_PROGRESS)
2025-11-24 16:43:33 [INFO] [run_textract] Waiting for Textract job to finish for user_uploads/tmphuoe2xy4.pdf (status=IN_PROGRESS)
2025-11-24 16:43:38 [INFO] [run_textract] Waiting for Textract job to finish for user_uploads/tmphuoe2xy4.pdf (status=IN_PROGRESS)
2025-11-24 16:43:43 [INFO] [run_textract] Waiting for Textract job to finish for user_uploads/tmphuoe2xy4.pdf (status=IN_PROGRESS)
2025-11-24 16:43:48 [INFO] [run_textract] Waiting for Textract job to finish for user_uploads/tmphuoe2xy4.pdf (status=IN_PROGRESS)
2025-11-24 16:43:53 [INFO] [run_textract] Waiting for Textract job to finish for user_uploads/tmphuoe2xy4.pdf (status=IN_PROGRESS)
2025-11-24 16:43:58 [INFO] [run_textract] Waiting for Textract job to finish for user_uploads/tmphuoe2xy4.pdf (status=IN_PROGRESS)
2025-11-24 16:44:04 [INFO] [run_textract] Waiting for Textract job to finish for user_uploads/tmphuoe2xy4.pdf (status=IN_PROGRESS)
2025-11-24 16:44:09 [INFO] [run_textract] Waiting for Textract job to finish for user_uploads/tmphuoe2xy4.pdf (status=IN_PROGRESS)
2025-11-24 16:44:14 [INFO] [run_textract] Waiting for Textract job to finish for user_uploads/tmphuoe2xy4.pdf (status=IN_PROGRESS)
2025-11-24 16:44:19 [INFO] [run_textract] Waiting for Textract job to finish for user_uploads/tmphuoe2xy4.pdf (status=IN_PROGRESS)
2025-11-24 16:44:24 [INFO] [run_textract] Waiting for Textract job to finish for user_uploads/tmphuoe2xy4.pdf (status=IN_PROGRESS)
2025-11-24 16:44:30 [INFO] [run_textract] Waiting for Textract job to finish for user_uploads/tmphuoe2xy4.pdf (status=IN_PROGRESS)
2025-11-24 16:44:35 [INFO] [run_textract] Waiting for Textract job to finish for user_uploads/tmphuoe2xy4.pdf (status=IN_PROGRESS)
2025-11-24 16:44:40 [INFO] [run_textract] Retrieved page 1 (1000 blocks)
2025-11-24 16:44:41 [INFO] [run_textract] Retrieved page 2 (136 blocks)
2025-11-24 16:44:41 [INFO] [run_textract] Total blocks retrieved: 1136 across 2 pages
2025-11-24 16:44:42 [INFO] [run_textract] Saved Textract JSON: C:\Users\HP\OneDrive\Desktop\doc-understand\data\local_pipeline\sessions\session_c729f346\raw\tmphuoe2xy4_raw.json and text: C:\Users\HP\OneDrive\Desktop\doc-understand\data\local_pipeline\sessions\session_c729f346\raw_text\tmphuoe2xy4_raw.txt (blocks=1136)
2025-11-25 11:01:42 [INFO] [run_textract] Starting Textract for S3 key: user_uploads/tmp7d1nnzkb.pdf
2025-11-25 11:01:45 [INFO] [run_textract] Textract job started: 6155f5570bb468d49e02b5c5649591c1fa922bedf96a64fa8505cea38364508d
2025-11-25 11:01:45 [INFO] [run_textract] Waiting for Textract job to finish for user_uploads/tmp7d1nnzkb.pdf (status=IN_PROGRESS)
2025-11-25 11:01:50 [INFO] [run_textract] Waiting for Textract job to finish for user_uploads/tmp7d1nnzkb.pdf (status=IN_PROGRESS)
2025-11-25 11:01:56 [INFO] [run_textract] Retrieved page 1 (1000 blocks)
2025-11-25 11:01:58 [INFO] [run_textract] Retrieved page 2 (134 blocks)
2025-11-25 11:01:58 [INFO] [run_textract] Total blocks retrieved: 1134 across 2 pages
2025-11-25 11:01:58 [INFO] [run_textract] Saved Textract JSON: C:\Users\HP\OneDrive\Desktop\doc-understand\data\local_pipeline\sessions\session_c995ad5e\raw\tmp7d1nnzkb_raw.json and text: C:\Users\HP\OneDrive\Desktop\doc-understand\data\local_pipeline\sessions\session_c995ad5e\raw_text\tmp7d1nnzkb_raw.txt (blocks=1134)
2025-11-25 12:38:08 [INFO] [run_textract] Starting Textract for S3 key: user_uploads/tmp_timadju.pdf
2025-11-25 12:38:11 [INFO] [run_textract] Textract job started: 66924c88cfabaa69bb3ec09949717fbf40b2549ed5c28fea7235c4b4b8c17986
2025-11-25 12:38:11 [INFO] [run_textract] Waiting for Textract job to finish for user_uploads/tmp_timadju.pdf (status=IN_PROGRESS)
2025-11-25 12:38:16 [INFO] [run_textract] Waiting for Textract job to finish for user_uploads/tmp_timadju.pdf (status=IN_PROGRESS)
2025-11-25 12:38:21 [INFO] [run_textract] Waiting for Textract job to finish for user_uploads/tmp_timadju.pdf (status=IN_PROGRESS)
2025-11-25 12:38:26 [INFO] [run_textract] Waiting for Textract job to finish for user_uploads/tmp_timadju.pdf (status=IN_PROGRESS)
2025-11-25 12:38:31 [INFO] [run_textract] Waiting for Textract job to finish for user_uploads/tmp_timadju.pdf (status=IN_PROGRESS)
2025-11-25 12:38:36 [INFO] [run_textract] Waiting for Textract job to finish for user_uploads/tmp_timadju.pdf (status=IN_PROGRESS)
2025-11-25 12:38:41 [INFO] [run_textract] Waiting for Textract job to finish for user_uploads/tmp_timadju.pdf (status=IN_PROGRESS)
2025-11-25 12:38:51 [INFO] [run_textract] Retrieved page 1 (1000 blocks)
2025-11-25 12:38:55 [INFO] [run_textract] Retrieved page 2 (134 blocks)
2025-11-25 12:38:55 [INFO] [run_textract] Total blocks retrieved: 1134 across 2 pages
2025-11-25 12:38:55 [INFO] [run_textract] Saved Textract JSON: C:\Users\HP\OneDrive\Desktop\doc-understand\data\local_pipeline\sessions\session_9ccfa4c5\raw\tmp_timadju_raw.json and text: C:\Users\HP\OneDrive\Desktop\doc-understand\data\local_pipeline\sessions\session_9ccfa4c5\raw_text\tmp_timadju_raw.txt (blocks=1134)
2025-11-25 13:26:20 [INFO] [run_textract] Starting Textract for S3 key: user_uploads/tmpeffam0f_.pdf
2025-11-25 13:26:22 [INFO] [run_textract] Textract job started: 3c44cfbd7d54c1ccc8c7f2f17215c26a91dcc7631f4be982ed1372704a1ad710
2025-11-25 13:26:22 [INFO] [run_textract] Waiting for Textract job to finish for user_uploads/tmpeffam0f_.pdf (status=IN_PROGRESS)
2025-11-25 13:26:27 [INFO] [run_textract] Waiting for Textract job to finish for user_uploads/tmpeffam0f_.pdf (status=IN_PROGRESS)
2025-11-25 13:26:32 [INFO] [run_textract] Waiting for Textract job to finish for user_uploads/tmpeffam0f_.pdf (status=IN_PROGRESS)
2025-11-25 13:26:38 [INFO] [run_textract] Retrieved page 1 (1000 blocks)
2025-11-25 13:26:39 [INFO] [run_textract] Retrieved page 2 (134 blocks)
2025-11-25 13:26:39 [INFO] [run_textract] Total blocks retrieved: 1134 across 2 pages
2025-11-25 13:26:39 [INFO] [run_textract] Saved Textract JSON: C:\Users\HP\OneDrive\Desktop\doc-understand\data\local_pipeline\sessions\session_31e1c79d\raw\tmpeffam0f__raw.json and text: C:\Users\HP\OneDrive\Desktop\doc-understand\data\local_pipeline\sessions\session_31e1c79d\raw_text\tmpeffam0f__raw.txt (blocks=1134)
