2025-10-31 07:44:08 [INFO] [tracker] 🧾 Recorded task 'run_textract_all' as STARTED
2025-10-31 07:44:08 [INFO] [tracker] 🧾 Recorded task 'fetch_files' as STARTED
2025-10-31 07:44:09 [INFO] [tracker] 🧾 Recorded task 'fetch_files' as SUCCESS
2025-10-31 07:44:09 [INFO] [tracker] 🧾 Recorded task 'run_textract_Personal-Loan-Agreement.pdf' as STARTED
2025-10-31 07:44:19 [INFO] [tracker] 🧾 Recorded task 'run_textract_Personal-Loan-Agreement.pdf' as SUCCESS
2025-10-31 07:44:19 [INFO] [tracker] 🧾 Recorded task 'run_textract_gss-term-loan-agreement-ccd-5.pdf' as STARTED
2025-10-31 07:44:39 [INFO] [tracker] 🧾 Recorded task 'run_textract_gss-term-loan-agreement-ccd-5.pdf' as FAILED
2025-10-31 07:44:39 [ERROR] [tracker] ❌ run_textract_gss-term-loan-agreement-ccd-5.pdf - Task received SIGTERM signal
2025-10-31 07:44:39 [INFO] [tracker] 🧾 Recorded task 'run_textract_loan1.pdf' as STARTED
2025-10-31 07:45:31 [INFO] [tracker] 🧾 Recorded task 'fetch_files' as STARTED
2025-10-31 07:45:33 [INFO] [tracker] 🧾 Recorded task 'fetch_files' as SUCCESS
2025-10-31 07:50:42 [INFO] [tracker] 🧾 Recorded task 'fetch_files' as STARTED
2025-10-31 07:50:43 [INFO] [tracker] 🧾 Recorded task 'fetch_files' as SUCCESS
2025-10-31 07:54:31 [INFO] [tracker] 🧾 Recorded task 'fetch_files' as STARTED
2025-10-31 07:54:31 [INFO] [tracker] 🧾 Recorded task 'fetch_files' as SUCCESS
2025-10-31 07:54:34 [INFO] [tracker] 🧾 Recorded task 'run_textract_all' as STARTED
2025-10-31 07:54:34 [INFO] [tracker] 🧾 Recorded task 'fetch_files' as STARTED
2025-10-31 07:54:34 [INFO] [tracker] 🧾 Recorded task 'fetch_files' as SUCCESS
2025-10-31 07:54:34 [INFO] [tracker] 🧾 Recorded task 'run_textract_Personal-Loan-Agreement.pdf' as STARTED
2025-10-31 07:54:47 [INFO] [tracker] 🧾 Recorded task 'run_textract_Personal-Loan-Agreement.pdf' as SUCCESS
2025-10-31 07:54:48 [INFO] [tracker] 🧾 Recorded task 'run_textract_gss-term-loan-agreement-ccd-5.pdf' as STARTED
2025-10-31 07:55:31 [INFO] [tracker] 🧾 Recorded task 'run_textract_gss-term-loan-agreement-ccd-5.pdf' as SUCCESS
2025-10-31 07:55:31 [INFO] [tracker] 🧾 Recorded task 'run_textract_loan1.pdf' as STARTED
2025-10-31 07:55:47 [INFO] [tracker] 🧾 Recorded task 'run_textract_loan1.pdf' as SUCCESS
2025-10-31 07:55:47 [INFO] [tracker] 🧾 Recorded task 'run_textract_loan2.pdf' as STARTED
2025-10-31 07:56:11 [INFO] [tracker] 🧾 Recorded task 'run_textract_loan2.pdf' as SUCCESS
2025-10-31 07:56:11 [INFO] [tracker] 🧾 Recorded task 'run_textract_loan3.pdf' as STARTED
2025-10-31 07:56:52 [INFO] [tracker] 🧾 Recorded task 'run_textract_loan3.pdf' as SUCCESS
2025-10-31 07:56:52 [INFO] [tracker] 🧾 Recorded task 'run_textract_pl_agreement.pdf' as STARTED
2025-10-31 07:57:44 [INFO] [tracker] 🧾 Recorded task 'run_textract_pl_agreement.pdf' as SUCCESS
2025-10-31 07:57:44 [INFO] [tracker] 🧾 Recorded task 'run_textract_specimen-agreement.pdf' as STARTED
2025-10-31 07:58:22 [INFO] [tracker] 🧾 Recorded task 'run_textract_specimen-agreement.pdf' as SUCCESS
2025-10-31 07:58:22 [INFO] [tracker] 🧾 Recorded task 'run_textract_all' as SUCCESS
2025-10-31 07:58:25 [INFO] [tracker] 🧾 Recorded task 'run_segmentation_all' as STARTED
2025-10-31 07:58:25 [INFO] [tracker] 🧾 Recorded task 'run_segmentation_all' as FAILED
2025-10-31 07:58:25 [ERROR] [tracker] ❌ run_segmentation_all - ⚠️ 'data/raw' folder not found. Run Textract stage first.
2025-10-31 08:06:20 [INFO] [tracker] 🧾 Recorded task 'fetch_files' as STARTED
2025-10-31 08:06:21 [INFO] [tracker] 🧾 Recorded task 'fetch_files' as SUCCESS
2025-10-31 08:06:22 [INFO] [tracker] 🧾 Recorded task 'run_textract_all' as STARTED
2025-10-31 08:06:22 [INFO] [tracker] 🧾 Recorded task 'fetch_files' as STARTED
2025-10-31 08:06:22 [INFO] [tracker] 🧾 Recorded task 'fetch_files' as SUCCESS
2025-10-31 08:06:23 [INFO] [tracker] 🧾 Recorded task 'run_textract_Personal-Loan-Agreement.pdf' as STARTED
2025-10-31 08:06:30 [INFO] [tracker] 🧾 Recorded task 'run_textract_Personal-Loan-Agreement.pdf' as SUCCESS
2025-10-31 08:06:30 [INFO] [tracker] 🧾 Recorded task 'run_textract_gss-term-loan-agreement-ccd-5.pdf' as STARTED
2025-10-31 08:07:08 [INFO] [tracker] 🧾 Recorded task 'run_textract_gss-term-loan-agreement-ccd-5.pdf' as SUCCESS
2025-10-31 08:07:08 [INFO] [tracker] 🧾 Recorded task 'run_textract_loan1.pdf' as STARTED
2025-10-31 08:07:28 [INFO] [tracker] 🧾 Recorded task 'run_textract_loan1.pdf' as SUCCESS
2025-10-31 08:07:28 [INFO] [tracker] 🧾 Recorded task 'run_textract_loan2.pdf' as STARTED
2025-10-31 08:07:48 [INFO] [tracker] 🧾 Recorded task 'run_textract_loan2.pdf' as SUCCESS
2025-10-31 08:07:48 [INFO] [tracker] 🧾 Recorded task 'run_textract_loan3.pdf' as STARTED
2025-10-31 08:08:20 [INFO] [tracker] 🧾 Recorded task 'run_textract_loan3.pdf' as SUCCESS
2025-10-31 08:08:20 [INFO] [tracker] 🧾 Recorded task 'run_textract_pl_agreement.pdf' as STARTED
2025-10-31 08:09:04 [INFO] [tracker] 🧾 Recorded task 'run_textract_pl_agreement.pdf' as SUCCESS
2025-10-31 08:09:04 [INFO] [tracker] 🧾 Recorded task 'run_textract_specimen-agreement.pdf' as STARTED
2025-10-31 08:09:31 [INFO] [tracker] 🧾 Recorded task 'run_textract_specimen-agreement.pdf' as SUCCESS
2025-10-31 08:09:32 [INFO] [tracker] 🧾 Recorded task 'run_textract_all' as SUCCESS
2025-10-31 08:09:34 [INFO] [tracker] 🧾 Recorded task 'run_segmentation_all' as STARTED
2025-10-31 08:09:34 [INFO] [tracker] 🧾 Recorded task 'run_segmentation_all' as FAILED
2025-10-31 08:09:34 [ERROR] [tracker] ❌ run_segmentation_all - ⚠️ 'data/raw' folder not found. Run Textract stage first.
2025-10-31 10:55:46 [INFO] [tracker] 🧾 Recorded task 'fetch_files' as STARTED
2025-10-31 10:55:47 [INFO] [tracker] 🧾 Recorded task 'fetch_files' as SUCCESS
2025-10-31 10:55:51 [INFO] [tracker] 🧾 Recorded task 'run_textract_all' as STARTED
2025-10-31 10:55:51 [INFO] [tracker] 🧾 Recorded task 'fetch_files' as STARTED
2025-10-31 10:55:52 [INFO] [tracker] 🧾 Recorded task 'fetch_files' as SUCCESS
2025-10-31 10:55:52 [INFO] [tracker] 🧾 Recorded task 'run_textract_Personal-Loan-Agreement.pdf' as STARTED
2025-10-31 10:56:03 [INFO] [tracker] 🧾 Recorded task 'run_textract_Personal-Loan-Agreement.pdf' as SUCCESS
2025-10-31 10:56:03 [INFO] [tracker] 🧾 Recorded task 'run_textract_gss-term-loan-agreement-ccd-5.pdf' as STARTED
2025-10-31 10:56:54 [INFO] [tracker] 🧾 Recorded task 'run_textract_gss-term-loan-agreement-ccd-5.pdf' as SUCCESS
2025-10-31 10:56:54 [INFO] [tracker] 🧾 Recorded task 'run_textract_loan1.pdf' as STARTED
2025-10-31 10:57:10 [INFO] [tracker] 🧾 Recorded task 'run_textract_loan1.pdf' as SUCCESS
2025-10-31 10:57:10 [INFO] [tracker] 🧾 Recorded task 'run_textract_loan2.pdf' as STARTED
2025-10-31 10:57:32 [INFO] [tracker] 🧾 Recorded task 'run_textract_loan2.pdf' as SUCCESS
2025-10-31 10:57:33 [INFO] [tracker] 🧾 Recorded task 'run_textract_loan3.pdf' as STARTED
2025-10-31 10:58:06 [INFO] [tracker] 🧾 Recorded task 'run_textract_loan3.pdf' as SUCCESS
2025-10-31 10:58:06 [INFO] [tracker] 🧾 Recorded task 'run_textract_pl_agreement.pdf' as STARTED
2025-10-31 10:58:56 [INFO] [tracker] 🧾 Recorded task 'run_textract_pl_agreement.pdf' as SUCCESS
2025-10-31 10:58:56 [INFO] [tracker] 🧾 Recorded task 'run_textract_specimen-agreement.pdf' as STARTED
2025-10-31 10:59:33 [INFO] [tracker] 🧾 Recorded task 'run_textract_specimen-agreement.pdf' as SUCCESS
2025-10-31 10:59:33 [INFO] [tracker] 🧾 Recorded task 'run_textract_all' as SUCCESS
2025-10-31 10:59:35 [INFO] [tracker] 🧾 Recorded task 'run_segmentation_all' as STARTED
2025-10-31 10:59:35 [INFO] [tracker] 🧾 Recorded task 'run_segmentation_all' as FAILED
2025-10-31 10:59:35 [ERROR] [tracker] ❌ run_segmentation_all - ⚠️ 'data/raw' folder not found. Run Textract stage first.
2025-10-31 11:00:43 [INFO] [tracker] 🧾 Recorded task 'fetch_files' as STARTED
2025-10-31 11:00:44 [INFO] [tracker] 🧾 Recorded task 'fetch_files' as SUCCESS
2025-10-31 11:00:47 [INFO] [tracker] 🧾 Recorded task 'run_textract_all' as STARTED
2025-10-31 11:00:47 [INFO] [tracker] 🧾 Recorded task 'fetch_files' as STARTED
2025-10-31 11:00:47 [INFO] [tracker] 🧾 Recorded task 'fetch_files' as SUCCESS
2025-10-31 11:00:47 [INFO] [tracker] 🧾 Recorded task 'run_textract_Personal-Loan-Agreement.pdf' as STARTED
2025-10-31 11:01:03 [INFO] [tracker] 🧾 Recorded task 'fetch_files' as STARTED
2025-10-31 11:01:04 [INFO] [tracker] 🧾 Recorded task 'fetch_files' as SUCCESS
2025-10-31 11:01:06 [INFO] [tracker] 🧾 Recorded task 'run_textract_Personal-Loan-Agreement.pdf' as SUCCESS
2025-10-31 11:01:06 [INFO] [tracker] 🧾 Recorded task 'run_textract_gss-term-loan-agreement-ccd-5.pdf' as STARTED
2025-10-31 11:01:30 [INFO] [tracker] 🧾 Recorded task 'fetch_files' as STARTED
2025-10-31 11:01:31 [INFO] [tracker] 🧾 Recorded task 'fetch_files' as SUCCESS
2025-10-31 11:01:33 [INFO] [tracker] 🧾 Recorded task 'fetch_files' as STARTED
2025-10-31 11:01:34 [INFO] [tracker] 🧾 Recorded task 'fetch_files' as SUCCESS
2025-10-31 11:01:34 [INFO] [tracker] 🧾 Recorded task 'run_textract_all' as STARTED
2025-10-31 11:01:34 [INFO] [tracker] 🧾 Recorded task 'fetch_files' as STARTED
2025-10-31 11:01:34 [INFO] [tracker] 🧾 Recorded task 'fetch_files' as SUCCESS
2025-10-31 11:01:34 [INFO] [tracker] 🧾 Recorded task 'run_textract_Personal-Loan-Agreement.pdf' as STARTED
2025-10-31 11:01:36 [INFO] [tracker] 🧾 Recorded task 'run_textract_all' as STARTED
2025-10-31 11:01:36 [INFO] [tracker] 🧾 Recorded task 'fetch_files' as STARTED
2025-10-31 11:01:37 [INFO] [tracker] 🧾 Recorded task 'fetch_files' as SUCCESS
2025-10-31 11:01:37 [INFO] [tracker] 🧾 Recorded task 'run_textract_Personal-Loan-Agreement.pdf' as STARTED
2025-10-31 11:02:37 [INFO] [tracker] 🧾 Recorded task 'run_textract_Personal-Loan-Agreement.pdf' as SUCCESS
2025-10-31 11:02:37 [INFO] [tracker] 🧾 Recorded task 'run_textract_form_centre_showcase_personal_loan_form.pdf' as STARTED
2025-10-31 11:04:06 [INFO] [tracker] 🧾 Recorded task 'run_textract_form_centre_showcase_personal_loan_form.pdf' as SUCCESS
2025-10-31 11:04:06 [INFO] [tracker] 🧾 Recorded task 'run_textract_gss-term-loan-agreement-ccd-5.pdf' as STARTED
2025-10-31 11:04:59 [INFO] [tracker] 🧾 Recorded task 'run_textract_gss-term-loan-agreement-ccd-5.pdf' as SUCCESS
2025-10-31 11:04:59 [INFO] [tracker] 🧾 Recorded task 'run_textract_loan1.pdf' as STARTED
2025-10-31 11:05:19 [INFO] [tracker] 🧾 Recorded task 'run_textract_loan1.pdf' as SUCCESS
2025-10-31 11:05:20 [INFO] [tracker] 🧾 Recorded task 'run_textract_loan2.pdf' as STARTED
2025-10-31 11:05:42 [INFO] [tracker] 🧾 Recorded task 'run_textract_loan2.pdf' as SUCCESS
2025-10-31 11:05:42 [INFO] [tracker] 🧾 Recorded task 'run_textract_loan3.pdf' as STARTED
2025-10-31 11:06:27 [INFO] [tracker] 🧾 Recorded task 'run_textract_loan3.pdf' as SUCCESS
2025-10-31 11:06:27 [INFO] [tracker] 🧾 Recorded task 'run_textract_pl_agreement.pdf' as STARTED
2025-10-31 11:07:23 [INFO] [tracker] 🧾 Recorded task 'run_textract_pl_agreement.pdf' as SUCCESS
2025-10-31 11:07:23 [INFO] [tracker] 🧾 Recorded task 'run_textract_specimen-agreement.pdf' as STARTED
2025-10-31 11:08:18 [INFO] [tracker] 🧾 Recorded task 'run_textract_specimen-agreement.pdf' as SUCCESS
2025-10-31 11:08:18 [INFO] [tracker] 🧾 Recorded task 'run_textract_all' as SUCCESS
2025-10-31 11:08:21 [INFO] [tracker] 🧾 Recorded task 'run_segmentation_all' as STARTED
2025-10-31 11:08:21 [INFO] [tracker] 🧾 Recorded task 'run_segmentation_all' as FAILED
2025-10-31 11:08:21 [ERROR] [tracker] ❌ run_segmentation_all - ⚠️ 'data/raw' folder not found. Run Textract stage first.
2025-10-31 11:26:15 [INFO] [tracker] 🧾 Recorded task 'fetch_files' as STARTED
2025-10-31 11:26:16 [INFO] [tracker] 🧾 Recorded task 'fetch_files' as SUCCESS
2025-10-31 11:26:22 [INFO] [tracker] 🧾 Recorded task 'fetch_files' as STARTED
2025-10-31 11:26:22 [INFO] [tracker] 🧾 Recorded task 'run_textract_all' as STARTED
2025-10-31 11:26:22 [INFO] [tracker] 🧾 Recorded task 'fetch_files' as STARTED
2025-10-31 11:26:23 [INFO] [tracker] 🧾 Recorded task 'fetch_files' as SUCCESS
2025-10-31 11:26:23 [INFO] [tracker] 🧾 Recorded task 'fetch_files' as SUCCESS
2025-10-31 11:26:23 [INFO] [tracker] 🧾 Recorded task 'run_textract_Personal-Loan-Agreement.pdf' as STARTED
2025-10-31 11:26:26 [INFO] [tracker] 🧾 Recorded task 'run_textract_all' as STARTED
2025-10-31 11:26:26 [INFO] [tracker] 🧾 Recorded task 'fetch_files' as STARTED
2025-10-31 11:26:26 [INFO] [tracker] 🧾 Recorded task 'fetch_files' as SUCCESS
2025-10-31 11:26:26 [INFO] [tracker] 🧾 Recorded task 'run_textract_Personal-Loan-Agreement.pdf' as STARTED
2025-10-31 11:27:09 [INFO] [tracker] 🧾 Recorded task 'run_textract_Personal-Loan-Agreement.pdf' as SUCCESS
2025-10-31 11:27:09 [INFO] [tracker] 🧾 Recorded task 'run_textract_form_centre_showcase_personal_loan_form.pdf' as STARTED
2025-10-31 11:27:18 [INFO] [tracker] 🧾 Recorded task 'run_textract_Personal-Loan-Agreement.pdf' as SUCCESS
2025-10-31 11:27:18 [INFO] [tracker] 🧾 Recorded task 'run_textract_form_centre_showcase_personal_loan_form.pdf' as STARTED
2025-10-31 11:28:00 [INFO] [tracker] 🧾 Recorded task 'run_textract_form_centre_showcase_personal_loan_form.pdf' as SUCCESS
2025-10-31 11:28:00 [INFO] [tracker] 🧾 Recorded task 'run_textract_gss-term-loan-agreement-ccd-5.pdf' as STARTED
2025-10-31 11:28:05 [INFO] [tracker] 🧾 Recorded task 'run_textract_form_centre_showcase_personal_loan_form.pdf' as SUCCESS
2025-10-31 11:28:05 [INFO] [tracker] 🧾 Recorded task 'run_textract_gss-term-loan-agreement-ccd-5.pdf' as STARTED
2025-10-31 11:29:00 [INFO] [tracker] 🧾 Recorded task 'run_textract_gss-term-loan-agreement-ccd-5.pdf' as SUCCESS
2025-10-31 11:29:00 [INFO] [tracker] 🧾 Recorded task 'run_textract_loan1.pdf' as STARTED
2025-10-31 11:29:03 [INFO] [tracker] 🧾 Recorded task 'run_textract_gss-term-loan-agreement-ccd-5.pdf' as SUCCESS
2025-10-31 11:29:03 [INFO] [tracker] 🧾 Recorded task 'run_textract_loan1.pdf' as STARTED
2025-10-31 11:29:16 [INFO] [tracker] 🧾 Recorded task 'run_textract_loan1.pdf' as SUCCESS
2025-10-31 11:29:16 [INFO] [tracker] 🧾 Recorded task 'run_textract_loan2.pdf' as STARTED
2025-10-31 11:29:34 [INFO] [tracker] 🧾 Recorded task 'run_textract_loan2.pdf' as SUCCESS
2025-10-31 11:29:34 [INFO] [tracker] 🧾 Recorded task 'run_textract_loan3.pdf' as STARTED
2025-10-31 11:29:39 [INFO] [tracker] 🧾 Recorded task 'run_textract_loan1.pdf' as SUCCESS
2025-10-31 11:29:39 [INFO] [tracker] 🧾 Recorded task 'run_textract_loan2.pdf' as STARTED
2025-10-31 11:29:55 [INFO] [tracker] 🧾 Recorded task 'run_textract_loan2.pdf' as SUCCESS
2025-10-31 11:29:55 [INFO] [tracker] 🧾 Recorded task 'run_textract_loan3.pdf' as STARTED
2025-10-31 11:30:12 [INFO] [tracker] 🧾 Recorded task 'run_textract_loan3.pdf' as SUCCESS
2025-10-31 11:30:12 [INFO] [tracker] 🧾 Recorded task 'run_textract_pl_agreement.pdf' as STARTED
2025-10-31 11:30:30 [INFO] [tracker] 🧾 Recorded task 'run_textract_loan3.pdf' as SUCCESS
2025-10-31 11:30:30 [INFO] [tracker] 🧾 Recorded task 'run_textract_pl_agreement.pdf' as STARTED
2025-10-31 11:30:57 [INFO] [tracker] 🧾 Recorded task 'run_textract_pl_agreement.pdf' as SUCCESS
2025-10-31 11:30:57 [INFO] [tracker] 🧾 Recorded task 'run_textract_specimen-agreement.pdf' as STARTED
2025-10-31 11:31:22 [INFO] [tracker] 🧾 Recorded task 'run_textract_pl_agreement.pdf' as SUCCESS
2025-10-31 11:31:22 [INFO] [tracker] 🧾 Recorded task 'run_textract_specimen-agreement.pdf' as STARTED
2025-10-31 11:31:29 [INFO] [tracker] 🧾 Recorded task 'run_textract_specimen-agreement.pdf' as SUCCESS
2025-10-31 11:31:29 [INFO] [tracker] 🧾 Recorded task 'run_textract_all' as SUCCESS
2025-10-31 11:31:33 [INFO] [tracker] 🧾 Recorded task 'run_segmentation_all' as STARTED
2025-10-31 11:31:33 [INFO] [tracker] 🧾 Recorded task 'segment_dummy_raw.json' as STARTED
2025-10-31 11:31:33 [INFO] [tracker] 🧾 Recorded task 'segment_dummy_raw.json' as SUCCESS
2025-10-31 11:31:34 [INFO] [tracker] 🧾 Recorded task 'segment_form_centre_showcase_personal_loan_form_raw.json' as STARTED
2025-10-31 11:31:34 [INFO] [tracker] 🧾 Recorded task 'segment_form_centre_showcase_personal_loan_form_raw.json' as SUCCESS
2025-10-31 11:31:34 [INFO] [tracker] 🧾 Recorded task 'segment_gss-term-loan-agreement-ccd-5_raw.json' as STARTED
2025-10-31 11:31:35 [INFO] [tracker] 🧾 Recorded task 'segment_gss-term-loan-agreement-ccd-5_raw.json' as SUCCESS
2025-10-31 11:31:35 [INFO] [tracker] 🧾 Recorded task 'segment_loan1_raw.json' as STARTED
2025-10-31 11:31:35 [INFO] [tracker] 🧾 Recorded task 'segment_loan1_raw.json' as SUCCESS
2025-10-31 11:31:35 [INFO] [tracker] 🧾 Recorded task 'segment_loan2_raw.json' as STARTED
2025-10-31 11:31:35 [INFO] [tracker] 🧾 Recorded task 'segment_loan2_raw.json' as SUCCESS
2025-10-31 11:31:35 [INFO] [tracker] 🧾 Recorded task 'segment_loan3_raw.json' as STARTED
2025-10-31 11:31:36 [INFO] [tracker] 🧾 Recorded task 'segment_loan3_raw.json' as SUCCESS
2025-10-31 11:31:36 [INFO] [tracker] 🧾 Recorded task 'segment_Personal-Loan-Agreement_raw.json' as STARTED
2025-10-31 11:31:36 [INFO] [tracker] 🧾 Recorded task 'segment_Personal-Loan-Agreement_raw.json' as SUCCESS
2025-10-31 11:31:36 [INFO] [tracker] 🧾 Recorded task 'segment_pl_agreement_raw.json' as STARTED
2025-10-31 11:31:37 [INFO] [tracker] 🧾 Recorded task 'segment_pl_agreement_raw.json' as SUCCESS
2025-10-31 11:31:37 [INFO] [tracker] 🧾 Recorded task 'segment_specimen-agreement_raw.json' as STARTED
2025-10-31 11:31:37 [INFO] [tracker] 🧾 Recorded task 'segment_specimen-agreement_raw.json' as SUCCESS
2025-10-31 11:31:37 [INFO] [tracker] 🧾 Recorded task 'run_segmentation_all' as SUCCESS
2025-10-31 11:31:52 [INFO] [tracker] 🧾 Recorded task 'run_textract_specimen-agreement.pdf' as SUCCESS
2025-10-31 11:31:52 [INFO] [tracker] 🧾 Recorded task 'run_textract_all' as SUCCESS
2025-10-31 11:31:54 [INFO] [tracker] 🧾 Recorded task 'run_segmentation_all' as STARTED
2025-10-31 11:31:54 [INFO] [tracker] 🧾 Recorded task 'segment_dummy_raw.json' as STARTED
2025-10-31 11:31:54 [INFO] [tracker] 🧾 Recorded task 'segment_dummy_raw.json' as SUCCESS
2025-10-31 11:31:54 [INFO] [tracker] 🧾 Recorded task 'segment_form_centre_showcase_personal_loan_form_raw.json' as STARTED
2025-10-31 11:31:55 [INFO] [tracker] 🧾 Recorded task 'segment_form_centre_showcase_personal_loan_form_raw.json' as SUCCESS
2025-10-31 11:31:55 [INFO] [tracker] 🧾 Recorded task 'segment_gss-term-loan-agreement-ccd-5_raw.json' as STARTED
2025-10-31 11:31:55 [INFO] [tracker] 🧾 Recorded task 'segment_gss-term-loan-agreement-ccd-5_raw.json' as SUCCESS
2025-10-31 11:31:55 [INFO] [tracker] 🧾 Recorded task 'segment_loan1_raw.json' as STARTED
2025-10-31 11:31:56 [INFO] [tracker] 🧾 Recorded task 'segment_loan1_raw.json' as SUCCESS
2025-10-31 11:31:56 [INFO] [tracker] 🧾 Recorded task 'segment_loan2_raw.json' as STARTED
2025-10-31 11:31:56 [INFO] [tracker] 🧾 Recorded task 'segment_loan2_raw.json' as SUCCESS
2025-10-31 11:31:56 [INFO] [tracker] 🧾 Recorded task 'segment_loan3_raw.json' as STARTED
2025-10-31 11:31:56 [INFO] [tracker] 🧾 Recorded task 'segment_loan3_raw.json' as SUCCESS
2025-10-31 11:31:56 [INFO] [tracker] 🧾 Recorded task 'segment_Personal-Loan-Agreement_raw.json' as STARTED
2025-10-31 11:31:56 [INFO] [tracker] 🧾 Recorded task 'segment_Personal-Loan-Agreement_raw.json' as SUCCESS
2025-10-31 11:31:57 [INFO] [tracker] 🧾 Recorded task 'segment_pl_agreement_raw.json' as STARTED
2025-10-31 11:31:57 [INFO] [tracker] 🧾 Recorded task 'segment_pl_agreement_raw.json' as SUCCESS
2025-10-31 11:31:57 [INFO] [tracker] 🧾 Recorded task 'segment_specimen-agreement_raw.json' as STARTED
2025-10-31 11:31:58 [INFO] [tracker] 🧾 Recorded task 'segment_specimen-agreement_raw.json' as SUCCESS
2025-10-31 11:31:58 [INFO] [tracker] 🧾 Recorded task 'run_segmentation_all' as SUCCESS
2025-10-31 13:12:43 [INFO] [tracker] 🧾 Recorded task 'fetch_files' as STARTED
2025-10-31 13:12:44 [INFO] [tracker] 🧾 Recorded task 'fetch_files' as SUCCESS
2025-10-31 13:12:48 [INFO] [tracker] 🧾 Recorded task 'run_textract_all' as STARTED
2025-10-31 13:12:48 [INFO] [tracker] 🧾 Recorded task 'fetch_files' as STARTED
2025-10-31 13:12:50 [INFO] [tracker] 🧾 Recorded task 'fetch_files' as SUCCESS
2025-10-31 13:12:50 [INFO] [tracker] 🧾 Recorded task 'run_textract_Personal-Loan-Agreement.pdf' as STARTED
2025-10-31 13:15:38 [INFO] [tracker] 🧾 Recorded task 'run_textract_Personal-Loan-Agreement.pdf' as SUCCESS
2025-10-31 13:15:38 [INFO] [tracker] 🧾 Recorded task 'run_textract_form_centre_showcase_personal_loan_form.pdf' as STARTED
2025-10-31 13:26:40 [INFO] [tracker] 🧾 Recorded task 'run_textract_all' as STARTED
2025-10-31 13:26:40 [INFO] [tracker] 🧾 Recorded task 'fetch_files' as STARTED
2025-10-31 13:26:43 [INFO] [tracker] 🧾 Recorded task 'fetch_files' as SUCCESS
2025-10-31 13:26:43 [INFO] [tracker] 🧾 Recorded task 'run_textract_Personal-Loan-Agreement.pdf' as STARTED
2025-10-31 13:42:16 [INFO] [tracker] 🧾 Recorded task 'run_textract_all' as STARTED
2025-10-31 13:42:16 [INFO] [tracker] 🧾 Recorded task 'fetch_files' as STARTED
2025-10-31 13:42:18 [INFO] [tracker] 🧾 Recorded task 'fetch_files' as SUCCESS
2025-10-31 13:42:18 [INFO] [tracker] 🧾 Recorded task 'run_textract_Personal-Loan-Agreement.pdf' as STARTED
2025-10-31 13:42:53 [INFO] [tracker] 🧾 Recorded task 'run_textract_Personal-Loan-Agreement.pdf' as SUCCESS
2025-10-31 13:42:53 [INFO] [tracker] 🧾 Recorded task 'run_textract_form_centre_showcase_personal_loan_form.pdf' as STARTED
2025-10-31 13:43:21 [INFO] [tracker] 🧾 Recorded task 'run_textract_form_centre_showcase_personal_loan_form.pdf' as SUCCESS
2025-10-31 13:43:21 [INFO] [tracker] 🧾 Recorded task 'run_textract_gss-term-loan-agreement-ccd-5.pdf' as STARTED
2025-10-31 13:44:06 [INFO] [tracker] 🧾 Recorded task 'run_textract_gss-term-loan-agreement-ccd-5.pdf' as SUCCESS
2025-10-31 13:44:06 [INFO] [tracker] 🧾 Recorded task 'run_textract_loan1.pdf' as STARTED
2025-10-31 13:44:26 [INFO] [tracker] 🧾 Recorded task 'run_textract_loan1.pdf' as SUCCESS
2025-10-31 13:44:26 [INFO] [tracker] 🧾 Recorded task 'run_textract_loan2.pdf' as STARTED
2025-10-31 13:44:42 [INFO] [tracker] 🧾 Recorded task 'run_textract_loan2.pdf' as SUCCESS
2025-10-31 13:44:42 [INFO] [tracker] 🧾 Recorded task 'run_textract_loan3.pdf' as STARTED
2025-10-31 13:45:22 [INFO] [tracker] 🧾 Recorded task 'run_textract_loan3.pdf' as SUCCESS
2025-10-31 13:45:23 [INFO] [tracker] 🧾 Recorded task 'run_textract_pl_agreement.pdf' as STARTED
2025-10-31 13:46:05 [INFO] [tracker] 🧾 Recorded task 'run_textract_pl_agreement.pdf' as SUCCESS
2025-10-31 13:46:05 [INFO] [tracker] 🧾 Recorded task 'run_textract_specimen-agreement.pdf' as STARTED
2025-10-31 13:46:29 [INFO] [tracker] 🧾 Recorded task 'run_textract_specimen-agreement.pdf' as SUCCESS
2025-10-31 13:46:30 [INFO] [tracker] 🧾 Recorded task 'run_textract_all' as SUCCESS
2025-10-31 13:46:32 [INFO] [tracker] 🧾 Recorded task 'run_segmentation_all' as STARTED
2025-10-31 13:46:32 [INFO] [tracker] 🧾 Recorded task 'segment_form_centre_showcase_personal_loan_form_raw.json' as STARTED
2025-10-31 13:46:32 [INFO] [tracker] 🧾 Recorded task 'segment_form_centre_showcase_personal_loan_form_raw.json' as SUCCESS
2025-10-31 13:46:32 [INFO] [tracker] 🧾 Recorded task 'segment_gss-term-loan-agreement-ccd-5_raw.json' as STARTED
2025-10-31 13:46:33 [INFO] [tracker] 🧾 Recorded task 'segment_gss-term-loan-agreement-ccd-5_raw.json' as SUCCESS
2025-10-31 13:46:33 [INFO] [tracker] 🧾 Recorded task 'segment_loan1_raw.json' as STARTED
2025-10-31 13:46:33 [INFO] [tracker] 🧾 Recorded task 'segment_loan1_raw.json' as SUCCESS
2025-10-31 13:46:33 [INFO] [tracker] 🧾 Recorded task 'segment_loan2_raw.json' as STARTED
2025-10-31 13:46:33 [INFO] [tracker] 🧾 Recorded task 'segment_loan2_raw.json' as SUCCESS
2025-10-31 13:46:33 [INFO] [tracker] 🧾 Recorded task 'segment_loan3_raw.json' as STARTED
2025-10-31 13:46:34 [INFO] [tracker] 🧾 Recorded task 'segment_loan3_raw.json' as SUCCESS
2025-10-31 13:46:34 [INFO] [tracker] 🧾 Recorded task 'segment_Personal-Loan-Agreement_raw.json' as STARTED
2025-10-31 13:46:34 [INFO] [tracker] 🧾 Recorded task 'segment_Personal-Loan-Agreement_raw.json' as SUCCESS
2025-10-31 13:46:34 [INFO] [tracker] 🧾 Recorded task 'segment_pl_agreement_raw.json' as STARTED
2025-10-31 13:46:35 [INFO] [tracker] 🧾 Recorded task 'segment_pl_agreement_raw.json' as SUCCESS
2025-10-31 13:46:35 [INFO] [tracker] 🧾 Recorded task 'segment_specimen-agreement_raw.json' as STARTED
2025-10-31 13:46:35 [INFO] [tracker] 🧾 Recorded task 'segment_specimen-agreement_raw.json' as SUCCESS
2025-10-31 13:46:35 [INFO] [tracker] 🧾 Recorded task 'run_segmentation_all' as SUCCESS
2025-11-06 15:39:23 [INFO] [tracker] 🧾 Recorded task 'fetch_files' as STARTED
2025-11-06 15:39:27 [INFO] [tracker] 🧾 Recorded task 'fetch_files' as SUCCESS
2025-11-06 15:39:29 [INFO] [tracker] 🧾 Recorded task 'run_textract_all' as STARTED
2025-11-06 15:39:30 [INFO] [tracker] 🧾 Recorded task 'fetch_files' as STARTED
2025-11-06 15:39:30 [INFO] [tracker] 🧾 Recorded task 'fetch_files' as SUCCESS
2025-11-06 15:39:30 [INFO] [tracker] 🧾 Recorded task 'run_textract_Personal-Loan-Agreement.pdf' as STARTED
2025-11-06 15:39:48 [INFO] [tracker] 🧾 Recorded task 'run_textract_Personal-Loan-Agreement.pdf' as SUCCESS
2025-11-06 15:39:48 [INFO] [tracker] 🧾 Recorded task 'run_textract_form_centre_showcase_personal_loan_form.pdf' as STARTED
2025-11-06 15:40:19 [INFO] [tracker] 🧾 Recorded task 'run_textract_form_centre_showcase_personal_loan_form.pdf' as SUCCESS
2025-11-06 15:40:20 [INFO] [tracker] 🧾 Recorded task 'run_textract_gss-term-loan-agreement-ccd-5.pdf' as STARTED
2025-11-06 15:41:27 [INFO] [tracker] 🧾 Recorded task 'run_textract_gss-term-loan-agreement-ccd-5.pdf' as SUCCESS
2025-11-06 15:41:27 [INFO] [tracker] 🧾 Recorded task 'run_textract_loan1.pdf' as STARTED
2025-11-06 15:41:49 [INFO] [tracker] 🧾 Recorded task 'run_textract_loan1.pdf' as SUCCESS
2025-11-06 15:41:49 [INFO] [tracker] 🧾 Recorded task 'run_textract_loan2.pdf' as STARTED
2025-11-06 15:42:14 [INFO] [tracker] 🧾 Recorded task 'run_textract_loan2.pdf' as SUCCESS
2025-11-06 15:42:14 [INFO] [tracker] 🧾 Recorded task 'run_textract_loan3.pdf' as STARTED
2025-11-06 15:43:18 [INFO] [tracker] 🧾 Recorded task 'run_textract_loan3.pdf' as SUCCESS
2025-11-06 15:43:18 [INFO] [tracker] 🧾 Recorded task 'run_textract_pl_agreement.pdf' as STARTED
2025-11-06 15:44:29 [INFO] [tracker] 🧾 Recorded task 'run_textract_pl_agreement.pdf' as SUCCESS
2025-11-06 15:44:29 [INFO] [tracker] 🧾 Recorded task 'run_textract_specimen-agreement.pdf' as STARTED
2025-11-06 15:45:16 [INFO] [tracker] 🧾 Recorded task 'run_textract_specimen-agreement.pdf' as SUCCESS
2025-11-06 15:45:16 [INFO] [tracker] 🧾 Recorded task 'run_textract_all' as SUCCESS
2025-11-06 15:45:20 [INFO] [tracker] 🧾 Recorded task 'run_segmentation_all' as STARTED
2025-11-06 15:45:20 [INFO] [tracker] 🧾 Recorded task 'segment_form_centre_showcase_personal_loan_form_raw.json' as STARTED
2025-11-06 15:45:21 [INFO] [tracker] 🧾 Recorded task 'segment_form_centre_showcase_personal_loan_form_raw.json' as SUCCESS
2025-11-06 15:45:21 [INFO] [tracker] 🧾 Recorded task 'segment_gss-term-loan-agreement-ccd-5_raw.json' as STARTED
2025-11-06 15:45:22 [INFO] [tracker] 🧾 Recorded task 'segment_gss-term-loan-agreement-ccd-5_raw.json' as SUCCESS
2025-11-06 15:45:22 [INFO] [tracker] 🧾 Recorded task 'segment_loan1_raw.json' as STARTED
2025-11-06 15:45:22 [INFO] [tracker] 🧾 Recorded task 'segment_loan1_raw.json' as SUCCESS
2025-11-06 15:45:22 [INFO] [tracker] 🧾 Recorded task 'segment_loan2_raw.json' as STARTED
2025-11-06 15:45:22 [INFO] [tracker] 🧾 Recorded task 'segment_loan2_raw.json' as SUCCESS
2025-11-06 15:45:22 [INFO] [tracker] 🧾 Recorded task 'segment_loan3_raw.json' as STARTED
2025-11-06 15:45:23 [INFO] [tracker] 🧾 Recorded task 'segment_loan3_raw.json' as SUCCESS
2025-11-06 15:45:23 [INFO] [tracker] 🧾 Recorded task 'segment_Personal-Loan-Agreement_raw.json' as STARTED
2025-11-06 15:45:24 [INFO] [tracker] 🧾 Recorded task 'segment_Personal-Loan-Agreement_raw.json' as SUCCESS
2025-11-06 15:45:24 [INFO] [tracker] 🧾 Recorded task 'segment_pl_agreement_raw.json' as STARTED
2025-11-06 15:45:24 [INFO] [tracker] 🧾 Recorded task 'segment_pl_agreement_raw.json' as SUCCESS
2025-11-06 15:45:24 [INFO] [tracker] 🧾 Recorded task 'segment_specimen-agreement_raw.json' as STARTED
2025-11-06 15:45:25 [INFO] [tracker] 🧾 Recorded task 'segment_specimen-agreement_raw.json' as SUCCESS
2025-11-06 15:45:25 [INFO] [tracker] 🧾 Recorded task 'run_segmentation_all' as SUCCESS
2025-11-06 15:53:59 [INFO] [tracker] 🧾 Recorded task 'fetch_files' as STARTED
2025-11-06 15:54:00 [INFO] [tracker] 🧾 Recorded task 'fetch_files' as SUCCESS
2025-11-06 15:54:04 [INFO] [tracker] 🧾 Recorded task 'run_textract_all' as STARTED
2025-11-06 15:54:04 [INFO] [tracker] 🧾 Recorded task 'fetch_files' as STARTED
2025-11-06 15:54:15 [INFO] [tracker] 🧾 Recorded task 'fetch_files' as SUCCESS
2025-11-06 15:54:15 [INFO] [tracker] 🧾 Recorded task 'run_textract_Personal-Loan-Agreement.pdf' as STARTED
2025-11-06 15:54:27 [INFO] [tracker] 🧾 Recorded task 'run_textract_Personal-Loan-Agreement.pdf' as SUCCESS
2025-11-06 15:54:27 [INFO] [tracker] 🧾 Recorded task 'run_textract_form_centre_showcase_personal_loan_form.pdf' as STARTED
2025-11-06 15:54:52 [INFO] [tracker] 🧾 Recorded task 'run_textract_form_centre_showcase_personal_loan_form.pdf' as SUCCESS
2025-11-06 15:54:52 [INFO] [tracker] 🧾 Recorded task 'run_textract_gss-term-loan-agreement-ccd-5.pdf' as STARTED
2025-11-06 15:55:52 [INFO] [tracker] 🧾 Recorded task 'run_textract_gss-term-loan-agreement-ccd-5.pdf' as SUCCESS
2025-11-06 15:55:52 [INFO] [tracker] 🧾 Recorded task 'run_textract_loan1.pdf' as STARTED
2025-11-06 15:56:44 [INFO] [tracker] 🧾 Recorded task 'run_textract_loan1.pdf' as SUCCESS
2025-11-06 15:56:44 [INFO] [tracker] 🧾 Recorded task 'run_textract_loan2.pdf' as STARTED
2025-11-06 15:58:07 [INFO] [tracker] 🧾 Recorded task 'run_textract_loan2.pdf' as SUCCESS
2025-11-06 15:58:07 [INFO] [tracker] 🧾 Recorded task 'run_textract_loan3.pdf' as STARTED
2025-11-06 16:27:55 [INFO] [tracker] 🧾 Recorded task 'run_textract_all' as STARTED
2025-11-06 16:27:55 [INFO] [tracker] 🧾 Recorded task 'fetch_files' as STARTED
2025-11-06 16:28:01 [INFO] [tracker] 🧾 Recorded task 'fetch_files' as SUCCESS
2025-11-06 16:28:02 [INFO] [tracker] 🧾 Recorded task 'run_textract_Personal-Loan-Agreement.pdf' as STARTED
2025-11-06 16:28:17 [INFO] [tracker] 🧾 Recorded task 'run_textract_Personal-Loan-Agreement.pdf' as SUCCESS
2025-11-06 16:28:17 [INFO] [tracker] 🧾 Recorded task 'run_textract_form_centre_showcase_personal_loan_form.pdf' as STARTED
2025-11-06 16:28:39 [INFO] [tracker] 🧾 Recorded task 'run_textract_form_centre_showcase_personal_loan_form.pdf' as SUCCESS
2025-11-06 16:28:40 [INFO] [tracker] 🧾 Recorded task 'run_textract_gss-term-loan-agreement-ccd-5.pdf' as STARTED
2025-11-06 16:29:34 [INFO] [tracker] 🧾 Recorded task 'run_textract_gss-term-loan-agreement-ccd-5.pdf' as SUCCESS
2025-11-06 16:29:34 [INFO] [tracker] 🧾 Recorded task 'run_textract_loan1.pdf' as STARTED
2025-11-06 16:30:00 [INFO] [tracker] 🧾 Recorded task 'run_textract_loan1.pdf' as SUCCESS
2025-11-06 16:30:00 [INFO] [tracker] 🧾 Recorded task 'run_textract_loan2.pdf' as STARTED
2025-11-06 16:30:25 [INFO] [tracker] 🧾 Recorded task 'run_textract_loan2.pdf' as SUCCESS
2025-11-06 16:30:25 [INFO] [tracker] 🧾 Recorded task 'run_textract_loan3.pdf' as STARTED
2025-11-06 16:30:55 [INFO] [tracker] 🧾 Recorded task 'fetch_files' as STARTED
2025-11-06 16:30:56 [INFO] [tracker] 🧾 Recorded task 'fetch_files' as SUCCESS
2025-11-06 16:31:00 [INFO] [tracker] 🧾 Recorded task 'run_textract_all' as STARTED
2025-11-06 16:31:00 [INFO] [tracker] 🧾 Recorded task 'fetch_files' as STARTED
2025-11-06 16:31:01 [INFO] [tracker] 🧾 Recorded task 'fetch_files' as SUCCESS
2025-11-06 16:31:02 [INFO] [tracker] 🧾 Recorded task 'run_textract_Personal-Loan-Agreement.pdf' as STARTED
2025-11-06 16:31:09 [INFO] [tracker] 🧾 Recorded task 'fetch_files' as STARTED
2025-11-06 16:31:10 [INFO] [tracker] 🧾 Recorded task 'fetch_files' as SUCCESS
2025-11-06 16:31:22 [INFO] [tracker] 🧾 Recorded task 'run_textract_Personal-Loan-Agreement.pdf' as SUCCESS
2025-11-06 16:31:22 [INFO] [tracker] 🧾 Recorded task 'run_textract_form_centre_showcase_personal_loan_form.pdf' as STARTED
2025-11-06 16:31:50 [INFO] [tracker] 🧾 Recorded task 'run_textract_form_centre_showcase_personal_loan_form.pdf' as SUCCESS
2025-11-06 16:31:50 [INFO] [tracker] 🧾 Recorded task 'run_textract_gss-term-loan-agreement-ccd-5.pdf' as STARTED
2025-11-06 16:33:06 [INFO] [tracker] 🧾 Recorded task 'run_textract_gss-term-loan-agreement-ccd-5.pdf' as SUCCESS
2025-11-06 16:33:06 [INFO] [tracker] 🧾 Recorded task 'run_textract_loan1.pdf' as STARTED
2025-11-06 16:34:24 [INFO] [tracker] 🧾 Recorded task 'run_textract_loan1.pdf' as SUCCESS
2025-11-06 16:34:24 [INFO] [tracker] 🧾 Recorded task 'run_textract_loan2.pdf' as STARTED
2025-11-06 16:35:25 [INFO] [tracker] 🧾 Recorded task 'run_textract_loan2.pdf' as SUCCESS
2025-11-06 16:35:25 [INFO] [tracker] 🧾 Recorded task 'run_textract_loan3.pdf' as STARTED
2025-11-06 16:36:14 [INFO] [tracker] 🧾 Recorded task 'run_textract_all' as STARTED
2025-11-06 16:36:14 [INFO] [tracker] 🧾 Recorded task 'fetch_files' as STARTED
2025-11-06 16:36:15 [INFO] [tracker] 🧾 Recorded task 'fetch_files' as SUCCESS
2025-11-06 16:36:15 [INFO] [tracker] 🧾 Recorded task 'run_textract_Personal-Loan-Agreement.pdf' as STARTED
2025-11-06 16:36:28 [INFO] [tracker] 🧾 Recorded task 'run_textract_Personal-Loan-Agreement.pdf' as SUCCESS
2025-11-06 16:36:28 [INFO] [tracker] 🧾 Recorded task 'run_textract_form_centre_showcase_personal_loan_form.pdf' as STARTED
2025-11-06 16:36:32 [INFO] [tracker] 🧾 Recorded task 'run_textract_loan3.pdf' as SUCCESS
2025-11-06 16:36:32 [INFO] [tracker] 🧾 Recorded task 'run_textract_pl_agreement.pdf' as STARTED
2025-11-06 16:36:59 [INFO] [tracker] 🧾 Recorded task 'run_textract_form_centre_showcase_personal_loan_form.pdf' as SUCCESS
2025-11-06 16:37:00 [INFO] [tracker] 🧾 Recorded task 'run_textract_gss-term-loan-agreement-ccd-5.pdf' as STARTED
2025-11-06 16:37:19 [INFO] [tracker] 🧾 Recorded task 'run_textract_pl_agreement.pdf' as SUCCESS
2025-11-06 16:37:19 [INFO] [tracker] 🧾 Recorded task 'run_textract_specimen-agreement.pdf' as STARTED
2025-11-06 16:37:43 [INFO] [tracker] 🧾 Recorded task 'run_textract_specimen-agreement.pdf' as SUCCESS
2025-11-06 16:37:43 [INFO] [tracker] 🧾 Recorded task 'run_textract_all' as SUCCESS
2025-11-06 16:37:47 [INFO] [tracker] 🧾 Recorded task 'run_textract_gss-term-loan-agreement-ccd-5.pdf' as SUCCESS
2025-11-06 16:37:47 [INFO] [tracker] 🧾 Recorded task 'run_textract_loan1.pdf' as STARTED
2025-11-06 16:37:49 [INFO] [tracker] 🧾 Recorded task 'run_segmentation_all' as STARTED
2025-11-06 16:37:49 [INFO] [tracker] 🧾 Recorded task 'segment_form_centre_showcase_personal_loan_form_raw.json' as STARTED
2025-11-06 16:37:50 [INFO] [tracker] 🧾 Recorded task 'segment_form_centre_showcase_personal_loan_form_raw.json' as SUCCESS
2025-11-06 16:37:50 [INFO] [tracker] 🧾 Recorded task 'segment_gss-term-loan-agreement-ccd-5_raw.json' as STARTED
2025-11-06 16:37:51 [INFO] [tracker] 🧾 Recorded task 'segment_gss-term-loan-agreement-ccd-5_raw.json' as SUCCESS
2025-11-06 16:37:51 [INFO] [tracker] 🧾 Recorded task 'segment_loan1_raw.json' as STARTED
2025-11-06 16:37:51 [INFO] [tracker] 🧾 Recorded task 'segment_loan1_raw.json' as SUCCESS
2025-11-06 16:37:51 [INFO] [tracker] 🧾 Recorded task 'segment_loan2_raw.json' as STARTED
2025-11-06 16:37:51 [INFO] [tracker] 🧾 Recorded task 'segment_loan2_raw.json' as SUCCESS
2025-11-06 16:37:51 [INFO] [tracker] 🧾 Recorded task 'segment_loan3_raw.json' as STARTED
2025-11-06 16:37:52 [INFO] [tracker] 🧾 Recorded task 'segment_loan3_raw.json' as SUCCESS
2025-11-06 16:37:52 [INFO] [tracker] 🧾 Recorded task 'segment_Personal-Loan-Agreement_raw.json' as STARTED
2025-11-06 16:37:52 [INFO] [tracker] 🧾 Recorded task 'segment_Personal-Loan-Agreement_raw.json' as SUCCESS
2025-11-06 16:37:52 [INFO] [tracker] 🧾 Recorded task 'segment_pl_agreement_raw.json' as STARTED
2025-11-06 16:37:53 [INFO] [tracker] 🧾 Recorded task 'segment_pl_agreement_raw.json' as SUCCESS
2025-11-06 16:37:53 [INFO] [tracker] 🧾 Recorded task 'segment_specimen-agreement_raw.json' as STARTED
2025-11-06 16:37:54 [INFO] [tracker] 🧾 Recorded task 'segment_specimen-agreement_raw.json' as SUCCESS
2025-11-06 16:37:54 [INFO] [tracker] 🧾 Recorded task 'run_segmentation_all' as SUCCESS
2025-11-06 16:38:04 [INFO] [tracker] 🧾 Recorded task 'run_textract_loan1.pdf' as SUCCESS
2025-11-06 16:38:04 [INFO] [tracker] 🧾 Recorded task 'run_textract_loan2.pdf' as STARTED
2025-11-06 16:38:24 [INFO] [tracker] 🧾 Recorded task 'run_textract_loan2.pdf' as SUCCESS
2025-11-06 16:38:25 [INFO] [tracker] 🧾 Recorded task 'run_textract_loan3.pdf' as STARTED
2025-11-06 16:39:04 [INFO] [tracker] 🧾 Recorded task 'run_textract_loan3.pdf' as SUCCESS
2025-11-06 16:39:04 [INFO] [tracker] 🧾 Recorded task 'run_textract_pl_agreement.pdf' as STARTED
2025-11-06 16:39:54 [INFO] [tracker] 🧾 Recorded task 'run_textract_pl_agreement.pdf' as SUCCESS
2025-11-06 16:39:54 [INFO] [tracker] 🧾 Recorded task 'run_textract_specimen-agreement.pdf' as STARTED
2025-11-06 16:40:18 [INFO] [tracker] 🧾 Recorded task 'run_textract_specimen-agreement.pdf' as SUCCESS
2025-11-06 16:40:18 [INFO] [tracker] 🧾 Recorded task 'run_textract_all' as SUCCESS
2025-11-06 16:40:22 [INFO] [tracker] 🧾 Recorded task 'run_segmentation_all' as STARTED
2025-11-06 16:40:23 [INFO] [tracker] 🧾 Recorded task 'segment_form_centre_showcase_personal_loan_form_raw.json' as STARTED
2025-11-06 16:40:23 [INFO] [tracker] 🧾 Recorded task 'segment_form_centre_showcase_personal_loan_form_raw.json' as SUCCESS
2025-11-06 16:40:23 [INFO] [tracker] 🧾 Recorded task 'segment_gss-term-loan-agreement-ccd-5_raw.json' as STARTED
2025-11-06 16:40:24 [INFO] [tracker] 🧾 Recorded task 'segment_gss-term-loan-agreement-ccd-5_raw.json' as SUCCESS
2025-11-06 16:40:24 [INFO] [tracker] 🧾 Recorded task 'segment_loan1_raw.json' as STARTED
2025-11-06 16:40:24 [INFO] [tracker] 🧾 Recorded task 'segment_loan1_raw.json' as SUCCESS
2025-11-06 16:40:24 [INFO] [tracker] 🧾 Recorded task 'segment_loan2_raw.json' as STARTED
2025-11-06 16:40:24 [INFO] [tracker] 🧾 Recorded task 'segment_loan2_raw.json' as SUCCESS
2025-11-06 16:40:24 [INFO] [tracker] 🧾 Recorded task 'segment_loan3_raw.json' as STARTED
2025-11-06 16:40:25 [INFO] [tracker] 🧾 Recorded task 'segment_loan3_raw.json' as SUCCESS
2025-11-06 16:40:25 [INFO] [tracker] 🧾 Recorded task 'segment_Personal-Loan-Agreement_raw.json' as STARTED
2025-11-06 16:40:25 [INFO] [tracker] 🧾 Recorded task 'segment_Personal-Loan-Agreement_raw.json' as SUCCESS
2025-11-06 16:40:25 [INFO] [tracker] 🧾 Recorded task 'segment_pl_agreement_raw.json' as STARTED
2025-11-06 16:40:26 [INFO] [tracker] 🧾 Recorded task 'segment_pl_agreement_raw.json' as SUCCESS
2025-11-06 16:40:26 [INFO] [tracker] 🧾 Recorded task 'segment_specimen-agreement_raw.json' as STARTED
2025-11-06 16:40:27 [INFO] [tracker] 🧾 Recorded task 'segment_specimen-agreement_raw.json' as SUCCESS
2025-11-06 16:40:27 [INFO] [tracker] 🧾 Recorded task 'run_segmentation_all' as SUCCESS
2025-11-06 17:00:12 [INFO] [tracker] 🧾 Recorded task 'run_textract_all' as STARTED
2025-11-06 17:00:12 [INFO] [tracker] 🧾 Recorded task 'fetch_files' as STARTED
2025-11-06 17:00:13 [INFO] [tracker] 🧾 Recorded task 'fetch_files' as SUCCESS
2025-11-06 17:00:13 [INFO] [tracker] 🧾 Recorded task 'run_textract_all' as SUCCESS
2025-11-06 17:11:38 [INFO] [tracker] 🧾 Recorded task 'run_textract_all' as STARTED
2025-11-06 17:11:38 [INFO] [tracker] 🧾 Recorded task 'fetch_files' as STARTED
2025-11-06 17:11:39 [INFO] [tracker] 🧾 Recorded task 'fetch_files' as SUCCESS
2025-11-06 17:11:39 [INFO] [tracker] 🧾 Recorded task 'run_textract_home_loan_001.pdf' as STARTED
2025-11-06 17:12:06 [INFO] [tracker] 🧾 Recorded task 'run_textract_home_loan_001.pdf' as SUCCESS
2025-11-06 17:12:11 [INFO] [tracker] 🧾 Recorded task 'run_textract_all' as SUCCESS
2025-11-06 17:13:17 [INFO] [tracker] 🧾 Recorded task 'run_textract_all' as STARTED
2025-11-06 17:13:17 [INFO] [tracker] 🧾 Recorded task 'fetch_files' as STARTED
2025-11-06 17:13:18 [INFO] [tracker] 🧾 Recorded task 'fetch_files' as SUCCESS
2025-11-06 17:13:18 [INFO] [tracker] 🧾 Recorded task 'run_textract_Personal-Loan-Agreement.pdf' as STARTED
2025-11-06 17:13:20 [INFO] [tracker] 🧾 Recorded task 'run_textract_form_centre_showcase_personal_loan_form.pdf' as STARTED
2025-11-06 17:13:20 [INFO] [tracker] 🧾 Recorded task 'run_textract_gss-term-loan-agreement-ccd-5.pdf' as STARTED
2025-11-06 17:13:21 [INFO] [tracker] 🧾 Recorded task 'run_textract_home_loan_001.pdf' as STARTED
2025-11-06 17:13:21 [INFO] [tracker] 🧾 Recorded task 'run_textract_loan1.pdf' as STARTED
2025-11-06 17:13:21 [INFO] [tracker] 🧾 Recorded task 'run_textract_loan2.pdf' as STARTED
2025-11-06 17:13:21 [INFO] [tracker] 🧾 Recorded task 'run_textract_loan3.pdf' as STARTED
2025-11-06 17:13:21 [INFO] [tracker] 🧾 Recorded task 'run_textract_pl_agreement.pdf' as STARTED
2025-11-06 17:13:22 [INFO] [tracker] 🧾 Recorded task 'run_textract_specimen-agreement.pdf' as STARTED
2025-11-06 17:13:29 [INFO] [tracker] 🧾 Recorded task 'run_textract_home_loan_001.pdf' as SUCCESS
2025-11-06 17:13:40 [INFO] [tracker] 🧾 Recorded task 'run_textract_Personal-Loan-Agreement.pdf' as SUCCESS
2025-11-06 17:13:52 [INFO] [tracker] 🧾 Recorded task 'run_textract_form_centre_showcase_personal_loan_form.pdf' as SUCCESS
2025-11-06 17:14:21 [INFO] [tracker] 🧾 Recorded task 'run_textract_gss-term-loan-agreement-ccd-5.pdf' as SUCCESS
2025-11-06 17:14:29 [INFO] [tracker] 🧾 Recorded task 'run_textract_loan1.pdf' as SUCCESS
2025-11-06 17:14:38 [INFO] [tracker] 🧾 Recorded task 'run_textract_loan2.pdf' as SUCCESS
2025-11-06 17:15:02 [INFO] [tracker] 🧾 Recorded task 'run_textract_loan3.pdf' as SUCCESS
2025-11-06 17:15:26 [INFO] [tracker] 🧾 Recorded task 'run_textract_pl_agreement.pdf' as SUCCESS
2025-11-06 17:15:39 [INFO] [tracker] 🧾 Recorded task 'run_textract_specimen-agreement.pdf' as SUCCESS
2025-11-06 17:15:44 [INFO] [tracker] 🧾 Recorded task 'run_textract_all' as SUCCESS
2025-11-06 17:18:59 [INFO] [tracker] 🧾 Recorded task 'run_textract_all' as STARTED
2025-11-06 17:18:59 [INFO] [tracker] 🧾 Recorded task 'fetch_files' as STARTED
2025-11-06 17:19:00 [INFO] [tracker] 🧾 Recorded task 'fetch_files' as SUCCESS
2025-11-06 17:19:00 [INFO] [tracker] 🧾 Recorded task 'run_textract_all' as SUCCESS
2025-11-06 17:23:50 [INFO] [tracker] 🧾 Recorded task 'fetch_files' as STARTED
2025-11-06 17:23:54 [INFO] [tracker] 🧾 Recorded task 'fetch_files' as SUCCESS
2025-11-06 17:23:58 [INFO] [tracker] 🧾 Recorded task 'run_textract_all' as STARTED
2025-11-06 17:23:58 [INFO] [tracker] 🧾 Recorded task 'fetch_files' as STARTED
2025-11-06 17:23:59 [INFO] [tracker] 🧾 Recorded task 'fetch_files' as SUCCESS
2025-11-06 17:23:59 [INFO] [tracker] 🧾 Recorded task 'run_textract_all' as SUCCESS
2025-11-06 17:24:01 [INFO] [tracker] 🧾 Recorded task 'run_segmentation_all' as STARTED
2025-11-06 17:24:01 [INFO] [tracker] 🧾 Recorded task 'segment_form_centre_showcase_personal_loan_form_raw.json' as STARTED
2025-11-06 17:24:02 [INFO] [tracker] 🧾 Recorded task 'segment_form_centre_showcase_personal_loan_form_raw.json' as SUCCESS
2025-11-06 17:24:02 [INFO] [tracker] 🧾 Recorded task 'segment_gss-term-loan-agreement-ccd-5_raw.json' as STARTED
2025-11-06 17:24:03 [INFO] [tracker] 🧾 Recorded task 'segment_gss-term-loan-agreement-ccd-5_raw.json' as SUCCESS
2025-11-06 17:24:03 [INFO] [tracker] 🧾 Recorded task 'segment_home_loan_001_raw.json' as STARTED
2025-11-06 17:24:03 [INFO] [tracker] 🧾 Recorded task 'segment_home_loan_001_raw.json' as SUCCESS
2025-11-06 17:24:03 [INFO] [tracker] 🧾 Recorded task 'segment_loan1_raw.json' as STARTED
2025-11-06 17:24:03 [INFO] [tracker] 🧾 Recorded task 'segment_loan1_raw.json' as SUCCESS
2025-11-06 17:24:03 [INFO] [tracker] 🧾 Recorded task 'segment_loan2_raw.json' as STARTED
2025-11-06 17:24:04 [INFO] [tracker] 🧾 Recorded task 'segment_loan2_raw.json' as SUCCESS
2025-11-06 17:24:04 [INFO] [tracker] 🧾 Recorded task 'segment_loan3_raw.json' as STARTED
2025-11-06 17:24:05 [INFO] [tracker] 🧾 Recorded task 'segment_loan3_raw.json' as SUCCESS
2025-11-06 17:24:05 [INFO] [tracker] 🧾 Recorded task 'segment_Personal-Loan-Agreement_raw.json' as STARTED
2025-11-06 17:24:05 [INFO] [tracker] 🧾 Recorded task 'segment_Personal-Loan-Agreement_raw.json' as SUCCESS
2025-11-06 17:24:05 [INFO] [tracker] 🧾 Recorded task 'segment_pl_agreement_raw.json' as STARTED
2025-11-06 17:24:06 [INFO] [tracker] 🧾 Recorded task 'segment_pl_agreement_raw.json' as SUCCESS
2025-11-06 17:24:06 [INFO] [tracker] 🧾 Recorded task 'segment_specimen-agreement_raw.json' as STARTED
2025-11-06 17:24:07 [INFO] [tracker] 🧾 Recorded task 'segment_specimen-agreement_raw.json' as SUCCESS
2025-11-06 17:24:07 [INFO] [tracker] 🧾 Recorded task 'run_segmentation_all' as SUCCESS
2025-11-07 17:30:51 [INFO] [tracker] 🧾 Recorded task 'fetch_files' as STARTED
2025-11-07 17:30:53 [INFO] [tracker] 🧾 Recorded task 'fetch_files' as SUCCESS
2025-11-07 17:31:36 [INFO] [tracker] 🧾 Recorded task 'run_textract_all' as STARTED
2025-11-07 17:31:36 [INFO] [tracker] 🧾 Recorded task 'fetch_files' as STARTED
2025-11-07 17:31:37 [INFO] [tracker] 🧾 Recorded task 'fetch_files' as SUCCESS
2025-11-07 17:31:37 [INFO] [tracker] 🧾 Recorded task 'run_textract_all' as SUCCESS
2025-11-07 17:53:59 [INFO] [tracker] 🧾 Recorded task 'run_segmentation_all' as STARTED
2025-11-07 17:53:59 [INFO] [tracker] 🧾 Recorded task 'segment_form_centre_showcase_personal_loan_form_raw' as STARTED
2025-11-07 17:53:59 [INFO] [tracker] 🧾 Recorded task 'segment_form_centre_showcase_personal_loan_form_raw' as SUCCESS
2025-11-07 17:53:59 [INFO] [tracker] 🧾 Recorded task 'segment_gss-term-loan-agreement-ccd-5_raw' as STARTED
2025-11-07 17:54:00 [INFO] [tracker] 🧾 Recorded task 'segment_gss-term-loan-agreement-ccd-5_raw' as SUCCESS
2025-11-07 17:54:00 [INFO] [tracker] 🧾 Recorded task 'segment_home_loan_001_raw' as STARTED
2025-11-07 17:54:00 [INFO] [tracker] 🧾 Recorded task 'segment_home_loan_001_raw' as SUCCESS
2025-11-07 17:54:00 [INFO] [tracker] 🧾 Recorded task 'segment_loan1_raw' as STARTED
2025-11-07 17:54:00 [INFO] [tracker] 🧾 Recorded task 'segment_loan1_raw' as SUCCESS
2025-11-07 17:54:00 [INFO] [tracker] 🧾 Recorded task 'segment_loan2_raw' as STARTED
2025-11-07 17:54:00 [INFO] [tracker] 🧾 Recorded task 'segment_loan2_raw' as SUCCESS
2025-11-07 17:54:00 [INFO] [tracker] 🧾 Recorded task 'segment_loan3_raw' as STARTED
2025-11-07 17:54:01 [INFO] [tracker] 🧾 Recorded task 'segment_loan3_raw' as SUCCESS
2025-11-07 17:54:01 [INFO] [tracker] 🧾 Recorded task 'segment_Personal-Loan-Agreement_raw' as STARTED
2025-11-07 17:54:01 [INFO] [tracker] 🧾 Recorded task 'segment_Personal-Loan-Agreement_raw' as SUCCESS
2025-11-07 17:54:01 [INFO] [tracker] 🧾 Recorded task 'segment_pl_agreement_raw' as STARTED
2025-11-07 17:54:01 [INFO] [tracker] 🧾 Recorded task 'segment_pl_agreement_raw' as SUCCESS
2025-11-07 17:54:02 [INFO] [tracker] 🧾 Recorded task 'segment_specimen-agreement_raw' as STARTED
2025-11-07 17:54:02 [INFO] [tracker] 🧾 Recorded task 'segment_specimen-agreement_raw' as SUCCESS
2025-11-07 17:54:02 [INFO] [tracker] 🧾 Recorded task 'run_segmentation_all' as SUCCESS
2025-11-07 17:56:00 [INFO] [tracker] 🧾 Recorded task 'run_segmentation_all' as STARTED
2025-11-07 17:56:00 [INFO] [tracker] 🧾 Recorded task 'segment_form_centre_showcase_personal_loan_form_raw' as STARTED
2025-11-07 17:56:00 [INFO] [tracker] 🧾 Recorded task 'segment_form_centre_showcase_personal_loan_form_raw' as SUCCESS
2025-11-07 17:56:01 [INFO] [tracker] 🧾 Recorded task 'segment_gss-term-loan-agreement-ccd-5_raw' as STARTED
2025-11-07 17:56:01 [INFO] [tracker] 🧾 Recorded task 'segment_gss-term-loan-agreement-ccd-5_raw' as SUCCESS
2025-11-07 17:56:01 [INFO] [tracker] 🧾 Recorded task 'segment_home_loan_001_raw' as STARTED
2025-11-07 17:56:01 [INFO] [tracker] 🧾 Recorded task 'segment_home_loan_001_raw' as SUCCESS
2025-11-07 17:56:01 [INFO] [tracker] 🧾 Recorded task 'segment_loan1_raw' as STARTED
2025-11-07 17:56:01 [INFO] [tracker] 🧾 Recorded task 'segment_loan1_raw' as SUCCESS
2025-11-07 17:56:01 [INFO] [tracker] 🧾 Recorded task 'segment_loan2_raw' as STARTED
2025-11-07 17:56:01 [INFO] [tracker] 🧾 Recorded task 'segment_loan2_raw' as SUCCESS
2025-11-07 17:56:01 [INFO] [tracker] 🧾 Recorded task 'segment_loan3_raw' as STARTED
2025-11-07 17:56:02 [INFO] [tracker] 🧾 Recorded task 'segment_loan3_raw' as SUCCESS
2025-11-07 17:56:02 [INFO] [tracker] 🧾 Recorded task 'segment_Personal-Loan-Agreement_raw' as STARTED
2025-11-07 17:56:02 [INFO] [tracker] 🧾 Recorded task 'segment_Personal-Loan-Agreement_raw' as SUCCESS
2025-11-07 17:56:02 [INFO] [tracker] 🧾 Recorded task 'segment_pl_agreement_raw' as STARTED
2025-11-07 17:56:03 [INFO] [tracker] 🧾 Recorded task 'segment_pl_agreement_raw' as SUCCESS
2025-11-07 17:56:03 [INFO] [tracker] 🧾 Recorded task 'segment_specimen-agreement_raw' as STARTED
2025-11-07 17:56:03 [INFO] [tracker] 🧾 Recorded task 'segment_specimen-agreement_raw' as SUCCESS
2025-11-07 17:56:03 [INFO] [tracker] 🧾 Recorded task 'run_segmentation_all' as SUCCESS
2025-11-07 18:04:04 [INFO] [tracker] 🧾 Recorded task 'run_normalization_all' as STARTED
2025-11-07 18:04:04 [INFO] [tracker] 🧾 Recorded task 'normalize_form_centre_showcase_personal_loan_form_segmented' as STARTED
2025-11-07 18:04:04 [INFO] [tracker] 🧾 Recorded task 'normalize_form_centre_showcase_personal_loan_form_segmented' as SUCCESS
2025-11-07 18:04:04 [INFO] [tracker] 🧾 Recorded task 'normalize_gss-term-loan-agreement-ccd-5_segmented' as STARTED
2025-11-07 18:04:05 [INFO] [tracker] 🧾 Recorded task 'normalize_gss-term-loan-agreement-ccd-5_segmented' as SUCCESS
2025-11-07 18:04:05 [INFO] [tracker] 🧾 Recorded task 'normalize_home_loan_001_segmented' as STARTED
2025-11-07 18:04:05 [INFO] [tracker] 🧾 Recorded task 'normalize_home_loan_001_segmented' as SUCCESS
2025-11-07 18:04:05 [INFO] [tracker] 🧾 Recorded task 'normalize_loan1_segmented' as STARTED
2025-11-07 18:04:05 [INFO] [tracker] 🧾 Recorded task 'normalize_loan1_segmented' as SUCCESS
2025-11-07 18:04:05 [INFO] [tracker] 🧾 Recorded task 'normalize_loan2_segmented' as STARTED
2025-11-07 18:04:05 [INFO] [tracker] 🧾 Recorded task 'normalize_loan2_segmented' as SUCCESS
2025-11-07 18:04:05 [INFO] [tracker] 🧾 Recorded task 'normalize_loan3_segmented' as STARTED
2025-11-07 18:04:05 [INFO] [tracker] 🧾 Recorded task 'normalize_loan3_segmented' as SUCCESS
2025-11-07 18:04:05 [INFO] [tracker] 🧾 Recorded task 'normalize_Personal-Loan-Agreement_segmented' as STARTED
2025-11-07 18:04:05 [INFO] [tracker] 🧾 Recorded task 'normalize_Personal-Loan-Agreement_segmented' as SUCCESS
2025-11-07 18:04:05 [INFO] [tracker] 🧾 Recorded task 'normalize_pl_agreement_segmented' as STARTED
2025-11-07 18:04:06 [INFO] [tracker] 🧾 Recorded task 'normalize_pl_agreement_segmented' as SUCCESS
2025-11-07 18:04:06 [INFO] [tracker] 🧾 Recorded task 'normalize_specimen-agreement_segmented' as STARTED
2025-11-07 18:04:06 [INFO] [tracker] 🧾 Recorded task 'normalize_specimen-agreement_segmented' as SUCCESS
2025-11-07 18:04:06 [INFO] [tracker] 🧾 Recorded task 'run_normalization_all' as SUCCESS
2025-11-07 18:22:49 [INFO] [tracker] 🧾 Recorded task 'run_textract_dummy.pdf' as STARTED
2025-11-07 18:22:50 [INFO] [tracker] 🧾 Recorded task 'run_textract_dummy.pdf' as SUCCESS
2025-11-07 18:25:29 [INFO] [tracker] 🧾 Recorded task 'run_textract_dummy.pdf' as STARTED
2025-11-07 18:25:29 [INFO] [tracker] 🧾 Recorded task 'run_textract_dummy.pdf' as SUCCESS
2025-11-07 18:34:38 [INFO] [tracker] 🧾 Recorded task 'run_textract_dummy.pdf' as STARTED
2025-11-07 18:34:38 [INFO] [tracker] 🧾 Recorded task 'run_textract_dummy.pdf' as SUCCESS
2025-11-07 18:39:58 [INFO] [tracker] 🧾 Recorded task 'run_normalization_all' as STARTED
2025-11-07 18:39:58 [INFO] [tracker] 🧾 Recorded task 'normalize_form_centre_showcase_personal_loan_form_segmented' as STARTED
2025-11-07 18:39:58 [INFO] [tracker] 🧾 Recorded task 'normalize_form_centre_showcase_personal_loan_form_segmented' as SUCCESS
2025-11-07 18:39:58 [INFO] [tracker] 🧾 Recorded task 'normalize_gss-term-loan-agreement-ccd-5_segmented' as STARTED
2025-11-07 18:39:58 [INFO] [tracker] 🧾 Recorded task 'normalize_gss-term-loan-agreement-ccd-5_segmented' as SUCCESS
2025-11-07 18:39:58 [INFO] [tracker] 🧾 Recorded task 'normalize_home_loan_001_segmented' as STARTED
2025-11-07 18:39:58 [INFO] [tracker] 🧾 Recorded task 'normalize_home_loan_001_segmented' as SUCCESS
2025-11-07 18:39:58 [INFO] [tracker] 🧾 Recorded task 'normalize_loan1_segmented' as STARTED
2025-11-07 18:39:58 [INFO] [tracker] 🧾 Recorded task 'normalize_loan1_segmented' as SUCCESS
2025-11-07 18:39:58 [INFO] [tracker] 🧾 Recorded task 'normalize_loan2_segmented' as STARTED
2025-11-07 18:39:58 [INFO] [tracker] 🧾 Recorded task 'normalize_loan2_segmented' as SUCCESS
2025-11-07 18:39:58 [INFO] [tracker] 🧾 Recorded task 'normalize_loan3_segmented' as STARTED
2025-11-07 18:39:58 [INFO] [tracker] 🧾 Recorded task 'normalize_loan3_segmented' as SUCCESS
2025-11-07 18:39:58 [INFO] [tracker] 🧾 Recorded task 'normalize_Personal-Loan-Agreement_segmented' as STARTED
2025-11-07 18:39:58 [INFO] [tracker] 🧾 Recorded task 'normalize_Personal-Loan-Agreement_segmented' as SUCCESS
2025-11-07 18:39:58 [INFO] [tracker] 🧾 Recorded task 'normalize_pl_agreement_segmented' as STARTED
2025-11-07 18:39:58 [INFO] [tracker] 🧾 Recorded task 'normalize_pl_agreement_segmented' as SUCCESS
2025-11-07 18:39:58 [INFO] [tracker] 🧾 Recorded task 'normalize_specimen-agreement_segmented' as STARTED
2025-11-07 18:39:59 [INFO] [tracker] 🧾 Recorded task 'normalize_specimen-agreement_segmented' as SUCCESS
2025-11-07 18:39:59 [INFO] [tracker] 🧾 Recorded task 'run_normalization_all' as SUCCESS
2025-11-07 18:42:28 [INFO] [tracker] 🧾 Recorded task 'run_textract_dummy.pdf' as STARTED
2025-11-07 18:42:28 [INFO] [tracker] 🧾 Recorded task 'run_textract_dummy.pdf' as SUCCESS
2025-11-07 18:43:10 [INFO] [tracker] 🧾 Recorded task 'run_textract_dummy.pdf' as STARTED
2025-11-07 18:43:10 [INFO] [tracker] 🧾 Recorded task 'run_textract_dummy.pdf' as SUCCESS
2025-11-07 18:45:59 [INFO] [tracker] 🧾 Recorded task 'run_segmentation_all' as STARTED
2025-11-07 18:45:59 [INFO] [tracker] 🧾 Recorded task 'segment_dummy_raw' as STARTED
2025-11-07 18:45:59 [INFO] [tracker] 🧾 Recorded task 'segment_dummy_raw' as SUCCESS
2025-11-07 18:45:59 [INFO] [tracker] 🧾 Recorded task 'segment_form_centre_showcase_personal_loan_form_raw' as STARTED
2025-11-07 18:45:59 [INFO] [tracker] 🧾 Recorded task 'segment_form_centre_showcase_personal_loan_form_raw' as SUCCESS
2025-11-07 18:45:59 [INFO] [tracker] 🧾 Recorded task 'segment_gss-term-loan-agreement-ccd-5_raw' as STARTED
2025-11-07 18:46:00 [INFO] [tracker] 🧾 Recorded task 'segment_gss-term-loan-agreement-ccd-5_raw' as SUCCESS
2025-11-07 18:46:00 [INFO] [tracker] 🧾 Recorded task 'segment_home_loan_001_raw' as STARTED
2025-11-07 18:46:00 [INFO] [tracker] 🧾 Recorded task 'segment_home_loan_001_raw' as SUCCESS
2025-11-07 18:46:00 [INFO] [tracker] 🧾 Recorded task 'segment_loan1_raw' as STARTED
2025-11-07 18:46:00 [INFO] [tracker] 🧾 Recorded task 'segment_loan1_raw' as SUCCESS
2025-11-07 18:46:00 [INFO] [tracker] 🧾 Recorded task 'segment_loan2_raw' as STARTED
2025-11-07 18:46:00 [INFO] [tracker] 🧾 Recorded task 'segment_loan2_raw' as SUCCESS
2025-11-07 18:46:00 [INFO] [tracker] 🧾 Recorded task 'segment_loan3_raw' as STARTED
2025-11-07 18:46:00 [INFO] [tracker] 🧾 Recorded task 'segment_loan3_raw' as SUCCESS
2025-11-07 18:46:00 [INFO] [tracker] 🧾 Recorded task 'segment_Personal-Loan-Agreement_raw' as STARTED
2025-11-07 18:46:00 [INFO] [tracker] 🧾 Recorded task 'segment_Personal-Loan-Agreement_raw' as SUCCESS
2025-11-07 18:46:00 [INFO] [tracker] 🧾 Recorded task 'segment_pl_agreement_raw' as STARTED
2025-11-07 18:46:06 [INFO] [tracker] 🧾 Recorded task 'segment_pl_agreement_raw' as SUCCESS
2025-11-07 18:46:06 [INFO] [tracker] 🧾 Recorded task 'segment_specimen-agreement_raw' as STARTED
2025-11-07 18:46:06 [INFO] [tracker] 🧾 Recorded task 'segment_specimen-agreement_raw' as SUCCESS
2025-11-07 18:46:06 [INFO] [tracker] 🧾 Recorded task 'run_segmentation_all' as SUCCESS
2025-11-07 18:49:05 [INFO] [tracker] 🧾 Recorded task 'run_textract_dummy.pdf' as STARTED
2025-11-07 18:49:05 [INFO] [tracker] 🧾 Recorded task 'run_textract_dummy.pdf' as SUCCESS
2025-11-07 18:49:05 [INFO] [tracker] 🧾 Recorded task 'segment_loan_raw' as STARTED
2025-11-07 18:49:05 [INFO] [tracker] 🧾 Recorded task 'segment_loan_raw' as SUCCESS
2025-11-07 18:49:05 [INFO] [tracker] 🧾 Recorded task 'segment_empty_raw' as STARTED
2025-11-07 18:49:05 [INFO] [tracker] 🧾 Recorded task 'segment_empty_raw' as SUCCESS
2025-11-07 18:49:05 [INFO] [tracker] 🧾 Recorded task 'segment_loan_raw' as STARTED
2025-11-07 18:49:05 [INFO] [tracker] 🧾 Recorded task 'segment_loan_raw' as SUCCESS
2025-11-07 18:55:43 [INFO] [tracker] 🧾 Recorded task 'fetch_files' as STARTED
2025-11-07 18:55:44 [INFO] [tracker] 🧾 Recorded task 'fetch_files' as SUCCESS
2025-11-07 18:55:44 [INFO] [tracker] 🧾 Recorded task 'run_textract_all' as STARTED
2025-11-07 18:55:44 [INFO] [tracker] 🧾 Recorded task 'fetch_files' as STARTED
2025-11-07 18:55:45 [INFO] [tracker] 🧾 Recorded task 'fetch_files' as SUCCESS
2025-11-07 18:55:45 [INFO] [tracker] 🧾 Recorded task 'run_textract_all' as SUCCESS
2025-11-07 19:02:38 [INFO] [tracker] 🧾 Recorded task 'fetch_files' as STARTED
2025-11-07 19:02:39 [INFO] [tracker] 🧾 Recorded task 'fetch_files' as SUCCESS
2025-11-07 19:02:39 [INFO] [tracker] 🧾 Recorded task 'run_textract_all' as STARTED
2025-11-07 19:02:39 [INFO] [tracker] 🧾 Recorded task 'fetch_files' as STARTED
2025-11-07 19:02:39 [INFO] [tracker] 🧾 Recorded task 'fetch_files' as SUCCESS
2025-11-07 19:02:39 [INFO] [tracker] 🧾 Recorded task 'run_textract_all' as SUCCESS
2025-11-07 19:02:40 [INFO] [tracker] 🧾 Recorded task 'run_segmentation_all' as STARTED
2025-11-07 19:02:40 [INFO] [tracker] 🧾 Recorded task 'segment_dummy_raw' as STARTED
2025-11-07 19:02:40 [INFO] [tracker] 🧾 Recorded task 'segment_dummy_raw' as SUCCESS
2025-11-07 19:02:40 [INFO] [tracker] 🧾 Recorded task 'segment_form_centre_showcase_personal_loan_form_raw' as STARTED
2025-11-07 19:02:40 [INFO] [tracker] 🧾 Recorded task 'segment_form_centre_showcase_personal_loan_form_raw' as SUCCESS
2025-11-07 19:02:40 [INFO] [tracker] 🧾 Recorded task 'segment_gss-term-loan-agreement-ccd-5_raw' as STARTED
2025-11-07 19:02:40 [INFO] [tracker] 🧾 Recorded task 'segment_gss-term-loan-agreement-ccd-5_raw' as SUCCESS
2025-11-07 19:02:40 [INFO] [tracker] 🧾 Recorded task 'segment_home_loan_001_raw' as STARTED
2025-11-07 19:02:40 [INFO] [tracker] 🧾 Recorded task 'segment_home_loan_001_raw' as SUCCESS
2025-11-07 19:02:40 [INFO] [tracker] 🧾 Recorded task 'segment_loan1_raw' as STARTED
2025-11-07 19:02:40 [INFO] [tracker] 🧾 Recorded task 'segment_loan1_raw' as SUCCESS
2025-11-07 19:02:40 [INFO] [tracker] 🧾 Recorded task 'segment_loan2_raw' as STARTED
2025-11-07 19:02:40 [INFO] [tracker] 🧾 Recorded task 'segment_loan2_raw' as SUCCESS
2025-11-07 19:02:40 [INFO] [tracker] 🧾 Recorded task 'segment_loan3_raw' as STARTED
2025-11-07 19:02:41 [INFO] [tracker] 🧾 Recorded task 'segment_loan3_raw' as SUCCESS
2025-11-07 19:02:41 [INFO] [tracker] 🧾 Recorded task 'segment_Personal-Loan-Agreement_raw' as STARTED
2025-11-07 19:02:41 [INFO] [tracker] 🧾 Recorded task 'segment_Personal-Loan-Agreement_raw' as SUCCESS
2025-11-07 19:02:41 [INFO] [tracker] 🧾 Recorded task 'segment_pl_agreement_raw' as STARTED
2025-11-07 19:02:41 [INFO] [tracker] 🧾 Recorded task 'segment_pl_agreement_raw' as SUCCESS
2025-11-07 19:02:41 [INFO] [tracker] 🧾 Recorded task 'segment_specimen-agreement_raw' as STARTED
2025-11-07 19:02:41 [INFO] [tracker] 🧾 Recorded task 'segment_specimen-agreement_raw' as SUCCESS
2025-11-07 19:02:41 [INFO] [tracker] 🧾 Recorded task 'run_segmentation_all' as SUCCESS
2025-11-07 19:02:41 [INFO] [tracker] 🧾 Recorded task 'run_normalization_all' as STARTED
2025-11-07 19:02:41 [INFO] [tracker] 🧾 Recorded task 'normalize_dummy_segmented' as STARTED
2025-11-07 19:02:41 [INFO] [tracker] 🧾 Recorded task 'normalize_dummy_segmented' as SUCCESS
2025-11-07 19:02:42 [INFO] [tracker] 🧾 Recorded task 'normalize_empty_segmented' as STARTED
2025-11-07 19:02:42 [INFO] [tracker] 🧾 Recorded task 'normalize_empty_segmented' as SUCCESS
2025-11-07 19:02:42 [INFO] [tracker] 🧾 Recorded task 'normalize_form_centre_showcase_personal_loan_form_segmented' as STARTED
2025-11-07 19:02:42 [INFO] [tracker] 🧾 Recorded task 'normalize_form_centre_showcase_personal_loan_form_segmented' as SUCCESS
2025-11-07 19:02:42 [INFO] [tracker] 🧾 Recorded task 'normalize_gss-term-loan-agreement-ccd-5_segmented' as STARTED
2025-11-07 19:02:42 [INFO] [tracker] 🧾 Recorded task 'normalize_gss-term-loan-agreement-ccd-5_segmented' as SUCCESS
2025-11-07 19:02:42 [INFO] [tracker] 🧾 Recorded task 'normalize_home_loan_001_segmented' as STARTED
2025-11-07 19:02:42 [INFO] [tracker] 🧾 Recorded task 'normalize_home_loan_001_segmented' as SUCCESS
2025-11-07 19:02:42 [INFO] [tracker] 🧾 Recorded task 'normalize_loan1_segmented' as STARTED
2025-11-07 19:02:42 [INFO] [tracker] 🧾 Recorded task 'normalize_loan1_segmented' as SUCCESS
2025-11-07 19:02:42 [INFO] [tracker] 🧾 Recorded task 'normalize_loan2_segmented' as STARTED
2025-11-07 19:02:42 [INFO] [tracker] 🧾 Recorded task 'normalize_loan2_segmented' as SUCCESS
2025-11-07 19:02:42 [INFO] [tracker] 🧾 Recorded task 'normalize_loan3_segmented' as STARTED
2025-11-07 19:02:42 [INFO] [tracker] 🧾 Recorded task 'normalize_loan3_segmented' as SUCCESS
2025-11-07 19:02:42 [INFO] [tracker] 🧾 Recorded task 'normalize_loan_segmented' as STARTED
2025-11-07 19:02:42 [INFO] [tracker] 🧾 Recorded task 'normalize_loan_segmented' as SUCCESS
2025-11-07 19:02:42 [INFO] [tracker] 🧾 Recorded task 'normalize_Personal-Loan-Agreement_segmented' as STARTED
2025-11-07 19:02:43 [INFO] [tracker] 🧾 Recorded task 'normalize_Personal-Loan-Agreement_segmented' as SUCCESS
2025-11-07 19:02:43 [INFO] [tracker] 🧾 Recorded task 'normalize_pl_agreement_segmented' as STARTED
2025-11-07 19:02:43 [INFO] [tracker] 🧾 Recorded task 'normalize_pl_agreement_segmented' as SUCCESS
2025-11-07 19:02:43 [INFO] [tracker] 🧾 Recorded task 'normalize_specimen-agreement_segmented' as STARTED
2025-11-07 19:02:43 [INFO] [tracker] 🧾 Recorded task 'normalize_specimen-agreement_segmented' as SUCCESS
2025-11-07 19:02:43 [INFO] [tracker] 🧾 Recorded task 'run_normalization_all' as SUCCESS
2025-11-07 19:03:16 [INFO] [tracker] 🧾 Recorded task 'run_textract_dummy.pdf' as STARTED
2025-11-07 19:03:16 [INFO] [tracker] 🧾 Recorded task 'run_textract_dummy.pdf' as SUCCESS
2025-11-07 19:03:17 [INFO] [tracker] 🧾 Recorded task 'segment_loan_raw' as STARTED
2025-11-07 19:03:17 [INFO] [tracker] 🧾 Recorded task 'segment_loan_raw' as SUCCESS
2025-11-07 19:03:17 [INFO] [tracker] 🧾 Recorded task 'segment_empty_raw' as STARTED
2025-11-07 19:03:17 [INFO] [tracker] 🧾 Recorded task 'segment_empty_raw' as SUCCESS
2025-11-07 19:03:17 [INFO] [tracker] 🧾 Recorded task 'segment_loan_raw' as STARTED
2025-11-07 19:03:17 [INFO] [tracker] 🧾 Recorded task 'segment_loan_raw' as SUCCESS
2025-11-07 19:07:00 [INFO] [tracker] 🧾 Recorded task 'run_textract_all' as STARTED
2025-11-07 19:07:00 [INFO] [tracker] 🧾 Recorded task 'fetch_files' as STARTED
2025-11-07 19:07:01 [INFO] [tracker] 🧾 Recorded task 'fetch_files' as SUCCESS
2025-11-07 19:07:01 [INFO] [tracker] 🧾 Recorded task 'run_textract_all' as SUCCESS
2025-11-07 19:09:17 [INFO] [tracker] 🧾 Recorded task 'run_segmentation_all' as STARTED
2025-11-07 19:09:17 [INFO] [tracker] 🧾 Recorded task 'segment_dummy_raw' as STARTED
2025-11-07 19:09:17 [INFO] [tracker] 🧾 Recorded task 'segment_dummy_raw' as SUCCESS
2025-11-07 19:09:17 [INFO] [tracker] 🧾 Recorded task 'segment_form_centre_showcase_personal_loan_form_raw' as STARTED
2025-11-07 19:09:17 [INFO] [tracker] 🧾 Recorded task 'segment_form_centre_showcase_personal_loan_form_raw' as SUCCESS
2025-11-07 19:09:17 [INFO] [tracker] 🧾 Recorded task 'segment_gss-term-loan-agreement-ccd-5_raw' as STARTED
2025-11-07 19:09:17 [INFO] [tracker] 🧾 Recorded task 'segment_gss-term-loan-agreement-ccd-5_raw' as SUCCESS
2025-11-07 19:09:17 [INFO] [tracker] 🧾 Recorded task 'segment_home_loan_001_raw' as STARTED
2025-11-07 19:09:17 [INFO] [tracker] 🧾 Recorded task 'segment_home_loan_001_raw' as SUCCESS
2025-11-07 19:09:17 [INFO] [tracker] 🧾 Recorded task 'segment_loan1_raw' as STARTED
2025-11-07 19:09:17 [INFO] [tracker] 🧾 Recorded task 'segment_loan1_raw' as SUCCESS
2025-11-07 19:09:17 [INFO] [tracker] 🧾 Recorded task 'segment_loan2_raw' as STARTED
2025-11-07 19:09:17 [INFO] [tracker] 🧾 Recorded task 'segment_loan2_raw' as SUCCESS
2025-11-07 19:09:17 [INFO] [tracker] 🧾 Recorded task 'segment_loan3_raw' as STARTED
2025-11-07 19:09:18 [INFO] [tracker] 🧾 Recorded task 'segment_loan3_raw' as SUCCESS
2025-11-07 19:09:18 [INFO] [tracker] 🧾 Recorded task 'segment_Personal-Loan-Agreement_raw' as STARTED
2025-11-07 19:09:18 [INFO] [tracker] 🧾 Recorded task 'segment_Personal-Loan-Agreement_raw' as SUCCESS
2025-11-07 19:09:18 [INFO] [tracker] 🧾 Recorded task 'segment_pl_agreement_raw' as STARTED
2025-11-07 19:09:18 [INFO] [tracker] 🧾 Recorded task 'segment_pl_agreement_raw' as SUCCESS
2025-11-07 19:09:18 [INFO] [tracker] 🧾 Recorded task 'segment_specimen-agreement_raw' as STARTED
2025-11-07 19:09:18 [INFO] [tracker] 🧾 Recorded task 'segment_specimen-agreement_raw' as SUCCESS
2025-11-07 19:09:18 [INFO] [tracker] 🧾 Recorded task 'run_segmentation_all' as SUCCESS
2025-11-07 19:10:30 [INFO] [tracker] 🧾 Recorded task 'run_normalization_all' as STARTED
2025-11-07 19:10:30 [INFO] [tracker] 🧾 Recorded task 'normalize_dummy_segmented' as STARTED
2025-11-07 19:10:30 [INFO] [tracker] 🧾 Recorded task 'normalize_dummy_segmented' as SUCCESS
2025-11-07 19:10:30 [INFO] [tracker] 🧾 Recorded task 'normalize_empty_segmented' as STARTED
2025-11-07 19:10:30 [INFO] [tracker] 🧾 Recorded task 'normalize_empty_segmented' as SUCCESS
2025-11-07 19:10:31 [INFO] [tracker] 🧾 Recorded task 'normalize_form_centre_showcase_personal_loan_form_segmented' as STARTED
2025-11-07 19:10:31 [INFO] [tracker] 🧾 Recorded task 'normalize_form_centre_showcase_personal_loan_form_segmented' as SUCCESS
2025-11-07 19:10:31 [INFO] [tracker] 🧾 Recorded task 'normalize_gss-term-loan-agreement-ccd-5_segmented' as STARTED
2025-11-07 19:10:31 [INFO] [tracker] 🧾 Recorded task 'normalize_gss-term-loan-agreement-ccd-5_segmented' as SUCCESS
2025-11-07 19:10:31 [INFO] [tracker] 🧾 Recorded task 'normalize_home_loan_001_segmented' as STARTED
2025-11-07 19:10:31 [INFO] [tracker] 🧾 Recorded task 'normalize_home_loan_001_segmented' as SUCCESS
2025-11-07 19:10:31 [INFO] [tracker] 🧾 Recorded task 'normalize_loan1_segmented' as STARTED
2025-11-07 19:10:31 [INFO] [tracker] 🧾 Recorded task 'normalize_loan1_segmented' as SUCCESS
2025-11-07 19:10:31 [INFO] [tracker] 🧾 Recorded task 'normalize_loan2_segmented' as STARTED
2025-11-07 19:10:31 [INFO] [tracker] 🧾 Recorded task 'normalize_loan2_segmented' as SUCCESS
2025-11-07 19:10:31 [INFO] [tracker] 🧾 Recorded task 'normalize_loan3_segmented' as STARTED
2025-11-07 19:10:31 [INFO] [tracker] 🧾 Recorded task 'normalize_loan3_segmented' as SUCCESS
2025-11-07 19:10:31 [INFO] [tracker] 🧾 Recorded task 'normalize_loan_segmented' as STARTED
2025-11-07 19:10:31 [INFO] [tracker] 🧾 Recorded task 'normalize_loan_segmented' as SUCCESS
2025-11-07 19:10:31 [INFO] [tracker] 🧾 Recorded task 'normalize_Personal-Loan-Agreement_segmented' as STARTED
2025-11-07 19:10:31 [INFO] [tracker] 🧾 Recorded task 'normalize_Personal-Loan-Agreement_segmented' as SUCCESS
2025-11-07 19:10:31 [INFO] [tracker] 🧾 Recorded task 'normalize_pl_agreement_segmented' as STARTED
2025-11-07 19:10:31 [INFO] [tracker] 🧾 Recorded task 'normalize_pl_agreement_segmented' as SUCCESS
2025-11-07 19:10:31 [INFO] [tracker] 🧾 Recorded task 'normalize_specimen-agreement_segmented' as STARTED
2025-11-07 19:10:32 [INFO] [tracker] 🧾 Recorded task 'normalize_specimen-agreement_segmented' as SUCCESS
2025-11-07 19:10:32 [INFO] [tracker] 🧾 Recorded task 'run_normalization_all' as SUCCESS
2025-11-07 19:10:52 [INFO] [tracker] 🧾 Recorded task 'run_textract_dummy' as STARTED
2025-11-07 19:10:52 [INFO] [tracker] 🧾 Recorded task 'run_textract_dummy' as SUCCESS
2025-11-07 19:10:52 [INFO] [tracker] 🧾 Recorded task 'segment_loan_raw' as STARTED
2025-11-07 19:10:53 [INFO] [tracker] 🧾 Recorded task 'segment_loan_raw' as SUCCESS
2025-11-07 19:10:53 [INFO] [tracker] 🧾 Recorded task 'segment_empty_raw' as STARTED
2025-11-07 19:10:53 [INFO] [tracker] 🧾 Recorded task 'segment_empty_raw' as SUCCESS
2025-11-07 19:10:53 [INFO] [tracker] 🧾 Recorded task 'normalize_loan_segmented' as STARTED
2025-11-07 19:10:53 [INFO] [tracker] 🧾 Recorded task 'normalize_loan_segmented' as SUCCESS
2025-11-07 19:10:53 [INFO] [tracker] 🧾 Recorded task 'normalize_empty_segmented' as STARTED
2025-11-07 19:10:53 [INFO] [tracker] 🧾 Recorded task 'normalize_empty_segmented' as SUCCESS
2025-11-07 19:10:53 [INFO] [tracker] 🧾 Recorded task 'segment_loan_raw' as STARTED
2025-11-07 19:10:53 [INFO] [tracker] 🧾 Recorded task 'segment_loan_raw' as SUCCESS
2025-11-07 19:10:53 [INFO] [tracker] 🧾 Recorded task 'normalize_loan_segmented' as STARTED
2025-11-07 19:10:53 [INFO] [tracker] 🧾 Recorded task 'normalize_loan_segmented' as SUCCESS
2025-11-07 19:13:48 [INFO] [tracker] 🧾 Recorded task 'generate_schema_stats' as STARTED
2025-11-07 19:13:49 [INFO] [tracker] 🧾 Recorded task 'generate_schema_stats' as SUCCESS
2025-11-07 19:17:13 [INFO] [tracker] 🧾 Recorded task 'run_textract_dummy' as STARTED
2025-11-07 19:17:13 [INFO] [tracker] 🧾 Recorded task 'run_textract_dummy' as SUCCESS
2025-11-07 19:17:13 [INFO] [tracker] 🧾 Recorded task 'segment_loan_raw' as STARTED
2025-11-07 19:17:13 [INFO] [tracker] 🧾 Recorded task 'segment_loan_raw' as SUCCESS
2025-11-07 19:17:13 [INFO] [tracker] 🧾 Recorded task 'segment_empty_raw' as STARTED
2025-11-07 19:17:13 [INFO] [tracker] 🧾 Recorded task 'segment_empty_raw' as SUCCESS
2025-11-07 19:17:13 [INFO] [tracker] 🧾 Recorded task 'normalize_loan_segmented' as STARTED
2025-11-07 19:17:13 [INFO] [tracker] 🧾 Recorded task 'normalize_loan_segmented' as SUCCESS
2025-11-07 19:17:13 [INFO] [tracker] 🧾 Recorded task 'normalize_empty_segmented' as STARTED
2025-11-07 19:17:13 [INFO] [tracker] 🧾 Recorded task 'normalize_empty_segmented' as SUCCESS
2025-11-07 19:17:13 [INFO] [tracker] 🧾 Recorded task 'segment_loan_raw' as STARTED
2025-11-07 19:17:13 [INFO] [tracker] 🧾 Recorded task 'segment_loan_raw' as SUCCESS
2025-11-07 19:17:13 [INFO] [tracker] 🧾 Recorded task 'normalize_loan_segmented' as STARTED
2025-11-07 19:17:13 [INFO] [tracker] 🧾 Recorded task 'normalize_loan_segmented' as SUCCESS
2025-11-07 19:17:14 [INFO] [tracker] 🧾 Recorded task 'generate_schema_stats' as STARTED
2025-11-07 19:17:14 [INFO] [tracker] 🧾 Recorded task 'generate_schema_stats' as SUCCESS
2025-11-07 19:20:02 [INFO] [tracker] 🧾 Recorded task 'run_textract_dummy' as STARTED
2025-11-07 19:20:02 [INFO] [tracker] 🧾 Recorded task 'run_textract_dummy' as SUCCESS
2025-11-07 19:20:02 [INFO] [tracker] 🧾 Recorded task 'segment_loan_raw' as STARTED
2025-11-07 19:20:02 [INFO] [tracker] 🧾 Recorded task 'segment_loan_raw' as SUCCESS
2025-11-07 19:20:02 [INFO] [tracker] 🧾 Recorded task 'segment_empty_raw' as STARTED
2025-11-07 19:20:02 [INFO] [tracker] 🧾 Recorded task 'segment_empty_raw' as SUCCESS
2025-11-07 19:20:03 [INFO] [tracker] 🧾 Recorded task 'normalize_loan_segmented' as STARTED
2025-11-07 19:20:03 [INFO] [tracker] 🧾 Recorded task 'normalize_loan_segmented' as SUCCESS
2025-11-07 19:20:03 [INFO] [tracker] 🧾 Recorded task 'normalize_empty_segmented' as STARTED
2025-11-07 19:20:03 [INFO] [tracker] 🧾 Recorded task 'normalize_empty_segmented' as SUCCESS
2025-11-07 19:20:03 [INFO] [tracker] 🧾 Recorded task 'segment_loan_raw' as STARTED
2025-11-07 19:20:03 [INFO] [tracker] 🧾 Recorded task 'segment_loan_raw' as SUCCESS
2025-11-07 19:20:03 [INFO] [tracker] 🧾 Recorded task 'normalize_loan_segmented' as STARTED
2025-11-07 19:20:03 [INFO] [tracker] 🧾 Recorded task 'normalize_loan_segmented' as SUCCESS
2025-11-07 19:20:03 [INFO] [tracker] 🧾 Recorded task 'generate_schema_stats' as STARTED
2025-11-07 19:20:03 [INFO] [tracker] 🧾 Recorded task 'generate_schema_stats' as SUCCESS
2025-11-08 10:20:11 [INFO] [tracker] 🧾 Recorded task 'fetch_files' as STARTED
2025-11-08 10:20:12 [INFO] [tracker] 🧾 Recorded task 'fetch_files' as SUCCESS
2025-11-08 10:20:15 [INFO] [tracker] 🧾 Recorded task 'run_textract_all' as STARTED
2025-11-08 10:20:15 [INFO] [tracker] 🧾 Recorded task 'fetch_files' as STARTED
2025-11-08 10:20:15 [INFO] [tracker] 🧾 Recorded task 'fetch_files' as SUCCESS
2025-11-08 10:20:15 [INFO] [tracker] 🧾 Recorded task 'run_textract_all' as SUCCESS
2025-11-08 10:20:18 [INFO] [tracker] 🧾 Recorded task 'run_segmentation_all' as STARTED
2025-11-08 10:20:18 [INFO] [tracker] 🧾 Recorded task 'segment_dummy_raw' as STARTED
2025-11-08 10:20:18 [INFO] [tracker] 🧾 Recorded task 'segment_dummy_raw' as SUCCESS
2025-11-08 10:20:18 [INFO] [tracker] 🧾 Recorded task 'segment_form_centre_showcase_personal_loan_form_raw' as STARTED
2025-11-08 10:20:18 [INFO] [tracker] 🧾 Recorded task 'segment_form_centre_showcase_personal_loan_form_raw' as SUCCESS
2025-11-08 10:20:18 [INFO] [tracker] 🧾 Recorded task 'segment_gss-term-loan-agreement-ccd-5_raw' as STARTED
2025-11-08 10:20:19 [INFO] [tracker] 🧾 Recorded task 'segment_gss-term-loan-agreement-ccd-5_raw' as SUCCESS
2025-11-08 10:20:19 [INFO] [tracker] 🧾 Recorded task 'segment_home_loan_001_raw' as STARTED
2025-11-08 10:20:19 [INFO] [tracker] 🧾 Recorded task 'segment_home_loan_001_raw' as SUCCESS
2025-11-08 10:20:19 [INFO] [tracker] 🧾 Recorded task 'segment_loan1_raw' as STARTED
2025-11-08 10:20:19 [INFO] [tracker] 🧾 Recorded task 'segment_loan1_raw' as SUCCESS
2025-11-08 10:20:19 [INFO] [tracker] 🧾 Recorded task 'segment_loan2_raw' as STARTED
2025-11-08 10:20:19 [INFO] [tracker] 🧾 Recorded task 'segment_loan2_raw' as SUCCESS
2025-11-08 10:20:19 [INFO] [tracker] 🧾 Recorded task 'segment_loan3_raw' as STARTED
2025-11-08 10:20:20 [INFO] [tracker] 🧾 Recorded task 'segment_loan3_raw' as SUCCESS
2025-11-08 10:20:20 [INFO] [tracker] 🧾 Recorded task 'segment_Personal-Loan-Agreement_raw' as STARTED
2025-11-08 10:20:20 [INFO] [tracker] 🧾 Recorded task 'segment_Personal-Loan-Agreement_raw' as SUCCESS
2025-11-08 10:20:20 [INFO] [tracker] 🧾 Recorded task 'segment_pl_agreement_raw' as STARTED
2025-11-08 10:20:21 [INFO] [tracker] 🧾 Recorded task 'segment_pl_agreement_raw' as SUCCESS
2025-11-08 10:20:21 [INFO] [tracker] 🧾 Recorded task 'segment_specimen-agreement_raw' as STARTED
2025-11-08 10:20:22 [INFO] [tracker] 🧾 Recorded task 'segment_specimen-agreement_raw' as SUCCESS
2025-11-08 10:20:22 [INFO] [tracker] 🧾 Recorded task 'run_segmentation_all' as SUCCESS
2025-11-08 10:20:25 [INFO] [tracker] 🧾 Recorded task 'run_normalization_all' as STARTED
2025-11-08 10:20:25 [INFO] [tracker] 🧾 Recorded task 'normalize_dummy_segmented' as STARTED
2025-11-08 10:20:25 [INFO] [tracker] 🧾 Recorded task 'normalize_dummy_segmented' as SUCCESS
2025-11-08 10:20:25 [INFO] [tracker] 🧾 Recorded task 'normalize_empty_segmented' as STARTED
2025-11-08 10:20:25 [INFO] [tracker] 🧾 Recorded task 'normalize_empty_segmented' as SUCCESS
2025-11-08 10:20:25 [INFO] [tracker] 🧾 Recorded task 'normalize_form_centre_showcase_personal_loan_form_segmented' as STARTED
2025-11-08 10:20:25 [INFO] [tracker] 🧾 Recorded task 'normalize_form_centre_showcase_personal_loan_form_segmented' as SUCCESS
2025-11-08 10:20:25 [INFO] [tracker] 🧾 Recorded task 'normalize_gss-term-loan-agreement-ccd-5_segmented' as STARTED
2025-11-08 10:20:25 [INFO] [tracker] 🧾 Recorded task 'normalize_gss-term-loan-agreement-ccd-5_segmented' as SUCCESS
2025-11-08 10:20:25 [INFO] [tracker] 🧾 Recorded task 'normalize_home_loan_001_segmented' as STARTED
2025-11-08 10:20:26 [INFO] [tracker] 🧾 Recorded task 'normalize_home_loan_001_segmented' as SUCCESS
2025-11-08 10:20:26 [INFO] [tracker] 🧾 Recorded task 'normalize_loan1_segmented' as STARTED
2025-11-08 10:20:26 [INFO] [tracker] 🧾 Recorded task 'normalize_loan1_segmented' as SUCCESS
2025-11-08 10:20:26 [INFO] [tracker] 🧾 Recorded task 'normalize_loan2_segmented' as STARTED
2025-11-08 10:20:26 [INFO] [tracker] 🧾 Recorded task 'normalize_loan2_segmented' as SUCCESS
2025-11-08 10:20:26 [INFO] [tracker] 🧾 Recorded task 'normalize_loan3_segmented' as STARTED
2025-11-08 10:20:26 [INFO] [tracker] 🧾 Recorded task 'normalize_loan3_segmented' as SUCCESS
2025-11-08 10:20:26 [INFO] [tracker] 🧾 Recorded task 'normalize_loan_segmented' as STARTED
2025-11-08 10:20:26 [INFO] [tracker] 🧾 Recorded task 'normalize_loan_segmented' as SUCCESS
2025-11-08 10:20:26 [INFO] [tracker] 🧾 Recorded task 'normalize_Personal-Loan-Agreement_segmented' as STARTED
2025-11-08 10:20:26 [INFO] [tracker] 🧾 Recorded task 'normalize_Personal-Loan-Agreement_segmented' as SUCCESS
2025-11-08 10:20:26 [INFO] [tracker] 🧾 Recorded task 'normalize_pl_agreement_segmented' as STARTED
2025-11-08 10:20:26 [INFO] [tracker] 🧾 Recorded task 'normalize_pl_agreement_segmented' as SUCCESS
2025-11-08 10:20:26 [INFO] [tracker] 🧾 Recorded task 'normalize_specimen-agreement_segmented' as STARTED
2025-11-08 10:20:26 [INFO] [tracker] 🧾 Recorded task 'normalize_specimen-agreement_segmented' as SUCCESS
2025-11-08 10:20:26 [INFO] [tracker] 🧾 Recorded task 'run_normalization_all' as SUCCESS
2025-11-08 10:20:29 [INFO] [tracker] 🧾 Recorded task 'generate_schema_stats' as STARTED
2025-11-08 10:20:30 [INFO] [tracker] 🧾 Recorded task 'generate_schema_stats' as SUCCESS
2025-11-08 10:20:58 [INFO] [tracker] 🧾 Recorded task 'fetch_files' as STARTED
2025-11-08 10:20:58 [INFO] [tracker] 🧾 Recorded task 'fetch_files' as SUCCESS
2025-11-08 10:21:01 [INFO] [tracker] 🧾 Recorded task 'run_textract_all' as STARTED
2025-11-08 10:21:01 [INFO] [tracker] 🧾 Recorded task 'fetch_files' as STARTED
2025-11-08 10:21:01 [INFO] [tracker] 🧾 Recorded task 'fetch_files' as SUCCESS
2025-11-08 10:21:01 [INFO] [tracker] 🧾 Recorded task 'run_textract_all' as SUCCESS
2025-11-08 10:21:05 [INFO] [tracker] 🧾 Recorded task 'run_segmentation_all' as STARTED
2025-11-08 10:21:05 [INFO] [tracker] 🧾 Recorded task 'segment_dummy_raw' as STARTED
2025-11-08 10:21:05 [INFO] [tracker] 🧾 Recorded task 'segment_dummy_raw' as SUCCESS
2025-11-08 10:21:05 [INFO] [tracker] 🧾 Recorded task 'segment_form_centre_showcase_personal_loan_form_raw' as STARTED
2025-11-08 10:21:05 [INFO] [tracker] 🧾 Recorded task 'segment_form_centre_showcase_personal_loan_form_raw' as SUCCESS
2025-11-08 10:21:05 [INFO] [tracker] 🧾 Recorded task 'segment_gss-term-loan-agreement-ccd-5_raw' as STARTED
2025-11-08 10:21:06 [INFO] [tracker] 🧾 Recorded task 'segment_gss-term-loan-agreement-ccd-5_raw' as SUCCESS
2025-11-08 10:21:06 [INFO] [tracker] 🧾 Recorded task 'segment_home_loan_001_raw' as STARTED
2025-11-08 10:21:06 [INFO] [tracker] 🧾 Recorded task 'segment_home_loan_001_raw' as SUCCESS
2025-11-08 10:21:06 [INFO] [tracker] 🧾 Recorded task 'segment_loan1_raw' as STARTED
2025-11-08 10:21:06 [INFO] [tracker] 🧾 Recorded task 'segment_loan1_raw' as SUCCESS
2025-11-08 10:21:06 [INFO] [tracker] 🧾 Recorded task 'segment_loan2_raw' as STARTED
2025-11-08 10:21:06 [INFO] [tracker] 🧾 Recorded task 'segment_loan2_raw' as SUCCESS
2025-11-08 10:21:06 [INFO] [tracker] 🧾 Recorded task 'segment_loan3_raw' as STARTED
2025-11-08 10:21:07 [INFO] [tracker] 🧾 Recorded task 'segment_loan3_raw' as SUCCESS
2025-11-08 10:21:07 [INFO] [tracker] 🧾 Recorded task 'segment_Personal-Loan-Agreement_raw' as STARTED
2025-11-08 10:21:07 [INFO] [tracker] 🧾 Recorded task 'segment_Personal-Loan-Agreement_raw' as SUCCESS
2025-11-08 10:21:07 [INFO] [tracker] 🧾 Recorded task 'segment_pl_agreement_raw' as STARTED
2025-11-08 10:21:08 [INFO] [tracker] 🧾 Recorded task 'segment_pl_agreement_raw' as SUCCESS
2025-11-08 10:21:08 [INFO] [tracker] 🧾 Recorded task 'segment_specimen-agreement_raw' as STARTED
2025-11-08 10:21:08 [INFO] [tracker] 🧾 Recorded task 'segment_specimen-agreement_raw' as SUCCESS
2025-11-08 10:21:08 [INFO] [tracker] 🧾 Recorded task 'run_segmentation_all' as SUCCESS
2025-11-08 10:21:11 [INFO] [tracker] 🧾 Recorded task 'run_normalization_all' as STARTED
2025-11-08 10:21:11 [INFO] [tracker] 🧾 Recorded task 'normalize_dummy_segmented' as STARTED
2025-11-08 10:21:11 [INFO] [tracker] 🧾 Recorded task 'normalize_dummy_segmented' as SUCCESS
2025-11-08 10:21:11 [INFO] [tracker] 🧾 Recorded task 'normalize_empty_segmented' as STARTED
2025-11-08 10:21:11 [INFO] [tracker] 🧾 Recorded task 'normalize_empty_segmented' as SUCCESS
2025-11-08 10:21:11 [INFO] [tracker] 🧾 Recorded task 'normalize_form_centre_showcase_personal_loan_form_segmented' as STARTED
2025-11-08 10:21:11 [INFO] [tracker] 🧾 Recorded task 'normalize_form_centre_showcase_personal_loan_form_segmented' as SUCCESS
2025-11-08 10:21:11 [INFO] [tracker] 🧾 Recorded task 'normalize_gss-term-loan-agreement-ccd-5_segmented' as STARTED
2025-11-08 10:21:11 [INFO] [tracker] 🧾 Recorded task 'normalize_gss-term-loan-agreement-ccd-5_segmented' as SUCCESS
2025-11-08 10:21:11 [INFO] [tracker] 🧾 Recorded task 'normalize_home_loan_001_segmented' as STARTED
2025-11-08 10:21:11 [INFO] [tracker] 🧾 Recorded task 'normalize_home_loan_001_segmented' as SUCCESS
2025-11-08 10:21:11 [INFO] [tracker] 🧾 Recorded task 'normalize_loan1_segmented' as STARTED
2025-11-08 10:21:11 [INFO] [tracker] 🧾 Recorded task 'normalize_loan1_segmented' as SUCCESS
2025-11-08 10:21:11 [INFO] [tracker] 🧾 Recorded task 'normalize_loan2_segmented' as STARTED
2025-11-08 10:21:11 [INFO] [tracker] 🧾 Recorded task 'normalize_loan2_segmented' as SUCCESS
2025-11-08 10:21:11 [INFO] [tracker] 🧾 Recorded task 'normalize_loan3_segmented' as STARTED
2025-11-08 10:21:11 [INFO] [tracker] 🧾 Recorded task 'normalize_loan3_segmented' as SUCCESS
2025-11-08 10:21:11 [INFO] [tracker] 🧾 Recorded task 'normalize_loan_segmented' as STARTED
2025-11-08 10:21:11 [INFO] [tracker] 🧾 Recorded task 'normalize_loan_segmented' as SUCCESS
2025-11-08 10:21:11 [INFO] [tracker] 🧾 Recorded task 'normalize_Personal-Loan-Agreement_segmented' as STARTED
2025-11-08 10:21:11 [INFO] [tracker] 🧾 Recorded task 'normalize_Personal-Loan-Agreement_segmented' as SUCCESS
2025-11-08 10:21:11 [INFO] [tracker] 🧾 Recorded task 'normalize_pl_agreement_segmented' as STARTED
2025-11-08 10:21:12 [INFO] [tracker] 🧾 Recorded task 'normalize_pl_agreement_segmented' as SUCCESS
2025-11-08 10:21:12 [INFO] [tracker] 🧾 Recorded task 'normalize_specimen-agreement_segmented' as STARTED
2025-11-08 10:21:12 [INFO] [tracker] 🧾 Recorded task 'normalize_specimen-agreement_segmented' as SUCCESS
2025-11-08 10:21:12 [INFO] [tracker] 🧾 Recorded task 'run_normalization_all' as SUCCESS
2025-11-08 10:21:15 [INFO] [tracker] 🧾 Recorded task 'generate_schema_stats' as STARTED
2025-11-08 10:21:15 [INFO] [tracker] 🧾 Recorded task 'generate_schema_stats' as SUCCESS
2025-11-08 10:25:37 [INFO] [tracker] 🧾 Recorded task 'fetch_files' as STARTED
2025-11-08 10:25:38 [INFO] [tracker] 🧾 Recorded task 'fetch_files' as SUCCESS
2025-11-08 10:28:09 [INFO] [tracker] 🧾 Recorded task 'run_textract_all' as STARTED
2025-11-08 10:28:09 [INFO] [tracker] 🧾 Recorded task 'fetch_files' as STARTED
2025-11-08 10:28:10 [INFO] [tracker] 🧾 Recorded task 'fetch_files' as SUCCESS
2025-11-08 10:28:10 [INFO] [tracker] 🧾 Recorded task 'run_textract_all' as SUCCESS
2025-11-08 10:29:27 [INFO] [tracker] 🧾 Recorded task 'fetch_files' as STARTED
2025-11-08 10:29:28 [INFO] [tracker] 🧾 Recorded task 'fetch_files' as SUCCESS
2025-11-08 10:29:30 [INFO] [tracker] 🧾 Recorded task 'run_textract_all' as STARTED
2025-11-08 10:29:30 [INFO] [tracker] 🧾 Recorded task 'fetch_files' as STARTED
2025-11-08 10:29:30 [INFO] [tracker] 🧾 Recorded task 'fetch_files' as SUCCESS
2025-11-08 10:29:30 [INFO] [tracker] 🧾 Recorded task 'run_textract_all' as SUCCESS
2025-11-08 10:29:33 [INFO] [tracker] 🧾 Recorded task 'run_segmentation_all' as STARTED
2025-11-08 10:29:33 [INFO] [tracker] 🧾 Recorded task 'segment_dummy_raw' as STARTED
2025-11-08 10:29:33 [INFO] [tracker] 🧾 Recorded task 'segment_dummy_raw' as SUCCESS
2025-11-08 10:29:33 [INFO] [tracker] 🧾 Recorded task 'segment_form_centre_showcase_personal_loan_form_raw' as STARTED
2025-11-08 10:29:33 [INFO] [tracker] 🧾 Recorded task 'segment_form_centre_showcase_personal_loan_form_raw' as SUCCESS
2025-11-08 10:29:33 [INFO] [tracker] 🧾 Recorded task 'segment_gss-term-loan-agreement-ccd-5_raw' as STARTED
2025-11-08 10:29:34 [INFO] [tracker] 🧾 Recorded task 'segment_gss-term-loan-agreement-ccd-5_raw' as SUCCESS
2025-11-08 10:29:34 [INFO] [tracker] 🧾 Recorded task 'segment_home_loan_001_raw' as STARTED
2025-11-08 10:29:34 [INFO] [tracker] 🧾 Recorded task 'segment_home_loan_001_raw' as SUCCESS
2025-11-08 10:29:34 [INFO] [tracker] 🧾 Recorded task 'segment_loan1_raw' as STARTED
2025-11-08 10:29:34 [INFO] [tracker] 🧾 Recorded task 'segment_loan1_raw' as SUCCESS
2025-11-08 10:29:34 [INFO] [tracker] 🧾 Recorded task 'segment_loan2_raw' as STARTED
2025-11-08 10:29:34 [INFO] [tracker] 🧾 Recorded task 'segment_loan2_raw' as SUCCESS
2025-11-08 10:29:35 [INFO] [tracker] 🧾 Recorded task 'segment_loan3_raw' as STARTED
2025-11-08 10:29:35 [INFO] [tracker] 🧾 Recorded task 'segment_loan3_raw' as SUCCESS
2025-11-08 10:29:35 [INFO] [tracker] 🧾 Recorded task 'segment_Personal-Loan-Agreement_raw' as STARTED
2025-11-08 10:29:35 [INFO] [tracker] 🧾 Recorded task 'segment_Personal-Loan-Agreement_raw' as SUCCESS
2025-11-08 10:29:35 [INFO] [tracker] 🧾 Recorded task 'segment_pl_agreement_raw' as STARTED
2025-11-08 10:29:36 [INFO] [tracker] 🧾 Recorded task 'segment_pl_agreement_raw' as SUCCESS
2025-11-08 10:29:36 [INFO] [tracker] 🧾 Recorded task 'segment_specimen-agreement_raw' as STARTED
2025-11-08 10:29:37 [INFO] [tracker] 🧾 Recorded task 'segment_specimen-agreement_raw' as SUCCESS
2025-11-08 10:29:37 [INFO] [tracker] 🧾 Recorded task 'run_segmentation_all' as SUCCESS
2025-11-08 10:29:39 [INFO] [tracker] 🧾 Recorded task 'run_normalization_all' as STARTED
2025-11-08 10:29:39 [INFO] [tracker] 🧾 Recorded task 'normalize_dummy_segmented' as STARTED
2025-11-08 10:29:39 [INFO] [tracker] 🧾 Recorded task 'normalize_dummy_segmented' as SUCCESS
2025-11-08 10:29:39 [INFO] [tracker] 🧾 Recorded task 'normalize_empty_segmented' as STARTED
2025-11-08 10:29:39 [INFO] [tracker] 🧾 Recorded task 'normalize_empty_segmented' as SUCCESS
2025-11-08 10:29:39 [INFO] [tracker] 🧾 Recorded task 'normalize_form_centre_showcase_personal_loan_form_segmented' as STARTED
2025-11-08 10:29:39 [INFO] [tracker] 🧾 Recorded task 'normalize_form_centre_showcase_personal_loan_form_segmented' as SUCCESS
2025-11-08 10:29:39 [INFO] [tracker] 🧾 Recorded task 'normalize_gss-term-loan-agreement-ccd-5_segmented' as STARTED
2025-11-08 10:29:39 [INFO] [tracker] 🧾 Recorded task 'normalize_gss-term-loan-agreement-ccd-5_segmented' as SUCCESS
2025-11-08 10:29:39 [INFO] [tracker] 🧾 Recorded task 'normalize_home_loan_001_segmented' as STARTED
2025-11-08 10:29:40 [INFO] [tracker] 🧾 Recorded task 'normalize_home_loan_001_segmented' as SUCCESS
2025-11-08 10:29:40 [INFO] [tracker] 🧾 Recorded task 'normalize_loan1_segmented' as STARTED
2025-11-08 10:29:40 [INFO] [tracker] 🧾 Recorded task 'normalize_loan1_segmented' as SUCCESS
2025-11-08 10:29:40 [INFO] [tracker] 🧾 Recorded task 'normalize_loan2_segmented' as STARTED
2025-11-08 10:29:40 [INFO] [tracker] 🧾 Recorded task 'normalize_loan2_segmented' as SUCCESS
2025-11-08 10:29:40 [INFO] [tracker] 🧾 Recorded task 'normalize_loan3_segmented' as STARTED
2025-11-08 10:29:40 [INFO] [tracker] 🧾 Recorded task 'normalize_loan3_segmented' as SUCCESS
2025-11-08 10:29:40 [INFO] [tracker] 🧾 Recorded task 'normalize_loan_segmented' as STARTED
2025-11-08 10:29:40 [INFO] [tracker] 🧾 Recorded task 'normalize_loan_segmented' as SUCCESS
2025-11-08 10:29:40 [INFO] [tracker] 🧾 Recorded task 'normalize_Personal-Loan-Agreement_segmented' as STARTED
2025-11-08 10:29:40 [INFO] [tracker] 🧾 Recorded task 'normalize_Personal-Loan-Agreement_segmented' as SUCCESS
2025-11-08 10:29:40 [INFO] [tracker] 🧾 Recorded task 'normalize_pl_agreement_segmented' as STARTED
2025-11-08 10:29:40 [INFO] [tracker] 🧾 Recorded task 'normalize_pl_agreement_segmented' as SUCCESS
2025-11-08 10:29:40 [INFO] [tracker] 🧾 Recorded task 'normalize_specimen-agreement_segmented' as STARTED
2025-11-08 10:29:40 [INFO] [tracker] 🧾 Recorded task 'normalize_specimen-agreement_segmented' as SUCCESS
2025-11-08 10:29:40 [INFO] [tracker] 🧾 Recorded task 'run_normalization_all' as SUCCESS
2025-11-08 10:29:43 [INFO] [tracker] 🧾 Recorded task 'generate_schema_stats' as STARTED
2025-11-08 10:29:43 [INFO] [tracker] 🧾 Recorded task 'generate_schema_stats' as SUCCESS
2025-11-08 10:33:35 [INFO] [tracker] 🧾 Recorded task 'run_textract_all' as STARTED
2025-11-08 10:33:35 [INFO] [tracker] 🧾 Recorded task 'fetch_files' as STARTED
2025-11-08 10:33:36 [INFO] [tracker] 🧾 Recorded task 'fetch_files' as SUCCESS
2025-11-08 10:33:36 [INFO] [tracker] 🧾 Recorded task 'run_textract_all' as SUCCESS
2025-11-08 10:35:48 [INFO] [tracker] 🧾 Recorded task 'fetch_files' as STARTED
2025-11-08 10:35:49 [INFO] [tracker] 🧾 Recorded task 'fetch_files' as SUCCESS
2025-11-08 10:35:51 [INFO] [tracker] 🧾 Recorded task 'run_textract_all' as STARTED
2025-11-08 10:35:51 [INFO] [tracker] 🧾 Recorded task 'fetch_files' as STARTED
2025-11-08 10:35:51 [INFO] [tracker] 🧾 Recorded task 'fetch_files' as SUCCESS
2025-11-08 10:35:51 [INFO] [tracker] 🧾 Recorded task 'run_textract_home_loan_001' as STARTED
2025-11-08 10:36:02 [INFO] [tracker] 🧾 Recorded task 'run_textract_home_loan_001' as SUCCESS
2025-11-08 10:36:07 [INFO] [tracker] 🧾 Recorded task 'run_textract_all' as SUCCESS
2025-11-08 10:36:10 [INFO] [tracker] 🧾 Recorded task 'run_segmentation_all' as STARTED
2025-11-08 10:36:10 [INFO] [tracker] 🧾 Recorded task 'segment_dummy_raw' as STARTED
2025-11-08 10:36:10 [INFO] [tracker] 🧾 Recorded task 'segment_dummy_raw' as SUCCESS
2025-11-08 10:36:10 [INFO] [tracker] 🧾 Recorded task 'segment_form_centre_showcase_personal_loan_form_raw' as STARTED
2025-11-08 10:36:10 [INFO] [tracker] 🧾 Recorded task 'segment_form_centre_showcase_personal_loan_form_raw' as SUCCESS
2025-11-08 10:36:10 [INFO] [tracker] 🧾 Recorded task 'segment_gss-term-loan-agreement-ccd-5_raw' as STARTED
2025-11-08 10:36:12 [INFO] [tracker] 🧾 Recorded task 'segment_gss-term-loan-agreement-ccd-5_raw' as SUCCESS
2025-11-08 10:36:12 [INFO] [tracker] 🧾 Recorded task 'segment_home_loan_001_raw' as STARTED
2025-11-08 10:36:12 [INFO] [tracker] 🧾 Recorded task 'segment_home_loan_001_raw' as SUCCESS
2025-11-08 10:36:12 [INFO] [tracker] 🧾 Recorded task 'segment_loan1_raw' as STARTED
2025-11-08 10:36:12 [INFO] [tracker] 🧾 Recorded task 'segment_loan1_raw' as SUCCESS
2025-11-08 10:36:12 [INFO] [tracker] 🧾 Recorded task 'segment_loan2_raw' as STARTED
2025-11-08 10:36:12 [INFO] [tracker] 🧾 Recorded task 'segment_loan2_raw' as SUCCESS
2025-11-08 10:36:12 [INFO] [tracker] 🧾 Recorded task 'segment_loan3_raw' as STARTED
2025-11-08 10:36:13 [INFO] [tracker] 🧾 Recorded task 'segment_loan3_raw' as SUCCESS
2025-11-08 10:36:13 [INFO] [tracker] 🧾 Recorded task 'segment_Personal-Loan-Agreement_raw' as STARTED
2025-11-08 10:36:14 [INFO] [tracker] 🧾 Recorded task 'segment_Personal-Loan-Agreement_raw' as SUCCESS
2025-11-08 10:36:14 [INFO] [tracker] 🧾 Recorded task 'segment_pl_agreement_raw' as STARTED
2025-11-08 10:36:14 [INFO] [tracker] 🧾 Recorded task 'segment_pl_agreement_raw' as SUCCESS
2025-11-08 10:36:14 [INFO] [tracker] 🧾 Recorded task 'segment_specimen-agreement_raw' as STARTED
2025-11-08 10:36:15 [INFO] [tracker] 🧾 Recorded task 'segment_specimen-agreement_raw' as SUCCESS
2025-11-08 10:36:15 [INFO] [tracker] 🧾 Recorded task 'run_segmentation_all' as SUCCESS
2025-11-08 10:36:17 [INFO] [tracker] 🧾 Recorded task 'run_normalization_all' as STARTED
2025-11-08 10:36:17 [INFO] [tracker] 🧾 Recorded task 'normalize_dummy_segmented' as STARTED
2025-11-08 10:36:17 [INFO] [tracker] 🧾 Recorded task 'normalize_dummy_segmented' as SUCCESS
2025-11-08 10:36:17 [INFO] [tracker] 🧾 Recorded task 'normalize_empty_segmented' as STARTED
2025-11-08 10:36:17 [INFO] [tracker] 🧾 Recorded task 'normalize_empty_segmented' as SUCCESS
2025-11-08 10:36:17 [INFO] [tracker] 🧾 Recorded task 'normalize_form_centre_showcase_personal_loan_form_segmented' as STARTED
2025-11-08 10:36:17 [INFO] [tracker] 🧾 Recorded task 'normalize_form_centre_showcase_personal_loan_form_segmented' as SUCCESS
2025-11-08 10:36:17 [INFO] [tracker] 🧾 Recorded task 'normalize_gss-term-loan-agreement-ccd-5_segmented' as STARTED
2025-11-08 10:36:17 [INFO] [tracker] 🧾 Recorded task 'normalize_gss-term-loan-agreement-ccd-5_segmented' as SUCCESS
2025-11-08 10:36:17 [INFO] [tracker] 🧾 Recorded task 'normalize_home_loan_001_segmented' as STARTED
2025-11-08 10:36:17 [INFO] [tracker] 🧾 Recorded task 'normalize_home_loan_001_segmented' as SUCCESS
2025-11-08 10:36:17 [INFO] [tracker] 🧾 Recorded task 'normalize_loan1_segmented' as STARTED
2025-11-08 10:36:17 [INFO] [tracker] 🧾 Recorded task 'normalize_loan1_segmented' as SUCCESS
2025-11-08 10:36:18 [INFO] [tracker] 🧾 Recorded task 'normalize_loan2_segmented' as STARTED
2025-11-08 10:36:18 [INFO] [tracker] 🧾 Recorded task 'normalize_loan2_segmented' as SUCCESS
2025-11-08 10:36:18 [INFO] [tracker] 🧾 Recorded task 'normalize_loan3_segmented' as STARTED
2025-11-08 10:36:18 [INFO] [tracker] 🧾 Recorded task 'normalize_loan3_segmented' as SUCCESS
2025-11-08 10:36:18 [INFO] [tracker] 🧾 Recorded task 'normalize_loan_segmented' as STARTED
2025-11-08 10:36:18 [INFO] [tracker] 🧾 Recorded task 'normalize_loan_segmented' as SUCCESS
2025-11-08 10:36:18 [INFO] [tracker] 🧾 Recorded task 'normalize_Personal-Loan-Agreement_segmented' as STARTED
2025-11-08 10:36:18 [INFO] [tracker] 🧾 Recorded task 'normalize_Personal-Loan-Agreement_segmented' as SUCCESS
2025-11-08 10:36:18 [INFO] [tracker] 🧾 Recorded task 'normalize_pl_agreement_segmented' as STARTED
2025-11-08 10:36:18 [INFO] [tracker] 🧾 Recorded task 'normalize_pl_agreement_segmented' as SUCCESS
2025-11-08 10:36:18 [INFO] [tracker] 🧾 Recorded task 'normalize_specimen-agreement_segmented' as STARTED
2025-11-08 10:36:18 [INFO] [tracker] 🧾 Recorded task 'normalize_specimen-agreement_segmented' as SUCCESS
2025-11-08 10:36:18 [INFO] [tracker] 🧾 Recorded task 'run_normalization_all' as SUCCESS
2025-11-08 10:36:21 [INFO] [tracker] 🧾 Recorded task 'generate_schema_stats' as STARTED
2025-11-08 10:36:21 [INFO] [tracker] 🧾 Recorded task 'generate_schema_stats' as SUCCESS
2025-11-08 10:45:11 [INFO] [tracker] 🧾 Recorded task 'fetch_files' as STARTED
2025-11-08 10:45:12 [INFO] [tracker] 🧾 Recorded task 'fetch_files' as SUCCESS
2025-11-08 10:45:15 [INFO] [tracker] 🧾 Recorded task 'run_textract_all' as STARTED
2025-11-08 10:45:15 [INFO] [tracker] 🧾 Recorded task 'fetch_files' as STARTED
2025-11-08 10:45:15 [INFO] [tracker] 🧾 Recorded task 'fetch_files' as SUCCESS
2025-11-08 10:45:15 [INFO] [tracker] 🧾 Recorded task 'run_textract_all' as SUCCESS
2025-11-08 10:45:18 [INFO] [tracker] 🧾 Recorded task 'run_segmentation_all' as STARTED
2025-11-08 10:45:18 [INFO] [tracker] 🧾 Recorded task 'segment_dummy_raw' as STARTED
2025-11-08 10:45:18 [INFO] [tracker] 🧾 Recorded task 'segment_dummy_raw' as SUCCESS
2025-11-08 10:45:18 [INFO] [tracker] 🧾 Recorded task 'segment_form_centre_showcase_personal_loan_form_raw' as STARTED
2025-11-08 10:45:18 [INFO] [tracker] 🧾 Recorded task 'segment_form_centre_showcase_personal_loan_form_raw' as SUCCESS
2025-11-08 10:45:18 [INFO] [tracker] 🧾 Recorded task 'segment_gss-term-loan-agreement-ccd-5_raw' as STARTED
2025-11-08 10:45:18 [INFO] [tracker] 🧾 Recorded task 'segment_gss-term-loan-agreement-ccd-5_raw' as SUCCESS
2025-11-08 10:45:18 [INFO] [tracker] 🧾 Recorded task 'segment_home_loan_001_raw' as STARTED
2025-11-08 10:45:18 [INFO] [tracker] 🧾 Recorded task 'segment_home_loan_001_raw' as SUCCESS
2025-11-08 10:45:18 [INFO] [tracker] 🧾 Recorded task 'segment_loan1_raw' as STARTED
2025-11-08 10:45:19 [INFO] [tracker] 🧾 Recorded task 'segment_loan1_raw' as SUCCESS
2025-11-08 10:45:19 [INFO] [tracker] 🧾 Recorded task 'segment_loan2_raw' as STARTED
2025-11-08 10:45:19 [INFO] [tracker] 🧾 Recorded task 'segment_loan2_raw' as SUCCESS
2025-11-08 10:45:19 [INFO] [tracker] 🧾 Recorded task 'segment_loan3_raw' as STARTED
2025-11-08 10:45:19 [INFO] [tracker] 🧾 Recorded task 'segment_loan3_raw' as SUCCESS
2025-11-08 10:45:19 [INFO] [tracker] 🧾 Recorded task 'segment_Personal-Loan-Agreement_raw' as STARTED
2025-11-08 10:45:20 [INFO] [tracker] 🧾 Recorded task 'segment_Personal-Loan-Agreement_raw' as SUCCESS
2025-11-08 10:45:20 [INFO] [tracker] 🧾 Recorded task 'segment_pl_agreement_raw' as STARTED
2025-11-08 10:45:20 [INFO] [tracker] 🧾 Recorded task 'segment_pl_agreement_raw' as SUCCESS
2025-11-08 10:45:20 [INFO] [tracker] 🧾 Recorded task 'segment_specimen-agreement_raw' as STARTED
2025-11-08 10:45:20 [INFO] [tracker] 🧾 Recorded task 'segment_specimen-agreement_raw' as SUCCESS
2025-11-08 10:45:20 [INFO] [tracker] 🧾 Recorded task 'run_segmentation_all' as SUCCESS
2025-11-08 10:45:23 [INFO] [tracker] 🧾 Recorded task 'run_normalization_all' as STARTED
2025-11-08 10:45:23 [INFO] [tracker] 🧾 Recorded task 'normalize_dummy_segmented' as STARTED
2025-11-08 10:45:23 [INFO] [tracker] 🧾 Recorded task 'normalize_dummy_segmented' as SUCCESS
2025-11-08 10:45:23 [INFO] [tracker] 🧾 Recorded task 'normalize_empty_segmented' as STARTED
2025-11-08 10:45:23 [INFO] [tracker] 🧾 Recorded task 'normalize_empty_segmented' as SUCCESS
2025-11-08 10:45:23 [INFO] [tracker] 🧾 Recorded task 'normalize_form_centre_showcase_personal_loan_form_segmented' as STARTED
2025-11-08 10:45:23 [INFO] [tracker] 🧾 Recorded task 'normalize_form_centre_showcase_personal_loan_form_segmented' as SUCCESS
2025-11-08 10:45:23 [INFO] [tracker] 🧾 Recorded task 'normalize_gss-term-loan-agreement-ccd-5_segmented' as STARTED
2025-11-08 10:45:23 [INFO] [tracker] 🧾 Recorded task 'normalize_gss-term-loan-agreement-ccd-5_segmented' as SUCCESS
2025-11-08 10:45:23 [INFO] [tracker] 🧾 Recorded task 'normalize_home_loan_001_segmented' as STARTED
2025-11-08 10:45:23 [INFO] [tracker] 🧾 Recorded task 'normalize_home_loan_001_segmented' as SUCCESS
2025-11-08 10:45:23 [INFO] [tracker] 🧾 Recorded task 'normalize_loan1_segmented' as STARTED
2025-11-08 10:45:23 [INFO] [tracker] 🧾 Recorded task 'normalize_loan1_segmented' as SUCCESS
2025-11-08 10:45:23 [INFO] [tracker] 🧾 Recorded task 'normalize_loan2_segmented' as STARTED
2025-11-08 10:45:24 [INFO] [tracker] 🧾 Recorded task 'normalize_loan2_segmented' as SUCCESS
2025-11-08 10:45:24 [INFO] [tracker] 🧾 Recorded task 'normalize_loan3_segmented' as STARTED
2025-11-08 10:45:24 [INFO] [tracker] 🧾 Recorded task 'normalize_loan3_segmented' as SUCCESS
2025-11-08 10:45:24 [INFO] [tracker] 🧾 Recorded task 'normalize_loan_segmented' as STARTED
2025-11-08 10:45:24 [INFO] [tracker] 🧾 Recorded task 'normalize_loan_segmented' as SUCCESS
2025-11-08 10:45:24 [INFO] [tracker] 🧾 Recorded task 'normalize_Personal-Loan-Agreement_segmented' as STARTED
2025-11-08 10:45:24 [INFO] [tracker] 🧾 Recorded task 'normalize_Personal-Loan-Agreement_segmented' as SUCCESS
2025-11-08 10:45:24 [INFO] [tracker] 🧾 Recorded task 'normalize_pl_agreement_segmented' as STARTED
2025-11-08 10:45:24 [INFO] [tracker] 🧾 Recorded task 'normalize_pl_agreement_segmented' as SUCCESS
2025-11-08 10:45:24 [INFO] [tracker] 🧾 Recorded task 'normalize_specimen-agreement_segmented' as STARTED
2025-11-08 10:45:24 [INFO] [tracker] 🧾 Recorded task 'normalize_specimen-agreement_segmented' as SUCCESS
2025-11-08 10:45:24 [INFO] [tracker] 🧾 Recorded task 'run_normalization_all' as SUCCESS
2025-11-08 10:45:26 [INFO] [tracker] 🧾 Recorded task 'generate_schema_stats' as STARTED
2025-11-08 10:45:26 [INFO] [tracker] 🧾 Recorded task 'generate_schema_stats' as SUCCESS
2025-11-08 10:49:21 [INFO] [tracker] 🧾 Recorded task 'fetch_files' as STARTED
2025-11-08 10:49:22 [INFO] [tracker] 🧾 Recorded task 'fetch_files' as SUCCESS
2025-11-08 10:49:24 [INFO] [tracker] 🧾 Recorded task 'run_textract_all' as STARTED
2025-11-08 10:49:24 [INFO] [tracker] 🧾 Recorded task 'fetch_files' as STARTED
2025-11-08 10:49:24 [INFO] [tracker] 🧾 Recorded task 'fetch_files' as SUCCESS
2025-11-08 10:49:24 [INFO] [tracker] 🧾 Recorded task 'run_textract_all' as SUCCESS
2025-11-08 10:49:27 [INFO] [tracker] 🧾 Recorded task 'run_segmentation_all' as STARTED
2025-11-08 10:49:27 [INFO] [tracker] 🧾 Recorded task 'segment_dummy_raw' as STARTED
2025-11-08 10:49:27 [INFO] [tracker] 🧾 Recorded task 'segment_dummy_raw' as SUCCESS
2025-11-08 10:49:27 [INFO] [tracker] 🧾 Recorded task 'segment_form_centre_showcase_personal_loan_form_raw' as STARTED
2025-11-08 10:49:27 [INFO] [tracker] 🧾 Recorded task 'segment_form_centre_showcase_personal_loan_form_raw' as SUCCESS
2025-11-08 10:49:27 [INFO] [tracker] 🧾 Recorded task 'segment_gss-term-loan-agreement-ccd-5_raw' as STARTED
2025-11-08 10:49:28 [INFO] [tracker] 🧾 Recorded task 'segment_gss-term-loan-agreement-ccd-5_raw' as SUCCESS
2025-11-08 10:49:28 [INFO] [tracker] 🧾 Recorded task 'segment_home_loan_001_raw' as STARTED
2025-11-08 10:49:28 [INFO] [tracker] 🧾 Recorded task 'segment_home_loan_001_raw' as SUCCESS
2025-11-08 10:49:28 [INFO] [tracker] 🧾 Recorded task 'segment_loan1_raw' as STARTED
2025-11-08 10:49:28 [INFO] [tracker] 🧾 Recorded task 'segment_loan1_raw' as SUCCESS
2025-11-08 10:49:28 [INFO] [tracker] 🧾 Recorded task 'segment_loan2_raw' as STARTED
2025-11-08 10:49:28 [INFO] [tracker] 🧾 Recorded task 'segment_loan2_raw' as SUCCESS
2025-11-08 10:49:28 [INFO] [tracker] 🧾 Recorded task 'segment_loan3_raw' as STARTED
2025-11-08 10:49:29 [INFO] [tracker] 🧾 Recorded task 'segment_loan3_raw' as SUCCESS
2025-11-08 10:49:29 [INFO] [tracker] 🧾 Recorded task 'segment_Personal-Loan-Agreement_raw' as STARTED
2025-11-08 10:49:29 [INFO] [tracker] 🧾 Recorded task 'segment_Personal-Loan-Agreement_raw' as SUCCESS
2025-11-08 10:49:29 [INFO] [tracker] 🧾 Recorded task 'segment_pl_agreement_raw' as STARTED
2025-11-08 10:49:29 [INFO] [tracker] 🧾 Recorded task 'segment_pl_agreement_raw' as SUCCESS
2025-11-08 10:49:29 [INFO] [tracker] 🧾 Recorded task 'segment_specimen-agreement_raw' as STARTED
2025-11-08 10:49:30 [INFO] [tracker] 🧾 Recorded task 'segment_specimen-agreement_raw' as SUCCESS
2025-11-08 10:49:30 [INFO] [tracker] 🧾 Recorded task 'run_segmentation_all' as SUCCESS
2025-11-08 10:49:32 [INFO] [tracker] 🧾 Recorded task 'run_normalization_all' as STARTED
2025-11-08 10:49:32 [INFO] [tracker] 🧾 Recorded task 'normalize_dummy_segmented' as STARTED
2025-11-08 10:49:32 [INFO] [tracker] 🧾 Recorded task 'normalize_dummy_segmented' as SUCCESS
2025-11-08 10:49:32 [INFO] [tracker] 🧾 Recorded task 'normalize_empty_segmented' as STARTED
2025-11-08 10:49:32 [INFO] [tracker] 🧾 Recorded task 'normalize_empty_segmented' as SUCCESS
2025-11-08 10:49:32 [INFO] [tracker] 🧾 Recorded task 'normalize_form_centre_showcase_personal_loan_form_segmented' as STARTED
2025-11-08 10:49:32 [INFO] [tracker] 🧾 Recorded task 'normalize_form_centre_showcase_personal_loan_form_segmented' as SUCCESS
2025-11-08 10:49:32 [INFO] [tracker] 🧾 Recorded task 'normalize_gss-term-loan-agreement-ccd-5_segmented' as STARTED
2025-11-08 10:49:32 [INFO] [tracker] 🧾 Recorded task 'normalize_gss-term-loan-agreement-ccd-5_segmented' as SUCCESS
2025-11-08 10:49:32 [INFO] [tracker] 🧾 Recorded task 'normalize_home_loan_001_segmented' as STARTED
2025-11-08 10:49:32 [INFO] [tracker] 🧾 Recorded task 'normalize_home_loan_001_segmented' as SUCCESS
2025-11-08 10:49:32 [INFO] [tracker] 🧾 Recorded task 'normalize_loan1_segmented' as STARTED
2025-11-08 10:49:32 [INFO] [tracker] 🧾 Recorded task 'normalize_loan1_segmented' as SUCCESS
2025-11-08 10:49:32 [INFO] [tracker] 🧾 Recorded task 'normalize_loan2_segmented' as STARTED
2025-11-08 10:49:32 [INFO] [tracker] 🧾 Recorded task 'normalize_loan2_segmented' as SUCCESS
2025-11-08 10:49:32 [INFO] [tracker] 🧾 Recorded task 'normalize_loan3_segmented' as STARTED
2025-11-08 10:49:33 [INFO] [tracker] 🧾 Recorded task 'normalize_loan3_segmented' as SUCCESS
2025-11-08 10:49:33 [INFO] [tracker] 🧾 Recorded task 'normalize_loan_segmented' as STARTED
2025-11-08 10:49:33 [INFO] [tracker] 🧾 Recorded task 'normalize_loan_segmented' as SUCCESS
2025-11-08 10:49:33 [INFO] [tracker] 🧾 Recorded task 'normalize_Personal-Loan-Agreement_segmented' as STARTED
2025-11-08 10:49:33 [INFO] [tracker] 🧾 Recorded task 'normalize_Personal-Loan-Agreement_segmented' as SUCCESS
2025-11-08 10:49:33 [INFO] [tracker] 🧾 Recorded task 'normalize_pl_agreement_segmented' as STARTED
2025-11-08 10:49:33 [INFO] [tracker] 🧾 Recorded task 'normalize_pl_agreement_segmented' as SUCCESS
2025-11-08 10:49:33 [INFO] [tracker] 🧾 Recorded task 'normalize_specimen-agreement_segmented' as STARTED
2025-11-08 10:49:33 [INFO] [tracker] 🧾 Recorded task 'normalize_specimen-agreement_segmented' as SUCCESS
2025-11-08 10:49:33 [INFO] [tracker] 🧾 Recorded task 'run_normalization_all' as SUCCESS
2025-11-08 10:49:35 [INFO] [tracker] 🧾 Recorded task 'generate_schema_stats' as STARTED
2025-11-08 10:49:36 [INFO] [tracker] 🧾 Recorded task 'generate_schema_stats' as SUCCESS
2025-11-08 11:09:14 [INFO] [tracker] 🧾 Recorded task 'fetch_files' as STARTED
2025-11-08 11:09:15 [INFO] [tracker] 🧾 Recorded task 'fetch_files' as SUCCESS
2025-11-08 11:44:51 [INFO] [tracker] 🧭 Logger initialized for stage 'tracker' → /opt/project/logs/aws_extraction_logs/tracker.log
2025-11-08 11:45:26 [INFO] [tracker] 🧭 Logger initialized for stage 'tracker' → /opt/project/logs/aws_extraction_logs/tracker.log
2025-11-08 11:45:34 [INFO] [tracker] 🧭 Logger initialized for stage 'tracker' → /opt/project/logs/aws_extraction_logs/tracker.log
2025-11-08 11:45:37 [INFO] [tracker] 🧾 Recorded task 'fetch_files' as STARTED
2025-11-08 11:45:38 [INFO] [tracker] 🧾 Recorded task 'fetch_files' as SUCCESS
2025-11-08 11:45:39 [INFO] [tracker] 🧭 Logger initialized for stage 'tracker' → /opt/project/logs/aws_extraction_logs/tracker.log
2025-11-08 11:45:41 [INFO] [tracker] 🧾 Recorded task 'run_textract_all' as STARTED
2025-11-08 11:45:41 [INFO] [tracker] 🧾 Recorded task 'fetch_files' as STARTED
2025-11-08 11:45:42 [INFO] [tracker] 🧾 Recorded task 'fetch_files' as SUCCESS
2025-11-08 11:45:42 [INFO] [tracker] 🧾 Recorded task 'run_textract_all' as SUCCESS
2025-11-08 11:45:43 [INFO] [tracker] 🧭 Logger initialized for stage 'tracker' → /opt/project/logs/aws_extraction_logs/tracker.log
2025-11-08 11:45:45 [INFO] [tracker] 🧾 Recorded task 'run_segmentation_all' as STARTED
2025-11-08 11:45:45 [INFO] [tracker] 🧾 Recorded task 'segment_dummy_raw' as STARTED
2025-11-08 11:45:45 [INFO] [tracker] 🧾 Recorded task 'segment_dummy_raw' as SUCCESS
2025-11-08 11:45:45 [INFO] [tracker] 🧾 Recorded task 'segment_form_centre_showcase_personal_loan_form_raw' as STARTED
2025-11-08 11:45:45 [INFO] [tracker] 🧾 Recorded task 'segment_form_centre_showcase_personal_loan_form_raw' as SUCCESS
2025-11-08 11:45:45 [INFO] [tracker] 🧾 Recorded task 'segment_gss-term-loan-agreement-ccd-5_raw' as STARTED
2025-11-08 11:45:46 [INFO] [tracker] 🧾 Recorded task 'segment_gss-term-loan-agreement-ccd-5_raw' as SUCCESS
2025-11-08 11:45:46 [INFO] [tracker] 🧾 Recorded task 'segment_home_loan_001_raw' as STARTED
2025-11-08 11:45:47 [INFO] [tracker] 🧾 Recorded task 'segment_home_loan_001_raw' as SUCCESS
2025-11-08 11:45:47 [INFO] [tracker] 🧾 Recorded task 'segment_loan1_raw' as STARTED
2025-11-08 11:45:47 [INFO] [tracker] 🧾 Recorded task 'segment_loan1_raw' as SUCCESS
2025-11-08 11:45:47 [INFO] [tracker] 🧾 Recorded task 'segment_loan2_raw' as STARTED
2025-11-08 11:45:47 [INFO] [tracker] 🧾 Recorded task 'segment_loan2_raw' as SUCCESS
2025-11-08 11:45:47 [INFO] [tracker] 🧾 Recorded task 'segment_loan3_raw' as STARTED
2025-11-08 11:45:48 [INFO] [tracker] 🧾 Recorded task 'segment_loan3_raw' as SUCCESS
2025-11-08 11:45:48 [INFO] [tracker] 🧾 Recorded task 'segment_Personal-Loan-Agreement_raw' as STARTED
2025-11-08 11:45:48 [INFO] [tracker] 🧾 Recorded task 'segment_Personal-Loan-Agreement_raw' as SUCCESS
2025-11-08 11:45:48 [INFO] [tracker] 🧾 Recorded task 'segment_pl_agreement_raw' as STARTED
2025-11-08 11:45:49 [INFO] [tracker] 🧾 Recorded task 'segment_pl_agreement_raw' as SUCCESS
2025-11-08 11:45:49 [INFO] [tracker] 🧾 Recorded task 'segment_specimen-agreement_raw' as STARTED
2025-11-08 11:45:50 [INFO] [tracker] 🧾 Recorded task 'segment_specimen-agreement_raw' as SUCCESS
2025-11-08 11:45:50 [INFO] [tracker] 🧾 Recorded task 'run_segmentation_all' as SUCCESS
2025-11-08 11:45:50 [INFO] [tracker] 🧭 Logger initialized for stage 'tracker' → /opt/project/logs/aws_extraction_logs/tracker.log
2025-11-08 11:45:52 [INFO] [tracker] 🧾 Recorded task 'run_normalization_all' as STARTED
2025-11-08 11:45:52 [INFO] [tracker] 🧾 Recorded task 'normalize_dummy_segmented' as STARTED
2025-11-08 11:45:52 [INFO] [tracker] 🧾 Recorded task 'normalize_dummy_segmented' as SUCCESS
2025-11-08 11:45:52 [INFO] [tracker] 🧾 Recorded task 'normalize_empty_segmented' as STARTED
2025-11-08 11:45:52 [INFO] [tracker] 🧾 Recorded task 'normalize_empty_segmented' as SUCCESS
2025-11-08 11:45:52 [INFO] [tracker] 🧾 Recorded task 'normalize_form_centre_showcase_personal_loan_form_segmented' as STARTED
2025-11-08 11:45:52 [INFO] [tracker] 🧾 Recorded task 'normalize_form_centre_showcase_personal_loan_form_segmented' as SUCCESS
2025-11-08 11:45:52 [INFO] [tracker] 🧾 Recorded task 'normalize_gss-term-loan-agreement-ccd-5_segmented' as STARTED
2025-11-08 11:45:52 [INFO] [tracker] 🧾 Recorded task 'normalize_gss-term-loan-agreement-ccd-5_segmented' as SUCCESS
2025-11-08 11:45:52 [INFO] [tracker] 🧾 Recorded task 'normalize_home_loan_001_segmented' as STARTED
2025-11-08 11:45:52 [INFO] [tracker] 🧾 Recorded task 'normalize_home_loan_001_segmented' as SUCCESS
2025-11-08 11:45:53 [INFO] [tracker] 🧾 Recorded task 'normalize_loan1_segmented' as STARTED
2025-11-08 11:45:53 [INFO] [tracker] 🧾 Recorded task 'normalize_loan1_segmented' as SUCCESS
2025-11-08 11:45:53 [INFO] [tracker] 🧾 Recorded task 'normalize_loan2_segmented' as STARTED
2025-11-08 11:45:53 [INFO] [tracker] 🧾 Recorded task 'normalize_loan2_segmented' as SUCCESS
2025-11-08 11:45:53 [INFO] [tracker] 🧾 Recorded task 'normalize_loan3_segmented' as STARTED
2025-11-08 11:45:53 [INFO] [tracker] 🧾 Recorded task 'normalize_loan3_segmented' as SUCCESS
2025-11-08 11:45:53 [INFO] [tracker] 🧾 Recorded task 'normalize_loan_segmented' as STARTED
2025-11-08 11:45:53 [INFO] [tracker] 🧾 Recorded task 'normalize_loan_segmented' as SUCCESS
2025-11-08 11:45:53 [INFO] [tracker] 🧾 Recorded task 'normalize_Personal-Loan-Agreement_segmented' as STARTED
2025-11-08 11:45:53 [INFO] [tracker] 🧾 Recorded task 'normalize_Personal-Loan-Agreement_segmented' as SUCCESS
2025-11-08 11:45:53 [INFO] [tracker] 🧾 Recorded task 'normalize_pl_agreement_segmented' as STARTED
2025-11-08 11:45:53 [INFO] [tracker] 🧾 Recorded task 'normalize_pl_agreement_segmented' as SUCCESS
2025-11-08 11:45:54 [INFO] [tracker] 🧾 Recorded task 'normalize_specimen-agreement_segmented' as STARTED
2025-11-08 11:45:54 [INFO] [tracker] 🧾 Recorded task 'normalize_specimen-agreement_segmented' as SUCCESS
2025-11-08 11:45:54 [INFO] [tracker] 🧾 Recorded task 'run_normalization_all' as SUCCESS
2025-11-08 11:45:54 [INFO] [tracker] 🧭 Logger initialized for stage 'tracker' → /opt/project/logs/aws_extraction_logs/tracker.log
2025-11-08 11:45:56 [INFO] [tracker] 🧾 Recorded task 'generate_schema_stats' as STARTED
2025-11-08 11:45:56 [INFO] [tracker] 🧾 Recorded task 'generate_schema_stats' as SUCCESS
2025-11-08 11:45:58 [INFO] [tracker] 🧭 Logger initialized for stage 'tracker' → /opt/project/logs/aws_extraction_logs/tracker.log
2025-11-08 11:46:30 [INFO] [tracker] 🧭 Logger initialized for stage 'tracker' → /opt/project/logs/aws_extraction_logs/tracker.log
2025-11-08 11:47:01 [INFO] [tracker] 🧭 Logger initialized for stage 'tracker' → /opt/project/logs/aws_extraction_logs/tracker.log
2025-11-08 11:47:33 [INFO] [tracker] 🧭 Logger initialized for stage 'tracker' → /opt/project/logs/aws_extraction_logs/tracker.log
2025-11-08 11:47:51 [INFO] [tracker] 🧭 Logger initialized for stage 'tracker' → /opt/project/logs/aws_extraction_logs/tracker.log
2025-11-08 11:47:52 [INFO] [tracker] 🧾 Recorded task 'fetch_files' as STARTED
2025-11-08 11:47:53 [INFO] [tracker] 🧾 Recorded task 'fetch_files' as SUCCESS
2025-11-08 11:47:54 [INFO] [tracker] 🧭 Logger initialized for stage 'tracker' → /opt/project/logs/aws_extraction_logs/tracker.log
2025-11-08 11:47:56 [INFO] [tracker] 🧾 Recorded task 'run_textract_all' as STARTED
2025-11-08 11:47:56 [INFO] [tracker] 🧾 Recorded task 'fetch_files' as STARTED
2025-11-08 11:47:57 [INFO] [tracker] 🧾 Recorded task 'fetch_files' as SUCCESS
2025-11-08 11:47:57 [INFO] [tracker] 🧾 Recorded task 'run_textract_all' as SUCCESS
2025-11-08 11:47:58 [INFO] [tracker] 🧭 Logger initialized for stage 'tracker' → /opt/project/logs/aws_extraction_logs/tracker.log
2025-11-08 11:47:59 [INFO] [tracker] 🧾 Recorded task 'run_segmentation_all' as STARTED
2025-11-08 11:47:59 [INFO] [tracker] 🧾 Recorded task 'segment_dummy_raw' as STARTED
2025-11-08 11:47:59 [INFO] [tracker] 🧾 Recorded task 'segment_dummy_raw' as SUCCESS
2025-11-08 11:47:59 [INFO] [tracker] 🧾 Recorded task 'segment_form_centre_showcase_personal_loan_form_raw' as STARTED
2025-11-08 11:48:00 [INFO] [tracker] 🧾 Recorded task 'segment_form_centre_showcase_personal_loan_form_raw' as SUCCESS
2025-11-08 11:48:00 [INFO] [tracker] 🧾 Recorded task 'segment_gss-term-loan-agreement-ccd-5_raw' as STARTED
2025-11-08 11:48:01 [INFO] [tracker] 🧾 Recorded task 'segment_gss-term-loan-agreement-ccd-5_raw' as SUCCESS
2025-11-08 11:48:01 [INFO] [tracker] 🧾 Recorded task 'segment_home_loan_001_raw' as STARTED
2025-11-08 11:48:01 [INFO] [tracker] 🧾 Recorded task 'segment_home_loan_001_raw' as SUCCESS
2025-11-08 11:48:01 [INFO] [tracker] 🧾 Recorded task 'segment_loan1_raw' as STARTED
2025-11-08 11:48:01 [INFO] [tracker] 🧾 Recorded task 'segment_loan1_raw' as SUCCESS
2025-11-08 11:48:01 [INFO] [tracker] 🧾 Recorded task 'segment_loan2_raw' as STARTED
2025-11-08 11:48:01 [INFO] [tracker] 🧾 Recorded task 'segment_loan2_raw' as SUCCESS
2025-11-08 11:48:01 [INFO] [tracker] 🧾 Recorded task 'segment_loan3_raw' as STARTED
2025-11-08 11:48:02 [INFO] [tracker] 🧾 Recorded task 'segment_loan3_raw' as SUCCESS
2025-11-08 11:48:02 [INFO] [tracker] 🧾 Recorded task 'segment_Personal-Loan-Agreement_raw' as STARTED
2025-11-08 11:48:02 [INFO] [tracker] 🧾 Recorded task 'segment_Personal-Loan-Agreement_raw' as SUCCESS
2025-11-08 11:48:02 [INFO] [tracker] 🧾 Recorded task 'segment_pl_agreement_raw' as STARTED
2025-11-08 11:48:03 [INFO] [tracker] 🧾 Recorded task 'segment_pl_agreement_raw' as SUCCESS
2025-11-08 11:48:03 [INFO] [tracker] 🧾 Recorded task 'segment_specimen-agreement_raw' as STARTED
2025-11-08 11:48:03 [INFO] [tracker] 🧾 Recorded task 'segment_specimen-agreement_raw' as SUCCESS
2025-11-08 11:48:03 [INFO] [tracker] 🧾 Recorded task 'run_segmentation_all' as SUCCESS
2025-11-08 11:48:04 [INFO] [tracker] 🧭 Logger initialized for stage 'tracker' → /opt/project/logs/aws_extraction_logs/tracker.log
2025-11-08 11:48:05 [INFO] [tracker] 🧭 Logger initialized for stage 'tracker' → /opt/project/logs/aws_extraction_logs/tracker.log
2025-11-08 11:48:07 [INFO] [tracker] 🧾 Recorded task 'run_normalization_all' as STARTED
2025-11-08 11:48:07 [INFO] [tracker] 🧾 Recorded task 'normalize_dummy_segmented' as STARTED
2025-11-08 11:48:07 [INFO] [tracker] 🧾 Recorded task 'normalize_dummy_segmented' as SUCCESS
2025-11-08 11:48:07 [INFO] [tracker] 🧾 Recorded task 'normalize_empty_segmented' as STARTED
2025-11-08 11:48:07 [INFO] [tracker] 🧾 Recorded task 'normalize_empty_segmented' as SUCCESS
2025-11-08 11:48:07 [INFO] [tracker] 🧾 Recorded task 'normalize_form_centre_showcase_personal_loan_form_segmented' as STARTED
2025-11-08 11:48:07 [INFO] [tracker] 🧾 Recorded task 'normalize_form_centre_showcase_personal_loan_form_segmented' as SUCCESS
2025-11-08 11:48:07 [INFO] [tracker] 🧾 Recorded task 'normalize_gss-term-loan-agreement-ccd-5_segmented' as STARTED
2025-11-08 11:48:07 [INFO] [tracker] 🧾 Recorded task 'normalize_gss-term-loan-agreement-ccd-5_segmented' as SUCCESS
2025-11-08 11:48:07 [INFO] [tracker] 🧾 Recorded task 'normalize_home_loan_001_segmented' as STARTED
2025-11-08 11:48:07 [INFO] [tracker] 🧾 Recorded task 'normalize_home_loan_001_segmented' as SUCCESS
2025-11-08 11:48:08 [INFO] [tracker] 🧾 Recorded task 'normalize_loan1_segmented' as STARTED
2025-11-08 11:48:08 [INFO] [tracker] 🧾 Recorded task 'normalize_loan1_segmented' as SUCCESS
2025-11-08 11:48:08 [INFO] [tracker] 🧾 Recorded task 'normalize_loan2_segmented' as STARTED
2025-11-08 11:48:08 [INFO] [tracker] 🧾 Recorded task 'normalize_loan2_segmented' as SUCCESS
2025-11-08 11:48:08 [INFO] [tracker] 🧾 Recorded task 'normalize_loan3_segmented' as STARTED
2025-11-08 11:48:08 [INFO] [tracker] 🧾 Recorded task 'normalize_loan3_segmented' as SUCCESS
2025-11-08 11:48:08 [INFO] [tracker] 🧾 Recorded task 'normalize_loan_segmented' as STARTED
2025-11-08 11:48:08 [INFO] [tracker] 🧾 Recorded task 'normalize_loan_segmented' as SUCCESS
2025-11-08 11:48:08 [INFO] [tracker] 🧾 Recorded task 'normalize_Personal-Loan-Agreement_segmented' as STARTED
2025-11-08 11:48:08 [INFO] [tracker] 🧾 Recorded task 'normalize_Personal-Loan-Agreement_segmented' as SUCCESS
2025-11-08 11:48:08 [INFO] [tracker] 🧾 Recorded task 'normalize_pl_agreement_segmented' as STARTED
2025-11-08 11:48:09 [INFO] [tracker] 🧾 Recorded task 'normalize_pl_agreement_segmented' as SUCCESS
2025-11-08 11:48:09 [INFO] [tracker] 🧾 Recorded task 'normalize_specimen-agreement_segmented' as STARTED
2025-11-08 11:48:09 [INFO] [tracker] 🧾 Recorded task 'normalize_specimen-agreement_segmented' as SUCCESS
2025-11-08 11:48:09 [INFO] [tracker] 🧾 Recorded task 'run_normalization_all' as SUCCESS
2025-11-08 11:48:10 [INFO] [tracker] 🧭 Logger initialized for stage 'tracker' → /opt/project/logs/aws_extraction_logs/tracker.log
2025-11-08 11:48:12 [INFO] [tracker] 🧾 Recorded task 'generate_schema_stats' as STARTED
2025-11-08 11:48:12 [INFO] [tracker] 🧾 Recorded task 'generate_schema_stats' as SUCCESS
2025-11-08 11:48:38 [INFO] [tracker] 🧭 Logger initialized for stage 'tracker' → /opt/project/logs/aws_extraction_logs/tracker.log
2025-11-08 11:49:09 [INFO] [tracker] 🧭 Logger initialized for stage 'tracker' → /opt/project/logs/aws_extraction_logs/tracker.log
2025-11-08 11:49:41 [INFO] [tracker] 🧭 Logger initialized for stage 'tracker' → /opt/project/logs/aws_extraction_logs/tracker.log
2025-11-08 11:50:12 [INFO] [tracker] 🧭 Logger initialized for stage 'tracker' → /opt/project/logs/aws_extraction_logs/tracker.log
2025-11-08 11:50:44 [INFO] [tracker] 🧭 Logger initialized for stage 'tracker' → /opt/project/logs/aws_extraction_logs/tracker.log
2025-11-08 11:51:15 [INFO] [tracker] 🧭 Logger initialized for stage 'tracker' → /opt/project/logs/aws_extraction_logs/tracker.log
2025-11-08 11:51:47 [INFO] [tracker] 🧭 Logger initialized for stage 'tracker' → /opt/project/logs/aws_extraction_logs/tracker.log
2025-11-08 11:52:19 [INFO] [tracker] 🧭 Logger initialized for stage 'tracker' → /opt/project/logs/aws_extraction_logs/tracker.log
2025-11-08 11:52:50 [INFO] [tracker] 🧭 Logger initialized for stage 'tracker' → /opt/project/logs/aws_extraction_logs/tracker.log
2025-11-08 11:53:22 [INFO] [tracker] 🧭 Logger initialized for stage 'tracker' → /opt/project/logs/aws_extraction_logs/tracker.log
2025-11-08 11:53:54 [INFO] [tracker] 🧭 Logger initialized for stage 'tracker' → /opt/project/logs/aws_extraction_logs/tracker.log
2025-11-08 12:05:41 [INFO] [tracker] 🧾 Recorded task 'fetch_files' as STARTED
2025-11-08 12:05:42 [INFO] [tracker] 🧾 Recorded task 'fetch_files' as SUCCESS
2025-11-08 12:05:47 [INFO] [tracker] 🧾 Recorded task 'run_textract_all' as STARTED
2025-11-08 12:05:47 [INFO] [tracker] 🧾 Recorded task 'fetch_files' as STARTED
2025-11-08 12:05:48 [INFO] [tracker] 🧾 Recorded task 'fetch_files' as SUCCESS
2025-11-08 12:05:48 [INFO] [tracker] 🧾 Recorded task 'run_textract_all' as SUCCESS
2025-11-08 12:05:51 [INFO] [tracker] 🧾 Recorded task 'run_segmentation_all' as STARTED
2025-11-08 12:05:51 [INFO] [tracker] 🧾 Recorded task 'segment_dummy_raw' as STARTED
2025-11-08 12:05:52 [INFO] [tracker] 🧾 Recorded task 'segment_dummy_raw' as SUCCESS
2025-11-08 12:05:52 [INFO] [tracker] 🧾 Recorded task 'segment_form_centre_showcase_personal_loan_form_raw' as STARTED
2025-11-08 12:05:52 [INFO] [tracker] 🧾 Recorded task 'segment_form_centre_showcase_personal_loan_form_raw' as SUCCESS
2025-11-08 12:05:52 [INFO] [tracker] 🧾 Recorded task 'segment_gss-term-loan-agreement-ccd-5_raw' as STARTED
2025-11-08 12:05:53 [INFO] [tracker] 🧾 Recorded task 'segment_gss-term-loan-agreement-ccd-5_raw' as SUCCESS
2025-11-08 12:05:53 [INFO] [tracker] 🧾 Recorded task 'segment_home_loan_001_raw' as STARTED
2025-11-08 12:05:53 [INFO] [tracker] 🧾 Recorded task 'segment_home_loan_001_raw' as SUCCESS
2025-11-08 12:05:53 [INFO] [tracker] 🧾 Recorded task 'segment_loan1_raw' as STARTED
2025-11-08 12:05:53 [INFO] [tracker] 🧾 Recorded task 'segment_loan1_raw' as SUCCESS
2025-11-08 12:05:53 [INFO] [tracker] 🧾 Recorded task 'segment_loan2_raw' as STARTED
2025-11-08 12:05:53 [INFO] [tracker] 🧾 Recorded task 'segment_loan2_raw' as SUCCESS
2025-11-08 12:05:53 [INFO] [tracker] 🧾 Recorded task 'segment_loan3_raw' as STARTED
2025-11-08 12:05:54 [INFO] [tracker] 🧾 Recorded task 'segment_loan3_raw' as SUCCESS
2025-11-08 12:05:54 [INFO] [tracker] 🧾 Recorded task 'segment_Personal-Loan-Agreement_raw' as STARTED
2025-11-08 12:05:54 [INFO] [tracker] 🧾 Recorded task 'segment_Personal-Loan-Agreement_raw' as SUCCESS
2025-11-08 12:05:55 [INFO] [tracker] 🧾 Recorded task 'segment_pl_agreement_raw' as STARTED
2025-11-08 12:05:55 [INFO] [tracker] 🧾 Recorded task 'segment_pl_agreement_raw' as SUCCESS
2025-11-08 12:05:55 [INFO] [tracker] 🧾 Recorded task 'segment_specimen-agreement_raw' as STARTED
2025-11-08 12:05:56 [INFO] [tracker] 🧾 Recorded task 'segment_specimen-agreement_raw' as SUCCESS
2025-11-08 12:05:56 [INFO] [tracker] 🧾 Recorded task 'run_segmentation_all' as SUCCESS
2025-11-08 12:05:59 [INFO] [tracker] 🧾 Recorded task 'run_normalization_all' as STARTED
2025-11-08 12:05:59 [INFO] [tracker] 🧾 Recorded task 'normalize_dummy_segmented' as STARTED
2025-11-08 12:05:59 [INFO] [tracker] 🧾 Recorded task 'normalize_dummy_segmented' as SUCCESS
2025-11-08 12:05:59 [INFO] [tracker] 🧾 Recorded task 'normalize_empty_segmented' as STARTED
2025-11-08 12:05:59 [INFO] [tracker] 🧾 Recorded task 'normalize_empty_segmented' as SUCCESS
2025-11-08 12:05:59 [INFO] [tracker] 🧾 Recorded task 'normalize_form_centre_showcase_personal_loan_form_segmented' as STARTED
2025-11-08 12:05:59 [INFO] [tracker] 🧾 Recorded task 'normalize_form_centre_showcase_personal_loan_form_segmented' as SUCCESS
2025-11-08 12:05:59 [INFO] [tracker] 🧾 Recorded task 'normalize_gss-term-loan-agreement-ccd-5_segmented' as STARTED
2025-11-08 12:06:00 [INFO] [tracker] 🧾 Recorded task 'normalize_gss-term-loan-agreement-ccd-5_segmented' as SUCCESS
2025-11-08 12:06:00 [INFO] [tracker] 🧾 Recorded task 'normalize_home_loan_001_segmented' as STARTED
2025-11-08 12:06:00 [INFO] [tracker] 🧾 Recorded task 'normalize_home_loan_001_segmented' as SUCCESS
2025-11-08 12:06:00 [INFO] [tracker] 🧾 Recorded task 'normalize_loan1_segmented' as STARTED
2025-11-08 12:06:00 [INFO] [tracker] 🧾 Recorded task 'normalize_loan1_segmented' as SUCCESS
2025-11-08 12:06:00 [INFO] [tracker] 🧾 Recorded task 'normalize_loan2_segmented' as STARTED
2025-11-08 12:06:00 [INFO] [tracker] 🧾 Recorded task 'normalize_loan2_segmented' as SUCCESS
2025-11-08 12:06:01 [INFO] [tracker] 🧾 Recorded task 'normalize_loan3_segmented' as STARTED
2025-11-08 12:06:01 [INFO] [tracker] 🧾 Recorded task 'normalize_loan3_segmented' as SUCCESS
2025-11-08 12:06:01 [INFO] [tracker] 🧾 Recorded task 'normalize_loan_segmented' as STARTED
2025-11-08 12:06:01 [INFO] [tracker] 🧾 Recorded task 'normalize_loan_segmented' as SUCCESS
2025-11-08 12:06:01 [INFO] [tracker] 🧾 Recorded task 'normalize_Personal-Loan-Agreement_segmented' as STARTED
2025-11-08 12:06:01 [INFO] [tracker] 🧾 Recorded task 'normalize_Personal-Loan-Agreement_segmented' as SUCCESS
2025-11-08 12:06:01 [INFO] [tracker] 🧾 Recorded task 'normalize_pl_agreement_segmented' as STARTED
2025-11-08 12:06:01 [INFO] [tracker] 🧾 Recorded task 'normalize_pl_agreement_segmented' as SUCCESS
2025-11-08 12:06:01 [INFO] [tracker] 🧾 Recorded task 'normalize_specimen-agreement_segmented' as STARTED
2025-11-08 12:06:01 [INFO] [tracker] 🧾 Recorded task 'normalize_specimen-agreement_segmented' as SUCCESS
2025-11-08 12:06:01 [INFO] [tracker] 🧾 Recorded task 'run_normalization_all' as SUCCESS
2025-11-08 12:06:05 [INFO] [tracker] 🧾 Recorded task 'generate_schema_stats' as STARTED
2025-11-08 12:06:05 [INFO] [tracker] 🧾 Recorded task 'generate_schema_stats' as SUCCESS
2025-11-08 12:09:16 [INFO] [tracker] 🧾 Recorded task 'fetch_files' as STARTED
2025-11-08 12:09:16 [INFO] [tracker] 🧾 Recorded task 'fetch_files' as SUCCESS
2025-11-08 12:09:19 [INFO] [tracker] 🧾 Recorded task 'run_textract_all' as STARTED
2025-11-08 12:09:19 [INFO] [tracker] 🧾 Recorded task 'fetch_files' as STARTED
2025-11-08 12:09:20 [INFO] [tracker] 🧾 Recorded task 'fetch_files' as SUCCESS
2025-11-08 12:09:20 [INFO] [tracker] 🧾 Recorded task 'run_textract_all' as SUCCESS
2025-11-08 12:09:23 [INFO] [tracker] 🧾 Recorded task 'run_segmentation_all' as STARTED
2025-11-08 12:09:23 [INFO] [tracker] 🧾 Recorded task 'segment_dummy_raw' as STARTED
2025-11-08 12:09:23 [INFO] [tracker] 🧾 Recorded task 'segment_dummy_raw' as SUCCESS
2025-11-08 12:09:23 [INFO] [tracker] 🧾 Recorded task 'segment_form_centre_showcase_personal_loan_form_raw' as STARTED
2025-11-08 12:09:23 [INFO] [tracker] 🧾 Recorded task 'segment_form_centre_showcase_personal_loan_form_raw' as SUCCESS
2025-11-08 12:09:23 [INFO] [tracker] 🧾 Recorded task 'segment_gss-term-loan-agreement-ccd-5_raw' as STARTED
2025-11-08 12:09:24 [INFO] [tracker] 🧾 Recorded task 'segment_gss-term-loan-agreement-ccd-5_raw' as SUCCESS
2025-11-08 12:09:24 [INFO] [tracker] 🧾 Recorded task 'segment_home_loan_001_raw' as STARTED
2025-11-08 12:09:24 [INFO] [tracker] 🧾 Recorded task 'segment_home_loan_001_raw' as SUCCESS
2025-11-08 12:09:24 [INFO] [tracker] 🧾 Recorded task 'segment_loan1_raw' as STARTED
2025-11-08 12:09:24 [INFO] [tracker] 🧾 Recorded task 'segment_loan1_raw' as SUCCESS
2025-11-08 12:09:24 [INFO] [tracker] 🧾 Recorded task 'segment_loan2_raw' as STARTED
2025-11-08 12:09:24 [INFO] [tracker] 🧾 Recorded task 'segment_loan2_raw' as SUCCESS
2025-11-08 12:09:24 [INFO] [tracker] 🧾 Recorded task 'segment_loan3_raw' as STARTED
2025-11-08 12:09:26 [INFO] [tracker] 🧾 Recorded task 'segment_loan3_raw' as SUCCESS
2025-11-08 12:09:26 [INFO] [tracker] 🧾 Recorded task 'segment_Personal-Loan-Agreement_raw' as STARTED
2025-11-08 12:09:26 [INFO] [tracker] 🧾 Recorded task 'segment_Personal-Loan-Agreement_raw' as SUCCESS
2025-11-08 12:09:26 [INFO] [tracker] 🧾 Recorded task 'segment_pl_agreement_raw' as STARTED
2025-11-08 12:09:28 [INFO] [tracker] 🧾 Recorded task 'segment_pl_agreement_raw' as SUCCESS
2025-11-08 12:09:28 [INFO] [tracker] 🧾 Recorded task 'segment_specimen-agreement_raw' as STARTED
2025-11-08 12:09:29 [INFO] [tracker] 🧾 Recorded task 'segment_specimen-agreement_raw' as SUCCESS
2025-11-08 12:09:29 [INFO] [tracker] 🧾 Recorded task 'run_segmentation_all' as SUCCESS
2025-11-08 12:09:33 [INFO] [tracker] 🧾 Recorded task 'run_normalization_all' as STARTED
2025-11-08 12:09:33 [INFO] [tracker] 🧾 Recorded task 'normalize_dummy_segmented' as STARTED
2025-11-08 12:09:33 [INFO] [tracker] 🧾 Recorded task 'normalize_dummy_segmented' as SUCCESS
2025-11-08 12:09:33 [INFO] [tracker] 🧾 Recorded task 'normalize_empty_segmented' as STARTED
2025-11-08 12:09:33 [INFO] [tracker] 🧾 Recorded task 'normalize_empty_segmented' as SUCCESS
2025-11-08 12:09:33 [INFO] [tracker] 🧾 Recorded task 'normalize_form_centre_showcase_personal_loan_form_segmented' as STARTED
2025-11-08 12:09:33 [INFO] [tracker] 🧾 Recorded task 'normalize_form_centre_showcase_personal_loan_form_segmented' as SUCCESS
2025-11-08 12:09:33 [INFO] [tracker] 🧾 Recorded task 'normalize_gss-term-loan-agreement-ccd-5_segmented' as STARTED
2025-11-08 12:09:34 [INFO] [tracker] 🧾 Recorded task 'normalize_gss-term-loan-agreement-ccd-5_segmented' as SUCCESS
2025-11-08 12:09:34 [INFO] [tracker] 🧾 Recorded task 'normalize_home_loan_001_segmented' as STARTED
2025-11-08 12:09:34 [INFO] [tracker] 🧾 Recorded task 'normalize_home_loan_001_segmented' as SUCCESS
2025-11-08 12:09:34 [INFO] [tracker] 🧾 Recorded task 'normalize_loan1_segmented' as STARTED
2025-11-08 12:09:34 [INFO] [tracker] 🧾 Recorded task 'normalize_loan1_segmented' as SUCCESS
2025-11-08 12:09:34 [INFO] [tracker] 🧾 Recorded task 'normalize_loan2_segmented' as STARTED
2025-11-08 12:09:34 [INFO] [tracker] 🧾 Recorded task 'normalize_loan2_segmented' as SUCCESS
2025-11-08 12:09:34 [INFO] [tracker] 🧾 Recorded task 'normalize_loan3_segmented' as STARTED
2025-11-08 12:09:34 [INFO] [tracker] 🧾 Recorded task 'normalize_loan3_segmented' as SUCCESS
2025-11-08 12:09:34 [INFO] [tracker] 🧾 Recorded task 'normalize_loan_segmented' as STARTED
2025-11-08 12:09:34 [INFO] [tracker] 🧾 Recorded task 'normalize_loan_segmented' as SUCCESS
2025-11-08 12:09:34 [INFO] [tracker] 🧾 Recorded task 'normalize_Personal-Loan-Agreement_segmented' as STARTED
2025-11-08 12:09:35 [INFO] [tracker] 🧾 Recorded task 'normalize_Personal-Loan-Agreement_segmented' as SUCCESS
2025-11-08 12:09:35 [INFO] [tracker] 🧾 Recorded task 'normalize_pl_agreement_segmented' as STARTED
2025-11-08 12:09:35 [INFO] [tracker] 🧾 Recorded task 'normalize_pl_agreement_segmented' as SUCCESS
2025-11-08 12:09:35 [INFO] [tracker] 🧾 Recorded task 'normalize_specimen-agreement_segmented' as STARTED
2025-11-08 12:09:35 [INFO] [tracker] 🧾 Recorded task 'normalize_specimen-agreement_segmented' as SUCCESS
2025-11-08 12:09:35 [INFO] [tracker] 🧾 Recorded task 'run_normalization_all' as SUCCESS
2025-11-08 12:09:38 [INFO] [tracker] 🧾 Recorded task 'generate_schema_stats' as STARTED
2025-11-08 12:09:38 [INFO] [tracker] 🧾 Recorded task 'generate_schema_stats' as SUCCESS
2025-11-08 12:15:58 [INFO] [tracker] 🧾 Recorded task 'fetch_files' as STARTED
2025-11-08 12:15:59 [INFO] [tracker] 🧾 Recorded task 'fetch_files' as SUCCESS
2025-11-08 12:16:39 [INFO] [tracker] 🧾 Recorded task 'fetch_files' as STARTED
2025-11-08 12:16:40 [INFO] [tracker] 🧾 Recorded task 'fetch_files' as SUCCESS
2025-11-08 12:23:44 [INFO] [tracker] 🧾 Recorded task 'fetch_files' as STARTED
2025-11-08 12:23:45 [INFO] [tracker] 🧾 Recorded task 'fetch_files' as SUCCESS
2025-11-08 12:23:47 [INFO] [tracker] 🧾 Recorded task 'run_textract_all' as STARTED
2025-11-08 12:23:47 [INFO] [tracker] 🧾 Recorded task 'fetch_files' as STARTED
2025-11-08 12:23:47 [INFO] [tracker] 🧾 Recorded task 'fetch_files' as SUCCESS
2025-11-08 12:23:47 [INFO] [tracker] 🧾 Recorded task 'run_textract_all' as SUCCESS
2025-11-08 12:23:51 [INFO] [tracker] 🧾 Recorded task 'run_segmentation_all' as STARTED
2025-11-08 12:23:51 [INFO] [tracker] 🧾 Recorded task 'segment_dummy_raw' as STARTED
2025-11-08 12:23:51 [INFO] [tracker] 🧾 Recorded task 'segment_dummy_raw' as SUCCESS
2025-11-08 12:23:51 [INFO] [tracker] 🧾 Recorded task 'segment_form_centre_showcase_personal_loan_form_raw' as STARTED
2025-11-08 12:23:52 [INFO] [tracker] 🧾 Recorded task 'segment_form_centre_showcase_personal_loan_form_raw' as SUCCESS
2025-11-08 12:23:52 [INFO] [tracker] 🧾 Recorded task 'segment_gss-term-loan-agreement-ccd-5_raw' as STARTED
2025-11-08 12:23:52 [INFO] [tracker] 🧾 Recorded task 'segment_gss-term-loan-agreement-ccd-5_raw' as SUCCESS
2025-11-08 12:23:52 [INFO] [tracker] 🧾 Recorded task 'segment_home_loan_001_raw' as STARTED
2025-11-08 12:23:52 [INFO] [tracker] 🧾 Recorded task 'segment_home_loan_001_raw' as SUCCESS
2025-11-08 12:23:52 [INFO] [tracker] 🧾 Recorded task 'segment_loan1_raw' as STARTED
2025-11-08 12:23:53 [INFO] [tracker] 🧾 Recorded task 'segment_loan1_raw' as SUCCESS
2025-11-08 12:23:53 [INFO] [tracker] 🧾 Recorded task 'segment_loan2_raw' as STARTED
2025-11-08 12:23:53 [INFO] [tracker] 🧾 Recorded task 'segment_loan2_raw' as SUCCESS
2025-11-08 12:23:53 [INFO] [tracker] 🧾 Recorded task 'segment_loan3_raw' as STARTED
2025-11-08 12:23:54 [INFO] [tracker] 🧾 Recorded task 'segment_loan3_raw' as SUCCESS
2025-11-08 12:23:54 [INFO] [tracker] 🧾 Recorded task 'segment_Personal-Loan-Agreement_raw' as STARTED
2025-11-08 12:23:54 [INFO] [tracker] 🧾 Recorded task 'segment_Personal-Loan-Agreement_raw' as SUCCESS
2025-11-08 12:23:54 [INFO] [tracker] 🧾 Recorded task 'segment_pl_agreement_raw' as STARTED
2025-11-08 12:23:54 [INFO] [tracker] 🧾 Recorded task 'segment_pl_agreement_raw' as SUCCESS
2025-11-08 12:23:54 [INFO] [tracker] 🧾 Recorded task 'segment_specimen-agreement_raw' as STARTED
2025-11-08 12:23:55 [INFO] [tracker] 🧾 Recorded task 'segment_specimen-agreement_raw' as SUCCESS
2025-11-08 12:23:55 [INFO] [tracker] 🧾 Recorded task 'run_segmentation_all' as SUCCESS
2025-11-08 12:23:58 [INFO] [tracker] 🧾 Recorded task 'run_normalization_all' as STARTED
2025-11-08 12:23:58 [INFO] [tracker] 🧾 Recorded task 'normalize_dummy_segmented' as STARTED
2025-11-08 12:23:58 [INFO] [tracker] 🧾 Recorded task 'normalize_dummy_segmented' as SUCCESS
2025-11-08 12:23:58 [INFO] [tracker] 🧾 Recorded task 'normalize_empty_segmented' as STARTED
2025-11-08 12:23:58 [INFO] [tracker] 🧾 Recorded task 'normalize_empty_segmented' as SUCCESS
2025-11-08 12:23:58 [INFO] [tracker] 🧾 Recorded task 'normalize_form_centre_showcase_personal_loan_form_segmented' as STARTED
2025-11-08 12:23:59 [INFO] [tracker] 🧾 Recorded task 'normalize_form_centre_showcase_personal_loan_form_segmented' as SUCCESS
2025-11-08 12:23:59 [INFO] [tracker] 🧾 Recorded task 'normalize_gss-term-loan-agreement-ccd-5_segmented' as STARTED
2025-11-08 12:23:59 [INFO] [tracker] 🧾 Recorded task 'normalize_gss-term-loan-agreement-ccd-5_segmented' as SUCCESS
2025-11-08 12:23:59 [INFO] [tracker] 🧾 Recorded task 'normalize_home_loan_001_segmented' as STARTED
2025-11-08 12:23:59 [INFO] [tracker] 🧾 Recorded task 'normalize_home_loan_001_segmented' as SUCCESS
2025-11-08 12:23:59 [INFO] [tracker] 🧾 Recorded task 'normalize_loan1_segmented' as STARTED
2025-11-08 12:23:59 [INFO] [tracker] 🧾 Recorded task 'normalize_loan1_segmented' as SUCCESS
2025-11-08 12:23:59 [INFO] [tracker] 🧾 Recorded task 'normalize_loan2_segmented' as STARTED
2025-11-08 12:23:59 [INFO] [tracker] 🧾 Recorded task 'normalize_loan2_segmented' as SUCCESS
2025-11-08 12:23:59 [INFO] [tracker] 🧾 Recorded task 'normalize_loan3_segmented' as STARTED
2025-11-08 12:23:59 [INFO] [tracker] 🧾 Recorded task 'normalize_loan3_segmented' as SUCCESS
2025-11-08 12:23:59 [INFO] [tracker] 🧾 Recorded task 'normalize_loan_segmented' as STARTED
2025-11-08 12:24:00 [INFO] [tracker] 🧾 Recorded task 'normalize_loan_segmented' as SUCCESS
2025-11-08 12:24:00 [INFO] [tracker] 🧾 Recorded task 'normalize_Personal-Loan-Agreement_segmented' as STARTED
2025-11-08 12:24:00 [INFO] [tracker] 🧾 Recorded task 'normalize_Personal-Loan-Agreement_segmented' as SUCCESS
2025-11-08 12:24:00 [INFO] [tracker] 🧾 Recorded task 'normalize_pl_agreement_segmented' as STARTED
2025-11-08 12:24:00 [INFO] [tracker] 🧾 Recorded task 'normalize_pl_agreement_segmented' as SUCCESS
2025-11-08 12:24:00 [INFO] [tracker] 🧾 Recorded task 'normalize_specimen-agreement_segmented' as STARTED
2025-11-08 12:24:00 [INFO] [tracker] 🧾 Recorded task 'normalize_specimen-agreement_segmented' as SUCCESS
2025-11-08 12:24:00 [INFO] [tracker] 🧾 Recorded task 'run_normalization_all' as SUCCESS
2025-11-08 12:24:03 [INFO] [tracker] 🧾 Recorded task 'generate_schema_stats' as STARTED
2025-11-08 12:24:04 [INFO] [tracker] 🧾 Recorded task 'generate_schema_stats' as SUCCESS
2025-11-08 13:08:13 [INFO] [tracker] 🧾 Recorded task 'fetch_files' as STARTED
2025-11-08 13:08:14 [INFO] [tracker] 🧾 Recorded task 'fetch_files' as SUCCESS
2025-11-08 13:12:26 [INFO] [tracker] 🧾 Recorded task 'fetch_files' as STARTED
2025-11-08 13:12:27 [INFO] [tracker] 🧾 Recorded task 'fetch_files' as SUCCESS
2025-11-08 13:12:29 [INFO] [tracker] 🧾 Recorded task 'run_textract_all' as STARTED
2025-11-08 13:12:29 [INFO] [tracker] 🧾 Recorded task 'fetch_files' as STARTED
2025-11-08 13:12:29 [INFO] [tracker] 🧾 Recorded task 'fetch_files' as SUCCESS
2025-11-08 13:12:29 [INFO] [tracker] 🧾 Recorded task 'run_textract_Personal-Loan-Agreement' as STARTED
2025-11-08 13:12:31 [INFO] [tracker] 🧾 Recorded task 'run_textract_form_centre_showcase_personal_loan_form' as STARTED
2025-11-08 13:12:31 [INFO] [tracker] 🧾 Recorded task 'run_textract_gss-term-loan-agreement-ccd-5' as STARTED
2025-11-08 13:12:31 [INFO] [tracker] 🧾 Recorded task 'run_textract_home_loan_001' as STARTED
2025-11-08 13:12:32 [INFO] [tracker] 🧾 Recorded task 'run_textract_loan1' as STARTED
2025-11-08 13:12:32 [INFO] [tracker] 🧾 Recorded task 'run_textract_loan2' as STARTED
2025-11-08 13:12:32 [INFO] [tracker] 🧾 Recorded task 'run_textract_loan3' as STARTED
2025-11-08 13:12:32 [INFO] [tracker] 🧾 Recorded task 'run_textract_pl_agreement' as STARTED
2025-11-08 13:12:33 [INFO] [tracker] 🧾 Recorded task 'run_textract_specimen-agreement' as STARTED
2025-11-08 13:12:34 [INFO] [tracker] 🧾 Recorded task 'run_textract_home_loan_001' as SUCCESS
2025-11-08 13:12:43 [INFO] [tracker] 🧾 Recorded task 'run_textract_Personal-Loan-Agreement' as SUCCESS
2025-11-08 13:12:58 [INFO] [tracker] 🧾 Recorded task 'run_textract_form_centre_showcase_personal_loan_form' as SUCCESS
2025-11-08 13:13:29 [INFO] [tracker] 🧾 Recorded task 'run_textract_gss-term-loan-agreement-ccd-5' as SUCCESS
2025-11-08 13:13:35 [INFO] [tracker] 🧾 Recorded task 'run_textract_loan1' as SUCCESS
2025-11-08 13:13:41 [INFO] [tracker] 🧾 Recorded task 'run_textract_loan2' as SUCCESS
2025-11-08 13:14:11 [INFO] [tracker] 🧾 Recorded task 'run_textract_loan3' as SUCCESS
2025-11-08 13:14:50 [INFO] [tracker] 🧾 Recorded task 'run_textract_pl_agreement' as SUCCESS
2025-11-08 13:15:03 [INFO] [tracker] 🧾 Recorded task 'run_textract_specimen-agreement' as SUCCESS
2025-11-08 13:15:08 [INFO] [tracker] 🧾 Recorded task 'run_textract_all' as SUCCESS
2025-11-08 13:24:15 [INFO] [tracker] 🧾 Recorded task 'run_segmentation_all' as STARTED
2025-11-08 13:24:15 [INFO] [tracker] 🧾 Recorded task 'segment_form_centre_showcase_personal_loan_form_raw' as STARTED
2025-11-08 13:24:15 [INFO] [tracker] 🧾 Recorded task 'segment_form_centre_showcase_personal_loan_form_raw' as SUCCESS
2025-11-08 13:24:16 [INFO] [tracker] 🧾 Recorded task 'segment_gss-term-loan-agreement-ccd-5_raw' as STARTED
2025-11-08 13:24:16 [INFO] [tracker] 🧾 Recorded task 'segment_gss-term-loan-agreement-ccd-5_raw' as SUCCESS
2025-11-08 13:24:16 [INFO] [tracker] 🧾 Recorded task 'segment_home_loan_001_raw' as STARTED
2025-11-08 13:24:16 [INFO] [tracker] 🧾 Recorded task 'segment_home_loan_001_raw' as SUCCESS
2025-11-08 13:24:16 [INFO] [tracker] 🧾 Recorded task 'segment_loan1_raw' as STARTED
2025-11-08 13:24:16 [INFO] [tracker] 🧾 Recorded task 'segment_loan1_raw' as SUCCESS
2025-11-08 13:24:16 [INFO] [tracker] 🧾 Recorded task 'segment_loan2_raw' as STARTED
2025-11-08 13:24:16 [INFO] [tracker] 🧾 Recorded task 'segment_loan2_raw' as SUCCESS
2025-11-08 13:24:16 [INFO] [tracker] 🧾 Recorded task 'segment_loan3_raw' as STARTED
2025-11-08 13:24:17 [INFO] [tracker] 🧾 Recorded task 'segment_loan3_raw' as SUCCESS
2025-11-08 13:24:17 [INFO] [tracker] 🧾 Recorded task 'segment_Personal-Loan-Agreement_raw' as STARTED
2025-11-08 13:24:17 [INFO] [tracker] 🧾 Recorded task 'segment_Personal-Loan-Agreement_raw' as SUCCESS
2025-11-08 13:24:17 [INFO] [tracker] 🧾 Recorded task 'segment_pl_agreement_raw' as STARTED
2025-11-08 13:24:17 [INFO] [tracker] 🧾 Recorded task 'segment_pl_agreement_raw' as SUCCESS
2025-11-08 13:24:17 [INFO] [tracker] 🧾 Recorded task 'segment_specimen-agreement_raw' as STARTED
2025-11-08 13:24:17 [INFO] [tracker] 🧾 Recorded task 'segment_specimen-agreement_raw' as SUCCESS
2025-11-08 13:24:17 [INFO] [tracker] 🧾 Recorded task 'run_segmentation_all' as SUCCESS
2025-11-08 14:23:23 [INFO] [tracker] 🧾 Recorded task 'fetch_files' as STARTED
2025-11-08 14:23:24 [INFO] [tracker] 🧾 Recorded task 'fetch_files' as SUCCESS
2025-11-08 14:23:44 [INFO] [tracker] 🧾 Recorded task 'run_textract_all' as STARTED
2025-11-08 14:23:44 [INFO] [tracker] 🧾 Recorded task 'fetch_files' as STARTED
2025-11-08 14:23:45 [INFO] [tracker] 🧾 Recorded task 'fetch_files' as SUCCESS
2025-11-08 14:23:45 [INFO] [tracker] 🧾 Recorded task 'run_textract_all' as SUCCESS
2025-11-08 14:24:27 [INFO] [tracker] 🧾 Recorded task 'run_textract_all' as STARTED
2025-11-08 14:24:27 [INFO] [tracker] 🧾 Recorded task 'fetch_files' as STARTED
2025-11-08 14:24:28 [INFO] [tracker] 🧾 Recorded task 'fetch_files' as SUCCESS
2025-11-08 14:24:28 [INFO] [tracker] 🧾 Recorded task 'run_textract_home_loan_001' as STARTED
2025-11-08 14:24:40 [INFO] [tracker] 🧾 Recorded task 'run_textract_home_loan_001' as SUCCESS
2025-11-08 14:24:45 [INFO] [tracker] 🧾 Recorded task 'run_textract_all' as SUCCESS
2025-11-08 14:24:59 [INFO] [tracker] 🧾 Recorded task 'run_segmentation_all' as STARTED
2025-11-08 14:24:59 [INFO] [tracker] 🧾 Recorded task 'segment_form_centre_showcase_personal_loan_form_raw' as STARTED
2025-11-08 14:24:59 [INFO] [tracker] 🧾 Recorded task 'segment_form_centre_showcase_personal_loan_form_raw' as SUCCESS
2025-11-08 14:25:00 [INFO] [tracker] 🧾 Recorded task 'segment_gss-term-loan-agreement-ccd-5_raw' as STARTED
2025-11-08 14:25:00 [INFO] [tracker] 🧾 Recorded task 'segment_gss-term-loan-agreement-ccd-5_raw' as SUCCESS
2025-11-08 14:25:00 [INFO] [tracker] 🧾 Recorded task 'segment_home_loan_001_raw' as STARTED
2025-11-08 14:25:00 [INFO] [tracker] 🧾 Recorded task 'segment_home_loan_001_raw' as SUCCESS
2025-11-08 14:25:00 [INFO] [tracker] 🧾 Recorded task 'segment_loan1_raw' as STARTED
2025-11-08 14:25:00 [INFO] [tracker] 🧾 Recorded task 'segment_loan1_raw' as SUCCESS
2025-11-08 14:25:00 [INFO] [tracker] 🧾 Recorded task 'segment_loan2_raw' as STARTED
2025-11-08 14:25:00 [INFO] [tracker] 🧾 Recorded task 'segment_loan2_raw' as SUCCESS
2025-11-08 14:25:00 [INFO] [tracker] 🧾 Recorded task 'segment_loan3_raw' as STARTED
2025-11-08 14:25:01 [INFO] [tracker] 🧾 Recorded task 'segment_loan3_raw' as SUCCESS
2025-11-08 14:25:01 [INFO] [tracker] 🧾 Recorded task 'segment_Personal-Loan-Agreement_raw' as STARTED
2025-11-08 14:25:01 [INFO] [tracker] 🧾 Recorded task 'segment_Personal-Loan-Agreement_raw' as SUCCESS
2025-11-08 14:25:01 [INFO] [tracker] 🧾 Recorded task 'segment_pl_agreement_raw' as STARTED
2025-11-08 14:25:01 [INFO] [tracker] 🧾 Recorded task 'segment_pl_agreement_raw' as SUCCESS
2025-11-08 14:25:01 [INFO] [tracker] 🧾 Recorded task 'segment_specimen-agreement_raw' as STARTED
2025-11-08 14:25:01 [INFO] [tracker] 🧾 Recorded task 'segment_specimen-agreement_raw' as SUCCESS
2025-11-08 14:25:02 [INFO] [tracker] 🧾 Recorded task 'run_segmentation_all' as SUCCESS
2025-11-08 14:25:30 [INFO] [tracker] 🧾 Recorded task 'run_normalization_all' as STARTED
2025-11-08 14:25:30 [INFO] [tracker] 🧾 Recorded task 'normalize_form_centre_showcase_personal_loan_form_segmented' as STARTED
2025-11-08 14:25:30 [INFO] [tracker] 🧾 Recorded task 'normalize_form_centre_showcase_personal_loan_form_segmented' as SUCCESS
2025-11-08 14:25:30 [INFO] [tracker] 🧾 Recorded task 'normalize_gss-term-loan-agreement-ccd-5_segmented' as STARTED
2025-11-08 14:25:30 [INFO] [tracker] 🧾 Recorded task 'normalize_gss-term-loan-agreement-ccd-5_segmented' as SUCCESS
2025-11-08 14:25:30 [INFO] [tracker] 🧾 Recorded task 'normalize_home_loan_001_segmented' as STARTED
2025-11-08 14:25:30 [INFO] [tracker] 🧾 Recorded task 'normalize_home_loan_001_segmented' as SUCCESS
2025-11-08 14:25:30 [INFO] [tracker] 🧾 Recorded task 'normalize_loan1_segmented' as STARTED
2025-11-08 14:25:31 [INFO] [tracker] 🧾 Recorded task 'normalize_loan1_segmented' as SUCCESS
2025-11-08 14:25:31 [INFO] [tracker] 🧾 Recorded task 'normalize_loan2_segmented' as STARTED
2025-11-08 14:25:31 [INFO] [tracker] 🧾 Recorded task 'normalize_loan2_segmented' as SUCCESS
2025-11-08 14:25:31 [INFO] [tracker] 🧾 Recorded task 'normalize_loan3_segmented' as STARTED
2025-11-08 14:25:31 [INFO] [tracker] 🧾 Recorded task 'normalize_loan3_segmented' as SUCCESS
2025-11-08 14:25:31 [INFO] [tracker] 🧾 Recorded task 'normalize_Personal-Loan-Agreement_segmented' as STARTED
2025-11-08 14:25:31 [INFO] [tracker] 🧾 Recorded task 'normalize_Personal-Loan-Agreement_segmented' as SUCCESS
2025-11-08 14:25:31 [INFO] [tracker] 🧾 Recorded task 'normalize_pl_agreement_segmented' as STARTED
2025-11-08 14:25:31 [INFO] [tracker] 🧾 Recorded task 'normalize_pl_agreement_segmented' as SUCCESS
2025-11-08 14:25:31 [INFO] [tracker] 🧾 Recorded task 'normalize_specimen-agreement_segmented' as STARTED
2025-11-08 14:25:31 [INFO] [tracker] 🧾 Recorded task 'normalize_specimen-agreement_segmented' as SUCCESS
2025-11-08 14:25:32 [INFO] [tracker] 🧾 Recorded task 'run_normalization_all' as SUCCESS
2025-11-08 14:25:53 [INFO] [tracker] 🧾 Recorded task 'generate_schema_stats' as STARTED
2025-11-08 14:25:54 [INFO] [tracker] 🧾 Recorded task 'generate_schema_stats' as SUCCESS
2025-11-08 14:27:51 [INFO] [tracker] 🧾 Recorded task 'fetch_files' as STARTED
2025-11-08 14:27:52 [INFO] [tracker] 🧾 Recorded task 'fetch_files' as SUCCESS
2025-11-08 14:27:57 [INFO] [tracker] 🧾 Recorded task 'run_textract_all' as STARTED
2025-11-08 14:27:57 [INFO] [tracker] 🧾 Recorded task 'fetch_files' as STARTED
2025-11-08 14:27:57 [INFO] [tracker] 🧾 Recorded task 'fetch_files' as SUCCESS
2025-11-08 14:27:58 [INFO] [tracker] 🧾 Recorded task 'run_textract_all' as SUCCESS
2025-11-08 14:28:01 [INFO] [tracker] 🧾 Recorded task 'run_segmentation_all' as STARTED
2025-11-08 14:28:01 [INFO] [tracker] 🧾 Recorded task 'segment_form_centre_showcase_personal_loan_form_raw' as STARTED
2025-11-08 14:28:02 [INFO] [tracker] 🧾 Recorded task 'segment_form_centre_showcase_personal_loan_form_raw' as SUCCESS
2025-11-08 14:28:02 [INFO] [tracker] 🧾 Recorded task 'segment_gss-term-loan-agreement-ccd-5_raw' as STARTED
2025-11-08 14:28:03 [INFO] [tracker] 🧾 Recorded task 'segment_gss-term-loan-agreement-ccd-5_raw' as SUCCESS
2025-11-08 14:28:03 [INFO] [tracker] 🧾 Recorded task 'segment_home_loan_001_raw' as STARTED
2025-11-08 14:28:03 [INFO] [tracker] 🧾 Recorded task 'segment_home_loan_001_raw' as SUCCESS
2025-11-08 14:28:03 [INFO] [tracker] 🧾 Recorded task 'segment_loan1_raw' as STARTED
2025-11-08 14:28:04 [INFO] [tracker] 🧾 Recorded task 'segment_loan1_raw' as SUCCESS
2025-11-08 14:28:04 [INFO] [tracker] 🧾 Recorded task 'segment_loan2_raw' as STARTED
2025-11-08 14:28:04 [INFO] [tracker] 🧾 Recorded task 'segment_loan2_raw' as SUCCESS
2025-11-08 14:28:04 [INFO] [tracker] 🧾 Recorded task 'segment_loan3_raw' as STARTED
2025-11-08 14:28:06 [INFO] [tracker] 🧾 Recorded task 'segment_loan3_raw' as SUCCESS
2025-11-08 14:28:06 [INFO] [tracker] 🧾 Recorded task 'segment_Personal-Loan-Agreement_raw' as STARTED
2025-11-08 14:28:06 [INFO] [tracker] 🧾 Recorded task 'segment_Personal-Loan-Agreement_raw' as SUCCESS
2025-11-08 14:28:06 [INFO] [tracker] 🧾 Recorded task 'segment_pl_agreement_raw' as STARTED
2025-11-08 14:28:07 [INFO] [tracker] 🧾 Recorded task 'segment_pl_agreement_raw' as SUCCESS
2025-11-08 14:28:07 [INFO] [tracker] 🧾 Recorded task 'segment_specimen-agreement_raw' as STARTED
2025-11-08 14:28:07 [INFO] [tracker] 🧾 Recorded task 'segment_specimen-agreement_raw' as SUCCESS
2025-11-08 14:28:07 [INFO] [tracker] 🧾 Recorded task 'run_segmentation_all' as SUCCESS
2025-11-08 14:28:10 [INFO] [tracker] 🧾 Recorded task 'run_normalization_all' as STARTED
2025-11-08 14:28:10 [INFO] [tracker] 🧾 Recorded task 'normalize_form_centre_showcase_personal_loan_form_segmented' as STARTED
2025-11-08 14:28:10 [INFO] [tracker] 🧾 Recorded task 'normalize_form_centre_showcase_personal_loan_form_segmented' as SUCCESS
2025-11-08 14:28:10 [INFO] [tracker] 🧾 Recorded task 'normalize_gss-term-loan-agreement-ccd-5_segmented' as STARTED
2025-11-08 14:28:10 [INFO] [tracker] 🧾 Recorded task 'normalize_gss-term-loan-agreement-ccd-5_segmented' as SUCCESS
2025-11-08 14:28:11 [INFO] [tracker] 🧾 Recorded task 'normalize_home_loan_001_segmented' as STARTED
2025-11-08 14:28:11 [INFO] [tracker] 🧾 Recorded task 'normalize_home_loan_001_segmented' as SUCCESS
2025-11-08 14:28:11 [INFO] [tracker] 🧾 Recorded task 'normalize_loan1_segmented' as STARTED
2025-11-08 14:28:11 [INFO] [tracker] 🧾 Recorded task 'normalize_loan1_segmented' as SUCCESS
2025-11-08 14:28:11 [INFO] [tracker] 🧾 Recorded task 'normalize_loan2_segmented' as STARTED
2025-11-08 14:28:11 [INFO] [tracker] 🧾 Recorded task 'normalize_loan2_segmented' as SUCCESS
2025-11-08 14:28:12 [INFO] [tracker] 🧾 Recorded task 'normalize_loan3_segmented' as STARTED
2025-11-08 14:28:12 [INFO] [tracker] 🧾 Recorded task 'normalize_loan3_segmented' as SUCCESS
2025-11-08 14:28:12 [INFO] [tracker] 🧾 Recorded task 'normalize_Personal-Loan-Agreement_segmented' as STARTED
2025-11-08 14:28:12 [INFO] [tracker] 🧾 Recorded task 'normalize_Personal-Loan-Agreement_segmented' as SUCCESS
2025-11-08 14:28:12 [INFO] [tracker] 🧾 Recorded task 'normalize_pl_agreement_segmented' as STARTED
2025-11-08 14:28:12 [INFO] [tracker] 🧾 Recorded task 'normalize_pl_agreement_segmented' as SUCCESS
2025-11-08 14:28:12 [INFO] [tracker] 🧾 Recorded task 'normalize_specimen-agreement_segmented' as STARTED
2025-11-08 14:28:12 [INFO] [tracker] 🧾 Recorded task 'normalize_specimen-agreement_segmented' as SUCCESS
2025-11-08 14:28:12 [INFO] [tracker] 🧾 Recorded task 'run_normalization_all' as SUCCESS
2025-11-08 14:28:16 [INFO] [tracker] 🧾 Recorded task 'generate_schema_stats' as STARTED
2025-11-08 14:28:17 [INFO] [tracker] 🧾 Recorded task 'generate_schema_stats' as SUCCESS
