[2025-11-13T09:10:38.851-0500] {processor.py:161} INFO - Started process (PID=8345) to work on /opt/airflow/dags/ocr_pipeline_dag.py
[2025-11-13T09:10:38.878-0500] {processor.py:830} INFO - Processing file /opt/airflow/dags/ocr_pipeline_dag.py for tasks to queue
[2025-11-13T09:10:39.017-0500] {logging_mixin.py:188} INFO - [2025-11-13T09:10:38.906-0500] {dagbag.py:545} INFO - Filling up the DagBag from /opt/airflow/dags/ocr_pipeline_dag.py
[2025-11-13T09:10:39.491-0500] {logging_mixin.py:188} INFO - 📂 Using project root: /opt/project
[2025-11-13T09:11:00.034-0500] {logging_mixin.py:188} INFO - [2025-11-13T09:11:00.031-0500] {credentials.py:1278} INFO - Found credentials in shared credentials file: ~/.aws/credentials
[2025-11-13T09:11:10.647-0500] {logging_mixin.py:188} INFO - [2025-11-13T09:11:10.561-0500] {timeout.py:68} ERROR - Process timed out, PID: 8345
[2025-11-13T09:11:42.052-0500] {processor.py:161} INFO - Started process (PID=8351) to work on /opt/airflow/dags/ocr_pipeline_dag.py
[2025-11-13T09:11:42.058-0500] {processor.py:830} INFO - Processing file /opt/airflow/dags/ocr_pipeline_dag.py for tasks to queue
[2025-11-13T09:11:42.068-0500] {logging_mixin.py:188} INFO - [2025-11-13T09:11:42.062-0500] {dagbag.py:545} INFO - Filling up the DagBag from /opt/airflow/dags/ocr_pipeline_dag.py
[2025-11-13T09:11:42.137-0500] {logging_mixin.py:188} INFO - 📂 Using project root: /opt/project
[2025-11-13T09:11:42.906-0500] {logging_mixin.py:188} INFO - [2025-11-13T09:11:42.905-0500] {credentials.py:1278} INFO - Found credentials in shared credentials file: ~/.aws/credentials
[2025-11-13T09:11:48.658-0500] {processor.py:840} INFO - DAG(s) 'ocr_pipeline_dag' retrieved from /opt/airflow/dags/ocr_pipeline_dag.py
[2025-11-13T09:11:49.666-0500] {logging_mixin.py:188} INFO - [2025-11-13T09:11:49.658-0500] {dag.py:3089} INFO - Sync 1 DAGs
[2025-11-13T09:11:49.752-0500] {logging_mixin.py:188} INFO - [2025-11-13T09:11:49.751-0500] {dag.py:3947} INFO - Setting next_dagrun for ocr_pipeline_dag to None, run_after=None
[2025-11-13T09:11:50.148-0500] {processor.py:183} INFO - Processing /opt/airflow/dags/ocr_pipeline_dag.py took 8.192 seconds
[2025-11-13T09:12:20.974-0500] {processor.py:161} INFO - Started process (PID=8357) to work on /opt/airflow/dags/ocr_pipeline_dag.py
[2025-11-13T09:12:20.976-0500] {processor.py:830} INFO - Processing file /opt/airflow/dags/ocr_pipeline_dag.py for tasks to queue
[2025-11-13T09:12:20.978-0500] {logging_mixin.py:188} INFO - [2025-11-13T09:12:20.977-0500] {dagbag.py:545} INFO - Filling up the DagBag from /opt/airflow/dags/ocr_pipeline_dag.py
[2025-11-13T09:12:20.999-0500] {logging_mixin.py:188} INFO - 📂 Using project root: /opt/project
[2025-11-13T09:12:21.188-0500] {logging_mixin.py:188} INFO - [2025-11-13T09:12:21.188-0500] {credentials.py:1278} INFO - Found credentials in shared credentials file: ~/.aws/credentials
[2025-11-13T09:12:21.882-0500] {processor.py:840} INFO - DAG(s) 'ocr_pipeline_dag' retrieved from /opt/airflow/dags/ocr_pipeline_dag.py
[2025-11-13T09:12:21.914-0500] {logging_mixin.py:188} INFO - [2025-11-13T09:12:21.913-0500] {dag.py:3089} INFO - Sync 1 DAGs
[2025-11-13T09:12:21.929-0500] {logging_mixin.py:188} INFO - [2025-11-13T09:12:21.929-0500] {dag.py:3947} INFO - Setting next_dagrun for ocr_pipeline_dag to None, run_after=None
[2025-11-13T09:12:21.950-0500] {processor.py:183} INFO - Processing /opt/airflow/dags/ocr_pipeline_dag.py took 0.984 seconds
[2025-11-13T09:12:52.253-0500] {processor.py:161} INFO - Started process (PID=8363) to work on /opt/airflow/dags/ocr_pipeline_dag.py
[2025-11-13T09:12:52.259-0500] {processor.py:830} INFO - Processing file /opt/airflow/dags/ocr_pipeline_dag.py for tasks to queue
[2025-11-13T09:12:52.260-0500] {logging_mixin.py:188} INFO - [2025-11-13T09:12:52.260-0500] {dagbag.py:545} INFO - Filling up the DagBag from /opt/airflow/dags/ocr_pipeline_dag.py
[2025-11-13T09:12:52.298-0500] {logging_mixin.py:188} INFO - 📂 Using project root: /opt/project
[2025-11-13T09:12:52.693-0500] {logging_mixin.py:188} INFO - [2025-11-13T09:12:52.693-0500] {credentials.py:1278} INFO - Found credentials in shared credentials file: ~/.aws/credentials
[2025-11-13T09:12:53.480-0500] {processor.py:840} INFO - DAG(s) 'ocr_pipeline_dag' retrieved from /opt/airflow/dags/ocr_pipeline_dag.py
[2025-11-13T09:12:53.577-0500] {logging_mixin.py:188} INFO - [2025-11-13T09:12:53.577-0500] {dag.py:3089} INFO - Sync 1 DAGs
[2025-11-13T09:12:53.596-0500] {logging_mixin.py:188} INFO - [2025-11-13T09:12:53.596-0500] {dag.py:3947} INFO - Setting next_dagrun for ocr_pipeline_dag to None, run_after=None
[2025-11-13T09:12:53.614-0500] {processor.py:183} INFO - Processing /opt/airflow/dags/ocr_pipeline_dag.py took 1.370 seconds
[2025-11-13T09:13:23.966-0500] {processor.py:161} INFO - Started process (PID=8369) to work on /opt/airflow/dags/ocr_pipeline_dag.py
[2025-11-13T09:13:23.968-0500] {processor.py:830} INFO - Processing file /opt/airflow/dags/ocr_pipeline_dag.py for tasks to queue
[2025-11-13T09:13:23.970-0500] {logging_mixin.py:188} INFO - [2025-11-13T09:13:23.969-0500] {dagbag.py:545} INFO - Filling up the DagBag from /opt/airflow/dags/ocr_pipeline_dag.py
[2025-11-13T09:13:23.997-0500] {logging_mixin.py:188} INFO - 📂 Using project root: /opt/project
[2025-11-13T09:13:24.279-0500] {logging_mixin.py:188} INFO - [2025-11-13T09:13:24.278-0500] {credentials.py:1278} INFO - Found credentials in shared credentials file: ~/.aws/credentials
[2025-11-13T09:13:25.788-0500] {processor.py:840} INFO - DAG(s) 'ocr_pipeline_dag' retrieved from /opt/airflow/dags/ocr_pipeline_dag.py
[2025-11-13T09:13:25.834-0500] {logging_mixin.py:188} INFO - [2025-11-13T09:13:25.834-0500] {dag.py:3089} INFO - Sync 1 DAGs
[2025-11-13T09:13:25.850-0500] {logging_mixin.py:188} INFO - [2025-11-13T09:13:25.850-0500] {dag.py:3947} INFO - Setting next_dagrun for ocr_pipeline_dag to None, run_after=None
[2025-11-13T09:13:25.876-0500] {processor.py:183} INFO - Processing /opt/airflow/dags/ocr_pipeline_dag.py took 1.922 seconds
[2025-11-13T09:13:56.417-0500] {processor.py:161} INFO - Started process (PID=8375) to work on /opt/airflow/dags/ocr_pipeline_dag.py
[2025-11-13T09:13:56.419-0500] {processor.py:830} INFO - Processing file /opt/airflow/dags/ocr_pipeline_dag.py for tasks to queue
[2025-11-13T09:13:56.420-0500] {logging_mixin.py:188} INFO - [2025-11-13T09:13:56.420-0500] {dagbag.py:545} INFO - Filling up the DagBag from /opt/airflow/dags/ocr_pipeline_dag.py
[2025-11-13T09:13:56.444-0500] {logging_mixin.py:188} INFO - 📂 Using project root: /opt/project
[2025-11-13T09:13:56.614-0500] {logging_mixin.py:188} INFO - [2025-11-13T09:13:56.614-0500] {credentials.py:1278} INFO - Found credentials in shared credentials file: ~/.aws/credentials
[2025-11-13T09:13:57.317-0500] {processor.py:840} INFO - DAG(s) 'ocr_pipeline_dag' retrieved from /opt/airflow/dags/ocr_pipeline_dag.py
[2025-11-13T09:13:57.349-0500] {logging_mixin.py:188} INFO - [2025-11-13T09:13:57.348-0500] {dag.py:3089} INFO - Sync 1 DAGs
[2025-11-13T09:13:57.359-0500] {logging_mixin.py:188} INFO - [2025-11-13T09:13:57.359-0500] {dag.py:3947} INFO - Setting next_dagrun for ocr_pipeline_dag to None, run_after=None
[2025-11-13T09:13:57.379-0500] {processor.py:183} INFO - Processing /opt/airflow/dags/ocr_pipeline_dag.py took 0.973 seconds
[2025-11-13T09:14:28.064-0500] {processor.py:161} INFO - Started process (PID=8381) to work on /opt/airflow/dags/ocr_pipeline_dag.py
[2025-11-13T09:14:28.065-0500] {processor.py:830} INFO - Processing file /opt/airflow/dags/ocr_pipeline_dag.py for tasks to queue
[2025-11-13T09:14:28.066-0500] {logging_mixin.py:188} INFO - [2025-11-13T09:14:28.066-0500] {dagbag.py:545} INFO - Filling up the DagBag from /opt/airflow/dags/ocr_pipeline_dag.py
[2025-11-13T09:14:28.084-0500] {logging_mixin.py:188} INFO - 📂 Using project root: /opt/project
[2025-11-13T09:14:28.233-0500] {logging_mixin.py:188} INFO - [2025-11-13T09:14:28.233-0500] {credentials.py:1278} INFO - Found credentials in shared credentials file: ~/.aws/credentials
[2025-11-13T09:14:28.953-0500] {processor.py:840} INFO - DAG(s) 'ocr_pipeline_dag' retrieved from /opt/airflow/dags/ocr_pipeline_dag.py
[2025-11-13T09:14:28.979-0500] {logging_mixin.py:188} INFO - [2025-11-13T09:14:28.979-0500] {dag.py:3089} INFO - Sync 1 DAGs
[2025-11-13T09:14:28.991-0500] {logging_mixin.py:188} INFO - [2025-11-13T09:14:28.990-0500] {dag.py:3947} INFO - Setting next_dagrun for ocr_pipeline_dag to None, run_after=None
[2025-11-13T09:14:29.011-0500] {processor.py:183} INFO - Processing /opt/airflow/dags/ocr_pipeline_dag.py took 0.954 seconds
[2025-11-13T09:14:59.691-0500] {processor.py:161} INFO - Started process (PID=8387) to work on /opt/airflow/dags/ocr_pipeline_dag.py
[2025-11-13T09:14:59.692-0500] {processor.py:830} INFO - Processing file /opt/airflow/dags/ocr_pipeline_dag.py for tasks to queue
[2025-11-13T09:14:59.694-0500] {logging_mixin.py:188} INFO - [2025-11-13T09:14:59.693-0500] {dagbag.py:545} INFO - Filling up the DagBag from /opt/airflow/dags/ocr_pipeline_dag.py
[2025-11-13T09:14:59.715-0500] {logging_mixin.py:188} INFO - 📂 Using project root: /opt/project
[2025-11-13T09:14:59.873-0500] {logging_mixin.py:188} INFO - [2025-11-13T09:14:59.873-0500] {credentials.py:1278} INFO - Found credentials in shared credentials file: ~/.aws/credentials
[2025-11-13T09:15:00.494-0500] {processor.py:840} INFO - DAG(s) 'ocr_pipeline_dag' retrieved from /opt/airflow/dags/ocr_pipeline_dag.py
[2025-11-13T09:15:00.521-0500] {logging_mixin.py:188} INFO - [2025-11-13T09:15:00.520-0500] {dag.py:3089} INFO - Sync 1 DAGs
[2025-11-13T09:15:00.531-0500] {logging_mixin.py:188} INFO - [2025-11-13T09:15:00.531-0500] {dag.py:3947} INFO - Setting next_dagrun for ocr_pipeline_dag to None, run_after=None
[2025-11-13T09:15:00.551-0500] {processor.py:183} INFO - Processing /opt/airflow/dags/ocr_pipeline_dag.py took 0.866 seconds
[2025-11-13T09:15:31.265-0500] {processor.py:161} INFO - Started process (PID=8393) to work on /opt/airflow/dags/ocr_pipeline_dag.py
[2025-11-13T09:15:31.266-0500] {processor.py:830} INFO - Processing file /opt/airflow/dags/ocr_pipeline_dag.py for tasks to queue
[2025-11-13T09:15:31.268-0500] {logging_mixin.py:188} INFO - [2025-11-13T09:15:31.267-0500] {dagbag.py:545} INFO - Filling up the DagBag from /opt/airflow/dags/ocr_pipeline_dag.py
[2025-11-13T09:15:31.286-0500] {logging_mixin.py:188} INFO - 📂 Using project root: /opt/project
[2025-11-13T09:15:31.445-0500] {logging_mixin.py:188} INFO - [2025-11-13T09:15:31.445-0500] {credentials.py:1278} INFO - Found credentials in shared credentials file: ~/.aws/credentials
[2025-11-13T09:15:32.082-0500] {processor.py:840} INFO - DAG(s) 'ocr_pipeline_dag' retrieved from /opt/airflow/dags/ocr_pipeline_dag.py
[2025-11-13T09:15:32.118-0500] {logging_mixin.py:188} INFO - [2025-11-13T09:15:32.118-0500] {dag.py:3089} INFO - Sync 1 DAGs
[2025-11-13T09:15:32.131-0500] {logging_mixin.py:188} INFO - [2025-11-13T09:15:32.131-0500] {dag.py:3947} INFO - Setting next_dagrun for ocr_pipeline_dag to None, run_after=None
[2025-11-13T09:15:32.152-0500] {processor.py:183} INFO - Processing /opt/airflow/dags/ocr_pipeline_dag.py took 0.895 seconds
[2025-11-13T09:16:02.884-0500] {processor.py:161} INFO - Started process (PID=8399) to work on /opt/airflow/dags/ocr_pipeline_dag.py
[2025-11-13T09:16:02.886-0500] {processor.py:830} INFO - Processing file /opt/airflow/dags/ocr_pipeline_dag.py for tasks to queue
[2025-11-13T09:16:02.887-0500] {logging_mixin.py:188} INFO - [2025-11-13T09:16:02.886-0500] {dagbag.py:545} INFO - Filling up the DagBag from /opt/airflow/dags/ocr_pipeline_dag.py
[2025-11-13T09:16:02.913-0500] {logging_mixin.py:188} INFO - 📂 Using project root: /opt/project
[2025-11-13T09:16:03.070-0500] {logging_mixin.py:188} INFO - [2025-11-13T09:16:03.069-0500] {credentials.py:1278} INFO - Found credentials in shared credentials file: ~/.aws/credentials
[2025-11-13T09:16:03.701-0500] {processor.py:840} INFO - DAG(s) 'ocr_pipeline_dag' retrieved from /opt/airflow/dags/ocr_pipeline_dag.py
[2025-11-13T09:16:03.754-0500] {logging_mixin.py:188} INFO - [2025-11-13T09:16:03.754-0500] {dag.py:3089} INFO - Sync 1 DAGs
[2025-11-13T09:16:03.769-0500] {logging_mixin.py:188} INFO - [2025-11-13T09:16:03.769-0500] {dag.py:3947} INFO - Setting next_dagrun for ocr_pipeline_dag to None, run_after=None
[2025-11-13T09:16:03.793-0500] {processor.py:183} INFO - Processing /opt/airflow/dags/ocr_pipeline_dag.py took 0.917 seconds
[2025-11-13T09:16:34.331-0500] {processor.py:161} INFO - Started process (PID=8405) to work on /opt/airflow/dags/ocr_pipeline_dag.py
[2025-11-13T09:16:34.333-0500] {processor.py:830} INFO - Processing file /opt/airflow/dags/ocr_pipeline_dag.py for tasks to queue
[2025-11-13T09:16:34.334-0500] {logging_mixin.py:188} INFO - [2025-11-13T09:16:34.334-0500] {dagbag.py:545} INFO - Filling up the DagBag from /opt/airflow/dags/ocr_pipeline_dag.py
[2025-11-13T09:16:34.350-0500] {logging_mixin.py:188} INFO - 📂 Using project root: /opt/project
[2025-11-13T09:16:34.500-0500] {logging_mixin.py:188} INFO - [2025-11-13T09:16:34.500-0500] {credentials.py:1278} INFO - Found credentials in shared credentials file: ~/.aws/credentials
[2025-11-13T09:16:36.484-0500] {processor.py:840} INFO - DAG(s) 'ocr_pipeline_dag' retrieved from /opt/airflow/dags/ocr_pipeline_dag.py
[2025-11-13T09:16:36.512-0500] {logging_mixin.py:188} INFO - [2025-11-13T09:16:36.512-0500] {dag.py:3089} INFO - Sync 1 DAGs
[2025-11-13T09:16:36.523-0500] {logging_mixin.py:188} INFO - [2025-11-13T09:16:36.523-0500] {dag.py:3947} INFO - Setting next_dagrun for ocr_pipeline_dag to None, run_after=None
[2025-11-13T09:16:36.541-0500] {processor.py:183} INFO - Processing /opt/airflow/dags/ocr_pipeline_dag.py took 0.892 seconds
[2025-11-13T09:17:07.042-0500] {processor.py:161} INFO - Started process (PID=8411) to work on /opt/airflow/dags/ocr_pipeline_dag.py
[2025-11-13T09:17:07.044-0500] {processor.py:830} INFO - Processing file /opt/airflow/dags/ocr_pipeline_dag.py for tasks to queue
[2025-11-13T09:17:07.045-0500] {logging_mixin.py:188} INFO - [2025-11-13T09:17:07.045-0500] {dagbag.py:545} INFO - Filling up the DagBag from /opt/airflow/dags/ocr_pipeline_dag.py
[2025-11-13T09:17:07.061-0500] {logging_mixin.py:188} INFO - 📂 Using project root: /opt/project
[2025-11-13T09:17:07.216-0500] {logging_mixin.py:188} INFO - [2025-11-13T09:17:07.215-0500] {credentials.py:1278} INFO - Found credentials in shared credentials file: ~/.aws/credentials
[2025-11-13T09:17:07.837-0500] {processor.py:840} INFO - DAG(s) 'ocr_pipeline_dag' retrieved from /opt/airflow/dags/ocr_pipeline_dag.py
[2025-11-13T09:17:07.864-0500] {logging_mixin.py:188} INFO - [2025-11-13T09:17:07.864-0500] {dag.py:3089} INFO - Sync 1 DAGs
[2025-11-13T09:17:07.875-0500] {logging_mixin.py:188} INFO - [2025-11-13T09:17:07.875-0500] {dag.py:3947} INFO - Setting next_dagrun for ocr_pipeline_dag to None, run_after=None
[2025-11-13T09:17:07.894-0500] {processor.py:183} INFO - Processing /opt/airflow/dags/ocr_pipeline_dag.py took 0.858 seconds
[2025-11-13T09:17:38.768-0500] {processor.py:161} INFO - Started process (PID=8417) to work on /opt/airflow/dags/ocr_pipeline_dag.py
[2025-11-13T09:17:38.770-0500] {processor.py:830} INFO - Processing file /opt/airflow/dags/ocr_pipeline_dag.py for tasks to queue
[2025-11-13T09:17:38.771-0500] {logging_mixin.py:188} INFO - [2025-11-13T09:17:38.771-0500] {dagbag.py:545} INFO - Filling up the DagBag from /opt/airflow/dags/ocr_pipeline_dag.py
[2025-11-13T09:17:38.787-0500] {logging_mixin.py:188} INFO - 📂 Using project root: /opt/project
[2025-11-13T09:17:38.944-0500] {logging_mixin.py:188} INFO - [2025-11-13T09:17:38.943-0500] {credentials.py:1278} INFO - Found credentials in shared credentials file: ~/.aws/credentials
[2025-11-13T09:17:39.587-0500] {processor.py:840} INFO - DAG(s) 'ocr_pipeline_dag' retrieved from /opt/airflow/dags/ocr_pipeline_dag.py
[2025-11-13T09:17:39.617-0500] {logging_mixin.py:188} INFO - [2025-11-13T09:17:39.616-0500] {dag.py:3089} INFO - Sync 1 DAGs
[2025-11-13T09:17:39.628-0500] {logging_mixin.py:188} INFO - [2025-11-13T09:17:39.628-0500] {dag.py:3947} INFO - Setting next_dagrun for ocr_pipeline_dag to None, run_after=None
[2025-11-13T09:17:39.648-0500] {processor.py:183} INFO - Processing /opt/airflow/dags/ocr_pipeline_dag.py took 0.887 seconds
[2025-11-13T09:18:10.513-0500] {processor.py:161} INFO - Started process (PID=8423) to work on /opt/airflow/dags/ocr_pipeline_dag.py
[2025-11-13T09:18:10.515-0500] {processor.py:830} INFO - Processing file /opt/airflow/dags/ocr_pipeline_dag.py for tasks to queue
[2025-11-13T09:18:10.516-0500] {logging_mixin.py:188} INFO - [2025-11-13T09:18:10.516-0500] {dagbag.py:545} INFO - Filling up the DagBag from /opt/airflow/dags/ocr_pipeline_dag.py
[2025-11-13T09:18:10.536-0500] {logging_mixin.py:188} INFO - 📂 Using project root: /opt/project
[2025-11-13T09:18:10.693-0500] {logging_mixin.py:188} INFO - [2025-11-13T09:18:10.693-0500] {credentials.py:1278} INFO - Found credentials in shared credentials file: ~/.aws/credentials
[2025-11-13T09:18:11.368-0500] {processor.py:840} INFO - DAG(s) 'ocr_pipeline_dag' retrieved from /opt/airflow/dags/ocr_pipeline_dag.py
[2025-11-13T09:18:11.397-0500] {logging_mixin.py:188} INFO - [2025-11-13T09:18:11.397-0500] {dag.py:3089} INFO - Sync 1 DAGs
[2025-11-13T09:18:11.409-0500] {logging_mixin.py:188} INFO - [2025-11-13T09:18:11.409-0500] {dag.py:3947} INFO - Setting next_dagrun for ocr_pipeline_dag to None, run_after=None
[2025-11-13T09:18:11.429-0500] {processor.py:183} INFO - Processing /opt/airflow/dags/ocr_pipeline_dag.py took 0.926 seconds
[2025-11-13T09:18:42.293-0500] {processor.py:161} INFO - Started process (PID=8429) to work on /opt/airflow/dags/ocr_pipeline_dag.py
[2025-11-13T09:18:42.294-0500] {processor.py:830} INFO - Processing file /opt/airflow/dags/ocr_pipeline_dag.py for tasks to queue
[2025-11-13T09:18:42.295-0500] {logging_mixin.py:188} INFO - [2025-11-13T09:18:42.295-0500] {dagbag.py:545} INFO - Filling up the DagBag from /opt/airflow/dags/ocr_pipeline_dag.py
[2025-11-13T09:18:42.310-0500] {logging_mixin.py:188} INFO - 📂 Using project root: /opt/project
[2025-11-13T09:18:42.458-0500] {logging_mixin.py:188} INFO - [2025-11-13T09:18:42.458-0500] {credentials.py:1278} INFO - Found credentials in shared credentials file: ~/.aws/credentials
[2025-11-13T09:18:43.083-0500] {processor.py:840} INFO - DAG(s) 'ocr_pipeline_dag' retrieved from /opt/airflow/dags/ocr_pipeline_dag.py
[2025-11-13T09:18:43.109-0500] {logging_mixin.py:188} INFO - [2025-11-13T09:18:43.109-0500] {dag.py:3089} INFO - Sync 1 DAGs
[2025-11-13T09:18:43.122-0500] {logging_mixin.py:188} INFO - [2025-11-13T09:18:43.122-0500] {dag.py:3947} INFO - Setting next_dagrun for ocr_pipeline_dag to None, run_after=None
[2025-11-13T09:18:43.142-0500] {processor.py:183} INFO - Processing /opt/airflow/dags/ocr_pipeline_dag.py took 0.857 seconds
[2025-11-13T09:19:13.920-0500] {processor.py:161} INFO - Started process (PID=8435) to work on /opt/airflow/dags/ocr_pipeline_dag.py
[2025-11-13T09:19:13.921-0500] {processor.py:830} INFO - Processing file /opt/airflow/dags/ocr_pipeline_dag.py for tasks to queue
[2025-11-13T09:19:13.922-0500] {logging_mixin.py:188} INFO - [2025-11-13T09:19:13.922-0500] {dagbag.py:545} INFO - Filling up the DagBag from /opt/airflow/dags/ocr_pipeline_dag.py
[2025-11-13T09:19:13.944-0500] {logging_mixin.py:188} INFO - 📂 Using project root: /opt/project
[2025-11-13T09:19:14.161-0500] {logging_mixin.py:188} INFO - [2025-11-13T09:19:14.161-0500] {credentials.py:1278} INFO - Found credentials in shared credentials file: ~/.aws/credentials
[2025-11-13T09:19:14.793-0500] {processor.py:840} INFO - DAG(s) 'ocr_pipeline_dag' retrieved from /opt/airflow/dags/ocr_pipeline_dag.py
[2025-11-13T09:19:14.824-0500] {logging_mixin.py:188} INFO - [2025-11-13T09:19:14.823-0500] {dag.py:3089} INFO - Sync 1 DAGs
[2025-11-13T09:19:14.837-0500] {logging_mixin.py:188} INFO - [2025-11-13T09:19:14.837-0500] {dag.py:3947} INFO - Setting next_dagrun for ocr_pipeline_dag to None, run_after=None
[2025-11-13T09:19:14.857-0500] {processor.py:183} INFO - Processing /opt/airflow/dags/ocr_pipeline_dag.py took 0.946 seconds
[2025-11-13T09:19:45.670-0500] {processor.py:161} INFO - Started process (PID=8441) to work on /opt/airflow/dags/ocr_pipeline_dag.py
[2025-11-13T09:19:45.671-0500] {processor.py:830} INFO - Processing file /opt/airflow/dags/ocr_pipeline_dag.py for tasks to queue
[2025-11-13T09:19:45.672-0500] {logging_mixin.py:188} INFO - [2025-11-13T09:19:45.672-0500] {dagbag.py:545} INFO - Filling up the DagBag from /opt/airflow/dags/ocr_pipeline_dag.py
[2025-11-13T09:19:45.688-0500] {logging_mixin.py:188} INFO - 📂 Using project root: /opt/project
[2025-11-13T09:19:45.904-0500] {logging_mixin.py:188} INFO - [2025-11-13T09:19:45.903-0500] {credentials.py:1278} INFO - Found credentials in shared credentials file: ~/.aws/credentials
[2025-11-13T09:19:48.555-0500] {processor.py:840} INFO - DAG(s) 'ocr_pipeline_dag' retrieved from /opt/airflow/dags/ocr_pipeline_dag.py
[2025-11-13T09:19:48.707-0500] {logging_mixin.py:188} INFO - [2025-11-13T09:19:48.706-0500] {dag.py:3089} INFO - Sync 1 DAGs
[2025-11-13T09:19:48.762-0500] {logging_mixin.py:188} INFO - [2025-11-13T09:19:48.762-0500] {dag.py:3947} INFO - Setting next_dagrun for ocr_pipeline_dag to None, run_after=None
[2025-11-13T09:19:48.841-0500] {processor.py:183} INFO - Processing /opt/airflow/dags/ocr_pipeline_dag.py took 3.179 seconds
[2025-11-13T09:20:19.314-0500] {processor.py:161} INFO - Started process (PID=8447) to work on /opt/airflow/dags/ocr_pipeline_dag.py
[2025-11-13T09:20:19.315-0500] {processor.py:830} INFO - Processing file /opt/airflow/dags/ocr_pipeline_dag.py for tasks to queue
[2025-11-13T09:20:19.317-0500] {logging_mixin.py:188} INFO - [2025-11-13T09:20:19.316-0500] {dagbag.py:545} INFO - Filling up the DagBag from /opt/airflow/dags/ocr_pipeline_dag.py
[2025-11-13T09:20:19.339-0500] {logging_mixin.py:188} INFO - 📂 Using project root: /opt/project
[2025-11-13T09:20:19.555-0500] {logging_mixin.py:188} INFO - [2025-11-13T09:20:19.555-0500] {credentials.py:1278} INFO - Found credentials in shared credentials file: ~/.aws/credentials
[2025-11-13T09:20:20.438-0500] {processor.py:840} INFO - DAG(s) 'ocr_pipeline_dag' retrieved from /opt/airflow/dags/ocr_pipeline_dag.py
[2025-11-13T09:20:20.473-0500] {logging_mixin.py:188} INFO - [2025-11-13T09:20:20.472-0500] {dag.py:3089} INFO - Sync 1 DAGs
[2025-11-13T09:20:20.490-0500] {logging_mixin.py:188} INFO - [2025-11-13T09:20:20.490-0500] {dag.py:3947} INFO - Setting next_dagrun for ocr_pipeline_dag to None, run_after=None
[2025-11-13T09:20:20.520-0500] {processor.py:183} INFO - Processing /opt/airflow/dags/ocr_pipeline_dag.py took 1.218 seconds
[2025-11-13T09:20:51.199-0500] {processor.py:161} INFO - Started process (PID=8453) to work on /opt/airflow/dags/ocr_pipeline_dag.py
[2025-11-13T09:20:51.201-0500] {processor.py:830} INFO - Processing file /opt/airflow/dags/ocr_pipeline_dag.py for tasks to queue
[2025-11-13T09:20:51.202-0500] {logging_mixin.py:188} INFO - [2025-11-13T09:20:51.202-0500] {dagbag.py:545} INFO - Filling up the DagBag from /opt/airflow/dags/ocr_pipeline_dag.py
[2025-11-13T09:20:51.224-0500] {logging_mixin.py:188} INFO - 📂 Using project root: /opt/project
[2025-11-13T09:20:51.422-0500] {logging_mixin.py:188} INFO - [2025-11-13T09:20:51.422-0500] {credentials.py:1278} INFO - Found credentials in shared credentials file: ~/.aws/credentials
[2025-11-13T09:20:52.160-0500] {processor.py:840} INFO - DAG(s) 'ocr_pipeline_dag' retrieved from /opt/airflow/dags/ocr_pipeline_dag.py
[2025-11-13T09:20:52.192-0500] {logging_mixin.py:188} INFO - [2025-11-13T09:20:52.191-0500] {dag.py:3089} INFO - Sync 1 DAGs
[2025-11-13T09:20:52.205-0500] {logging_mixin.py:188} INFO - [2025-11-13T09:20:52.205-0500] {dag.py:3947} INFO - Setting next_dagrun for ocr_pipeline_dag to None, run_after=None
[2025-11-13T09:20:52.229-0500] {processor.py:183} INFO - Processing /opt/airflow/dags/ocr_pipeline_dag.py took 1.041 seconds
[2025-11-13T09:21:22.739-0500] {processor.py:161} INFO - Started process (PID=8459) to work on /opt/airflow/dags/ocr_pipeline_dag.py
[2025-11-13T09:21:22.741-0500] {processor.py:830} INFO - Processing file /opt/airflow/dags/ocr_pipeline_dag.py for tasks to queue
[2025-11-13T09:21:22.742-0500] {logging_mixin.py:188} INFO - [2025-11-13T09:21:22.742-0500] {dagbag.py:545} INFO - Filling up the DagBag from /opt/airflow/dags/ocr_pipeline_dag.py
[2025-11-13T09:21:22.762-0500] {logging_mixin.py:188} INFO - 📂 Using project root: /opt/project
[2025-11-13T09:21:22.961-0500] {logging_mixin.py:188} INFO - [2025-11-13T09:21:22.960-0500] {credentials.py:1278} INFO - Found credentials in shared credentials file: ~/.aws/credentials
[2025-11-13T09:21:23.709-0500] {processor.py:840} INFO - DAG(s) 'ocr_pipeline_dag' retrieved from /opt/airflow/dags/ocr_pipeline_dag.py
[2025-11-13T09:21:23.740-0500] {logging_mixin.py:188} INFO - [2025-11-13T09:21:23.739-0500] {dag.py:3089} INFO - Sync 1 DAGs
[2025-11-13T09:21:23.753-0500] {logging_mixin.py:188} INFO - [2025-11-13T09:21:23.752-0500] {dag.py:3947} INFO - Setting next_dagrun for ocr_pipeline_dag to None, run_after=None
[2025-11-13T09:21:23.777-0500] {processor.py:183} INFO - Processing /opt/airflow/dags/ocr_pipeline_dag.py took 1.045 seconds
[2025-11-13T09:21:54.289-0500] {processor.py:161} INFO - Started process (PID=8465) to work on /opt/airflow/dags/ocr_pipeline_dag.py
[2025-11-13T09:21:54.290-0500] {processor.py:830} INFO - Processing file /opt/airflow/dags/ocr_pipeline_dag.py for tasks to queue
[2025-11-13T09:21:54.292-0500] {logging_mixin.py:188} INFO - [2025-11-13T09:21:54.291-0500] {dagbag.py:545} INFO - Filling up the DagBag from /opt/airflow/dags/ocr_pipeline_dag.py
[2025-11-13T09:21:54.310-0500] {logging_mixin.py:188} INFO - 📂 Using project root: /opt/project
[2025-11-13T09:21:54.512-0500] {logging_mixin.py:188} INFO - [2025-11-13T09:21:54.512-0500] {credentials.py:1278} INFO - Found credentials in shared credentials file: ~/.aws/credentials
[2025-11-13T09:21:55.274-0500] {processor.py:840} INFO - DAG(s) 'ocr_pipeline_dag' retrieved from /opt/airflow/dags/ocr_pipeline_dag.py
[2025-11-13T09:21:55.307-0500] {logging_mixin.py:188} INFO - [2025-11-13T09:21:55.306-0500] {dag.py:3089} INFO - Sync 1 DAGs
[2025-11-13T09:21:55.324-0500] {logging_mixin.py:188} INFO - [2025-11-13T09:21:55.323-0500] {dag.py:3947} INFO - Setting next_dagrun for ocr_pipeline_dag to None, run_after=None
[2025-11-13T09:21:55.346-0500] {processor.py:183} INFO - Processing /opt/airflow/dags/ocr_pipeline_dag.py took 1.065 seconds
[2025-11-13T09:22:26.043-0500] {processor.py:161} INFO - Started process (PID=8471) to work on /opt/airflow/dags/ocr_pipeline_dag.py
[2025-11-13T09:22:26.046-0500] {processor.py:830} INFO - Processing file /opt/airflow/dags/ocr_pipeline_dag.py for tasks to queue
[2025-11-13T09:22:26.051-0500] {logging_mixin.py:188} INFO - [2025-11-13T09:22:26.050-0500] {dagbag.py:545} INFO - Filling up the DagBag from /opt/airflow/dags/ocr_pipeline_dag.py
[2025-11-13T09:22:26.091-0500] {logging_mixin.py:188} INFO - 📂 Using project root: /opt/project
[2025-11-13T09:22:26.466-0500] {logging_mixin.py:188} INFO - [2025-11-13T09:22:26.465-0500] {credentials.py:1278} INFO - Found credentials in shared credentials file: ~/.aws/credentials
[2025-11-13T09:22:27.844-0500] {processor.py:840} INFO - DAG(s) 'ocr_pipeline_dag' retrieved from /opt/airflow/dags/ocr_pipeline_dag.py
[2025-11-13T09:22:27.882-0500] {logging_mixin.py:188} INFO - [2025-11-13T09:22:27.882-0500] {dag.py:3089} INFO - Sync 1 DAGs
[2025-11-13T09:22:27.902-0500] {logging_mixin.py:188} INFO - [2025-11-13T09:22:27.902-0500] {dag.py:3947} INFO - Setting next_dagrun for ocr_pipeline_dag to None, run_after=None
[2025-11-13T09:22:27.929-0500] {processor.py:183} INFO - Processing /opt/airflow/dags/ocr_pipeline_dag.py took 1.908 seconds
[2025-11-13T09:22:58.086-0500] {processor.py:161} INFO - Started process (PID=8477) to work on /opt/airflow/dags/ocr_pipeline_dag.py
[2025-11-13T09:22:58.089-0500] {processor.py:830} INFO - Processing file /opt/airflow/dags/ocr_pipeline_dag.py for tasks to queue
[2025-11-13T09:22:58.091-0500] {logging_mixin.py:188} INFO - [2025-11-13T09:22:58.090-0500] {dagbag.py:545} INFO - Filling up the DagBag from /opt/airflow/dags/ocr_pipeline_dag.py
[2025-11-13T09:22:58.117-0500] {logging_mixin.py:188} INFO - 📂 Using project root: /opt/project
[2025-11-13T09:22:58.346-0500] {logging_mixin.py:188} INFO - [2025-11-13T09:22:58.345-0500] {credentials.py:1278} INFO - Found credentials in shared credentials file: ~/.aws/credentials
[2025-11-13T09:22:59.199-0500] {processor.py:840} INFO - DAG(s) 'ocr_pipeline_dag' retrieved from /opt/airflow/dags/ocr_pipeline_dag.py
[2025-11-13T09:22:59.232-0500] {logging_mixin.py:188} INFO - [2025-11-13T09:22:59.232-0500] {dag.py:3089} INFO - Sync 1 DAGs
[2025-11-13T09:22:59.247-0500] {logging_mixin.py:188} INFO - [2025-11-13T09:22:59.247-0500] {dag.py:3947} INFO - Setting next_dagrun for ocr_pipeline_dag to None, run_after=None
[2025-11-13T09:22:59.270-0500] {processor.py:183} INFO - Processing /opt/airflow/dags/ocr_pipeline_dag.py took 1.194 seconds
[2025-11-13T09:23:29.747-0500] {processor.py:161} INFO - Started process (PID=8483) to work on /opt/airflow/dags/ocr_pipeline_dag.py
[2025-11-13T09:23:29.749-0500] {processor.py:830} INFO - Processing file /opt/airflow/dags/ocr_pipeline_dag.py for tasks to queue
[2025-11-13T09:23:29.751-0500] {logging_mixin.py:188} INFO - [2025-11-13T09:23:29.750-0500] {dagbag.py:545} INFO - Filling up the DagBag from /opt/airflow/dags/ocr_pipeline_dag.py
[2025-11-13T09:23:29.772-0500] {logging_mixin.py:188} INFO - 📂 Using project root: /opt/project
[2025-11-13T09:23:29.998-0500] {logging_mixin.py:188} INFO - [2025-11-13T09:23:29.997-0500] {credentials.py:1278} INFO - Found credentials in shared credentials file: ~/.aws/credentials
[2025-11-13T09:23:31.024-0500] {processor.py:840} INFO - DAG(s) 'ocr_pipeline_dag' retrieved from /opt/airflow/dags/ocr_pipeline_dag.py
[2025-11-13T09:23:31.072-0500] {logging_mixin.py:188} INFO - [2025-11-13T09:23:31.072-0500] {dag.py:3089} INFO - Sync 1 DAGs
[2025-11-13T09:23:31.091-0500] {logging_mixin.py:188} INFO - [2025-11-13T09:23:31.090-0500] {dag.py:3947} INFO - Setting next_dagrun for ocr_pipeline_dag to None, run_after=None
[2025-11-13T09:23:31.119-0500] {processor.py:183} INFO - Processing /opt/airflow/dags/ocr_pipeline_dag.py took 1.384 seconds
[2025-11-13T09:24:01.659-0500] {processor.py:161} INFO - Started process (PID=8489) to work on /opt/airflow/dags/ocr_pipeline_dag.py
[2025-11-13T09:24:01.661-0500] {processor.py:830} INFO - Processing file /opt/airflow/dags/ocr_pipeline_dag.py for tasks to queue
[2025-11-13T09:24:01.662-0500] {logging_mixin.py:188} INFO - [2025-11-13T09:24:01.662-0500] {dagbag.py:545} INFO - Filling up the DagBag from /opt/airflow/dags/ocr_pipeline_dag.py
[2025-11-13T09:24:01.684-0500] {logging_mixin.py:188} INFO - 📂 Using project root: /opt/project
[2025-11-13T09:24:01.888-0500] {logging_mixin.py:188} INFO - [2025-11-13T09:24:01.887-0500] {credentials.py:1278} INFO - Found credentials in shared credentials file: ~/.aws/credentials
[2025-11-13T09:24:02.627-0500] {processor.py:840} INFO - DAG(s) 'ocr_pipeline_dag' retrieved from /opt/airflow/dags/ocr_pipeline_dag.py
[2025-11-13T09:24:02.658-0500] {logging_mixin.py:188} INFO - [2025-11-13T09:24:02.657-0500] {dag.py:3089} INFO - Sync 1 DAGs
[2025-11-13T09:24:02.671-0500] {logging_mixin.py:188} INFO - [2025-11-13T09:24:02.671-0500] {dag.py:3947} INFO - Setting next_dagrun for ocr_pipeline_dag to None, run_after=None
[2025-11-13T09:24:02.694-0500] {processor.py:183} INFO - Processing /opt/airflow/dags/ocr_pipeline_dag.py took 1.044 seconds
[2025-11-13T09:24:33.509-0500] {processor.py:161} INFO - Started process (PID=8495) to work on /opt/airflow/dags/ocr_pipeline_dag.py
[2025-11-13T09:24:33.510-0500] {processor.py:830} INFO - Processing file /opt/airflow/dags/ocr_pipeline_dag.py for tasks to queue
[2025-11-13T09:24:33.512-0500] {logging_mixin.py:188} INFO - [2025-11-13T09:24:33.511-0500] {dagbag.py:545} INFO - Filling up the DagBag from /opt/airflow/dags/ocr_pipeline_dag.py
[2025-11-13T09:24:33.535-0500] {logging_mixin.py:188} INFO - 📂 Using project root: /opt/project
[2025-11-13T09:24:33.741-0500] {logging_mixin.py:188} INFO - [2025-11-13T09:24:33.741-0500] {credentials.py:1278} INFO - Found credentials in shared credentials file: ~/.aws/credentials
[2025-11-13T09:24:34.571-0500] {processor.py:840} INFO - DAG(s) 'ocr_pipeline_dag' retrieved from /opt/airflow/dags/ocr_pipeline_dag.py
[2025-11-13T09:24:34.610-0500] {logging_mixin.py:188} INFO - [2025-11-13T09:24:34.609-0500] {dag.py:3089} INFO - Sync 1 DAGs
[2025-11-13T09:24:34.624-0500] {logging_mixin.py:188} INFO - [2025-11-13T09:24:34.623-0500] {dag.py:3947} INFO - Setting next_dagrun for ocr_pipeline_dag to None, run_after=None
[2025-11-13T09:24:34.650-0500] {processor.py:183} INFO - Processing /opt/airflow/dags/ocr_pipeline_dag.py took 1.151 seconds
[2025-11-13T09:25:05.499-0500] {processor.py:161} INFO - Started process (PID=8501) to work on /opt/airflow/dags/ocr_pipeline_dag.py
[2025-11-13T09:25:05.501-0500] {processor.py:830} INFO - Processing file /opt/airflow/dags/ocr_pipeline_dag.py for tasks to queue
[2025-11-13T09:25:05.502-0500] {logging_mixin.py:188} INFO - [2025-11-13T09:25:05.502-0500] {dagbag.py:545} INFO - Filling up the DagBag from /opt/airflow/dags/ocr_pipeline_dag.py
[2025-11-13T09:25:05.524-0500] {logging_mixin.py:188} INFO - 📂 Using project root: /opt/project
[2025-11-13T09:25:05.726-0500] {logging_mixin.py:188} INFO - [2025-11-13T09:25:05.726-0500] {credentials.py:1278} INFO - Found credentials in shared credentials file: ~/.aws/credentials
[2025-11-13T09:25:06.672-0500] {processor.py:840} INFO - DAG(s) 'ocr_pipeline_dag' retrieved from /opt/airflow/dags/ocr_pipeline_dag.py
[2025-11-13T09:25:06.718-0500] {logging_mixin.py:188} INFO - [2025-11-13T09:25:06.717-0500] {dag.py:3089} INFO - Sync 1 DAGs
[2025-11-13T09:25:06.733-0500] {logging_mixin.py:188} INFO - [2025-11-13T09:25:06.733-0500] {dag.py:3947} INFO - Setting next_dagrun for ocr_pipeline_dag to None, run_after=None
[2025-11-13T09:25:06.757-0500] {processor.py:183} INFO - Processing /opt/airflow/dags/ocr_pipeline_dag.py took 1.266 seconds
[2025-11-13T09:25:37.051-0500] {processor.py:161} INFO - Started process (PID=8507) to work on /opt/airflow/dags/ocr_pipeline_dag.py
[2025-11-13T09:25:37.053-0500] {processor.py:830} INFO - Processing file /opt/airflow/dags/ocr_pipeline_dag.py for tasks to queue
[2025-11-13T09:25:37.054-0500] {logging_mixin.py:188} INFO - [2025-11-13T09:25:37.054-0500] {dagbag.py:545} INFO - Filling up the DagBag from /opt/airflow/dags/ocr_pipeline_dag.py
[2025-11-13T09:25:37.080-0500] {logging_mixin.py:188} INFO - 📂 Using project root: /opt/project
[2025-11-13T09:25:37.326-0500] {logging_mixin.py:188} INFO - [2025-11-13T09:25:37.325-0500] {credentials.py:1278} INFO - Found credentials in shared credentials file: ~/.aws/credentials
[2025-11-13T09:25:38.420-0500] {processor.py:840} INFO - DAG(s) 'ocr_pipeline_dag' retrieved from /opt/airflow/dags/ocr_pipeline_dag.py
[2025-11-13T09:25:38.467-0500] {logging_mixin.py:188} INFO - [2025-11-13T09:25:38.466-0500] {dag.py:3089} INFO - Sync 1 DAGs
[2025-11-13T09:25:38.486-0500] {logging_mixin.py:188} INFO - [2025-11-13T09:25:38.485-0500] {dag.py:3947} INFO - Setting next_dagrun for ocr_pipeline_dag to None, run_after=None
[2025-11-13T09:25:38.515-0500] {processor.py:183} INFO - Processing /opt/airflow/dags/ocr_pipeline_dag.py took 1.475 seconds
[2025-11-13T09:26:08.859-0500] {processor.py:161} INFO - Started process (PID=8513) to work on /opt/airflow/dags/ocr_pipeline_dag.py
[2025-11-13T09:26:08.861-0500] {processor.py:830} INFO - Processing file /opt/airflow/dags/ocr_pipeline_dag.py for tasks to queue
[2025-11-13T09:26:08.863-0500] {logging_mixin.py:188} INFO - [2025-11-13T09:26:08.862-0500] {dagbag.py:545} INFO - Filling up the DagBag from /opt/airflow/dags/ocr_pipeline_dag.py
[2025-11-13T09:26:08.883-0500] {logging_mixin.py:188} INFO - 📂 Using project root: /opt/project
[2025-11-13T09:26:09.105-0500] {logging_mixin.py:188} INFO - [2025-11-13T09:26:09.105-0500] {credentials.py:1278} INFO - Found credentials in shared credentials file: ~/.aws/credentials
[2025-11-13T09:26:10.172-0500] {processor.py:840} INFO - DAG(s) 'ocr_pipeline_dag' retrieved from /opt/airflow/dags/ocr_pipeline_dag.py
[2025-11-13T09:26:10.239-0500] {logging_mixin.py:188} INFO - [2025-11-13T09:26:10.238-0500] {dag.py:3089} INFO - Sync 1 DAGs
[2025-11-13T09:26:10.258-0500] {logging_mixin.py:188} INFO - [2025-11-13T09:26:10.258-0500] {dag.py:3947} INFO - Setting next_dagrun for ocr_pipeline_dag to None, run_after=None
[2025-11-13T09:26:10.289-0500] {processor.py:183} INFO - Processing /opt/airflow/dags/ocr_pipeline_dag.py took 1.443 seconds
[2025-11-13T09:26:40.822-0500] {processor.py:161} INFO - Started process (PID=8519) to work on /opt/airflow/dags/ocr_pipeline_dag.py
[2025-11-13T09:26:40.824-0500] {processor.py:830} INFO - Processing file /opt/airflow/dags/ocr_pipeline_dag.py for tasks to queue
[2025-11-13T09:26:40.826-0500] {logging_mixin.py:188} INFO - [2025-11-13T09:26:40.825-0500] {dagbag.py:545} INFO - Filling up the DagBag from /opt/airflow/dags/ocr_pipeline_dag.py
[2025-11-13T09:26:40.858-0500] {logging_mixin.py:188} INFO - 📂 Using project root: /opt/project
[2025-11-13T09:26:41.284-0500] {logging_mixin.py:188} INFO - [2025-11-13T09:26:41.284-0500] {credentials.py:1278} INFO - Found credentials in shared credentials file: ~/.aws/credentials
[2025-11-13T09:26:42.332-0500] {processor.py:840} INFO - DAG(s) 'ocr_pipeline_dag' retrieved from /opt/airflow/dags/ocr_pipeline_dag.py
[2025-11-13T09:26:42.372-0500] {logging_mixin.py:188} INFO - [2025-11-13T09:26:42.372-0500] {dag.py:3089} INFO - Sync 1 DAGs
[2025-11-13T09:26:42.391-0500] {logging_mixin.py:188} INFO - [2025-11-13T09:26:42.391-0500] {dag.py:3947} INFO - Setting next_dagrun for ocr_pipeline_dag to None, run_after=None
[2025-11-13T09:26:42.418-0500] {processor.py:183} INFO - Processing /opt/airflow/dags/ocr_pipeline_dag.py took 1.610 seconds
[2025-11-13T09:27:13.185-0500] {processor.py:161} INFO - Started process (PID=8525) to work on /opt/airflow/dags/ocr_pipeline_dag.py
[2025-11-13T09:27:13.188-0500] {processor.py:830} INFO - Processing file /opt/airflow/dags/ocr_pipeline_dag.py for tasks to queue
[2025-11-13T09:27:13.191-0500] {logging_mixin.py:188} INFO - [2025-11-13T09:27:13.190-0500] {dagbag.py:545} INFO - Filling up the DagBag from /opt/airflow/dags/ocr_pipeline_dag.py
[2025-11-13T09:27:13.213-0500] {logging_mixin.py:188} INFO - 📂 Using project root: /opt/project
[2025-11-13T09:27:13.411-0500] {logging_mixin.py:188} INFO - [2025-11-13T09:27:13.411-0500] {credentials.py:1278} INFO - Found credentials in shared credentials file: ~/.aws/credentials
[2025-11-13T09:27:14.352-0500] {processor.py:840} INFO - DAG(s) 'ocr_pipeline_dag' retrieved from /opt/airflow/dags/ocr_pipeline_dag.py
[2025-11-13T09:27:14.392-0500] {logging_mixin.py:188} INFO - [2025-11-13T09:27:14.391-0500] {dag.py:3089} INFO - Sync 1 DAGs
[2025-11-13T09:27:14.425-0500] {logging_mixin.py:188} INFO - [2025-11-13T09:27:14.424-0500] {dag.py:3947} INFO - Setting next_dagrun for ocr_pipeline_dag to None, run_after=None
[2025-11-13T09:27:14.478-0500] {processor.py:183} INFO - Processing /opt/airflow/dags/ocr_pipeline_dag.py took 1.308 seconds
[2025-11-13T09:27:45.397-0500] {processor.py:161} INFO - Started process (PID=8531) to work on /opt/airflow/dags/ocr_pipeline_dag.py
[2025-11-13T09:27:45.398-0500] {processor.py:830} INFO - Processing file /opt/airflow/dags/ocr_pipeline_dag.py for tasks to queue
[2025-11-13T09:27:45.400-0500] {logging_mixin.py:188} INFO - [2025-11-13T09:27:45.400-0500] {dagbag.py:545} INFO - Filling up the DagBag from /opt/airflow/dags/ocr_pipeline_dag.py
[2025-11-13T09:27:45.421-0500] {logging_mixin.py:188} INFO - 📂 Using project root: /opt/project
[2025-11-13T09:27:45.612-0500] {logging_mixin.py:188} INFO - [2025-11-13T09:27:45.612-0500] {credentials.py:1278} INFO - Found credentials in shared credentials file: ~/.aws/credentials
[2025-11-13T09:27:46.375-0500] {processor.py:840} INFO - DAG(s) 'ocr_pipeline_dag' retrieved from /opt/airflow/dags/ocr_pipeline_dag.py
[2025-11-13T09:27:46.400-0500] {logging_mixin.py:188} INFO - [2025-11-13T09:27:46.400-0500] {dag.py:3089} INFO - Sync 1 DAGs
[2025-11-13T09:27:46.411-0500] {logging_mixin.py:188} INFO - [2025-11-13T09:27:46.410-0500] {dag.py:3947} INFO - Setting next_dagrun for ocr_pipeline_dag to None, run_after=None
[2025-11-13T09:27:46.429-0500] {processor.py:183} INFO - Processing /opt/airflow/dags/ocr_pipeline_dag.py took 1.039 seconds
[2025-11-13T09:28:16.533-0500] {processor.py:161} INFO - Started process (PID=8537) to work on /opt/airflow/dags/ocr_pipeline_dag.py
[2025-11-13T09:28:16.535-0500] {processor.py:830} INFO - Processing file /opt/airflow/dags/ocr_pipeline_dag.py for tasks to queue
[2025-11-13T09:28:16.536-0500] {logging_mixin.py:188} INFO - [2025-11-13T09:28:16.536-0500] {dagbag.py:545} INFO - Filling up the DagBag from /opt/airflow/dags/ocr_pipeline_dag.py
[2025-11-13T09:28:16.556-0500] {logging_mixin.py:188} INFO - 📂 Using project root: /opt/project
[2025-11-13T09:28:16.746-0500] {logging_mixin.py:188} INFO - [2025-11-13T09:28:16.745-0500] {credentials.py:1278} INFO - Found credentials in shared credentials file: ~/.aws/credentials
[2025-11-13T09:28:17.347-0500] {processor.py:840} INFO - DAG(s) 'ocr_pipeline_dag' retrieved from /opt/airflow/dags/ocr_pipeline_dag.py
[2025-11-13T09:28:17.374-0500] {logging_mixin.py:188} INFO - [2025-11-13T09:28:17.373-0500] {dag.py:3089} INFO - Sync 1 DAGs
[2025-11-13T09:28:17.386-0500] {logging_mixin.py:188} INFO - [2025-11-13T09:28:17.386-0500] {dag.py:3947} INFO - Setting next_dagrun for ocr_pipeline_dag to None, run_after=None
[2025-11-13T09:28:17.406-0500] {processor.py:183} INFO - Processing /opt/airflow/dags/ocr_pipeline_dag.py took 0.880 seconds
[2025-11-13T09:28:47.610-0500] {processor.py:161} INFO - Started process (PID=8543) to work on /opt/airflow/dags/ocr_pipeline_dag.py
[2025-11-13T09:28:47.611-0500] {processor.py:830} INFO - Processing file /opt/airflow/dags/ocr_pipeline_dag.py for tasks to queue
[2025-11-13T09:28:47.613-0500] {logging_mixin.py:188} INFO - [2025-11-13T09:28:47.613-0500] {dagbag.py:545} INFO - Filling up the DagBag from /opt/airflow/dags/ocr_pipeline_dag.py
[2025-11-13T09:28:47.628-0500] {logging_mixin.py:188} INFO - 📂 Using project root: /opt/project
[2025-11-13T09:28:47.784-0500] {logging_mixin.py:188} INFO - [2025-11-13T09:28:47.784-0500] {credentials.py:1278} INFO - Found credentials in shared credentials file: ~/.aws/credentials
[2025-11-13T09:28:48.434-0500] {processor.py:840} INFO - DAG(s) 'ocr_pipeline_dag' retrieved from /opt/airflow/dags/ocr_pipeline_dag.py
[2025-11-13T09:28:48.461-0500] {logging_mixin.py:188} INFO - [2025-11-13T09:28:48.460-0500] {dag.py:3089} INFO - Sync 1 DAGs
[2025-11-13T09:28:48.472-0500] {logging_mixin.py:188} INFO - [2025-11-13T09:28:48.472-0500] {dag.py:3947} INFO - Setting next_dagrun for ocr_pipeline_dag to None, run_after=None
[2025-11-13T09:28:48.496-0500] {processor.py:183} INFO - Processing /opt/airflow/dags/ocr_pipeline_dag.py took 0.892 seconds
[2025-11-13T09:29:18.652-0500] {processor.py:161} INFO - Started process (PID=8549) to work on /opt/airflow/dags/ocr_pipeline_dag.py
[2025-11-13T09:29:18.653-0500] {processor.py:830} INFO - Processing file /opt/airflow/dags/ocr_pipeline_dag.py for tasks to queue
[2025-11-13T09:29:18.654-0500] {logging_mixin.py:188} INFO - [2025-11-13T09:29:18.654-0500] {dagbag.py:545} INFO - Filling up the DagBag from /opt/airflow/dags/ocr_pipeline_dag.py
[2025-11-13T09:29:18.672-0500] {logging_mixin.py:188} INFO - 📂 Using project root: /opt/project
[2025-11-13T09:29:18.830-0500] {logging_mixin.py:188} INFO - [2025-11-13T09:29:18.830-0500] {credentials.py:1278} INFO - Found credentials in shared credentials file: ~/.aws/credentials
[2025-11-13T09:29:19.514-0500] {processor.py:840} INFO - DAG(s) 'ocr_pipeline_dag' retrieved from /opt/airflow/dags/ocr_pipeline_dag.py
[2025-11-13T09:29:19.554-0500] {logging_mixin.py:188} INFO - [2025-11-13T09:29:19.553-0500] {dag.py:3089} INFO - Sync 1 DAGs
[2025-11-13T09:29:19.568-0500] {logging_mixin.py:188} INFO - [2025-11-13T09:29:19.567-0500] {dag.py:3947} INFO - Setting next_dagrun for ocr_pipeline_dag to None, run_after=None
[2025-11-13T09:29:19.591-0500] {processor.py:183} INFO - Processing /opt/airflow/dags/ocr_pipeline_dag.py took 0.946 seconds
[2025-11-13T09:29:49.995-0500] {processor.py:161} INFO - Started process (PID=8555) to work on /opt/airflow/dags/ocr_pipeline_dag.py
[2025-11-13T09:29:49.998-0500] {processor.py:830} INFO - Processing file /opt/airflow/dags/ocr_pipeline_dag.py for tasks to queue
[2025-11-13T09:29:50.001-0500] {logging_mixin.py:188} INFO - [2025-11-13T09:29:50.000-0500] {dagbag.py:545} INFO - Filling up the DagBag from /opt/airflow/dags/ocr_pipeline_dag.py
[2025-11-13T09:29:50.022-0500] {logging_mixin.py:188} INFO - 📂 Using project root: /opt/project
[2025-11-13T09:29:50.519-0500] {logging_mixin.py:188} INFO - [2025-11-13T09:29:50.519-0500] {credentials.py:1278} INFO - Found credentials in shared credentials file: ~/.aws/credentials
[2025-11-13T09:29:51.432-0500] {processor.py:840} INFO - DAG(s) 'ocr_pipeline_dag' retrieved from /opt/airflow/dags/ocr_pipeline_dag.py
[2025-11-13T09:29:51.464-0500] {logging_mixin.py:188} INFO - [2025-11-13T09:29:51.464-0500] {dag.py:3089} INFO - Sync 1 DAGs
[2025-11-13T09:29:51.482-0500] {logging_mixin.py:188} INFO - [2025-11-13T09:29:51.481-0500] {dag.py:3947} INFO - Setting next_dagrun for ocr_pipeline_dag to None, run_after=None
[2025-11-13T09:29:51.511-0500] {processor.py:183} INFO - Processing /opt/airflow/dags/ocr_pipeline_dag.py took 1.545 seconds
[2025-11-13T09:30:22.453-0500] {processor.py:161} INFO - Started process (PID=8561) to work on /opt/airflow/dags/ocr_pipeline_dag.py
[2025-11-13T09:30:22.455-0500] {processor.py:830} INFO - Processing file /opt/airflow/dags/ocr_pipeline_dag.py for tasks to queue
[2025-11-13T09:30:22.457-0500] {logging_mixin.py:188} INFO - [2025-11-13T09:30:22.456-0500] {dagbag.py:545} INFO - Filling up the DagBag from /opt/airflow/dags/ocr_pipeline_dag.py
[2025-11-13T09:30:22.478-0500] {logging_mixin.py:188} INFO - 📂 Using project root: /opt/project
[2025-11-13T09:30:22.672-0500] {logging_mixin.py:188} INFO - [2025-11-13T09:30:22.671-0500] {credentials.py:1278} INFO - Found credentials in shared credentials file: ~/.aws/credentials
[2025-11-13T09:30:23.498-0500] {processor.py:840} INFO - DAG(s) 'ocr_pipeline_dag' retrieved from /opt/airflow/dags/ocr_pipeline_dag.py
[2025-11-13T09:30:23.552-0500] {logging_mixin.py:188} INFO - [2025-11-13T09:30:23.551-0500] {dag.py:3089} INFO - Sync 1 DAGs
[2025-11-13T09:30:23.570-0500] {logging_mixin.py:188} INFO - [2025-11-13T09:30:23.569-0500] {dag.py:3947} INFO - Setting next_dagrun for ocr_pipeline_dag to None, run_after=None
[2025-11-13T09:30:23.593-0500] {processor.py:183} INFO - Processing /opt/airflow/dags/ocr_pipeline_dag.py took 1.153 seconds
[2025-11-13T09:30:53.842-0500] {processor.py:161} INFO - Started process (PID=8567) to work on /opt/airflow/dags/ocr_pipeline_dag.py
[2025-11-13T09:30:53.843-0500] {processor.py:830} INFO - Processing file /opt/airflow/dags/ocr_pipeline_dag.py for tasks to queue
[2025-11-13T09:30:53.845-0500] {logging_mixin.py:188} INFO - [2025-11-13T09:30:53.844-0500] {dagbag.py:545} INFO - Filling up the DagBag from /opt/airflow/dags/ocr_pipeline_dag.py
[2025-11-13T09:30:53.868-0500] {logging_mixin.py:188} INFO - 📂 Using project root: /opt/project
[2025-11-13T09:30:54.080-0500] {logging_mixin.py:188} INFO - [2025-11-13T09:30:54.079-0500] {credentials.py:1278} INFO - Found credentials in shared credentials file: ~/.aws/credentials
[2025-11-13T09:30:56.652-0500] {processor.py:840} INFO - DAG(s) 'ocr_pipeline_dag' retrieved from /opt/airflow/dags/ocr_pipeline_dag.py
[2025-11-13T09:30:56.696-0500] {logging_mixin.py:188} INFO - [2025-11-13T09:30:56.696-0500] {dag.py:3089} INFO - Sync 1 DAGs
[2025-11-13T09:30:56.715-0500] {logging_mixin.py:188} INFO - [2025-11-13T09:30:56.714-0500] {dag.py:3947} INFO - Setting next_dagrun for ocr_pipeline_dag to None, run_after=None
[2025-11-13T09:30:56.743-0500] {processor.py:183} INFO - Processing /opt/airflow/dags/ocr_pipeline_dag.py took 1.196 seconds
[2025-11-13T09:31:27.049-0500] {processor.py:161} INFO - Started process (PID=8573) to work on /opt/airflow/dags/ocr_pipeline_dag.py
[2025-11-13T09:31:27.051-0500] {processor.py:830} INFO - Processing file /opt/airflow/dags/ocr_pipeline_dag.py for tasks to queue
[2025-11-13T09:31:27.054-0500] {logging_mixin.py:188} INFO - [2025-11-13T09:31:27.053-0500] {dagbag.py:545} INFO - Filling up the DagBag from /opt/airflow/dags/ocr_pipeline_dag.py
[2025-11-13T09:31:27.080-0500] {logging_mixin.py:188} INFO - 📂 Using project root: /opt/project
[2025-11-13T09:31:27.330-0500] {logging_mixin.py:188} INFO - [2025-11-13T09:31:27.330-0500] {credentials.py:1278} INFO - Found credentials in shared credentials file: ~/.aws/credentials
[2025-11-13T09:31:30.121-0500] {processor.py:840} INFO - DAG(s) 'ocr_pipeline_dag' retrieved from /opt/airflow/dags/ocr_pipeline_dag.py
[2025-11-13T09:31:30.166-0500] {logging_mixin.py:188} INFO - [2025-11-13T09:31:30.165-0500] {dag.py:3089} INFO - Sync 1 DAGs
[2025-11-13T09:31:30.184-0500] {logging_mixin.py:188} INFO - [2025-11-13T09:31:30.183-0500] {dag.py:3947} INFO - Setting next_dagrun for ocr_pipeline_dag to None, run_after=None
[2025-11-13T09:31:30.362-0500] {processor.py:183} INFO - Processing /opt/airflow/dags/ocr_pipeline_dag.py took 1.568 seconds
[2025-11-13T09:32:00.662-0500] {processor.py:161} INFO - Started process (PID=8579) to work on /opt/airflow/dags/ocr_pipeline_dag.py
[2025-11-13T09:32:00.664-0500] {processor.py:830} INFO - Processing file /opt/airflow/dags/ocr_pipeline_dag.py for tasks to queue
[2025-11-13T09:32:00.665-0500] {logging_mixin.py:188} INFO - [2025-11-13T09:32:00.665-0500] {dagbag.py:545} INFO - Filling up the DagBag from /opt/airflow/dags/ocr_pipeline_dag.py
[2025-11-13T09:32:00.687-0500] {logging_mixin.py:188} INFO - 📂 Using project root: /opt/project
[2025-11-13T09:32:00.908-0500] {logging_mixin.py:188} INFO - [2025-11-13T09:32:00.908-0500] {credentials.py:1278} INFO - Found credentials in shared credentials file: ~/.aws/credentials
[2025-11-13T09:32:01.944-0500] {processor.py:840} INFO - DAG(s) 'ocr_pipeline_dag' retrieved from /opt/airflow/dags/ocr_pipeline_dag.py
[2025-11-13T09:32:01.991-0500] {logging_mixin.py:188} INFO - [2025-11-13T09:32:01.990-0500] {dag.py:3089} INFO - Sync 1 DAGs
[2025-11-13T09:32:02.010-0500] {logging_mixin.py:188} INFO - [2025-11-13T09:32:02.010-0500] {dag.py:3947} INFO - Setting next_dagrun for ocr_pipeline_dag to None, run_after=None
[2025-11-13T09:32:02.043-0500] {processor.py:183} INFO - Processing /opt/airflow/dags/ocr_pipeline_dag.py took 1.392 seconds
[2025-11-13T09:32:32.723-0500] {processor.py:161} INFO - Started process (PID=8585) to work on /opt/airflow/dags/ocr_pipeline_dag.py
[2025-11-13T09:32:32.724-0500] {processor.py:830} INFO - Processing file /opt/airflow/dags/ocr_pipeline_dag.py for tasks to queue
[2025-11-13T09:32:32.726-0500] {logging_mixin.py:188} INFO - [2025-11-13T09:32:32.725-0500] {dagbag.py:545} INFO - Filling up the DagBag from /opt/airflow/dags/ocr_pipeline_dag.py
[2025-11-13T09:32:32.748-0500] {logging_mixin.py:188} INFO - 📂 Using project root: /opt/project
[2025-11-13T09:32:32.950-0500] {logging_mixin.py:188} INFO - [2025-11-13T09:32:32.950-0500] {credentials.py:1278} INFO - Found credentials in shared credentials file: ~/.aws/credentials
[2025-11-13T09:32:33.721-0500] {processor.py:840} INFO - DAG(s) 'ocr_pipeline_dag' retrieved from /opt/airflow/dags/ocr_pipeline_dag.py
[2025-11-13T09:32:33.755-0500] {logging_mixin.py:188} INFO - [2025-11-13T09:32:33.755-0500] {dag.py:3089} INFO - Sync 1 DAGs
[2025-11-13T09:32:33.770-0500] {logging_mixin.py:188} INFO - [2025-11-13T09:32:33.769-0500] {dag.py:3947} INFO - Setting next_dagrun for ocr_pipeline_dag to None, run_after=None
[2025-11-13T09:32:33.798-0500] {processor.py:183} INFO - Processing /opt/airflow/dags/ocr_pipeline_dag.py took 1.084 seconds
[2025-11-13T09:33:04.654-0500] {processor.py:161} INFO - Started process (PID=8591) to work on /opt/airflow/dags/ocr_pipeline_dag.py
[2025-11-13T09:33:04.656-0500] {processor.py:830} INFO - Processing file /opt/airflow/dags/ocr_pipeline_dag.py for tasks to queue
[2025-11-13T09:33:04.658-0500] {logging_mixin.py:188} INFO - [2025-11-13T09:33:04.657-0500] {dagbag.py:545} INFO - Filling up the DagBag from /opt/airflow/dags/ocr_pipeline_dag.py
[2025-11-13T09:33:04.682-0500] {logging_mixin.py:188} INFO - 📂 Using project root: /opt/project
[2025-11-13T09:33:04.901-0500] {logging_mixin.py:188} INFO - [2025-11-13T09:33:04.901-0500] {credentials.py:1278} INFO - Found credentials in shared credentials file: ~/.aws/credentials
[2025-11-13T09:33:05.620-0500] {processor.py:840} INFO - DAG(s) 'ocr_pipeline_dag' retrieved from /opt/airflow/dags/ocr_pipeline_dag.py
[2025-11-13T09:33:05.660-0500] {logging_mixin.py:188} INFO - [2025-11-13T09:33:05.659-0500] {dag.py:3089} INFO - Sync 1 DAGs
[2025-11-13T09:33:05.674-0500] {logging_mixin.py:188} INFO - [2025-11-13T09:33:05.673-0500] {dag.py:3947} INFO - Setting next_dagrun for ocr_pipeline_dag to None, run_after=None
[2025-11-13T09:33:05.697-0500] {processor.py:183} INFO - Processing /opt/airflow/dags/ocr_pipeline_dag.py took 1.056 seconds
[2025-11-13T09:33:36.322-0500] {processor.py:161} INFO - Started process (PID=8597) to work on /opt/airflow/dags/ocr_pipeline_dag.py
[2025-11-13T09:33:36.324-0500] {processor.py:830} INFO - Processing file /opt/airflow/dags/ocr_pipeline_dag.py for tasks to queue
[2025-11-13T09:33:36.326-0500] {logging_mixin.py:188} INFO - [2025-11-13T09:33:36.326-0500] {dagbag.py:545} INFO - Filling up the DagBag from /opt/airflow/dags/ocr_pipeline_dag.py
[2025-11-13T09:33:36.350-0500] {logging_mixin.py:188} INFO - 📂 Using project root: /opt/project
[2025-11-13T09:33:36.578-0500] {logging_mixin.py:188} INFO - [2025-11-13T09:33:36.578-0500] {credentials.py:1278} INFO - Found credentials in shared credentials file: ~/.aws/credentials
[2025-11-13T09:33:37.404-0500] {processor.py:840} INFO - DAG(s) 'ocr_pipeline_dag' retrieved from /opt/airflow/dags/ocr_pipeline_dag.py
[2025-11-13T09:33:37.442-0500] {logging_mixin.py:188} INFO - [2025-11-13T09:33:37.442-0500] {dag.py:3089} INFO - Sync 1 DAGs
[2025-11-13T09:33:37.458-0500] {logging_mixin.py:188} INFO - [2025-11-13T09:33:37.457-0500] {dag.py:3947} INFO - Setting next_dagrun for ocr_pipeline_dag to None, run_after=None
[2025-11-13T09:33:37.484-0500] {processor.py:183} INFO - Processing /opt/airflow/dags/ocr_pipeline_dag.py took 1.171 seconds
[2025-11-13T09:34:07.919-0500] {processor.py:161} INFO - Started process (PID=8603) to work on /opt/airflow/dags/ocr_pipeline_dag.py
[2025-11-13T09:34:07.920-0500] {processor.py:830} INFO - Processing file /opt/airflow/dags/ocr_pipeline_dag.py for tasks to queue
[2025-11-13T09:34:07.922-0500] {logging_mixin.py:188} INFO - [2025-11-13T09:34:07.921-0500] {dagbag.py:545} INFO - Filling up the DagBag from /opt/airflow/dags/ocr_pipeline_dag.py
[2025-11-13T09:34:07.945-0500] {logging_mixin.py:188} INFO - 📂 Using project root: /opt/project
[2025-11-13T09:34:08.160-0500] {logging_mixin.py:188} INFO - [2025-11-13T09:34:08.160-0500] {credentials.py:1278} INFO - Found credentials in shared credentials file: ~/.aws/credentials
[2025-11-13T09:34:08.951-0500] {processor.py:840} INFO - DAG(s) 'ocr_pipeline_dag' retrieved from /opt/airflow/dags/ocr_pipeline_dag.py
[2025-11-13T09:34:08.985-0500] {logging_mixin.py:188} INFO - [2025-11-13T09:34:08.985-0500] {dag.py:3089} INFO - Sync 1 DAGs
[2025-11-13T09:34:09.003-0500] {logging_mixin.py:188} INFO - [2025-11-13T09:34:09.002-0500] {dag.py:3947} INFO - Setting next_dagrun for ocr_pipeline_dag to None, run_after=None
[2025-11-13T09:34:09.033-0500] {processor.py:183} INFO - Processing /opt/airflow/dags/ocr_pipeline_dag.py took 1.123 seconds
[2025-11-13T09:34:39.666-0500] {processor.py:161} INFO - Started process (PID=8609) to work on /opt/airflow/dags/ocr_pipeline_dag.py
[2025-11-13T09:34:39.667-0500] {processor.py:830} INFO - Processing file /opt/airflow/dags/ocr_pipeline_dag.py for tasks to queue
[2025-11-13T09:34:39.668-0500] {logging_mixin.py:188} INFO - [2025-11-13T09:34:39.668-0500] {dagbag.py:545} INFO - Filling up the DagBag from /opt/airflow/dags/ocr_pipeline_dag.py
[2025-11-13T09:34:39.690-0500] {logging_mixin.py:188} INFO - 📂 Using project root: /opt/project
[2025-11-13T09:34:39.885-0500] {logging_mixin.py:188} INFO - [2025-11-13T09:34:39.885-0500] {credentials.py:1278} INFO - Found credentials in shared credentials file: ~/.aws/credentials
[2025-11-13T09:34:40.590-0500] {processor.py:840} INFO - DAG(s) 'ocr_pipeline_dag' retrieved from /opt/airflow/dags/ocr_pipeline_dag.py
[2025-11-13T09:34:40.631-0500] {logging_mixin.py:188} INFO - [2025-11-13T09:34:40.630-0500] {dag.py:3089} INFO - Sync 1 DAGs
[2025-11-13T09:34:40.647-0500] {logging_mixin.py:188} INFO - [2025-11-13T09:34:40.646-0500] {dag.py:3947} INFO - Setting next_dagrun for ocr_pipeline_dag to None, run_after=None
[2025-11-13T09:34:40.672-0500] {processor.py:183} INFO - Processing /opt/airflow/dags/ocr_pipeline_dag.py took 1.014 seconds
[2025-11-13T09:35:11.243-0500] {processor.py:161} INFO - Started process (PID=8615) to work on /opt/airflow/dags/ocr_pipeline_dag.py
[2025-11-13T09:35:11.245-0500] {processor.py:830} INFO - Processing file /opt/airflow/dags/ocr_pipeline_dag.py for tasks to queue
[2025-11-13T09:35:11.246-0500] {logging_mixin.py:188} INFO - [2025-11-13T09:35:11.246-0500] {dagbag.py:545} INFO - Filling up the DagBag from /opt/airflow/dags/ocr_pipeline_dag.py
[2025-11-13T09:35:11.268-0500] {logging_mixin.py:188} INFO - 📂 Using project root: /opt/project
[2025-11-13T09:35:11.479-0500] {logging_mixin.py:188} INFO - [2025-11-13T09:35:11.479-0500] {credentials.py:1278} INFO - Found credentials in shared credentials file: ~/.aws/credentials
[2025-11-13T09:35:12.594-0500] {processor.py:840} INFO - DAG(s) 'ocr_pipeline_dag' retrieved from /opt/airflow/dags/ocr_pipeline_dag.py
[2025-11-13T09:35:12.661-0500] {logging_mixin.py:188} INFO - [2025-11-13T09:35:12.660-0500] {dag.py:3089} INFO - Sync 1 DAGs
[2025-11-13T09:35:12.683-0500] {logging_mixin.py:188} INFO - [2025-11-13T09:35:12.682-0500] {dag.py:3947} INFO - Setting next_dagrun for ocr_pipeline_dag to None, run_after=None
[2025-11-13T09:35:12.720-0500] {processor.py:183} INFO - Processing /opt/airflow/dags/ocr_pipeline_dag.py took 1.485 seconds
[2025-11-13T09:35:43.338-0500] {processor.py:161} INFO - Started process (PID=8621) to work on /opt/airflow/dags/ocr_pipeline_dag.py
[2025-11-13T09:35:43.340-0500] {processor.py:830} INFO - Processing file /opt/airflow/dags/ocr_pipeline_dag.py for tasks to queue
[2025-11-13T09:35:43.341-0500] {logging_mixin.py:188} INFO - [2025-11-13T09:35:43.341-0500] {dagbag.py:545} INFO - Filling up the DagBag from /opt/airflow/dags/ocr_pipeline_dag.py
[2025-11-13T09:35:43.364-0500] {logging_mixin.py:188} INFO - 📂 Using project root: /opt/project
[2025-11-13T09:35:43.558-0500] {logging_mixin.py:188} INFO - [2025-11-13T09:35:43.558-0500] {credentials.py:1278} INFO - Found credentials in shared credentials file: ~/.aws/credentials
[2025-11-13T09:35:44.368-0500] {processor.py:840} INFO - DAG(s) 'ocr_pipeline_dag' retrieved from /opt/airflow/dags/ocr_pipeline_dag.py
[2025-11-13T09:35:44.419-0500] {logging_mixin.py:188} INFO - [2025-11-13T09:35:44.418-0500] {dag.py:3089} INFO - Sync 1 DAGs
[2025-11-13T09:35:44.438-0500] {logging_mixin.py:188} INFO - [2025-11-13T09:35:44.438-0500] {dag.py:3947} INFO - Setting next_dagrun for ocr_pipeline_dag to None, run_after=None
[2025-11-13T09:35:44.468-0500] {processor.py:183} INFO - Processing /opt/airflow/dags/ocr_pipeline_dag.py took 1.139 seconds
[2025-11-13T09:36:15.193-0500] {processor.py:161} INFO - Started process (PID=8627) to work on /opt/airflow/dags/ocr_pipeline_dag.py
[2025-11-13T09:36:15.195-0500] {processor.py:830} INFO - Processing file /opt/airflow/dags/ocr_pipeline_dag.py for tasks to queue
[2025-11-13T09:36:15.197-0500] {logging_mixin.py:188} INFO - [2025-11-13T09:36:15.196-0500] {dagbag.py:545} INFO - Filling up the DagBag from /opt/airflow/dags/ocr_pipeline_dag.py
[2025-11-13T09:36:15.215-0500] {logging_mixin.py:188} INFO - 📂 Using project root: /opt/project
[2025-11-13T09:36:15.399-0500] {logging_mixin.py:188} INFO - [2025-11-13T09:36:15.399-0500] {credentials.py:1278} INFO - Found credentials in shared credentials file: ~/.aws/credentials
[2025-11-13T09:36:16.111-0500] {processor.py:840} INFO - DAG(s) 'ocr_pipeline_dag' retrieved from /opt/airflow/dags/ocr_pipeline_dag.py
[2025-11-13T09:36:16.141-0500] {logging_mixin.py:188} INFO - [2025-11-13T09:36:16.141-0500] {dag.py:3089} INFO - Sync 1 DAGs
[2025-11-13T09:36:16.155-0500] {logging_mixin.py:188} INFO - [2025-11-13T09:36:16.154-0500] {dag.py:3947} INFO - Setting next_dagrun for ocr_pipeline_dag to None, run_after=None
[2025-11-13T09:36:16.178-0500] {processor.py:183} INFO - Processing /opt/airflow/dags/ocr_pipeline_dag.py took 0.992 seconds
[2025-11-13T09:36:46.385-0500] {processor.py:161} INFO - Started process (PID=8633) to work on /opt/airflow/dags/ocr_pipeline_dag.py
[2025-11-13T09:36:46.386-0500] {processor.py:830} INFO - Processing file /opt/airflow/dags/ocr_pipeline_dag.py for tasks to queue
[2025-11-13T09:36:46.387-0500] {logging_mixin.py:188} INFO - [2025-11-13T09:36:46.387-0500] {dagbag.py:545} INFO - Filling up the DagBag from /opt/airflow/dags/ocr_pipeline_dag.py
[2025-11-13T09:36:46.408-0500] {logging_mixin.py:188} INFO - 📂 Using project root: /opt/project
[2025-11-13T09:36:46.602-0500] {logging_mixin.py:188} INFO - [2025-11-13T09:36:46.602-0500] {credentials.py:1278} INFO - Found credentials in shared credentials file: ~/.aws/credentials
[2025-11-13T09:36:47.365-0500] {processor.py:840} INFO - DAG(s) 'ocr_pipeline_dag' retrieved from /opt/airflow/dags/ocr_pipeline_dag.py
[2025-11-13T09:36:47.404-0500] {logging_mixin.py:188} INFO - [2025-11-13T09:36:47.403-0500] {dag.py:3089} INFO - Sync 1 DAGs
[2025-11-13T09:36:47.418-0500] {logging_mixin.py:188} INFO - [2025-11-13T09:36:47.418-0500] {dag.py:3947} INFO - Setting next_dagrun for ocr_pipeline_dag to None, run_after=None
[2025-11-13T09:36:47.446-0500] {processor.py:183} INFO - Processing /opt/airflow/dags/ocr_pipeline_dag.py took 1.069 seconds
[2025-11-13T09:37:18.196-0500] {processor.py:161} INFO - Started process (PID=8639) to work on /opt/airflow/dags/ocr_pipeline_dag.py
[2025-11-13T09:37:18.197-0500] {processor.py:830} INFO - Processing file /opt/airflow/dags/ocr_pipeline_dag.py for tasks to queue
[2025-11-13T09:37:18.199-0500] {logging_mixin.py:188} INFO - [2025-11-13T09:37:18.198-0500] {dagbag.py:545} INFO - Filling up the DagBag from /opt/airflow/dags/ocr_pipeline_dag.py
[2025-11-13T09:37:18.220-0500] {logging_mixin.py:188} INFO - 📂 Using project root: /opt/project
[2025-11-13T09:37:18.420-0500] {logging_mixin.py:188} INFO - [2025-11-13T09:37:18.420-0500] {credentials.py:1278} INFO - Found credentials in shared credentials file: ~/.aws/credentials
[2025-11-13T09:37:19.209-0500] {processor.py:840} INFO - DAG(s) 'ocr_pipeline_dag' retrieved from /opt/airflow/dags/ocr_pipeline_dag.py
[2025-11-13T09:37:19.241-0500] {logging_mixin.py:188} INFO - [2025-11-13T09:37:19.241-0500] {dag.py:3089} INFO - Sync 1 DAGs
[2025-11-13T09:37:19.257-0500] {logging_mixin.py:188} INFO - [2025-11-13T09:37:19.257-0500] {dag.py:3947} INFO - Setting next_dagrun for ocr_pipeline_dag to None, run_after=None
[2025-11-13T09:37:19.294-0500] {processor.py:183} INFO - Processing /opt/airflow/dags/ocr_pipeline_dag.py took 1.107 seconds
[2025-11-13T09:37:50.089-0500] {processor.py:161} INFO - Started process (PID=8645) to work on /opt/airflow/dags/ocr_pipeline_dag.py
[2025-11-13T09:37:50.091-0500] {processor.py:830} INFO - Processing file /opt/airflow/dags/ocr_pipeline_dag.py for tasks to queue
[2025-11-13T09:37:50.093-0500] {logging_mixin.py:188} INFO - [2025-11-13T09:37:50.092-0500] {dagbag.py:545} INFO - Filling up the DagBag from /opt/airflow/dags/ocr_pipeline_dag.py
[2025-11-13T09:37:50.114-0500] {logging_mixin.py:188} INFO - 📂 Using project root: /opt/project
[2025-11-13T09:37:50.302-0500] {logging_mixin.py:188} INFO - [2025-11-13T09:37:50.301-0500] {credentials.py:1278} INFO - Found credentials in shared credentials file: ~/.aws/credentials
[2025-11-13T09:37:51.028-0500] {processor.py:840} INFO - DAG(s) 'ocr_pipeline_dag' retrieved from /opt/airflow/dags/ocr_pipeline_dag.py
[2025-11-13T09:37:51.065-0500] {logging_mixin.py:188} INFO - [2025-11-13T09:37:51.065-0500] {dag.py:3089} INFO - Sync 1 DAGs
[2025-11-13T09:37:51.081-0500] {logging_mixin.py:188} INFO - [2025-11-13T09:37:51.081-0500] {dag.py:3947} INFO - Setting next_dagrun for ocr_pipeline_dag to None, run_after=None
[2025-11-13T09:37:51.107-0500] {processor.py:183} INFO - Processing /opt/airflow/dags/ocr_pipeline_dag.py took 1.026 seconds
[2025-11-13T09:38:21.927-0500] {processor.py:161} INFO - Started process (PID=8651) to work on /opt/airflow/dags/ocr_pipeline_dag.py
[2025-11-13T09:38:21.928-0500] {processor.py:830} INFO - Processing file /opt/airflow/dags/ocr_pipeline_dag.py for tasks to queue
[2025-11-13T09:38:21.930-0500] {logging_mixin.py:188} INFO - [2025-11-13T09:38:21.929-0500] {dagbag.py:545} INFO - Filling up the DagBag from /opt/airflow/dags/ocr_pipeline_dag.py
[2025-11-13T09:38:21.958-0500] {logging_mixin.py:188} INFO - 📂 Using project root: /opt/project
[2025-11-13T09:38:22.148-0500] {logging_mixin.py:188} INFO - [2025-11-13T09:38:22.148-0500] {credentials.py:1278} INFO - Found credentials in shared credentials file: ~/.aws/credentials
[2025-11-13T09:38:22.915-0500] {processor.py:840} INFO - DAG(s) 'ocr_pipeline_dag' retrieved from /opt/airflow/dags/ocr_pipeline_dag.py
[2025-11-13T09:38:22.953-0500] {logging_mixin.py:188} INFO - [2025-11-13T09:38:22.952-0500] {dag.py:3089} INFO - Sync 1 DAGs
[2025-11-13T09:38:22.968-0500] {logging_mixin.py:188} INFO - [2025-11-13T09:38:22.968-0500] {dag.py:3947} INFO - Setting next_dagrun for ocr_pipeline_dag to None, run_after=None
[2025-11-13T09:38:22.994-0500] {processor.py:183} INFO - Processing /opt/airflow/dags/ocr_pipeline_dag.py took 1.075 seconds
[2025-11-13T09:38:53.747-0500] {processor.py:161} INFO - Started process (PID=8657) to work on /opt/airflow/dags/ocr_pipeline_dag.py
[2025-11-13T09:38:53.748-0500] {processor.py:830} INFO - Processing file /opt/airflow/dags/ocr_pipeline_dag.py for tasks to queue
[2025-11-13T09:38:53.750-0500] {logging_mixin.py:188} INFO - [2025-11-13T09:38:53.749-0500] {dagbag.py:545} INFO - Filling up the DagBag from /opt/airflow/dags/ocr_pipeline_dag.py
[2025-11-13T09:38:53.770-0500] {logging_mixin.py:188} INFO - 📂 Using project root: /opt/project
[2025-11-13T09:38:53.964-0500] {logging_mixin.py:188} INFO - [2025-11-13T09:38:53.964-0500] {credentials.py:1278} INFO - Found credentials in shared credentials file: ~/.aws/credentials
[2025-11-13T09:38:54.717-0500] {processor.py:840} INFO - DAG(s) 'ocr_pipeline_dag' retrieved from /opt/airflow/dags/ocr_pipeline_dag.py
[2025-11-13T09:38:54.749-0500] {logging_mixin.py:188} INFO - [2025-11-13T09:38:54.749-0500] {dag.py:3089} INFO - Sync 1 DAGs
[2025-11-13T09:38:54.764-0500] {logging_mixin.py:188} INFO - [2025-11-13T09:38:54.763-0500] {dag.py:3947} INFO - Setting next_dagrun for ocr_pipeline_dag to None, run_after=None
[2025-11-13T09:38:54.790-0500] {processor.py:183} INFO - Processing /opt/airflow/dags/ocr_pipeline_dag.py took 1.052 seconds
[2025-11-13T09:39:25.630-0500] {processor.py:161} INFO - Started process (PID=8663) to work on /opt/airflow/dags/ocr_pipeline_dag.py
[2025-11-13T09:39:25.632-0500] {processor.py:830} INFO - Processing file /opt/airflow/dags/ocr_pipeline_dag.py for tasks to queue
[2025-11-13T09:39:25.633-0500] {logging_mixin.py:188} INFO - [2025-11-13T09:39:25.633-0500] {dagbag.py:545} INFO - Filling up the DagBag from /opt/airflow/dags/ocr_pipeline_dag.py
[2025-11-13T09:39:25.654-0500] {logging_mixin.py:188} INFO - 📂 Using project root: /opt/project
[2025-11-13T09:39:25.880-0500] {logging_mixin.py:188} INFO - [2025-11-13T09:39:25.880-0500] {credentials.py:1278} INFO - Found credentials in shared credentials file: ~/.aws/credentials
[2025-11-13T09:39:26.749-0500] {processor.py:840} INFO - DAG(s) 'ocr_pipeline_dag' retrieved from /opt/airflow/dags/ocr_pipeline_dag.py
[2025-11-13T09:39:26.784-0500] {logging_mixin.py:188} INFO - [2025-11-13T09:39:26.784-0500] {dag.py:3089} INFO - Sync 1 DAGs
[2025-11-13T09:39:26.800-0500] {logging_mixin.py:188} INFO - [2025-11-13T09:39:26.800-0500] {dag.py:3947} INFO - Setting next_dagrun for ocr_pipeline_dag to None, run_after=None
[2025-11-13T09:39:26.828-0500] {processor.py:183} INFO - Processing /opt/airflow/dags/ocr_pipeline_dag.py took 1.206 seconds
[2025-11-13T09:39:57.003-0500] {processor.py:161} INFO - Started process (PID=8669) to work on /opt/airflow/dags/ocr_pipeline_dag.py
[2025-11-13T09:39:57.004-0500] {processor.py:830} INFO - Processing file /opt/airflow/dags/ocr_pipeline_dag.py for tasks to queue
[2025-11-13T09:39:57.006-0500] {logging_mixin.py:188} INFO - [2025-11-13T09:39:57.006-0500] {dagbag.py:545} INFO - Filling up the DagBag from /opt/airflow/dags/ocr_pipeline_dag.py
[2025-11-13T09:39:57.031-0500] {logging_mixin.py:188} INFO - 📂 Using project root: /opt/project
[2025-11-13T09:39:57.266-0500] {logging_mixin.py:188} INFO - [2025-11-13T09:39:57.266-0500] {credentials.py:1278} INFO - Found credentials in shared credentials file: ~/.aws/credentials
[2025-11-13T09:39:58.190-0500] {processor.py:840} INFO - DAG(s) 'ocr_pipeline_dag' retrieved from /opt/airflow/dags/ocr_pipeline_dag.py
[2025-11-13T09:39:58.228-0500] {logging_mixin.py:188} INFO - [2025-11-13T09:39:58.228-0500] {dag.py:3089} INFO - Sync 1 DAGs
[2025-11-13T09:39:58.244-0500] {logging_mixin.py:188} INFO - [2025-11-13T09:39:58.244-0500] {dag.py:3947} INFO - Setting next_dagrun for ocr_pipeline_dag to None, run_after=None
[2025-11-13T09:39:58.272-0500] {processor.py:183} INFO - Processing /opt/airflow/dags/ocr_pipeline_dag.py took 1.280 seconds
[2025-11-13T09:40:28.675-0500] {processor.py:161} INFO - Started process (PID=8675) to work on /opt/airflow/dags/ocr_pipeline_dag.py
[2025-11-13T09:40:28.676-0500] {processor.py:830} INFO - Processing file /opt/airflow/dags/ocr_pipeline_dag.py for tasks to queue
[2025-11-13T09:40:28.678-0500] {logging_mixin.py:188} INFO - [2025-11-13T09:40:28.677-0500] {dagbag.py:545} INFO - Filling up the DagBag from /opt/airflow/dags/ocr_pipeline_dag.py
[2025-11-13T09:40:28.694-0500] {logging_mixin.py:188} INFO - 📂 Using project root: /opt/project
[2025-11-13T09:40:28.876-0500] {logging_mixin.py:188} INFO - [2025-11-13T09:40:28.875-0500] {credentials.py:1278} INFO - Found credentials in shared credentials file: ~/.aws/credentials
[2025-11-13T09:40:31.149-0500] {processor.py:840} INFO - DAG(s) 'ocr_pipeline_dag' retrieved from /opt/airflow/dags/ocr_pipeline_dag.py
[2025-11-13T09:40:31.180-0500] {logging_mixin.py:188} INFO - [2025-11-13T09:40:31.179-0500] {dag.py:3089} INFO - Sync 1 DAGs
[2025-11-13T09:40:31.191-0500] {logging_mixin.py:188} INFO - [2025-11-13T09:40:31.191-0500] {dag.py:3947} INFO - Setting next_dagrun for ocr_pipeline_dag to None, run_after=None
[2025-11-13T09:40:31.212-0500] {processor.py:183} INFO - Processing /opt/airflow/dags/ocr_pipeline_dag.py took 0.930 seconds
[2025-11-13T09:41:01.704-0500] {processor.py:161} INFO - Started process (PID=8681) to work on /opt/airflow/dags/ocr_pipeline_dag.py
[2025-11-13T09:41:01.706-0500] {processor.py:830} INFO - Processing file /opt/airflow/dags/ocr_pipeline_dag.py for tasks to queue
[2025-11-13T09:41:01.708-0500] {logging_mixin.py:188} INFO - [2025-11-13T09:41:01.707-0500] {dagbag.py:545} INFO - Filling up the DagBag from /opt/airflow/dags/ocr_pipeline_dag.py
[2025-11-13T09:41:01.729-0500] {logging_mixin.py:188} INFO - 📂 Using project root: /opt/project
[2025-11-13T09:41:01.920-0500] {logging_mixin.py:188} INFO - [2025-11-13T09:41:01.920-0500] {credentials.py:1278} INFO - Found credentials in shared credentials file: ~/.aws/credentials
[2025-11-13T09:41:02.801-0500] {processor.py:840} INFO - DAG(s) 'ocr_pipeline_dag' retrieved from /opt/airflow/dags/ocr_pipeline_dag.py
[2025-11-13T09:41:02.844-0500] {logging_mixin.py:188} INFO - [2025-11-13T09:41:02.843-0500] {dag.py:3089} INFO - Sync 1 DAGs
[2025-11-13T09:41:02.863-0500] {logging_mixin.py:188} INFO - [2025-11-13T09:41:02.863-0500] {dag.py:3947} INFO - Setting next_dagrun for ocr_pipeline_dag to None, run_after=None
[2025-11-13T09:41:02.892-0500] {processor.py:183} INFO - Processing /opt/airflow/dags/ocr_pipeline_dag.py took 1.196 seconds
[2025-11-13T09:41:33.782-0500] {processor.py:161} INFO - Started process (PID=8687) to work on /opt/airflow/dags/ocr_pipeline_dag.py
[2025-11-13T09:41:33.783-0500] {processor.py:830} INFO - Processing file /opt/airflow/dags/ocr_pipeline_dag.py for tasks to queue
[2025-11-13T09:41:33.784-0500] {logging_mixin.py:188} INFO - [2025-11-13T09:41:33.784-0500] {dagbag.py:545} INFO - Filling up the DagBag from /opt/airflow/dags/ocr_pipeline_dag.py
[2025-11-13T09:41:33.799-0500] {logging_mixin.py:188} INFO - 📂 Using project root: /opt/project
[2025-11-13T09:41:33.984-0500] {logging_mixin.py:188} INFO - [2025-11-13T09:41:33.983-0500] {credentials.py:1278} INFO - Found credentials in shared credentials file: ~/.aws/credentials
[2025-11-13T09:41:34.579-0500] {processor.py:840} INFO - DAG(s) 'ocr_pipeline_dag' retrieved from /opt/airflow/dags/ocr_pipeline_dag.py
[2025-11-13T09:41:34.605-0500] {logging_mixin.py:188} INFO - [2025-11-13T09:41:34.605-0500] {dag.py:3089} INFO - Sync 1 DAGs
[2025-11-13T09:41:34.615-0500] {logging_mixin.py:188} INFO - [2025-11-13T09:41:34.615-0500] {dag.py:3947} INFO - Setting next_dagrun for ocr_pipeline_dag to None, run_after=None
[2025-11-13T09:41:34.633-0500] {processor.py:183} INFO - Processing /opt/airflow/dags/ocr_pipeline_dag.py took 0.858 seconds
[2025-11-13T09:42:04.898-0500] {processor.py:161} INFO - Started process (PID=8693) to work on /opt/airflow/dags/ocr_pipeline_dag.py
[2025-11-13T09:42:04.900-0500] {processor.py:830} INFO - Processing file /opt/airflow/dags/ocr_pipeline_dag.py for tasks to queue
[2025-11-13T09:42:04.901-0500] {logging_mixin.py:188} INFO - [2025-11-13T09:42:04.901-0500] {dagbag.py:545} INFO - Filling up the DagBag from /opt/airflow/dags/ocr_pipeline_dag.py
[2025-11-13T09:42:04.921-0500] {logging_mixin.py:188} INFO - 📂 Using project root: /opt/project
[2025-11-13T09:42:05.114-0500] {logging_mixin.py:188} INFO - [2025-11-13T09:42:05.113-0500] {credentials.py:1278} INFO - Found credentials in shared credentials file: ~/.aws/credentials
[2025-11-13T09:42:05.875-0500] {processor.py:840} INFO - DAG(s) 'ocr_pipeline_dag' retrieved from /opt/airflow/dags/ocr_pipeline_dag.py
[2025-11-13T09:42:05.914-0500] {logging_mixin.py:188} INFO - [2025-11-13T09:42:05.914-0500] {dag.py:3089} INFO - Sync 1 DAGs
[2025-11-13T09:42:05.929-0500] {logging_mixin.py:188} INFO - [2025-11-13T09:42:05.929-0500] {dag.py:3947} INFO - Setting next_dagrun for ocr_pipeline_dag to None, run_after=None
[2025-11-13T09:42:05.952-0500] {processor.py:183} INFO - Processing /opt/airflow/dags/ocr_pipeline_dag.py took 1.062 seconds
[2025-11-13T09:42:36.991-0500] {processor.py:161} INFO - Started process (PID=8699) to work on /opt/airflow/dags/ocr_pipeline_dag.py
[2025-11-13T09:42:36.992-0500] {processor.py:830} INFO - Processing file /opt/airflow/dags/ocr_pipeline_dag.py for tasks to queue
[2025-11-13T09:42:36.993-0500] {logging_mixin.py:188} INFO - [2025-11-13T09:42:36.993-0500] {dagbag.py:545} INFO - Filling up the DagBag from /opt/airflow/dags/ocr_pipeline_dag.py
[2025-11-13T09:42:37.009-0500] {logging_mixin.py:188} INFO - 📂 Using project root: /opt/project
[2025-11-13T09:42:37.166-0500] {logging_mixin.py:188} INFO - [2025-11-13T09:42:37.166-0500] {credentials.py:1278} INFO - Found credentials in shared credentials file: ~/.aws/credentials
[2025-11-13T09:42:37.794-0500] {processor.py:840} INFO - DAG(s) 'ocr_pipeline_dag' retrieved from /opt/airflow/dags/ocr_pipeline_dag.py
[2025-11-13T09:42:37.822-0500] {logging_mixin.py:188} INFO - [2025-11-13T09:42:37.822-0500] {dag.py:3089} INFO - Sync 1 DAGs
[2025-11-13T09:42:37.833-0500] {logging_mixin.py:188} INFO - [2025-11-13T09:42:37.832-0500] {dag.py:3947} INFO - Setting next_dagrun for ocr_pipeline_dag to None, run_after=None
[2025-11-13T09:42:37.852-0500] {processor.py:183} INFO - Processing /opt/airflow/dags/ocr_pipeline_dag.py took 0.867 seconds
[2025-11-13T09:43:08.011-0500] {processor.py:161} INFO - Started process (PID=8705) to work on /opt/airflow/dags/ocr_pipeline_dag.py
[2025-11-13T09:43:08.012-0500] {processor.py:830} INFO - Processing file /opt/airflow/dags/ocr_pipeline_dag.py for tasks to queue
[2025-11-13T09:43:08.014-0500] {logging_mixin.py:188} INFO - [2025-11-13T09:43:08.013-0500] {dagbag.py:545} INFO - Filling up the DagBag from /opt/airflow/dags/ocr_pipeline_dag.py
[2025-11-13T09:43:08.033-0500] {logging_mixin.py:188} INFO - 📂 Using project root: /opt/project
[2025-11-13T09:43:08.232-0500] {logging_mixin.py:188} INFO - [2025-11-13T09:43:08.232-0500] {credentials.py:1278} INFO - Found credentials in shared credentials file: ~/.aws/credentials
[2025-11-13T09:43:08.969-0500] {processor.py:840} INFO - DAG(s) 'ocr_pipeline_dag' retrieved from /opt/airflow/dags/ocr_pipeline_dag.py
[2025-11-13T09:43:09.000-0500] {logging_mixin.py:188} INFO - [2025-11-13T09:43:09.000-0500] {dag.py:3089} INFO - Sync 1 DAGs
[2025-11-13T09:43:09.013-0500] {logging_mixin.py:188} INFO - [2025-11-13T09:43:09.013-0500] {dag.py:3947} INFO - Setting next_dagrun for ocr_pipeline_dag to None, run_after=None
[2025-11-13T09:43:09.036-0500] {processor.py:183} INFO - Processing /opt/airflow/dags/ocr_pipeline_dag.py took 1.034 seconds
[2025-11-13T09:43:40.063-0500] {processor.py:161} INFO - Started process (PID=8711) to work on /opt/airflow/dags/ocr_pipeline_dag.py
[2025-11-13T09:43:40.065-0500] {processor.py:830} INFO - Processing file /opt/airflow/dags/ocr_pipeline_dag.py for tasks to queue
[2025-11-13T09:43:40.066-0500] {logging_mixin.py:188} INFO - [2025-11-13T09:43:40.066-0500] {dagbag.py:545} INFO - Filling up the DagBag from /opt/airflow/dags/ocr_pipeline_dag.py
[2025-11-13T09:43:40.081-0500] {logging_mixin.py:188} INFO - 📂 Using project root: /opt/project
[2025-11-13T09:43:40.239-0500] {logging_mixin.py:188} INFO - [2025-11-13T09:43:40.238-0500] {credentials.py:1278} INFO - Found credentials in shared credentials file: ~/.aws/credentials
[2025-11-13T09:43:40.876-0500] {processor.py:840} INFO - DAG(s) 'ocr_pipeline_dag' retrieved from /opt/airflow/dags/ocr_pipeline_dag.py
[2025-11-13T09:43:40.901-0500] {logging_mixin.py:188} INFO - [2025-11-13T09:43:40.900-0500] {dag.py:3089} INFO - Sync 1 DAGs
[2025-11-13T09:43:40.912-0500] {logging_mixin.py:188} INFO - [2025-11-13T09:43:40.912-0500] {dag.py:3947} INFO - Setting next_dagrun for ocr_pipeline_dag to None, run_after=None
[2025-11-13T09:43:40.930-0500] {processor.py:183} INFO - Processing /opt/airflow/dags/ocr_pipeline_dag.py took 0.874 seconds
[2025-11-13T09:44:11.039-0500] {processor.py:161} INFO - Started process (PID=8717) to work on /opt/airflow/dags/ocr_pipeline_dag.py
[2025-11-13T09:44:11.041-0500] {processor.py:830} INFO - Processing file /opt/airflow/dags/ocr_pipeline_dag.py for tasks to queue
[2025-11-13T09:44:11.043-0500] {logging_mixin.py:188} INFO - [2025-11-13T09:44:11.042-0500] {dagbag.py:545} INFO - Filling up the DagBag from /opt/airflow/dags/ocr_pipeline_dag.py
[2025-11-13T09:44:11.067-0500] {logging_mixin.py:188} INFO - 📂 Using project root: /opt/project
[2025-11-13T09:44:11.272-0500] {logging_mixin.py:188} INFO - [2025-11-13T09:44:11.272-0500] {credentials.py:1278} INFO - Found credentials in shared credentials file: ~/.aws/credentials
[2025-11-13T09:44:12.013-0500] {processor.py:840} INFO - DAG(s) 'ocr_pipeline_dag' retrieved from /opt/airflow/dags/ocr_pipeline_dag.py
[2025-11-13T09:44:12.050-0500] {logging_mixin.py:188} INFO - [2025-11-13T09:44:12.049-0500] {dag.py:3089} INFO - Sync 1 DAGs
[2025-11-13T09:44:12.066-0500] {logging_mixin.py:188} INFO - [2025-11-13T09:44:12.066-0500] {dag.py:3947} INFO - Setting next_dagrun for ocr_pipeline_dag to None, run_after=None
[2025-11-13T09:44:12.091-0500] {processor.py:183} INFO - Processing /opt/airflow/dags/ocr_pipeline_dag.py took 1.060 seconds
[2025-11-13T09:44:43.130-0500] {processor.py:161} INFO - Started process (PID=8723) to work on /opt/airflow/dags/ocr_pipeline_dag.py
[2025-11-13T09:44:43.132-0500] {processor.py:830} INFO - Processing file /opt/airflow/dags/ocr_pipeline_dag.py for tasks to queue
[2025-11-13T09:44:43.133-0500] {logging_mixin.py:188} INFO - [2025-11-13T09:44:43.133-0500] {dagbag.py:545} INFO - Filling up the DagBag from /opt/airflow/dags/ocr_pipeline_dag.py
[2025-11-13T09:44:43.149-0500] {logging_mixin.py:188} INFO - 📂 Using project root: /opt/project
[2025-11-13T09:44:43.292-0500] {logging_mixin.py:188} INFO - [2025-11-13T09:44:43.292-0500] {credentials.py:1278} INFO - Found credentials in shared credentials file: ~/.aws/credentials
[2025-11-13T09:44:43.935-0500] {processor.py:840} INFO - DAG(s) 'ocr_pipeline_dag' retrieved from /opt/airflow/dags/ocr_pipeline_dag.py
[2025-11-13T09:44:43.961-0500] {logging_mixin.py:188} INFO - [2025-11-13T09:44:43.961-0500] {dag.py:3089} INFO - Sync 1 DAGs
[2025-11-13T09:44:43.988-0500] {logging_mixin.py:188} INFO - [2025-11-13T09:44:43.988-0500] {dag.py:3947} INFO - Setting next_dagrun for ocr_pipeline_dag to None, run_after=None
[2025-11-13T09:44:44.017-0500] {processor.py:183} INFO - Processing /opt/airflow/dags/ocr_pipeline_dag.py took 0.893 seconds
[2025-11-13T09:45:14.128-0500] {processor.py:161} INFO - Started process (PID=8729) to work on /opt/airflow/dags/ocr_pipeline_dag.py
[2025-11-13T09:45:14.129-0500] {processor.py:830} INFO - Processing file /opt/airflow/dags/ocr_pipeline_dag.py for tasks to queue
[2025-11-13T09:45:14.131-0500] {logging_mixin.py:188} INFO - [2025-11-13T09:45:14.130-0500] {dagbag.py:545} INFO - Filling up the DagBag from /opt/airflow/dags/ocr_pipeline_dag.py
[2025-11-13T09:45:14.151-0500] {logging_mixin.py:188} INFO - 📂 Using project root: /opt/project
[2025-11-13T09:45:14.363-0500] {logging_mixin.py:188} INFO - [2025-11-13T09:45:14.362-0500] {credentials.py:1278} INFO - Found credentials in shared credentials file: ~/.aws/credentials
[2025-11-13T09:45:15.175-0500] {processor.py:840} INFO - DAG(s) 'ocr_pipeline_dag' retrieved from /opt/airflow/dags/ocr_pipeline_dag.py
[2025-11-13T09:45:15.218-0500] {logging_mixin.py:188} INFO - [2025-11-13T09:45:15.217-0500] {dag.py:3089} INFO - Sync 1 DAGs
[2025-11-13T09:45:15.233-0500] {logging_mixin.py:188} INFO - [2025-11-13T09:45:15.233-0500] {dag.py:3947} INFO - Setting next_dagrun for ocr_pipeline_dag to None, run_after=None
[2025-11-13T09:45:15.256-0500] {processor.py:183} INFO - Processing /opt/airflow/dags/ocr_pipeline_dag.py took 1.138 seconds
[2025-11-13T09:45:46.126-0500] {processor.py:161} INFO - Started process (PID=8735) to work on /opt/airflow/dags/ocr_pipeline_dag.py
[2025-11-13T09:45:46.127-0500] {processor.py:830} INFO - Processing file /opt/airflow/dags/ocr_pipeline_dag.py for tasks to queue
[2025-11-13T09:45:46.128-0500] {logging_mixin.py:188} INFO - [2025-11-13T09:45:46.128-0500] {dagbag.py:545} INFO - Filling up the DagBag from /opt/airflow/dags/ocr_pipeline_dag.py
[2025-11-13T09:45:46.144-0500] {logging_mixin.py:188} INFO - 📂 Using project root: /opt/project
[2025-11-13T09:45:46.290-0500] {logging_mixin.py:188} INFO - [2025-11-13T09:45:46.290-0500] {credentials.py:1278} INFO - Found credentials in shared credentials file: ~/.aws/credentials
[2025-11-13T09:45:46.988-0500] {processor.py:840} INFO - DAG(s) 'ocr_pipeline_dag' retrieved from /opt/airflow/dags/ocr_pipeline_dag.py
[2025-11-13T09:45:47.021-0500] {logging_mixin.py:188} INFO - [2025-11-13T09:45:47.021-0500] {dag.py:3089} INFO - Sync 1 DAGs
[2025-11-13T09:45:47.033-0500] {logging_mixin.py:188} INFO - [2025-11-13T09:45:47.032-0500] {dag.py:3947} INFO - Setting next_dagrun for ocr_pipeline_dag to None, run_after=None
[2025-11-13T09:45:47.051-0500] {processor.py:183} INFO - Processing /opt/airflow/dags/ocr_pipeline_dag.py took 0.932 seconds
[2025-11-13T09:46:17.140-0500] {processor.py:161} INFO - Started process (PID=8741) to work on /opt/airflow/dags/ocr_pipeline_dag.py
[2025-11-13T09:46:17.141-0500] {processor.py:830} INFO - Processing file /opt/airflow/dags/ocr_pipeline_dag.py for tasks to queue
[2025-11-13T09:46:17.143-0500] {logging_mixin.py:188} INFO - [2025-11-13T09:46:17.142-0500] {dagbag.py:545} INFO - Filling up the DagBag from /opt/airflow/dags/ocr_pipeline_dag.py
[2025-11-13T09:46:17.163-0500] {logging_mixin.py:188} INFO - 📂 Using project root: /opt/project
[2025-11-13T09:46:17.368-0500] {logging_mixin.py:188} INFO - [2025-11-13T09:46:17.367-0500] {credentials.py:1278} INFO - Found credentials in shared credentials file: ~/.aws/credentials
[2025-11-13T09:46:18.145-0500] {processor.py:840} INFO - DAG(s) 'ocr_pipeline_dag' retrieved from /opt/airflow/dags/ocr_pipeline_dag.py
[2025-11-13T09:46:18.178-0500] {logging_mixin.py:188} INFO - [2025-11-13T09:46:18.178-0500] {dag.py:3089} INFO - Sync 1 DAGs
[2025-11-13T09:46:18.191-0500] {logging_mixin.py:188} INFO - [2025-11-13T09:46:18.191-0500] {dag.py:3947} INFO - Setting next_dagrun for ocr_pipeline_dag to None, run_after=None
[2025-11-13T09:46:18.227-0500] {processor.py:183} INFO - Processing /opt/airflow/dags/ocr_pipeline_dag.py took 1.096 seconds
[2025-11-13T09:46:48.306-0500] {processor.py:161} INFO - Started process (PID=8747) to work on /opt/airflow/dags/ocr_pipeline_dag.py
[2025-11-13T09:46:48.307-0500] {processor.py:830} INFO - Processing file /opt/airflow/dags/ocr_pipeline_dag.py for tasks to queue
[2025-11-13T09:46:48.308-0500] {logging_mixin.py:188} INFO - [2025-11-13T09:46:48.308-0500] {dagbag.py:545} INFO - Filling up the DagBag from /opt/airflow/dags/ocr_pipeline_dag.py
[2025-11-13T09:46:48.324-0500] {logging_mixin.py:188} INFO - 📂 Using project root: /opt/project
[2025-11-13T09:46:48.470-0500] {logging_mixin.py:188} INFO - [2025-11-13T09:46:48.470-0500] {credentials.py:1278} INFO - Found credentials in shared credentials file: ~/.aws/credentials
[2025-11-13T09:46:49.060-0500] {processor.py:840} INFO - DAG(s) 'ocr_pipeline_dag' retrieved from /opt/airflow/dags/ocr_pipeline_dag.py
[2025-11-13T09:46:49.091-0500] {logging_mixin.py:188} INFO - [2025-11-13T09:46:49.091-0500] {dag.py:3089} INFO - Sync 1 DAGs
[2025-11-13T09:46:49.102-0500] {logging_mixin.py:188} INFO - [2025-11-13T09:46:49.102-0500] {dag.py:3947} INFO - Setting next_dagrun for ocr_pipeline_dag to None, run_after=None
[2025-11-13T09:46:49.121-0500] {processor.py:183} INFO - Processing /opt/airflow/dags/ocr_pipeline_dag.py took 0.824 seconds
[2025-11-13T09:47:19.334-0500] {processor.py:161} INFO - Started process (PID=8753) to work on /opt/airflow/dags/ocr_pipeline_dag.py
[2025-11-13T09:47:19.336-0500] {processor.py:830} INFO - Processing file /opt/airflow/dags/ocr_pipeline_dag.py for tasks to queue
[2025-11-13T09:47:19.337-0500] {logging_mixin.py:188} INFO - [2025-11-13T09:47:19.337-0500] {dagbag.py:545} INFO - Filling up the DagBag from /opt/airflow/dags/ocr_pipeline_dag.py
[2025-11-13T09:47:19.352-0500] {logging_mixin.py:188} INFO - 📂 Using project root: /opt/project
[2025-11-13T09:47:19.496-0500] {logging_mixin.py:188} INFO - [2025-11-13T09:47:19.496-0500] {credentials.py:1278} INFO - Found credentials in shared credentials file: ~/.aws/credentials
[2025-11-13T09:47:20.167-0500] {processor.py:840} INFO - DAG(s) 'ocr_pipeline_dag' retrieved from /opt/airflow/dags/ocr_pipeline_dag.py
[2025-11-13T09:47:20.200-0500] {logging_mixin.py:188} INFO - [2025-11-13T09:47:20.199-0500] {dag.py:3089} INFO - Sync 1 DAGs
[2025-11-13T09:47:20.216-0500] {logging_mixin.py:188} INFO - [2025-11-13T09:47:20.216-0500] {dag.py:3947} INFO - Setting next_dagrun for ocr_pipeline_dag to None, run_after=None
[2025-11-13T09:47:20.241-0500] {processor.py:183} INFO - Processing /opt/airflow/dags/ocr_pipeline_dag.py took 0.913 seconds
[2025-11-13T09:47:51.112-0500] {processor.py:161} INFO - Started process (PID=8759) to work on /opt/airflow/dags/ocr_pipeline_dag.py
[2025-11-13T09:47:51.113-0500] {processor.py:830} INFO - Processing file /opt/airflow/dags/ocr_pipeline_dag.py for tasks to queue
[2025-11-13T09:47:51.114-0500] {logging_mixin.py:188} INFO - [2025-11-13T09:47:51.114-0500] {dagbag.py:545} INFO - Filling up the DagBag from /opt/airflow/dags/ocr_pipeline_dag.py
[2025-11-13T09:47:51.130-0500] {logging_mixin.py:188} INFO - 📂 Using project root: /opt/project
[2025-11-13T09:47:51.277-0500] {logging_mixin.py:188} INFO - [2025-11-13T09:47:51.277-0500] {credentials.py:1278} INFO - Found credentials in shared credentials file: ~/.aws/credentials
[2025-11-13T09:47:51.914-0500] {processor.py:840} INFO - DAG(s) 'ocr_pipeline_dag' retrieved from /opt/airflow/dags/ocr_pipeline_dag.py
[2025-11-13T09:47:51.951-0500] {logging_mixin.py:188} INFO - [2025-11-13T09:47:51.950-0500] {dag.py:3089} INFO - Sync 1 DAGs
[2025-11-13T09:47:51.964-0500] {logging_mixin.py:188} INFO - [2025-11-13T09:47:51.964-0500] {dag.py:3947} INFO - Setting next_dagrun for ocr_pipeline_dag to None, run_after=None
[2025-11-13T09:47:51.988-0500] {processor.py:183} INFO - Processing /opt/airflow/dags/ocr_pipeline_dag.py took 0.883 seconds
[2025-11-13T09:48:22.461-0500] {processor.py:161} INFO - Started process (PID=8765) to work on /opt/airflow/dags/ocr_pipeline_dag.py
[2025-11-13T09:48:22.463-0500] {processor.py:830} INFO - Processing file /opt/airflow/dags/ocr_pipeline_dag.py for tasks to queue
[2025-11-13T09:48:22.464-0500] {logging_mixin.py:188} INFO - [2025-11-13T09:48:22.464-0500] {dagbag.py:545} INFO - Filling up the DagBag from /opt/airflow/dags/ocr_pipeline_dag.py
[2025-11-13T09:48:22.485-0500] {logging_mixin.py:188} INFO - 📂 Using project root: /opt/project
[2025-11-13T09:48:22.677-0500] {logging_mixin.py:188} INFO - [2025-11-13T09:48:22.677-0500] {credentials.py:1278} INFO - Found credentials in shared credentials file: ~/.aws/credentials
[2025-11-13T09:48:25.056-0500] {processor.py:840} INFO - DAG(s) 'ocr_pipeline_dag' retrieved from /opt/airflow/dags/ocr_pipeline_dag.py
[2025-11-13T09:48:25.093-0500] {logging_mixin.py:188} INFO - [2025-11-13T09:48:25.093-0500] {dag.py:3089} INFO - Sync 1 DAGs
[2025-11-13T09:48:25.107-0500] {logging_mixin.py:188} INFO - [2025-11-13T09:48:25.107-0500] {dag.py:3947} INFO - Setting next_dagrun for ocr_pipeline_dag to None, run_after=None
[2025-11-13T09:48:25.130-0500] {processor.py:183} INFO - Processing /opt/airflow/dags/ocr_pipeline_dag.py took 1.033 seconds
[2025-11-13T09:48:55.539-0500] {processor.py:161} INFO - Started process (PID=8771) to work on /opt/airflow/dags/ocr_pipeline_dag.py
[2025-11-13T09:48:55.541-0500] {processor.py:830} INFO - Processing file /opt/airflow/dags/ocr_pipeline_dag.py for tasks to queue
[2025-11-13T09:48:55.542-0500] {logging_mixin.py:188} INFO - [2025-11-13T09:48:55.541-0500] {dagbag.py:545} INFO - Filling up the DagBag from /opt/airflow/dags/ocr_pipeline_dag.py
[2025-11-13T09:48:55.555-0500] {logging_mixin.py:188} INFO - 📂 Using project root: /opt/project
[2025-11-13T09:48:55.699-0500] {logging_mixin.py:188} INFO - [2025-11-13T09:48:55.698-0500] {credentials.py:1278} INFO - Found credentials in shared credentials file: ~/.aws/credentials
[2025-11-13T09:48:56.382-0500] {processor.py:840} INFO - DAG(s) 'ocr_pipeline_dag' retrieved from /opt/airflow/dags/ocr_pipeline_dag.py
[2025-11-13T09:48:56.413-0500] {logging_mixin.py:188} INFO - [2025-11-13T09:48:56.413-0500] {dag.py:3089} INFO - Sync 1 DAGs
[2025-11-13T09:48:56.427-0500] {logging_mixin.py:188} INFO - [2025-11-13T09:48:56.427-0500] {dag.py:3947} INFO - Setting next_dagrun for ocr_pipeline_dag to None, run_after=None
[2025-11-13T09:48:56.450-0500] {processor.py:183} INFO - Processing /opt/airflow/dags/ocr_pipeline_dag.py took 0.916 seconds
[2025-11-13T09:49:27.547-0500] {processor.py:161} INFO - Started process (PID=8777) to work on /opt/airflow/dags/ocr_pipeline_dag.py
[2025-11-13T09:49:27.548-0500] {processor.py:830} INFO - Processing file /opt/airflow/dags/ocr_pipeline_dag.py for tasks to queue
[2025-11-13T09:49:27.549-0500] {logging_mixin.py:188} INFO - [2025-11-13T09:49:27.549-0500] {dagbag.py:545} INFO - Filling up the DagBag from /opt/airflow/dags/ocr_pipeline_dag.py
[2025-11-13T09:49:27.569-0500] {logging_mixin.py:188} INFO - 📂 Using project root: /opt/project
[2025-11-13T09:49:27.746-0500] {logging_mixin.py:188} INFO - [2025-11-13T09:49:27.745-0500] {credentials.py:1278} INFO - Found credentials in shared credentials file: ~/.aws/credentials
[2025-11-13T09:49:28.433-0500] {processor.py:840} INFO - DAG(s) 'ocr_pipeline_dag' retrieved from /opt/airflow/dags/ocr_pipeline_dag.py
[2025-11-13T09:49:28.463-0500] {logging_mixin.py:188} INFO - [2025-11-13T09:49:28.462-0500] {dag.py:3089} INFO - Sync 1 DAGs
[2025-11-13T09:49:28.474-0500] {logging_mixin.py:188} INFO - [2025-11-13T09:49:28.474-0500] {dag.py:3947} INFO - Setting next_dagrun for ocr_pipeline_dag to None, run_after=None
[2025-11-13T09:49:28.494-0500] {processor.py:183} INFO - Processing /opt/airflow/dags/ocr_pipeline_dag.py took 0.955 seconds
[2025-11-13T09:49:59.542-0500] {processor.py:161} INFO - Started process (PID=8783) to work on /opt/airflow/dags/ocr_pipeline_dag.py
[2025-11-13T09:49:59.543-0500] {processor.py:830} INFO - Processing file /opt/airflow/dags/ocr_pipeline_dag.py for tasks to queue
[2025-11-13T09:49:59.544-0500] {logging_mixin.py:188} INFO - [2025-11-13T09:49:59.544-0500] {dagbag.py:545} INFO - Filling up the DagBag from /opt/airflow/dags/ocr_pipeline_dag.py
[2025-11-13T09:49:59.561-0500] {logging_mixin.py:188} INFO - 📂 Using project root: /opt/project
[2025-11-13T09:49:59.720-0500] {logging_mixin.py:188} INFO - [2025-11-13T09:49:59.720-0500] {credentials.py:1278} INFO - Found credentials in shared credentials file: ~/.aws/credentials
[2025-11-13T09:50:00.399-0500] {processor.py:840} INFO - DAG(s) 'ocr_pipeline_dag' retrieved from /opt/airflow/dags/ocr_pipeline_dag.py
[2025-11-13T09:50:00.434-0500] {logging_mixin.py:188} INFO - [2025-11-13T09:50:00.434-0500] {dag.py:3089} INFO - Sync 1 DAGs
[2025-11-13T09:50:00.448-0500] {logging_mixin.py:188} INFO - [2025-11-13T09:50:00.447-0500] {dag.py:3947} INFO - Setting next_dagrun for ocr_pipeline_dag to None, run_after=None
[2025-11-13T09:50:00.468-0500] {processor.py:183} INFO - Processing /opt/airflow/dags/ocr_pipeline_dag.py took 0.933 seconds
[2025-11-13T09:50:30.560-0500] {processor.py:161} INFO - Started process (PID=8789) to work on /opt/airflow/dags/ocr_pipeline_dag.py
[2025-11-13T09:50:30.562-0500] {processor.py:830} INFO - Processing file /opt/airflow/dags/ocr_pipeline_dag.py for tasks to queue
[2025-11-13T09:50:30.563-0500] {logging_mixin.py:188} INFO - [2025-11-13T09:50:30.563-0500] {dagbag.py:545} INFO - Filling up the DagBag from /opt/airflow/dags/ocr_pipeline_dag.py
[2025-11-13T09:50:30.584-0500] {logging_mixin.py:188} INFO - 📂 Using project root: /opt/project
[2025-11-13T09:50:30.768-0500] {logging_mixin.py:188} INFO - [2025-11-13T09:50:30.768-0500] {credentials.py:1278} INFO - Found credentials in shared credentials file: ~/.aws/credentials
[2025-11-13T09:50:31.487-0500] {processor.py:840} INFO - DAG(s) 'ocr_pipeline_dag' retrieved from /opt/airflow/dags/ocr_pipeline_dag.py
[2025-11-13T09:50:31.517-0500] {logging_mixin.py:188} INFO - [2025-11-13T09:50:31.517-0500] {dag.py:3089} INFO - Sync 1 DAGs
[2025-11-13T09:50:31.529-0500] {logging_mixin.py:188} INFO - [2025-11-13T09:50:31.529-0500] {dag.py:3947} INFO - Setting next_dagrun for ocr_pipeline_dag to None, run_after=None
[2025-11-13T09:50:31.560-0500] {processor.py:183} INFO - Processing /opt/airflow/dags/ocr_pipeline_dag.py took 1.009 seconds
[2025-11-13T09:51:01.726-0500] {processor.py:161} INFO - Started process (PID=8795) to work on /opt/airflow/dags/ocr_pipeline_dag.py
[2025-11-13T09:51:01.727-0500] {processor.py:830} INFO - Processing file /opt/airflow/dags/ocr_pipeline_dag.py for tasks to queue
[2025-11-13T09:51:01.728-0500] {logging_mixin.py:188} INFO - [2025-11-13T09:51:01.728-0500] {dagbag.py:545} INFO - Filling up the DagBag from /opt/airflow/dags/ocr_pipeline_dag.py
[2025-11-13T09:51:01.743-0500] {logging_mixin.py:188} INFO - 📂 Using project root: /opt/project
[2025-11-13T09:51:01.884-0500] {logging_mixin.py:188} INFO - [2025-11-13T09:51:01.883-0500] {credentials.py:1278} INFO - Found credentials in shared credentials file: ~/.aws/credentials
[2025-11-13T09:51:02.492-0500] {processor.py:840} INFO - DAG(s) 'ocr_pipeline_dag' retrieved from /opt/airflow/dags/ocr_pipeline_dag.py
[2025-11-13T09:51:02.530-0500] {logging_mixin.py:188} INFO - [2025-11-13T09:51:02.529-0500] {dag.py:3089} INFO - Sync 1 DAGs
[2025-11-13T09:51:02.543-0500] {logging_mixin.py:188} INFO - [2025-11-13T09:51:02.542-0500] {dag.py:3947} INFO - Setting next_dagrun for ocr_pipeline_dag to None, run_after=None
[2025-11-13T09:51:02.566-0500] {processor.py:183} INFO - Processing /opt/airflow/dags/ocr_pipeline_dag.py took 0.847 seconds
[2025-11-13T09:51:32.721-0500] {processor.py:161} INFO - Started process (PID=8801) to work on /opt/airflow/dags/ocr_pipeline_dag.py
[2025-11-13T09:51:32.722-0500] {processor.py:830} INFO - Processing file /opt/airflow/dags/ocr_pipeline_dag.py for tasks to queue
[2025-11-13T09:51:32.724-0500] {logging_mixin.py:188} INFO - [2025-11-13T09:51:32.723-0500] {dagbag.py:545} INFO - Filling up the DagBag from /opt/airflow/dags/ocr_pipeline_dag.py
[2025-11-13T09:51:32.744-0500] {logging_mixin.py:188} INFO - 📂 Using project root: /opt/project
[2025-11-13T09:51:32.951-0500] {logging_mixin.py:188} INFO - [2025-11-13T09:51:32.950-0500] {credentials.py:1278} INFO - Found credentials in shared credentials file: ~/.aws/credentials
[2025-11-13T09:51:33.692-0500] {processor.py:840} INFO - DAG(s) 'ocr_pipeline_dag' retrieved from /opt/airflow/dags/ocr_pipeline_dag.py
[2025-11-13T09:51:33.725-0500] {logging_mixin.py:188} INFO - [2025-11-13T09:51:33.725-0500] {dag.py:3089} INFO - Sync 1 DAGs
[2025-11-13T09:51:33.739-0500] {logging_mixin.py:188} INFO - [2025-11-13T09:51:33.739-0500] {dag.py:3947} INFO - Setting next_dagrun for ocr_pipeline_dag to None, run_after=None
[2025-11-13T09:51:33.761-0500] {processor.py:183} INFO - Processing /opt/airflow/dags/ocr_pipeline_dag.py took 1.050 seconds
[2025-11-13T09:52:03.829-0500] {processor.py:161} INFO - Started process (PID=8807) to work on /opt/airflow/dags/ocr_pipeline_dag.py
[2025-11-13T09:52:03.831-0500] {processor.py:830} INFO - Processing file /opt/airflow/dags/ocr_pipeline_dag.py for tasks to queue
[2025-11-13T09:52:03.832-0500] {logging_mixin.py:188} INFO - [2025-11-13T09:52:03.831-0500] {dagbag.py:545} INFO - Filling up the DagBag from /opt/airflow/dags/ocr_pipeline_dag.py
[2025-11-13T09:52:03.847-0500] {logging_mixin.py:188} INFO - 📂 Using project root: /opt/project
[2025-11-13T09:52:03.991-0500] {logging_mixin.py:188} INFO - [2025-11-13T09:52:03.990-0500] {credentials.py:1278} INFO - Found credentials in shared credentials file: ~/.aws/credentials
[2025-11-13T09:52:04.621-0500] {processor.py:840} INFO - DAG(s) 'ocr_pipeline_dag' retrieved from /opt/airflow/dags/ocr_pipeline_dag.py
[2025-11-13T09:52:04.646-0500] {logging_mixin.py:188} INFO - [2025-11-13T09:52:04.645-0500] {dag.py:3089} INFO - Sync 1 DAGs
[2025-11-13T09:52:04.657-0500] {logging_mixin.py:188} INFO - [2025-11-13T09:52:04.656-0500] {dag.py:3947} INFO - Setting next_dagrun for ocr_pipeline_dag to None, run_after=None
[2025-11-13T09:52:04.675-0500] {processor.py:183} INFO - Processing /opt/airflow/dags/ocr_pipeline_dag.py took 0.853 seconds
[2025-11-13T09:52:34.888-0500] {processor.py:161} INFO - Started process (PID=8813) to work on /opt/airflow/dags/ocr_pipeline_dag.py
[2025-11-13T09:52:34.889-0500] {processor.py:830} INFO - Processing file /opt/airflow/dags/ocr_pipeline_dag.py for tasks to queue
[2025-11-13T09:52:34.890-0500] {logging_mixin.py:188} INFO - [2025-11-13T09:52:34.890-0500] {dagbag.py:545} INFO - Filling up the DagBag from /opt/airflow/dags/ocr_pipeline_dag.py
[2025-11-13T09:52:34.907-0500] {logging_mixin.py:188} INFO - 📂 Using project root: /opt/project
[2025-11-13T09:52:35.060-0500] {logging_mixin.py:188} INFO - [2025-11-13T09:52:35.060-0500] {credentials.py:1278} INFO - Found credentials in shared credentials file: ~/.aws/credentials
[2025-11-13T09:52:35.752-0500] {processor.py:840} INFO - DAG(s) 'ocr_pipeline_dag' retrieved from /opt/airflow/dags/ocr_pipeline_dag.py
[2025-11-13T09:52:35.792-0500] {logging_mixin.py:188} INFO - [2025-11-13T09:52:35.792-0500] {dag.py:3089} INFO - Sync 1 DAGs
[2025-11-13T09:52:35.807-0500] {logging_mixin.py:188} INFO - [2025-11-13T09:52:35.806-0500] {dag.py:3947} INFO - Setting next_dagrun for ocr_pipeline_dag to None, run_after=None
[2025-11-13T09:52:35.832-0500] {processor.py:183} INFO - Processing /opt/airflow/dags/ocr_pipeline_dag.py took 0.950 seconds
[2025-11-13T09:53:06.122-0500] {processor.py:161} INFO - Started process (PID=8819) to work on /opt/airflow/dags/ocr_pipeline_dag.py
[2025-11-13T09:53:06.124-0500] {processor.py:830} INFO - Processing file /opt/airflow/dags/ocr_pipeline_dag.py for tasks to queue
[2025-11-13T09:53:06.125-0500] {logging_mixin.py:188} INFO - [2025-11-13T09:53:06.124-0500] {dagbag.py:545} INFO - Filling up the DagBag from /opt/airflow/dags/ocr_pipeline_dag.py
[2025-11-13T09:53:06.139-0500] {logging_mixin.py:188} INFO - 📂 Using project root: /opt/project
[2025-11-13T09:53:06.281-0500] {logging_mixin.py:188} INFO - [2025-11-13T09:53:06.281-0500] {credentials.py:1278} INFO - Found credentials in shared credentials file: ~/.aws/credentials
[2025-11-13T09:53:06.844-0500] {processor.py:840} INFO - DAG(s) 'ocr_pipeline_dag' retrieved from /opt/airflow/dags/ocr_pipeline_dag.py
[2025-11-13T09:53:06.873-0500] {logging_mixin.py:188} INFO - [2025-11-13T09:53:06.872-0500] {dag.py:3089} INFO - Sync 1 DAGs
[2025-11-13T09:53:06.886-0500] {logging_mixin.py:188} INFO - [2025-11-13T09:53:06.886-0500] {dag.py:3947} INFO - Setting next_dagrun for ocr_pipeline_dag to None, run_after=None
[2025-11-13T09:53:06.907-0500] {processor.py:183} INFO - Processing /opt/airflow/dags/ocr_pipeline_dag.py took 0.790 seconds
[2025-11-13T09:53:37.337-0500] {processor.py:161} INFO - Started process (PID=8825) to work on /opt/airflow/dags/ocr_pipeline_dag.py
[2025-11-13T09:53:37.339-0500] {processor.py:830} INFO - Processing file /opt/airflow/dags/ocr_pipeline_dag.py for tasks to queue
[2025-11-13T09:53:37.340-0500] {logging_mixin.py:188} INFO - [2025-11-13T09:53:37.340-0500] {dagbag.py:545} INFO - Filling up the DagBag from /opt/airflow/dags/ocr_pipeline_dag.py
[2025-11-13T09:53:37.362-0500] {logging_mixin.py:188} INFO - 📂 Using project root: /opt/project
[2025-11-13T09:53:37.579-0500] {logging_mixin.py:188} INFO - [2025-11-13T09:53:37.579-0500] {credentials.py:1278} INFO - Found credentials in shared credentials file: ~/.aws/credentials
[2025-11-13T09:53:38.274-0500] {processor.py:840} INFO - DAG(s) 'ocr_pipeline_dag' retrieved from /opt/airflow/dags/ocr_pipeline_dag.py
[2025-11-13T09:53:38.309-0500] {logging_mixin.py:188} INFO - [2025-11-13T09:53:38.309-0500] {dag.py:3089} INFO - Sync 1 DAGs
[2025-11-13T09:53:38.323-0500] {logging_mixin.py:188} INFO - [2025-11-13T09:53:38.322-0500] {dag.py:3947} INFO - Setting next_dagrun for ocr_pipeline_dag to None, run_after=None
[2025-11-13T09:53:38.343-0500] {processor.py:183} INFO - Processing /opt/airflow/dags/ocr_pipeline_dag.py took 1.014 seconds
[2025-11-13T09:54:08.660-0500] {processor.py:161} INFO - Started process (PID=8831) to work on /opt/airflow/dags/ocr_pipeline_dag.py
[2025-11-13T09:54:08.661-0500] {processor.py:830} INFO - Processing file /opt/airflow/dags/ocr_pipeline_dag.py for tasks to queue
[2025-11-13T09:54:08.662-0500] {logging_mixin.py:188} INFO - [2025-11-13T09:54:08.662-0500] {dagbag.py:545} INFO - Filling up the DagBag from /opt/airflow/dags/ocr_pipeline_dag.py
[2025-11-13T09:54:08.680-0500] {logging_mixin.py:188} INFO - 📂 Using project root: /opt/project
[2025-11-13T09:54:08.851-0500] {logging_mixin.py:188} INFO - [2025-11-13T09:54:08.851-0500] {credentials.py:1278} INFO - Found credentials in shared credentials file: ~/.aws/credentials
[2025-11-13T09:54:09.560-0500] {processor.py:840} INFO - DAG(s) 'ocr_pipeline_dag' retrieved from /opt/airflow/dags/ocr_pipeline_dag.py
[2025-11-13T09:54:09.595-0500] {logging_mixin.py:188} INFO - [2025-11-13T09:54:09.595-0500] {dag.py:3089} INFO - Sync 1 DAGs
[2025-11-13T09:54:09.606-0500] {logging_mixin.py:188} INFO - [2025-11-13T09:54:09.606-0500] {dag.py:3947} INFO - Setting next_dagrun for ocr_pipeline_dag to None, run_after=None
[2025-11-13T09:54:09.640-0500] {processor.py:183} INFO - Processing /opt/airflow/dags/ocr_pipeline_dag.py took 0.988 seconds
[2025-11-13T09:54:40.075-0500] {processor.py:161} INFO - Started process (PID=8837) to work on /opt/airflow/dags/ocr_pipeline_dag.py
[2025-11-13T09:54:40.077-0500] {processor.py:830} INFO - Processing file /opt/airflow/dags/ocr_pipeline_dag.py for tasks to queue
[2025-11-13T09:54:40.078-0500] {logging_mixin.py:188} INFO - [2025-11-13T09:54:40.078-0500] {dagbag.py:545} INFO - Filling up the DagBag from /opt/airflow/dags/ocr_pipeline_dag.py
[2025-11-13T09:54:40.095-0500] {logging_mixin.py:188} INFO - 📂 Using project root: /opt/project
[2025-11-13T09:54:40.250-0500] {logging_mixin.py:188} INFO - [2025-11-13T09:54:40.250-0500] {credentials.py:1278} INFO - Found credentials in shared credentials file: ~/.aws/credentials
[2025-11-13T09:54:40.896-0500] {processor.py:840} INFO - DAG(s) 'ocr_pipeline_dag' retrieved from /opt/airflow/dags/ocr_pipeline_dag.py
[2025-11-13T09:54:40.921-0500] {logging_mixin.py:188} INFO - [2025-11-13T09:54:40.920-0500] {dag.py:3089} INFO - Sync 1 DAGs
[2025-11-13T09:54:40.932-0500] {logging_mixin.py:188} INFO - [2025-11-13T09:54:40.931-0500] {dag.py:3947} INFO - Setting next_dagrun for ocr_pipeline_dag to None, run_after=None
[2025-11-13T09:54:40.950-0500] {processor.py:183} INFO - Processing /opt/airflow/dags/ocr_pipeline_dag.py took 0.884 seconds
[2025-11-13T09:55:13.428-0500] {processor.py:161} INFO - Started process (PID=8843) to work on /opt/airflow/dags/ocr_pipeline_dag.py
[2025-11-13T09:55:13.429-0500] {processor.py:830} INFO - Processing file /opt/airflow/dags/ocr_pipeline_dag.py for tasks to queue
[2025-11-13T09:55:13.431-0500] {logging_mixin.py:188} INFO - [2025-11-13T09:55:13.430-0500] {dagbag.py:545} INFO - Filling up the DagBag from /opt/airflow/dags/ocr_pipeline_dag.py
[2025-11-13T09:55:13.448-0500] {logging_mixin.py:188} INFO - 📂 Using project root: /opt/project
[2025-11-13T09:55:13.608-0500] {logging_mixin.py:188} INFO - [2025-11-13T09:55:13.608-0500] {credentials.py:1278} INFO - Found credentials in shared credentials file: ~/.aws/credentials
[2025-11-13T09:55:14.333-0500] {processor.py:840} INFO - DAG(s) 'ocr_pipeline_dag' retrieved from /opt/airflow/dags/ocr_pipeline_dag.py
[2025-11-13T09:55:14.369-0500] {logging_mixin.py:188} INFO - [2025-11-13T09:55:14.369-0500] {dag.py:3089} INFO - Sync 1 DAGs
[2025-11-13T09:55:14.381-0500] {logging_mixin.py:188} INFO - [2025-11-13T09:55:14.381-0500] {dag.py:3947} INFO - Setting next_dagrun for ocr_pipeline_dag to None, run_after=None
[2025-11-13T09:55:14.404-0500] {processor.py:183} INFO - Processing /opt/airflow/dags/ocr_pipeline_dag.py took 0.984 seconds
[2025-11-13T09:55:44.864-0500] {processor.py:161} INFO - Started process (PID=8849) to work on /opt/airflow/dags/ocr_pipeline_dag.py
[2025-11-13T09:55:44.866-0500] {processor.py:830} INFO - Processing file /opt/airflow/dags/ocr_pipeline_dag.py for tasks to queue
[2025-11-13T09:55:44.867-0500] {logging_mixin.py:188} INFO - [2025-11-13T09:55:44.867-0500] {dagbag.py:545} INFO - Filling up the DagBag from /opt/airflow/dags/ocr_pipeline_dag.py
[2025-11-13T09:55:44.888-0500] {logging_mixin.py:188} INFO - 📂 Using project root: /opt/project
[2025-11-13T09:55:45.085-0500] {logging_mixin.py:188} INFO - [2025-11-13T09:55:45.085-0500] {credentials.py:1278} INFO - Found credentials in shared credentials file: ~/.aws/credentials
[2025-11-13T09:55:47.948-0500] {processor.py:840} INFO - DAG(s) 'ocr_pipeline_dag' retrieved from /opt/airflow/dags/ocr_pipeline_dag.py
[2025-11-13T09:55:47.986-0500] {logging_mixin.py:188} INFO - [2025-11-13T09:55:47.985-0500] {dag.py:3089} INFO - Sync 1 DAGs
[2025-11-13T09:55:48.003-0500] {logging_mixin.py:188} INFO - [2025-11-13T09:55:48.002-0500] {dag.py:3947} INFO - Setting next_dagrun for ocr_pipeline_dag to None, run_after=None
[2025-11-13T09:55:48.031-0500] {processor.py:183} INFO - Processing /opt/airflow/dags/ocr_pipeline_dag.py took 1.200 seconds
[2025-11-13T09:56:18.259-0500] {processor.py:161} INFO - Started process (PID=8855) to work on /opt/airflow/dags/ocr_pipeline_dag.py
[2025-11-13T09:56:18.260-0500] {processor.py:830} INFO - Processing file /opt/airflow/dags/ocr_pipeline_dag.py for tasks to queue
[2025-11-13T09:56:18.261-0500] {logging_mixin.py:188} INFO - [2025-11-13T09:56:18.261-0500] {dagbag.py:545} INFO - Filling up the DagBag from /opt/airflow/dags/ocr_pipeline_dag.py
[2025-11-13T09:56:18.276-0500] {logging_mixin.py:188} INFO - 📂 Using project root: /opt/project
[2025-11-13T09:56:18.424-0500] {logging_mixin.py:188} INFO - [2025-11-13T09:56:18.424-0500] {credentials.py:1278} INFO - Found credentials in shared credentials file: ~/.aws/credentials
[2025-11-13T09:56:19.052-0500] {processor.py:840} INFO - DAG(s) 'ocr_pipeline_dag' retrieved from /opt/airflow/dags/ocr_pipeline_dag.py
[2025-11-13T09:56:19.077-0500] {logging_mixin.py:188} INFO - [2025-11-13T09:56:19.076-0500] {dag.py:3089} INFO - Sync 1 DAGs
[2025-11-13T09:56:19.088-0500] {logging_mixin.py:188} INFO - [2025-11-13T09:56:19.088-0500] {dag.py:3947} INFO - Setting next_dagrun for ocr_pipeline_dag to None, run_after=None
[2025-11-13T09:56:19.114-0500] {processor.py:183} INFO - Processing /opt/airflow/dags/ocr_pipeline_dag.py took 0.861 seconds
[2025-11-13T09:56:49.513-0500] {processor.py:161} INFO - Started process (PID=8861) to work on /opt/airflow/dags/ocr_pipeline_dag.py
[2025-11-13T09:56:49.514-0500] {processor.py:830} INFO - Processing file /opt/airflow/dags/ocr_pipeline_dag.py for tasks to queue
[2025-11-13T09:56:49.516-0500] {logging_mixin.py:188} INFO - [2025-11-13T09:56:49.515-0500] {dagbag.py:545} INFO - Filling up the DagBag from /opt/airflow/dags/ocr_pipeline_dag.py
[2025-11-13T09:56:49.539-0500] {logging_mixin.py:188} INFO - 📂 Using project root: /opt/project
[2025-11-13T09:56:49.719-0500] {logging_mixin.py:188} INFO - [2025-11-13T09:56:49.719-0500] {credentials.py:1278} INFO - Found credentials in shared credentials file: ~/.aws/credentials
[2025-11-13T09:56:50.437-0500] {processor.py:840} INFO - DAG(s) 'ocr_pipeline_dag' retrieved from /opt/airflow/dags/ocr_pipeline_dag.py
[2025-11-13T09:56:50.471-0500] {logging_mixin.py:188} INFO - [2025-11-13T09:56:50.470-0500] {dag.py:3089} INFO - Sync 1 DAGs
[2025-11-13T09:56:50.484-0500] {logging_mixin.py:188} INFO - [2025-11-13T09:56:50.484-0500] {dag.py:3947} INFO - Setting next_dagrun for ocr_pipeline_dag to None, run_after=None
[2025-11-13T09:56:50.506-0500] {processor.py:183} INFO - Processing /opt/airflow/dags/ocr_pipeline_dag.py took 1.000 seconds
[2025-11-13T09:57:20.788-0500] {processor.py:161} INFO - Started process (PID=8867) to work on /opt/airflow/dags/ocr_pipeline_dag.py
[2025-11-13T09:57:20.789-0500] {processor.py:830} INFO - Processing file /opt/airflow/dags/ocr_pipeline_dag.py for tasks to queue
[2025-11-13T09:57:20.790-0500] {logging_mixin.py:188} INFO - [2025-11-13T09:57:20.790-0500] {dagbag.py:545} INFO - Filling up the DagBag from /opt/airflow/dags/ocr_pipeline_dag.py
[2025-11-13T09:57:20.806-0500] {logging_mixin.py:188} INFO - 📂 Using project root: /opt/project
[2025-11-13T09:57:20.941-0500] {logging_mixin.py:188} INFO - [2025-11-13T09:57:20.940-0500] {credentials.py:1278} INFO - Found credentials in shared credentials file: ~/.aws/credentials
[2025-11-13T09:57:21.514-0500] {processor.py:840} INFO - DAG(s) 'ocr_pipeline_dag' retrieved from /opt/airflow/dags/ocr_pipeline_dag.py
[2025-11-13T09:57:21.546-0500] {logging_mixin.py:188} INFO - [2025-11-13T09:57:21.546-0500] {dag.py:3089} INFO - Sync 1 DAGs
[2025-11-13T09:57:21.555-0500] {logging_mixin.py:188} INFO - [2025-11-13T09:57:21.555-0500] {dag.py:3947} INFO - Setting next_dagrun for ocr_pipeline_dag to None, run_after=None
[2025-11-13T09:57:21.574-0500] {processor.py:183} INFO - Processing /opt/airflow/dags/ocr_pipeline_dag.py took 0.792 seconds
[2025-11-13T09:57:51.871-0500] {processor.py:161} INFO - Started process (PID=8873) to work on /opt/airflow/dags/ocr_pipeline_dag.py
[2025-11-13T09:57:51.873-0500] {processor.py:830} INFO - Processing file /opt/airflow/dags/ocr_pipeline_dag.py for tasks to queue
[2025-11-13T09:57:51.874-0500] {logging_mixin.py:188} INFO - [2025-11-13T09:57:51.874-0500] {dagbag.py:545} INFO - Filling up the DagBag from /opt/airflow/dags/ocr_pipeline_dag.py
[2025-11-13T09:57:51.893-0500] {logging_mixin.py:188} INFO - 📂 Using project root: /opt/project
[2025-11-13T09:57:52.064-0500] {logging_mixin.py:188} INFO - [2025-11-13T09:57:52.063-0500] {credentials.py:1278} INFO - Found credentials in shared credentials file: ~/.aws/credentials
[2025-11-13T09:57:52.923-0500] {processor.py:840} INFO - DAG(s) 'ocr_pipeline_dag' retrieved from /opt/airflow/dags/ocr_pipeline_dag.py
[2025-11-13T09:57:52.958-0500] {logging_mixin.py:188} INFO - [2025-11-13T09:57:52.958-0500] {dag.py:3089} INFO - Sync 1 DAGs
[2025-11-13T09:57:52.973-0500] {logging_mixin.py:188} INFO - [2025-11-13T09:57:52.972-0500] {dag.py:3947} INFO - Setting next_dagrun for ocr_pipeline_dag to None, run_after=None
[2025-11-13T09:57:52.995-0500] {processor.py:183} INFO - Processing /opt/airflow/dags/ocr_pipeline_dag.py took 1.133 seconds
[2025-11-13T09:58:23.197-0500] {processor.py:161} INFO - Started process (PID=8879) to work on /opt/airflow/dags/ocr_pipeline_dag.py
[2025-11-13T09:58:23.198-0500] {processor.py:830} INFO - Processing file /opt/airflow/dags/ocr_pipeline_dag.py for tasks to queue
[2025-11-13T09:58:23.199-0500] {logging_mixin.py:188} INFO - [2025-11-13T09:58:23.199-0500] {dagbag.py:545} INFO - Filling up the DagBag from /opt/airflow/dags/ocr_pipeline_dag.py
[2025-11-13T09:58:23.213-0500] {logging_mixin.py:188} INFO - 📂 Using project root: /opt/project
[2025-11-13T09:58:23.341-0500] {logging_mixin.py:188} INFO - [2025-11-13T09:58:23.341-0500] {credentials.py:1278} INFO - Found credentials in shared credentials file: ~/.aws/credentials
[2025-11-13T09:58:23.983-0500] {processor.py:840} INFO - DAG(s) 'ocr_pipeline_dag' retrieved from /opt/airflow/dags/ocr_pipeline_dag.py
[2025-11-13T09:58:24.015-0500] {logging_mixin.py:188} INFO - [2025-11-13T09:58:24.015-0500] {dag.py:3089} INFO - Sync 1 DAGs
[2025-11-13T09:58:24.026-0500] {logging_mixin.py:188} INFO - [2025-11-13T09:58:24.025-0500] {dag.py:3947} INFO - Setting next_dagrun for ocr_pipeline_dag to None, run_after=None
[2025-11-13T09:58:24.044-0500] {processor.py:183} INFO - Processing /opt/airflow/dags/ocr_pipeline_dag.py took 0.853 seconds
[2025-11-13T09:58:54.417-0500] {processor.py:161} INFO - Started process (PID=8885) to work on /opt/airflow/dags/ocr_pipeline_dag.py
[2025-11-13T09:58:54.419-0500] {processor.py:830} INFO - Processing file /opt/airflow/dags/ocr_pipeline_dag.py for tasks to queue
[2025-11-13T09:58:54.420-0500] {logging_mixin.py:188} INFO - [2025-11-13T09:58:54.420-0500] {dagbag.py:545} INFO - Filling up the DagBag from /opt/airflow/dags/ocr_pipeline_dag.py
[2025-11-13T09:58:54.433-0500] {logging_mixin.py:188} INFO - 📂 Using project root: /opt/project
[2025-11-13T09:58:54.565-0500] {logging_mixin.py:188} INFO - [2025-11-13T09:58:54.565-0500] {credentials.py:1278} INFO - Found credentials in shared credentials file: ~/.aws/credentials
[2025-11-13T09:58:55.215-0500] {processor.py:840} INFO - DAG(s) 'ocr_pipeline_dag' retrieved from /opt/airflow/dags/ocr_pipeline_dag.py
[2025-11-13T09:58:55.247-0500] {logging_mixin.py:188} INFO - [2025-11-13T09:58:55.246-0500] {dag.py:3089} INFO - Sync 1 DAGs
[2025-11-13T09:58:55.261-0500] {logging_mixin.py:188} INFO - [2025-11-13T09:58:55.261-0500] {dag.py:3947} INFO - Setting next_dagrun for ocr_pipeline_dag to None, run_after=None
[2025-11-13T09:58:55.294-0500] {processor.py:183} INFO - Processing /opt/airflow/dags/ocr_pipeline_dag.py took 0.882 seconds
[2025-11-13T09:59:25.692-0500] {processor.py:161} INFO - Started process (PID=8891) to work on /opt/airflow/dags/ocr_pipeline_dag.py
[2025-11-13T09:59:25.694-0500] {processor.py:830} INFO - Processing file /opt/airflow/dags/ocr_pipeline_dag.py for tasks to queue
[2025-11-13T09:59:25.695-0500] {logging_mixin.py:188} INFO - [2025-11-13T09:59:25.695-0500] {dagbag.py:545} INFO - Filling up the DagBag from /opt/airflow/dags/ocr_pipeline_dag.py
[2025-11-13T09:59:25.707-0500] {logging_mixin.py:188} INFO - 📂 Using project root: /opt/project
[2025-11-13T09:59:25.837-0500] {logging_mixin.py:188} INFO - [2025-11-13T09:59:25.837-0500] {credentials.py:1278} INFO - Found credentials in shared credentials file: ~/.aws/credentials
[2025-11-13T09:59:26.508-0500] {processor.py:840} INFO - DAG(s) 'ocr_pipeline_dag' retrieved from /opt/airflow/dags/ocr_pipeline_dag.py
[2025-11-13T09:59:26.545-0500] {logging_mixin.py:188} INFO - [2025-11-13T09:59:26.545-0500] {dag.py:3089} INFO - Sync 1 DAGs
[2025-11-13T09:59:26.557-0500] {logging_mixin.py:188} INFO - [2025-11-13T09:59:26.557-0500] {dag.py:3947} INFO - Setting next_dagrun for ocr_pipeline_dag to None, run_after=None
[2025-11-13T09:59:26.579-0500] {processor.py:183} INFO - Processing /opt/airflow/dags/ocr_pipeline_dag.py took 0.893 seconds
[2025-11-13T09:59:57.025-0500] {processor.py:161} INFO - Started process (PID=8897) to work on /opt/airflow/dags/ocr_pipeline_dag.py
[2025-11-13T09:59:57.027-0500] {processor.py:830} INFO - Processing file /opt/airflow/dags/ocr_pipeline_dag.py for tasks to queue
[2025-11-13T09:59:57.028-0500] {logging_mixin.py:188} INFO - [2025-11-13T09:59:57.028-0500] {dagbag.py:545} INFO - Filling up the DagBag from /opt/airflow/dags/ocr_pipeline_dag.py
[2025-11-13T09:59:57.042-0500] {logging_mixin.py:188} INFO - 📂 Using project root: /opt/project
[2025-11-13T09:59:57.179-0500] {logging_mixin.py:188} INFO - [2025-11-13T09:59:57.179-0500] {credentials.py:1278} INFO - Found credentials in shared credentials file: ~/.aws/credentials
[2025-11-13T09:59:57.765-0500] {processor.py:840} INFO - DAG(s) 'ocr_pipeline_dag' retrieved from /opt/airflow/dags/ocr_pipeline_dag.py
[2025-11-13T09:59:57.788-0500] {logging_mixin.py:188} INFO - [2025-11-13T09:59:57.787-0500] {dag.py:3089} INFO - Sync 1 DAGs
[2025-11-13T09:59:57.799-0500] {logging_mixin.py:188} INFO - [2025-11-13T09:59:57.798-0500] {dag.py:3947} INFO - Setting next_dagrun for ocr_pipeline_dag to None, run_after=None
[2025-11-13T09:59:57.817-0500] {processor.py:183} INFO - Processing /opt/airflow/dags/ocr_pipeline_dag.py took 0.798 seconds
[2025-11-13T10:00:28.179-0500] {processor.py:161} INFO - Started process (PID=8903) to work on /opt/airflow/dags/ocr_pipeline_dag.py
[2025-11-13T10:00:28.180-0500] {processor.py:830} INFO - Processing file /opt/airflow/dags/ocr_pipeline_dag.py for tasks to queue
[2025-11-13T10:00:28.181-0500] {logging_mixin.py:188} INFO - [2025-11-13T10:00:28.181-0500] {dagbag.py:545} INFO - Filling up the DagBag from /opt/airflow/dags/ocr_pipeline_dag.py
[2025-11-13T10:00:28.197-0500] {logging_mixin.py:188} INFO - 📂 Using project root: /opt/project
[2025-11-13T10:00:28.324-0500] {logging_mixin.py:188} INFO - [2025-11-13T10:00:28.324-0500] {credentials.py:1278} INFO - Found credentials in shared credentials file: ~/.aws/credentials
[2025-11-13T10:00:28.965-0500] {processor.py:840} INFO - DAG(s) 'ocr_pipeline_dag' retrieved from /opt/airflow/dags/ocr_pipeline_dag.py
[2025-11-13T10:00:28.991-0500] {logging_mixin.py:188} INFO - [2025-11-13T10:00:28.991-0500] {dag.py:3089} INFO - Sync 1 DAGs
[2025-11-13T10:00:29.003-0500] {logging_mixin.py:188} INFO - [2025-11-13T10:00:29.002-0500] {dag.py:3947} INFO - Setting next_dagrun for ocr_pipeline_dag to None, run_after=None
[2025-11-13T10:00:29.022-0500] {processor.py:183} INFO - Processing /opt/airflow/dags/ocr_pipeline_dag.py took 0.849 seconds
[2025-11-13T10:00:59.373-0500] {processor.py:161} INFO - Started process (PID=8909) to work on /opt/airflow/dags/ocr_pipeline_dag.py
[2025-11-13T10:00:59.374-0500] {processor.py:830} INFO - Processing file /opt/airflow/dags/ocr_pipeline_dag.py for tasks to queue
[2025-11-13T10:00:59.375-0500] {logging_mixin.py:188} INFO - [2025-11-13T10:00:59.375-0500] {dagbag.py:545} INFO - Filling up the DagBag from /opt/airflow/dags/ocr_pipeline_dag.py
[2025-11-13T10:00:59.390-0500] {logging_mixin.py:188} INFO - 📂 Using project root: /opt/project
[2025-11-13T10:00:59.518-0500] {logging_mixin.py:188} INFO - [2025-11-13T10:00:59.518-0500] {credentials.py:1278} INFO - Found credentials in shared credentials file: ~/.aws/credentials
[2025-11-13T10:01:00.130-0500] {processor.py:840} INFO - DAG(s) 'ocr_pipeline_dag' retrieved from /opt/airflow/dags/ocr_pipeline_dag.py
[2025-11-13T10:01:00.154-0500] {logging_mixin.py:188} INFO - [2025-11-13T10:01:00.153-0500] {dag.py:3089} INFO - Sync 1 DAGs
[2025-11-13T10:01:00.164-0500] {logging_mixin.py:188} INFO - [2025-11-13T10:01:00.164-0500] {dag.py:3947} INFO - Setting next_dagrun for ocr_pipeline_dag to None, run_after=None
[2025-11-13T10:01:00.183-0500] {processor.py:183} INFO - Processing /opt/airflow/dags/ocr_pipeline_dag.py took 0.816 seconds
[2025-11-13T10:01:30.448-0500] {processor.py:161} INFO - Started process (PID=8915) to work on /opt/airflow/dags/ocr_pipeline_dag.py
[2025-11-13T10:01:30.449-0500] {processor.py:830} INFO - Processing file /opt/airflow/dags/ocr_pipeline_dag.py for tasks to queue
[2025-11-13T10:01:30.450-0500] {logging_mixin.py:188} INFO - [2025-11-13T10:01:30.450-0500] {dagbag.py:545} INFO - Filling up the DagBag from /opt/airflow/dags/ocr_pipeline_dag.py
[2025-11-13T10:01:30.464-0500] {logging_mixin.py:188} INFO - 📂 Using project root: /opt/project
[2025-11-13T10:01:30.600-0500] {logging_mixin.py:188} INFO - [2025-11-13T10:01:30.599-0500] {credentials.py:1278} INFO - Found credentials in shared credentials file: ~/.aws/credentials
[2025-11-13T10:01:31.199-0500] {processor.py:840} INFO - DAG(s) 'ocr_pipeline_dag' retrieved from /opt/airflow/dags/ocr_pipeline_dag.py
[2025-11-13T10:01:31.232-0500] {logging_mixin.py:188} INFO - [2025-11-13T10:01:31.232-0500] {dag.py:3089} INFO - Sync 1 DAGs
[2025-11-13T10:01:31.243-0500] {logging_mixin.py:188} INFO - [2025-11-13T10:01:31.242-0500] {dag.py:3947} INFO - Setting next_dagrun for ocr_pipeline_dag to None, run_after=None
[2025-11-13T10:01:31.260-0500] {processor.py:183} INFO - Processing /opt/airflow/dags/ocr_pipeline_dag.py took 0.818 seconds
[2025-11-13T10:02:03.561-0500] {processor.py:161} INFO - Started process (PID=8921) to work on /opt/airflow/dags/ocr_pipeline_dag.py
[2025-11-13T10:02:03.563-0500] {processor.py:830} INFO - Processing file /opt/airflow/dags/ocr_pipeline_dag.py for tasks to queue
[2025-11-13T10:02:03.564-0500] {logging_mixin.py:188} INFO - [2025-11-13T10:02:03.564-0500] {dagbag.py:545} INFO - Filling up the DagBag from /opt/airflow/dags/ocr_pipeline_dag.py
[2025-11-13T10:02:03.579-0500] {logging_mixin.py:188} INFO - 📂 Using project root: /opt/project
[2025-11-13T10:02:03.716-0500] {logging_mixin.py:188} INFO - [2025-11-13T10:02:03.715-0500] {credentials.py:1278} INFO - Found credentials in shared credentials file: ~/.aws/credentials
[2025-11-13T10:02:04.385-0500] {processor.py:840} INFO - DAG(s) 'ocr_pipeline_dag' retrieved from /opt/airflow/dags/ocr_pipeline_dag.py
[2025-11-13T10:02:04.410-0500] {logging_mixin.py:188} INFO - [2025-11-13T10:02:04.410-0500] {dag.py:3089} INFO - Sync 1 DAGs
[2025-11-13T10:02:04.421-0500] {logging_mixin.py:188} INFO - [2025-11-13T10:02:04.421-0500] {dag.py:3947} INFO - Setting next_dagrun for ocr_pipeline_dag to None, run_after=None
[2025-11-13T10:02:04.440-0500] {processor.py:183} INFO - Processing /opt/airflow/dags/ocr_pipeline_dag.py took 0.885 seconds
[2025-11-13T10:02:34.939-0500] {processor.py:161} INFO - Started process (PID=8927) to work on /opt/airflow/dags/ocr_pipeline_dag.py
[2025-11-13T10:02:34.940-0500] {processor.py:830} INFO - Processing file /opt/airflow/dags/ocr_pipeline_dag.py for tasks to queue
[2025-11-13T10:02:34.942-0500] {logging_mixin.py:188} INFO - [2025-11-13T10:02:34.941-0500] {dagbag.py:545} INFO - Filling up the DagBag from /opt/airflow/dags/ocr_pipeline_dag.py
[2025-11-13T10:02:34.958-0500] {logging_mixin.py:188} INFO - 📂 Using project root: /opt/project
[2025-11-13T10:02:36.895-0500] {logging_mixin.py:188} INFO - [2025-11-13T10:02:36.895-0500] {credentials.py:1278} INFO - Found credentials in shared credentials file: ~/.aws/credentials
[2025-11-13T10:02:37.592-0500] {processor.py:840} INFO - DAG(s) 'ocr_pipeline_dag' retrieved from /opt/airflow/dags/ocr_pipeline_dag.py
[2025-11-13T10:02:37.643-0500] {logging_mixin.py:188} INFO - [2025-11-13T10:02:37.643-0500] {dag.py:3089} INFO - Sync 1 DAGs
[2025-11-13T10:02:37.656-0500] {logging_mixin.py:188} INFO - [2025-11-13T10:02:37.656-0500] {dag.py:3947} INFO - Setting next_dagrun for ocr_pipeline_dag to None, run_after=None
[2025-11-13T10:02:37.675-0500] {processor.py:183} INFO - Processing /opt/airflow/dags/ocr_pipeline_dag.py took 0.954 seconds
[2025-11-13T10:03:08.183-0500] {processor.py:161} INFO - Started process (PID=8933) to work on /opt/airflow/dags/ocr_pipeline_dag.py
[2025-11-13T10:03:08.184-0500] {processor.py:830} INFO - Processing file /opt/airflow/dags/ocr_pipeline_dag.py for tasks to queue
[2025-11-13T10:03:08.186-0500] {logging_mixin.py:188} INFO - [2025-11-13T10:03:08.186-0500] {dagbag.py:545} INFO - Filling up the DagBag from /opt/airflow/dags/ocr_pipeline_dag.py
[2025-11-13T10:03:08.206-0500] {logging_mixin.py:188} INFO - 📂 Using project root: /opt/project
[2025-11-13T10:03:08.430-0500] {logging_mixin.py:188} INFO - [2025-11-13T10:03:08.429-0500] {credentials.py:1278} INFO - Found credentials in shared credentials file: ~/.aws/credentials
[2025-11-13T10:03:11.095-0500] {processor.py:840} INFO - DAG(s) 'ocr_pipeline_dag' retrieved from /opt/airflow/dags/ocr_pipeline_dag.py
[2025-11-13T10:03:11.134-0500] {logging_mixin.py:188} INFO - [2025-11-13T10:03:11.133-0500] {dag.py:3089} INFO - Sync 1 DAGs
[2025-11-13T10:03:11.151-0500] {logging_mixin.py:188} INFO - [2025-11-13T10:03:11.150-0500] {dag.py:3947} INFO - Setting next_dagrun for ocr_pipeline_dag to None, run_after=None
[2025-11-13T10:03:11.178-0500] {processor.py:183} INFO - Processing /opt/airflow/dags/ocr_pipeline_dag.py took 1.235 seconds
[2025-11-13T10:03:41.544-0500] {processor.py:161} INFO - Started process (PID=8939) to work on /opt/airflow/dags/ocr_pipeline_dag.py
[2025-11-13T10:03:41.546-0500] {processor.py:830} INFO - Processing file /opt/airflow/dags/ocr_pipeline_dag.py for tasks to queue
[2025-11-13T10:03:41.547-0500] {logging_mixin.py:188} INFO - [2025-11-13T10:03:41.547-0500] {dagbag.py:545} INFO - Filling up the DagBag from /opt/airflow/dags/ocr_pipeline_dag.py
[2025-11-13T10:03:41.567-0500] {logging_mixin.py:188} INFO - 📂 Using project root: /opt/project
[2025-11-13T10:03:41.721-0500] {logging_mixin.py:188} INFO - [2025-11-13T10:03:41.721-0500] {credentials.py:1278} INFO - Found credentials in shared credentials file: ~/.aws/credentials
[2025-11-13T10:03:42.346-0500] {processor.py:840} INFO - DAG(s) 'ocr_pipeline_dag' retrieved from /opt/airflow/dags/ocr_pipeline_dag.py
[2025-11-13T10:03:42.372-0500] {logging_mixin.py:188} INFO - [2025-11-13T10:03:42.372-0500] {dag.py:3089} INFO - Sync 1 DAGs
[2025-11-13T10:03:42.384-0500] {logging_mixin.py:188} INFO - [2025-11-13T10:03:42.383-0500] {dag.py:3947} INFO - Setting next_dagrun for ocr_pipeline_dag to None, run_after=None
[2025-11-13T10:03:42.404-0500] {processor.py:183} INFO - Processing /opt/airflow/dags/ocr_pipeline_dag.py took 0.866 seconds
[2025-11-13T10:04:12.821-0500] {processor.py:161} INFO - Started process (PID=8945) to work on /opt/airflow/dags/ocr_pipeline_dag.py
[2025-11-13T10:04:12.822-0500] {processor.py:830} INFO - Processing file /opt/airflow/dags/ocr_pipeline_dag.py for tasks to queue
[2025-11-13T10:04:12.823-0500] {logging_mixin.py:188} INFO - [2025-11-13T10:04:12.822-0500] {dagbag.py:545} INFO - Filling up the DagBag from /opt/airflow/dags/ocr_pipeline_dag.py
[2025-11-13T10:04:12.841-0500] {logging_mixin.py:188} INFO - 📂 Using project root: /opt/project
[2025-11-13T10:04:13.003-0500] {logging_mixin.py:188} INFO - [2025-11-13T10:04:13.003-0500] {credentials.py:1278} INFO - Found credentials in shared credentials file: ~/.aws/credentials
[2025-11-13T10:04:13.690-0500] {processor.py:840} INFO - DAG(s) 'ocr_pipeline_dag' retrieved from /opt/airflow/dags/ocr_pipeline_dag.py
[2025-11-13T10:04:13.717-0500] {logging_mixin.py:188} INFO - [2025-11-13T10:04:13.716-0500] {dag.py:3089} INFO - Sync 1 DAGs
[2025-11-13T10:04:13.729-0500] {logging_mixin.py:188} INFO - [2025-11-13T10:04:13.729-0500] {dag.py:3947} INFO - Setting next_dagrun for ocr_pipeline_dag to None, run_after=None
[2025-11-13T10:04:13.749-0500] {processor.py:183} INFO - Processing /opt/airflow/dags/ocr_pipeline_dag.py took 0.936 seconds
[2025-11-13T10:04:43.900-0500] {processor.py:161} INFO - Started process (PID=8951) to work on /opt/airflow/dags/ocr_pipeline_dag.py
[2025-11-13T10:04:43.901-0500] {processor.py:830} INFO - Processing file /opt/airflow/dags/ocr_pipeline_dag.py for tasks to queue
[2025-11-13T10:04:43.902-0500] {logging_mixin.py:188} INFO - [2025-11-13T10:04:43.902-0500] {dagbag.py:545} INFO - Filling up the DagBag from /opt/airflow/dags/ocr_pipeline_dag.py
[2025-11-13T10:04:43.916-0500] {logging_mixin.py:188} INFO - 📂 Using project root: /opt/project
[2025-11-13T10:04:44.046-0500] {logging_mixin.py:188} INFO - [2025-11-13T10:04:44.046-0500] {credentials.py:1278} INFO - Found credentials in shared credentials file: ~/.aws/credentials
[2025-11-13T10:04:44.628-0500] {processor.py:840} INFO - DAG(s) 'ocr_pipeline_dag' retrieved from /opt/airflow/dags/ocr_pipeline_dag.py
[2025-11-13T10:04:44.650-0500] {logging_mixin.py:188} INFO - [2025-11-13T10:04:44.650-0500] {dag.py:3089} INFO - Sync 1 DAGs
[2025-11-13T10:04:44.660-0500] {logging_mixin.py:188} INFO - [2025-11-13T10:04:44.660-0500] {dag.py:3947} INFO - Setting next_dagrun for ocr_pipeline_dag to None, run_after=None
[2025-11-13T10:04:44.708-0500] {processor.py:183} INFO - Processing /opt/airflow/dags/ocr_pipeline_dag.py took 0.813 seconds
[2025-11-13T10:05:14.932-0500] {processor.py:161} INFO - Started process (PID=8957) to work on /opt/airflow/dags/ocr_pipeline_dag.py
[2025-11-13T10:05:14.934-0500] {processor.py:830} INFO - Processing file /opt/airflow/dags/ocr_pipeline_dag.py for tasks to queue
[2025-11-13T10:05:14.935-0500] {logging_mixin.py:188} INFO - [2025-11-13T10:05:14.935-0500] {dagbag.py:545} INFO - Filling up the DagBag from /opt/airflow/dags/ocr_pipeline_dag.py
[2025-11-13T10:05:14.955-0500] {logging_mixin.py:188} INFO - 📂 Using project root: /opt/project
[2025-11-13T10:05:15.135-0500] {logging_mixin.py:188} INFO - [2025-11-13T10:05:15.134-0500] {credentials.py:1278} INFO - Found credentials in shared credentials file: ~/.aws/credentials
[2025-11-13T10:05:15.860-0500] {processor.py:840} INFO - DAG(s) 'ocr_pipeline_dag' retrieved from /opt/airflow/dags/ocr_pipeline_dag.py
[2025-11-13T10:05:15.890-0500] {logging_mixin.py:188} INFO - [2025-11-13T10:05:15.889-0500] {dag.py:3089} INFO - Sync 1 DAGs
[2025-11-13T10:05:15.903-0500] {logging_mixin.py:188} INFO - [2025-11-13T10:05:15.903-0500] {dag.py:3947} INFO - Setting next_dagrun for ocr_pipeline_dag to None, run_after=None
[2025-11-13T10:05:15.931-0500] {processor.py:183} INFO - Processing /opt/airflow/dags/ocr_pipeline_dag.py took 1.006 seconds
[2025-11-13T10:05:46.930-0500] {processor.py:161} INFO - Started process (PID=8963) to work on /opt/airflow/dags/ocr_pipeline_dag.py
[2025-11-13T10:05:46.932-0500] {processor.py:830} INFO - Processing file /opt/airflow/dags/ocr_pipeline_dag.py for tasks to queue
[2025-11-13T10:05:46.933-0500] {logging_mixin.py:188} INFO - [2025-11-13T10:05:46.933-0500] {dagbag.py:545} INFO - Filling up the DagBag from /opt/airflow/dags/ocr_pipeline_dag.py
[2025-11-13T10:05:46.951-0500] {logging_mixin.py:188} INFO - 📂 Using project root: /opt/project
[2025-11-13T10:05:47.093-0500] {logging_mixin.py:188} INFO - [2025-11-13T10:05:47.093-0500] {credentials.py:1278} INFO - Found credentials in shared credentials file: ~/.aws/credentials
[2025-11-13T10:05:47.660-0500] {processor.py:840} INFO - DAG(s) 'ocr_pipeline_dag' retrieved from /opt/airflow/dags/ocr_pipeline_dag.py
[2025-11-13T10:05:47.682-0500] {logging_mixin.py:188} INFO - [2025-11-13T10:05:47.682-0500] {dag.py:3089} INFO - Sync 1 DAGs
[2025-11-13T10:05:47.711-0500] {logging_mixin.py:188} INFO - [2025-11-13T10:05:47.710-0500] {dag.py:3947} INFO - Setting next_dagrun for ocr_pipeline_dag to None, run_after=None
[2025-11-13T10:05:47.750-0500] {processor.py:183} INFO - Processing /opt/airflow/dags/ocr_pipeline_dag.py took 0.826 seconds
[2025-11-13T10:06:18.693-0500] {processor.py:161} INFO - Started process (PID=8969) to work on /opt/airflow/dags/ocr_pipeline_dag.py
[2025-11-13T10:06:18.695-0500] {processor.py:830} INFO - Processing file /opt/airflow/dags/ocr_pipeline_dag.py for tasks to queue
[2025-11-13T10:06:18.696-0500] {logging_mixin.py:188} INFO - [2025-11-13T10:06:18.696-0500] {dagbag.py:545} INFO - Filling up the DagBag from /opt/airflow/dags/ocr_pipeline_dag.py
[2025-11-13T10:06:18.713-0500] {logging_mixin.py:188} INFO - 📂 Using project root: /opt/project
[2025-11-13T10:06:18.888-0500] {logging_mixin.py:188} INFO - [2025-11-13T10:06:18.887-0500] {credentials.py:1278} INFO - Found credentials in shared credentials file: ~/.aws/credentials
[2025-11-13T10:06:19.746-0500] {processor.py:840} INFO - DAG(s) 'ocr_pipeline_dag' retrieved from /opt/airflow/dags/ocr_pipeline_dag.py
[2025-11-13T10:06:19.774-0500] {logging_mixin.py:188} INFO - [2025-11-13T10:06:19.773-0500] {dag.py:3089} INFO - Sync 1 DAGs
[2025-11-13T10:06:19.787-0500] {logging_mixin.py:188} INFO - [2025-11-13T10:06:19.787-0500] {dag.py:3947} INFO - Setting next_dagrun for ocr_pipeline_dag to None, run_after=None
[2025-11-13T10:06:19.808-0500] {processor.py:183} INFO - Processing /opt/airflow/dags/ocr_pipeline_dag.py took 1.122 seconds
[2025-11-13T10:06:50.831-0500] {processor.py:161} INFO - Started process (PID=8975) to work on /opt/airflow/dags/ocr_pipeline_dag.py
[2025-11-13T10:06:50.833-0500] {processor.py:830} INFO - Processing file /opt/airflow/dags/ocr_pipeline_dag.py for tasks to queue
[2025-11-13T10:06:50.834-0500] {logging_mixin.py:188} INFO - [2025-11-13T10:06:50.834-0500] {dagbag.py:545} INFO - Filling up the DagBag from /opt/airflow/dags/ocr_pipeline_dag.py
[2025-11-13T10:06:50.859-0500] {logging_mixin.py:188} INFO - 📂 Using project root: /opt/project
[2025-11-13T10:06:50.996-0500] {logging_mixin.py:188} INFO - [2025-11-13T10:06:50.996-0500] {credentials.py:1278} INFO - Found credentials in shared credentials file: ~/.aws/credentials
[2025-11-13T10:06:51.616-0500] {processor.py:840} INFO - DAG(s) 'ocr_pipeline_dag' retrieved from /opt/airflow/dags/ocr_pipeline_dag.py
[2025-11-13T10:06:51.639-0500] {logging_mixin.py:188} INFO - [2025-11-13T10:06:51.639-0500] {dag.py:3089} INFO - Sync 1 DAGs
[2025-11-13T10:06:51.650-0500] {logging_mixin.py:188} INFO - [2025-11-13T10:06:51.650-0500] {dag.py:3947} INFO - Setting next_dagrun for ocr_pipeline_dag to None, run_after=None
[2025-11-13T10:06:51.670-0500] {processor.py:183} INFO - Processing /opt/airflow/dags/ocr_pipeline_dag.py took 0.845 seconds
[2025-11-13T10:07:21.789-0500] {processor.py:161} INFO - Started process (PID=8981) to work on /opt/airflow/dags/ocr_pipeline_dag.py
[2025-11-13T10:07:21.790-0500] {processor.py:830} INFO - Processing file /opt/airflow/dags/ocr_pipeline_dag.py for tasks to queue
[2025-11-13T10:07:21.791-0500] {logging_mixin.py:188} INFO - [2025-11-13T10:07:21.791-0500] {dagbag.py:545} INFO - Filling up the DagBag from /opt/airflow/dags/ocr_pipeline_dag.py
[2025-11-13T10:07:21.809-0500] {logging_mixin.py:188} INFO - 📂 Using project root: /opt/project
[2025-11-13T10:07:22.000-0500] {logging_mixin.py:188} INFO - [2025-11-13T10:07:21.999-0500] {credentials.py:1278} INFO - Found credentials in shared credentials file: ~/.aws/credentials
[2025-11-13T10:07:22.873-0500] {processor.py:840} INFO - DAG(s) 'ocr_pipeline_dag' retrieved from /opt/airflow/dags/ocr_pipeline_dag.py
[2025-11-13T10:07:22.916-0500] {logging_mixin.py:188} INFO - [2025-11-13T10:07:22.915-0500] {dag.py:3089} INFO - Sync 1 DAGs
[2025-11-13T10:07:22.930-0500] {logging_mixin.py:188} INFO - [2025-11-13T10:07:22.930-0500] {dag.py:3947} INFO - Setting next_dagrun for ocr_pipeline_dag to None, run_after=None
[2025-11-13T10:07:22.955-0500] {processor.py:183} INFO - Processing /opt/airflow/dags/ocr_pipeline_dag.py took 1.175 seconds
[2025-11-13T10:07:53.027-0500] {processor.py:161} INFO - Started process (PID=8987) to work on /opt/airflow/dags/ocr_pipeline_dag.py
[2025-11-13T10:07:53.029-0500] {processor.py:830} INFO - Processing file /opt/airflow/dags/ocr_pipeline_dag.py for tasks to queue
[2025-11-13T10:07:53.030-0500] {logging_mixin.py:188} INFO - [2025-11-13T10:07:53.030-0500] {dagbag.py:545} INFO - Filling up the DagBag from /opt/airflow/dags/ocr_pipeline_dag.py
[2025-11-13T10:07:53.047-0500] {logging_mixin.py:188} INFO - 📂 Using project root: /opt/project
[2025-11-13T10:07:53.197-0500] {logging_mixin.py:188} INFO - [2025-11-13T10:07:53.197-0500] {credentials.py:1278} INFO - Found credentials in shared credentials file: ~/.aws/credentials
[2025-11-13T10:07:53.757-0500] {processor.py:840} INFO - DAG(s) 'ocr_pipeline_dag' retrieved from /opt/airflow/dags/ocr_pipeline_dag.py
[2025-11-13T10:07:53.786-0500] {logging_mixin.py:188} INFO - [2025-11-13T10:07:53.786-0500] {dag.py:3089} INFO - Sync 1 DAGs
[2025-11-13T10:07:53.796-0500] {logging_mixin.py:188} INFO - [2025-11-13T10:07:53.796-0500] {dag.py:3947} INFO - Setting next_dagrun for ocr_pipeline_dag to None, run_after=None
[2025-11-13T10:07:53.813-0500] {processor.py:183} INFO - Processing /opt/airflow/dags/ocr_pipeline_dag.py took 0.792 seconds
[2025-11-13T10:08:23.912-0500] {processor.py:161} INFO - Started process (PID=8993) to work on /opt/airflow/dags/ocr_pipeline_dag.py
[2025-11-13T10:08:23.914-0500] {processor.py:830} INFO - Processing file /opt/airflow/dags/ocr_pipeline_dag.py for tasks to queue
[2025-11-13T10:08:23.915-0500] {logging_mixin.py:188} INFO - [2025-11-13T10:08:23.915-0500] {dagbag.py:545} INFO - Filling up the DagBag from /opt/airflow/dags/ocr_pipeline_dag.py
[2025-11-13T10:08:23.931-0500] {logging_mixin.py:188} INFO - 📂 Using project root: /opt/project
[2025-11-13T10:08:24.085-0500] {logging_mixin.py:188} INFO - [2025-11-13T10:08:24.085-0500] {credentials.py:1278} INFO - Found credentials in shared credentials file: ~/.aws/credentials
[2025-11-13T10:08:24.751-0500] {processor.py:840} INFO - DAG(s) 'ocr_pipeline_dag' retrieved from /opt/airflow/dags/ocr_pipeline_dag.py
[2025-11-13T10:08:24.787-0500] {logging_mixin.py:188} INFO - [2025-11-13T10:08:24.786-0500] {dag.py:3089} INFO - Sync 1 DAGs
[2025-11-13T10:08:24.804-0500] {logging_mixin.py:188} INFO - [2025-11-13T10:08:24.804-0500] {dag.py:3947} INFO - Setting next_dagrun for ocr_pipeline_dag to None, run_after=None
[2025-11-13T10:08:24.840-0500] {processor.py:183} INFO - Processing /opt/airflow/dags/ocr_pipeline_dag.py took 0.936 seconds
[2025-11-13T10:08:55.018-0500] {processor.py:161} INFO - Started process (PID=8999) to work on /opt/airflow/dags/ocr_pipeline_dag.py
[2025-11-13T10:08:55.019-0500] {processor.py:830} INFO - Processing file /opt/airflow/dags/ocr_pipeline_dag.py for tasks to queue
[2025-11-13T10:08:55.021-0500] {logging_mixin.py:188} INFO - [2025-11-13T10:08:55.020-0500] {dagbag.py:545} INFO - Filling up the DagBag from /opt/airflow/dags/ocr_pipeline_dag.py
[2025-11-13T10:08:55.035-0500] {logging_mixin.py:188} INFO - 📂 Using project root: /opt/project
[2025-11-13T10:08:55.187-0500] {logging_mixin.py:188} INFO - [2025-11-13T10:08:55.187-0500] {credentials.py:1278} INFO - Found credentials in shared credentials file: ~/.aws/credentials
[2025-11-13T10:08:55.769-0500] {processor.py:840} INFO - DAG(s) 'ocr_pipeline_dag' retrieved from /opt/airflow/dags/ocr_pipeline_dag.py
[2025-11-13T10:08:55.794-0500] {logging_mixin.py:188} INFO - [2025-11-13T10:08:55.794-0500] {dag.py:3089} INFO - Sync 1 DAGs
[2025-11-13T10:08:55.804-0500] {logging_mixin.py:188} INFO - [2025-11-13T10:08:55.804-0500] {dag.py:3947} INFO - Setting next_dagrun for ocr_pipeline_dag to None, run_after=None
[2025-11-13T10:08:55.825-0500] {processor.py:183} INFO - Processing /opt/airflow/dags/ocr_pipeline_dag.py took 0.813 seconds
[2025-11-13T10:09:26.071-0500] {processor.py:161} INFO - Started process (PID=9005) to work on /opt/airflow/dags/ocr_pipeline_dag.py
[2025-11-13T10:09:26.073-0500] {processor.py:830} INFO - Processing file /opt/airflow/dags/ocr_pipeline_dag.py for tasks to queue
[2025-11-13T10:09:26.074-0500] {logging_mixin.py:188} INFO - [2025-11-13T10:09:26.074-0500] {dagbag.py:545} INFO - Filling up the DagBag from /opt/airflow/dags/ocr_pipeline_dag.py
[2025-11-13T10:09:26.088-0500] {logging_mixin.py:188} INFO - 📂 Using project root: /opt/project
[2025-11-13T10:09:26.264-0500] {logging_mixin.py:188} INFO - [2025-11-13T10:09:26.264-0500] {credentials.py:1278} INFO - Found credentials in shared credentials file: ~/.aws/credentials
[2025-11-13T10:09:26.991-0500] {processor.py:840} INFO - DAG(s) 'ocr_pipeline_dag' retrieved from /opt/airflow/dags/ocr_pipeline_dag.py
[2025-11-13T10:09:27.014-0500] {logging_mixin.py:188} INFO - [2025-11-13T10:09:27.013-0500] {dag.py:3089} INFO - Sync 1 DAGs
[2025-11-13T10:09:27.026-0500] {logging_mixin.py:188} INFO - [2025-11-13T10:09:27.026-0500] {dag.py:3947} INFO - Setting next_dagrun for ocr_pipeline_dag to None, run_after=None
[2025-11-13T10:09:27.046-0500] {processor.py:183} INFO - Processing /opt/airflow/dags/ocr_pipeline_dag.py took 0.982 seconds
[2025-11-13T10:09:58.582-0500] {processor.py:161} INFO - Started process (PID=9011) to work on /opt/airflow/dags/ocr_pipeline_dag.py
[2025-11-13T10:09:58.584-0500] {processor.py:830} INFO - Processing file /opt/airflow/dags/ocr_pipeline_dag.py for tasks to queue
[2025-11-13T10:09:58.586-0500] {logging_mixin.py:188} INFO - [2025-11-13T10:09:58.585-0500] {dagbag.py:545} INFO - Filling up the DagBag from /opt/airflow/dags/ocr_pipeline_dag.py
[2025-11-13T10:09:58.603-0500] {logging_mixin.py:188} INFO - 📂 Using project root: /opt/project
[2025-11-13T10:09:58.772-0500] {logging_mixin.py:188} INFO - [2025-11-13T10:09:58.772-0500] {credentials.py:1278} INFO - Found credentials in shared credentials file: ~/.aws/credentials
[2025-11-13T10:09:59.407-0500] {processor.py:840} INFO - DAG(s) 'ocr_pipeline_dag' retrieved from /opt/airflow/dags/ocr_pipeline_dag.py
[2025-11-13T10:09:59.434-0500] {logging_mixin.py:188} INFO - [2025-11-13T10:09:59.433-0500] {dag.py:3089} INFO - Sync 1 DAGs
[2025-11-13T10:09:59.448-0500] {logging_mixin.py:188} INFO - [2025-11-13T10:09:59.448-0500] {dag.py:3947} INFO - Setting next_dagrun for ocr_pipeline_dag to None, run_after=None
[2025-11-13T10:09:59.470-0500] {processor.py:183} INFO - Processing /opt/airflow/dags/ocr_pipeline_dag.py took 0.895 seconds
[2025-11-13T10:10:29.960-0500] {processor.py:161} INFO - Started process (PID=9017) to work on /opt/airflow/dags/ocr_pipeline_dag.py
[2025-11-13T10:10:29.962-0500] {processor.py:830} INFO - Processing file /opt/airflow/dags/ocr_pipeline_dag.py for tasks to queue
[2025-11-13T10:10:29.963-0500] {logging_mixin.py:188} INFO - [2025-11-13T10:10:29.963-0500] {dagbag.py:545} INFO - Filling up the DagBag from /opt/airflow/dags/ocr_pipeline_dag.py
[2025-11-13T10:10:29.978-0500] {logging_mixin.py:188} INFO - 📂 Using project root: /opt/project
[2025-11-13T10:10:30.130-0500] {logging_mixin.py:188} INFO - [2025-11-13T10:10:30.129-0500] {credentials.py:1278} INFO - Found credentials in shared credentials file: ~/.aws/credentials
[2025-11-13T10:10:32.416-0500] {processor.py:840} INFO - DAG(s) 'ocr_pipeline_dag' retrieved from /opt/airflow/dags/ocr_pipeline_dag.py
[2025-11-13T10:10:32.443-0500] {logging_mixin.py:188} INFO - [2025-11-13T10:10:32.443-0500] {dag.py:3089} INFO - Sync 1 DAGs
[2025-11-13T10:10:32.455-0500] {logging_mixin.py:188} INFO - [2025-11-13T10:10:32.455-0500] {dag.py:3947} INFO - Setting next_dagrun for ocr_pipeline_dag to None, run_after=None
[2025-11-13T10:10:32.477-0500] {processor.py:183} INFO - Processing /opt/airflow/dags/ocr_pipeline_dag.py took 0.854 seconds
[2025-11-13T10:11:02.873-0500] {processor.py:161} INFO - Started process (PID=9023) to work on /opt/airflow/dags/ocr_pipeline_dag.py
[2025-11-13T10:11:02.875-0500] {processor.py:830} INFO - Processing file /opt/airflow/dags/ocr_pipeline_dag.py for tasks to queue
[2025-11-13T10:11:02.876-0500] {logging_mixin.py:188} INFO - [2025-11-13T10:11:02.875-0500] {dagbag.py:545} INFO - Filling up the DagBag from /opt/airflow/dags/ocr_pipeline_dag.py
[2025-11-13T10:11:02.891-0500] {logging_mixin.py:188} INFO - 📂 Using project root: /opt/project
[2025-11-13T10:11:03.038-0500] {logging_mixin.py:188} INFO - [2025-11-13T10:11:03.037-0500] {credentials.py:1278} INFO - Found credentials in shared credentials file: ~/.aws/credentials
[2025-11-13T10:11:03.650-0500] {processor.py:840} INFO - DAG(s) 'ocr_pipeline_dag' retrieved from /opt/airflow/dags/ocr_pipeline_dag.py
[2025-11-13T10:11:03.682-0500] {logging_mixin.py:188} INFO - [2025-11-13T10:11:03.681-0500] {dag.py:3089} INFO - Sync 1 DAGs
[2025-11-13T10:11:03.696-0500] {logging_mixin.py:188} INFO - [2025-11-13T10:11:03.696-0500] {dag.py:3947} INFO - Setting next_dagrun for ocr_pipeline_dag to None, run_after=None
[2025-11-13T10:11:03.720-0500] {processor.py:183} INFO - Processing /opt/airflow/dags/ocr_pipeline_dag.py took 0.853 seconds
[2025-11-13T10:11:33.831-0500] {processor.py:161} INFO - Started process (PID=9029) to work on /opt/airflow/dags/ocr_pipeline_dag.py
[2025-11-13T10:11:33.833-0500] {processor.py:830} INFO - Processing file /opt/airflow/dags/ocr_pipeline_dag.py for tasks to queue
[2025-11-13T10:11:33.834-0500] {logging_mixin.py:188} INFO - [2025-11-13T10:11:33.834-0500] {dagbag.py:545} INFO - Filling up the DagBag from /opt/airflow/dags/ocr_pipeline_dag.py
[2025-11-13T10:11:33.849-0500] {logging_mixin.py:188} INFO - 📂 Using project root: /opt/project
[2025-11-13T10:11:33.981-0500] {logging_mixin.py:188} INFO - [2025-11-13T10:11:33.980-0500] {credentials.py:1278} INFO - Found credentials in shared credentials file: ~/.aws/credentials
[2025-11-13T10:11:34.559-0500] {processor.py:840} INFO - DAG(s) 'ocr_pipeline_dag' retrieved from /opt/airflow/dags/ocr_pipeline_dag.py
[2025-11-13T10:11:34.586-0500] {logging_mixin.py:188} INFO - [2025-11-13T10:11:34.586-0500] {dag.py:3089} INFO - Sync 1 DAGs
[2025-11-13T10:11:34.600-0500] {logging_mixin.py:188} INFO - [2025-11-13T10:11:34.599-0500] {dag.py:3947} INFO - Setting next_dagrun for ocr_pipeline_dag to None, run_after=None
[2025-11-13T10:11:34.624-0500] {processor.py:183} INFO - Processing /opt/airflow/dags/ocr_pipeline_dag.py took 0.799 seconds
[2025-11-13T10:12:05.098-0500] {processor.py:161} INFO - Started process (PID=9035) to work on /opt/airflow/dags/ocr_pipeline_dag.py
[2025-11-13T10:12:05.099-0500] {processor.py:830} INFO - Processing file /opt/airflow/dags/ocr_pipeline_dag.py for tasks to queue
[2025-11-13T10:12:05.101-0500] {logging_mixin.py:188} INFO - [2025-11-13T10:12:05.100-0500] {dagbag.py:545} INFO - Filling up the DagBag from /opt/airflow/dags/ocr_pipeline_dag.py
[2025-11-13T10:12:05.118-0500] {logging_mixin.py:188} INFO - 📂 Using project root: /opt/project
[2025-11-13T10:12:05.250-0500] {logging_mixin.py:188} INFO - [2025-11-13T10:12:05.250-0500] {credentials.py:1278} INFO - Found credentials in shared credentials file: ~/.aws/credentials
[2025-11-13T10:12:05.864-0500] {processor.py:840} INFO - DAG(s) 'ocr_pipeline_dag' retrieved from /opt/airflow/dags/ocr_pipeline_dag.py
[2025-11-13T10:12:05.888-0500] {logging_mixin.py:188} INFO - [2025-11-13T10:12:05.888-0500] {dag.py:3089} INFO - Sync 1 DAGs
[2025-11-13T10:12:05.899-0500] {logging_mixin.py:188} INFO - [2025-11-13T10:12:05.898-0500] {dag.py:3947} INFO - Setting next_dagrun for ocr_pipeline_dag to None, run_after=None
[2025-11-13T10:12:05.917-0500] {processor.py:183} INFO - Processing /opt/airflow/dags/ocr_pipeline_dag.py took 0.826 seconds
[2025-11-13T10:12:36.126-0500] {processor.py:161} INFO - Started process (PID=9041) to work on /opt/airflow/dags/ocr_pipeline_dag.py
[2025-11-13T10:12:36.127-0500] {processor.py:830} INFO - Processing file /opt/airflow/dags/ocr_pipeline_dag.py for tasks to queue
[2025-11-13T10:12:36.128-0500] {logging_mixin.py:188} INFO - [2025-11-13T10:12:36.128-0500] {dagbag.py:545} INFO - Filling up the DagBag from /opt/airflow/dags/ocr_pipeline_dag.py
[2025-11-13T10:12:36.144-0500] {logging_mixin.py:188} INFO - 📂 Using project root: /opt/project
[2025-11-13T10:12:36.283-0500] {logging_mixin.py:188} INFO - [2025-11-13T10:12:36.283-0500] {credentials.py:1278} INFO - Found credentials in shared credentials file: ~/.aws/credentials
[2025-11-13T10:12:36.850-0500] {processor.py:840} INFO - DAG(s) 'ocr_pipeline_dag' retrieved from /opt/airflow/dags/ocr_pipeline_dag.py
[2025-11-13T10:12:36.873-0500] {logging_mixin.py:188} INFO - [2025-11-13T10:12:36.873-0500] {dag.py:3089} INFO - Sync 1 DAGs
[2025-11-13T10:12:36.884-0500] {logging_mixin.py:188} INFO - [2025-11-13T10:12:36.884-0500] {dag.py:3947} INFO - Setting next_dagrun for ocr_pipeline_dag to None, run_after=None
[2025-11-13T10:12:36.901-0500] {processor.py:183} INFO - Processing /opt/airflow/dags/ocr_pipeline_dag.py took 0.781 seconds
[2025-11-13T10:13:07.016-0500] {processor.py:161} INFO - Started process (PID=9047) to work on /opt/airflow/dags/ocr_pipeline_dag.py
[2025-11-13T10:13:07.017-0500] {processor.py:830} INFO - Processing file /opt/airflow/dags/ocr_pipeline_dag.py for tasks to queue
[2025-11-13T10:13:07.018-0500] {logging_mixin.py:188} INFO - [2025-11-13T10:13:07.018-0500] {dagbag.py:545} INFO - Filling up the DagBag from /opt/airflow/dags/ocr_pipeline_dag.py
[2025-11-13T10:13:07.034-0500] {logging_mixin.py:188} INFO - 📂 Using project root: /opt/project
[2025-11-13T10:13:07.173-0500] {logging_mixin.py:188} INFO - [2025-11-13T10:13:07.173-0500] {credentials.py:1278} INFO - Found credentials in shared credentials file: ~/.aws/credentials
[2025-11-13T10:13:07.763-0500] {processor.py:840} INFO - DAG(s) 'ocr_pipeline_dag' retrieved from /opt/airflow/dags/ocr_pipeline_dag.py
[2025-11-13T10:13:07.786-0500] {logging_mixin.py:188} INFO - [2025-11-13T10:13:07.786-0500] {dag.py:3089} INFO - Sync 1 DAGs
[2025-11-13T10:13:07.797-0500] {logging_mixin.py:188} INFO - [2025-11-13T10:13:07.796-0500] {dag.py:3947} INFO - Setting next_dagrun for ocr_pipeline_dag to None, run_after=None
[2025-11-13T10:13:07.815-0500] {processor.py:183} INFO - Processing /opt/airflow/dags/ocr_pipeline_dag.py took 0.806 seconds
[2025-11-13T10:13:38.009-0500] {processor.py:161} INFO - Started process (PID=9053) to work on /opt/airflow/dags/ocr_pipeline_dag.py
[2025-11-13T10:13:38.011-0500] {processor.py:830} INFO - Processing file /opt/airflow/dags/ocr_pipeline_dag.py for tasks to queue
[2025-11-13T10:13:38.012-0500] {logging_mixin.py:188} INFO - [2025-11-13T10:13:38.011-0500] {dagbag.py:545} INFO - Filling up the DagBag from /opt/airflow/dags/ocr_pipeline_dag.py
[2025-11-13T10:13:38.027-0500] {logging_mixin.py:188} INFO - 📂 Using project root: /opt/project
[2025-11-13T10:13:38.161-0500] {logging_mixin.py:188} INFO - [2025-11-13T10:13:38.161-0500] {credentials.py:1278} INFO - Found credentials in shared credentials file: ~/.aws/credentials
[2025-11-13T10:13:38.757-0500] {processor.py:840} INFO - DAG(s) 'ocr_pipeline_dag' retrieved from /opt/airflow/dags/ocr_pipeline_dag.py
[2025-11-13T10:13:38.780-0500] {logging_mixin.py:188} INFO - [2025-11-13T10:13:38.780-0500] {dag.py:3089} INFO - Sync 1 DAGs
[2025-11-13T10:13:38.790-0500] {logging_mixin.py:188} INFO - [2025-11-13T10:13:38.790-0500] {dag.py:3947} INFO - Setting next_dagrun for ocr_pipeline_dag to None, run_after=None
[2025-11-13T10:13:38.809-0500] {processor.py:183} INFO - Processing /opt/airflow/dags/ocr_pipeline_dag.py took 0.806 seconds
[2025-11-13T10:14:09.019-0500] {processor.py:161} INFO - Started process (PID=9059) to work on /opt/airflow/dags/ocr_pipeline_dag.py
[2025-11-13T10:14:09.020-0500] {processor.py:830} INFO - Processing file /opt/airflow/dags/ocr_pipeline_dag.py for tasks to queue
[2025-11-13T10:14:09.021-0500] {logging_mixin.py:188} INFO - [2025-11-13T10:14:09.021-0500] {dagbag.py:545} INFO - Filling up the DagBag from /opt/airflow/dags/ocr_pipeline_dag.py
[2025-11-13T10:14:09.035-0500] {logging_mixin.py:188} INFO - 📂 Using project root: /opt/project
[2025-11-13T10:14:09.162-0500] {logging_mixin.py:188} INFO - [2025-11-13T10:14:09.162-0500] {credentials.py:1278} INFO - Found credentials in shared credentials file: ~/.aws/credentials
[2025-11-13T10:14:09.793-0500] {processor.py:840} INFO - DAG(s) 'ocr_pipeline_dag' retrieved from /opt/airflow/dags/ocr_pipeline_dag.py
[2025-11-13T10:14:09.822-0500] {logging_mixin.py:188} INFO - [2025-11-13T10:14:09.822-0500] {dag.py:3089} INFO - Sync 1 DAGs
[2025-11-13T10:14:09.833-0500] {logging_mixin.py:188} INFO - [2025-11-13T10:14:09.832-0500] {dag.py:3947} INFO - Setting next_dagrun for ocr_pipeline_dag to None, run_after=None
[2025-11-13T10:14:09.850-0500] {processor.py:183} INFO - Processing /opt/airflow/dags/ocr_pipeline_dag.py took 0.838 seconds
[2025-11-13T10:14:40.082-0500] {processor.py:161} INFO - Started process (PID=9065) to work on /opt/airflow/dags/ocr_pipeline_dag.py
[2025-11-13T10:14:40.083-0500] {processor.py:830} INFO - Processing file /opt/airflow/dags/ocr_pipeline_dag.py for tasks to queue
[2025-11-13T10:14:40.084-0500] {logging_mixin.py:188} INFO - [2025-11-13T10:14:40.084-0500] {dagbag.py:545} INFO - Filling up the DagBag from /opt/airflow/dags/ocr_pipeline_dag.py
[2025-11-13T10:14:40.100-0500] {logging_mixin.py:188} INFO - 📂 Using project root: /opt/project
[2025-11-13T10:14:40.233-0500] {logging_mixin.py:188} INFO - [2025-11-13T10:14:40.233-0500] {credentials.py:1278} INFO - Found credentials in shared credentials file: ~/.aws/credentials
[2025-11-13T10:14:40.942-0500] {processor.py:840} INFO - DAG(s) 'ocr_pipeline_dag' retrieved from /opt/airflow/dags/ocr_pipeline_dag.py
[2025-11-13T10:14:40.983-0500] {logging_mixin.py:188} INFO - [2025-11-13T10:14:40.983-0500] {dag.py:3089} INFO - Sync 1 DAGs
[2025-11-13T10:14:40.995-0500] {logging_mixin.py:188} INFO - [2025-11-13T10:14:40.994-0500] {dag.py:3947} INFO - Setting next_dagrun for ocr_pipeline_dag to None, run_after=None
[2025-11-13T10:14:41.106-0500] {processor.py:183} INFO - Processing /opt/airflow/dags/ocr_pipeline_dag.py took 1.031 seconds
[2025-11-13T10:15:11.313-0500] {processor.py:161} INFO - Started process (PID=9071) to work on /opt/airflow/dags/ocr_pipeline_dag.py
[2025-11-13T10:15:11.314-0500] {processor.py:830} INFO - Processing file /opt/airflow/dags/ocr_pipeline_dag.py for tasks to queue
[2025-11-13T10:15:11.315-0500] {logging_mixin.py:188} INFO - [2025-11-13T10:15:11.315-0500] {dagbag.py:545} INFO - Filling up the DagBag from /opt/airflow/dags/ocr_pipeline_dag.py
[2025-11-13T10:15:11.332-0500] {logging_mixin.py:188} INFO - 📂 Using project root: /opt/project
[2025-11-13T10:15:11.470-0500] {logging_mixin.py:188} INFO - [2025-11-13T10:15:11.470-0500] {credentials.py:1278} INFO - Found credentials in shared credentials file: ~/.aws/credentials
[2025-11-13T10:15:12.105-0500] {processor.py:840} INFO - DAG(s) 'ocr_pipeline_dag' retrieved from /opt/airflow/dags/ocr_pipeline_dag.py
[2025-11-13T10:15:12.127-0500] {logging_mixin.py:188} INFO - [2025-11-13T10:15:12.127-0500] {dag.py:3089} INFO - Sync 1 DAGs
[2025-11-13T10:15:12.138-0500] {logging_mixin.py:188} INFO - [2025-11-13T10:15:12.138-0500] {dag.py:3947} INFO - Setting next_dagrun for ocr_pipeline_dag to None, run_after=None
[2025-11-13T10:15:12.164-0500] {processor.py:183} INFO - Processing /opt/airflow/dags/ocr_pipeline_dag.py took 0.856 seconds
[2025-11-13T10:15:42.339-0500] {processor.py:161} INFO - Started process (PID=9077) to work on /opt/airflow/dags/ocr_pipeline_dag.py
[2025-11-13T10:15:42.340-0500] {processor.py:830} INFO - Processing file /opt/airflow/dags/ocr_pipeline_dag.py for tasks to queue
[2025-11-13T10:15:42.341-0500] {logging_mixin.py:188} INFO - [2025-11-13T10:15:42.341-0500] {dagbag.py:545} INFO - Filling up the DagBag from /opt/airflow/dags/ocr_pipeline_dag.py
[2025-11-13T10:15:42.357-0500] {logging_mixin.py:188} INFO - 📂 Using project root: /opt/project
[2025-11-13T10:15:42.501-0500] {logging_mixin.py:188} INFO - [2025-11-13T10:15:42.501-0500] {credentials.py:1278} INFO - Found credentials in shared credentials file: ~/.aws/credentials
[2025-11-13T10:15:43.295-0500] {processor.py:840} INFO - DAG(s) 'ocr_pipeline_dag' retrieved from /opt/airflow/dags/ocr_pipeline_dag.py
[2025-11-13T10:15:43.321-0500] {logging_mixin.py:188} INFO - [2025-11-13T10:15:43.320-0500] {dag.py:3089} INFO - Sync 1 DAGs
[2025-11-13T10:15:43.333-0500] {logging_mixin.py:188} INFO - [2025-11-13T10:15:43.333-0500] {dag.py:3947} INFO - Setting next_dagrun for ocr_pipeline_dag to None, run_after=None
[2025-11-13T10:15:43.365-0500] {processor.py:183} INFO - Processing /opt/airflow/dags/ocr_pipeline_dag.py took 1.032 seconds
[2025-11-13T10:16:13.465-0500] {processor.py:161} INFO - Started process (PID=9083) to work on /opt/airflow/dags/ocr_pipeline_dag.py
[2025-11-13T10:16:13.466-0500] {processor.py:830} INFO - Processing file /opt/airflow/dags/ocr_pipeline_dag.py for tasks to queue
[2025-11-13T10:16:13.468-0500] {logging_mixin.py:188} INFO - [2025-11-13T10:16:13.467-0500] {dagbag.py:545} INFO - Filling up the DagBag from /opt/airflow/dags/ocr_pipeline_dag.py
[2025-11-13T10:16:13.484-0500] {logging_mixin.py:188} INFO - 📂 Using project root: /opt/project
[2025-11-13T10:16:13.625-0500] {logging_mixin.py:188} INFO - [2025-11-13T10:16:13.625-0500] {credentials.py:1278} INFO - Found credentials in shared credentials file: ~/.aws/credentials
[2025-11-13T10:16:14.245-0500] {processor.py:840} INFO - DAG(s) 'ocr_pipeline_dag' retrieved from /opt/airflow/dags/ocr_pipeline_dag.py
[2025-11-13T10:16:14.272-0500] {logging_mixin.py:188} INFO - [2025-11-13T10:16:14.271-0500] {dag.py:3089} INFO - Sync 1 DAGs
[2025-11-13T10:16:14.283-0500] {logging_mixin.py:188} INFO - [2025-11-13T10:16:14.283-0500] {dag.py:3947} INFO - Setting next_dagrun for ocr_pipeline_dag to None, run_after=None
[2025-11-13T10:16:14.309-0500] {processor.py:183} INFO - Processing /opt/airflow/dags/ocr_pipeline_dag.py took 0.849 seconds
[2025-11-13T10:16:46.407-0500] {processor.py:161} INFO - Started process (PID=9089) to work on /opt/airflow/dags/ocr_pipeline_dag.py
[2025-11-13T10:16:46.408-0500] {processor.py:830} INFO - Processing file /opt/airflow/dags/ocr_pipeline_dag.py for tasks to queue
[2025-11-13T10:16:46.409-0500] {logging_mixin.py:188} INFO - [2025-11-13T10:16:46.409-0500] {dagbag.py:545} INFO - Filling up the DagBag from /opt/airflow/dags/ocr_pipeline_dag.py
[2025-11-13T10:16:46.424-0500] {logging_mixin.py:188} INFO - 📂 Using project root: /opt/project
[2025-11-13T10:16:46.556-0500] {logging_mixin.py:188} INFO - [2025-11-13T10:16:46.556-0500] {credentials.py:1278} INFO - Found credentials in shared credentials file: ~/.aws/credentials
[2025-11-13T10:16:47.133-0500] {processor.py:840} INFO - DAG(s) 'ocr_pipeline_dag' retrieved from /opt/airflow/dags/ocr_pipeline_dag.py
[2025-11-13T10:16:47.160-0500] {logging_mixin.py:188} INFO - [2025-11-13T10:16:47.159-0500] {dag.py:3089} INFO - Sync 1 DAGs
[2025-11-13T10:16:47.170-0500] {logging_mixin.py:188} INFO - [2025-11-13T10:16:47.170-0500] {dag.py:3947} INFO - Setting next_dagrun for ocr_pipeline_dag to None, run_after=None
[2025-11-13T10:16:47.190-0500] {processor.py:183} INFO - Processing /opt/airflow/dags/ocr_pipeline_dag.py took 0.789 seconds
[2025-11-13T10:17:17.678-0500] {processor.py:161} INFO - Started process (PID=9095) to work on /opt/airflow/dags/ocr_pipeline_dag.py
[2025-11-13T10:17:17.679-0500] {processor.py:830} INFO - Processing file /opt/airflow/dags/ocr_pipeline_dag.py for tasks to queue
[2025-11-13T10:17:17.680-0500] {logging_mixin.py:188} INFO - [2025-11-13T10:17:17.680-0500] {dagbag.py:545} INFO - Filling up the DagBag from /opt/airflow/dags/ocr_pipeline_dag.py
[2025-11-13T10:17:17.693-0500] {logging_mixin.py:188} INFO - 📂 Using project root: /opt/project
[2025-11-13T10:17:17.827-0500] {logging_mixin.py:188} INFO - [2025-11-13T10:17:17.827-0500] {credentials.py:1278} INFO - Found credentials in shared credentials file: ~/.aws/credentials
[2025-11-13T10:17:20.335-0500] {processor.py:840} INFO - DAG(s) 'ocr_pipeline_dag' retrieved from /opt/airflow/dags/ocr_pipeline_dag.py
[2025-11-13T10:17:20.359-0500] {logging_mixin.py:188} INFO - [2025-11-13T10:17:20.359-0500] {dag.py:3089} INFO - Sync 1 DAGs
[2025-11-13T10:17:20.369-0500] {logging_mixin.py:188} INFO - [2025-11-13T10:17:20.369-0500] {dag.py:3947} INFO - Setting next_dagrun for ocr_pipeline_dag to None, run_after=None
[2025-11-13T10:17:20.388-0500] {processor.py:183} INFO - Processing /opt/airflow/dags/ocr_pipeline_dag.py took 0.827 seconds
[2025-11-13T10:17:50.897-0500] {processor.py:161} INFO - Started process (PID=9101) to work on /opt/airflow/dags/ocr_pipeline_dag.py
[2025-11-13T10:17:50.898-0500] {processor.py:830} INFO - Processing file /opt/airflow/dags/ocr_pipeline_dag.py for tasks to queue
[2025-11-13T10:17:50.900-0500] {logging_mixin.py:188} INFO - [2025-11-13T10:17:50.899-0500] {dagbag.py:545} INFO - Filling up the DagBag from /opt/airflow/dags/ocr_pipeline_dag.py
[2025-11-13T10:17:50.916-0500] {logging_mixin.py:188} INFO - 📂 Using project root: /opt/project
[2025-11-13T10:17:51.054-0500] {logging_mixin.py:188} INFO - [2025-11-13T10:17:51.054-0500] {credentials.py:1278} INFO - Found credentials in shared credentials file: ~/.aws/credentials
[2025-11-13T10:17:51.656-0500] {processor.py:840} INFO - DAG(s) 'ocr_pipeline_dag' retrieved from /opt/airflow/dags/ocr_pipeline_dag.py
[2025-11-13T10:17:51.683-0500] {logging_mixin.py:188} INFO - [2025-11-13T10:17:51.682-0500] {dag.py:3089} INFO - Sync 1 DAGs
[2025-11-13T10:17:51.694-0500] {logging_mixin.py:188} INFO - [2025-11-13T10:17:51.693-0500] {dag.py:3947} INFO - Setting next_dagrun for ocr_pipeline_dag to None, run_after=None
[2025-11-13T10:17:51.713-0500] {processor.py:183} INFO - Processing /opt/airflow/dags/ocr_pipeline_dag.py took 0.822 seconds
[2025-11-13T10:18:21.941-0500] {processor.py:161} INFO - Started process (PID=9107) to work on /opt/airflow/dags/ocr_pipeline_dag.py
[2025-11-13T10:18:21.942-0500] {processor.py:830} INFO - Processing file /opt/airflow/dags/ocr_pipeline_dag.py for tasks to queue
[2025-11-13T10:18:21.944-0500] {logging_mixin.py:188} INFO - [2025-11-13T10:18:21.943-0500] {dagbag.py:545} INFO - Filling up the DagBag from /opt/airflow/dags/ocr_pipeline_dag.py
[2025-11-13T10:18:21.958-0500] {logging_mixin.py:188} INFO - 📂 Using project root: /opt/project
[2025-11-13T10:18:22.099-0500] {logging_mixin.py:188} INFO - [2025-11-13T10:18:22.099-0500] {credentials.py:1278} INFO - Found credentials in shared credentials file: ~/.aws/credentials
[2025-11-13T10:18:22.679-0500] {processor.py:840} INFO - DAG(s) 'ocr_pipeline_dag' retrieved from /opt/airflow/dags/ocr_pipeline_dag.py
[2025-11-13T10:18:22.716-0500] {logging_mixin.py:188} INFO - [2025-11-13T10:18:22.716-0500] {dag.py:3089} INFO - Sync 1 DAGs
[2025-11-13T10:18:22.730-0500] {logging_mixin.py:188} INFO - [2025-11-13T10:18:22.730-0500] {dag.py:3947} INFO - Setting next_dagrun for ocr_pipeline_dag to None, run_after=None
[2025-11-13T10:18:22.788-0500] {processor.py:183} INFO - Processing /opt/airflow/dags/ocr_pipeline_dag.py took 0.855 seconds
[2025-11-13T10:18:53.071-0500] {processor.py:161} INFO - Started process (PID=9113) to work on /opt/airflow/dags/ocr_pipeline_dag.py
[2025-11-13T10:18:53.072-0500] {processor.py:830} INFO - Processing file /opt/airflow/dags/ocr_pipeline_dag.py for tasks to queue
[2025-11-13T10:18:53.074-0500] {logging_mixin.py:188} INFO - [2025-11-13T10:18:53.073-0500] {dagbag.py:545} INFO - Filling up the DagBag from /opt/airflow/dags/ocr_pipeline_dag.py
[2025-11-13T10:18:53.088-0500] {logging_mixin.py:188} INFO - 📂 Using project root: /opt/project
[2025-11-13T10:18:53.235-0500] {logging_mixin.py:188} INFO - [2025-11-13T10:18:53.235-0500] {credentials.py:1278} INFO - Found credentials in shared credentials file: ~/.aws/credentials
[2025-11-13T10:18:53.814-0500] {processor.py:840} INFO - DAG(s) 'ocr_pipeline_dag' retrieved from /opt/airflow/dags/ocr_pipeline_dag.py
[2025-11-13T10:18:53.837-0500] {logging_mixin.py:188} INFO - [2025-11-13T10:18:53.836-0500] {dag.py:3089} INFO - Sync 1 DAGs
[2025-11-13T10:18:53.848-0500] {logging_mixin.py:188} INFO - [2025-11-13T10:18:53.848-0500] {dag.py:3947} INFO - Setting next_dagrun for ocr_pipeline_dag to None, run_after=None
[2025-11-13T10:18:53.875-0500] {processor.py:183} INFO - Processing /opt/airflow/dags/ocr_pipeline_dag.py took 0.810 seconds
[2025-11-13T10:19:24.373-0500] {processor.py:161} INFO - Started process (PID=9119) to work on /opt/airflow/dags/ocr_pipeline_dag.py
[2025-11-13T10:19:24.375-0500] {processor.py:830} INFO - Processing file /opt/airflow/dags/ocr_pipeline_dag.py for tasks to queue
[2025-11-13T10:19:24.376-0500] {logging_mixin.py:188} INFO - [2025-11-13T10:19:24.376-0500] {dagbag.py:545} INFO - Filling up the DagBag from /opt/airflow/dags/ocr_pipeline_dag.py
[2025-11-13T10:19:24.391-0500] {logging_mixin.py:188} INFO - 📂 Using project root: /opt/project
[2025-11-13T10:19:24.521-0500] {logging_mixin.py:188} INFO - [2025-11-13T10:19:24.521-0500] {credentials.py:1278} INFO - Found credentials in shared credentials file: ~/.aws/credentials
[2025-11-13T10:19:25.093-0500] {processor.py:840} INFO - DAG(s) 'ocr_pipeline_dag' retrieved from /opt/airflow/dags/ocr_pipeline_dag.py
[2025-11-13T10:19:25.118-0500] {logging_mixin.py:188} INFO - [2025-11-13T10:19:25.117-0500] {dag.py:3089} INFO - Sync 1 DAGs
[2025-11-13T10:19:25.129-0500] {logging_mixin.py:188} INFO - [2025-11-13T10:19:25.128-0500] {dag.py:3947} INFO - Setting next_dagrun for ocr_pipeline_dag to None, run_after=None
[2025-11-13T10:19:25.148-0500] {processor.py:183} INFO - Processing /opt/airflow/dags/ocr_pipeline_dag.py took 0.781 seconds
[2025-11-13T10:19:55.584-0500] {processor.py:161} INFO - Started process (PID=9125) to work on /opt/airflow/dags/ocr_pipeline_dag.py
[2025-11-13T10:19:55.586-0500] {processor.py:830} INFO - Processing file /opt/airflow/dags/ocr_pipeline_dag.py for tasks to queue
[2025-11-13T10:19:55.587-0500] {logging_mixin.py:188} INFO - [2025-11-13T10:19:55.587-0500] {dagbag.py:545} INFO - Filling up the DagBag from /opt/airflow/dags/ocr_pipeline_dag.py
[2025-11-13T10:19:55.604-0500] {logging_mixin.py:188} INFO - 📂 Using project root: /opt/project
[2025-11-13T10:19:55.750-0500] {logging_mixin.py:188} INFO - [2025-11-13T10:19:55.750-0500] {credentials.py:1278} INFO - Found credentials in shared credentials file: ~/.aws/credentials
[2025-11-13T10:19:56.376-0500] {processor.py:840} INFO - DAG(s) 'ocr_pipeline_dag' retrieved from /opt/airflow/dags/ocr_pipeline_dag.py
[2025-11-13T10:19:56.403-0500] {logging_mixin.py:188} INFO - [2025-11-13T10:19:56.402-0500] {dag.py:3089} INFO - Sync 1 DAGs
[2025-11-13T10:19:56.414-0500] {logging_mixin.py:188} INFO - [2025-11-13T10:19:56.413-0500] {dag.py:3947} INFO - Setting next_dagrun for ocr_pipeline_dag to None, run_after=None
[2025-11-13T10:19:56.430-0500] {processor.py:183} INFO - Processing /opt/airflow/dags/ocr_pipeline_dag.py took 0.852 seconds
[2025-11-13T10:20:26.828-0500] {processor.py:161} INFO - Started process (PID=9131) to work on /opt/airflow/dags/ocr_pipeline_dag.py
[2025-11-13T10:20:26.829-0500] {processor.py:830} INFO - Processing file /opt/airflow/dags/ocr_pipeline_dag.py for tasks to queue
[2025-11-13T10:20:26.830-0500] {logging_mixin.py:188} INFO - [2025-11-13T10:20:26.830-0500] {dagbag.py:545} INFO - Filling up the DagBag from /opt/airflow/dags/ocr_pipeline_dag.py
[2025-11-13T10:20:26.845-0500] {logging_mixin.py:188} INFO - 📂 Using project root: /opt/project
[2025-11-13T10:20:26.977-0500] {logging_mixin.py:188} INFO - [2025-11-13T10:20:26.976-0500] {credentials.py:1278} INFO - Found credentials in shared credentials file: ~/.aws/credentials
[2025-11-13T10:20:27.573-0500] {processor.py:840} INFO - DAG(s) 'ocr_pipeline_dag' retrieved from /opt/airflow/dags/ocr_pipeline_dag.py
[2025-11-13T10:20:27.596-0500] {logging_mixin.py:188} INFO - [2025-11-13T10:20:27.595-0500] {dag.py:3089} INFO - Sync 1 DAGs
[2025-11-13T10:20:27.606-0500] {logging_mixin.py:188} INFO - [2025-11-13T10:20:27.606-0500] {dag.py:3947} INFO - Setting next_dagrun for ocr_pipeline_dag to None, run_after=None
[2025-11-13T10:20:27.625-0500] {processor.py:183} INFO - Processing /opt/airflow/dags/ocr_pipeline_dag.py took 0.803 seconds
[2025-11-13T10:20:57.980-0500] {processor.py:161} INFO - Started process (PID=9137) to work on /opt/airflow/dags/ocr_pipeline_dag.py
[2025-11-13T10:20:57.981-0500] {processor.py:830} INFO - Processing file /opt/airflow/dags/ocr_pipeline_dag.py for tasks to queue
[2025-11-13T10:20:57.983-0500] {logging_mixin.py:188} INFO - [2025-11-13T10:20:57.982-0500] {dagbag.py:545} INFO - Filling up the DagBag from /opt/airflow/dags/ocr_pipeline_dag.py
[2025-11-13T10:20:57.999-0500] {logging_mixin.py:188} INFO - 📂 Using project root: /opt/project
[2025-11-13T10:20:58.132-0500] {logging_mixin.py:188} INFO - [2025-11-13T10:20:58.131-0500] {credentials.py:1278} INFO - Found credentials in shared credentials file: ~/.aws/credentials
[2025-11-13T10:20:58.753-0500] {processor.py:840} INFO - DAG(s) 'ocr_pipeline_dag' retrieved from /opt/airflow/dags/ocr_pipeline_dag.py
[2025-11-13T10:20:58.776-0500] {logging_mixin.py:188} INFO - [2025-11-13T10:20:58.776-0500] {dag.py:3089} INFO - Sync 1 DAGs
[2025-11-13T10:20:58.785-0500] {logging_mixin.py:188} INFO - [2025-11-13T10:20:58.785-0500] {dag.py:3947} INFO - Setting next_dagrun for ocr_pipeline_dag to None, run_after=None
[2025-11-13T10:20:58.803-0500] {processor.py:183} INFO - Processing /opt/airflow/dags/ocr_pipeline_dag.py took 0.830 seconds
[2025-11-13T10:21:29.106-0500] {processor.py:161} INFO - Started process (PID=9143) to work on /opt/airflow/dags/ocr_pipeline_dag.py
[2025-11-13T10:21:29.108-0500] {processor.py:830} INFO - Processing file /opt/airflow/dags/ocr_pipeline_dag.py for tasks to queue
[2025-11-13T10:21:29.109-0500] {logging_mixin.py:188} INFO - [2025-11-13T10:21:29.108-0500] {dagbag.py:545} INFO - Filling up the DagBag from /opt/airflow/dags/ocr_pipeline_dag.py
[2025-11-13T10:21:29.124-0500] {logging_mixin.py:188} INFO - 📂 Using project root: /opt/project
[2025-11-13T10:21:29.253-0500] {logging_mixin.py:188} INFO - [2025-11-13T10:21:29.253-0500] {credentials.py:1278} INFO - Found credentials in shared credentials file: ~/.aws/credentials
[2025-11-13T10:21:29.791-0500] {processor.py:840} INFO - DAG(s) 'ocr_pipeline_dag' retrieved from /opt/airflow/dags/ocr_pipeline_dag.py
[2025-11-13T10:21:29.814-0500] {logging_mixin.py:188} INFO - [2025-11-13T10:21:29.814-0500] {dag.py:3089} INFO - Sync 1 DAGs
[2025-11-13T10:21:29.833-0500] {logging_mixin.py:188} INFO - [2025-11-13T10:21:29.833-0500] {dag.py:3947} INFO - Setting next_dagrun for ocr_pipeline_dag to None, run_after=None
[2025-11-13T10:21:29.852-0500] {processor.py:183} INFO - Processing /opt/airflow/dags/ocr_pipeline_dag.py took 0.753 seconds
[2025-11-13T10:22:00.185-0500] {processor.py:161} INFO - Started process (PID=9149) to work on /opt/airflow/dags/ocr_pipeline_dag.py
[2025-11-13T10:22:00.186-0500] {processor.py:830} INFO - Processing file /opt/airflow/dags/ocr_pipeline_dag.py for tasks to queue
[2025-11-13T10:22:00.187-0500] {logging_mixin.py:188} INFO - [2025-11-13T10:22:00.187-0500] {dagbag.py:545} INFO - Filling up the DagBag from /opt/airflow/dags/ocr_pipeline_dag.py
[2025-11-13T10:22:00.202-0500] {logging_mixin.py:188} INFO - 📂 Using project root: /opt/project
[2025-11-13T10:22:00.347-0500] {logging_mixin.py:188} INFO - [2025-11-13T10:22:00.347-0500] {credentials.py:1278} INFO - Found credentials in shared credentials file: ~/.aws/credentials
[2025-11-13T10:22:00.920-0500] {processor.py:840} INFO - DAG(s) 'ocr_pipeline_dag' retrieved from /opt/airflow/dags/ocr_pipeline_dag.py
[2025-11-13T10:22:00.948-0500] {logging_mixin.py:188} INFO - [2025-11-13T10:22:00.948-0500] {dag.py:3089} INFO - Sync 1 DAGs
[2025-11-13T10:22:00.959-0500] {logging_mixin.py:188} INFO - [2025-11-13T10:22:00.959-0500] {dag.py:3947} INFO - Setting next_dagrun for ocr_pipeline_dag to None, run_after=None
[2025-11-13T10:22:00.976-0500] {processor.py:183} INFO - Processing /opt/airflow/dags/ocr_pipeline_dag.py took 0.797 seconds
[2025-11-13T10:22:31.276-0500] {processor.py:161} INFO - Started process (PID=9155) to work on /opt/airflow/dags/ocr_pipeline_dag.py
[2025-11-13T10:22:31.277-0500] {processor.py:830} INFO - Processing file /opt/airflow/dags/ocr_pipeline_dag.py for tasks to queue
[2025-11-13T10:22:31.279-0500] {logging_mixin.py:188} INFO - [2025-11-13T10:22:31.278-0500] {dagbag.py:545} INFO - Filling up the DagBag from /opt/airflow/dags/ocr_pipeline_dag.py
[2025-11-13T10:22:31.296-0500] {logging_mixin.py:188} INFO - 📂 Using project root: /opt/project
[2025-11-13T10:22:31.445-0500] {logging_mixin.py:188} INFO - [2025-11-13T10:22:31.445-0500] {credentials.py:1278} INFO - Found credentials in shared credentials file: ~/.aws/credentials
[2025-11-13T10:22:32.028-0500] {processor.py:840} INFO - DAG(s) 'ocr_pipeline_dag' retrieved from /opt/airflow/dags/ocr_pipeline_dag.py
[2025-11-13T10:22:32.058-0500] {logging_mixin.py:188} INFO - [2025-11-13T10:22:32.058-0500] {dag.py:3089} INFO - Sync 1 DAGs
[2025-11-13T10:22:32.068-0500] {logging_mixin.py:188} INFO - [2025-11-13T10:22:32.068-0500] {dag.py:3947} INFO - Setting next_dagrun for ocr_pipeline_dag to None, run_after=None
[2025-11-13T10:22:32.087-0500] {processor.py:183} INFO - Processing /opt/airflow/dags/ocr_pipeline_dag.py took 0.821 seconds
[2025-11-13T10:23:02.438-0500] {processor.py:161} INFO - Started process (PID=9161) to work on /opt/airflow/dags/ocr_pipeline_dag.py
[2025-11-13T10:23:02.440-0500] {processor.py:830} INFO - Processing file /opt/airflow/dags/ocr_pipeline_dag.py for tasks to queue
[2025-11-13T10:23:02.441-0500] {logging_mixin.py:188} INFO - [2025-11-13T10:23:02.440-0500] {dagbag.py:545} INFO - Filling up the DagBag from /opt/airflow/dags/ocr_pipeline_dag.py
[2025-11-13T10:23:02.457-0500] {logging_mixin.py:188} INFO - 📂 Using project root: /opt/project
[2025-11-13T10:23:02.595-0500] {logging_mixin.py:188} INFO - [2025-11-13T10:23:02.594-0500] {credentials.py:1278} INFO - Found credentials in shared credentials file: ~/.aws/credentials
[2025-11-13T10:23:03.218-0500] {processor.py:840} INFO - DAG(s) 'ocr_pipeline_dag' retrieved from /opt/airflow/dags/ocr_pipeline_dag.py
[2025-11-13T10:23:03.249-0500] {logging_mixin.py:188} INFO - [2025-11-13T10:23:03.249-0500] {dag.py:3089} INFO - Sync 1 DAGs
[2025-11-13T10:23:03.260-0500] {logging_mixin.py:188} INFO - [2025-11-13T10:23:03.259-0500] {dag.py:3947} INFO - Setting next_dagrun for ocr_pipeline_dag to None, run_after=None
[2025-11-13T10:23:03.278-0500] {processor.py:183} INFO - Processing /opt/airflow/dags/ocr_pipeline_dag.py took 0.847 seconds
[2025-11-13T10:23:35.654-0500] {processor.py:161} INFO - Started process (PID=9167) to work on /opt/airflow/dags/ocr_pipeline_dag.py
[2025-11-13T10:23:35.655-0500] {processor.py:830} INFO - Processing file /opt/airflow/dags/ocr_pipeline_dag.py for tasks to queue
[2025-11-13T10:23:35.656-0500] {logging_mixin.py:188} INFO - [2025-11-13T10:23:35.656-0500] {dagbag.py:545} INFO - Filling up the DagBag from /opt/airflow/dags/ocr_pipeline_dag.py
[2025-11-13T10:23:35.671-0500] {logging_mixin.py:188} INFO - 📂 Using project root: /opt/project
[2025-11-13T10:23:35.821-0500] {logging_mixin.py:188} INFO - [2025-11-13T10:23:35.821-0500] {credentials.py:1278} INFO - Found credentials in shared credentials file: ~/.aws/credentials
[2025-11-13T10:23:36.446-0500] {processor.py:840} INFO - DAG(s) 'ocr_pipeline_dag' retrieved from /opt/airflow/dags/ocr_pipeline_dag.py
[2025-11-13T10:23:36.481-0500] {logging_mixin.py:188} INFO - [2025-11-13T10:23:36.480-0500] {dag.py:3089} INFO - Sync 1 DAGs
[2025-11-13T10:23:36.491-0500] {logging_mixin.py:188} INFO - [2025-11-13T10:23:36.491-0500] {dag.py:3947} INFO - Setting next_dagrun for ocr_pipeline_dag to None, run_after=None
[2025-11-13T10:23:36.510-0500] {processor.py:183} INFO - Processing /opt/airflow/dags/ocr_pipeline_dag.py took 0.864 seconds
[2025-11-13T10:24:07.021-0500] {processor.py:161} INFO - Started process (PID=9173) to work on /opt/airflow/dags/ocr_pipeline_dag.py
[2025-11-13T10:24:07.022-0500] {processor.py:830} INFO - Processing file /opt/airflow/dags/ocr_pipeline_dag.py for tasks to queue
[2025-11-13T10:24:07.023-0500] {logging_mixin.py:188} INFO - [2025-11-13T10:24:07.023-0500] {dagbag.py:545} INFO - Filling up the DagBag from /opt/airflow/dags/ocr_pipeline_dag.py
[2025-11-13T10:24:07.039-0500] {logging_mixin.py:188} INFO - 📂 Using project root: /opt/project
[2025-11-13T10:24:07.200-0500] {logging_mixin.py:188} INFO - [2025-11-13T10:24:07.200-0500] {credentials.py:1278} INFO - Found credentials in shared credentials file: ~/.aws/credentials
[2025-11-13T10:24:07.824-0500] {processor.py:840} INFO - DAG(s) 'ocr_pipeline_dag' retrieved from /opt/airflow/dags/ocr_pipeline_dag.py
[2025-11-13T10:24:09.724-0500] {logging_mixin.py:188} INFO - [2025-11-13T10:24:09.724-0500] {dag.py:3089} INFO - Sync 1 DAGs
[2025-11-13T10:24:09.736-0500] {logging_mixin.py:188} INFO - [2025-11-13T10:24:09.736-0500] {dag.py:3947} INFO - Setting next_dagrun for ocr_pipeline_dag to None, run_after=None
[2025-11-13T10:24:09.758-0500] {processor.py:183} INFO - Processing /opt/airflow/dags/ocr_pipeline_dag.py took 0.878 seconds
[2025-11-13T10:24:40.258-0500] {processor.py:161} INFO - Started process (PID=9179) to work on /opt/airflow/dags/ocr_pipeline_dag.py
[2025-11-13T10:24:40.259-0500] {processor.py:830} INFO - Processing file /opt/airflow/dags/ocr_pipeline_dag.py for tasks to queue
[2025-11-13T10:24:40.261-0500] {logging_mixin.py:188} INFO - [2025-11-13T10:24:40.260-0500] {dagbag.py:545} INFO - Filling up the DagBag from /opt/airflow/dags/ocr_pipeline_dag.py
[2025-11-13T10:24:40.277-0500] {logging_mixin.py:188} INFO - 📂 Using project root: /opt/project
[2025-11-13T10:24:40.428-0500] {logging_mixin.py:188} INFO - [2025-11-13T10:24:40.427-0500] {credentials.py:1278} INFO - Found credentials in shared credentials file: ~/.aws/credentials
[2025-11-13T10:24:41.128-0500] {processor.py:840} INFO - DAG(s) 'ocr_pipeline_dag' retrieved from /opt/airflow/dags/ocr_pipeline_dag.py
[2025-11-13T10:24:41.162-0500] {logging_mixin.py:188} INFO - [2025-11-13T10:24:41.161-0500] {dag.py:3089} INFO - Sync 1 DAGs
[2025-11-13T10:24:41.174-0500] {logging_mixin.py:188} INFO - [2025-11-13T10:24:41.174-0500] {dag.py:3947} INFO - Setting next_dagrun for ocr_pipeline_dag to None, run_after=None
[2025-11-13T10:24:41.197-0500] {processor.py:183} INFO - Processing /opt/airflow/dags/ocr_pipeline_dag.py took 0.946 seconds
[2025-11-13T10:25:11.579-0500] {processor.py:161} INFO - Started process (PID=9185) to work on /opt/airflow/dags/ocr_pipeline_dag.py
[2025-11-13T10:25:11.580-0500] {processor.py:830} INFO - Processing file /opt/airflow/dags/ocr_pipeline_dag.py for tasks to queue
[2025-11-13T10:25:11.582-0500] {logging_mixin.py:188} INFO - [2025-11-13T10:25:11.581-0500] {dagbag.py:545} INFO - Filling up the DagBag from /opt/airflow/dags/ocr_pipeline_dag.py
[2025-11-13T10:25:11.604-0500] {logging_mixin.py:188} INFO - 📂 Using project root: /opt/project
[2025-11-13T10:25:11.796-0500] {logging_mixin.py:188} INFO - [2025-11-13T10:25:11.795-0500] {credentials.py:1278} INFO - Found credentials in shared credentials file: ~/.aws/credentials
[2025-11-13T10:25:12.447-0500] {processor.py:840} INFO - DAG(s) 'ocr_pipeline_dag' retrieved from /opt/airflow/dags/ocr_pipeline_dag.py
[2025-11-13T10:25:12.473-0500] {logging_mixin.py:188} INFO - [2025-11-13T10:25:12.473-0500] {dag.py:3089} INFO - Sync 1 DAGs
[2025-11-13T10:25:12.485-0500] {logging_mixin.py:188} INFO - [2025-11-13T10:25:12.485-0500] {dag.py:3947} INFO - Setting next_dagrun for ocr_pipeline_dag to None, run_after=None
[2025-11-13T10:25:12.508-0500] {processor.py:183} INFO - Processing /opt/airflow/dags/ocr_pipeline_dag.py took 0.938 seconds
[2025-11-13T10:25:42.773-0500] {processor.py:161} INFO - Started process (PID=9191) to work on /opt/airflow/dags/ocr_pipeline_dag.py
[2025-11-13T10:25:42.775-0500] {processor.py:830} INFO - Processing file /opt/airflow/dags/ocr_pipeline_dag.py for tasks to queue
[2025-11-13T10:25:42.776-0500] {logging_mixin.py:188} INFO - [2025-11-13T10:25:42.776-0500] {dagbag.py:545} INFO - Filling up the DagBag from /opt/airflow/dags/ocr_pipeline_dag.py
[2025-11-13T10:25:42.790-0500] {logging_mixin.py:188} INFO - 📂 Using project root: /opt/project
[2025-11-13T10:25:42.934-0500] {logging_mixin.py:188} INFO - [2025-11-13T10:25:42.933-0500] {credentials.py:1278} INFO - Found credentials in shared credentials file: ~/.aws/credentials
[2025-11-13T10:25:43.562-0500] {processor.py:840} INFO - DAG(s) 'ocr_pipeline_dag' retrieved from /opt/airflow/dags/ocr_pipeline_dag.py
[2025-11-13T10:25:43.600-0500] {logging_mixin.py:188} INFO - [2025-11-13T10:25:43.599-0500] {dag.py:3089} INFO - Sync 1 DAGs
[2025-11-13T10:25:43.617-0500] {logging_mixin.py:188} INFO - [2025-11-13T10:25:43.617-0500] {dag.py:3947} INFO - Setting next_dagrun for ocr_pipeline_dag to None, run_after=None
[2025-11-13T10:25:43.642-0500] {processor.py:183} INFO - Processing /opt/airflow/dags/ocr_pipeline_dag.py took 0.875 seconds
[2025-11-13T10:26:14.405-0500] {processor.py:161} INFO - Started process (PID=9197) to work on /opt/airflow/dags/ocr_pipeline_dag.py
[2025-11-13T10:26:14.407-0500] {processor.py:830} INFO - Processing file /opt/airflow/dags/ocr_pipeline_dag.py for tasks to queue
[2025-11-13T10:26:14.408-0500] {logging_mixin.py:188} INFO - [2025-11-13T10:26:14.408-0500] {dagbag.py:545} INFO - Filling up the DagBag from /opt/airflow/dags/ocr_pipeline_dag.py
[2025-11-13T10:26:14.430-0500] {logging_mixin.py:188} INFO - 📂 Using project root: /opt/project
[2025-11-13T10:26:14.595-0500] {logging_mixin.py:188} INFO - [2025-11-13T10:26:14.595-0500] {credentials.py:1278} INFO - Found credentials in shared credentials file: ~/.aws/credentials
[2025-11-13T10:26:15.175-0500] {processor.py:840} INFO - DAG(s) 'ocr_pipeline_dag' retrieved from /opt/airflow/dags/ocr_pipeline_dag.py
[2025-11-13T10:26:15.209-0500] {logging_mixin.py:188} INFO - [2025-11-13T10:26:15.209-0500] {dag.py:3089} INFO - Sync 1 DAGs
[2025-11-13T10:26:15.219-0500] {logging_mixin.py:188} INFO - [2025-11-13T10:26:15.219-0500] {dag.py:3947} INFO - Setting next_dagrun for ocr_pipeline_dag to None, run_after=None
[2025-11-13T10:26:15.238-0500] {processor.py:183} INFO - Processing /opt/airflow/dags/ocr_pipeline_dag.py took 0.840 seconds
[2025-11-13T10:26:45.640-0500] {processor.py:161} INFO - Started process (PID=9203) to work on /opt/airflow/dags/ocr_pipeline_dag.py
[2025-11-13T10:26:45.642-0500] {processor.py:830} INFO - Processing file /opt/airflow/dags/ocr_pipeline_dag.py for tasks to queue
[2025-11-13T10:26:45.643-0500] {logging_mixin.py:188} INFO - [2025-11-13T10:26:45.642-0500] {dagbag.py:545} INFO - Filling up the DagBag from /opt/airflow/dags/ocr_pipeline_dag.py
[2025-11-13T10:26:45.660-0500] {logging_mixin.py:188} INFO - 📂 Using project root: /opt/project
[2025-11-13T10:26:45.799-0500] {logging_mixin.py:188} INFO - [2025-11-13T10:26:45.799-0500] {credentials.py:1278} INFO - Found credentials in shared credentials file: ~/.aws/credentials
[2025-11-13T10:26:46.389-0500] {processor.py:840} INFO - DAG(s) 'ocr_pipeline_dag' retrieved from /opt/airflow/dags/ocr_pipeline_dag.py
[2025-11-13T10:26:46.426-0500] {logging_mixin.py:188} INFO - [2025-11-13T10:26:46.425-0500] {dag.py:3089} INFO - Sync 1 DAGs
[2025-11-13T10:26:46.439-0500] {logging_mixin.py:188} INFO - [2025-11-13T10:26:46.439-0500] {dag.py:3947} INFO - Setting next_dagrun for ocr_pipeline_dag to None, run_after=None
[2025-11-13T10:26:46.461-0500] {processor.py:183} INFO - Processing /opt/airflow/dags/ocr_pipeline_dag.py took 0.828 seconds
[2025-11-13T10:27:16.888-0500] {processor.py:161} INFO - Started process (PID=9209) to work on /opt/airflow/dags/ocr_pipeline_dag.py
[2025-11-13T10:27:16.889-0500] {processor.py:830} INFO - Processing file /opt/airflow/dags/ocr_pipeline_dag.py for tasks to queue
[2025-11-13T10:27:16.891-0500] {logging_mixin.py:188} INFO - [2025-11-13T10:27:16.890-0500] {dagbag.py:545} INFO - Filling up the DagBag from /opt/airflow/dags/ocr_pipeline_dag.py
[2025-11-13T10:27:16.907-0500] {logging_mixin.py:188} INFO - 📂 Using project root: /opt/project
[2025-11-13T10:27:17.044-0500] {logging_mixin.py:188} INFO - [2025-11-13T10:27:17.043-0500] {credentials.py:1278} INFO - Found credentials in shared credentials file: ~/.aws/credentials
[2025-11-13T10:27:17.655-0500] {processor.py:840} INFO - DAG(s) 'ocr_pipeline_dag' retrieved from /opt/airflow/dags/ocr_pipeline_dag.py
[2025-11-13T10:27:17.686-0500] {logging_mixin.py:188} INFO - [2025-11-13T10:27:17.685-0500] {dag.py:3089} INFO - Sync 1 DAGs
[2025-11-13T10:27:17.695-0500] {logging_mixin.py:188} INFO - [2025-11-13T10:27:17.695-0500] {dag.py:3947} INFO - Setting next_dagrun for ocr_pipeline_dag to None, run_after=None
[2025-11-13T10:27:17.712-0500] {processor.py:183} INFO - Processing /opt/airflow/dags/ocr_pipeline_dag.py took 0.831 seconds
[2025-11-13T10:27:48.167-0500] {processor.py:161} INFO - Started process (PID=9215) to work on /opt/airflow/dags/ocr_pipeline_dag.py
[2025-11-13T10:27:48.169-0500] {processor.py:830} INFO - Processing file /opt/airflow/dags/ocr_pipeline_dag.py for tasks to queue
[2025-11-13T10:27:48.170-0500] {logging_mixin.py:188} INFO - [2025-11-13T10:27:48.170-0500] {dagbag.py:545} INFO - Filling up the DagBag from /opt/airflow/dags/ocr_pipeline_dag.py
[2025-11-13T10:27:48.187-0500] {logging_mixin.py:188} INFO - 📂 Using project root: /opt/project
[2025-11-13T10:27:48.323-0500] {logging_mixin.py:188} INFO - [2025-11-13T10:27:48.323-0500] {credentials.py:1278} INFO - Found credentials in shared credentials file: ~/.aws/credentials
[2025-11-13T10:27:48.921-0500] {processor.py:840} INFO - DAG(s) 'ocr_pipeline_dag' retrieved from /opt/airflow/dags/ocr_pipeline_dag.py
[2025-11-13T10:27:48.950-0500] {logging_mixin.py:188} INFO - [2025-11-13T10:27:48.949-0500] {dag.py:3089} INFO - Sync 1 DAGs
[2025-11-13T10:27:48.963-0500] {logging_mixin.py:188} INFO - [2025-11-13T10:27:48.962-0500] {dag.py:3947} INFO - Setting next_dagrun for ocr_pipeline_dag to None, run_after=None
[2025-11-13T10:27:48.985-0500] {processor.py:183} INFO - Processing /opt/airflow/dags/ocr_pipeline_dag.py took 0.824 seconds
[2025-11-13T10:28:19.474-0500] {processor.py:161} INFO - Started process (PID=9221) to work on /opt/airflow/dags/ocr_pipeline_dag.py
[2025-11-13T10:28:19.476-0500] {processor.py:830} INFO - Processing file /opt/airflow/dags/ocr_pipeline_dag.py for tasks to queue
[2025-11-13T10:28:19.477-0500] {logging_mixin.py:188} INFO - [2025-11-13T10:28:19.477-0500] {dagbag.py:545} INFO - Filling up the DagBag from /opt/airflow/dags/ocr_pipeline_dag.py
[2025-11-13T10:28:19.493-0500] {logging_mixin.py:188} INFO - 📂 Using project root: /opt/project
[2025-11-13T10:28:19.634-0500] {logging_mixin.py:188} INFO - [2025-11-13T10:28:19.634-0500] {credentials.py:1278} INFO - Found credentials in shared credentials file: ~/.aws/credentials
[2025-11-13T10:28:20.195-0500] {processor.py:840} INFO - DAG(s) 'ocr_pipeline_dag' retrieved from /opt/airflow/dags/ocr_pipeline_dag.py
[2025-11-13T10:28:20.218-0500] {logging_mixin.py:188} INFO - [2025-11-13T10:28:20.217-0500] {dag.py:3089} INFO - Sync 1 DAGs
[2025-11-13T10:28:20.228-0500] {logging_mixin.py:188} INFO - [2025-11-13T10:28:20.228-0500] {dag.py:3947} INFO - Setting next_dagrun for ocr_pipeline_dag to None, run_after=None
[2025-11-13T10:28:20.248-0500] {processor.py:183} INFO - Processing /opt/airflow/dags/ocr_pipeline_dag.py took 0.784 seconds
[2025-11-13T10:28:50.701-0500] {processor.py:161} INFO - Started process (PID=9227) to work on /opt/airflow/dags/ocr_pipeline_dag.py
[2025-11-13T10:28:50.702-0500] {processor.py:830} INFO - Processing file /opt/airflow/dags/ocr_pipeline_dag.py for tasks to queue
[2025-11-13T10:28:50.704-0500] {logging_mixin.py:188} INFO - [2025-11-13T10:28:50.703-0500] {dagbag.py:545} INFO - Filling up the DagBag from /opt/airflow/dags/ocr_pipeline_dag.py
[2025-11-13T10:28:50.721-0500] {logging_mixin.py:188} INFO - 📂 Using project root: /opt/project
[2025-11-13T10:28:50.861-0500] {logging_mixin.py:188} INFO - [2025-11-13T10:28:50.861-0500] {credentials.py:1278} INFO - Found credentials in shared credentials file: ~/.aws/credentials
[2025-11-13T10:28:51.452-0500] {processor.py:840} INFO - DAG(s) 'ocr_pipeline_dag' retrieved from /opt/airflow/dags/ocr_pipeline_dag.py
[2025-11-13T10:28:51.487-0500] {logging_mixin.py:188} INFO - [2025-11-13T10:28:51.487-0500] {dag.py:3089} INFO - Sync 1 DAGs
[2025-11-13T10:28:51.502-0500] {logging_mixin.py:188} INFO - [2025-11-13T10:28:51.501-0500] {dag.py:3947} INFO - Setting next_dagrun for ocr_pipeline_dag to None, run_after=None
[2025-11-13T10:28:51.524-0500] {processor.py:183} INFO - Processing /opt/airflow/dags/ocr_pipeline_dag.py took 0.829 seconds
[2025-11-13T10:29:21.965-0500] {processor.py:161} INFO - Started process (PID=9233) to work on /opt/airflow/dags/ocr_pipeline_dag.py
[2025-11-13T10:29:21.966-0500] {processor.py:830} INFO - Processing file /opt/airflow/dags/ocr_pipeline_dag.py for tasks to queue
[2025-11-13T10:29:21.968-0500] {logging_mixin.py:188} INFO - [2025-11-13T10:29:21.967-0500] {dagbag.py:545} INFO - Filling up the DagBag from /opt/airflow/dags/ocr_pipeline_dag.py
[2025-11-13T10:29:21.984-0500] {logging_mixin.py:188} INFO - 📂 Using project root: /opt/project
[2025-11-13T10:29:22.118-0500] {logging_mixin.py:188} INFO - [2025-11-13T10:29:22.118-0500] {credentials.py:1278} INFO - Found credentials in shared credentials file: ~/.aws/credentials
[2025-11-13T10:29:22.682-0500] {processor.py:840} INFO - DAG(s) 'ocr_pipeline_dag' retrieved from /opt/airflow/dags/ocr_pipeline_dag.py
[2025-11-13T10:29:22.706-0500] {logging_mixin.py:188} INFO - [2025-11-13T10:29:22.705-0500] {dag.py:3089} INFO - Sync 1 DAGs
[2025-11-13T10:29:22.716-0500] {logging_mixin.py:188} INFO - [2025-11-13T10:29:22.716-0500] {dag.py:3947} INFO - Setting next_dagrun for ocr_pipeline_dag to None, run_after=None
[2025-11-13T10:29:22.734-0500] {processor.py:183} INFO - Processing /opt/airflow/dags/ocr_pipeline_dag.py took 0.775 seconds
[2025-11-13T10:29:53.147-0500] {processor.py:161} INFO - Started process (PID=9239) to work on /opt/airflow/dags/ocr_pipeline_dag.py
[2025-11-13T10:29:53.148-0500] {processor.py:830} INFO - Processing file /opt/airflow/dags/ocr_pipeline_dag.py for tasks to queue
[2025-11-13T10:29:53.150-0500] {logging_mixin.py:188} INFO - [2025-11-13T10:29:53.149-0500] {dagbag.py:545} INFO - Filling up the DagBag from /opt/airflow/dags/ocr_pipeline_dag.py
[2025-11-13T10:29:53.166-0500] {logging_mixin.py:188} INFO - 📂 Using project root: /opt/project
[2025-11-13T10:29:53.319-0500] {logging_mixin.py:188} INFO - [2025-11-13T10:29:53.319-0500] {credentials.py:1278} INFO - Found credentials in shared credentials file: ~/.aws/credentials
[2025-11-13T10:29:53.925-0500] {processor.py:840} INFO - DAG(s) 'ocr_pipeline_dag' retrieved from /opt/airflow/dags/ocr_pipeline_dag.py
[2025-11-13T10:29:53.971-0500] {logging_mixin.py:188} INFO - [2025-11-13T10:29:53.971-0500] {dag.py:3089} INFO - Sync 1 DAGs
[2025-11-13T10:29:53.982-0500] {logging_mixin.py:188} INFO - [2025-11-13T10:29:53.982-0500] {dag.py:3947} INFO - Setting next_dagrun for ocr_pipeline_dag to None, run_after=None
[2025-11-13T10:29:54.148-0500] {processor.py:183} INFO - Processing /opt/airflow/dags/ocr_pipeline_dag.py took 1.009 seconds
[2025-11-13T10:30:26.344-0500] {processor.py:161} INFO - Started process (PID=9245) to work on /opt/airflow/dags/ocr_pipeline_dag.py
[2025-11-13T10:30:26.345-0500] {processor.py:830} INFO - Processing file /opt/airflow/dags/ocr_pipeline_dag.py for tasks to queue
[2025-11-13T10:30:26.346-0500] {logging_mixin.py:188} INFO - [2025-11-13T10:30:26.346-0500] {dagbag.py:545} INFO - Filling up the DagBag from /opt/airflow/dags/ocr_pipeline_dag.py
[2025-11-13T10:30:26.367-0500] {logging_mixin.py:188} INFO - 📂 Using project root: /opt/project
[2025-11-13T10:30:26.555-0500] {logging_mixin.py:188} INFO - [2025-11-13T10:30:26.554-0500] {credentials.py:1278} INFO - Found credentials in shared credentials file: ~/.aws/credentials
[2025-11-13T10:30:27.212-0500] {processor.py:840} INFO - DAG(s) 'ocr_pipeline_dag' retrieved from /opt/airflow/dags/ocr_pipeline_dag.py
[2025-11-13T10:30:27.238-0500] {logging_mixin.py:188} INFO - [2025-11-13T10:30:27.238-0500] {dag.py:3089} INFO - Sync 1 DAGs
[2025-11-13T10:30:27.250-0500] {logging_mixin.py:188} INFO - [2025-11-13T10:30:27.250-0500] {dag.py:3947} INFO - Setting next_dagrun for ocr_pipeline_dag to None, run_after=None
[2025-11-13T10:30:27.283-0500] {processor.py:183} INFO - Processing /opt/airflow/dags/ocr_pipeline_dag.py took 0.947 seconds
[2025-11-13T10:30:57.534-0500] {processor.py:161} INFO - Started process (PID=9251) to work on /opt/airflow/dags/ocr_pipeline_dag.py
[2025-11-13T10:30:57.536-0500] {processor.py:830} INFO - Processing file /opt/airflow/dags/ocr_pipeline_dag.py for tasks to queue
[2025-11-13T10:30:57.537-0500] {logging_mixin.py:188} INFO - [2025-11-13T10:30:57.537-0500] {dagbag.py:545} INFO - Filling up the DagBag from /opt/airflow/dags/ocr_pipeline_dag.py
[2025-11-13T10:30:57.560-0500] {logging_mixin.py:188} INFO - 📂 Using project root: /opt/project
[2025-11-13T10:30:57.758-0500] {logging_mixin.py:188} INFO - [2025-11-13T10:30:57.758-0500] {credentials.py:1278} INFO - Found credentials in shared credentials file: ~/.aws/credentials
[2025-11-13T10:31:00.452-0500] {processor.py:840} INFO - DAG(s) 'ocr_pipeline_dag' retrieved from /opt/airflow/dags/ocr_pipeline_dag.py
[2025-11-13T10:31:00.482-0500] {logging_mixin.py:188} INFO - [2025-11-13T10:31:00.482-0500] {dag.py:3089} INFO - Sync 1 DAGs
[2025-11-13T10:31:00.496-0500] {logging_mixin.py:188} INFO - [2025-11-13T10:31:00.496-0500] {dag.py:3947} INFO - Setting next_dagrun for ocr_pipeline_dag to None, run_after=None
[2025-11-13T10:31:00.528-0500] {processor.py:183} INFO - Processing /opt/airflow/dags/ocr_pipeline_dag.py took 1.043 seconds
[2025-11-13T10:31:30.679-0500] {processor.py:161} INFO - Started process (PID=9257) to work on /opt/airflow/dags/ocr_pipeline_dag.py
[2025-11-13T10:31:30.680-0500] {processor.py:830} INFO - Processing file /opt/airflow/dags/ocr_pipeline_dag.py for tasks to queue
[2025-11-13T10:31:30.681-0500] {logging_mixin.py:188} INFO - [2025-11-13T10:31:30.681-0500] {dagbag.py:545} INFO - Filling up the DagBag from /opt/airflow/dags/ocr_pipeline_dag.py
[2025-11-13T10:31:30.702-0500] {logging_mixin.py:188} INFO - 📂 Using project root: /opt/project
[2025-11-13T10:31:30.895-0500] {logging_mixin.py:188} INFO - [2025-11-13T10:31:30.894-0500] {credentials.py:1278} INFO - Found credentials in shared credentials file: ~/.aws/credentials
[2025-11-13T10:31:31.602-0500] {processor.py:840} INFO - DAG(s) 'ocr_pipeline_dag' retrieved from /opt/airflow/dags/ocr_pipeline_dag.py
[2025-11-13T10:31:31.647-0500] {logging_mixin.py:188} INFO - [2025-11-13T10:31:31.646-0500] {dag.py:3089} INFO - Sync 1 DAGs
[2025-11-13T10:31:31.663-0500] {logging_mixin.py:188} INFO - [2025-11-13T10:31:31.663-0500] {dag.py:3947} INFO - Setting next_dagrun for ocr_pipeline_dag to None, run_after=None
[2025-11-13T10:31:31.688-0500] {processor.py:183} INFO - Processing /opt/airflow/dags/ocr_pipeline_dag.py took 1.018 seconds
[2025-11-13T10:32:01.803-0500] {processor.py:161} INFO - Started process (PID=9263) to work on /opt/airflow/dags/ocr_pipeline_dag.py
[2025-11-13T10:32:01.805-0500] {processor.py:830} INFO - Processing file /opt/airflow/dags/ocr_pipeline_dag.py for tasks to queue
[2025-11-13T10:32:01.807-0500] {logging_mixin.py:188} INFO - [2025-11-13T10:32:01.807-0500] {dagbag.py:545} INFO - Filling up the DagBag from /opt/airflow/dags/ocr_pipeline_dag.py
[2025-11-13T10:32:01.827-0500] {logging_mixin.py:188} INFO - 📂 Using project root: /opt/project
[2025-11-13T10:32:02.012-0500] {logging_mixin.py:188} INFO - [2025-11-13T10:32:02.012-0500] {credentials.py:1278} INFO - Found credentials in shared credentials file: ~/.aws/credentials
[2025-11-13T10:32:02.687-0500] {processor.py:840} INFO - DAG(s) 'ocr_pipeline_dag' retrieved from /opt/airflow/dags/ocr_pipeline_dag.py
[2025-11-13T10:32:02.719-0500] {logging_mixin.py:188} INFO - [2025-11-13T10:32:02.719-0500] {dag.py:3089} INFO - Sync 1 DAGs
[2025-11-13T10:32:02.732-0500] {logging_mixin.py:188} INFO - [2025-11-13T10:32:02.732-0500] {dag.py:3947} INFO - Setting next_dagrun for ocr_pipeline_dag to None, run_after=None
[2025-11-13T10:32:02.754-0500] {processor.py:183} INFO - Processing /opt/airflow/dags/ocr_pipeline_dag.py took 0.960 seconds
[2025-11-13T10:32:32.952-0500] {processor.py:161} INFO - Started process (PID=9269) to work on /opt/airflow/dags/ocr_pipeline_dag.py
[2025-11-13T10:32:32.954-0500] {processor.py:830} INFO - Processing file /opt/airflow/dags/ocr_pipeline_dag.py for tasks to queue
[2025-11-13T10:32:32.955-0500] {logging_mixin.py:188} INFO - [2025-11-13T10:32:32.955-0500] {dagbag.py:545} INFO - Filling up the DagBag from /opt/airflow/dags/ocr_pipeline_dag.py
[2025-11-13T10:32:32.974-0500] {logging_mixin.py:188} INFO - 📂 Using project root: /opt/project
[2025-11-13T10:32:33.160-0500] {logging_mixin.py:188} INFO - [2025-11-13T10:32:33.160-0500] {credentials.py:1278} INFO - Found credentials in shared credentials file: ~/.aws/credentials
[2025-11-13T10:32:33.914-0500] {processor.py:840} INFO - DAG(s) 'ocr_pipeline_dag' retrieved from /opt/airflow/dags/ocr_pipeline_dag.py
[2025-11-13T10:32:33.947-0500] {logging_mixin.py:188} INFO - [2025-11-13T10:32:33.947-0500] {dag.py:3089} INFO - Sync 1 DAGs
[2025-11-13T10:32:33.960-0500] {logging_mixin.py:188} INFO - [2025-11-13T10:32:33.960-0500] {dag.py:3947} INFO - Setting next_dagrun for ocr_pipeline_dag to None, run_after=None
[2025-11-13T10:32:33.983-0500] {processor.py:183} INFO - Processing /opt/airflow/dags/ocr_pipeline_dag.py took 1.039 seconds
[2025-11-13T10:33:04.087-0500] {processor.py:161} INFO - Started process (PID=9275) to work on /opt/airflow/dags/ocr_pipeline_dag.py
[2025-11-13T10:33:04.089-0500] {processor.py:830} INFO - Processing file /opt/airflow/dags/ocr_pipeline_dag.py for tasks to queue
[2025-11-13T10:33:04.090-0500] {logging_mixin.py:188} INFO - [2025-11-13T10:33:04.090-0500] {dagbag.py:545} INFO - Filling up the DagBag from /opt/airflow/dags/ocr_pipeline_dag.py
[2025-11-13T10:33:04.111-0500] {logging_mixin.py:188} INFO - 📂 Using project root: /opt/project
[2025-11-13T10:33:04.280-0500] {logging_mixin.py:188} INFO - [2025-11-13T10:33:04.280-0500] {credentials.py:1278} INFO - Found credentials in shared credentials file: ~/.aws/credentials
[2025-11-13T10:33:04.982-0500] {processor.py:840} INFO - DAG(s) 'ocr_pipeline_dag' retrieved from /opt/airflow/dags/ocr_pipeline_dag.py
[2025-11-13T10:33:05.018-0500] {logging_mixin.py:188} INFO - [2025-11-13T10:33:05.018-0500] {dag.py:3089} INFO - Sync 1 DAGs
[2025-11-13T10:33:05.031-0500] {logging_mixin.py:188} INFO - [2025-11-13T10:33:05.031-0500] {dag.py:3947} INFO - Setting next_dagrun for ocr_pipeline_dag to None, run_after=None
[2025-11-13T10:33:05.053-0500] {processor.py:183} INFO - Processing /opt/airflow/dags/ocr_pipeline_dag.py took 0.973 seconds
[2025-11-13T10:33:35.215-0500] {processor.py:161} INFO - Started process (PID=9281) to work on /opt/airflow/dags/ocr_pipeline_dag.py
[2025-11-13T10:33:35.216-0500] {processor.py:830} INFO - Processing file /opt/airflow/dags/ocr_pipeline_dag.py for tasks to queue
[2025-11-13T10:33:35.218-0500] {logging_mixin.py:188} INFO - [2025-11-13T10:33:35.217-0500] {dagbag.py:545} INFO - Filling up the DagBag from /opt/airflow/dags/ocr_pipeline_dag.py
[2025-11-13T10:33:35.236-0500] {logging_mixin.py:188} INFO - 📂 Using project root: /opt/project
[2025-11-13T10:33:35.413-0500] {logging_mixin.py:188} INFO - [2025-11-13T10:33:35.413-0500] {credentials.py:1278} INFO - Found credentials in shared credentials file: ~/.aws/credentials
[2025-11-13T10:33:36.106-0500] {processor.py:840} INFO - DAG(s) 'ocr_pipeline_dag' retrieved from /opt/airflow/dags/ocr_pipeline_dag.py
[2025-11-13T10:33:36.136-0500] {logging_mixin.py:188} INFO - [2025-11-13T10:33:36.136-0500] {dag.py:3089} INFO - Sync 1 DAGs
[2025-11-13T10:33:36.149-0500] {logging_mixin.py:188} INFO - [2025-11-13T10:33:36.149-0500] {dag.py:3947} INFO - Setting next_dagrun for ocr_pipeline_dag to None, run_after=None
[2025-11-13T10:33:36.171-0500] {processor.py:183} INFO - Processing /opt/airflow/dags/ocr_pipeline_dag.py took 0.963 seconds
[2025-11-13T10:34:06.248-0500] {processor.py:161} INFO - Started process (PID=9287) to work on /opt/airflow/dags/ocr_pipeline_dag.py
[2025-11-13T10:34:06.250-0500] {processor.py:830} INFO - Processing file /opt/airflow/dags/ocr_pipeline_dag.py for tasks to queue
[2025-11-13T10:34:06.252-0500] {logging_mixin.py:188} INFO - [2025-11-13T10:34:06.251-0500] {dagbag.py:545} INFO - Filling up the DagBag from /opt/airflow/dags/ocr_pipeline_dag.py
[2025-11-13T10:34:06.269-0500] {logging_mixin.py:188} INFO - 📂 Using project root: /opt/project
[2025-11-13T10:34:06.467-0500] {logging_mixin.py:188} INFO - [2025-11-13T10:34:06.466-0500] {credentials.py:1278} INFO - Found credentials in shared credentials file: ~/.aws/credentials
[2025-11-13T10:34:07.165-0500] {processor.py:840} INFO - DAG(s) 'ocr_pipeline_dag' retrieved from /opt/airflow/dags/ocr_pipeline_dag.py
[2025-11-13T10:34:07.195-0500] {logging_mixin.py:188} INFO - [2025-11-13T10:34:07.194-0500] {dag.py:3089} INFO - Sync 1 DAGs
[2025-11-13T10:34:07.213-0500] {logging_mixin.py:188} INFO - [2025-11-13T10:34:07.212-0500] {dag.py:3947} INFO - Setting next_dagrun for ocr_pipeline_dag to None, run_after=None
[2025-11-13T10:34:07.244-0500] {processor.py:183} INFO - Processing /opt/airflow/dags/ocr_pipeline_dag.py took 1.005 seconds
[2025-11-13T10:34:37.330-0500] {processor.py:161} INFO - Started process (PID=9293) to work on /opt/airflow/dags/ocr_pipeline_dag.py
[2025-11-13T10:34:37.332-0500] {processor.py:830} INFO - Processing file /opt/airflow/dags/ocr_pipeline_dag.py for tasks to queue
[2025-11-13T10:34:37.333-0500] {logging_mixin.py:188} INFO - [2025-11-13T10:34:37.333-0500] {dagbag.py:545} INFO - Filling up the DagBag from /opt/airflow/dags/ocr_pipeline_dag.py
[2025-11-13T10:34:37.353-0500] {logging_mixin.py:188} INFO - 📂 Using project root: /opt/project
[2025-11-13T10:34:37.531-0500] {logging_mixin.py:188} INFO - [2025-11-13T10:34:37.531-0500] {credentials.py:1278} INFO - Found credentials in shared credentials file: ~/.aws/credentials
[2025-11-13T10:34:38.250-0500] {processor.py:840} INFO - DAG(s) 'ocr_pipeline_dag' retrieved from /opt/airflow/dags/ocr_pipeline_dag.py
[2025-11-13T10:34:38.279-0500] {logging_mixin.py:188} INFO - [2025-11-13T10:34:38.278-0500] {dag.py:3089} INFO - Sync 1 DAGs
[2025-11-13T10:34:38.293-0500] {logging_mixin.py:188} INFO - [2025-11-13T10:34:38.293-0500] {dag.py:3947} INFO - Setting next_dagrun for ocr_pipeline_dag to None, run_after=None
[2025-11-13T10:34:38.322-0500] {processor.py:183} INFO - Processing /opt/airflow/dags/ocr_pipeline_dag.py took 0.999 seconds
[2025-11-13T10:35:08.477-0500] {processor.py:161} INFO - Started process (PID=9299) to work on /opt/airflow/dags/ocr_pipeline_dag.py
[2025-11-13T10:35:08.478-0500] {processor.py:830} INFO - Processing file /opt/airflow/dags/ocr_pipeline_dag.py for tasks to queue
[2025-11-13T10:35:08.479-0500] {logging_mixin.py:188} INFO - [2025-11-13T10:35:08.479-0500] {dagbag.py:545} INFO - Filling up the DagBag from /opt/airflow/dags/ocr_pipeline_dag.py
[2025-11-13T10:35:08.498-0500] {logging_mixin.py:188} INFO - 📂 Using project root: /opt/project
[2025-11-13T10:35:08.666-0500] {logging_mixin.py:188} INFO - [2025-11-13T10:35:08.666-0500] {credentials.py:1278} INFO - Found credentials in shared credentials file: ~/.aws/credentials
[2025-11-13T10:35:09.344-0500] {processor.py:840} INFO - DAG(s) 'ocr_pipeline_dag' retrieved from /opt/airflow/dags/ocr_pipeline_dag.py
[2025-11-13T10:35:09.375-0500] {logging_mixin.py:188} INFO - [2025-11-13T10:35:09.375-0500] {dag.py:3089} INFO - Sync 1 DAGs
[2025-11-13T10:35:09.388-0500] {logging_mixin.py:188} INFO - [2025-11-13T10:35:09.387-0500] {dag.py:3947} INFO - Setting next_dagrun for ocr_pipeline_dag to None, run_after=None
[2025-11-13T10:35:09.418-0500] {processor.py:183} INFO - Processing /opt/airflow/dags/ocr_pipeline_dag.py took 0.947 seconds
[2025-11-13T10:35:39.702-0500] {processor.py:161} INFO - Started process (PID=9305) to work on /opt/airflow/dags/ocr_pipeline_dag.py
[2025-11-13T10:35:39.704-0500] {processor.py:830} INFO - Processing file /opt/airflow/dags/ocr_pipeline_dag.py for tasks to queue
[2025-11-13T10:35:39.706-0500] {logging_mixin.py:188} INFO - [2025-11-13T10:35:39.706-0500] {dagbag.py:545} INFO - Filling up the DagBag from /opt/airflow/dags/ocr_pipeline_dag.py
[2025-11-13T10:35:39.727-0500] {logging_mixin.py:188} INFO - 📂 Using project root: /opt/project
[2025-11-13T10:35:39.922-0500] {logging_mixin.py:188} INFO - [2025-11-13T10:35:39.921-0500] {credentials.py:1278} INFO - Found credentials in shared credentials file: ~/.aws/credentials
[2025-11-13T10:35:40.628-0500] {processor.py:840} INFO - DAG(s) 'ocr_pipeline_dag' retrieved from /opt/airflow/dags/ocr_pipeline_dag.py
[2025-11-13T10:35:40.670-0500] {logging_mixin.py:188} INFO - [2025-11-13T10:35:40.670-0500] {dag.py:3089} INFO - Sync 1 DAGs
[2025-11-13T10:35:40.683-0500] {logging_mixin.py:188} INFO - [2025-11-13T10:35:40.683-0500] {dag.py:3947} INFO - Setting next_dagrun for ocr_pipeline_dag to None, run_after=None
[2025-11-13T10:35:40.706-0500] {processor.py:183} INFO - Processing /opt/airflow/dags/ocr_pipeline_dag.py took 1.054 seconds
[2025-11-13T10:36:10.801-0500] {processor.py:161} INFO - Started process (PID=9311) to work on /opt/airflow/dags/ocr_pipeline_dag.py
[2025-11-13T10:36:10.803-0500] {processor.py:830} INFO - Processing file /opt/airflow/dags/ocr_pipeline_dag.py for tasks to queue
[2025-11-13T10:36:10.804-0500] {logging_mixin.py:188} INFO - [2025-11-13T10:36:10.804-0500] {dagbag.py:545} INFO - Filling up the DagBag from /opt/airflow/dags/ocr_pipeline_dag.py
[2025-11-13T10:36:10.826-0500] {logging_mixin.py:188} INFO - 📂 Using project root: /opt/project
[2025-11-13T10:36:11.008-0500] {logging_mixin.py:188} INFO - [2025-11-13T10:36:11.007-0500] {credentials.py:1278} INFO - Found credentials in shared credentials file: ~/.aws/credentials
[2025-11-13T10:36:11.694-0500] {processor.py:840} INFO - DAG(s) 'ocr_pipeline_dag' retrieved from /opt/airflow/dags/ocr_pipeline_dag.py
[2025-11-13T10:36:11.722-0500] {logging_mixin.py:188} INFO - [2025-11-13T10:36:11.721-0500] {dag.py:3089} INFO - Sync 1 DAGs
[2025-11-13T10:36:11.734-0500] {logging_mixin.py:188} INFO - [2025-11-13T10:36:11.734-0500] {dag.py:3947} INFO - Setting next_dagrun for ocr_pipeline_dag to None, run_after=None
[2025-11-13T10:36:11.763-0500] {processor.py:183} INFO - Processing /opt/airflow/dags/ocr_pipeline_dag.py took 0.973 seconds
[2025-11-13T10:36:42.920-0500] {processor.py:161} INFO - Started process (PID=9317) to work on /opt/airflow/dags/ocr_pipeline_dag.py
[2025-11-13T10:36:42.922-0500] {processor.py:830} INFO - Processing file /opt/airflow/dags/ocr_pipeline_dag.py for tasks to queue
[2025-11-13T10:36:42.923-0500] {logging_mixin.py:188} INFO - [2025-11-13T10:36:42.923-0500] {dagbag.py:545} INFO - Filling up the DagBag from /opt/airflow/dags/ocr_pipeline_dag.py
[2025-11-13T10:36:42.942-0500] {logging_mixin.py:188} INFO - 📂 Using project root: /opt/project
[2025-11-13T10:36:43.134-0500] {logging_mixin.py:188} INFO - [2025-11-13T10:36:43.134-0500] {credentials.py:1278} INFO - Found credentials in shared credentials file: ~/.aws/credentials
[2025-11-13T10:36:43.863-0500] {processor.py:840} INFO - DAG(s) 'ocr_pipeline_dag' retrieved from /opt/airflow/dags/ocr_pipeline_dag.py
[2025-11-13T10:36:43.894-0500] {logging_mixin.py:188} INFO - [2025-11-13T10:36:43.893-0500] {dag.py:3089} INFO - Sync 1 DAGs
[2025-11-13T10:36:43.908-0500] {logging_mixin.py:188} INFO - [2025-11-13T10:36:43.907-0500] {dag.py:3947} INFO - Setting next_dagrun for ocr_pipeline_dag to None, run_after=None
[2025-11-13T10:36:43.930-0500] {processor.py:183} INFO - Processing /opt/airflow/dags/ocr_pipeline_dag.py took 1.017 seconds
[2025-11-13T10:37:14.103-0500] {processor.py:161} INFO - Started process (PID=9323) to work on /opt/airflow/dags/ocr_pipeline_dag.py
[2025-11-13T10:37:14.104-0500] {processor.py:830} INFO - Processing file /opt/airflow/dags/ocr_pipeline_dag.py for tasks to queue
[2025-11-13T10:37:14.106-0500] {logging_mixin.py:188} INFO - [2025-11-13T10:37:14.105-0500] {dagbag.py:545} INFO - Filling up the DagBag from /opt/airflow/dags/ocr_pipeline_dag.py
[2025-11-13T10:37:14.126-0500] {logging_mixin.py:188} INFO - 📂 Using project root: /opt/project
[2025-11-13T10:37:14.316-0500] {logging_mixin.py:188} INFO - [2025-11-13T10:37:14.316-0500] {credentials.py:1278} INFO - Found credentials in shared credentials file: ~/.aws/credentials
[2025-11-13T10:37:16.994-0500] {processor.py:840} INFO - DAG(s) 'ocr_pipeline_dag' retrieved from /opt/airflow/dags/ocr_pipeline_dag.py
[2025-11-13T10:37:17.023-0500] {logging_mixin.py:188} INFO - [2025-11-13T10:37:17.023-0500] {dag.py:3089} INFO - Sync 1 DAGs
[2025-11-13T10:37:17.038-0500] {logging_mixin.py:188} INFO - [2025-11-13T10:37:17.038-0500] {dag.py:3947} INFO - Setting next_dagrun for ocr_pipeline_dag to None, run_after=None
[2025-11-13T10:37:17.069-0500] {processor.py:183} INFO - Processing /opt/airflow/dags/ocr_pipeline_dag.py took 1.032 seconds
[2025-11-13T10:37:47.263-0500] {processor.py:161} INFO - Started process (PID=9329) to work on /opt/airflow/dags/ocr_pipeline_dag.py
[2025-11-13T10:37:47.264-0500] {processor.py:830} INFO - Processing file /opt/airflow/dags/ocr_pipeline_dag.py for tasks to queue
[2025-11-13T10:37:47.266-0500] {logging_mixin.py:188} INFO - [2025-11-13T10:37:47.266-0500] {dagbag.py:545} INFO - Filling up the DagBag from /opt/airflow/dags/ocr_pipeline_dag.py
[2025-11-13T10:37:47.287-0500] {logging_mixin.py:188} INFO - 📂 Using project root: /opt/project
[2025-11-13T10:37:47.467-0500] {logging_mixin.py:188} INFO - [2025-11-13T10:37:47.467-0500] {credentials.py:1278} INFO - Found credentials in shared credentials file: ~/.aws/credentials
[2025-11-13T10:37:48.213-0500] {processor.py:840} INFO - DAG(s) 'ocr_pipeline_dag' retrieved from /opt/airflow/dags/ocr_pipeline_dag.py
[2025-11-13T10:37:48.262-0500] {logging_mixin.py:188} INFO - [2025-11-13T10:37:48.262-0500] {dag.py:3089} INFO - Sync 1 DAGs
[2025-11-13T10:37:48.282-0500] {logging_mixin.py:188} INFO - [2025-11-13T10:37:48.282-0500] {dag.py:3947} INFO - Setting next_dagrun for ocr_pipeline_dag to None, run_after=None
[2025-11-13T10:37:48.307-0500] {processor.py:183} INFO - Processing /opt/airflow/dags/ocr_pipeline_dag.py took 1.051 seconds
[2025-11-13T10:38:18.398-0500] {processor.py:161} INFO - Started process (PID=9335) to work on /opt/airflow/dags/ocr_pipeline_dag.py
[2025-11-13T10:38:18.400-0500] {processor.py:830} INFO - Processing file /opt/airflow/dags/ocr_pipeline_dag.py for tasks to queue
[2025-11-13T10:38:18.401-0500] {logging_mixin.py:188} INFO - [2025-11-13T10:38:18.401-0500] {dagbag.py:545} INFO - Filling up the DagBag from /opt/airflow/dags/ocr_pipeline_dag.py
[2025-11-13T10:38:18.422-0500] {logging_mixin.py:188} INFO - 📂 Using project root: /opt/project
[2025-11-13T10:38:18.601-0500] {logging_mixin.py:188} INFO - [2025-11-13T10:38:18.601-0500] {credentials.py:1278} INFO - Found credentials in shared credentials file: ~/.aws/credentials
[2025-11-13T10:38:19.339-0500] {processor.py:840} INFO - DAG(s) 'ocr_pipeline_dag' retrieved from /opt/airflow/dags/ocr_pipeline_dag.py
[2025-11-13T10:38:19.370-0500] {logging_mixin.py:188} INFO - [2025-11-13T10:38:19.370-0500] {dag.py:3089} INFO - Sync 1 DAGs
[2025-11-13T10:38:19.385-0500] {logging_mixin.py:188} INFO - [2025-11-13T10:38:19.384-0500] {dag.py:3947} INFO - Setting next_dagrun for ocr_pipeline_dag to None, run_after=None
[2025-11-13T10:38:19.413-0500] {processor.py:183} INFO - Processing /opt/airflow/dags/ocr_pipeline_dag.py took 1.024 seconds
[2025-11-13T10:38:49.564-0500] {processor.py:161} INFO - Started process (PID=9341) to work on /opt/airflow/dags/ocr_pipeline_dag.py
[2025-11-13T10:38:49.566-0500] {processor.py:830} INFO - Processing file /opt/airflow/dags/ocr_pipeline_dag.py for tasks to queue
[2025-11-13T10:38:49.567-0500] {logging_mixin.py:188} INFO - [2025-11-13T10:38:49.567-0500] {dagbag.py:545} INFO - Filling up the DagBag from /opt/airflow/dags/ocr_pipeline_dag.py
[2025-11-13T10:38:49.588-0500] {logging_mixin.py:188} INFO - 📂 Using project root: /opt/project
[2025-11-13T10:38:49.775-0500] {logging_mixin.py:188} INFO - [2025-11-13T10:38:49.774-0500] {credentials.py:1278} INFO - Found credentials in shared credentials file: ~/.aws/credentials
[2025-11-13T10:38:50.493-0500] {processor.py:840} INFO - DAG(s) 'ocr_pipeline_dag' retrieved from /opt/airflow/dags/ocr_pipeline_dag.py
[2025-11-13T10:38:50.523-0500] {logging_mixin.py:188} INFO - [2025-11-13T10:38:50.522-0500] {dag.py:3089} INFO - Sync 1 DAGs
[2025-11-13T10:38:50.536-0500] {logging_mixin.py:188} INFO - [2025-11-13T10:38:50.536-0500] {dag.py:3947} INFO - Setting next_dagrun for ocr_pipeline_dag to None, run_after=None
[2025-11-13T10:38:50.560-0500] {processor.py:183} INFO - Processing /opt/airflow/dags/ocr_pipeline_dag.py took 1.004 seconds
[2025-11-13T10:39:20.640-0500] {processor.py:161} INFO - Started process (PID=9347) to work on /opt/airflow/dags/ocr_pipeline_dag.py
[2025-11-13T10:39:20.641-0500] {processor.py:830} INFO - Processing file /opt/airflow/dags/ocr_pipeline_dag.py for tasks to queue
[2025-11-13T10:39:20.642-0500] {logging_mixin.py:188} INFO - [2025-11-13T10:39:20.642-0500] {dagbag.py:545} INFO - Filling up the DagBag from /opt/airflow/dags/ocr_pipeline_dag.py
[2025-11-13T10:39:20.662-0500] {logging_mixin.py:188} INFO - 📂 Using project root: /opt/project
[2025-11-13T10:39:20.835-0500] {logging_mixin.py:188} INFO - [2025-11-13T10:39:20.834-0500] {credentials.py:1278} INFO - Found credentials in shared credentials file: ~/.aws/credentials
[2025-11-13T10:39:21.525-0500] {processor.py:840} INFO - DAG(s) 'ocr_pipeline_dag' retrieved from /opt/airflow/dags/ocr_pipeline_dag.py
[2025-11-13T10:39:21.553-0500] {logging_mixin.py:188} INFO - [2025-11-13T10:39:21.553-0500] {dag.py:3089} INFO - Sync 1 DAGs
[2025-11-13T10:39:21.572-0500] {logging_mixin.py:188} INFO - [2025-11-13T10:39:21.572-0500] {dag.py:3947} INFO - Setting next_dagrun for ocr_pipeline_dag to None, run_after=None
[2025-11-13T10:39:21.595-0500] {processor.py:183} INFO - Processing /opt/airflow/dags/ocr_pipeline_dag.py took 0.962 seconds
[2025-11-13T10:39:51.787-0500] {processor.py:161} INFO - Started process (PID=9353) to work on /opt/airflow/dags/ocr_pipeline_dag.py
[2025-11-13T10:39:51.789-0500] {processor.py:830} INFO - Processing file /opt/airflow/dags/ocr_pipeline_dag.py for tasks to queue
[2025-11-13T10:39:51.790-0500] {logging_mixin.py:188} INFO - [2025-11-13T10:39:51.790-0500] {dagbag.py:545} INFO - Filling up the DagBag from /opt/airflow/dags/ocr_pipeline_dag.py
[2025-11-13T10:39:51.810-0500] {logging_mixin.py:188} INFO - 📂 Using project root: /opt/project
[2025-11-13T10:39:52.022-0500] {logging_mixin.py:188} INFO - [2025-11-13T10:39:52.022-0500] {credentials.py:1278} INFO - Found credentials in shared credentials file: ~/.aws/credentials
[2025-11-13T10:39:52.897-0500] {processor.py:840} INFO - DAG(s) 'ocr_pipeline_dag' retrieved from /opt/airflow/dags/ocr_pipeline_dag.py
[2025-11-13T10:39:52.937-0500] {logging_mixin.py:188} INFO - [2025-11-13T10:39:52.937-0500] {dag.py:3089} INFO - Sync 1 DAGs
[2025-11-13T10:39:52.956-0500] {logging_mixin.py:188} INFO - [2025-11-13T10:39:52.956-0500] {dag.py:3947} INFO - Setting next_dagrun for ocr_pipeline_dag to None, run_after=None
[2025-11-13T10:39:52.981-0500] {processor.py:183} INFO - Processing /opt/airflow/dags/ocr_pipeline_dag.py took 1.202 seconds
[2025-11-13T10:40:23.127-0500] {processor.py:161} INFO - Started process (PID=9359) to work on /opt/airflow/dags/ocr_pipeline_dag.py
[2025-11-13T10:40:23.129-0500] {processor.py:830} INFO - Processing file /opt/airflow/dags/ocr_pipeline_dag.py for tasks to queue
[2025-11-13T10:40:23.130-0500] {logging_mixin.py:188} INFO - [2025-11-13T10:40:23.130-0500] {dagbag.py:545} INFO - Filling up the DagBag from /opt/airflow/dags/ocr_pipeline_dag.py
[2025-11-13T10:40:23.151-0500] {logging_mixin.py:188} INFO - 📂 Using project root: /opt/project
[2025-11-13T10:40:23.348-0500] {logging_mixin.py:188} INFO - [2025-11-13T10:40:23.347-0500] {credentials.py:1278} INFO - Found credentials in shared credentials file: ~/.aws/credentials
[2025-11-13T10:40:24.244-0500] {processor.py:840} INFO - DAG(s) 'ocr_pipeline_dag' retrieved from /opt/airflow/dags/ocr_pipeline_dag.py
[2025-11-13T10:40:24.281-0500] {logging_mixin.py:188} INFO - [2025-11-13T10:40:24.280-0500] {dag.py:3089} INFO - Sync 1 DAGs
[2025-11-13T10:40:24.297-0500] {logging_mixin.py:188} INFO - [2025-11-13T10:40:24.296-0500] {dag.py:3947} INFO - Setting next_dagrun for ocr_pipeline_dag to None, run_after=None
[2025-11-13T10:40:24.328-0500] {processor.py:183} INFO - Processing /opt/airflow/dags/ocr_pipeline_dag.py took 1.210 seconds
[2025-11-13T10:40:54.563-0500] {processor.py:161} INFO - Started process (PID=9365) to work on /opt/airflow/dags/ocr_pipeline_dag.py
[2025-11-13T10:40:54.565-0500] {processor.py:830} INFO - Processing file /opt/airflow/dags/ocr_pipeline_dag.py for tasks to queue
[2025-11-13T10:40:54.566-0500] {logging_mixin.py:188} INFO - [2025-11-13T10:40:54.566-0500] {dagbag.py:545} INFO - Filling up the DagBag from /opt/airflow/dags/ocr_pipeline_dag.py
[2025-11-13T10:40:54.584-0500] {logging_mixin.py:188} INFO - 📂 Using project root: /opt/project
[2025-11-13T10:40:54.769-0500] {logging_mixin.py:188} INFO - [2025-11-13T10:40:54.768-0500] {credentials.py:1278} INFO - Found credentials in shared credentials file: ~/.aws/credentials
[2025-11-13T10:40:55.460-0500] {processor.py:840} INFO - DAG(s) 'ocr_pipeline_dag' retrieved from /opt/airflow/dags/ocr_pipeline_dag.py
[2025-11-13T10:40:55.488-0500] {logging_mixin.py:188} INFO - [2025-11-13T10:40:55.488-0500] {dag.py:3089} INFO - Sync 1 DAGs
[2025-11-13T10:40:55.502-0500] {logging_mixin.py:188} INFO - [2025-11-13T10:40:55.502-0500] {dag.py:3947} INFO - Setting next_dagrun for ocr_pipeline_dag to None, run_after=None
[2025-11-13T10:40:55.530-0500] {processor.py:183} INFO - Processing /opt/airflow/dags/ocr_pipeline_dag.py took 0.975 seconds
[2025-11-13T10:41:25.781-0500] {processor.py:161} INFO - Started process (PID=9371) to work on /opt/airflow/dags/ocr_pipeline_dag.py
[2025-11-13T10:41:25.783-0500] {processor.py:830} INFO - Processing file /opt/airflow/dags/ocr_pipeline_dag.py for tasks to queue
[2025-11-13T10:41:25.784-0500] {logging_mixin.py:188} INFO - [2025-11-13T10:41:25.784-0500] {dagbag.py:545} INFO - Filling up the DagBag from /opt/airflow/dags/ocr_pipeline_dag.py
[2025-11-13T10:41:25.804-0500] {logging_mixin.py:188} INFO - 📂 Using project root: /opt/project
[2025-11-13T10:41:26.000-0500] {logging_mixin.py:188} INFO - [2025-11-13T10:41:26.000-0500] {credentials.py:1278} INFO - Found credentials in shared credentials file: ~/.aws/credentials
[2025-11-13T10:41:26.690-0500] {processor.py:840} INFO - DAG(s) 'ocr_pipeline_dag' retrieved from /opt/airflow/dags/ocr_pipeline_dag.py
[2025-11-13T10:41:26.721-0500] {logging_mixin.py:188} INFO - [2025-11-13T10:41:26.721-0500] {dag.py:3089} INFO - Sync 1 DAGs
[2025-11-13T10:41:26.734-0500] {logging_mixin.py:188} INFO - [2025-11-13T10:41:26.733-0500] {dag.py:3947} INFO - Setting next_dagrun for ocr_pipeline_dag to None, run_after=None
[2025-11-13T10:41:26.756-0500] {processor.py:183} INFO - Processing /opt/airflow/dags/ocr_pipeline_dag.py took 0.982 seconds
[2025-11-13T10:41:57.016-0500] {processor.py:161} INFO - Started process (PID=9377) to work on /opt/airflow/dags/ocr_pipeline_dag.py
[2025-11-13T10:41:57.017-0500] {processor.py:830} INFO - Processing file /opt/airflow/dags/ocr_pipeline_dag.py for tasks to queue
[2025-11-13T10:41:57.018-0500] {logging_mixin.py:188} INFO - [2025-11-13T10:41:57.018-0500] {dagbag.py:545} INFO - Filling up the DagBag from /opt/airflow/dags/ocr_pipeline_dag.py
[2025-11-13T10:41:57.036-0500] {logging_mixin.py:188} INFO - 📂 Using project root: /opt/project
[2025-11-13T10:41:57.230-0500] {logging_mixin.py:188} INFO - [2025-11-13T10:41:57.229-0500] {credentials.py:1278} INFO - Found credentials in shared credentials file: ~/.aws/credentials
[2025-11-13T10:41:57.952-0500] {processor.py:840} INFO - DAG(s) 'ocr_pipeline_dag' retrieved from /opt/airflow/dags/ocr_pipeline_dag.py
[2025-11-13T10:41:57.980-0500] {logging_mixin.py:188} INFO - [2025-11-13T10:41:57.979-0500] {dag.py:3089} INFO - Sync 1 DAGs
[2025-11-13T10:41:57.993-0500] {logging_mixin.py:188} INFO - [2025-11-13T10:41:57.992-0500] {dag.py:3947} INFO - Setting next_dagrun for ocr_pipeline_dag to None, run_after=None
[2025-11-13T10:41:58.019-0500] {processor.py:183} INFO - Processing /opt/airflow/dags/ocr_pipeline_dag.py took 1.010 seconds
[2025-11-13T10:42:28.243-0500] {processor.py:161} INFO - Started process (PID=9383) to work on /opt/airflow/dags/ocr_pipeline_dag.py
[2025-11-13T10:42:28.244-0500] {processor.py:830} INFO - Processing file /opt/airflow/dags/ocr_pipeline_dag.py for tasks to queue
[2025-11-13T10:42:28.245-0500] {logging_mixin.py:188} INFO - [2025-11-13T10:42:28.245-0500] {dagbag.py:545} INFO - Filling up the DagBag from /opt/airflow/dags/ocr_pipeline_dag.py
[2025-11-13T10:42:28.266-0500] {logging_mixin.py:188} INFO - 📂 Using project root: /opt/project
[2025-11-13T10:42:28.468-0500] {logging_mixin.py:188} INFO - [2025-11-13T10:42:28.467-0500] {credentials.py:1278} INFO - Found credentials in shared credentials file: ~/.aws/credentials
[2025-11-13T10:42:29.193-0500] {processor.py:840} INFO - DAG(s) 'ocr_pipeline_dag' retrieved from /opt/airflow/dags/ocr_pipeline_dag.py
[2025-11-13T10:42:29.224-0500] {logging_mixin.py:188} INFO - [2025-11-13T10:42:29.224-0500] {dag.py:3089} INFO - Sync 1 DAGs
[2025-11-13T10:42:29.237-0500] {logging_mixin.py:188} INFO - [2025-11-13T10:42:29.237-0500] {dag.py:3947} INFO - Setting next_dagrun for ocr_pipeline_dag to None, run_after=None
[2025-11-13T10:42:29.261-0500] {processor.py:183} INFO - Processing /opt/airflow/dags/ocr_pipeline_dag.py took 1.027 seconds
[2025-11-13T10:42:59.383-0500] {processor.py:161} INFO - Started process (PID=9389) to work on /opt/airflow/dags/ocr_pipeline_dag.py
[2025-11-13T10:42:59.385-0500] {processor.py:830} INFO - Processing file /opt/airflow/dags/ocr_pipeline_dag.py for tasks to queue
[2025-11-13T10:42:59.386-0500] {logging_mixin.py:188} INFO - [2025-11-13T10:42:59.386-0500] {dagbag.py:545} INFO - Filling up the DagBag from /opt/airflow/dags/ocr_pipeline_dag.py
[2025-11-13T10:42:59.405-0500] {logging_mixin.py:188} INFO - 📂 Using project root: /opt/project
[2025-11-13T10:42:59.587-0500] {logging_mixin.py:188} INFO - [2025-11-13T10:42:59.587-0500] {credentials.py:1278} INFO - Found credentials in shared credentials file: ~/.aws/credentials
[2025-11-13T10:43:00.310-0500] {processor.py:840} INFO - DAG(s) 'ocr_pipeline_dag' retrieved from /opt/airflow/dags/ocr_pipeline_dag.py
[2025-11-13T10:43:00.341-0500] {logging_mixin.py:188} INFO - [2025-11-13T10:43:00.341-0500] {dag.py:3089} INFO - Sync 1 DAGs
[2025-11-13T10:43:00.356-0500] {logging_mixin.py:188} INFO - [2025-11-13T10:43:00.356-0500] {dag.py:3947} INFO - Setting next_dagrun for ocr_pipeline_dag to None, run_after=None
[2025-11-13T10:43:00.381-0500] {processor.py:183} INFO - Processing /opt/airflow/dags/ocr_pipeline_dag.py took 1.006 seconds
[2025-11-13T10:43:30.588-0500] {processor.py:161} INFO - Started process (PID=9395) to work on /opt/airflow/dags/ocr_pipeline_dag.py
[2025-11-13T10:43:30.590-0500] {processor.py:830} INFO - Processing file /opt/airflow/dags/ocr_pipeline_dag.py for tasks to queue
[2025-11-13T10:43:30.591-0500] {logging_mixin.py:188} INFO - [2025-11-13T10:43:30.591-0500] {dagbag.py:545} INFO - Filling up the DagBag from /opt/airflow/dags/ocr_pipeline_dag.py
[2025-11-13T10:43:30.612-0500] {logging_mixin.py:188} INFO - 📂 Using project root: /opt/project
[2025-11-13T10:43:32.672-0500] {logging_mixin.py:188} INFO - [2025-11-13T10:43:32.671-0500] {credentials.py:1278} INFO - Found credentials in shared credentials file: ~/.aws/credentials
[2025-11-13T10:43:33.435-0500] {processor.py:840} INFO - DAG(s) 'ocr_pipeline_dag' retrieved from /opt/airflow/dags/ocr_pipeline_dag.py
[2025-11-13T10:43:33.466-0500] {logging_mixin.py:188} INFO - [2025-11-13T10:43:33.466-0500] {dag.py:3089} INFO - Sync 1 DAGs
[2025-11-13T10:43:33.482-0500] {logging_mixin.py:188} INFO - [2025-11-13T10:43:33.482-0500] {dag.py:3947} INFO - Setting next_dagrun for ocr_pipeline_dag to None, run_after=None
[2025-11-13T10:43:33.512-0500] {processor.py:183} INFO - Processing /opt/airflow/dags/ocr_pipeline_dag.py took 1.065 seconds
[2025-11-13T10:44:03.646-0500] {processor.py:161} INFO - Started process (PID=9401) to work on /opt/airflow/dags/ocr_pipeline_dag.py
[2025-11-13T10:44:03.647-0500] {processor.py:830} INFO - Processing file /opt/airflow/dags/ocr_pipeline_dag.py for tasks to queue
[2025-11-13T10:44:03.649-0500] {logging_mixin.py:188} INFO - [2025-11-13T10:44:03.648-0500] {dagbag.py:545} INFO - Filling up the DagBag from /opt/airflow/dags/ocr_pipeline_dag.py
[2025-11-13T10:44:03.670-0500] {logging_mixin.py:188} INFO - 📂 Using project root: /opt/project
[2025-11-13T10:44:03.853-0500] {logging_mixin.py:188} INFO - [2025-11-13T10:44:03.853-0500] {credentials.py:1278} INFO - Found credentials in shared credentials file: ~/.aws/credentials
[2025-11-13T10:44:04.537-0500] {processor.py:840} INFO - DAG(s) 'ocr_pipeline_dag' retrieved from /opt/airflow/dags/ocr_pipeline_dag.py
[2025-11-13T10:44:04.569-0500] {logging_mixin.py:188} INFO - [2025-11-13T10:44:04.568-0500] {dag.py:3089} INFO - Sync 1 DAGs
[2025-11-13T10:44:04.584-0500] {logging_mixin.py:188} INFO - [2025-11-13T10:44:04.584-0500] {dag.py:3947} INFO - Setting next_dagrun for ocr_pipeline_dag to None, run_after=None
[2025-11-13T10:44:04.606-0500] {processor.py:183} INFO - Processing /opt/airflow/dags/ocr_pipeline_dag.py took 0.969 seconds
[2025-11-13T10:44:34.841-0500] {processor.py:161} INFO - Started process (PID=9407) to work on /opt/airflow/dags/ocr_pipeline_dag.py
[2025-11-13T10:44:34.842-0500] {processor.py:830} INFO - Processing file /opt/airflow/dags/ocr_pipeline_dag.py for tasks to queue
[2025-11-13T10:44:34.844-0500] {logging_mixin.py:188} INFO - [2025-11-13T10:44:34.844-0500] {dagbag.py:545} INFO - Filling up the DagBag from /opt/airflow/dags/ocr_pipeline_dag.py
[2025-11-13T10:44:34.866-0500] {logging_mixin.py:188} INFO - 📂 Using project root: /opt/project
[2025-11-13T10:44:35.051-0500] {logging_mixin.py:188} INFO - [2025-11-13T10:44:35.050-0500] {credentials.py:1278} INFO - Found credentials in shared credentials file: ~/.aws/credentials
[2025-11-13T10:44:35.724-0500] {processor.py:840} INFO - DAG(s) 'ocr_pipeline_dag' retrieved from /opt/airflow/dags/ocr_pipeline_dag.py
[2025-11-13T10:44:35.755-0500] {logging_mixin.py:188} INFO - [2025-11-13T10:44:35.755-0500] {dag.py:3089} INFO - Sync 1 DAGs
[2025-11-13T10:44:35.768-0500] {logging_mixin.py:188} INFO - [2025-11-13T10:44:35.768-0500] {dag.py:3947} INFO - Setting next_dagrun for ocr_pipeline_dag to None, run_after=None
[2025-11-13T10:44:35.798-0500] {processor.py:183} INFO - Processing /opt/airflow/dags/ocr_pipeline_dag.py took 0.965 seconds
[2025-11-13T10:45:05.972-0500] {processor.py:161} INFO - Started process (PID=9413) to work on /opt/airflow/dags/ocr_pipeline_dag.py
[2025-11-13T10:45:05.974-0500] {processor.py:830} INFO - Processing file /opt/airflow/dags/ocr_pipeline_dag.py for tasks to queue
[2025-11-13T10:45:05.975-0500] {logging_mixin.py:188} INFO - [2025-11-13T10:45:05.975-0500] {dagbag.py:545} INFO - Filling up the DagBag from /opt/airflow/dags/ocr_pipeline_dag.py
[2025-11-13T10:45:05.997-0500] {logging_mixin.py:188} INFO - 📂 Using project root: /opt/project
[2025-11-13T10:45:06.197-0500] {logging_mixin.py:188} INFO - [2025-11-13T10:45:06.197-0500] {credentials.py:1278} INFO - Found credentials in shared credentials file: ~/.aws/credentials
[2025-11-13T10:45:07.052-0500] {processor.py:840} INFO - DAG(s) 'ocr_pipeline_dag' retrieved from /opt/airflow/dags/ocr_pipeline_dag.py
[2025-11-13T10:45:07.097-0500] {logging_mixin.py:188} INFO - [2025-11-13T10:45:07.096-0500] {dag.py:3089} INFO - Sync 1 DAGs
[2025-11-13T10:45:07.116-0500] {logging_mixin.py:188} INFO - [2025-11-13T10:45:07.116-0500] {dag.py:3947} INFO - Setting next_dagrun for ocr_pipeline_dag to None, run_after=None
[2025-11-13T10:45:07.142-0500] {processor.py:183} INFO - Processing /opt/airflow/dags/ocr_pipeline_dag.py took 1.178 seconds
[2025-11-13T10:45:37.365-0500] {processor.py:161} INFO - Started process (PID=9419) to work on /opt/airflow/dags/ocr_pipeline_dag.py
[2025-11-13T10:45:37.367-0500] {processor.py:830} INFO - Processing file /opt/airflow/dags/ocr_pipeline_dag.py for tasks to queue
[2025-11-13T10:45:37.369-0500] {logging_mixin.py:188} INFO - [2025-11-13T10:45:37.368-0500] {dagbag.py:545} INFO - Filling up the DagBag from /opt/airflow/dags/ocr_pipeline_dag.py
[2025-11-13T10:45:37.391-0500] {logging_mixin.py:188} INFO - 📂 Using project root: /opt/project
[2025-11-13T10:45:37.573-0500] {logging_mixin.py:188} INFO - [2025-11-13T10:45:37.573-0500] {credentials.py:1278} INFO - Found credentials in shared credentials file: ~/.aws/credentials
[2025-11-13T10:45:38.282-0500] {processor.py:840} INFO - DAG(s) 'ocr_pipeline_dag' retrieved from /opt/airflow/dags/ocr_pipeline_dag.py
[2025-11-13T10:45:38.311-0500] {logging_mixin.py:188} INFO - [2025-11-13T10:45:38.310-0500] {dag.py:3089} INFO - Sync 1 DAGs
[2025-11-13T10:45:38.322-0500] {logging_mixin.py:188} INFO - [2025-11-13T10:45:38.322-0500] {dag.py:3947} INFO - Setting next_dagrun for ocr_pipeline_dag to None, run_after=None
[2025-11-13T10:45:38.351-0500] {processor.py:183} INFO - Processing /opt/airflow/dags/ocr_pipeline_dag.py took 0.994 seconds
[2025-11-13T10:46:08.463-0500] {processor.py:161} INFO - Started process (PID=9425) to work on /opt/airflow/dags/ocr_pipeline_dag.py
[2025-11-13T10:46:08.465-0500] {processor.py:830} INFO - Processing file /opt/airflow/dags/ocr_pipeline_dag.py for tasks to queue
[2025-11-13T10:46:08.466-0500] {logging_mixin.py:188} INFO - [2025-11-13T10:46:08.466-0500] {dagbag.py:545} INFO - Filling up the DagBag from /opt/airflow/dags/ocr_pipeline_dag.py
[2025-11-13T10:46:08.485-0500] {logging_mixin.py:188} INFO - 📂 Using project root: /opt/project
[2025-11-13T10:46:08.660-0500] {logging_mixin.py:188} INFO - [2025-11-13T10:46:08.660-0500] {credentials.py:1278} INFO - Found credentials in shared credentials file: ~/.aws/credentials
[2025-11-13T10:46:09.390-0500] {processor.py:840} INFO - DAG(s) 'ocr_pipeline_dag' retrieved from /opt/airflow/dags/ocr_pipeline_dag.py
[2025-11-13T10:46:09.423-0500] {logging_mixin.py:188} INFO - [2025-11-13T10:46:09.422-0500] {dag.py:3089} INFO - Sync 1 DAGs
[2025-11-13T10:46:09.438-0500] {logging_mixin.py:188} INFO - [2025-11-13T10:46:09.437-0500] {dag.py:3947} INFO - Setting next_dagrun for ocr_pipeline_dag to None, run_after=None
[2025-11-13T10:46:09.470-0500] {processor.py:183} INFO - Processing /opt/airflow/dags/ocr_pipeline_dag.py took 1.015 seconds
[2025-11-13T10:46:39.582-0500] {processor.py:161} INFO - Started process (PID=9431) to work on /opt/airflow/dags/ocr_pipeline_dag.py
[2025-11-13T10:46:39.583-0500] {processor.py:830} INFO - Processing file /opt/airflow/dags/ocr_pipeline_dag.py for tasks to queue
[2025-11-13T10:46:39.584-0500] {logging_mixin.py:188} INFO - [2025-11-13T10:46:39.584-0500] {dagbag.py:545} INFO - Filling up the DagBag from /opt/airflow/dags/ocr_pipeline_dag.py
[2025-11-13T10:46:39.603-0500] {logging_mixin.py:188} INFO - 📂 Using project root: /opt/project
[2025-11-13T10:46:39.790-0500] {logging_mixin.py:188} INFO - [2025-11-13T10:46:39.790-0500] {credentials.py:1278} INFO - Found credentials in shared credentials file: ~/.aws/credentials
[2025-11-13T10:46:40.491-0500] {processor.py:840} INFO - DAG(s) 'ocr_pipeline_dag' retrieved from /opt/airflow/dags/ocr_pipeline_dag.py
[2025-11-13T10:46:40.533-0500] {logging_mixin.py:188} INFO - [2025-11-13T10:46:40.532-0500] {dag.py:3089} INFO - Sync 1 DAGs
[2025-11-13T10:46:40.552-0500] {logging_mixin.py:188} INFO - [2025-11-13T10:46:40.552-0500] {dag.py:3947} INFO - Setting next_dagrun for ocr_pipeline_dag to None, run_after=None
[2025-11-13T10:46:40.581-0500] {processor.py:183} INFO - Processing /opt/airflow/dags/ocr_pipeline_dag.py took 1.007 seconds
[2025-11-13T10:47:10.679-0500] {processor.py:161} INFO - Started process (PID=9437) to work on /opt/airflow/dags/ocr_pipeline_dag.py
[2025-11-13T10:47:10.681-0500] {processor.py:830} INFO - Processing file /opt/airflow/dags/ocr_pipeline_dag.py for tasks to queue
[2025-11-13T10:47:10.682-0500] {logging_mixin.py:188} INFO - [2025-11-13T10:47:10.682-0500] {dagbag.py:545} INFO - Filling up the DagBag from /opt/airflow/dags/ocr_pipeline_dag.py
[2025-11-13T10:47:10.702-0500] {logging_mixin.py:188} INFO - 📂 Using project root: /opt/project
[2025-11-13T10:47:10.890-0500] {logging_mixin.py:188} INFO - [2025-11-13T10:47:10.890-0500] {credentials.py:1278} INFO - Found credentials in shared credentials file: ~/.aws/credentials
[2025-11-13T10:47:11.593-0500] {processor.py:840} INFO - DAG(s) 'ocr_pipeline_dag' retrieved from /opt/airflow/dags/ocr_pipeline_dag.py
[2025-11-13T10:47:11.626-0500] {logging_mixin.py:188} INFO - [2025-11-13T10:47:11.626-0500] {dag.py:3089} INFO - Sync 1 DAGs
[2025-11-13T10:47:11.642-0500] {logging_mixin.py:188} INFO - [2025-11-13T10:47:11.642-0500] {dag.py:3947} INFO - Setting next_dagrun for ocr_pipeline_dag to None, run_after=None
[2025-11-13T10:47:11.667-0500] {processor.py:183} INFO - Processing /opt/airflow/dags/ocr_pipeline_dag.py took 0.995 seconds
[2025-11-13T10:47:41.749-0500] {processor.py:161} INFO - Started process (PID=9443) to work on /opt/airflow/dags/ocr_pipeline_dag.py
[2025-11-13T10:47:41.750-0500] {processor.py:830} INFO - Processing file /opt/airflow/dags/ocr_pipeline_dag.py for tasks to queue
[2025-11-13T10:47:41.752-0500] {logging_mixin.py:188} INFO - [2025-11-13T10:47:41.751-0500] {dagbag.py:545} INFO - Filling up the DagBag from /opt/airflow/dags/ocr_pipeline_dag.py
[2025-11-13T10:47:41.770-0500] {logging_mixin.py:188} INFO - 📂 Using project root: /opt/project
[2025-11-13T10:47:41.952-0500] {logging_mixin.py:188} INFO - [2025-11-13T10:47:41.952-0500] {credentials.py:1278} INFO - Found credentials in shared credentials file: ~/.aws/credentials
[2025-11-13T10:47:42.665-0500] {processor.py:840} INFO - DAG(s) 'ocr_pipeline_dag' retrieved from /opt/airflow/dags/ocr_pipeline_dag.py
[2025-11-13T10:47:42.695-0500] {logging_mixin.py:188} INFO - [2025-11-13T10:47:42.695-0500] {dag.py:3089} INFO - Sync 1 DAGs
[2025-11-13T10:47:42.708-0500] {logging_mixin.py:188} INFO - [2025-11-13T10:47:42.708-0500] {dag.py:3947} INFO - Setting next_dagrun for ocr_pipeline_dag to None, run_after=None
[2025-11-13T10:47:42.731-0500] {processor.py:183} INFO - Processing /opt/airflow/dags/ocr_pipeline_dag.py took 0.991 seconds
[2025-11-13T10:48:12.835-0500] {processor.py:161} INFO - Started process (PID=9449) to work on /opt/airflow/dags/ocr_pipeline_dag.py
[2025-11-13T10:48:12.836-0500] {processor.py:830} INFO - Processing file /opt/airflow/dags/ocr_pipeline_dag.py for tasks to queue
[2025-11-13T10:48:12.838-0500] {logging_mixin.py:188} INFO - [2025-11-13T10:48:12.837-0500] {dagbag.py:545} INFO - Filling up the DagBag from /opt/airflow/dags/ocr_pipeline_dag.py
[2025-11-13T10:48:12.854-0500] {logging_mixin.py:188} INFO - 📂 Using project root: /opt/project
[2025-11-13T10:48:13.036-0500] {logging_mixin.py:188} INFO - [2025-11-13T10:48:13.035-0500] {credentials.py:1278} INFO - Found credentials in shared credentials file: ~/.aws/credentials
[2025-11-13T10:48:13.765-0500] {processor.py:840} INFO - DAG(s) 'ocr_pipeline_dag' retrieved from /opt/airflow/dags/ocr_pipeline_dag.py
[2025-11-13T10:48:13.800-0500] {logging_mixin.py:188} INFO - [2025-11-13T10:48:13.800-0500] {dag.py:3089} INFO - Sync 1 DAGs
[2025-11-13T10:48:13.816-0500] {logging_mixin.py:188} INFO - [2025-11-13T10:48:13.816-0500] {dag.py:3947} INFO - Setting next_dagrun for ocr_pipeline_dag to None, run_after=None
[2025-11-13T10:48:13.846-0500] {processor.py:183} INFO - Processing /opt/airflow/dags/ocr_pipeline_dag.py took 1.019 seconds
[2025-11-13T10:48:43.966-0500] {processor.py:161} INFO - Started process (PID=9455) to work on /opt/airflow/dags/ocr_pipeline_dag.py
[2025-11-13T10:48:43.967-0500] {processor.py:830} INFO - Processing file /opt/airflow/dags/ocr_pipeline_dag.py for tasks to queue
[2025-11-13T10:48:43.968-0500] {logging_mixin.py:188} INFO - [2025-11-13T10:48:43.968-0500] {dagbag.py:545} INFO - Filling up the DagBag from /opt/airflow/dags/ocr_pipeline_dag.py
[2025-11-13T10:48:43.988-0500] {logging_mixin.py:188} INFO - 📂 Using project root: /opt/project
[2025-11-13T10:48:44.189-0500] {logging_mixin.py:188} INFO - [2025-11-13T10:48:44.189-0500] {credentials.py:1278} INFO - Found credentials in shared credentials file: ~/.aws/credentials
[2025-11-13T10:48:44.916-0500] {processor.py:840} INFO - DAG(s) 'ocr_pipeline_dag' retrieved from /opt/airflow/dags/ocr_pipeline_dag.py
[2025-11-13T10:48:44.953-0500] {logging_mixin.py:188} INFO - [2025-11-13T10:48:44.953-0500] {dag.py:3089} INFO - Sync 1 DAGs
[2025-11-13T10:48:44.967-0500] {logging_mixin.py:188} INFO - [2025-11-13T10:48:44.966-0500] {dag.py:3947} INFO - Setting next_dagrun for ocr_pipeline_dag to None, run_after=None
[2025-11-13T10:48:44.991-0500] {processor.py:183} INFO - Processing /opt/airflow/dags/ocr_pipeline_dag.py took 1.033 seconds
[2025-11-13T10:49:15.103-0500] {processor.py:161} INFO - Started process (PID=9461) to work on /opt/airflow/dags/ocr_pipeline_dag.py
[2025-11-13T10:49:15.105-0500] {processor.py:830} INFO - Processing file /opt/airflow/dags/ocr_pipeline_dag.py for tasks to queue
[2025-11-13T10:49:15.106-0500] {logging_mixin.py:188} INFO - [2025-11-13T10:49:15.106-0500] {dagbag.py:545} INFO - Filling up the DagBag from /opt/airflow/dags/ocr_pipeline_dag.py
[2025-11-13T10:49:15.126-0500] {logging_mixin.py:188} INFO - 📂 Using project root: /opt/project
[2025-11-13T10:49:15.334-0500] {logging_mixin.py:188} INFO - [2025-11-13T10:49:15.334-0500] {credentials.py:1278} INFO - Found credentials in shared credentials file: ~/.aws/credentials
[2025-11-13T10:49:16.044-0500] {processor.py:840} INFO - DAG(s) 'ocr_pipeline_dag' retrieved from /opt/airflow/dags/ocr_pipeline_dag.py
[2025-11-13T10:49:16.073-0500] {logging_mixin.py:188} INFO - [2025-11-13T10:49:16.072-0500] {dag.py:3089} INFO - Sync 1 DAGs
[2025-11-13T10:49:16.086-0500] {logging_mixin.py:188} INFO - [2025-11-13T10:49:16.086-0500] {dag.py:3947} INFO - Setting next_dagrun for ocr_pipeline_dag to None, run_after=None
[2025-11-13T10:49:16.114-0500] {processor.py:183} INFO - Processing /opt/airflow/dags/ocr_pipeline_dag.py took 1.021 seconds
[2025-11-13T10:49:46.555-0500] {processor.py:161} INFO - Started process (PID=9467) to work on /opt/airflow/dags/ocr_pipeline_dag.py
[2025-11-13T10:49:46.560-0500] {processor.py:830} INFO - Processing file /opt/airflow/dags/ocr_pipeline_dag.py for tasks to queue
[2025-11-13T10:49:46.567-0500] {logging_mixin.py:188} INFO - [2025-11-13T10:49:46.566-0500] {dagbag.py:545} INFO - Filling up the DagBag from /opt/airflow/dags/ocr_pipeline_dag.py
[2025-11-13T10:49:48.776-0500] {logging_mixin.py:188} INFO - 📂 Using project root: /opt/project
[2025-11-13T10:49:49.875-0500] {logging_mixin.py:188} INFO - [2025-11-13T10:49:49.874-0500] {credentials.py:1278} INFO - Found credentials in shared credentials file: ~/.aws/credentials
[2025-11-13T10:49:51.068-0500] {processor.py:840} INFO - DAG(s) 'ocr_pipeline_dag' retrieved from /opt/airflow/dags/ocr_pipeline_dag.py
[2025-11-13T10:49:51.104-0500] {logging_mixin.py:188} INFO - [2025-11-13T10:49:51.103-0500] {dag.py:3089} INFO - Sync 1 DAGs
[2025-11-13T10:49:51.121-0500] {logging_mixin.py:188} INFO - [2025-11-13T10:49:51.121-0500] {dag.py:3947} INFO - Setting next_dagrun for ocr_pipeline_dag to None, run_after=None
[2025-11-13T10:49:51.279-0500] {processor.py:183} INFO - Processing /opt/airflow/dags/ocr_pipeline_dag.py took 2.866 seconds
[2025-11-13T10:50:23.433-0500] {processor.py:161} INFO - Started process (PID=9473) to work on /opt/airflow/dags/ocr_pipeline_dag.py
[2025-11-13T10:50:23.435-0500] {processor.py:830} INFO - Processing file /opt/airflow/dags/ocr_pipeline_dag.py for tasks to queue
[2025-11-13T10:50:23.436-0500] {logging_mixin.py:188} INFO - [2025-11-13T10:50:23.436-0500] {dagbag.py:545} INFO - Filling up the DagBag from /opt/airflow/dags/ocr_pipeline_dag.py
[2025-11-13T10:50:23.455-0500] {logging_mixin.py:188} INFO - 📂 Using project root: /opt/project
[2025-11-13T10:50:23.647-0500] {logging_mixin.py:188} INFO - [2025-11-13T10:50:23.646-0500] {credentials.py:1278} INFO - Found credentials in shared credentials file: ~/.aws/credentials
[2025-11-13T10:50:24.328-0500] {processor.py:840} INFO - DAG(s) 'ocr_pipeline_dag' retrieved from /opt/airflow/dags/ocr_pipeline_dag.py
[2025-11-13T10:50:24.364-0500] {logging_mixin.py:188} INFO - [2025-11-13T10:50:24.363-0500] {dag.py:3089} INFO - Sync 1 DAGs
[2025-11-13T10:50:24.378-0500] {logging_mixin.py:188} INFO - [2025-11-13T10:50:24.377-0500] {dag.py:3947} INFO - Setting next_dagrun for ocr_pipeline_dag to None, run_after=None
[2025-11-13T10:50:24.400-0500] {processor.py:183} INFO - Processing /opt/airflow/dags/ocr_pipeline_dag.py took 0.974 seconds
[2025-11-13T10:50:54.630-0500] {processor.py:161} INFO - Started process (PID=9479) to work on /opt/airflow/dags/ocr_pipeline_dag.py
[2025-11-13T10:50:54.631-0500] {processor.py:830} INFO - Processing file /opt/airflow/dags/ocr_pipeline_dag.py for tasks to queue
[2025-11-13T10:50:54.633-0500] {logging_mixin.py:188} INFO - [2025-11-13T10:50:54.632-0500] {dagbag.py:545} INFO - Filling up the DagBag from /opt/airflow/dags/ocr_pipeline_dag.py
[2025-11-13T10:50:54.650-0500] {logging_mixin.py:188} INFO - 📂 Using project root: /opt/project
[2025-11-13T10:50:54.827-0500] {logging_mixin.py:188} INFO - [2025-11-13T10:50:54.827-0500] {credentials.py:1278} INFO - Found credentials in shared credentials file: ~/.aws/credentials
[2025-11-13T10:50:57.474-0500] {processor.py:840} INFO - DAG(s) 'ocr_pipeline_dag' retrieved from /opt/airflow/dags/ocr_pipeline_dag.py
[2025-11-13T10:50:57.514-0500] {logging_mixin.py:188} INFO - [2025-11-13T10:50:57.513-0500] {dag.py:3089} INFO - Sync 1 DAGs
[2025-11-13T10:50:57.529-0500] {logging_mixin.py:188} INFO - [2025-11-13T10:50:57.529-0500] {dag.py:3947} INFO - Setting next_dagrun for ocr_pipeline_dag to None, run_after=None
[2025-11-13T10:50:57.559-0500] {processor.py:183} INFO - Processing /opt/airflow/dags/ocr_pipeline_dag.py took 1.052 seconds
[2025-11-13T10:51:27.704-0500] {processor.py:161} INFO - Started process (PID=9485) to work on /opt/airflow/dags/ocr_pipeline_dag.py
[2025-11-13T10:51:27.705-0500] {processor.py:830} INFO - Processing file /opt/airflow/dags/ocr_pipeline_dag.py for tasks to queue
[2025-11-13T10:51:27.707-0500] {logging_mixin.py:188} INFO - [2025-11-13T10:51:27.706-0500] {dagbag.py:545} INFO - Filling up the DagBag from /opt/airflow/dags/ocr_pipeline_dag.py
[2025-11-13T10:51:27.726-0500] {logging_mixin.py:188} INFO - 📂 Using project root: /opt/project
[2025-11-13T10:51:27.903-0500] {logging_mixin.py:188} INFO - [2025-11-13T10:51:27.902-0500] {credentials.py:1278} INFO - Found credentials in shared credentials file: ~/.aws/credentials
[2025-11-13T10:51:28.724-0500] {processor.py:840} INFO - DAG(s) 'ocr_pipeline_dag' retrieved from /opt/airflow/dags/ocr_pipeline_dag.py
[2025-11-13T10:51:28.757-0500] {logging_mixin.py:188} INFO - [2025-11-13T10:51:28.756-0500] {dag.py:3089} INFO - Sync 1 DAGs
[2025-11-13T10:51:28.772-0500] {logging_mixin.py:188} INFO - [2025-11-13T10:51:28.771-0500] {dag.py:3947} INFO - Setting next_dagrun for ocr_pipeline_dag to None, run_after=None
[2025-11-13T10:51:28.806-0500] {processor.py:183} INFO - Processing /opt/airflow/dags/ocr_pipeline_dag.py took 1.111 seconds
[2025-11-13T10:51:58.942-0500] {processor.py:161} INFO - Started process (PID=9491) to work on /opt/airflow/dags/ocr_pipeline_dag.py
[2025-11-13T10:51:58.943-0500] {processor.py:830} INFO - Processing file /opt/airflow/dags/ocr_pipeline_dag.py for tasks to queue
[2025-11-13T10:51:58.945-0500] {logging_mixin.py:188} INFO - [2025-11-13T10:51:58.945-0500] {dagbag.py:545} INFO - Filling up the DagBag from /opt/airflow/dags/ocr_pipeline_dag.py
[2025-11-13T10:51:58.963-0500] {logging_mixin.py:188} INFO - 📂 Using project root: /opt/project
[2025-11-13T10:51:59.147-0500] {logging_mixin.py:188} INFO - [2025-11-13T10:51:59.146-0500] {credentials.py:1278} INFO - Found credentials in shared credentials file: ~/.aws/credentials
[2025-11-13T10:51:59.896-0500] {processor.py:840} INFO - DAG(s) 'ocr_pipeline_dag' retrieved from /opt/airflow/dags/ocr_pipeline_dag.py
[2025-11-13T10:51:59.925-0500] {logging_mixin.py:188} INFO - [2025-11-13T10:51:59.925-0500] {dag.py:3089} INFO - Sync 1 DAGs
[2025-11-13T10:51:59.938-0500] {logging_mixin.py:188} INFO - [2025-11-13T10:51:59.937-0500] {dag.py:3947} INFO - Setting next_dagrun for ocr_pipeline_dag to None, run_after=None
[2025-11-13T10:51:59.965-0500] {processor.py:183} INFO - Processing /opt/airflow/dags/ocr_pipeline_dag.py took 1.031 seconds
[2025-11-13T10:52:30.061-0500] {processor.py:161} INFO - Started process (PID=9497) to work on /opt/airflow/dags/ocr_pipeline_dag.py
[2025-11-13T10:52:30.062-0500] {processor.py:830} INFO - Processing file /opt/airflow/dags/ocr_pipeline_dag.py for tasks to queue
[2025-11-13T10:52:30.064-0500] {logging_mixin.py:188} INFO - [2025-11-13T10:52:30.063-0500] {dagbag.py:545} INFO - Filling up the DagBag from /opt/airflow/dags/ocr_pipeline_dag.py
[2025-11-13T10:52:30.083-0500] {logging_mixin.py:188} INFO - 📂 Using project root: /opt/project
[2025-11-13T10:52:30.264-0500] {logging_mixin.py:188} INFO - [2025-11-13T10:52:30.263-0500] {credentials.py:1278} INFO - Found credentials in shared credentials file: ~/.aws/credentials
[2025-11-13T10:52:30.970-0500] {processor.py:840} INFO - DAG(s) 'ocr_pipeline_dag' retrieved from /opt/airflow/dags/ocr_pipeline_dag.py
[2025-11-13T10:52:30.999-0500] {logging_mixin.py:188} INFO - [2025-11-13T10:52:30.999-0500] {dag.py:3089} INFO - Sync 1 DAGs
[2025-11-13T10:52:31.012-0500] {logging_mixin.py:188} INFO - [2025-11-13T10:52:31.011-0500] {dag.py:3947} INFO - Setting next_dagrun for ocr_pipeline_dag to None, run_after=None
[2025-11-13T10:52:31.040-0500] {processor.py:183} INFO - Processing /opt/airflow/dags/ocr_pipeline_dag.py took 0.987 seconds
[2025-11-13T10:53:01.965-0500] {processor.py:161} INFO - Started process (PID=9503) to work on /opt/airflow/dags/ocr_pipeline_dag.py
[2025-11-13T10:53:01.967-0500] {processor.py:830} INFO - Processing file /opt/airflow/dags/ocr_pipeline_dag.py for tasks to queue
[2025-11-13T10:53:01.968-0500] {logging_mixin.py:188} INFO - [2025-11-13T10:53:01.968-0500] {dagbag.py:545} INFO - Filling up the DagBag from /opt/airflow/dags/ocr_pipeline_dag.py
[2025-11-13T10:53:01.985-0500] {logging_mixin.py:188} INFO - 📂 Using project root: /opt/project
[2025-11-13T10:53:02.169-0500] {logging_mixin.py:188} INFO - [2025-11-13T10:53:02.168-0500] {credentials.py:1278} INFO - Found credentials in shared credentials file: ~/.aws/credentials
[2025-11-13T10:53:02.870-0500] {processor.py:840} INFO - DAG(s) 'ocr_pipeline_dag' retrieved from /opt/airflow/dags/ocr_pipeline_dag.py
[2025-11-13T10:53:02.898-0500] {logging_mixin.py:188} INFO - [2025-11-13T10:53:02.898-0500] {dag.py:3089} INFO - Sync 1 DAGs
[2025-11-13T10:53:02.912-0500] {logging_mixin.py:188} INFO - [2025-11-13T10:53:02.912-0500] {dag.py:3947} INFO - Setting next_dagrun for ocr_pipeline_dag to None, run_after=None
[2025-11-13T10:53:02.935-0500] {processor.py:183} INFO - Processing /opt/airflow/dags/ocr_pipeline_dag.py took 0.977 seconds
[2025-11-13T10:53:33.876-0500] {processor.py:161} INFO - Started process (PID=9509) to work on /opt/airflow/dags/ocr_pipeline_dag.py
[2025-11-13T10:53:33.877-0500] {processor.py:830} INFO - Processing file /opt/airflow/dags/ocr_pipeline_dag.py for tasks to queue
[2025-11-13T10:53:33.879-0500] {logging_mixin.py:188} INFO - [2025-11-13T10:53:33.878-0500] {dagbag.py:545} INFO - Filling up the DagBag from /opt/airflow/dags/ocr_pipeline_dag.py
[2025-11-13T10:53:33.899-0500] {logging_mixin.py:188} INFO - 📂 Using project root: /opt/project
[2025-11-13T10:53:34.085-0500] {logging_mixin.py:188} INFO - [2025-11-13T10:53:34.085-0500] {credentials.py:1278} INFO - Found credentials in shared credentials file: ~/.aws/credentials
[2025-11-13T10:53:34.932-0500] {processor.py:840} INFO - DAG(s) 'ocr_pipeline_dag' retrieved from /opt/airflow/dags/ocr_pipeline_dag.py
[2025-11-13T10:53:34.967-0500] {logging_mixin.py:188} INFO - [2025-11-13T10:53:34.966-0500] {dag.py:3089} INFO - Sync 1 DAGs
[2025-11-13T10:53:34.983-0500] {logging_mixin.py:188} INFO - [2025-11-13T10:53:34.983-0500] {dag.py:3947} INFO - Setting next_dagrun for ocr_pipeline_dag to None, run_after=None
[2025-11-13T10:53:35.017-0500] {processor.py:183} INFO - Processing /opt/airflow/dags/ocr_pipeline_dag.py took 1.148 seconds
[2025-11-13T10:54:05.861-0500] {processor.py:161} INFO - Started process (PID=9515) to work on /opt/airflow/dags/ocr_pipeline_dag.py
[2025-11-13T10:54:05.863-0500] {processor.py:830} INFO - Processing file /opt/airflow/dags/ocr_pipeline_dag.py for tasks to queue
[2025-11-13T10:54:05.864-0500] {logging_mixin.py:188} INFO - [2025-11-13T10:54:05.864-0500] {dagbag.py:545} INFO - Filling up the DagBag from /opt/airflow/dags/ocr_pipeline_dag.py
[2025-11-13T10:54:05.885-0500] {logging_mixin.py:188} INFO - 📂 Using project root: /opt/project
[2025-11-13T10:54:06.071-0500] {logging_mixin.py:188} INFO - [2025-11-13T10:54:06.070-0500] {credentials.py:1278} INFO - Found credentials in shared credentials file: ~/.aws/credentials
[2025-11-13T10:54:06.773-0500] {processor.py:840} INFO - DAG(s) 'ocr_pipeline_dag' retrieved from /opt/airflow/dags/ocr_pipeline_dag.py
[2025-11-13T10:54:06.805-0500] {logging_mixin.py:188} INFO - [2025-11-13T10:54:06.805-0500] {dag.py:3089} INFO - Sync 1 DAGs
[2025-11-13T10:54:06.819-0500] {logging_mixin.py:188} INFO - [2025-11-13T10:54:06.819-0500] {dag.py:3947} INFO - Setting next_dagrun for ocr_pipeline_dag to None, run_after=None
[2025-11-13T10:54:06.842-0500] {processor.py:183} INFO - Processing /opt/airflow/dags/ocr_pipeline_dag.py took 0.990 seconds
[2025-11-13T10:54:37.091-0500] {processor.py:161} INFO - Started process (PID=9521) to work on /opt/airflow/dags/ocr_pipeline_dag.py
[2025-11-13T10:54:37.092-0500] {processor.py:830} INFO - Processing file /opt/airflow/dags/ocr_pipeline_dag.py for tasks to queue
[2025-11-13T10:54:37.094-0500] {logging_mixin.py:188} INFO - [2025-11-13T10:54:37.093-0500] {dagbag.py:545} INFO - Filling up the DagBag from /opt/airflow/dags/ocr_pipeline_dag.py
[2025-11-13T10:54:37.122-0500] {logging_mixin.py:188} INFO - 📂 Using project root: /opt/project
[2025-11-13T10:54:37.304-0500] {logging_mixin.py:188} INFO - [2025-11-13T10:54:37.304-0500] {credentials.py:1278} INFO - Found credentials in shared credentials file: ~/.aws/credentials
[2025-11-13T10:54:38.062-0500] {processor.py:840} INFO - DAG(s) 'ocr_pipeline_dag' retrieved from /opt/airflow/dags/ocr_pipeline_dag.py
[2025-11-13T10:54:38.095-0500] {logging_mixin.py:188} INFO - [2025-11-13T10:54:38.094-0500] {dag.py:3089} INFO - Sync 1 DAGs
[2025-11-13T10:54:38.108-0500] {logging_mixin.py:188} INFO - [2025-11-13T10:54:38.107-0500] {dag.py:3947} INFO - Setting next_dagrun for ocr_pipeline_dag to None, run_after=None
[2025-11-13T10:54:38.140-0500] {processor.py:183} INFO - Processing /opt/airflow/dags/ocr_pipeline_dag.py took 1.056 seconds
[2025-11-13T10:55:09.143-0500] {processor.py:161} INFO - Started process (PID=9527) to work on /opt/airflow/dags/ocr_pipeline_dag.py
[2025-11-13T10:55:09.144-0500] {processor.py:830} INFO - Processing file /opt/airflow/dags/ocr_pipeline_dag.py for tasks to queue
[2025-11-13T10:55:09.146-0500] {logging_mixin.py:188} INFO - [2025-11-13T10:55:09.145-0500] {dagbag.py:545} INFO - Filling up the DagBag from /opt/airflow/dags/ocr_pipeline_dag.py
[2025-11-13T10:55:09.167-0500] {logging_mixin.py:188} INFO - 📂 Using project root: /opt/project
[2025-11-13T10:55:09.343-0500] {logging_mixin.py:188} INFO - [2025-11-13T10:55:09.343-0500] {credentials.py:1278} INFO - Found credentials in shared credentials file: ~/.aws/credentials
[2025-11-13T10:55:10.161-0500] {processor.py:840} INFO - DAG(s) 'ocr_pipeline_dag' retrieved from /opt/airflow/dags/ocr_pipeline_dag.py
[2025-11-13T10:55:10.191-0500] {logging_mixin.py:188} INFO - [2025-11-13T10:55:10.191-0500] {dag.py:3089} INFO - Sync 1 DAGs
[2025-11-13T10:55:10.205-0500] {logging_mixin.py:188} INFO - [2025-11-13T10:55:10.204-0500] {dag.py:3947} INFO - Setting next_dagrun for ocr_pipeline_dag to None, run_after=None
[2025-11-13T10:55:10.245-0500] {processor.py:183} INFO - Processing /opt/airflow/dags/ocr_pipeline_dag.py took 1.110 seconds
[2025-11-13T10:55:40.331-0500] {processor.py:161} INFO - Started process (PID=9533) to work on /opt/airflow/dags/ocr_pipeline_dag.py
[2025-11-13T10:55:40.332-0500] {processor.py:830} INFO - Processing file /opt/airflow/dags/ocr_pipeline_dag.py for tasks to queue
[2025-11-13T10:55:40.334-0500] {logging_mixin.py:188} INFO - [2025-11-13T10:55:40.333-0500] {dagbag.py:545} INFO - Filling up the DagBag from /opt/airflow/dags/ocr_pipeline_dag.py
[2025-11-13T10:55:40.354-0500] {logging_mixin.py:188} INFO - 📂 Using project root: /opt/project
[2025-11-13T10:55:40.551-0500] {logging_mixin.py:188} INFO - [2025-11-13T10:55:40.551-0500] {credentials.py:1278} INFO - Found credentials in shared credentials file: ~/.aws/credentials
[2025-11-13T10:55:41.444-0500] {processor.py:840} INFO - DAG(s) 'ocr_pipeline_dag' retrieved from /opt/airflow/dags/ocr_pipeline_dag.py
[2025-11-13T10:55:41.485-0500] {logging_mixin.py:188} INFO - [2025-11-13T10:55:41.484-0500] {dag.py:3089} INFO - Sync 1 DAGs
[2025-11-13T10:55:41.503-0500] {logging_mixin.py:188} INFO - [2025-11-13T10:55:41.502-0500] {dag.py:3947} INFO - Setting next_dagrun for ocr_pipeline_dag to None, run_after=None
[2025-11-13T10:55:41.533-0500] {processor.py:183} INFO - Processing /opt/airflow/dags/ocr_pipeline_dag.py took 1.210 seconds
[2025-11-13T10:56:11.648-0500] {processor.py:161} INFO - Started process (PID=9539) to work on /opt/airflow/dags/ocr_pipeline_dag.py
[2025-11-13T10:56:11.649-0500] {processor.py:830} INFO - Processing file /opt/airflow/dags/ocr_pipeline_dag.py for tasks to queue
[2025-11-13T10:56:11.651-0500] {logging_mixin.py:188} INFO - [2025-11-13T10:56:11.650-0500] {dagbag.py:545} INFO - Filling up the DagBag from /opt/airflow/dags/ocr_pipeline_dag.py
[2025-11-13T10:56:11.669-0500] {logging_mixin.py:188} INFO - 📂 Using project root: /opt/project
[2025-11-13T10:56:11.854-0500] {logging_mixin.py:188} INFO - [2025-11-13T10:56:11.853-0500] {credentials.py:1278} INFO - Found credentials in shared credentials file: ~/.aws/credentials
[2025-11-13T10:56:12.537-0500] {processor.py:840} INFO - DAG(s) 'ocr_pipeline_dag' retrieved from /opt/airflow/dags/ocr_pipeline_dag.py
[2025-11-13T10:56:12.574-0500] {logging_mixin.py:188} INFO - [2025-11-13T10:56:12.574-0500] {dag.py:3089} INFO - Sync 1 DAGs
[2025-11-13T10:56:12.588-0500] {logging_mixin.py:188} INFO - [2025-11-13T10:56:12.588-0500] {dag.py:3947} INFO - Setting next_dagrun for ocr_pipeline_dag to None, run_after=None
[2025-11-13T10:56:12.609-0500] {processor.py:183} INFO - Processing /opt/airflow/dags/ocr_pipeline_dag.py took 0.969 seconds
[2025-11-13T10:56:43.674-0500] {processor.py:161} INFO - Started process (PID=9545) to work on /opt/airflow/dags/ocr_pipeline_dag.py
[2025-11-13T10:56:43.675-0500] {processor.py:830} INFO - Processing file /opt/airflow/dags/ocr_pipeline_dag.py for tasks to queue
[2025-11-13T10:56:43.676-0500] {logging_mixin.py:188} INFO - [2025-11-13T10:56:43.676-0500] {dagbag.py:545} INFO - Filling up the DagBag from /opt/airflow/dags/ocr_pipeline_dag.py
[2025-11-13T10:56:43.698-0500] {logging_mixin.py:188} INFO - 📂 Using project root: /opt/project
[2025-11-13T10:56:43.882-0500] {logging_mixin.py:188} INFO - [2025-11-13T10:56:43.882-0500] {credentials.py:1278} INFO - Found credentials in shared credentials file: ~/.aws/credentials
[2025-11-13T10:56:44.690-0500] {processor.py:840} INFO - DAG(s) 'ocr_pipeline_dag' retrieved from /opt/airflow/dags/ocr_pipeline_dag.py
[2025-11-13T10:56:44.722-0500] {logging_mixin.py:188} INFO - [2025-11-13T10:56:44.722-0500] {dag.py:3089} INFO - Sync 1 DAGs
[2025-11-13T10:56:44.739-0500] {logging_mixin.py:188} INFO - [2025-11-13T10:56:44.739-0500] {dag.py:3947} INFO - Setting next_dagrun for ocr_pipeline_dag to None, run_after=None
[2025-11-13T10:56:44.769-0500] {processor.py:183} INFO - Processing /opt/airflow/dags/ocr_pipeline_dag.py took 1.103 seconds
[2025-11-13T10:57:15.718-0500] {processor.py:161} INFO - Started process (PID=9551) to work on /opt/airflow/dags/ocr_pipeline_dag.py
[2025-11-13T10:57:15.719-0500] {processor.py:830} INFO - Processing file /opt/airflow/dags/ocr_pipeline_dag.py for tasks to queue
[2025-11-13T10:57:15.721-0500] {logging_mixin.py:188} INFO - [2025-11-13T10:57:15.721-0500] {dagbag.py:545} INFO - Filling up the DagBag from /opt/airflow/dags/ocr_pipeline_dag.py
[2025-11-13T10:57:15.745-0500] {logging_mixin.py:188} INFO - 📂 Using project root: /opt/project
[2025-11-13T10:57:15.955-0500] {logging_mixin.py:188} INFO - [2025-11-13T10:57:15.954-0500] {credentials.py:1278} INFO - Found credentials in shared credentials file: ~/.aws/credentials
[2025-11-13T10:57:16.681-0500] {processor.py:840} INFO - DAG(s) 'ocr_pipeline_dag' retrieved from /opt/airflow/dags/ocr_pipeline_dag.py
[2025-11-13T10:57:16.713-0500] {logging_mixin.py:188} INFO - [2025-11-13T10:57:16.712-0500] {dag.py:3089} INFO - Sync 1 DAGs
[2025-11-13T10:57:16.727-0500] {logging_mixin.py:188} INFO - [2025-11-13T10:57:16.726-0500] {dag.py:3947} INFO - Setting next_dagrun for ocr_pipeline_dag to None, run_after=None
[2025-11-13T10:57:16.757-0500] {processor.py:183} INFO - Processing /opt/airflow/dags/ocr_pipeline_dag.py took 1.048 seconds
[2025-11-13T10:57:47.752-0500] {processor.py:161} INFO - Started process (PID=9557) to work on /opt/airflow/dags/ocr_pipeline_dag.py
[2025-11-13T10:57:47.753-0500] {processor.py:830} INFO - Processing file /opt/airflow/dags/ocr_pipeline_dag.py for tasks to queue
[2025-11-13T10:57:47.755-0500] {logging_mixin.py:188} INFO - [2025-11-13T10:57:47.754-0500] {dagbag.py:545} INFO - Filling up the DagBag from /opt/airflow/dags/ocr_pipeline_dag.py
[2025-11-13T10:57:47.776-0500] {logging_mixin.py:188} INFO - 📂 Using project root: /opt/project
[2025-11-13T10:57:47.965-0500] {logging_mixin.py:188} INFO - [2025-11-13T10:57:47.965-0500] {credentials.py:1278} INFO - Found credentials in shared credentials file: ~/.aws/credentials
[2025-11-13T10:57:48.811-0500] {processor.py:840} INFO - DAG(s) 'ocr_pipeline_dag' retrieved from /opt/airflow/dags/ocr_pipeline_dag.py
[2025-11-13T10:57:48.845-0500] {logging_mixin.py:188} INFO - [2025-11-13T10:57:48.845-0500] {dag.py:3089} INFO - Sync 1 DAGs
[2025-11-13T10:57:48.861-0500] {logging_mixin.py:188} INFO - [2025-11-13T10:57:48.861-0500] {dag.py:3947} INFO - Setting next_dagrun for ocr_pipeline_dag to None, run_after=None
[2025-11-13T10:57:48.886-0500] {processor.py:183} INFO - Processing /opt/airflow/dags/ocr_pipeline_dag.py took 1.143 seconds
[2025-11-13T10:58:20.866-0500] {processor.py:161} INFO - Started process (PID=9563) to work on /opt/airflow/dags/ocr_pipeline_dag.py
[2025-11-13T10:58:20.867-0500] {processor.py:830} INFO - Processing file /opt/airflow/dags/ocr_pipeline_dag.py for tasks to queue
[2025-11-13T10:58:20.868-0500] {logging_mixin.py:188} INFO - [2025-11-13T10:58:20.868-0500] {dagbag.py:545} INFO - Filling up the DagBag from /opt/airflow/dags/ocr_pipeline_dag.py
[2025-11-13T10:58:20.888-0500] {logging_mixin.py:188} INFO - 📂 Using project root: /opt/project
[2025-11-13T10:58:21.071-0500] {logging_mixin.py:188} INFO - [2025-11-13T10:58:21.070-0500] {credentials.py:1278} INFO - Found credentials in shared credentials file: ~/.aws/credentials
[2025-11-13T10:58:21.854-0500] {processor.py:840} INFO - DAG(s) 'ocr_pipeline_dag' retrieved from /opt/airflow/dags/ocr_pipeline_dag.py
[2025-11-13T10:58:21.882-0500] {logging_mixin.py:188} INFO - [2025-11-13T10:58:21.882-0500] {dag.py:3089} INFO - Sync 1 DAGs
[2025-11-13T10:58:21.895-0500] {logging_mixin.py:188} INFO - [2025-11-13T10:58:21.895-0500] {dag.py:3947} INFO - Setting next_dagrun for ocr_pipeline_dag to None, run_after=None
[2025-11-13T10:58:21.917-0500] {processor.py:183} INFO - Processing /opt/airflow/dags/ocr_pipeline_dag.py took 1.059 seconds
[2025-11-13T10:58:52.148-0500] {processor.py:161} INFO - Started process (PID=9569) to work on /opt/airflow/dags/ocr_pipeline_dag.py
[2025-11-13T10:58:52.150-0500] {processor.py:830} INFO - Processing file /opt/airflow/dags/ocr_pipeline_dag.py for tasks to queue
[2025-11-13T10:58:52.151-0500] {logging_mixin.py:188} INFO - [2025-11-13T10:58:52.151-0500] {dagbag.py:545} INFO - Filling up the DagBag from /opt/airflow/dags/ocr_pipeline_dag.py
[2025-11-13T10:58:52.168-0500] {logging_mixin.py:188} INFO - 📂 Using project root: /opt/project
[2025-11-13T10:58:52.334-0500] {logging_mixin.py:188} INFO - [2025-11-13T10:58:52.334-0500] {credentials.py:1278} INFO - Found credentials in shared credentials file: ~/.aws/credentials
[2025-11-13T10:58:54.881-0500] {processor.py:840} INFO - DAG(s) 'ocr_pipeline_dag' retrieved from /opt/airflow/dags/ocr_pipeline_dag.py
[2025-11-13T10:58:54.918-0500] {logging_mixin.py:188} INFO - [2025-11-13T10:58:54.917-0500] {dag.py:3089} INFO - Sync 1 DAGs
[2025-11-13T10:58:54.931-0500] {logging_mixin.py:188} INFO - [2025-11-13T10:58:54.931-0500] {dag.py:3947} INFO - Setting next_dagrun for ocr_pipeline_dag to None, run_after=None
[2025-11-13T10:58:54.954-0500] {processor.py:183} INFO - Processing /opt/airflow/dags/ocr_pipeline_dag.py took 0.922 seconds
[2025-11-13T10:59:25.200-0500] {processor.py:161} INFO - Started process (PID=9575) to work on /opt/airflow/dags/ocr_pipeline_dag.py
[2025-11-13T10:59:25.201-0500] {processor.py:830} INFO - Processing file /opt/airflow/dags/ocr_pipeline_dag.py for tasks to queue
[2025-11-13T10:59:25.203-0500] {logging_mixin.py:188} INFO - [2025-11-13T10:59:25.202-0500] {dagbag.py:545} INFO - Filling up the DagBag from /opt/airflow/dags/ocr_pipeline_dag.py
[2025-11-13T10:59:25.231-0500] {logging_mixin.py:188} INFO - 📂 Using project root: /opt/project
[2025-11-13T10:59:25.417-0500] {logging_mixin.py:188} INFO - [2025-11-13T10:59:25.416-0500] {credentials.py:1278} INFO - Found credentials in shared credentials file: ~/.aws/credentials
[2025-11-13T10:59:26.131-0500] {processor.py:840} INFO - DAG(s) 'ocr_pipeline_dag' retrieved from /opt/airflow/dags/ocr_pipeline_dag.py
[2025-11-13T10:59:26.162-0500] {logging_mixin.py:188} INFO - [2025-11-13T10:59:26.162-0500] {dag.py:3089} INFO - Sync 1 DAGs
[2025-11-13T10:59:26.178-0500] {logging_mixin.py:188} INFO - [2025-11-13T10:59:26.177-0500] {dag.py:3947} INFO - Setting next_dagrun for ocr_pipeline_dag to None, run_after=None
[2025-11-13T10:59:26.201-0500] {processor.py:183} INFO - Processing /opt/airflow/dags/ocr_pipeline_dag.py took 1.009 seconds
[2025-11-13T10:59:56.327-0500] {processor.py:161} INFO - Started process (PID=9581) to work on /opt/airflow/dags/ocr_pipeline_dag.py
[2025-11-13T10:59:56.329-0500] {processor.py:830} INFO - Processing file /opt/airflow/dags/ocr_pipeline_dag.py for tasks to queue
[2025-11-13T10:59:56.330-0500] {logging_mixin.py:188} INFO - [2025-11-13T10:59:56.330-0500] {dagbag.py:545} INFO - Filling up the DagBag from /opt/airflow/dags/ocr_pipeline_dag.py
[2025-11-13T10:59:56.350-0500] {logging_mixin.py:188} INFO - 📂 Using project root: /opt/project
[2025-11-13T10:59:56.529-0500] {logging_mixin.py:188} INFO - [2025-11-13T10:59:56.529-0500] {credentials.py:1278} INFO - Found credentials in shared credentials file: ~/.aws/credentials
[2025-11-13T10:59:57.268-0500] {processor.py:840} INFO - DAG(s) 'ocr_pipeline_dag' retrieved from /opt/airflow/dags/ocr_pipeline_dag.py
[2025-11-13T10:59:57.306-0500] {logging_mixin.py:188} INFO - [2025-11-13T10:59:57.306-0500] {dag.py:3089} INFO - Sync 1 DAGs
[2025-11-13T10:59:57.320-0500] {logging_mixin.py:188} INFO - [2025-11-13T10:59:57.320-0500] {dag.py:3947} INFO - Setting next_dagrun for ocr_pipeline_dag to None, run_after=None
[2025-11-13T10:59:57.342-0500] {processor.py:183} INFO - Processing /opt/airflow/dags/ocr_pipeline_dag.py took 1.022 seconds
[2025-11-13T11:00:27.430-0500] {processor.py:161} INFO - Started process (PID=9587) to work on /opt/airflow/dags/ocr_pipeline_dag.py
[2025-11-13T11:00:27.431-0500] {processor.py:830} INFO - Processing file /opt/airflow/dags/ocr_pipeline_dag.py for tasks to queue
[2025-11-13T11:00:27.433-0500] {logging_mixin.py:188} INFO - [2025-11-13T11:00:27.432-0500] {dagbag.py:545} INFO - Filling up the DagBag from /opt/airflow/dags/ocr_pipeline_dag.py
[2025-11-13T11:00:27.451-0500] {logging_mixin.py:188} INFO - 📂 Using project root: /opt/project
[2025-11-13T11:00:27.643-0500] {logging_mixin.py:188} INFO - [2025-11-13T11:00:27.643-0500] {credentials.py:1278} INFO - Found credentials in shared credentials file: ~/.aws/credentials
[2025-11-13T11:00:28.309-0500] {processor.py:840} INFO - DAG(s) 'ocr_pipeline_dag' retrieved from /opt/airflow/dags/ocr_pipeline_dag.py
[2025-11-13T11:00:28.339-0500] {logging_mixin.py:188} INFO - [2025-11-13T11:00:28.339-0500] {dag.py:3089} INFO - Sync 1 DAGs
[2025-11-13T11:00:28.356-0500] {logging_mixin.py:188} INFO - [2025-11-13T11:00:28.356-0500] {dag.py:3947} INFO - Setting next_dagrun for ocr_pipeline_dag to None, run_after=None
[2025-11-13T11:00:28.379-0500] {processor.py:183} INFO - Processing /opt/airflow/dags/ocr_pipeline_dag.py took 0.956 seconds
[2025-11-13T11:00:59.399-0500] {processor.py:161} INFO - Started process (PID=9593) to work on /opt/airflow/dags/ocr_pipeline_dag.py
[2025-11-13T11:00:59.400-0500] {processor.py:830} INFO - Processing file /opt/airflow/dags/ocr_pipeline_dag.py for tasks to queue
[2025-11-13T11:00:59.402-0500] {logging_mixin.py:188} INFO - [2025-11-13T11:00:59.402-0500] {dagbag.py:545} INFO - Filling up the DagBag from /opt/airflow/dags/ocr_pipeline_dag.py
[2025-11-13T11:00:59.425-0500] {logging_mixin.py:188} INFO - 📂 Using project root: /opt/project
[2025-11-13T11:00:59.612-0500] {logging_mixin.py:188} INFO - [2025-11-13T11:00:59.612-0500] {credentials.py:1278} INFO - Found credentials in shared credentials file: ~/.aws/credentials
[2025-11-13T11:01:00.340-0500] {processor.py:840} INFO - DAG(s) 'ocr_pipeline_dag' retrieved from /opt/airflow/dags/ocr_pipeline_dag.py
[2025-11-13T11:01:00.371-0500] {logging_mixin.py:188} INFO - [2025-11-13T11:01:00.370-0500] {dag.py:3089} INFO - Sync 1 DAGs
[2025-11-13T11:01:00.386-0500] {logging_mixin.py:188} INFO - [2025-11-13T11:01:00.386-0500] {dag.py:3947} INFO - Setting next_dagrun for ocr_pipeline_dag to None, run_after=None
[2025-11-13T11:01:00.419-0500] {processor.py:183} INFO - Processing /opt/airflow/dags/ocr_pipeline_dag.py took 1.028 seconds
[2025-11-13T11:01:31.381-0500] {processor.py:161} INFO - Started process (PID=9599) to work on /opt/airflow/dags/ocr_pipeline_dag.py
[2025-11-13T11:01:31.383-0500] {processor.py:830} INFO - Processing file /opt/airflow/dags/ocr_pipeline_dag.py for tasks to queue
[2025-11-13T11:01:31.384-0500] {logging_mixin.py:188} INFO - [2025-11-13T11:01:31.384-0500] {dagbag.py:545} INFO - Filling up the DagBag from /opt/airflow/dags/ocr_pipeline_dag.py
[2025-11-13T11:01:31.403-0500] {logging_mixin.py:188} INFO - 📂 Using project root: /opt/project
[2025-11-13T11:01:31.589-0500] {logging_mixin.py:188} INFO - [2025-11-13T11:01:31.589-0500] {credentials.py:1278} INFO - Found credentials in shared credentials file: ~/.aws/credentials
[2025-11-13T11:01:32.304-0500] {processor.py:840} INFO - DAG(s) 'ocr_pipeline_dag' retrieved from /opt/airflow/dags/ocr_pipeline_dag.py
[2025-11-13T11:01:32.333-0500] {logging_mixin.py:188} INFO - [2025-11-13T11:01:32.333-0500] {dag.py:3089} INFO - Sync 1 DAGs
[2025-11-13T11:01:32.346-0500] {logging_mixin.py:188} INFO - [2025-11-13T11:01:32.346-0500] {dag.py:3947} INFO - Setting next_dagrun for ocr_pipeline_dag to None, run_after=None
[2025-11-13T11:01:32.375-0500] {processor.py:183} INFO - Processing /opt/airflow/dags/ocr_pipeline_dag.py took 1.002 seconds
[2025-11-13T11:02:02.569-0500] {processor.py:161} INFO - Started process (PID=9605) to work on /opt/airflow/dags/ocr_pipeline_dag.py
[2025-11-13T11:02:02.571-0500] {processor.py:830} INFO - Processing file /opt/airflow/dags/ocr_pipeline_dag.py for tasks to queue
[2025-11-13T11:02:02.572-0500] {logging_mixin.py:188} INFO - [2025-11-13T11:02:02.571-0500] {dagbag.py:545} INFO - Filling up the DagBag from /opt/airflow/dags/ocr_pipeline_dag.py
[2025-11-13T11:02:02.598-0500] {logging_mixin.py:188} INFO - 📂 Using project root: /opt/project
[2025-11-13T11:02:02.777-0500] {logging_mixin.py:188} INFO - [2025-11-13T11:02:02.777-0500] {credentials.py:1278} INFO - Found credentials in shared credentials file: ~/.aws/credentials
[2025-11-13T11:02:03.453-0500] {processor.py:840} INFO - DAG(s) 'ocr_pipeline_dag' retrieved from /opt/airflow/dags/ocr_pipeline_dag.py
[2025-11-13T11:02:03.482-0500] {logging_mixin.py:188} INFO - [2025-11-13T11:02:03.482-0500] {dag.py:3089} INFO - Sync 1 DAGs
[2025-11-13T11:02:03.495-0500] {logging_mixin.py:188} INFO - [2025-11-13T11:02:03.494-0500] {dag.py:3947} INFO - Setting next_dagrun for ocr_pipeline_dag to None, run_after=None
[2025-11-13T11:02:03.525-0500] {processor.py:183} INFO - Processing /opt/airflow/dags/ocr_pipeline_dag.py took 0.963 seconds
[2025-11-13T11:02:34.569-0500] {processor.py:161} INFO - Started process (PID=9611) to work on /opt/airflow/dags/ocr_pipeline_dag.py
[2025-11-13T11:02:34.571-0500] {processor.py:830} INFO - Processing file /opt/airflow/dags/ocr_pipeline_dag.py for tasks to queue
[2025-11-13T11:02:34.572-0500] {logging_mixin.py:188} INFO - [2025-11-13T11:02:34.572-0500] {dagbag.py:545} INFO - Filling up the DagBag from /opt/airflow/dags/ocr_pipeline_dag.py
[2025-11-13T11:02:34.595-0500] {logging_mixin.py:188} INFO - 📂 Using project root: /opt/project
[2025-11-13T11:02:34.815-0500] {logging_mixin.py:188} INFO - [2025-11-13T11:02:34.814-0500] {credentials.py:1278} INFO - Found credentials in shared credentials file: ~/.aws/credentials
[2025-11-13T11:02:35.592-0500] {processor.py:840} INFO - DAG(s) 'ocr_pipeline_dag' retrieved from /opt/airflow/dags/ocr_pipeline_dag.py
[2025-11-13T11:02:35.633-0500] {logging_mixin.py:188} INFO - [2025-11-13T11:02:35.632-0500] {dag.py:3089} INFO - Sync 1 DAGs
[2025-11-13T11:02:35.650-0500] {logging_mixin.py:188} INFO - [2025-11-13T11:02:35.650-0500] {dag.py:3947} INFO - Setting next_dagrun for ocr_pipeline_dag to None, run_after=None
[2025-11-13T11:02:35.692-0500] {processor.py:183} INFO - Processing /opt/airflow/dags/ocr_pipeline_dag.py took 1.133 seconds
[2025-11-13T11:03:05.898-0500] {processor.py:161} INFO - Started process (PID=9617) to work on /opt/airflow/dags/ocr_pipeline_dag.py
[2025-11-13T11:03:05.899-0500] {processor.py:830} INFO - Processing file /opt/airflow/dags/ocr_pipeline_dag.py for tasks to queue
[2025-11-13T11:03:05.901-0500] {logging_mixin.py:188} INFO - [2025-11-13T11:03:05.900-0500] {dagbag.py:545} INFO - Filling up the DagBag from /opt/airflow/dags/ocr_pipeline_dag.py
[2025-11-13T11:03:05.919-0500] {logging_mixin.py:188} INFO - 📂 Using project root: /opt/project
[2025-11-13T11:03:06.136-0500] {logging_mixin.py:188} INFO - [2025-11-13T11:03:06.136-0500] {credentials.py:1278} INFO - Found credentials in shared credentials file: ~/.aws/credentials
[2025-11-13T11:03:06.997-0500] {processor.py:840} INFO - DAG(s) 'ocr_pipeline_dag' retrieved from /opt/airflow/dags/ocr_pipeline_dag.py
[2025-11-13T11:03:07.032-0500] {logging_mixin.py:188} INFO - [2025-11-13T11:03:07.031-0500] {dag.py:3089} INFO - Sync 1 DAGs
[2025-11-13T11:03:07.046-0500] {logging_mixin.py:188} INFO - [2025-11-13T11:03:07.046-0500] {dag.py:3947} INFO - Setting next_dagrun for ocr_pipeline_dag to None, run_after=None
[2025-11-13T11:03:07.071-0500] {processor.py:183} INFO - Processing /opt/airflow/dags/ocr_pipeline_dag.py took 1.180 seconds
[2025-11-13T11:03:37.174-0500] {processor.py:161} INFO - Started process (PID=9623) to work on /opt/airflow/dags/ocr_pipeline_dag.py
[2025-11-13T11:03:37.176-0500] {processor.py:830} INFO - Processing file /opt/airflow/dags/ocr_pipeline_dag.py for tasks to queue
[2025-11-13T11:03:37.177-0500] {logging_mixin.py:188} INFO - [2025-11-13T11:03:37.177-0500] {dagbag.py:545} INFO - Filling up the DagBag from /opt/airflow/dags/ocr_pipeline_dag.py
[2025-11-13T11:03:37.198-0500] {logging_mixin.py:188} INFO - 📂 Using project root: /opt/project
[2025-11-13T11:03:37.409-0500] {logging_mixin.py:188} INFO - [2025-11-13T11:03:37.409-0500] {credentials.py:1278} INFO - Found credentials in shared credentials file: ~/.aws/credentials
[2025-11-13T11:03:38.229-0500] {processor.py:840} INFO - DAG(s) 'ocr_pipeline_dag' retrieved from /opt/airflow/dags/ocr_pipeline_dag.py
[2025-11-13T11:03:38.268-0500] {logging_mixin.py:188} INFO - [2025-11-13T11:03:38.268-0500] {dag.py:3089} INFO - Sync 1 DAGs
[2025-11-13T11:03:38.287-0500] {logging_mixin.py:188} INFO - [2025-11-13T11:03:38.287-0500] {dag.py:3947} INFO - Setting next_dagrun for ocr_pipeline_dag to None, run_after=None
[2025-11-13T11:03:38.318-0500] {processor.py:183} INFO - Processing /opt/airflow/dags/ocr_pipeline_dag.py took 1.153 seconds
[2025-11-13T11:04:08.412-0500] {processor.py:161} INFO - Started process (PID=9629) to work on /opt/airflow/dags/ocr_pipeline_dag.py
[2025-11-13T11:04:08.413-0500] {processor.py:830} INFO - Processing file /opt/airflow/dags/ocr_pipeline_dag.py for tasks to queue
[2025-11-13T11:04:08.415-0500] {logging_mixin.py:188} INFO - [2025-11-13T11:04:08.414-0500] {dagbag.py:545} INFO - Filling up the DagBag from /opt/airflow/dags/ocr_pipeline_dag.py
[2025-11-13T11:04:08.437-0500] {logging_mixin.py:188} INFO - 📂 Using project root: /opt/project
[2025-11-13T11:04:08.641-0500] {logging_mixin.py:188} INFO - [2025-11-13T11:04:08.641-0500] {credentials.py:1278} INFO - Found credentials in shared credentials file: ~/.aws/credentials
[2025-11-13T11:04:09.398-0500] {processor.py:840} INFO - DAG(s) 'ocr_pipeline_dag' retrieved from /opt/airflow/dags/ocr_pipeline_dag.py
[2025-11-13T11:04:09.428-0500] {logging_mixin.py:188} INFO - [2025-11-13T11:04:09.428-0500] {dag.py:3089} INFO - Sync 1 DAGs
[2025-11-13T11:04:09.441-0500] {logging_mixin.py:188} INFO - [2025-11-13T11:04:09.440-0500] {dag.py:3947} INFO - Setting next_dagrun for ocr_pipeline_dag to None, run_after=None
[2025-11-13T11:04:09.464-0500] {processor.py:183} INFO - Processing /opt/airflow/dags/ocr_pipeline_dag.py took 1.061 seconds
[2025-11-13T11:04:39.650-0500] {processor.py:161} INFO - Started process (PID=9635) to work on /opt/airflow/dags/ocr_pipeline_dag.py
[2025-11-13T11:04:39.652-0500] {processor.py:830} INFO - Processing file /opt/airflow/dags/ocr_pipeline_dag.py for tasks to queue
[2025-11-13T11:04:39.653-0500] {logging_mixin.py:188} INFO - [2025-11-13T11:04:39.653-0500] {dagbag.py:545} INFO - Filling up the DagBag from /opt/airflow/dags/ocr_pipeline_dag.py
[2025-11-13T11:04:39.673-0500] {logging_mixin.py:188} INFO - 📂 Using project root: /opt/project
[2025-11-13T11:04:39.857-0500] {logging_mixin.py:188} INFO - [2025-11-13T11:04:39.857-0500] {credentials.py:1278} INFO - Found credentials in shared credentials file: ~/.aws/credentials
[2025-11-13T11:04:40.579-0500] {processor.py:840} INFO - DAG(s) 'ocr_pipeline_dag' retrieved from /opt/airflow/dags/ocr_pipeline_dag.py
[2025-11-13T11:04:40.611-0500] {logging_mixin.py:188} INFO - [2025-11-13T11:04:40.611-0500] {dag.py:3089} INFO - Sync 1 DAGs
[2025-11-13T11:04:40.626-0500] {logging_mixin.py:188} INFO - [2025-11-13T11:04:40.626-0500] {dag.py:3947} INFO - Setting next_dagrun for ocr_pipeline_dag to None, run_after=None
[2025-11-13T11:04:40.649-0500] {processor.py:183} INFO - Processing /opt/airflow/dags/ocr_pipeline_dag.py took 1.006 seconds
[2025-11-13T11:05:10.936-0500] {processor.py:161} INFO - Started process (PID=9641) to work on /opt/airflow/dags/ocr_pipeline_dag.py
[2025-11-13T11:05:10.938-0500] {processor.py:830} INFO - Processing file /opt/airflow/dags/ocr_pipeline_dag.py for tasks to queue
[2025-11-13T11:05:10.939-0500] {logging_mixin.py:188} INFO - [2025-11-13T11:05:10.939-0500] {dagbag.py:545} INFO - Filling up the DagBag from /opt/airflow/dags/ocr_pipeline_dag.py
[2025-11-13T11:05:10.960-0500] {logging_mixin.py:188} INFO - 📂 Using project root: /opt/project
[2025-11-13T11:05:11.151-0500] {logging_mixin.py:188} INFO - [2025-11-13T11:05:11.150-0500] {credentials.py:1278} INFO - Found credentials in shared credentials file: ~/.aws/credentials
[2025-11-13T11:05:11.897-0500] {processor.py:840} INFO - DAG(s) 'ocr_pipeline_dag' retrieved from /opt/airflow/dags/ocr_pipeline_dag.py
[2025-11-13T11:05:11.934-0500] {logging_mixin.py:188} INFO - [2025-11-13T11:05:11.933-0500] {dag.py:3089} INFO - Sync 1 DAGs
[2025-11-13T11:05:11.949-0500] {logging_mixin.py:188} INFO - [2025-11-13T11:05:11.949-0500] {dag.py:3947} INFO - Setting next_dagrun for ocr_pipeline_dag to None, run_after=None
[2025-11-13T11:05:11.973-0500] {processor.py:183} INFO - Processing /opt/airflow/dags/ocr_pipeline_dag.py took 1.047 seconds
[2025-11-13T11:05:44.276-0500] {processor.py:161} INFO - Started process (PID=9647) to work on /opt/airflow/dags/ocr_pipeline_dag.py
[2025-11-13T11:05:44.278-0500] {processor.py:830} INFO - Processing file /opt/airflow/dags/ocr_pipeline_dag.py for tasks to queue
[2025-11-13T11:05:44.280-0500] {logging_mixin.py:188} INFO - [2025-11-13T11:05:44.279-0500] {dagbag.py:545} INFO - Filling up the DagBag from /opt/airflow/dags/ocr_pipeline_dag.py
[2025-11-13T11:05:44.296-0500] {logging_mixin.py:188} INFO - 📂 Using project root: /opt/project
[2025-11-13T11:05:44.485-0500] {logging_mixin.py:188} INFO - [2025-11-13T11:05:44.484-0500] {credentials.py:1278} INFO - Found credentials in shared credentials file: ~/.aws/credentials
[2025-11-13T11:05:45.265-0500] {processor.py:840} INFO - DAG(s) 'ocr_pipeline_dag' retrieved from /opt/airflow/dags/ocr_pipeline_dag.py
[2025-11-13T11:05:45.296-0500] {logging_mixin.py:188} INFO - [2025-11-13T11:05:45.295-0500] {dag.py:3089} INFO - Sync 1 DAGs
[2025-11-13T11:05:45.312-0500] {logging_mixin.py:188} INFO - [2025-11-13T11:05:45.311-0500] {dag.py:3947} INFO - Setting next_dagrun for ocr_pipeline_dag to None, run_after=None
[2025-11-13T11:05:45.362-0500] {processor.py:183} INFO - Processing /opt/airflow/dags/ocr_pipeline_dag.py took 1.094 seconds
[2025-11-13T11:06:15.498-0500] {processor.py:161} INFO - Started process (PID=9653) to work on /opt/airflow/dags/ocr_pipeline_dag.py
[2025-11-13T11:06:15.500-0500] {processor.py:830} INFO - Processing file /opt/airflow/dags/ocr_pipeline_dag.py for tasks to queue
[2025-11-13T11:06:15.502-0500] {logging_mixin.py:188} INFO - [2025-11-13T11:06:15.501-0500] {dagbag.py:545} INFO - Filling up the DagBag from /opt/airflow/dags/ocr_pipeline_dag.py
[2025-11-13T11:06:15.522-0500] {logging_mixin.py:188} INFO - 📂 Using project root: /opt/project
[2025-11-13T11:06:15.727-0500] {logging_mixin.py:188} INFO - [2025-11-13T11:06:15.726-0500] {credentials.py:1278} INFO - Found credentials in shared credentials file: ~/.aws/credentials
[2025-11-13T11:06:18.212-0500] {processor.py:840} INFO - DAG(s) 'ocr_pipeline_dag' retrieved from /opt/airflow/dags/ocr_pipeline_dag.py
[2025-11-13T11:06:18.242-0500] {logging_mixin.py:188} INFO - [2025-11-13T11:06:18.241-0500] {dag.py:3089} INFO - Sync 1 DAGs
[2025-11-13T11:06:18.255-0500] {logging_mixin.py:188} INFO - [2025-11-13T11:06:18.255-0500] {dag.py:3947} INFO - Setting next_dagrun for ocr_pipeline_dag to None, run_after=None
[2025-11-13T11:06:18.281-0500] {processor.py:183} INFO - Processing /opt/airflow/dags/ocr_pipeline_dag.py took 1.116 seconds
[2025-11-13T11:06:48.506-0500] {processor.py:161} INFO - Started process (PID=9659) to work on /opt/airflow/dags/ocr_pipeline_dag.py
[2025-11-13T11:06:48.507-0500] {processor.py:830} INFO - Processing file /opt/airflow/dags/ocr_pipeline_dag.py for tasks to queue
[2025-11-13T11:06:48.508-0500] {logging_mixin.py:188} INFO - [2025-11-13T11:06:48.508-0500] {dagbag.py:545} INFO - Filling up the DagBag from /opt/airflow/dags/ocr_pipeline_dag.py
[2025-11-13T11:06:48.528-0500] {logging_mixin.py:188} INFO - 📂 Using project root: /opt/project
[2025-11-13T11:06:48.730-0500] {logging_mixin.py:188} INFO - [2025-11-13T11:06:48.729-0500] {credentials.py:1278} INFO - Found credentials in shared credentials file: ~/.aws/credentials
[2025-11-13T11:06:49.526-0500] {processor.py:840} INFO - DAG(s) 'ocr_pipeline_dag' retrieved from /opt/airflow/dags/ocr_pipeline_dag.py
[2025-11-13T11:06:49.558-0500] {logging_mixin.py:188} INFO - [2025-11-13T11:06:49.558-0500] {dag.py:3089} INFO - Sync 1 DAGs
[2025-11-13T11:06:49.573-0500] {logging_mixin.py:188} INFO - [2025-11-13T11:06:49.573-0500] {dag.py:3947} INFO - Setting next_dagrun for ocr_pipeline_dag to None, run_after=None
[2025-11-13T11:06:49.600-0500] {processor.py:183} INFO - Processing /opt/airflow/dags/ocr_pipeline_dag.py took 1.102 seconds
[2025-11-13T11:07:19.767-0500] {processor.py:161} INFO - Started process (PID=9665) to work on /opt/airflow/dags/ocr_pipeline_dag.py
[2025-11-13T11:07:19.768-0500] {processor.py:830} INFO - Processing file /opt/airflow/dags/ocr_pipeline_dag.py for tasks to queue
[2025-11-13T11:07:19.770-0500] {logging_mixin.py:188} INFO - [2025-11-13T11:07:19.769-0500] {dagbag.py:545} INFO - Filling up the DagBag from /opt/airflow/dags/ocr_pipeline_dag.py
[2025-11-13T11:07:19.788-0500] {logging_mixin.py:188} INFO - 📂 Using project root: /opt/project
[2025-11-13T11:07:19.991-0500] {logging_mixin.py:188} INFO - [2025-11-13T11:07:19.991-0500] {credentials.py:1278} INFO - Found credentials in shared credentials file: ~/.aws/credentials
[2025-11-13T11:07:20.725-0500] {processor.py:840} INFO - DAG(s) 'ocr_pipeline_dag' retrieved from /opt/airflow/dags/ocr_pipeline_dag.py
[2025-11-13T11:07:20.758-0500] {logging_mixin.py:188} INFO - [2025-11-13T11:07:20.758-0500] {dag.py:3089} INFO - Sync 1 DAGs
[2025-11-13T11:07:20.772-0500] {logging_mixin.py:188} INFO - [2025-11-13T11:07:20.772-0500] {dag.py:3947} INFO - Setting next_dagrun for ocr_pipeline_dag to None, run_after=None
[2025-11-13T11:07:20.795-0500] {processor.py:183} INFO - Processing /opt/airflow/dags/ocr_pipeline_dag.py took 1.035 seconds
[2025-11-13T11:07:51.623-0500] {processor.py:161} INFO - Started process (PID=9671) to work on /opt/airflow/dags/ocr_pipeline_dag.py
[2025-11-13T11:07:51.625-0500] {processor.py:830} INFO - Processing file /opt/airflow/dags/ocr_pipeline_dag.py for tasks to queue
[2025-11-13T11:07:51.626-0500] {logging_mixin.py:188} INFO - [2025-11-13T11:07:51.626-0500] {dagbag.py:545} INFO - Filling up the DagBag from /opt/airflow/dags/ocr_pipeline_dag.py
[2025-11-13T11:07:51.647-0500] {logging_mixin.py:188} INFO - 📂 Using project root: /opt/project
[2025-11-13T11:07:51.865-0500] {logging_mixin.py:188} INFO - [2025-11-13T11:07:51.864-0500] {credentials.py:1278} INFO - Found credentials in shared credentials file: ~/.aws/credentials
[2025-11-13T11:07:52.638-0500] {processor.py:840} INFO - DAG(s) 'ocr_pipeline_dag' retrieved from /opt/airflow/dags/ocr_pipeline_dag.py
[2025-11-13T11:07:52.669-0500] {logging_mixin.py:188} INFO - [2025-11-13T11:07:52.668-0500] {dag.py:3089} INFO - Sync 1 DAGs
[2025-11-13T11:07:52.687-0500] {logging_mixin.py:188} INFO - [2025-11-13T11:07:52.686-0500] {dag.py:3947} INFO - Setting next_dagrun for ocr_pipeline_dag to None, run_after=None
[2025-11-13T11:07:52.709-0500] {processor.py:183} INFO - Processing /opt/airflow/dags/ocr_pipeline_dag.py took 1.097 seconds
[2025-11-13T11:08:22.810-0500] {processor.py:161} INFO - Started process (PID=9677) to work on /opt/airflow/dags/ocr_pipeline_dag.py
[2025-11-13T11:08:22.812-0500] {processor.py:830} INFO - Processing file /opt/airflow/dags/ocr_pipeline_dag.py for tasks to queue
[2025-11-13T11:08:22.814-0500] {logging_mixin.py:188} INFO - [2025-11-13T11:08:22.813-0500] {dagbag.py:545} INFO - Filling up the DagBag from /opt/airflow/dags/ocr_pipeline_dag.py
[2025-11-13T11:08:22.837-0500] {logging_mixin.py:188} INFO - 📂 Using project root: /opt/project
[2025-11-13T11:08:23.025-0500] {logging_mixin.py:188} INFO - [2025-11-13T11:08:23.025-0500] {credentials.py:1278} INFO - Found credentials in shared credentials file: ~/.aws/credentials
[2025-11-13T11:08:23.765-0500] {processor.py:840} INFO - DAG(s) 'ocr_pipeline_dag' retrieved from /opt/airflow/dags/ocr_pipeline_dag.py
[2025-11-13T11:08:23.796-0500] {logging_mixin.py:188} INFO - [2025-11-13T11:08:23.795-0500] {dag.py:3089} INFO - Sync 1 DAGs
[2025-11-13T11:08:23.810-0500] {logging_mixin.py:188} INFO - [2025-11-13T11:08:23.809-0500] {dag.py:3947} INFO - Setting next_dagrun for ocr_pipeline_dag to None, run_after=None
[2025-11-13T11:08:23.835-0500] {processor.py:183} INFO - Processing /opt/airflow/dags/ocr_pipeline_dag.py took 1.036 seconds
[2025-11-13T11:44:45.975-0500] {processor.py:161} INFO - Started process (PID=9683) to work on /opt/airflow/dags/ocr_pipeline_dag.py
[2025-11-13T11:44:45.998-0500] {processor.py:830} INFO - Processing file /opt/airflow/dags/ocr_pipeline_dag.py for tasks to queue
[2025-11-13T11:44:46.014-0500] {logging_mixin.py:188} INFO - [2025-11-13T11:44:46.008-0500] {dagbag.py:545} INFO - Filling up the DagBag from /opt/airflow/dags/ocr_pipeline_dag.py
[2025-11-13T11:45:28.945-0500] {logging_mixin.py:188} INFO - 📂 Using project root: /opt/project
[2025-11-13T11:46:08.823-0500] {processor.py:161} INFO - Started process (PID=9686) to work on /opt/airflow/dags/ocr_pipeline_dag.py
[2025-11-13T11:46:08.835-0500] {processor.py:830} INFO - Processing file /opt/airflow/dags/ocr_pipeline_dag.py for tasks to queue
[2025-11-13T11:46:08.854-0500] {logging_mixin.py:188} INFO - [2025-11-13T11:46:08.845-0500] {dagbag.py:545} INFO - Filling up the DagBag from /opt/airflow/dags/ocr_pipeline_dag.py
[2025-11-13T11:46:08.942-0500] {logging_mixin.py:188} INFO - 📂 Using project root: /opt/project
[2025-11-13T11:46:10.767-0500] {logging_mixin.py:188} INFO - [2025-11-13T11:46:10.766-0500] {credentials.py:1278} INFO - Found credentials in shared credentials file: ~/.aws/credentials
[2025-11-13T11:46:33.629-0500] {processor.py:840} INFO - DAG(s) 'ocr_pipeline_dag' retrieved from /opt/airflow/dags/ocr_pipeline_dag.py
[2025-11-13T11:46:35.389-0500] {logging_mixin.py:188} INFO - [2025-11-13T11:46:35.386-0500] {dag.py:3089} INFO - Sync 1 DAGs
[2025-11-13T11:46:35.429-0500] {logging_mixin.py:188} INFO - [2025-11-13T11:46:35.429-0500] {dag.py:3947} INFO - Setting next_dagrun for ocr_pipeline_dag to None, run_after=None
[2025-11-13T11:46:35.509-0500] {processor.py:183} INFO - Processing /opt/airflow/dags/ocr_pipeline_dag.py took 25.620 seconds
[2025-11-13T11:47:06.560-0500] {processor.py:161} INFO - Started process (PID=9692) to work on /opt/airflow/dags/ocr_pipeline_dag.py
[2025-11-13T11:47:06.564-0500] {processor.py:830} INFO - Processing file /opt/airflow/dags/ocr_pipeline_dag.py for tasks to queue
[2025-11-13T11:47:06.570-0500] {logging_mixin.py:188} INFO - [2025-11-13T11:47:06.567-0500] {dagbag.py:545} INFO - Filling up the DagBag from /opt/airflow/dags/ocr_pipeline_dag.py
[2025-11-13T11:47:06.642-0500] {logging_mixin.py:188} INFO - 📂 Using project root: /opt/project
[2025-11-13T11:47:07.526-0500] {logging_mixin.py:188} INFO - [2025-11-13T11:47:07.525-0500] {credentials.py:1278} INFO - Found credentials in shared credentials file: ~/.aws/credentials
[2025-11-13T11:47:09.990-0500] {processor.py:840} INFO - DAG(s) 'ocr_pipeline_dag' retrieved from /opt/airflow/dags/ocr_pipeline_dag.py
[2025-11-13T11:47:10.129-0500] {logging_mixin.py:188} INFO - [2025-11-13T11:47:10.127-0500] {dag.py:3089} INFO - Sync 1 DAGs
[2025-11-13T11:47:10.200-0500] {logging_mixin.py:188} INFO - [2025-11-13T11:47:10.198-0500] {dag.py:3947} INFO - Setting next_dagrun for ocr_pipeline_dag to None, run_after=None
[2025-11-13T11:47:10.323-0500] {processor.py:183} INFO - Processing /opt/airflow/dags/ocr_pipeline_dag.py took 3.823 seconds
[2025-11-13T11:47:41.111-0500] {processor.py:161} INFO - Started process (PID=9698) to work on /opt/airflow/dags/ocr_pipeline_dag.py
[2025-11-13T11:47:41.114-0500] {processor.py:830} INFO - Processing file /opt/airflow/dags/ocr_pipeline_dag.py for tasks to queue
[2025-11-13T11:47:41.116-0500] {logging_mixin.py:188} INFO - [2025-11-13T11:47:41.116-0500] {dagbag.py:545} INFO - Filling up the DagBag from /opt/airflow/dags/ocr_pipeline_dag.py
[2025-11-13T11:47:41.154-0500] {logging_mixin.py:188} INFO - 📂 Using project root: /opt/project
[2025-11-13T11:47:41.585-0500] {logging_mixin.py:188} INFO - [2025-11-13T11:47:41.584-0500] {credentials.py:1278} INFO - Found credentials in shared credentials file: ~/.aws/credentials
[2025-11-13T11:47:43.114-0500] {processor.py:840} INFO - DAG(s) 'ocr_pipeline_dag' retrieved from /opt/airflow/dags/ocr_pipeline_dag.py
[2025-11-13T11:47:43.172-0500] {logging_mixin.py:188} INFO - [2025-11-13T11:47:43.172-0500] {dag.py:3089} INFO - Sync 1 DAGs
[2025-11-13T11:47:43.189-0500] {logging_mixin.py:188} INFO - [2025-11-13T11:47:43.188-0500] {dag.py:3947} INFO - Setting next_dagrun for ocr_pipeline_dag to None, run_after=None
[2025-11-13T11:47:43.223-0500] {processor.py:183} INFO - Processing /opt/airflow/dags/ocr_pipeline_dag.py took 2.127 seconds
[2025-11-13T11:48:13.773-0500] {processor.py:161} INFO - Started process (PID=9704) to work on /opt/airflow/dags/ocr_pipeline_dag.py
[2025-11-13T11:48:13.780-0500] {processor.py:830} INFO - Processing file /opt/airflow/dags/ocr_pipeline_dag.py for tasks to queue
[2025-11-13T11:48:13.786-0500] {logging_mixin.py:188} INFO - [2025-11-13T11:48:13.784-0500] {dagbag.py:545} INFO - Filling up the DagBag from /opt/airflow/dags/ocr_pipeline_dag.py
[2025-11-13T11:48:13.889-0500] {logging_mixin.py:188} INFO - 📂 Using project root: /opt/project
[2025-11-13T11:48:14.546-0500] {logging_mixin.py:188} INFO - [2025-11-13T11:48:14.546-0500] {credentials.py:1278} INFO - Found credentials in shared credentials file: ~/.aws/credentials
[2025-11-13T11:48:16.383-0500] {processor.py:840} INFO - DAG(s) 'ocr_pipeline_dag' retrieved from /opt/airflow/dags/ocr_pipeline_dag.py
[2025-11-13T11:48:16.540-0500] {logging_mixin.py:188} INFO - [2025-11-13T11:48:16.539-0500] {dag.py:3089} INFO - Sync 1 DAGs
[2025-11-13T11:48:16.572-0500] {logging_mixin.py:188} INFO - [2025-11-13T11:48:16.571-0500] {dag.py:3947} INFO - Setting next_dagrun for ocr_pipeline_dag to None, run_after=None
[2025-11-13T11:48:16.625-0500] {processor.py:183} INFO - Processing /opt/airflow/dags/ocr_pipeline_dag.py took 2.890 seconds
[2025-11-13T11:48:47.224-0500] {processor.py:161} INFO - Started process (PID=9710) to work on /opt/airflow/dags/ocr_pipeline_dag.py
[2025-11-13T11:48:47.230-0500] {processor.py:830} INFO - Processing file /opt/airflow/dags/ocr_pipeline_dag.py for tasks to queue
[2025-11-13T11:48:47.236-0500] {logging_mixin.py:188} INFO - [2025-11-13T11:48:47.234-0500] {dagbag.py:545} INFO - Filling up the DagBag from /opt/airflow/dags/ocr_pipeline_dag.py
[2025-11-13T11:48:47.382-0500] {logging_mixin.py:188} INFO - 📂 Using project root: /opt/project
[2025-11-13T11:48:48.089-0500] {logging_mixin.py:188} INFO - [2025-11-13T11:48:48.088-0500] {credentials.py:1278} INFO - Found credentials in shared credentials file: ~/.aws/credentials
[2025-11-13T11:48:49.759-0500] {processor.py:840} INFO - DAG(s) 'ocr_pipeline_dag' retrieved from /opt/airflow/dags/ocr_pipeline_dag.py
[2025-11-13T11:48:49.834-0500] {logging_mixin.py:188} INFO - [2025-11-13T11:48:49.833-0500] {dag.py:3089} INFO - Sync 1 DAGs
[2025-11-13T11:48:49.864-0500] {logging_mixin.py:188} INFO - [2025-11-13T11:48:49.863-0500] {dag.py:3947} INFO - Setting next_dagrun for ocr_pipeline_dag to None, run_after=None
[2025-11-13T11:48:49.909-0500] {processor.py:183} INFO - Processing /opt/airflow/dags/ocr_pipeline_dag.py took 2.718 seconds
[2025-11-13T11:49:20.508-0500] {processor.py:161} INFO - Started process (PID=9716) to work on /opt/airflow/dags/ocr_pipeline_dag.py
[2025-11-13T11:49:20.513-0500] {processor.py:830} INFO - Processing file /opt/airflow/dags/ocr_pipeline_dag.py for tasks to queue
[2025-11-13T11:49:20.519-0500] {logging_mixin.py:188} INFO - [2025-11-13T11:49:20.517-0500] {dagbag.py:545} INFO - Filling up the DagBag from /opt/airflow/dags/ocr_pipeline_dag.py
[2025-11-13T11:49:20.609-0500] {logging_mixin.py:188} INFO - 📂 Using project root: /opt/project
[2025-11-13T11:49:21.235-0500] {logging_mixin.py:188} INFO - [2025-11-13T11:49:21.234-0500] {credentials.py:1278} INFO - Found credentials in shared credentials file: ~/.aws/credentials
[2025-11-13T11:49:22.578-0500] {processor.py:840} INFO - DAG(s) 'ocr_pipeline_dag' retrieved from /opt/airflow/dags/ocr_pipeline_dag.py
[2025-11-13T11:49:22.703-0500] {logging_mixin.py:188} INFO - [2025-11-13T11:49:22.702-0500] {dag.py:3089} INFO - Sync 1 DAGs
[2025-11-13T11:49:22.741-0500] {logging_mixin.py:188} INFO - [2025-11-13T11:49:22.741-0500] {dag.py:3947} INFO - Setting next_dagrun for ocr_pipeline_dag to None, run_after=None
[2025-11-13T11:49:22.869-0500] {processor.py:183} INFO - Processing /opt/airflow/dags/ocr_pipeline_dag.py took 2.393 seconds
[2025-11-13T11:49:53.405-0500] {processor.py:161} INFO - Started process (PID=9722) to work on /opt/airflow/dags/ocr_pipeline_dag.py
[2025-11-13T11:49:53.411-0500] {processor.py:830} INFO - Processing file /opt/airflow/dags/ocr_pipeline_dag.py for tasks to queue
[2025-11-13T11:49:53.417-0500] {logging_mixin.py:188} INFO - [2025-11-13T11:49:53.415-0500] {dagbag.py:545} INFO - Filling up the DagBag from /opt/airflow/dags/ocr_pipeline_dag.py
[2025-11-13T11:49:53.513-0500] {logging_mixin.py:188} INFO - 📂 Using project root: /opt/project
[2025-11-13T11:49:54.044-0500] {logging_mixin.py:188} INFO - [2025-11-13T11:49:54.044-0500] {credentials.py:1278} INFO - Found credentials in shared credentials file: ~/.aws/credentials
[2025-11-13T11:49:55.660-0500] {processor.py:840} INFO - DAG(s) 'ocr_pipeline_dag' retrieved from /opt/airflow/dags/ocr_pipeline_dag.py
[2025-11-13T11:49:55.740-0500] {logging_mixin.py:188} INFO - [2025-11-13T11:49:55.739-0500] {dag.py:3089} INFO - Sync 1 DAGs
[2025-11-13T11:49:55.766-0500] {logging_mixin.py:188} INFO - [2025-11-13T11:49:55.766-0500] {dag.py:3947} INFO - Setting next_dagrun for ocr_pipeline_dag to None, run_after=None
[2025-11-13T11:49:55.810-0500] {processor.py:183} INFO - Processing /opt/airflow/dags/ocr_pipeline_dag.py took 2.440 seconds
[2025-11-13T11:50:26.343-0500] {processor.py:161} INFO - Started process (PID=9728) to work on /opt/airflow/dags/ocr_pipeline_dag.py
[2025-11-13T11:50:26.346-0500] {processor.py:830} INFO - Processing file /opt/airflow/dags/ocr_pipeline_dag.py for tasks to queue
[2025-11-13T11:50:26.348-0500] {logging_mixin.py:188} INFO - [2025-11-13T11:50:26.348-0500] {dagbag.py:545} INFO - Filling up the DagBag from /opt/airflow/dags/ocr_pipeline_dag.py
[2025-11-13T11:50:26.395-0500] {logging_mixin.py:188} INFO - 📂 Using project root: /opt/project
[2025-11-13T11:50:26.830-0500] {logging_mixin.py:188} INFO - [2025-11-13T11:50:26.829-0500] {credentials.py:1278} INFO - Found credentials in shared credentials file: ~/.aws/credentials
[2025-11-13T11:50:28.349-0500] {processor.py:840} INFO - DAG(s) 'ocr_pipeline_dag' retrieved from /opt/airflow/dags/ocr_pipeline_dag.py
[2025-11-13T11:50:28.419-0500] {logging_mixin.py:188} INFO - [2025-11-13T11:50:28.418-0500] {dag.py:3089} INFO - Sync 1 DAGs
[2025-11-13T11:50:28.447-0500] {logging_mixin.py:188} INFO - [2025-11-13T11:50:28.447-0500] {dag.py:3947} INFO - Setting next_dagrun for ocr_pipeline_dag to None, run_after=None
[2025-11-13T11:50:28.513-0500] {processor.py:183} INFO - Processing /opt/airflow/dags/ocr_pipeline_dag.py took 2.185 seconds
[2025-11-13T11:50:59.387-0500] {processor.py:161} INFO - Started process (PID=9734) to work on /opt/airflow/dags/ocr_pipeline_dag.py
[2025-11-13T11:50:59.390-0500] {processor.py:830} INFO - Processing file /opt/airflow/dags/ocr_pipeline_dag.py for tasks to queue
[2025-11-13T11:50:59.393-0500] {logging_mixin.py:188} INFO - [2025-11-13T11:50:59.392-0500] {dagbag.py:545} INFO - Filling up the DagBag from /opt/airflow/dags/ocr_pipeline_dag.py
[2025-11-13T11:50:59.444-0500] {logging_mixin.py:188} INFO - 📂 Using project root: /opt/project
[2025-11-13T11:50:59.902-0500] {logging_mixin.py:188} INFO - [2025-11-13T11:50:59.902-0500] {credentials.py:1278} INFO - Found credentials in shared credentials file: ~/.aws/credentials
[2025-11-13T11:51:01.539-0500] {processor.py:840} INFO - DAG(s) 'ocr_pipeline_dag' retrieved from /opt/airflow/dags/ocr_pipeline_dag.py
[2025-11-13T11:51:01.652-0500] {logging_mixin.py:188} INFO - [2025-11-13T11:51:01.651-0500] {dag.py:3089} INFO - Sync 1 DAGs
[2025-11-13T11:51:01.688-0500] {logging_mixin.py:188} INFO - [2025-11-13T11:51:01.687-0500] {dag.py:3947} INFO - Setting next_dagrun for ocr_pipeline_dag to None, run_after=None
[2025-11-13T11:51:01.781-0500] {processor.py:183} INFO - Processing /opt/airflow/dags/ocr_pipeline_dag.py took 2.411 seconds
[2025-11-13T11:51:32.011-0500] {processor.py:161} INFO - Started process (PID=9740) to work on /opt/airflow/dags/ocr_pipeline_dag.py
[2025-11-13T11:51:32.014-0500] {processor.py:830} INFO - Processing file /opt/airflow/dags/ocr_pipeline_dag.py for tasks to queue
[2025-11-13T11:51:32.017-0500] {logging_mixin.py:188} INFO - [2025-11-13T11:51:32.016-0500] {dagbag.py:545} INFO - Filling up the DagBag from /opt/airflow/dags/ocr_pipeline_dag.py
[2025-11-13T11:51:32.067-0500] {logging_mixin.py:188} INFO - 📂 Using project root: /opt/project
[2025-11-13T11:51:32.494-0500] {logging_mixin.py:188} INFO - [2025-11-13T11:51:32.494-0500] {credentials.py:1278} INFO - Found credentials in shared credentials file: ~/.aws/credentials
[2025-11-13T11:51:33.853-0500] {processor.py:840} INFO - DAG(s) 'ocr_pipeline_dag' retrieved from /opt/airflow/dags/ocr_pipeline_dag.py
[2025-11-13T11:51:33.894-0500] {logging_mixin.py:188} INFO - [2025-11-13T11:51:33.894-0500] {dag.py:3089} INFO - Sync 1 DAGs
[2025-11-13T11:51:33.913-0500] {logging_mixin.py:188} INFO - [2025-11-13T11:51:33.913-0500] {dag.py:3947} INFO - Setting next_dagrun for ocr_pipeline_dag to None, run_after=None
[2025-11-13T11:51:33.950-0500] {processor.py:183} INFO - Processing /opt/airflow/dags/ocr_pipeline_dag.py took 1.957 seconds
[2025-11-13T11:52:04.337-0500] {processor.py:161} INFO - Started process (PID=9746) to work on /opt/airflow/dags/ocr_pipeline_dag.py
[2025-11-13T11:52:04.339-0500] {processor.py:830} INFO - Processing file /opt/airflow/dags/ocr_pipeline_dag.py for tasks to queue
[2025-11-13T11:52:04.341-0500] {logging_mixin.py:188} INFO - [2025-11-13T11:52:04.341-0500] {dagbag.py:545} INFO - Filling up the DagBag from /opt/airflow/dags/ocr_pipeline_dag.py
[2025-11-13T11:52:04.388-0500] {logging_mixin.py:188} INFO - 📂 Using project root: /opt/project
[2025-11-13T11:52:04.779-0500] {logging_mixin.py:188} INFO - [2025-11-13T11:52:04.778-0500] {credentials.py:1278} INFO - Found credentials in shared credentials file: ~/.aws/credentials
[2025-11-13T11:52:06.193-0500] {processor.py:840} INFO - DAG(s) 'ocr_pipeline_dag' retrieved from /opt/airflow/dags/ocr_pipeline_dag.py
[2025-11-13T11:52:06.325-0500] {logging_mixin.py:188} INFO - [2025-11-13T11:52:06.324-0500] {dag.py:3089} INFO - Sync 1 DAGs
[2025-11-13T11:52:06.348-0500] {logging_mixin.py:188} INFO - [2025-11-13T11:52:06.347-0500] {dag.py:3947} INFO - Setting next_dagrun for ocr_pipeline_dag to None, run_after=None
[2025-11-13T11:52:06.450-0500] {processor.py:183} INFO - Processing /opt/airflow/dags/ocr_pipeline_dag.py took 2.123 seconds
[2025-11-13T11:52:36.807-0500] {processor.py:161} INFO - Started process (PID=9752) to work on /opt/airflow/dags/ocr_pipeline_dag.py
[2025-11-13T11:52:36.810-0500] {processor.py:830} INFO - Processing file /opt/airflow/dags/ocr_pipeline_dag.py for tasks to queue
[2025-11-13T11:52:36.813-0500] {logging_mixin.py:188} INFO - [2025-11-13T11:52:36.812-0500] {dagbag.py:545} INFO - Filling up the DagBag from /opt/airflow/dags/ocr_pipeline_dag.py
[2025-11-13T11:52:36.869-0500] {logging_mixin.py:188} INFO - 📂 Using project root: /opt/project
[2025-11-13T11:52:37.232-0500] {logging_mixin.py:188} INFO - [2025-11-13T11:52:37.231-0500] {credentials.py:1278} INFO - Found credentials in shared credentials file: ~/.aws/credentials
[2025-11-13T11:52:38.628-0500] {processor.py:840} INFO - DAG(s) 'ocr_pipeline_dag' retrieved from /opt/airflow/dags/ocr_pipeline_dag.py
[2025-11-13T11:52:38.718-0500] {logging_mixin.py:188} INFO - [2025-11-13T11:52:38.717-0500] {dag.py:3089} INFO - Sync 1 DAGs
[2025-11-13T11:52:38.747-0500] {logging_mixin.py:188} INFO - [2025-11-13T11:52:38.747-0500] {dag.py:3947} INFO - Setting next_dagrun for ocr_pipeline_dag to None, run_after=None
[2025-11-13T11:52:38.807-0500] {processor.py:183} INFO - Processing /opt/airflow/dags/ocr_pipeline_dag.py took 2.018 seconds
[2025-11-13T11:53:09.322-0500] {processor.py:161} INFO - Started process (PID=9758) to work on /opt/airflow/dags/ocr_pipeline_dag.py
[2025-11-13T11:53:09.325-0500] {processor.py:830} INFO - Processing file /opt/airflow/dags/ocr_pipeline_dag.py for tasks to queue
[2025-11-13T11:53:09.329-0500] {logging_mixin.py:188} INFO - [2025-11-13T11:53:09.328-0500] {dagbag.py:545} INFO - Filling up the DagBag from /opt/airflow/dags/ocr_pipeline_dag.py
[2025-11-13T11:53:09.381-0500] {logging_mixin.py:188} INFO - 📂 Using project root: /opt/project
[2025-11-13T11:53:09.808-0500] {logging_mixin.py:188} INFO - [2025-11-13T11:53:09.807-0500] {credentials.py:1278} INFO - Found credentials in shared credentials file: ~/.aws/credentials
[2025-11-13T11:53:11.428-0500] {processor.py:840} INFO - DAG(s) 'ocr_pipeline_dag' retrieved from /opt/airflow/dags/ocr_pipeline_dag.py
[2025-11-13T11:53:11.532-0500] {logging_mixin.py:188} INFO - [2025-11-13T11:53:11.531-0500] {dag.py:3089} INFO - Sync 1 DAGs
[2025-11-13T11:53:11.555-0500] {logging_mixin.py:188} INFO - [2025-11-13T11:53:11.554-0500] {dag.py:3947} INFO - Setting next_dagrun for ocr_pipeline_dag to None, run_after=None
[2025-11-13T11:53:11.604-0500] {processor.py:183} INFO - Processing /opt/airflow/dags/ocr_pipeline_dag.py took 2.297 seconds
[2025-11-13T11:53:42.114-0500] {processor.py:161} INFO - Started process (PID=9764) to work on /opt/airflow/dags/ocr_pipeline_dag.py
[2025-11-13T11:53:42.117-0500] {processor.py:830} INFO - Processing file /opt/airflow/dags/ocr_pipeline_dag.py for tasks to queue
[2025-11-13T11:53:42.120-0500] {logging_mixin.py:188} INFO - [2025-11-13T11:53:42.119-0500] {dagbag.py:545} INFO - Filling up the DagBag from /opt/airflow/dags/ocr_pipeline_dag.py
[2025-11-13T11:53:42.156-0500] {logging_mixin.py:188} INFO - 📂 Using project root: /opt/project
[2025-11-13T11:53:42.565-0500] {logging_mixin.py:188} INFO - [2025-11-13T11:53:42.565-0500] {credentials.py:1278} INFO - Found credentials in shared credentials file: ~/.aws/credentials
[2025-11-13T11:53:43.929-0500] {processor.py:840} INFO - DAG(s) 'ocr_pipeline_dag' retrieved from /opt/airflow/dags/ocr_pipeline_dag.py
[2025-11-13T11:53:44.093-0500] {logging_mixin.py:188} INFO - [2025-11-13T11:53:44.092-0500] {dag.py:3089} INFO - Sync 1 DAGs
[2025-11-13T11:53:44.119-0500] {logging_mixin.py:188} INFO - [2025-11-13T11:53:44.118-0500] {dag.py:3947} INFO - Setting next_dagrun for ocr_pipeline_dag to None, run_after=None
[2025-11-13T11:53:44.206-0500] {processor.py:183} INFO - Processing /opt/airflow/dags/ocr_pipeline_dag.py took 2.109 seconds
[2025-11-13T11:54:14.833-0500] {processor.py:161} INFO - Started process (PID=9770) to work on /opt/airflow/dags/ocr_pipeline_dag.py
[2025-11-13T11:54:14.836-0500] {processor.py:830} INFO - Processing file /opt/airflow/dags/ocr_pipeline_dag.py for tasks to queue
[2025-11-13T11:54:14.839-0500] {logging_mixin.py:188} INFO - [2025-11-13T11:54:14.838-0500] {dagbag.py:545} INFO - Filling up the DagBag from /opt/airflow/dags/ocr_pipeline_dag.py
[2025-11-13T11:54:14.890-0500] {logging_mixin.py:188} INFO - 📂 Using project root: /opt/project
[2025-11-13T11:54:15.371-0500] {logging_mixin.py:188} INFO - [2025-11-13T11:54:15.370-0500] {credentials.py:1278} INFO - Found credentials in shared credentials file: ~/.aws/credentials
[2025-11-13T11:54:16.816-0500] {processor.py:840} INFO - DAG(s) 'ocr_pipeline_dag' retrieved from /opt/airflow/dags/ocr_pipeline_dag.py
[2025-11-13T11:54:16.924-0500] {logging_mixin.py:188} INFO - [2025-11-13T11:54:16.924-0500] {dag.py:3089} INFO - Sync 1 DAGs
[2025-11-13T11:54:16.952-0500] {logging_mixin.py:188} INFO - [2025-11-13T11:54:16.952-0500] {dag.py:3947} INFO - Setting next_dagrun for ocr_pipeline_dag to None, run_after=None
[2025-11-13T11:54:16.989-0500] {processor.py:183} INFO - Processing /opt/airflow/dags/ocr_pipeline_dag.py took 2.173 seconds
[2025-11-13T11:54:47.714-0500] {processor.py:161} INFO - Started process (PID=9776) to work on /opt/airflow/dags/ocr_pipeline_dag.py
[2025-11-13T11:54:47.717-0500] {processor.py:830} INFO - Processing file /opt/airflow/dags/ocr_pipeline_dag.py for tasks to queue
[2025-11-13T11:54:47.720-0500] {logging_mixin.py:188} INFO - [2025-11-13T11:54:47.719-0500] {dagbag.py:545} INFO - Filling up the DagBag from /opt/airflow/dags/ocr_pipeline_dag.py
[2025-11-13T11:54:47.765-0500] {logging_mixin.py:188} INFO - 📂 Using project root: /opt/project
[2025-11-13T11:54:48.161-0500] {logging_mixin.py:188} INFO - [2025-11-13T11:54:48.161-0500] {credentials.py:1278} INFO - Found credentials in shared credentials file: ~/.aws/credentials
[2025-11-13T11:54:49.759-0500] {processor.py:840} INFO - DAG(s) 'ocr_pipeline_dag' retrieved from /opt/airflow/dags/ocr_pipeline_dag.py
[2025-11-13T11:54:49.809-0500] {logging_mixin.py:188} INFO - [2025-11-13T11:54:49.808-0500] {dag.py:3089} INFO - Sync 1 DAGs
[2025-11-13T11:54:49.833-0500] {logging_mixin.py:188} INFO - [2025-11-13T11:54:49.833-0500] {dag.py:3947} INFO - Setting next_dagrun for ocr_pipeline_dag to None, run_after=None
[2025-11-13T11:54:49.872-0500] {processor.py:183} INFO - Processing /opt/airflow/dags/ocr_pipeline_dag.py took 2.174 seconds
[2025-11-13T11:55:20.402-0500] {processor.py:161} INFO - Started process (PID=9782) to work on /opt/airflow/dags/ocr_pipeline_dag.py
[2025-11-13T11:55:20.406-0500] {processor.py:830} INFO - Processing file /opt/airflow/dags/ocr_pipeline_dag.py for tasks to queue
[2025-11-13T11:55:20.409-0500] {logging_mixin.py:188} INFO - [2025-11-13T11:55:20.408-0500] {dagbag.py:545} INFO - Filling up the DagBag from /opt/airflow/dags/ocr_pipeline_dag.py
[2025-11-13T11:55:20.457-0500] {logging_mixin.py:188} INFO - 📂 Using project root: /opt/project
[2025-11-13T11:55:20.929-0500] {logging_mixin.py:188} INFO - [2025-11-13T11:55:20.929-0500] {credentials.py:1278} INFO - Found credentials in shared credentials file: ~/.aws/credentials
[2025-11-13T11:55:22.455-0500] {processor.py:840} INFO - DAG(s) 'ocr_pipeline_dag' retrieved from /opt/airflow/dags/ocr_pipeline_dag.py
[2025-11-13T11:55:22.576-0500] {logging_mixin.py:188} INFO - [2025-11-13T11:55:22.574-0500] {dag.py:3089} INFO - Sync 1 DAGs
[2025-11-13T11:55:22.617-0500] {logging_mixin.py:188} INFO - [2025-11-13T11:55:22.617-0500] {dag.py:3947} INFO - Setting next_dagrun for ocr_pipeline_dag to None, run_after=None
[2025-11-13T11:55:22.779-0500] {processor.py:183} INFO - Processing /opt/airflow/dags/ocr_pipeline_dag.py took 2.399 seconds
[2025-11-13T11:55:53.259-0500] {processor.py:161} INFO - Started process (PID=9788) to work on /opt/airflow/dags/ocr_pipeline_dag.py
[2025-11-13T11:55:53.262-0500] {processor.py:830} INFO - Processing file /opt/airflow/dags/ocr_pipeline_dag.py for tasks to queue
[2025-11-13T11:55:53.266-0500] {logging_mixin.py:188} INFO - [2025-11-13T11:55:53.265-0500] {dagbag.py:545} INFO - Filling up the DagBag from /opt/airflow/dags/ocr_pipeline_dag.py
[2025-11-13T11:55:53.314-0500] {logging_mixin.py:188} INFO - 📂 Using project root: /opt/project
[2025-11-13T11:55:53.685-0500] {logging_mixin.py:188} INFO - [2025-11-13T11:55:53.685-0500] {credentials.py:1278} INFO - Found credentials in shared credentials file: ~/.aws/credentials
[2025-11-13T11:55:55.273-0500] {processor.py:840} INFO - DAG(s) 'ocr_pipeline_dag' retrieved from /opt/airflow/dags/ocr_pipeline_dag.py
[2025-11-13T11:55:55.379-0500] {logging_mixin.py:188} INFO - [2025-11-13T11:55:55.378-0500] {dag.py:3089} INFO - Sync 1 DAGs
[2025-11-13T11:55:55.407-0500] {logging_mixin.py:188} INFO - [2025-11-13T11:55:55.406-0500] {dag.py:3947} INFO - Setting next_dagrun for ocr_pipeline_dag to None, run_after=None
[2025-11-13T11:55:55.459-0500] {processor.py:183} INFO - Processing /opt/airflow/dags/ocr_pipeline_dag.py took 2.223 seconds
[2025-11-13T11:56:26.259-0500] {processor.py:161} INFO - Started process (PID=9794) to work on /opt/airflow/dags/ocr_pipeline_dag.py
[2025-11-13T11:56:26.264-0500] {processor.py:830} INFO - Processing file /opt/airflow/dags/ocr_pipeline_dag.py for tasks to queue
[2025-11-13T11:56:26.272-0500] {logging_mixin.py:188} INFO - [2025-11-13T11:56:26.271-0500] {dagbag.py:545} INFO - Filling up the DagBag from /opt/airflow/dags/ocr_pipeline_dag.py
[2025-11-13T11:56:26.440-0500] {logging_mixin.py:188} INFO - 📂 Using project root: /opt/project
[2025-11-13T11:56:27.560-0500] {logging_mixin.py:188} INFO - [2025-11-13T11:56:27.559-0500] {credentials.py:1278} INFO - Found credentials in shared credentials file: ~/.aws/credentials
[2025-11-13T11:56:29.159-0500] {processor.py:840} INFO - DAG(s) 'ocr_pipeline_dag' retrieved from /opt/airflow/dags/ocr_pipeline_dag.py
[2025-11-13T11:56:29.259-0500] {logging_mixin.py:188} INFO - [2025-11-13T11:56:29.258-0500] {dag.py:3089} INFO - Sync 1 DAGs
[2025-11-13T11:56:29.289-0500] {logging_mixin.py:188} INFO - [2025-11-13T11:56:29.289-0500] {dag.py:3947} INFO - Setting next_dagrun for ocr_pipeline_dag to None, run_after=None
[2025-11-13T11:56:29.340-0500] {processor.py:183} INFO - Processing /opt/airflow/dags/ocr_pipeline_dag.py took 3.114 seconds
[2025-11-13T11:56:59.801-0500] {processor.py:161} INFO - Started process (PID=9800) to work on /opt/airflow/dags/ocr_pipeline_dag.py
[2025-11-13T11:56:59.804-0500] {processor.py:830} INFO - Processing file /opt/airflow/dags/ocr_pipeline_dag.py for tasks to queue
[2025-11-13T11:56:59.807-0500] {logging_mixin.py:188} INFO - [2025-11-13T11:56:59.806-0500] {dagbag.py:545} INFO - Filling up the DagBag from /opt/airflow/dags/ocr_pipeline_dag.py
[2025-11-13T11:56:59.853-0500] {logging_mixin.py:188} INFO - 📂 Using project root: /opt/project
[2025-11-13T11:57:00.259-0500] {logging_mixin.py:188} INFO - [2025-11-13T11:57:00.258-0500] {credentials.py:1278} INFO - Found credentials in shared credentials file: ~/.aws/credentials
[2025-11-13T11:57:01.612-0500] {processor.py:840} INFO - DAG(s) 'ocr_pipeline_dag' retrieved from /opt/airflow/dags/ocr_pipeline_dag.py
[2025-11-13T11:57:01.674-0500] {logging_mixin.py:188} INFO - [2025-11-13T11:57:01.673-0500] {dag.py:3089} INFO - Sync 1 DAGs
[2025-11-13T11:57:01.701-0500] {logging_mixin.py:188} INFO - [2025-11-13T11:57:01.701-0500] {dag.py:3947} INFO - Setting next_dagrun for ocr_pipeline_dag to None, run_after=None
[2025-11-13T11:57:01.749-0500] {processor.py:183} INFO - Processing /opt/airflow/dags/ocr_pipeline_dag.py took 1.968 seconds
[2025-11-13T11:57:32.484-0500] {processor.py:161} INFO - Started process (PID=9806) to work on /opt/airflow/dags/ocr_pipeline_dag.py
[2025-11-13T11:57:32.487-0500] {processor.py:830} INFO - Processing file /opt/airflow/dags/ocr_pipeline_dag.py for tasks to queue
[2025-11-13T11:57:32.491-0500] {logging_mixin.py:188} INFO - [2025-11-13T11:57:32.490-0500] {dagbag.py:545} INFO - Filling up the DagBag from /opt/airflow/dags/ocr_pipeline_dag.py
[2025-11-13T11:57:32.536-0500] {logging_mixin.py:188} INFO - 📂 Using project root: /opt/project
[2025-11-13T11:57:32.909-0500] {logging_mixin.py:188} INFO - [2025-11-13T11:57:32.909-0500] {credentials.py:1278} INFO - Found credentials in shared credentials file: ~/.aws/credentials
[2025-11-13T11:57:34.208-0500] {processor.py:840} INFO - DAG(s) 'ocr_pipeline_dag' retrieved from /opt/airflow/dags/ocr_pipeline_dag.py
[2025-11-13T11:57:34.252-0500] {logging_mixin.py:188} INFO - [2025-11-13T11:57:34.251-0500] {dag.py:3089} INFO - Sync 1 DAGs
[2025-11-13T11:57:34.272-0500] {logging_mixin.py:188} INFO - [2025-11-13T11:57:34.271-0500] {dag.py:3947} INFO - Setting next_dagrun for ocr_pipeline_dag to None, run_after=None
[2025-11-13T11:57:34.317-0500] {processor.py:183} INFO - Processing /opt/airflow/dags/ocr_pipeline_dag.py took 1.850 seconds
[2025-11-13T11:58:05.269-0500] {processor.py:161} INFO - Started process (PID=9812) to work on /opt/airflow/dags/ocr_pipeline_dag.py
[2025-11-13T11:58:05.272-0500] {processor.py:830} INFO - Processing file /opt/airflow/dags/ocr_pipeline_dag.py for tasks to queue
[2025-11-13T11:58:05.276-0500] {logging_mixin.py:188} INFO - [2025-11-13T11:58:05.275-0500] {dagbag.py:545} INFO - Filling up the DagBag from /opt/airflow/dags/ocr_pipeline_dag.py
[2025-11-13T11:58:05.323-0500] {logging_mixin.py:188} INFO - 📂 Using project root: /opt/project
[2025-11-13T11:58:05.806-0500] {logging_mixin.py:188} INFO - [2025-11-13T11:58:05.806-0500] {credentials.py:1278} INFO - Found credentials in shared credentials file: ~/.aws/credentials
[2025-11-13T11:58:07.215-0500] {processor.py:840} INFO - DAG(s) 'ocr_pipeline_dag' retrieved from /opt/airflow/dags/ocr_pipeline_dag.py
[2025-11-13T11:58:07.321-0500] {logging_mixin.py:188} INFO - [2025-11-13T11:58:07.320-0500] {dag.py:3089} INFO - Sync 1 DAGs
[2025-11-13T11:58:07.351-0500] {logging_mixin.py:188} INFO - [2025-11-13T11:58:07.351-0500] {dag.py:3947} INFO - Setting next_dagrun for ocr_pipeline_dag to None, run_after=None
[2025-11-13T11:58:07.443-0500] {processor.py:183} INFO - Processing /opt/airflow/dags/ocr_pipeline_dag.py took 2.194 seconds
[2025-11-13T11:58:37.718-0500] {processor.py:161} INFO - Started process (PID=9818) to work on /opt/airflow/dags/ocr_pipeline_dag.py
[2025-11-13T11:58:37.720-0500] {processor.py:830} INFO - Processing file /opt/airflow/dags/ocr_pipeline_dag.py for tasks to queue
[2025-11-13T11:58:37.723-0500] {logging_mixin.py:188} INFO - [2025-11-13T11:58:37.722-0500] {dagbag.py:545} INFO - Filling up the DagBag from /opt/airflow/dags/ocr_pipeline_dag.py
[2025-11-13T11:58:37.765-0500] {logging_mixin.py:188} INFO - 📂 Using project root: /opt/project
[2025-11-13T11:58:38.148-0500] {logging_mixin.py:188} INFO - [2025-11-13T11:58:38.147-0500] {credentials.py:1278} INFO - Found credentials in shared credentials file: ~/.aws/credentials
[2025-11-13T11:58:39.456-0500] {processor.py:840} INFO - DAG(s) 'ocr_pipeline_dag' retrieved from /opt/airflow/dags/ocr_pipeline_dag.py
[2025-11-13T11:58:39.521-0500] {logging_mixin.py:188} INFO - [2025-11-13T11:58:39.520-0500] {dag.py:3089} INFO - Sync 1 DAGs
[2025-11-13T11:58:39.552-0500] {logging_mixin.py:188} INFO - [2025-11-13T11:58:39.551-0500] {dag.py:3947} INFO - Setting next_dagrun for ocr_pipeline_dag to None, run_after=None
[2025-11-13T11:58:39.664-0500] {processor.py:183} INFO - Processing /opt/airflow/dags/ocr_pipeline_dag.py took 1.960 seconds
[2025-11-13T11:59:10.389-0500] {processor.py:161} INFO - Started process (PID=9824) to work on /opt/airflow/dags/ocr_pipeline_dag.py
[2025-11-13T11:59:10.391-0500] {processor.py:830} INFO - Processing file /opt/airflow/dags/ocr_pipeline_dag.py for tasks to queue
[2025-11-13T11:59:10.395-0500] {logging_mixin.py:188} INFO - [2025-11-13T11:59:10.393-0500] {dagbag.py:545} INFO - Filling up the DagBag from /opt/airflow/dags/ocr_pipeline_dag.py
[2025-11-13T11:59:10.439-0500] {logging_mixin.py:188} INFO - 📂 Using project root: /opt/project
[2025-11-13T11:59:10.871-0500] {logging_mixin.py:188} INFO - [2025-11-13T11:59:10.871-0500] {credentials.py:1278} INFO - Found credentials in shared credentials file: ~/.aws/credentials
[2025-11-13T11:59:12.252-0500] {processor.py:840} INFO - DAG(s) 'ocr_pipeline_dag' retrieved from /opt/airflow/dags/ocr_pipeline_dag.py
[2025-11-13T11:59:12.385-0500] {logging_mixin.py:188} INFO - [2025-11-13T11:59:12.383-0500] {dag.py:3089} INFO - Sync 1 DAGs
[2025-11-13T11:59:12.427-0500] {logging_mixin.py:188} INFO - [2025-11-13T11:59:12.427-0500] {dag.py:3947} INFO - Setting next_dagrun for ocr_pipeline_dag to None, run_after=None
[2025-11-13T11:59:12.540-0500] {processor.py:183} INFO - Processing /opt/airflow/dags/ocr_pipeline_dag.py took 2.168 seconds
[2025-11-13T11:59:43.150-0500] {processor.py:161} INFO - Started process (PID=9830) to work on /opt/airflow/dags/ocr_pipeline_dag.py
[2025-11-13T11:59:43.154-0500] {processor.py:830} INFO - Processing file /opt/airflow/dags/ocr_pipeline_dag.py for tasks to queue
[2025-11-13T11:59:43.157-0500] {logging_mixin.py:188} INFO - [2025-11-13T11:59:43.156-0500] {dagbag.py:545} INFO - Filling up the DagBag from /opt/airflow/dags/ocr_pipeline_dag.py
[2025-11-13T11:59:43.206-0500] {logging_mixin.py:188} INFO - 📂 Using project root: /opt/project
[2025-11-13T11:59:43.776-0500] {logging_mixin.py:188} INFO - [2025-11-13T11:59:43.775-0500] {credentials.py:1278} INFO - Found credentials in shared credentials file: ~/.aws/credentials
[2025-11-13T11:59:45.199-0500] {processor.py:840} INFO - DAG(s) 'ocr_pipeline_dag' retrieved from /opt/airflow/dags/ocr_pipeline_dag.py
[2025-11-13T11:59:45.252-0500] {logging_mixin.py:188} INFO - [2025-11-13T11:59:45.251-0500] {dag.py:3089} INFO - Sync 1 DAGs
[2025-11-13T11:59:45.278-0500] {logging_mixin.py:188} INFO - [2025-11-13T11:59:45.277-0500] {dag.py:3947} INFO - Setting next_dagrun for ocr_pipeline_dag to None, run_after=None
[2025-11-13T11:59:45.323-0500] {processor.py:183} INFO - Processing /opt/airflow/dags/ocr_pipeline_dag.py took 2.192 seconds
[2025-11-13T12:00:16.211-0500] {processor.py:161} INFO - Started process (PID=9836) to work on /opt/airflow/dags/ocr_pipeline_dag.py
[2025-11-13T12:00:16.216-0500] {processor.py:830} INFO - Processing file /opt/airflow/dags/ocr_pipeline_dag.py for tasks to queue
[2025-11-13T12:00:16.220-0500] {logging_mixin.py:188} INFO - [2025-11-13T12:00:16.219-0500] {dagbag.py:545} INFO - Filling up the DagBag from /opt/airflow/dags/ocr_pipeline_dag.py
[2025-11-13T12:00:16.296-0500] {logging_mixin.py:188} INFO - 📂 Using project root: /opt/project
[2025-11-13T12:00:17.256-0500] {logging_mixin.py:188} INFO - [2025-11-13T12:00:17.255-0500] {credentials.py:1278} INFO - Found credentials in shared credentials file: ~/.aws/credentials
[2025-11-13T12:00:19.815-0500] {processor.py:840} INFO - DAG(s) 'ocr_pipeline_dag' retrieved from /opt/airflow/dags/ocr_pipeline_dag.py
[2025-11-13T12:00:19.968-0500] {logging_mixin.py:188} INFO - [2025-11-13T12:00:19.965-0500] {dag.py:3089} INFO - Sync 1 DAGs
[2025-11-13T12:00:20.022-0500] {logging_mixin.py:188} INFO - [2025-11-13T12:00:20.021-0500] {dag.py:3947} INFO - Setting next_dagrun for ocr_pipeline_dag to None, run_after=None
[2025-11-13T12:00:20.110-0500] {processor.py:183} INFO - Processing /opt/airflow/dags/ocr_pipeline_dag.py took 3.926 seconds
[2025-11-13T12:00:51.210-0500] {processor.py:161} INFO - Started process (PID=9842) to work on /opt/airflow/dags/ocr_pipeline_dag.py
[2025-11-13T12:00:51.213-0500] {processor.py:830} INFO - Processing file /opt/airflow/dags/ocr_pipeline_dag.py for tasks to queue
[2025-11-13T12:00:51.217-0500] {logging_mixin.py:188} INFO - [2025-11-13T12:00:51.216-0500] {dagbag.py:545} INFO - Filling up the DagBag from /opt/airflow/dags/ocr_pipeline_dag.py
[2025-11-13T12:00:51.275-0500] {logging_mixin.py:188} INFO - 📂 Using project root: /opt/project
[2025-11-13T12:00:51.757-0500] {logging_mixin.py:188} INFO - [2025-11-13T12:00:51.756-0500] {credentials.py:1278} INFO - Found credentials in shared credentials file: ~/.aws/credentials
[2025-11-13T12:00:53.578-0500] {processor.py:840} INFO - DAG(s) 'ocr_pipeline_dag' retrieved from /opt/airflow/dags/ocr_pipeline_dag.py
[2025-11-13T12:00:53.658-0500] {logging_mixin.py:188} INFO - [2025-11-13T12:00:53.657-0500] {dag.py:3089} INFO - Sync 1 DAGs
[2025-11-13T12:00:53.698-0500] {logging_mixin.py:188} INFO - [2025-11-13T12:00:53.697-0500] {dag.py:3947} INFO - Setting next_dagrun for ocr_pipeline_dag to None, run_after=None
[2025-11-13T12:00:53.757-0500] {processor.py:183} INFO - Processing /opt/airflow/dags/ocr_pipeline_dag.py took 2.576 seconds
[2025-11-13T12:01:24.131-0500] {processor.py:161} INFO - Started process (PID=9848) to work on /opt/airflow/dags/ocr_pipeline_dag.py
[2025-11-13T12:01:24.138-0500] {processor.py:830} INFO - Processing file /opt/airflow/dags/ocr_pipeline_dag.py for tasks to queue
[2025-11-13T12:01:24.145-0500] {logging_mixin.py:188} INFO - [2025-11-13T12:01:24.143-0500] {dagbag.py:545} INFO - Filling up the DagBag from /opt/airflow/dags/ocr_pipeline_dag.py
[2025-11-13T12:01:24.268-0500] {logging_mixin.py:188} INFO - 📂 Using project root: /opt/project
[2025-11-13T12:01:24.923-0500] {logging_mixin.py:188} INFO - [2025-11-13T12:01:24.922-0500] {credentials.py:1278} INFO - Found credentials in shared credentials file: ~/.aws/credentials
[2025-11-13T12:01:26.808-0500] {processor.py:840} INFO - DAG(s) 'ocr_pipeline_dag' retrieved from /opt/airflow/dags/ocr_pipeline_dag.py
[2025-11-13T12:01:26.966-0500] {logging_mixin.py:188} INFO - [2025-11-13T12:01:26.964-0500] {dag.py:3089} INFO - Sync 1 DAGs
[2025-11-13T12:01:27.050-0500] {logging_mixin.py:188} INFO - [2025-11-13T12:01:27.049-0500] {dag.py:3947} INFO - Setting next_dagrun for ocr_pipeline_dag to None, run_after=None
[2025-11-13T12:01:27.172-0500] {processor.py:183} INFO - Processing /opt/airflow/dags/ocr_pipeline_dag.py took 3.085 seconds
[2025-11-13T12:01:58.011-0500] {processor.py:161} INFO - Started process (PID=9854) to work on /opt/airflow/dags/ocr_pipeline_dag.py
[2025-11-13T12:01:58.018-0500] {processor.py:830} INFO - Processing file /opt/airflow/dags/ocr_pipeline_dag.py for tasks to queue
[2025-11-13T12:01:58.023-0500] {logging_mixin.py:188} INFO - [2025-11-13T12:01:58.022-0500] {dagbag.py:545} INFO - Filling up the DagBag from /opt/airflow/dags/ocr_pipeline_dag.py
[2025-11-13T12:01:58.112-0500] {logging_mixin.py:188} INFO - 📂 Using project root: /opt/project
[2025-11-13T12:01:58.996-0500] {logging_mixin.py:188} INFO - [2025-11-13T12:01:58.993-0500] {credentials.py:1278} INFO - Found credentials in shared credentials file: ~/.aws/credentials
[2025-11-13T12:02:01.030-0500] {processor.py:840} INFO - DAG(s) 'ocr_pipeline_dag' retrieved from /opt/airflow/dags/ocr_pipeline_dag.py
[2025-11-13T12:02:01.174-0500] {logging_mixin.py:188} INFO - [2025-11-13T12:02:01.173-0500] {dag.py:3089} INFO - Sync 1 DAGs
[2025-11-13T12:02:01.224-0500] {logging_mixin.py:188} INFO - [2025-11-13T12:02:01.223-0500] {dag.py:3947} INFO - Setting next_dagrun for ocr_pipeline_dag to None, run_after=None
[2025-11-13T12:02:01.286-0500] {processor.py:183} INFO - Processing /opt/airflow/dags/ocr_pipeline_dag.py took 3.308 seconds
[2025-11-13T12:02:31.808-0500] {processor.py:161} INFO - Started process (PID=9860) to work on /opt/airflow/dags/ocr_pipeline_dag.py
[2025-11-13T12:02:31.811-0500] {processor.py:830} INFO - Processing file /opt/airflow/dags/ocr_pipeline_dag.py for tasks to queue
[2025-11-13T12:02:31.813-0500] {logging_mixin.py:188} INFO - [2025-11-13T12:02:31.812-0500] {dagbag.py:545} INFO - Filling up the DagBag from /opt/airflow/dags/ocr_pipeline_dag.py
[2025-11-13T12:02:31.850-0500] {logging_mixin.py:188} INFO - 📂 Using project root: /opt/project
[2025-11-13T12:02:32.289-0500] {logging_mixin.py:188} INFO - [2025-11-13T12:02:32.288-0500] {credentials.py:1278} INFO - Found credentials in shared credentials file: ~/.aws/credentials
[2025-11-13T12:02:33.728-0500] {processor.py:840} INFO - DAG(s) 'ocr_pipeline_dag' retrieved from /opt/airflow/dags/ocr_pipeline_dag.py
[2025-11-13T12:02:33.812-0500] {logging_mixin.py:188} INFO - [2025-11-13T12:02:33.812-0500] {dag.py:3089} INFO - Sync 1 DAGs
[2025-11-13T12:02:33.831-0500] {logging_mixin.py:188} INFO - [2025-11-13T12:02:33.831-0500] {dag.py:3947} INFO - Setting next_dagrun for ocr_pipeline_dag to None, run_after=None
[2025-11-13T12:02:33.868-0500] {processor.py:183} INFO - Processing /opt/airflow/dags/ocr_pipeline_dag.py took 2.074 seconds
[2025-11-13T12:03:04.424-0500] {processor.py:161} INFO - Started process (PID=9866) to work on /opt/airflow/dags/ocr_pipeline_dag.py
[2025-11-13T12:03:04.427-0500] {processor.py:830} INFO - Processing file /opt/airflow/dags/ocr_pipeline_dag.py for tasks to queue
[2025-11-13T12:03:04.430-0500] {logging_mixin.py:188} INFO - [2025-11-13T12:03:04.429-0500] {dagbag.py:545} INFO - Filling up the DagBag from /opt/airflow/dags/ocr_pipeline_dag.py
[2025-11-13T12:03:04.475-0500] {logging_mixin.py:188} INFO - 📂 Using project root: /opt/project
[2025-11-13T12:03:04.911-0500] {logging_mixin.py:188} INFO - [2025-11-13T12:03:04.910-0500] {credentials.py:1278} INFO - Found credentials in shared credentials file: ~/.aws/credentials
[2025-11-13T12:03:06.450-0500] {processor.py:840} INFO - DAG(s) 'ocr_pipeline_dag' retrieved from /opt/airflow/dags/ocr_pipeline_dag.py
[2025-11-13T12:03:06.559-0500] {logging_mixin.py:188} INFO - [2025-11-13T12:03:06.558-0500] {dag.py:3089} INFO - Sync 1 DAGs
[2025-11-13T12:03:06.588-0500] {logging_mixin.py:188} INFO - [2025-11-13T12:03:06.587-0500] {dag.py:3947} INFO - Setting next_dagrun for ocr_pipeline_dag to None, run_after=None
[2025-11-13T12:03:06.636-0500] {processor.py:183} INFO - Processing /opt/airflow/dags/ocr_pipeline_dag.py took 2.225 seconds
[2025-11-13T12:03:37.214-0500] {processor.py:161} INFO - Started process (PID=9872) to work on /opt/airflow/dags/ocr_pipeline_dag.py
[2025-11-13T12:03:37.216-0500] {processor.py:830} INFO - Processing file /opt/airflow/dags/ocr_pipeline_dag.py for tasks to queue
[2025-11-13T12:03:37.218-0500] {logging_mixin.py:188} INFO - [2025-11-13T12:03:37.218-0500] {dagbag.py:545} INFO - Filling up the DagBag from /opt/airflow/dags/ocr_pipeline_dag.py
[2025-11-13T12:03:37.257-0500] {logging_mixin.py:188} INFO - 📂 Using project root: /opt/project
[2025-11-13T12:03:37.675-0500] {logging_mixin.py:188} INFO - [2025-11-13T12:03:37.674-0500] {credentials.py:1278} INFO - Found credentials in shared credentials file: ~/.aws/credentials
[2025-11-13T12:03:39.040-0500] {processor.py:840} INFO - DAG(s) 'ocr_pipeline_dag' retrieved from /opt/airflow/dags/ocr_pipeline_dag.py
[2025-11-13T12:03:39.102-0500] {logging_mixin.py:188} INFO - [2025-11-13T12:03:39.101-0500] {dag.py:3089} INFO - Sync 1 DAGs
[2025-11-13T12:03:39.128-0500] {logging_mixin.py:188} INFO - [2025-11-13T12:03:39.128-0500] {dag.py:3947} INFO - Setting next_dagrun for ocr_pipeline_dag to None, run_after=None
[2025-11-13T12:03:39.176-0500] {processor.py:183} INFO - Processing /opt/airflow/dags/ocr_pipeline_dag.py took 1.977 seconds
[2025-11-13T12:04:09.703-0500] {processor.py:161} INFO - Started process (PID=9878) to work on /opt/airflow/dags/ocr_pipeline_dag.py
[2025-11-13T12:04:09.706-0500] {processor.py:830} INFO - Processing file /opt/airflow/dags/ocr_pipeline_dag.py for tasks to queue
[2025-11-13T12:04:09.714-0500] {logging_mixin.py:188} INFO - [2025-11-13T12:04:09.711-0500] {dagbag.py:545} INFO - Filling up the DagBag from /opt/airflow/dags/ocr_pipeline_dag.py
[2025-11-13T12:04:09.769-0500] {logging_mixin.py:188} INFO - 📂 Using project root: /opt/project
[2025-11-13T12:04:10.346-0500] {logging_mixin.py:188} INFO - [2025-11-13T12:04:10.345-0500] {credentials.py:1278} INFO - Found credentials in shared credentials file: ~/.aws/credentials
[2025-11-13T12:04:12.173-0500] {processor.py:840} INFO - DAG(s) 'ocr_pipeline_dag' retrieved from /opt/airflow/dags/ocr_pipeline_dag.py
[2025-11-13T12:04:12.324-0500] {logging_mixin.py:188} INFO - [2025-11-13T12:04:12.322-0500] {dag.py:3089} INFO - Sync 1 DAGs
[2025-11-13T12:04:12.374-0500] {logging_mixin.py:188} INFO - [2025-11-13T12:04:12.373-0500] {dag.py:3947} INFO - Setting next_dagrun for ocr_pipeline_dag to None, run_after=None
[2025-11-13T12:04:12.468-0500] {processor.py:183} INFO - Processing /opt/airflow/dags/ocr_pipeline_dag.py took 2.791 seconds
[2025-11-13T12:04:42.819-0500] {processor.py:161} INFO - Started process (PID=9884) to work on /opt/airflow/dags/ocr_pipeline_dag.py
[2025-11-13T12:04:42.822-0500] {processor.py:830} INFO - Processing file /opt/airflow/dags/ocr_pipeline_dag.py for tasks to queue
[2025-11-13T12:04:42.825-0500] {logging_mixin.py:188} INFO - [2025-11-13T12:04:42.824-0500] {dagbag.py:545} INFO - Filling up the DagBag from /opt/airflow/dags/ocr_pipeline_dag.py
[2025-11-13T12:04:42.874-0500] {logging_mixin.py:188} INFO - 📂 Using project root: /opt/project
[2025-11-13T12:04:43.334-0500] {logging_mixin.py:188} INFO - [2025-11-13T12:04:43.333-0500] {credentials.py:1278} INFO - Found credentials in shared credentials file: ~/.aws/credentials
[2025-11-13T12:04:44.806-0500] {processor.py:840} INFO - DAG(s) 'ocr_pipeline_dag' retrieved from /opt/airflow/dags/ocr_pipeline_dag.py
[2025-11-13T12:04:44.847-0500] {logging_mixin.py:188} INFO - [2025-11-13T12:04:44.846-0500] {dag.py:3089} INFO - Sync 1 DAGs
[2025-11-13T12:04:44.874-0500] {logging_mixin.py:188} INFO - [2025-11-13T12:04:44.874-0500] {dag.py:3947} INFO - Setting next_dagrun for ocr_pipeline_dag to None, run_after=None
[2025-11-13T12:04:44.918-0500] {processor.py:183} INFO - Processing /opt/airflow/dags/ocr_pipeline_dag.py took 2.117 seconds
[2025-11-13T12:05:15.561-0500] {processor.py:161} INFO - Started process (PID=9890) to work on /opt/airflow/dags/ocr_pipeline_dag.py
[2025-11-13T12:05:15.564-0500] {processor.py:830} INFO - Processing file /opt/airflow/dags/ocr_pipeline_dag.py for tasks to queue
[2025-11-13T12:05:15.569-0500] {logging_mixin.py:188} INFO - [2025-11-13T12:05:15.567-0500] {dagbag.py:545} INFO - Filling up the DagBag from /opt/airflow/dags/ocr_pipeline_dag.py
[2025-11-13T12:05:15.616-0500] {logging_mixin.py:188} INFO - 📂 Using project root: /opt/project
[2025-11-13T12:05:16.065-0500] {logging_mixin.py:188} INFO - [2025-11-13T12:05:16.064-0500] {credentials.py:1278} INFO - Found credentials in shared credentials file: ~/.aws/credentials
[2025-11-13T12:05:17.473-0500] {processor.py:840} INFO - DAG(s) 'ocr_pipeline_dag' retrieved from /opt/airflow/dags/ocr_pipeline_dag.py
[2025-11-13T12:05:17.574-0500] {logging_mixin.py:188} INFO - [2025-11-13T12:05:17.573-0500] {dag.py:3089} INFO - Sync 1 DAGs
[2025-11-13T12:05:17.601-0500] {logging_mixin.py:188} INFO - [2025-11-13T12:05:17.600-0500] {dag.py:3947} INFO - Setting next_dagrun for ocr_pipeline_dag to None, run_after=None
[2025-11-13T12:05:17.648-0500] {processor.py:183} INFO - Processing /opt/airflow/dags/ocr_pipeline_dag.py took 2.105 seconds
[2025-11-13T12:05:48.783-0500] {processor.py:161} INFO - Started process (PID=9896) to work on /opt/airflow/dags/ocr_pipeline_dag.py
[2025-11-13T12:05:48.787-0500] {processor.py:830} INFO - Processing file /opt/airflow/dags/ocr_pipeline_dag.py for tasks to queue
[2025-11-13T12:05:48.790-0500] {logging_mixin.py:188} INFO - [2025-11-13T12:05:48.789-0500] {dagbag.py:545} INFO - Filling up the DagBag from /opt/airflow/dags/ocr_pipeline_dag.py
[2025-11-13T12:05:48.837-0500] {logging_mixin.py:188} INFO - 📂 Using project root: /opt/project
[2025-11-13T12:05:49.271-0500] {logging_mixin.py:188} INFO - [2025-11-13T12:05:49.271-0500] {credentials.py:1278} INFO - Found credentials in shared credentials file: ~/.aws/credentials
[2025-11-13T12:05:51.294-0500] {processor.py:840} INFO - DAG(s) 'ocr_pipeline_dag' retrieved from /opt/airflow/dags/ocr_pipeline_dag.py
[2025-11-13T12:05:51.380-0500] {logging_mixin.py:188} INFO - [2025-11-13T12:05:51.378-0500] {dag.py:3089} INFO - Sync 1 DAGs
[2025-11-13T12:05:51.418-0500] {logging_mixin.py:188} INFO - [2025-11-13T12:05:51.417-0500] {dag.py:3947} INFO - Setting next_dagrun for ocr_pipeline_dag to None, run_after=None
[2025-11-13T12:05:51.495-0500] {processor.py:183} INFO - Processing /opt/airflow/dags/ocr_pipeline_dag.py took 2.728 seconds
[2025-11-13T12:06:22.373-0500] {processor.py:161} INFO - Started process (PID=9902) to work on /opt/airflow/dags/ocr_pipeline_dag.py
[2025-11-13T12:06:22.376-0500] {processor.py:830} INFO - Processing file /opt/airflow/dags/ocr_pipeline_dag.py for tasks to queue
[2025-11-13T12:06:22.378-0500] {logging_mixin.py:188} INFO - [2025-11-13T12:06:22.378-0500] {dagbag.py:545} INFO - Filling up the DagBag from /opt/airflow/dags/ocr_pipeline_dag.py
[2025-11-13T12:06:22.427-0500] {logging_mixin.py:188} INFO - 📂 Using project root: /opt/project
[2025-11-13T12:06:22.881-0500] {logging_mixin.py:188} INFO - [2025-11-13T12:06:22.880-0500] {credentials.py:1278} INFO - Found credentials in shared credentials file: ~/.aws/credentials
[2025-11-13T12:06:24.266-0500] {processor.py:840} INFO - DAG(s) 'ocr_pipeline_dag' retrieved from /opt/airflow/dags/ocr_pipeline_dag.py
[2025-11-13T12:06:24.345-0500] {logging_mixin.py:188} INFO - [2025-11-13T12:06:24.344-0500] {dag.py:3089} INFO - Sync 1 DAGs
[2025-11-13T12:06:24.380-0500] {logging_mixin.py:188} INFO - [2025-11-13T12:06:24.380-0500] {dag.py:3947} INFO - Setting next_dagrun for ocr_pipeline_dag to None, run_after=None
[2025-11-13T12:06:24.445-0500] {processor.py:183} INFO - Processing /opt/airflow/dags/ocr_pipeline_dag.py took 2.088 seconds
[2025-11-13T12:06:55.318-0500] {processor.py:161} INFO - Started process (PID=9908) to work on /opt/airflow/dags/ocr_pipeline_dag.py
[2025-11-13T12:06:55.320-0500] {processor.py:830} INFO - Processing file /opt/airflow/dags/ocr_pipeline_dag.py for tasks to queue
[2025-11-13T12:06:55.323-0500] {logging_mixin.py:188} INFO - [2025-11-13T12:06:55.322-0500] {dagbag.py:545} INFO - Filling up the DagBag from /opt/airflow/dags/ocr_pipeline_dag.py
[2025-11-13T12:06:55.367-0500] {logging_mixin.py:188} INFO - 📂 Using project root: /opt/project
[2025-11-13T12:06:55.771-0500] {logging_mixin.py:188} INFO - [2025-11-13T12:06:55.770-0500] {credentials.py:1278} INFO - Found credentials in shared credentials file: ~/.aws/credentials
[2025-11-13T12:06:57.099-0500] {processor.py:840} INFO - DAG(s) 'ocr_pipeline_dag' retrieved from /opt/airflow/dags/ocr_pipeline_dag.py
[2025-11-13T12:06:57.175-0500] {logging_mixin.py:188} INFO - [2025-11-13T12:06:57.174-0500] {dag.py:3089} INFO - Sync 1 DAGs
[2025-11-13T12:06:57.211-0500] {logging_mixin.py:188} INFO - [2025-11-13T12:06:57.211-0500] {dag.py:3947} INFO - Setting next_dagrun for ocr_pipeline_dag to None, run_after=None
[2025-11-13T12:06:57.258-0500] {processor.py:183} INFO - Processing /opt/airflow/dags/ocr_pipeline_dag.py took 1.953 seconds
[2025-11-13T12:07:27.451-0500] {processor.py:161} INFO - Started process (PID=9914) to work on /opt/airflow/dags/ocr_pipeline_dag.py
[2025-11-13T12:07:27.456-0500] {processor.py:830} INFO - Processing file /opt/airflow/dags/ocr_pipeline_dag.py for tasks to queue
[2025-11-13T12:07:27.460-0500] {logging_mixin.py:188} INFO - [2025-11-13T12:07:27.459-0500] {dagbag.py:545} INFO - Filling up the DagBag from /opt/airflow/dags/ocr_pipeline_dag.py
[2025-11-13T12:07:27.511-0500] {logging_mixin.py:188} INFO - 📂 Using project root: /opt/project
[2025-11-13T12:07:27.983-0500] {logging_mixin.py:188} INFO - [2025-11-13T12:07:27.982-0500] {credentials.py:1278} INFO - Found credentials in shared credentials file: ~/.aws/credentials
[2025-11-13T12:07:29.429-0500] {processor.py:840} INFO - DAG(s) 'ocr_pipeline_dag' retrieved from /opt/airflow/dags/ocr_pipeline_dag.py
[2025-11-13T12:07:29.497-0500] {logging_mixin.py:188} INFO - [2025-11-13T12:07:29.496-0500] {dag.py:3089} INFO - Sync 1 DAGs
[2025-11-13T12:07:29.528-0500] {logging_mixin.py:188} INFO - [2025-11-13T12:07:29.527-0500] {dag.py:3947} INFO - Setting next_dagrun for ocr_pipeline_dag to None, run_after=None
[2025-11-13T12:07:29.579-0500] {processor.py:183} INFO - Processing /opt/airflow/dags/ocr_pipeline_dag.py took 2.155 seconds
[2025-11-13T12:08:00.449-0500] {processor.py:161} INFO - Started process (PID=9920) to work on /opt/airflow/dags/ocr_pipeline_dag.py
[2025-11-13T12:08:00.453-0500] {processor.py:830} INFO - Processing file /opt/airflow/dags/ocr_pipeline_dag.py for tasks to queue
[2025-11-13T12:08:00.456-0500] {logging_mixin.py:188} INFO - [2025-11-13T12:08:00.455-0500] {dagbag.py:545} INFO - Filling up the DagBag from /opt/airflow/dags/ocr_pipeline_dag.py
[2025-11-13T12:08:00.502-0500] {logging_mixin.py:188} INFO - 📂 Using project root: /opt/project
[2025-11-13T12:08:00.941-0500] {logging_mixin.py:188} INFO - [2025-11-13T12:08:00.941-0500] {credentials.py:1278} INFO - Found credentials in shared credentials file: ~/.aws/credentials
[2025-11-13T12:08:02.255-0500] {processor.py:840} INFO - DAG(s) 'ocr_pipeline_dag' retrieved from /opt/airflow/dags/ocr_pipeline_dag.py
[2025-11-13T12:08:02.321-0500] {logging_mixin.py:188} INFO - [2025-11-13T12:08:02.320-0500] {dag.py:3089} INFO - Sync 1 DAGs
[2025-11-13T12:08:02.352-0500] {logging_mixin.py:188} INFO - [2025-11-13T12:08:02.352-0500] {dag.py:3947} INFO - Setting next_dagrun for ocr_pipeline_dag to None, run_after=None
[2025-11-13T12:08:02.451-0500] {processor.py:183} INFO - Processing /opt/airflow/dags/ocr_pipeline_dag.py took 2.018 seconds
[2025-11-13T12:08:33.096-0500] {processor.py:161} INFO - Started process (PID=9926) to work on /opt/airflow/dags/ocr_pipeline_dag.py
[2025-11-13T12:08:33.099-0500] {processor.py:830} INFO - Processing file /opt/airflow/dags/ocr_pipeline_dag.py for tasks to queue
[2025-11-13T12:08:33.102-0500] {logging_mixin.py:188} INFO - [2025-11-13T12:08:33.101-0500] {dagbag.py:545} INFO - Filling up the DagBag from /opt/airflow/dags/ocr_pipeline_dag.py
[2025-11-13T12:08:33.132-0500] {logging_mixin.py:188} INFO - 📂 Using project root: /opt/project
[2025-11-13T12:08:33.449-0500] {logging_mixin.py:188} INFO - [2025-11-13T12:08:33.448-0500] {credentials.py:1278} INFO - Found credentials in shared credentials file: ~/.aws/credentials
[2025-11-13T12:08:34.809-0500] {processor.py:840} INFO - DAG(s) 'ocr_pipeline_dag' retrieved from /opt/airflow/dags/ocr_pipeline_dag.py
[2025-11-13T12:08:34.875-0500] {logging_mixin.py:188} INFO - [2025-11-13T12:08:34.874-0500] {dag.py:3089} INFO - Sync 1 DAGs
[2025-11-13T12:08:34.904-0500] {logging_mixin.py:188} INFO - [2025-11-13T12:08:34.904-0500] {dag.py:3947} INFO - Setting next_dagrun for ocr_pipeline_dag to None, run_after=None
[2025-11-13T12:08:34.948-0500] {processor.py:183} INFO - Processing /opt/airflow/dags/ocr_pipeline_dag.py took 1.872 seconds
[2025-11-13T12:09:05.522-0500] {processor.py:161} INFO - Started process (PID=9932) to work on /opt/airflow/dags/ocr_pipeline_dag.py
[2025-11-13T12:09:05.524-0500] {processor.py:830} INFO - Processing file /opt/airflow/dags/ocr_pipeline_dag.py for tasks to queue
[2025-11-13T12:09:05.526-0500] {logging_mixin.py:188} INFO - [2025-11-13T12:09:05.525-0500] {dagbag.py:545} INFO - Filling up the DagBag from /opt/airflow/dags/ocr_pipeline_dag.py
[2025-11-13T12:09:05.562-0500] {logging_mixin.py:188} INFO - 📂 Using project root: /opt/project
[2025-11-13T12:09:07.917-0500] {logging_mixin.py:188} INFO - [2025-11-13T12:09:07.915-0500] {credentials.py:1278} INFO - Found credentials in shared credentials file: ~/.aws/credentials
[2025-11-13T12:09:09.879-0500] {processor.py:840} INFO - DAG(s) 'ocr_pipeline_dag' retrieved from /opt/airflow/dags/ocr_pipeline_dag.py
[2025-11-13T12:09:09.997-0500] {logging_mixin.py:188} INFO - [2025-11-13T12:09:09.996-0500] {dag.py:3089} INFO - Sync 1 DAGs
[2025-11-13T12:09:10.028-0500] {logging_mixin.py:188} INFO - [2025-11-13T12:09:10.028-0500] {dag.py:3947} INFO - Setting next_dagrun for ocr_pipeline_dag to None, run_after=None
[2025-11-13T12:09:10.082-0500] {processor.py:183} INFO - Processing /opt/airflow/dags/ocr_pipeline_dag.py took 2.807 seconds
[2025-11-13T12:09:42.104-0500] {processor.py:161} INFO - Started process (PID=9938) to work on /opt/airflow/dags/ocr_pipeline_dag.py
[2025-11-13T12:09:42.107-0500] {processor.py:830} INFO - Processing file /opt/airflow/dags/ocr_pipeline_dag.py for tasks to queue
[2025-11-13T12:09:42.110-0500] {logging_mixin.py:188} INFO - [2025-11-13T12:09:42.109-0500] {dagbag.py:545} INFO - Filling up the DagBag from /opt/airflow/dags/ocr_pipeline_dag.py
[2025-11-13T12:09:42.161-0500] {logging_mixin.py:188} INFO - 📂 Using project root: /opt/project
[2025-11-13T12:09:42.588-0500] {logging_mixin.py:188} INFO - [2025-11-13T12:09:42.587-0500] {credentials.py:1278} INFO - Found credentials in shared credentials file: ~/.aws/credentials
[2025-11-13T12:09:44.216-0500] {processor.py:840} INFO - DAG(s) 'ocr_pipeline_dag' retrieved from /opt/airflow/dags/ocr_pipeline_dag.py
[2025-11-13T12:09:44.279-0500] {logging_mixin.py:188} INFO - [2025-11-13T12:09:44.278-0500] {dag.py:3089} INFO - Sync 1 DAGs
[2025-11-13T12:09:44.307-0500] {logging_mixin.py:188} INFO - [2025-11-13T12:09:44.307-0500] {dag.py:3947} INFO - Setting next_dagrun for ocr_pipeline_dag to None, run_after=None
[2025-11-13T12:09:44.358-0500] {processor.py:183} INFO - Processing /opt/airflow/dags/ocr_pipeline_dag.py took 2.275 seconds
[2025-11-13T12:10:16.487-0500] {processor.py:161} INFO - Started process (PID=9944) to work on /opt/airflow/dags/ocr_pipeline_dag.py
[2025-11-13T12:10:16.489-0500] {processor.py:830} INFO - Processing file /opt/airflow/dags/ocr_pipeline_dag.py for tasks to queue
[2025-11-13T12:10:16.492-0500] {logging_mixin.py:188} INFO - [2025-11-13T12:10:16.491-0500] {dagbag.py:545} INFO - Filling up the DagBag from /opt/airflow/dags/ocr_pipeline_dag.py
[2025-11-13T12:10:16.535-0500] {logging_mixin.py:188} INFO - 📂 Using project root: /opt/project
[2025-11-13T12:10:16.949-0500] {logging_mixin.py:188} INFO - [2025-11-13T12:10:16.948-0500] {credentials.py:1278} INFO - Found credentials in shared credentials file: ~/.aws/credentials
[2025-11-13T12:10:18.419-0500] {processor.py:840} INFO - DAG(s) 'ocr_pipeline_dag' retrieved from /opt/airflow/dags/ocr_pipeline_dag.py
[2025-11-13T12:10:18.465-0500] {logging_mixin.py:188} INFO - [2025-11-13T12:10:18.465-0500] {dag.py:3089} INFO - Sync 1 DAGs
[2025-11-13T12:10:18.488-0500] {logging_mixin.py:188} INFO - [2025-11-13T12:10:18.488-0500] {dag.py:3947} INFO - Setting next_dagrun for ocr_pipeline_dag to None, run_after=None
[2025-11-13T12:10:18.575-0500] {processor.py:183} INFO - Processing /opt/airflow/dags/ocr_pipeline_dag.py took 2.102 seconds
[2025-11-13T12:10:49.799-0500] {processor.py:161} INFO - Started process (PID=9950) to work on /opt/airflow/dags/ocr_pipeline_dag.py
[2025-11-13T12:10:49.802-0500] {processor.py:830} INFO - Processing file /opt/airflow/dags/ocr_pipeline_dag.py for tasks to queue
[2025-11-13T12:10:49.805-0500] {logging_mixin.py:188} INFO - [2025-11-13T12:10:49.804-0500] {dagbag.py:545} INFO - Filling up the DagBag from /opt/airflow/dags/ocr_pipeline_dag.py
[2025-11-13T12:10:49.853-0500] {logging_mixin.py:188} INFO - 📂 Using project root: /opt/project
[2025-11-13T12:10:50.291-0500] {logging_mixin.py:188} INFO - [2025-11-13T12:10:50.290-0500] {credentials.py:1278} INFO - Found credentials in shared credentials file: ~/.aws/credentials
[2025-11-13T12:10:51.691-0500] {processor.py:840} INFO - DAG(s) 'ocr_pipeline_dag' retrieved from /opt/airflow/dags/ocr_pipeline_dag.py
[2025-11-13T12:10:51.769-0500] {logging_mixin.py:188} INFO - [2025-11-13T12:10:51.769-0500] {dag.py:3089} INFO - Sync 1 DAGs
[2025-11-13T12:10:51.802-0500] {logging_mixin.py:188} INFO - [2025-11-13T12:10:51.801-0500] {dag.py:3947} INFO - Setting next_dagrun for ocr_pipeline_dag to None, run_after=None
[2025-11-13T12:10:51.893-0500] {processor.py:183} INFO - Processing /opt/airflow/dags/ocr_pipeline_dag.py took 2.111 seconds
[2025-11-13T12:11:22.234-0500] {processor.py:161} INFO - Started process (PID=9956) to work on /opt/airflow/dags/ocr_pipeline_dag.py
[2025-11-13T12:11:22.236-0500] {processor.py:830} INFO - Processing file /opt/airflow/dags/ocr_pipeline_dag.py for tasks to queue
[2025-11-13T12:11:22.239-0500] {logging_mixin.py:188} INFO - [2025-11-13T12:11:22.238-0500] {dagbag.py:545} INFO - Filling up the DagBag from /opt/airflow/dags/ocr_pipeline_dag.py
[2025-11-13T12:11:22.279-0500] {logging_mixin.py:188} INFO - 📂 Using project root: /opt/project
[2025-11-13T12:11:22.637-0500] {logging_mixin.py:188} INFO - [2025-11-13T12:11:22.636-0500] {credentials.py:1278} INFO - Found credentials in shared credentials file: ~/.aws/credentials
[2025-11-13T12:11:24.039-0500] {processor.py:840} INFO - DAG(s) 'ocr_pipeline_dag' retrieved from /opt/airflow/dags/ocr_pipeline_dag.py
[2025-11-13T12:11:24.112-0500] {logging_mixin.py:188} INFO - [2025-11-13T12:11:24.111-0500] {dag.py:3089} INFO - Sync 1 DAGs
[2025-11-13T12:11:24.140-0500] {logging_mixin.py:188} INFO - [2025-11-13T12:11:24.139-0500] {dag.py:3947} INFO - Setting next_dagrun for ocr_pipeline_dag to None, run_after=None
[2025-11-13T12:11:24.187-0500] {processor.py:183} INFO - Processing /opt/airflow/dags/ocr_pipeline_dag.py took 1.970 seconds
[2025-11-13T12:11:54.820-0500] {processor.py:161} INFO - Started process (PID=9962) to work on /opt/airflow/dags/ocr_pipeline_dag.py
[2025-11-13T12:11:54.823-0500] {processor.py:830} INFO - Processing file /opt/airflow/dags/ocr_pipeline_dag.py for tasks to queue
[2025-11-13T12:11:54.826-0500] {logging_mixin.py:188} INFO - [2025-11-13T12:11:54.826-0500] {dagbag.py:545} INFO - Filling up the DagBag from /opt/airflow/dags/ocr_pipeline_dag.py
[2025-11-13T12:11:54.875-0500] {logging_mixin.py:188} INFO - 📂 Using project root: /opt/project
[2025-11-13T12:11:55.311-0500] {logging_mixin.py:188} INFO - [2025-11-13T12:11:55.310-0500] {credentials.py:1278} INFO - Found credentials in shared credentials file: ~/.aws/credentials
[2025-11-13T12:11:56.858-0500] {processor.py:840} INFO - DAG(s) 'ocr_pipeline_dag' retrieved from /opt/airflow/dags/ocr_pipeline_dag.py
[2025-11-13T12:11:56.975-0500] {logging_mixin.py:188} INFO - [2025-11-13T12:11:56.974-0500] {dag.py:3089} INFO - Sync 1 DAGs
[2025-11-13T12:11:57.070-0500] {logging_mixin.py:188} INFO - [2025-11-13T12:11:57.069-0500] {dag.py:3947} INFO - Setting next_dagrun for ocr_pipeline_dag to None, run_after=None
[2025-11-13T12:11:57.141-0500] {processor.py:183} INFO - Processing /opt/airflow/dags/ocr_pipeline_dag.py took 2.338 seconds
[2025-11-13T12:12:27.779-0500] {processor.py:161} INFO - Started process (PID=9968) to work on /opt/airflow/dags/ocr_pipeline_dag.py
[2025-11-13T12:12:27.782-0500] {processor.py:830} INFO - Processing file /opt/airflow/dags/ocr_pipeline_dag.py for tasks to queue
[2025-11-13T12:12:27.787-0500] {logging_mixin.py:188} INFO - [2025-11-13T12:12:27.785-0500] {dagbag.py:545} INFO - Filling up the DagBag from /opt/airflow/dags/ocr_pipeline_dag.py
[2025-11-13T12:12:27.844-0500] {logging_mixin.py:188} INFO - 📂 Using project root: /opt/project
[2025-11-13T12:12:28.196-0500] {logging_mixin.py:188} INFO - [2025-11-13T12:12:28.195-0500] {credentials.py:1278} INFO - Found credentials in shared credentials file: ~/.aws/credentials
[2025-11-13T12:12:29.430-0500] {processor.py:840} INFO - DAG(s) 'ocr_pipeline_dag' retrieved from /opt/airflow/dags/ocr_pipeline_dag.py
[2025-11-13T12:12:29.506-0500] {logging_mixin.py:188} INFO - [2025-11-13T12:12:29.505-0500] {dag.py:3089} INFO - Sync 1 DAGs
[2025-11-13T12:12:29.537-0500] {logging_mixin.py:188} INFO - [2025-11-13T12:12:29.537-0500] {dag.py:3947} INFO - Setting next_dagrun for ocr_pipeline_dag to None, run_after=None
[2025-11-13T12:12:29.595-0500] {processor.py:183} INFO - Processing /opt/airflow/dags/ocr_pipeline_dag.py took 1.838 seconds
[2025-11-13T12:12:59.952-0500] {processor.py:161} INFO - Started process (PID=9974) to work on /opt/airflow/dags/ocr_pipeline_dag.py
[2025-11-13T12:12:59.956-0500] {processor.py:830} INFO - Processing file /opt/airflow/dags/ocr_pipeline_dag.py for tasks to queue
[2025-11-13T12:12:59.968-0500] {logging_mixin.py:188} INFO - [2025-11-13T12:12:59.967-0500] {dagbag.py:545} INFO - Filling up the DagBag from /opt/airflow/dags/ocr_pipeline_dag.py
[2025-11-13T12:13:00.010-0500] {logging_mixin.py:188} INFO - 📂 Using project root: /opt/project
[2025-11-13T12:13:00.373-0500] {logging_mixin.py:188} INFO - [2025-11-13T12:13:00.372-0500] {credentials.py:1278} INFO - Found credentials in shared credentials file: ~/.aws/credentials
[2025-11-13T12:13:01.899-0500] {processor.py:840} INFO - DAG(s) 'ocr_pipeline_dag' retrieved from /opt/airflow/dags/ocr_pipeline_dag.py
[2025-11-13T12:13:01.954-0500] {logging_mixin.py:188} INFO - [2025-11-13T12:13:01.954-0500] {dag.py:3089} INFO - Sync 1 DAGs
[2025-11-13T12:13:01.978-0500] {logging_mixin.py:188} INFO - [2025-11-13T12:13:01.977-0500] {dag.py:3947} INFO - Setting next_dagrun for ocr_pipeline_dag to None, run_after=None
[2025-11-13T12:13:02.015-0500] {processor.py:183} INFO - Processing /opt/airflow/dags/ocr_pipeline_dag.py took 2.081 seconds
[2025-11-13T12:13:32.717-0500] {processor.py:161} INFO - Started process (PID=9980) to work on /opt/airflow/dags/ocr_pipeline_dag.py
[2025-11-13T12:13:32.720-0500] {processor.py:830} INFO - Processing file /opt/airflow/dags/ocr_pipeline_dag.py for tasks to queue
[2025-11-13T12:13:32.723-0500] {logging_mixin.py:188} INFO - [2025-11-13T12:13:32.722-0500] {dagbag.py:545} INFO - Filling up the DagBag from /opt/airflow/dags/ocr_pipeline_dag.py
[2025-11-13T12:13:32.755-0500] {logging_mixin.py:188} INFO - 📂 Using project root: /opt/project
[2025-11-13T12:13:33.071-0500] {logging_mixin.py:188} INFO - [2025-11-13T12:13:33.070-0500] {credentials.py:1278} INFO - Found credentials in shared credentials file: ~/.aws/credentials
[2025-11-13T12:13:34.339-0500] {processor.py:840} INFO - DAG(s) 'ocr_pipeline_dag' retrieved from /opt/airflow/dags/ocr_pipeline_dag.py
[2025-11-13T12:13:34.403-0500] {logging_mixin.py:188} INFO - [2025-11-13T12:13:34.402-0500] {dag.py:3089} INFO - Sync 1 DAGs
[2025-11-13T12:13:34.425-0500] {logging_mixin.py:188} INFO - [2025-11-13T12:13:34.425-0500] {dag.py:3947} INFO - Setting next_dagrun for ocr_pipeline_dag to None, run_after=None
[2025-11-13T12:13:34.455-0500] {processor.py:183} INFO - Processing /opt/airflow/dags/ocr_pipeline_dag.py took 1.754 seconds
[2025-11-13T12:14:04.864-0500] {processor.py:161} INFO - Started process (PID=9986) to work on /opt/airflow/dags/ocr_pipeline_dag.py
[2025-11-13T12:14:04.866-0500] {processor.py:830} INFO - Processing file /opt/airflow/dags/ocr_pipeline_dag.py for tasks to queue
[2025-11-13T12:14:04.867-0500] {logging_mixin.py:188} INFO - [2025-11-13T12:14:04.867-0500] {dagbag.py:545} INFO - Filling up the DagBag from /opt/airflow/dags/ocr_pipeline_dag.py
[2025-11-13T12:14:04.892-0500] {logging_mixin.py:188} INFO - 📂 Using project root: /opt/project
[2025-11-13T12:14:05.129-0500] {logging_mixin.py:188} INFO - [2025-11-13T12:14:05.128-0500] {credentials.py:1278} INFO - Found credentials in shared credentials file: ~/.aws/credentials
[2025-11-13T12:14:06.279-0500] {processor.py:840} INFO - DAG(s) 'ocr_pipeline_dag' retrieved from /opt/airflow/dags/ocr_pipeline_dag.py
[2025-11-13T12:14:06.331-0500] {logging_mixin.py:188} INFO - [2025-11-13T12:14:06.330-0500] {dag.py:3089} INFO - Sync 1 DAGs
[2025-11-13T12:14:06.358-0500] {logging_mixin.py:188} INFO - [2025-11-13T12:14:06.357-0500] {dag.py:3947} INFO - Setting next_dagrun for ocr_pipeline_dag to None, run_after=None
[2025-11-13T12:14:06.387-0500] {processor.py:183} INFO - Processing /opt/airflow/dags/ocr_pipeline_dag.py took 1.532 seconds
[2025-11-13T12:14:36.804-0500] {processor.py:161} INFO - Started process (PID=9992) to work on /opt/airflow/dags/ocr_pipeline_dag.py
[2025-11-13T12:14:36.806-0500] {processor.py:830} INFO - Processing file /opt/airflow/dags/ocr_pipeline_dag.py for tasks to queue
[2025-11-13T12:14:36.808-0500] {logging_mixin.py:188} INFO - [2025-11-13T12:14:36.808-0500] {dagbag.py:545} INFO - Filling up the DagBag from /opt/airflow/dags/ocr_pipeline_dag.py
[2025-11-13T12:14:36.832-0500] {logging_mixin.py:188} INFO - 📂 Using project root: /opt/project
[2025-11-13T12:14:37.066-0500] {logging_mixin.py:188} INFO - [2025-11-13T12:14:37.065-0500] {credentials.py:1278} INFO - Found credentials in shared credentials file: ~/.aws/credentials
[2025-11-13T12:14:37.909-0500] {processor.py:840} INFO - DAG(s) 'ocr_pipeline_dag' retrieved from /opt/airflow/dags/ocr_pipeline_dag.py
[2025-11-13T12:14:37.950-0500] {logging_mixin.py:188} INFO - [2025-11-13T12:14:37.949-0500] {dag.py:3089} INFO - Sync 1 DAGs
[2025-11-13T12:14:37.965-0500] {logging_mixin.py:188} INFO - [2025-11-13T12:14:37.965-0500] {dag.py:3947} INFO - Setting next_dagrun for ocr_pipeline_dag to None, run_after=None
[2025-11-13T12:14:37.988-0500] {processor.py:183} INFO - Processing /opt/airflow/dags/ocr_pipeline_dag.py took 1.193 seconds
[2025-11-13T12:15:08.529-0500] {processor.py:161} INFO - Started process (PID=9998) to work on /opt/airflow/dags/ocr_pipeline_dag.py
[2025-11-13T12:15:08.531-0500] {processor.py:830} INFO - Processing file /opt/airflow/dags/ocr_pipeline_dag.py for tasks to queue
[2025-11-13T12:15:08.533-0500] {logging_mixin.py:188} INFO - [2025-11-13T12:15:08.532-0500] {dagbag.py:545} INFO - Filling up the DagBag from /opt/airflow/dags/ocr_pipeline_dag.py
[2025-11-13T12:15:08.560-0500] {logging_mixin.py:188} INFO - 📂 Using project root: /opt/project
[2025-11-13T12:15:08.793-0500] {logging_mixin.py:188} INFO - [2025-11-13T12:15:08.792-0500] {credentials.py:1278} INFO - Found credentials in shared credentials file: ~/.aws/credentials
[2025-11-13T12:15:09.862-0500] {processor.py:840} INFO - DAG(s) 'ocr_pipeline_dag' retrieved from /opt/airflow/dags/ocr_pipeline_dag.py
[2025-11-13T12:15:09.907-0500] {logging_mixin.py:188} INFO - [2025-11-13T12:15:09.906-0500] {dag.py:3089} INFO - Sync 1 DAGs
[2025-11-13T12:15:09.925-0500] {logging_mixin.py:188} INFO - [2025-11-13T12:15:09.924-0500] {dag.py:3947} INFO - Setting next_dagrun for ocr_pipeline_dag to None, run_after=None
[2025-11-13T12:15:09.954-0500] {processor.py:183} INFO - Processing /opt/airflow/dags/ocr_pipeline_dag.py took 1.437 seconds
[2025-11-13T12:15:40.295-0500] {processor.py:161} INFO - Started process (PID=10004) to work on /opt/airflow/dags/ocr_pipeline_dag.py
[2025-11-13T12:15:40.297-0500] {processor.py:830} INFO - Processing file /opt/airflow/dags/ocr_pipeline_dag.py for tasks to queue
[2025-11-13T12:15:40.299-0500] {logging_mixin.py:188} INFO - [2025-11-13T12:15:40.298-0500] {dagbag.py:545} INFO - Filling up the DagBag from /opt/airflow/dags/ocr_pipeline_dag.py
[2025-11-13T12:15:40.326-0500] {logging_mixin.py:188} INFO - 📂 Using project root: /opt/project
[2025-11-13T12:15:40.563-0500] {logging_mixin.py:188} INFO - [2025-11-13T12:15:40.563-0500] {credentials.py:1278} INFO - Found credentials in shared credentials file: ~/.aws/credentials
[2025-11-13T12:15:41.393-0500] {processor.py:840} INFO - DAG(s) 'ocr_pipeline_dag' retrieved from /opt/airflow/dags/ocr_pipeline_dag.py
[2025-11-13T12:15:41.437-0500] {logging_mixin.py:188} INFO - [2025-11-13T12:15:41.437-0500] {dag.py:3089} INFO - Sync 1 DAGs
[2025-11-13T12:15:41.453-0500] {logging_mixin.py:188} INFO - [2025-11-13T12:15:41.453-0500] {dag.py:3947} INFO - Setting next_dagrun for ocr_pipeline_dag to None, run_after=None
[2025-11-13T12:15:41.477-0500] {processor.py:183} INFO - Processing /opt/airflow/dags/ocr_pipeline_dag.py took 1.192 seconds
[2025-11-13T12:16:11.970-0500] {processor.py:161} INFO - Started process (PID=10010) to work on /opt/airflow/dags/ocr_pipeline_dag.py
[2025-11-13T12:16:11.972-0500] {processor.py:830} INFO - Processing file /opt/airflow/dags/ocr_pipeline_dag.py for tasks to queue
[2025-11-13T12:16:11.974-0500] {logging_mixin.py:188} INFO - [2025-11-13T12:16:11.973-0500] {dagbag.py:545} INFO - Filling up the DagBag from /opt/airflow/dags/ocr_pipeline_dag.py
[2025-11-13T12:16:11.999-0500] {logging_mixin.py:188} INFO - 📂 Using project root: /opt/project
[2025-11-13T12:16:12.223-0500] {logging_mixin.py:188} INFO - [2025-11-13T12:16:12.223-0500] {credentials.py:1278} INFO - Found credentials in shared credentials file: ~/.aws/credentials
[2025-11-13T12:16:13.033-0500] {processor.py:840} INFO - DAG(s) 'ocr_pipeline_dag' retrieved from /opt/airflow/dags/ocr_pipeline_dag.py
[2025-11-13T12:16:13.068-0500] {logging_mixin.py:188} INFO - [2025-11-13T12:16:13.068-0500] {dag.py:3089} INFO - Sync 1 DAGs
[2025-11-13T12:16:13.086-0500] {logging_mixin.py:188} INFO - [2025-11-13T12:16:13.086-0500] {dag.py:3947} INFO - Setting next_dagrun for ocr_pipeline_dag to None, run_after=None
[2025-11-13T12:16:13.115-0500] {processor.py:183} INFO - Processing /opt/airflow/dags/ocr_pipeline_dag.py took 1.154 seconds
[2025-11-13T12:16:43.652-0500] {processor.py:161} INFO - Started process (PID=10016) to work on /opt/airflow/dags/ocr_pipeline_dag.py
[2025-11-13T12:16:43.653-0500] {processor.py:830} INFO - Processing file /opt/airflow/dags/ocr_pipeline_dag.py for tasks to queue
[2025-11-13T12:16:43.655-0500] {logging_mixin.py:188} INFO - [2025-11-13T12:16:43.655-0500] {dagbag.py:545} INFO - Filling up the DagBag from /opt/airflow/dags/ocr_pipeline_dag.py
[2025-11-13T12:16:43.681-0500] {logging_mixin.py:188} INFO - 📂 Using project root: /opt/project
[2025-11-13T12:16:43.897-0500] {logging_mixin.py:188} INFO - [2025-11-13T12:16:43.897-0500] {credentials.py:1278} INFO - Found credentials in shared credentials file: ~/.aws/credentials
[2025-11-13T12:16:44.692-0500] {processor.py:840} INFO - DAG(s) 'ocr_pipeline_dag' retrieved from /opt/airflow/dags/ocr_pipeline_dag.py
[2025-11-13T12:16:44.727-0500] {logging_mixin.py:188} INFO - [2025-11-13T12:16:44.727-0500] {dag.py:3089} INFO - Sync 1 DAGs
[2025-11-13T12:16:44.743-0500] {logging_mixin.py:188} INFO - [2025-11-13T12:16:44.743-0500] {dag.py:3947} INFO - Setting next_dagrun for ocr_pipeline_dag to None, run_after=None
[2025-11-13T12:16:44.769-0500] {processor.py:183} INFO - Processing /opt/airflow/dags/ocr_pipeline_dag.py took 1.126 seconds
[2025-11-13T12:17:15.324-0500] {processor.py:161} INFO - Started process (PID=10022) to work on /opt/airflow/dags/ocr_pipeline_dag.py
[2025-11-13T12:17:15.325-0500] {processor.py:830} INFO - Processing file /opt/airflow/dags/ocr_pipeline_dag.py for tasks to queue
[2025-11-13T12:17:15.327-0500] {logging_mixin.py:188} INFO - [2025-11-13T12:17:15.326-0500] {dagbag.py:545} INFO - Filling up the DagBag from /opt/airflow/dags/ocr_pipeline_dag.py
[2025-11-13T12:17:15.360-0500] {logging_mixin.py:188} INFO - 📂 Using project root: /opt/project
[2025-11-13T12:17:15.582-0500] {logging_mixin.py:188} INFO - [2025-11-13T12:17:15.581-0500] {credentials.py:1278} INFO - Found credentials in shared credentials file: ~/.aws/credentials
[2025-11-13T12:17:16.357-0500] {processor.py:840} INFO - DAG(s) 'ocr_pipeline_dag' retrieved from /opt/airflow/dags/ocr_pipeline_dag.py
[2025-11-13T12:17:16.405-0500] {logging_mixin.py:188} INFO - [2025-11-13T12:17:16.405-0500] {dag.py:3089} INFO - Sync 1 DAGs
[2025-11-13T12:17:16.420-0500] {logging_mixin.py:188} INFO - [2025-11-13T12:17:16.419-0500] {dag.py:3947} INFO - Setting next_dagrun for ocr_pipeline_dag to None, run_after=None
[2025-11-13T12:17:16.444-0500] {processor.py:183} INFO - Processing /opt/airflow/dags/ocr_pipeline_dag.py took 1.129 seconds
[2025-11-13T12:17:48.174-0500] {processor.py:161} INFO - Started process (PID=10028) to work on /opt/airflow/dags/ocr_pipeline_dag.py
[2025-11-13T12:17:48.175-0500] {processor.py:830} INFO - Processing file /opt/airflow/dags/ocr_pipeline_dag.py for tasks to queue
[2025-11-13T12:17:48.177-0500] {logging_mixin.py:188} INFO - [2025-11-13T12:17:48.177-0500] {dagbag.py:545} INFO - Filling up the DagBag from /opt/airflow/dags/ocr_pipeline_dag.py
[2025-11-13T12:17:48.202-0500] {logging_mixin.py:188} INFO - 📂 Using project root: /opt/project
[2025-11-13T12:17:48.420-0500] {logging_mixin.py:188} INFO - [2025-11-13T12:17:48.419-0500] {credentials.py:1278} INFO - Found credentials in shared credentials file: ~/.aws/credentials
[2025-11-13T12:17:49.210-0500] {processor.py:840} INFO - DAG(s) 'ocr_pipeline_dag' retrieved from /opt/airflow/dags/ocr_pipeline_dag.py
[2025-11-13T12:17:49.256-0500] {logging_mixin.py:188} INFO - [2025-11-13T12:17:49.255-0500] {dag.py:3089} INFO - Sync 1 DAGs
[2025-11-13T12:17:49.270-0500] {logging_mixin.py:188} INFO - [2025-11-13T12:17:49.269-0500] {dag.py:3947} INFO - Setting next_dagrun for ocr_pipeline_dag to None, run_after=None
[2025-11-13T12:17:49.293-0500] {processor.py:183} INFO - Processing /opt/airflow/dags/ocr_pipeline_dag.py took 1.126 seconds
[2025-11-13T12:18:19.385-0500] {processor.py:161} INFO - Started process (PID=10034) to work on /opt/airflow/dags/ocr_pipeline_dag.py
[2025-11-13T12:18:19.387-0500] {processor.py:830} INFO - Processing file /opt/airflow/dags/ocr_pipeline_dag.py for tasks to queue
[2025-11-13T12:18:19.389-0500] {logging_mixin.py:188} INFO - [2025-11-13T12:18:19.388-0500] {dagbag.py:545} INFO - Filling up the DagBag from /opt/airflow/dags/ocr_pipeline_dag.py
[2025-11-13T12:18:19.415-0500] {logging_mixin.py:188} INFO - 📂 Using project root: /opt/project
[2025-11-13T12:18:21.135-0500] {logging_mixin.py:188} INFO - [2025-11-13T12:18:21.134-0500] {credentials.py:1278} INFO - Found credentials in shared credentials file: ~/.aws/credentials
[2025-11-13T12:18:21.919-0500] {processor.py:840} INFO - DAG(s) 'ocr_pipeline_dag' retrieved from /opt/airflow/dags/ocr_pipeline_dag.py
[2025-11-13T12:18:21.951-0500] {logging_mixin.py:188} INFO - [2025-11-13T12:18:21.951-0500] {dag.py:3089} INFO - Sync 1 DAGs
[2025-11-13T12:18:21.965-0500] {logging_mixin.py:188} INFO - [2025-11-13T12:18:21.964-0500] {dag.py:3947} INFO - Setting next_dagrun for ocr_pipeline_dag to None, run_after=None
[2025-11-13T12:18:21.988-0500] {processor.py:183} INFO - Processing /opt/airflow/dags/ocr_pipeline_dag.py took 1.101 seconds
[2025-11-13T12:18:52.087-0500] {processor.py:161} INFO - Started process (PID=10040) to work on /opt/airflow/dags/ocr_pipeline_dag.py
[2025-11-13T12:18:52.089-0500] {processor.py:830} INFO - Processing file /opt/airflow/dags/ocr_pipeline_dag.py for tasks to queue
[2025-11-13T12:18:52.091-0500] {logging_mixin.py:188} INFO - [2025-11-13T12:18:52.090-0500] {dagbag.py:545} INFO - Filling up the DagBag from /opt/airflow/dags/ocr_pipeline_dag.py
[2025-11-13T12:18:52.115-0500] {logging_mixin.py:188} INFO - 📂 Using project root: /opt/project
[2025-11-13T12:18:52.323-0500] {logging_mixin.py:188} INFO - [2025-11-13T12:18:52.322-0500] {credentials.py:1278} INFO - Found credentials in shared credentials file: ~/.aws/credentials
[2025-11-13T12:18:53.099-0500] {processor.py:840} INFO - DAG(s) 'ocr_pipeline_dag' retrieved from /opt/airflow/dags/ocr_pipeline_dag.py
[2025-11-13T12:18:53.132-0500] {logging_mixin.py:188} INFO - [2025-11-13T12:18:53.132-0500] {dag.py:3089} INFO - Sync 1 DAGs
[2025-11-13T12:18:53.146-0500] {logging_mixin.py:188} INFO - [2025-11-13T12:18:53.146-0500] {dag.py:3947} INFO - Setting next_dagrun for ocr_pipeline_dag to None, run_after=None
[2025-11-13T12:18:53.172-0500] {processor.py:183} INFO - Processing /opt/airflow/dags/ocr_pipeline_dag.py took 1.095 seconds
[2025-11-13T12:19:23.642-0500] {processor.py:161} INFO - Started process (PID=10046) to work on /opt/airflow/dags/ocr_pipeline_dag.py
[2025-11-13T12:19:23.643-0500] {processor.py:830} INFO - Processing file /opt/airflow/dags/ocr_pipeline_dag.py for tasks to queue
[2025-11-13T12:19:23.645-0500] {logging_mixin.py:188} INFO - [2025-11-13T12:19:23.644-0500] {dagbag.py:545} INFO - Filling up the DagBag from /opt/airflow/dags/ocr_pipeline_dag.py
[2025-11-13T12:19:23.670-0500] {logging_mixin.py:188} INFO - 📂 Using project root: /opt/project
[2025-11-13T12:19:23.911-0500] {logging_mixin.py:188} INFO - [2025-11-13T12:19:23.911-0500] {credentials.py:1278} INFO - Found credentials in shared credentials file: ~/.aws/credentials
[2025-11-13T12:19:24.859-0500] {processor.py:840} INFO - DAG(s) 'ocr_pipeline_dag' retrieved from /opt/airflow/dags/ocr_pipeline_dag.py
[2025-11-13T12:19:24.904-0500] {logging_mixin.py:188} INFO - [2025-11-13T12:19:24.904-0500] {dag.py:3089} INFO - Sync 1 DAGs
[2025-11-13T12:19:24.920-0500] {logging_mixin.py:188} INFO - [2025-11-13T12:19:24.919-0500] {dag.py:3947} INFO - Setting next_dagrun for ocr_pipeline_dag to None, run_after=None
[2025-11-13T12:19:24.957-0500] {processor.py:183} INFO - Processing /opt/airflow/dags/ocr_pipeline_dag.py took 1.324 seconds
[2025-11-13T12:19:55.675-0500] {processor.py:161} INFO - Started process (PID=10052) to work on /opt/airflow/dags/ocr_pipeline_dag.py
[2025-11-13T12:19:55.676-0500] {processor.py:830} INFO - Processing file /opt/airflow/dags/ocr_pipeline_dag.py for tasks to queue
[2025-11-13T12:19:55.678-0500] {logging_mixin.py:188} INFO - [2025-11-13T12:19:55.678-0500] {dagbag.py:545} INFO - Filling up the DagBag from /opt/airflow/dags/ocr_pipeline_dag.py
[2025-11-13T12:19:55.705-0500] {logging_mixin.py:188} INFO - 📂 Using project root: /opt/project
[2025-11-13T12:19:55.924-0500] {logging_mixin.py:188} INFO - [2025-11-13T12:19:55.924-0500] {credentials.py:1278} INFO - Found credentials in shared credentials file: ~/.aws/credentials
[2025-11-13T12:19:57.370-0500] {processor.py:840} INFO - DAG(s) 'ocr_pipeline_dag' retrieved from /opt/airflow/dags/ocr_pipeline_dag.py
[2025-11-13T12:19:57.445-0500] {logging_mixin.py:188} INFO - [2025-11-13T12:19:57.444-0500] {dag.py:3089} INFO - Sync 1 DAGs
[2025-11-13T12:19:57.471-0500] {logging_mixin.py:188} INFO - [2025-11-13T12:19:57.470-0500] {dag.py:3947} INFO - Setting next_dagrun for ocr_pipeline_dag to None, run_after=None
[2025-11-13T12:19:57.504-0500] {processor.py:183} INFO - Processing /opt/airflow/dags/ocr_pipeline_dag.py took 1.837 seconds
[2025-11-13T12:20:28.167-0500] {processor.py:161} INFO - Started process (PID=10058) to work on /opt/airflow/dags/ocr_pipeline_dag.py
[2025-11-13T12:20:28.170-0500] {processor.py:830} INFO - Processing file /opt/airflow/dags/ocr_pipeline_dag.py for tasks to queue
[2025-11-13T12:20:28.172-0500] {logging_mixin.py:188} INFO - [2025-11-13T12:20:28.172-0500] {dagbag.py:545} INFO - Filling up the DagBag from /opt/airflow/dags/ocr_pipeline_dag.py
[2025-11-13T12:20:28.202-0500] {logging_mixin.py:188} INFO - 📂 Using project root: /opt/project
[2025-11-13T12:20:28.469-0500] {logging_mixin.py:188} INFO - [2025-11-13T12:20:28.468-0500] {credentials.py:1278} INFO - Found credentials in shared credentials file: ~/.aws/credentials
[2025-11-13T12:20:29.595-0500] {processor.py:840} INFO - DAG(s) 'ocr_pipeline_dag' retrieved from /opt/airflow/dags/ocr_pipeline_dag.py
[2025-11-13T12:20:29.640-0500] {logging_mixin.py:188} INFO - [2025-11-13T12:20:29.639-0500] {dag.py:3089} INFO - Sync 1 DAGs
[2025-11-13T12:20:29.656-0500] {logging_mixin.py:188} INFO - [2025-11-13T12:20:29.656-0500] {dag.py:3947} INFO - Setting next_dagrun for ocr_pipeline_dag to None, run_after=None
[2025-11-13T12:20:29.688-0500] {processor.py:183} INFO - Processing /opt/airflow/dags/ocr_pipeline_dag.py took 1.535 seconds
[2025-11-13T12:20:59.810-0500] {processor.py:161} INFO - Started process (PID=10064) to work on /opt/airflow/dags/ocr_pipeline_dag.py
[2025-11-13T12:20:59.814-0500] {processor.py:830} INFO - Processing file /opt/airflow/dags/ocr_pipeline_dag.py for tasks to queue
[2025-11-13T12:20:59.816-0500] {logging_mixin.py:188} INFO - [2025-11-13T12:20:59.816-0500] {dagbag.py:545} INFO - Filling up the DagBag from /opt/airflow/dags/ocr_pipeline_dag.py
[2025-11-13T12:20:59.842-0500] {logging_mixin.py:188} INFO - 📂 Using project root: /opt/project
[2025-11-13T12:21:00.058-0500] {logging_mixin.py:188} INFO - [2025-11-13T12:21:00.057-0500] {credentials.py:1278} INFO - Found credentials in shared credentials file: ~/.aws/credentials
[2025-11-13T12:21:00.905-0500] {processor.py:840} INFO - DAG(s) 'ocr_pipeline_dag' retrieved from /opt/airflow/dags/ocr_pipeline_dag.py
[2025-11-13T12:21:00.943-0500] {logging_mixin.py:188} INFO - [2025-11-13T12:21:00.942-0500] {dag.py:3089} INFO - Sync 1 DAGs
[2025-11-13T12:21:00.958-0500] {logging_mixin.py:188} INFO - [2025-11-13T12:21:00.957-0500] {dag.py:3947} INFO - Setting next_dagrun for ocr_pipeline_dag to None, run_after=None
[2025-11-13T12:21:00.984-0500] {processor.py:183} INFO - Processing /opt/airflow/dags/ocr_pipeline_dag.py took 1.184 seconds
[2025-11-13T12:21:31.292-0500] {processor.py:161} INFO - Started process (PID=10070) to work on /opt/airflow/dags/ocr_pipeline_dag.py
[2025-11-13T12:21:31.293-0500] {processor.py:830} INFO - Processing file /opt/airflow/dags/ocr_pipeline_dag.py for tasks to queue
[2025-11-13T12:21:31.295-0500] {logging_mixin.py:188} INFO - [2025-11-13T12:21:31.294-0500] {dagbag.py:545} INFO - Filling up the DagBag from /opt/airflow/dags/ocr_pipeline_dag.py
[2025-11-13T12:21:31.315-0500] {logging_mixin.py:188} INFO - 📂 Using project root: /opt/project
[2025-11-13T12:21:31.535-0500] {logging_mixin.py:188} INFO - [2025-11-13T12:21:31.535-0500] {credentials.py:1278} INFO - Found credentials in shared credentials file: ~/.aws/credentials
[2025-11-13T12:21:32.357-0500] {processor.py:840} INFO - DAG(s) 'ocr_pipeline_dag' retrieved from /opt/airflow/dags/ocr_pipeline_dag.py
[2025-11-13T12:21:32.397-0500] {logging_mixin.py:188} INFO - [2025-11-13T12:21:32.397-0500] {dag.py:3089} INFO - Sync 1 DAGs
[2025-11-13T12:21:32.412-0500] {logging_mixin.py:188} INFO - [2025-11-13T12:21:32.412-0500] {dag.py:3947} INFO - Setting next_dagrun for ocr_pipeline_dag to None, run_after=None
[2025-11-13T12:21:32.443-0500] {processor.py:183} INFO - Processing /opt/airflow/dags/ocr_pipeline_dag.py took 1.160 seconds
[2025-11-13T12:22:02.819-0500] {processor.py:161} INFO - Started process (PID=10076) to work on /opt/airflow/dags/ocr_pipeline_dag.py
[2025-11-13T12:22:02.820-0500] {processor.py:830} INFO - Processing file /opt/airflow/dags/ocr_pipeline_dag.py for tasks to queue
[2025-11-13T12:22:02.822-0500] {logging_mixin.py:188} INFO - [2025-11-13T12:22:02.821-0500] {dagbag.py:545} INFO - Filling up the DagBag from /opt/airflow/dags/ocr_pipeline_dag.py
[2025-11-13T12:22:02.845-0500] {logging_mixin.py:188} INFO - 📂 Using project root: /opt/project
[2025-11-13T12:22:03.050-0500] {logging_mixin.py:188} INFO - [2025-11-13T12:22:03.050-0500] {credentials.py:1278} INFO - Found credentials in shared credentials file: ~/.aws/credentials
[2025-11-13T12:22:03.787-0500] {processor.py:840} INFO - DAG(s) 'ocr_pipeline_dag' retrieved from /opt/airflow/dags/ocr_pipeline_dag.py
[2025-11-13T12:22:03.821-0500] {logging_mixin.py:188} INFO - [2025-11-13T12:22:03.820-0500] {dag.py:3089} INFO - Sync 1 DAGs
[2025-11-13T12:22:03.833-0500] {logging_mixin.py:188} INFO - [2025-11-13T12:22:03.833-0500] {dag.py:3947} INFO - Setting next_dagrun for ocr_pipeline_dag to None, run_after=None
[2025-11-13T12:22:03.856-0500] {processor.py:183} INFO - Processing /opt/airflow/dags/ocr_pipeline_dag.py took 1.045 seconds
[2025-11-13T12:22:34.345-0500] {processor.py:161} INFO - Started process (PID=10082) to work on /opt/airflow/dags/ocr_pipeline_dag.py
[2025-11-13T12:22:34.347-0500] {processor.py:830} INFO - Processing file /opt/airflow/dags/ocr_pipeline_dag.py for tasks to queue
[2025-11-13T12:22:34.348-0500] {logging_mixin.py:188} INFO - [2025-11-13T12:22:34.348-0500] {dagbag.py:545} INFO - Filling up the DagBag from /opt/airflow/dags/ocr_pipeline_dag.py
[2025-11-13T12:22:34.371-0500] {logging_mixin.py:188} INFO - 📂 Using project root: /opt/project
[2025-11-13T12:22:34.567-0500] {logging_mixin.py:188} INFO - [2025-11-13T12:22:34.566-0500] {credentials.py:1278} INFO - Found credentials in shared credentials file: ~/.aws/credentials
[2025-11-13T12:22:35.301-0500] {processor.py:840} INFO - DAG(s) 'ocr_pipeline_dag' retrieved from /opt/airflow/dags/ocr_pipeline_dag.py
[2025-11-13T12:22:35.331-0500] {logging_mixin.py:188} INFO - [2025-11-13T12:22:35.330-0500] {dag.py:3089} INFO - Sync 1 DAGs
[2025-11-13T12:22:35.348-0500] {logging_mixin.py:188} INFO - [2025-11-13T12:22:35.348-0500] {dag.py:3947} INFO - Setting next_dagrun for ocr_pipeline_dag to None, run_after=None
[2025-11-13T12:22:35.374-0500] {processor.py:183} INFO - Processing /opt/airflow/dags/ocr_pipeline_dag.py took 1.036 seconds
[2025-11-13T12:23:06.119-0500] {processor.py:161} INFO - Started process (PID=10088) to work on /opt/airflow/dags/ocr_pipeline_dag.py
[2025-11-13T12:23:06.121-0500] {processor.py:830} INFO - Processing file /opt/airflow/dags/ocr_pipeline_dag.py for tasks to queue
[2025-11-13T12:23:06.122-0500] {logging_mixin.py:188} INFO - [2025-11-13T12:23:06.122-0500] {dagbag.py:545} INFO - Filling up the DagBag from /opt/airflow/dags/ocr_pipeline_dag.py
[2025-11-13T12:23:06.149-0500] {logging_mixin.py:188} INFO - 📂 Using project root: /opt/project
[2025-11-13T12:23:06.363-0500] {logging_mixin.py:188} INFO - [2025-11-13T12:23:06.362-0500] {credentials.py:1278} INFO - Found credentials in shared credentials file: ~/.aws/credentials
[2025-11-13T12:23:07.268-0500] {processor.py:840} INFO - DAG(s) 'ocr_pipeline_dag' retrieved from /opt/airflow/dags/ocr_pipeline_dag.py
[2025-11-13T12:23:07.308-0500] {logging_mixin.py:188} INFO - [2025-11-13T12:23:07.308-0500] {dag.py:3089} INFO - Sync 1 DAGs
[2025-11-13T12:23:07.324-0500] {logging_mixin.py:188} INFO - [2025-11-13T12:23:07.324-0500] {dag.py:3947} INFO - Setting next_dagrun for ocr_pipeline_dag to None, run_after=None
[2025-11-13T12:23:07.350-0500] {processor.py:183} INFO - Processing /opt/airflow/dags/ocr_pipeline_dag.py took 1.242 seconds
[2025-11-13T12:23:37.620-0500] {processor.py:161} INFO - Started process (PID=10094) to work on /opt/airflow/dags/ocr_pipeline_dag.py
[2025-11-13T12:23:37.622-0500] {processor.py:830} INFO - Processing file /opt/airflow/dags/ocr_pipeline_dag.py for tasks to queue
[2025-11-13T12:23:37.624-0500] {logging_mixin.py:188} INFO - [2025-11-13T12:23:37.624-0500] {dagbag.py:545} INFO - Filling up the DagBag from /opt/airflow/dags/ocr_pipeline_dag.py
[2025-11-13T12:23:37.648-0500] {logging_mixin.py:188} INFO - 📂 Using project root: /opt/project
[2025-11-13T12:23:37.875-0500] {logging_mixin.py:188} INFO - [2025-11-13T12:23:37.875-0500] {credentials.py:1278} INFO - Found credentials in shared credentials file: ~/.aws/credentials
[2025-11-13T12:23:38.820-0500] {processor.py:840} INFO - DAG(s) 'ocr_pipeline_dag' retrieved from /opt/airflow/dags/ocr_pipeline_dag.py
[2025-11-13T12:23:38.860-0500] {logging_mixin.py:188} INFO - [2025-11-13T12:23:38.860-0500] {dag.py:3089} INFO - Sync 1 DAGs
[2025-11-13T12:23:38.876-0500] {logging_mixin.py:188} INFO - [2025-11-13T12:23:38.876-0500] {dag.py:3947} INFO - Setting next_dagrun for ocr_pipeline_dag to None, run_after=None
[2025-11-13T12:23:38.902-0500] {processor.py:183} INFO - Processing /opt/airflow/dags/ocr_pipeline_dag.py took 1.292 seconds
[2025-11-13T12:24:09.138-0500] {processor.py:161} INFO - Started process (PID=10100) to work on /opt/airflow/dags/ocr_pipeline_dag.py
[2025-11-13T12:24:09.140-0500] {processor.py:830} INFO - Processing file /opt/airflow/dags/ocr_pipeline_dag.py for tasks to queue
[2025-11-13T12:24:09.141-0500] {logging_mixin.py:188} INFO - [2025-11-13T12:24:09.140-0500] {dagbag.py:545} INFO - Filling up the DagBag from /opt/airflow/dags/ocr_pipeline_dag.py
[2025-11-13T12:24:09.166-0500] {logging_mixin.py:188} INFO - 📂 Using project root: /opt/project
[2025-11-13T12:24:09.376-0500] {logging_mixin.py:188} INFO - [2025-11-13T12:24:09.375-0500] {credentials.py:1278} INFO - Found credentials in shared credentials file: ~/.aws/credentials
[2025-11-13T12:24:10.147-0500] {processor.py:840} INFO - DAG(s) 'ocr_pipeline_dag' retrieved from /opt/airflow/dags/ocr_pipeline_dag.py
[2025-11-13T12:24:10.181-0500] {logging_mixin.py:188} INFO - [2025-11-13T12:24:10.181-0500] {dag.py:3089} INFO - Sync 1 DAGs
[2025-11-13T12:24:10.195-0500] {logging_mixin.py:188} INFO - [2025-11-13T12:24:10.194-0500] {dag.py:3947} INFO - Setting next_dagrun for ocr_pipeline_dag to None, run_after=None
[2025-11-13T12:24:10.219-0500] {processor.py:183} INFO - Processing /opt/airflow/dags/ocr_pipeline_dag.py took 1.088 seconds
[2025-11-13T12:24:40.525-0500] {processor.py:161} INFO - Started process (PID=10106) to work on /opt/airflow/dags/ocr_pipeline_dag.py
[2025-11-13T12:24:40.527-0500] {processor.py:830} INFO - Processing file /opt/airflow/dags/ocr_pipeline_dag.py for tasks to queue
[2025-11-13T12:24:40.528-0500] {logging_mixin.py:188} INFO - [2025-11-13T12:24:40.527-0500] {dagbag.py:545} INFO - Filling up the DagBag from /opt/airflow/dags/ocr_pipeline_dag.py
[2025-11-13T12:24:40.560-0500] {logging_mixin.py:188} INFO - 📂 Using project root: /opt/project
[2025-11-13T12:24:40.769-0500] {logging_mixin.py:188} INFO - [2025-11-13T12:24:40.768-0500] {credentials.py:1278} INFO - Found credentials in shared credentials file: ~/.aws/credentials
[2025-11-13T12:24:41.555-0500] {processor.py:840} INFO - DAG(s) 'ocr_pipeline_dag' retrieved from /opt/airflow/dags/ocr_pipeline_dag.py
[2025-11-13T12:24:41.591-0500] {logging_mixin.py:188} INFO - [2025-11-13T12:24:41.591-0500] {dag.py:3089} INFO - Sync 1 DAGs
[2025-11-13T12:24:41.606-0500] {logging_mixin.py:188} INFO - [2025-11-13T12:24:41.606-0500] {dag.py:3947} INFO - Setting next_dagrun for ocr_pipeline_dag to None, run_after=None
[2025-11-13T12:24:41.632-0500] {processor.py:183} INFO - Processing /opt/airflow/dags/ocr_pipeline_dag.py took 1.115 seconds
[2025-11-13T12:25:12.086-0500] {processor.py:161} INFO - Started process (PID=10112) to work on /opt/airflow/dags/ocr_pipeline_dag.py
[2025-11-13T12:25:12.087-0500] {processor.py:830} INFO - Processing file /opt/airflow/dags/ocr_pipeline_dag.py for tasks to queue
[2025-11-13T12:25:12.088-0500] {logging_mixin.py:188} INFO - [2025-11-13T12:25:12.088-0500] {dagbag.py:545} INFO - Filling up the DagBag from /opt/airflow/dags/ocr_pipeline_dag.py
[2025-11-13T12:25:12.111-0500] {logging_mixin.py:188} INFO - 📂 Using project root: /opt/project
[2025-11-13T12:25:12.313-0500] {logging_mixin.py:188} INFO - [2025-11-13T12:25:12.313-0500] {credentials.py:1278} INFO - Found credentials in shared credentials file: ~/.aws/credentials
[2025-11-13T12:25:13.058-0500] {processor.py:840} INFO - DAG(s) 'ocr_pipeline_dag' retrieved from /opt/airflow/dags/ocr_pipeline_dag.py
[2025-11-13T12:25:13.092-0500] {logging_mixin.py:188} INFO - [2025-11-13T12:25:13.092-0500] {dag.py:3089} INFO - Sync 1 DAGs
[2025-11-13T12:25:13.107-0500] {logging_mixin.py:188} INFO - [2025-11-13T12:25:13.106-0500] {dag.py:3947} INFO - Setting next_dagrun for ocr_pipeline_dag to None, run_after=None
[2025-11-13T12:25:13.130-0500] {processor.py:183} INFO - Processing /opt/airflow/dags/ocr_pipeline_dag.py took 1.052 seconds
[2025-11-13T12:25:43.568-0500] {processor.py:161} INFO - Started process (PID=10118) to work on /opt/airflow/dags/ocr_pipeline_dag.py
[2025-11-13T12:25:43.569-0500] {processor.py:830} INFO - Processing file /opt/airflow/dags/ocr_pipeline_dag.py for tasks to queue
[2025-11-13T12:25:43.570-0500] {logging_mixin.py:188} INFO - [2025-11-13T12:25:43.570-0500] {dagbag.py:545} INFO - Filling up the DagBag from /opt/airflow/dags/ocr_pipeline_dag.py
[2025-11-13T12:25:43.590-0500] {logging_mixin.py:188} INFO - 📂 Using project root: /opt/project
[2025-11-13T12:25:43.743-0500] {logging_mixin.py:188} INFO - [2025-11-13T12:25:43.743-0500] {credentials.py:1278} INFO - Found credentials in shared credentials file: ~/.aws/credentials
[2025-11-13T12:25:44.358-0500] {processor.py:840} INFO - DAG(s) 'ocr_pipeline_dag' retrieved from /opt/airflow/dags/ocr_pipeline_dag.py
[2025-11-13T12:25:44.383-0500] {logging_mixin.py:188} INFO - [2025-11-13T12:25:44.383-0500] {dag.py:3089} INFO - Sync 1 DAGs
[2025-11-13T12:25:44.394-0500] {logging_mixin.py:188} INFO - [2025-11-13T12:25:44.394-0500] {dag.py:3947} INFO - Setting next_dagrun for ocr_pipeline_dag to None, run_after=None
[2025-11-13T12:25:44.412-0500] {processor.py:183} INFO - Processing /opt/airflow/dags/ocr_pipeline_dag.py took 0.850 seconds
[2025-11-13T12:26:15.190-0500] {processor.py:161} INFO - Started process (PID=10124) to work on /opt/airflow/dags/ocr_pipeline_dag.py
[2025-11-13T12:26:15.191-0500] {processor.py:830} INFO - Processing file /opt/airflow/dags/ocr_pipeline_dag.py for tasks to queue
[2025-11-13T12:26:15.193-0500] {logging_mixin.py:188} INFO - [2025-11-13T12:26:15.192-0500] {dagbag.py:545} INFO - Filling up the DagBag from /opt/airflow/dags/ocr_pipeline_dag.py
[2025-11-13T12:26:15.216-0500] {logging_mixin.py:188} INFO - 📂 Using project root: /opt/project
[2025-11-13T12:26:15.381-0500] {logging_mixin.py:188} INFO - [2025-11-13T12:26:15.381-0500] {credentials.py:1278} INFO - Found credentials in shared credentials file: ~/.aws/credentials
[2025-11-13T12:26:16.038-0500] {processor.py:840} INFO - DAG(s) 'ocr_pipeline_dag' retrieved from /opt/airflow/dags/ocr_pipeline_dag.py
[2025-11-13T12:26:16.070-0500] {logging_mixin.py:188} INFO - [2025-11-13T12:26:16.069-0500] {dag.py:3089} INFO - Sync 1 DAGs
[2025-11-13T12:26:16.082-0500] {logging_mixin.py:188} INFO - [2025-11-13T12:26:16.082-0500] {dag.py:3947} INFO - Setting next_dagrun for ocr_pipeline_dag to None, run_after=None
[2025-11-13T12:26:16.104-0500] {processor.py:183} INFO - Processing /opt/airflow/dags/ocr_pipeline_dag.py took 0.921 seconds
[2025-11-13T12:26:46.574-0500] {processor.py:161} INFO - Started process (PID=10130) to work on /opt/airflow/dags/ocr_pipeline_dag.py
[2025-11-13T12:26:46.576-0500] {processor.py:830} INFO - Processing file /opt/airflow/dags/ocr_pipeline_dag.py for tasks to queue
[2025-11-13T12:26:46.577-0500] {logging_mixin.py:188} INFO - [2025-11-13T12:26:46.577-0500] {dagbag.py:545} INFO - Filling up the DagBag from /opt/airflow/dags/ocr_pipeline_dag.py
[2025-11-13T12:26:46.598-0500] {logging_mixin.py:188} INFO - 📂 Using project root: /opt/project
[2025-11-13T12:26:46.786-0500] {logging_mixin.py:188} INFO - [2025-11-13T12:26:46.786-0500] {credentials.py:1278} INFO - Found credentials in shared credentials file: ~/.aws/credentials
[2025-11-13T12:26:47.429-0500] {processor.py:840} INFO - DAG(s) 'ocr_pipeline_dag' retrieved from /opt/airflow/dags/ocr_pipeline_dag.py
[2025-11-13T12:26:47.454-0500] {logging_mixin.py:188} INFO - [2025-11-13T12:26:47.453-0500] {dag.py:3089} INFO - Sync 1 DAGs
[2025-11-13T12:26:47.465-0500] {logging_mixin.py:188} INFO - [2025-11-13T12:26:47.464-0500] {dag.py:3947} INFO - Setting next_dagrun for ocr_pipeline_dag to None, run_after=None
[2025-11-13T12:26:47.492-0500] {processor.py:183} INFO - Processing /opt/airflow/dags/ocr_pipeline_dag.py took 0.926 seconds
[2025-11-13T12:27:18.442-0500] {processor.py:161} INFO - Started process (PID=10136) to work on /opt/airflow/dags/ocr_pipeline_dag.py
[2025-11-13T12:27:18.444-0500] {processor.py:830} INFO - Processing file /opt/airflow/dags/ocr_pipeline_dag.py for tasks to queue
[2025-11-13T12:27:18.445-0500] {logging_mixin.py:188} INFO - [2025-11-13T12:27:18.444-0500] {dagbag.py:545} INFO - Filling up the DagBag from /opt/airflow/dags/ocr_pipeline_dag.py
[2025-11-13T12:27:18.464-0500] {logging_mixin.py:188} INFO - 📂 Using project root: /opt/project
[2025-11-13T12:27:18.624-0500] {logging_mixin.py:188} INFO - [2025-11-13T12:27:18.623-0500] {credentials.py:1278} INFO - Found credentials in shared credentials file: ~/.aws/credentials
[2025-11-13T12:27:19.249-0500] {processor.py:840} INFO - DAG(s) 'ocr_pipeline_dag' retrieved from /opt/airflow/dags/ocr_pipeline_dag.py
[2025-11-13T12:27:19.282-0500] {logging_mixin.py:188} INFO - [2025-11-13T12:27:19.282-0500] {dag.py:3089} INFO - Sync 1 DAGs
[2025-11-13T12:27:19.293-0500] {logging_mixin.py:188} INFO - [2025-11-13T12:27:19.293-0500] {dag.py:3947} INFO - Setting next_dagrun for ocr_pipeline_dag to None, run_after=None
[2025-11-13T12:27:19.315-0500] {processor.py:183} INFO - Processing /opt/airflow/dags/ocr_pipeline_dag.py took 0.879 seconds
[2025-11-13T12:27:49.898-0500] {processor.py:161} INFO - Started process (PID=10142) to work on /opt/airflow/dags/ocr_pipeline_dag.py
[2025-11-13T12:27:49.899-0500] {processor.py:830} INFO - Processing file /opt/airflow/dags/ocr_pipeline_dag.py for tasks to queue
[2025-11-13T12:27:49.901-0500] {logging_mixin.py:188} INFO - [2025-11-13T12:27:49.900-0500] {dagbag.py:545} INFO - Filling up the DagBag from /opt/airflow/dags/ocr_pipeline_dag.py
[2025-11-13T12:27:49.917-0500] {logging_mixin.py:188} INFO - 📂 Using project root: /opt/project
[2025-11-13T12:27:50.117-0500] {logging_mixin.py:188} INFO - [2025-11-13T12:27:50.117-0500] {credentials.py:1278} INFO - Found credentials in shared credentials file: ~/.aws/credentials
[2025-11-13T12:27:50.719-0500] {processor.py:840} INFO - DAG(s) 'ocr_pipeline_dag' retrieved from /opt/airflow/dags/ocr_pipeline_dag.py
[2025-11-13T12:27:50.755-0500] {logging_mixin.py:188} INFO - [2025-11-13T12:27:50.755-0500] {dag.py:3089} INFO - Sync 1 DAGs
[2025-11-13T12:27:50.766-0500] {logging_mixin.py:188} INFO - [2025-11-13T12:27:50.766-0500] {dag.py:3947} INFO - Setting next_dagrun for ocr_pipeline_dag to None, run_after=None
[2025-11-13T12:27:50.786-0500] {processor.py:183} INFO - Processing /opt/airflow/dags/ocr_pipeline_dag.py took 0.895 seconds
[2025-11-13T12:28:21.366-0500] {processor.py:161} INFO - Started process (PID=10148) to work on /opt/airflow/dags/ocr_pipeline_dag.py
[2025-11-13T12:28:21.367-0500] {processor.py:830} INFO - Processing file /opt/airflow/dags/ocr_pipeline_dag.py for tasks to queue
[2025-11-13T12:28:21.368-0500] {logging_mixin.py:188} INFO - [2025-11-13T12:28:21.368-0500] {dagbag.py:545} INFO - Filling up the DagBag from /opt/airflow/dags/ocr_pipeline_dag.py
[2025-11-13T12:28:21.386-0500] {logging_mixin.py:188} INFO - 📂 Using project root: /opt/project
[2025-11-13T12:28:21.548-0500] {logging_mixin.py:188} INFO - [2025-11-13T12:28:21.547-0500] {credentials.py:1278} INFO - Found credentials in shared credentials file: ~/.aws/credentials
[2025-11-13T12:28:22.172-0500] {processor.py:840} INFO - DAG(s) 'ocr_pipeline_dag' retrieved from /opt/airflow/dags/ocr_pipeline_dag.py
[2025-11-13T12:28:22.195-0500] {logging_mixin.py:188} INFO - [2025-11-13T12:28:22.194-0500] {dag.py:3089} INFO - Sync 1 DAGs
[2025-11-13T12:28:22.206-0500] {logging_mixin.py:188} INFO - [2025-11-13T12:28:22.205-0500] {dag.py:3947} INFO - Setting next_dagrun for ocr_pipeline_dag to None, run_after=None
[2025-11-13T12:28:22.234-0500] {processor.py:183} INFO - Processing /opt/airflow/dags/ocr_pipeline_dag.py took 0.874 seconds
[2025-11-13T12:28:52.935-0500] {processor.py:161} INFO - Started process (PID=10154) to work on /opt/airflow/dags/ocr_pipeline_dag.py
[2025-11-13T12:28:52.936-0500] {processor.py:830} INFO - Processing file /opt/airflow/dags/ocr_pipeline_dag.py for tasks to queue
[2025-11-13T12:28:52.937-0500] {logging_mixin.py:188} INFO - [2025-11-13T12:28:52.937-0500] {dagbag.py:545} INFO - Filling up the DagBag from /opt/airflow/dags/ocr_pipeline_dag.py
[2025-11-13T12:28:52.954-0500] {logging_mixin.py:188} INFO - 📂 Using project root: /opt/project
[2025-11-13T12:28:53.114-0500] {logging_mixin.py:188} INFO - [2025-11-13T12:28:53.114-0500] {credentials.py:1278} INFO - Found credentials in shared credentials file: ~/.aws/credentials
[2025-11-13T12:28:53.739-0500] {processor.py:840} INFO - DAG(s) 'ocr_pipeline_dag' retrieved from /opt/airflow/dags/ocr_pipeline_dag.py
[2025-11-13T12:28:53.762-0500] {logging_mixin.py:188} INFO - [2025-11-13T12:28:53.761-0500] {dag.py:3089} INFO - Sync 1 DAGs
[2025-11-13T12:28:53.775-0500] {logging_mixin.py:188} INFO - [2025-11-13T12:28:53.775-0500] {dag.py:3947} INFO - Setting next_dagrun for ocr_pipeline_dag to None, run_after=None
[2025-11-13T12:28:53.800-0500] {processor.py:183} INFO - Processing /opt/airflow/dags/ocr_pipeline_dag.py took 0.871 seconds
[2025-11-13T12:29:24.476-0500] {processor.py:161} INFO - Started process (PID=10160) to work on /opt/airflow/dags/ocr_pipeline_dag.py
[2025-11-13T12:29:24.478-0500] {processor.py:830} INFO - Processing file /opt/airflow/dags/ocr_pipeline_dag.py for tasks to queue
[2025-11-13T12:29:24.479-0500] {logging_mixin.py:188} INFO - [2025-11-13T12:29:24.478-0500] {dagbag.py:545} INFO - Filling up the DagBag from /opt/airflow/dags/ocr_pipeline_dag.py
[2025-11-13T12:29:24.497-0500] {logging_mixin.py:188} INFO - 📂 Using project root: /opt/project
[2025-11-13T12:29:24.654-0500] {logging_mixin.py:188} INFO - [2025-11-13T12:29:24.654-0500] {credentials.py:1278} INFO - Found credentials in shared credentials file: ~/.aws/credentials
[2025-11-13T12:29:25.371-0500] {processor.py:840} INFO - DAG(s) 'ocr_pipeline_dag' retrieved from /opt/airflow/dags/ocr_pipeline_dag.py
[2025-11-13T12:29:25.400-0500] {logging_mixin.py:188} INFO - [2025-11-13T12:29:25.400-0500] {dag.py:3089} INFO - Sync 1 DAGs
[2025-11-13T12:29:25.413-0500] {logging_mixin.py:188} INFO - [2025-11-13T12:29:25.413-0500] {dag.py:3947} INFO - Setting next_dagrun for ocr_pipeline_dag to None, run_after=None
[2025-11-13T12:29:25.439-0500] {processor.py:183} INFO - Processing /opt/airflow/dags/ocr_pipeline_dag.py took 0.969 seconds
[2025-11-13T12:29:56.266-0500] {processor.py:161} INFO - Started process (PID=10166) to work on /opt/airflow/dags/ocr_pipeline_dag.py
[2025-11-13T12:29:56.269-0500] {processor.py:830} INFO - Processing file /opt/airflow/dags/ocr_pipeline_dag.py for tasks to queue
[2025-11-13T12:29:56.272-0500] {logging_mixin.py:188} INFO - [2025-11-13T12:29:56.271-0500] {dagbag.py:545} INFO - Filling up the DagBag from /opt/airflow/dags/ocr_pipeline_dag.py
[2025-11-13T12:29:56.294-0500] {logging_mixin.py:188} INFO - 📂 Using project root: /opt/project
[2025-11-13T12:29:56.581-0500] {logging_mixin.py:188} INFO - [2025-11-13T12:29:56.581-0500] {credentials.py:1278} INFO - Found credentials in shared credentials file: ~/.aws/credentials
[2025-11-13T12:29:57.429-0500] {processor.py:840} INFO - DAG(s) 'ocr_pipeline_dag' retrieved from /opt/airflow/dags/ocr_pipeline_dag.py
[2025-11-13T12:29:57.457-0500] {logging_mixin.py:188} INFO - [2025-11-13T12:29:57.457-0500] {dag.py:3089} INFO - Sync 1 DAGs
[2025-11-13T12:29:57.469-0500] {logging_mixin.py:188} INFO - [2025-11-13T12:29:57.469-0500] {dag.py:3947} INFO - Setting next_dagrun for ocr_pipeline_dag to None, run_after=None
[2025-11-13T12:29:57.489-0500] {processor.py:183} INFO - Processing /opt/airflow/dags/ocr_pipeline_dag.py took 1.237 seconds
[2025-11-13T12:30:28.041-0500] {processor.py:161} INFO - Started process (PID=10172) to work on /opt/airflow/dags/ocr_pipeline_dag.py
[2025-11-13T12:30:28.042-0500] {processor.py:830} INFO - Processing file /opt/airflow/dags/ocr_pipeline_dag.py for tasks to queue
[2025-11-13T12:30:28.043-0500] {logging_mixin.py:188} INFO - [2025-11-13T12:30:28.043-0500] {dagbag.py:545} INFO - Filling up the DagBag from /opt/airflow/dags/ocr_pipeline_dag.py
[2025-11-13T12:30:28.061-0500] {logging_mixin.py:188} INFO - 📂 Using project root: /opt/project
[2025-11-13T12:30:28.216-0500] {logging_mixin.py:188} INFO - [2025-11-13T12:30:28.215-0500] {credentials.py:1278} INFO - Found credentials in shared credentials file: ~/.aws/credentials
[2025-11-13T12:30:28.854-0500] {processor.py:840} INFO - DAG(s) 'ocr_pipeline_dag' retrieved from /opt/airflow/dags/ocr_pipeline_dag.py
[2025-11-13T12:30:28.884-0500] {logging_mixin.py:188} INFO - [2025-11-13T12:30:28.883-0500] {dag.py:3089} INFO - Sync 1 DAGs
[2025-11-13T12:30:28.897-0500] {logging_mixin.py:188} INFO - [2025-11-13T12:30:28.897-0500] {dag.py:3947} INFO - Setting next_dagrun for ocr_pipeline_dag to None, run_after=None
[2025-11-13T12:30:28.934-0500] {processor.py:183} INFO - Processing /opt/airflow/dags/ocr_pipeline_dag.py took 0.900 seconds
[2025-11-13T12:30:59.023-0500] {processor.py:161} INFO - Started process (PID=10178) to work on /opt/airflow/dags/ocr_pipeline_dag.py
[2025-11-13T12:30:59.025-0500] {processor.py:830} INFO - Processing file /opt/airflow/dags/ocr_pipeline_dag.py for tasks to queue
[2025-11-13T12:30:59.026-0500] {logging_mixin.py:188} INFO - [2025-11-13T12:30:59.026-0500] {dagbag.py:545} INFO - Filling up the DagBag from /opt/airflow/dags/ocr_pipeline_dag.py
[2025-11-13T12:30:59.049-0500] {logging_mixin.py:188} INFO - 📂 Using project root: /opt/project
[2025-11-13T12:30:59.235-0500] {logging_mixin.py:188} INFO - [2025-11-13T12:30:59.235-0500] {credentials.py:1278} INFO - Found credentials in shared credentials file: ~/.aws/credentials
[2025-11-13T12:30:59.924-0500] {processor.py:840} INFO - DAG(s) 'ocr_pipeline_dag' retrieved from /opt/airflow/dags/ocr_pipeline_dag.py
[2025-11-13T12:30:59.949-0500] {logging_mixin.py:188} INFO - [2025-11-13T12:30:59.949-0500] {dag.py:3089} INFO - Sync 1 DAGs
[2025-11-13T12:30:59.959-0500] {logging_mixin.py:188} INFO - [2025-11-13T12:30:59.959-0500] {dag.py:3947} INFO - Setting next_dagrun for ocr_pipeline_dag to None, run_after=None
[2025-11-13T12:30:59.979-0500] {processor.py:183} INFO - Processing /opt/airflow/dags/ocr_pipeline_dag.py took 0.963 seconds
[2025-11-13T12:31:30.860-0500] {processor.py:161} INFO - Started process (PID=10184) to work on /opt/airflow/dags/ocr_pipeline_dag.py
[2025-11-13T12:31:30.862-0500] {processor.py:830} INFO - Processing file /opt/airflow/dags/ocr_pipeline_dag.py for tasks to queue
[2025-11-13T12:31:30.863-0500] {logging_mixin.py:188} INFO - [2025-11-13T12:31:30.862-0500] {dagbag.py:545} INFO - Filling up the DagBag from /opt/airflow/dags/ocr_pipeline_dag.py
[2025-11-13T12:31:30.882-0500] {logging_mixin.py:188} INFO - 📂 Using project root: /opt/project
[2025-11-13T12:31:31.049-0500] {logging_mixin.py:188} INFO - [2025-11-13T12:31:31.049-0500] {credentials.py:1278} INFO - Found credentials in shared credentials file: ~/.aws/credentials
[2025-11-13T12:31:31.685-0500] {processor.py:840} INFO - DAG(s) 'ocr_pipeline_dag' retrieved from /opt/airflow/dags/ocr_pipeline_dag.py
[2025-11-13T12:31:31.708-0500] {logging_mixin.py:188} INFO - [2025-11-13T12:31:31.708-0500] {dag.py:3089} INFO - Sync 1 DAGs
[2025-11-13T12:31:31.719-0500] {logging_mixin.py:188} INFO - [2025-11-13T12:31:31.719-0500] {dag.py:3947} INFO - Setting next_dagrun for ocr_pipeline_dag to None, run_after=None
[2025-11-13T12:31:31.746-0500] {processor.py:183} INFO - Processing /opt/airflow/dags/ocr_pipeline_dag.py took 0.892 seconds
[2025-11-13T12:32:02.701-0500] {processor.py:161} INFO - Started process (PID=10190) to work on /opt/airflow/dags/ocr_pipeline_dag.py
[2025-11-13T12:32:02.702-0500] {processor.py:830} INFO - Processing file /opt/airflow/dags/ocr_pipeline_dag.py for tasks to queue
[2025-11-13T12:32:02.703-0500] {logging_mixin.py:188} INFO - [2025-11-13T12:32:02.703-0500] {dagbag.py:545} INFO - Filling up the DagBag from /opt/airflow/dags/ocr_pipeline_dag.py
[2025-11-13T12:32:02.724-0500] {logging_mixin.py:188} INFO - 📂 Using project root: /opt/project
[2025-11-13T12:32:02.879-0500] {logging_mixin.py:188} INFO - [2025-11-13T12:32:02.879-0500] {credentials.py:1278} INFO - Found credentials in shared credentials file: ~/.aws/credentials
[2025-11-13T12:32:03.496-0500] {processor.py:840} INFO - DAG(s) 'ocr_pipeline_dag' retrieved from /opt/airflow/dags/ocr_pipeline_dag.py
[2025-11-13T12:32:03.530-0500] {logging_mixin.py:188} INFO - [2025-11-13T12:32:03.530-0500] {dag.py:3089} INFO - Sync 1 DAGs
[2025-11-13T12:32:03.543-0500] {logging_mixin.py:188} INFO - [2025-11-13T12:32:03.543-0500] {dag.py:3947} INFO - Setting next_dagrun for ocr_pipeline_dag to None, run_after=None
[2025-11-13T12:32:03.566-0500] {processor.py:183} INFO - Processing /opt/airflow/dags/ocr_pipeline_dag.py took 0.872 seconds
[2025-11-13T12:32:34.104-0500] {processor.py:161} INFO - Started process (PID=10196) to work on /opt/airflow/dags/ocr_pipeline_dag.py
[2025-11-13T12:32:34.105-0500] {processor.py:830} INFO - Processing file /opt/airflow/dags/ocr_pipeline_dag.py for tasks to queue
[2025-11-13T12:32:34.107-0500] {logging_mixin.py:188} INFO - [2025-11-13T12:32:34.106-0500] {dagbag.py:545} INFO - Filling up the DagBag from /opt/airflow/dags/ocr_pipeline_dag.py
[2025-11-13T12:32:34.124-0500] {logging_mixin.py:188} INFO - 📂 Using project root: /opt/project
[2025-11-13T12:32:34.272-0500] {logging_mixin.py:188} INFO - [2025-11-13T12:32:34.272-0500] {credentials.py:1278} INFO - Found credentials in shared credentials file: ~/.aws/credentials
[2025-11-13T12:32:34.866-0500] {processor.py:840} INFO - DAG(s) 'ocr_pipeline_dag' retrieved from /opt/airflow/dags/ocr_pipeline_dag.py
[2025-11-13T12:32:34.899-0500] {logging_mixin.py:188} INFO - [2025-11-13T12:32:34.899-0500] {dag.py:3089} INFO - Sync 1 DAGs
[2025-11-13T12:32:34.910-0500] {logging_mixin.py:188} INFO - [2025-11-13T12:32:34.910-0500] {dag.py:3947} INFO - Setting next_dagrun for ocr_pipeline_dag to None, run_after=None
[2025-11-13T12:32:34.930-0500] {processor.py:183} INFO - Processing /opt/airflow/dags/ocr_pipeline_dag.py took 0.834 seconds
[2025-11-13T12:33:05.775-0500] {processor.py:161} INFO - Started process (PID=10202) to work on /opt/airflow/dags/ocr_pipeline_dag.py
[2025-11-13T12:33:05.777-0500] {processor.py:830} INFO - Processing file /opt/airflow/dags/ocr_pipeline_dag.py for tasks to queue
[2025-11-13T12:33:05.778-0500] {logging_mixin.py:188} INFO - [2025-11-13T12:33:05.778-0500] {dagbag.py:545} INFO - Filling up the DagBag from /opt/airflow/dags/ocr_pipeline_dag.py
[2025-11-13T12:33:05.796-0500] {logging_mixin.py:188} INFO - 📂 Using project root: /opt/project
[2025-11-13T12:33:05.953-0500] {logging_mixin.py:188} INFO - [2025-11-13T12:33:05.953-0500] {credentials.py:1278} INFO - Found credentials in shared credentials file: ~/.aws/credentials
[2025-11-13T12:33:06.553-0500] {processor.py:840} INFO - DAG(s) 'ocr_pipeline_dag' retrieved from /opt/airflow/dags/ocr_pipeline_dag.py
[2025-11-13T12:33:06.577-0500] {logging_mixin.py:188} INFO - [2025-11-13T12:33:06.576-0500] {dag.py:3089} INFO - Sync 1 DAGs
[2025-11-13T12:33:06.588-0500] {logging_mixin.py:188} INFO - [2025-11-13T12:33:06.587-0500] {dag.py:3947} INFO - Setting next_dagrun for ocr_pipeline_dag to None, run_after=None
[2025-11-13T12:33:06.614-0500] {processor.py:183} INFO - Processing /opt/airflow/dags/ocr_pipeline_dag.py took 0.844 seconds
[2025-11-13T12:33:38.336-0500] {processor.py:161} INFO - Started process (PID=10208) to work on /opt/airflow/dags/ocr_pipeline_dag.py
[2025-11-13T12:33:38.338-0500] {processor.py:830} INFO - Processing file /opt/airflow/dags/ocr_pipeline_dag.py for tasks to queue
[2025-11-13T12:33:38.339-0500] {logging_mixin.py:188} INFO - [2025-11-13T12:33:38.338-0500] {dagbag.py:545} INFO - Filling up the DagBag from /opt/airflow/dags/ocr_pipeline_dag.py
[2025-11-13T12:33:38.356-0500] {logging_mixin.py:188} INFO - 📂 Using project root: /opt/project
[2025-11-13T12:33:38.511-0500] {logging_mixin.py:188} INFO - [2025-11-13T12:33:38.511-0500] {credentials.py:1278} INFO - Found credentials in shared credentials file: ~/.aws/credentials
[2025-11-13T12:33:39.183-0500] {processor.py:840} INFO - DAG(s) 'ocr_pipeline_dag' retrieved from /opt/airflow/dags/ocr_pipeline_dag.py
[2025-11-13T12:33:39.217-0500] {logging_mixin.py:188} INFO - [2025-11-13T12:33:39.217-0500] {dag.py:3089} INFO - Sync 1 DAGs
[2025-11-13T12:33:39.230-0500] {logging_mixin.py:188} INFO - [2025-11-13T12:33:39.230-0500] {dag.py:3947} INFO - Setting next_dagrun for ocr_pipeline_dag to None, run_after=None
[2025-11-13T12:33:39.250-0500] {processor.py:183} INFO - Processing /opt/airflow/dags/ocr_pipeline_dag.py took 0.920 seconds
[2025-11-13T12:34:11.283-0500] {processor.py:161} INFO - Started process (PID=10214) to work on /opt/airflow/dags/ocr_pipeline_dag.py
[2025-11-13T12:34:11.285-0500] {processor.py:830} INFO - Processing file /opt/airflow/dags/ocr_pipeline_dag.py for tasks to queue
[2025-11-13T12:34:11.286-0500] {logging_mixin.py:188} INFO - [2025-11-13T12:34:11.286-0500] {dagbag.py:545} INFO - Filling up the DagBag from /opt/airflow/dags/ocr_pipeline_dag.py
[2025-11-13T12:34:11.305-0500] {logging_mixin.py:188} INFO - 📂 Using project root: /opt/project
[2025-11-13T12:34:11.461-0500] {logging_mixin.py:188} INFO - [2025-11-13T12:34:11.461-0500] {credentials.py:1278} INFO - Found credentials in shared credentials file: ~/.aws/credentials
[2025-11-13T12:34:12.135-0500] {processor.py:840} INFO - DAG(s) 'ocr_pipeline_dag' retrieved from /opt/airflow/dags/ocr_pipeline_dag.py
[2025-11-13T12:34:12.160-0500] {logging_mixin.py:188} INFO - [2025-11-13T12:34:12.159-0500] {dag.py:3089} INFO - Sync 1 DAGs
[2025-11-13T12:34:12.171-0500] {logging_mixin.py:188} INFO - [2025-11-13T12:34:12.170-0500] {dag.py:3947} INFO - Setting next_dagrun for ocr_pipeline_dag to None, run_after=None
[2025-11-13T12:34:12.199-0500] {processor.py:183} INFO - Processing /opt/airflow/dags/ocr_pipeline_dag.py took 0.922 seconds
[2025-11-13T12:34:42.756-0500] {processor.py:161} INFO - Started process (PID=10220) to work on /opt/airflow/dags/ocr_pipeline_dag.py
[2025-11-13T12:34:42.757-0500] {processor.py:830} INFO - Processing file /opt/airflow/dags/ocr_pipeline_dag.py for tasks to queue
[2025-11-13T12:34:42.758-0500] {logging_mixin.py:188} INFO - [2025-11-13T12:34:42.758-0500] {dagbag.py:545} INFO - Filling up the DagBag from /opt/airflow/dags/ocr_pipeline_dag.py
[2025-11-13T12:34:42.779-0500] {logging_mixin.py:188} INFO - 📂 Using project root: /opt/project
[2025-11-13T12:34:42.929-0500] {logging_mixin.py:188} INFO - [2025-11-13T12:34:42.929-0500] {credentials.py:1278} INFO - Found credentials in shared credentials file: ~/.aws/credentials
[2025-11-13T12:34:44.011-0500] {processor.py:840} INFO - DAG(s) 'ocr_pipeline_dag' retrieved from /opt/airflow/dags/ocr_pipeline_dag.py
[2025-11-13T12:34:44.036-0500] {logging_mixin.py:188} INFO - [2025-11-13T12:34:44.036-0500] {dag.py:3089} INFO - Sync 1 DAGs
[2025-11-13T12:34:44.048-0500] {logging_mixin.py:188} INFO - [2025-11-13T12:34:44.048-0500] {dag.py:3947} INFO - Setting next_dagrun for ocr_pipeline_dag to None, run_after=None
[2025-11-13T12:34:44.068-0500] {processor.py:183} INFO - Processing /opt/airflow/dags/ocr_pipeline_dag.py took 0.865 seconds
[2025-11-13T12:35:14.612-0500] {processor.py:161} INFO - Started process (PID=10226) to work on /opt/airflow/dags/ocr_pipeline_dag.py
[2025-11-13T12:35:14.617-0500] {processor.py:830} INFO - Processing file /opt/airflow/dags/ocr_pipeline_dag.py for tasks to queue
[2025-11-13T12:35:14.618-0500] {logging_mixin.py:188} INFO - [2025-11-13T12:35:14.618-0500] {dagbag.py:545} INFO - Filling up the DagBag from /opt/airflow/dags/ocr_pipeline_dag.py
[2025-11-13T12:35:14.658-0500] {logging_mixin.py:188} INFO - 📂 Using project root: /opt/project
[2025-11-13T12:35:14.896-0500] {logging_mixin.py:188} INFO - [2025-11-13T12:35:14.895-0500] {credentials.py:1278} INFO - Found credentials in shared credentials file: ~/.aws/credentials
[2025-11-13T12:35:15.637-0500] {processor.py:840} INFO - DAG(s) 'ocr_pipeline_dag' retrieved from /opt/airflow/dags/ocr_pipeline_dag.py
[2025-11-13T12:35:15.664-0500] {logging_mixin.py:188} INFO - [2025-11-13T12:35:15.664-0500] {dag.py:3089} INFO - Sync 1 DAGs
[2025-11-13T12:35:15.678-0500] {logging_mixin.py:188} INFO - [2025-11-13T12:35:15.678-0500] {dag.py:3947} INFO - Setting next_dagrun for ocr_pipeline_dag to None, run_after=None
[2025-11-13T12:35:15.700-0500] {processor.py:183} INFO - Processing /opt/airflow/dags/ocr_pipeline_dag.py took 1.100 seconds
[2025-11-13T12:35:46.243-0500] {processor.py:161} INFO - Started process (PID=10232) to work on /opt/airflow/dags/ocr_pipeline_dag.py
[2025-11-13T12:35:46.244-0500] {processor.py:830} INFO - Processing file /opt/airflow/dags/ocr_pipeline_dag.py for tasks to queue
[2025-11-13T12:35:46.245-0500] {logging_mixin.py:188} INFO - [2025-11-13T12:35:46.245-0500] {dagbag.py:545} INFO - Filling up the DagBag from /opt/airflow/dags/ocr_pipeline_dag.py
[2025-11-13T12:35:46.265-0500] {logging_mixin.py:188} INFO - 📂 Using project root: /opt/project
[2025-11-13T12:35:46.428-0500] {logging_mixin.py:188} INFO - [2025-11-13T12:35:46.428-0500] {credentials.py:1278} INFO - Found credentials in shared credentials file: ~/.aws/credentials
[2025-11-13T12:35:47.057-0500] {processor.py:840} INFO - DAG(s) 'ocr_pipeline_dag' retrieved from /opt/airflow/dags/ocr_pipeline_dag.py
[2025-11-13T12:35:47.081-0500] {logging_mixin.py:188} INFO - [2025-11-13T12:35:47.080-0500] {dag.py:3089} INFO - Sync 1 DAGs
[2025-11-13T12:35:47.092-0500] {logging_mixin.py:188} INFO - [2025-11-13T12:35:47.091-0500] {dag.py:3947} INFO - Setting next_dagrun for ocr_pipeline_dag to None, run_after=None
[2025-11-13T12:35:47.110-0500] {processor.py:183} INFO - Processing /opt/airflow/dags/ocr_pipeline_dag.py took 0.874 seconds
[2025-11-13T12:36:18.119-0500] {processor.py:161} INFO - Started process (PID=10238) to work on /opt/airflow/dags/ocr_pipeline_dag.py
[2025-11-13T12:36:18.120-0500] {processor.py:830} INFO - Processing file /opt/airflow/dags/ocr_pipeline_dag.py for tasks to queue
[2025-11-13T12:36:18.122-0500] {logging_mixin.py:188} INFO - [2025-11-13T12:36:18.121-0500] {dagbag.py:545} INFO - Filling up the DagBag from /opt/airflow/dags/ocr_pipeline_dag.py
[2025-11-13T12:36:18.140-0500] {logging_mixin.py:188} INFO - 📂 Using project root: /opt/project
[2025-11-13T12:36:18.301-0500] {logging_mixin.py:188} INFO - [2025-11-13T12:36:18.301-0500] {credentials.py:1278} INFO - Found credentials in shared credentials file: ~/.aws/credentials
[2025-11-13T12:36:18.943-0500] {processor.py:840} INFO - DAG(s) 'ocr_pipeline_dag' retrieved from /opt/airflow/dags/ocr_pipeline_dag.py
[2025-11-13T12:36:18.977-0500] {logging_mixin.py:188} INFO - [2025-11-13T12:36:18.977-0500] {dag.py:3089} INFO - Sync 1 DAGs
[2025-11-13T12:36:18.989-0500] {logging_mixin.py:188} INFO - [2025-11-13T12:36:18.988-0500] {dag.py:3947} INFO - Setting next_dagrun for ocr_pipeline_dag to None, run_after=None
[2025-11-13T12:36:19.009-0500] {processor.py:183} INFO - Processing /opt/airflow/dags/ocr_pipeline_dag.py took 0.897 seconds
[2025-11-13T12:36:49.855-0500] {processor.py:161} INFO - Started process (PID=10244) to work on /opt/airflow/dags/ocr_pipeline_dag.py
[2025-11-13T12:36:49.856-0500] {processor.py:830} INFO - Processing file /opt/airflow/dags/ocr_pipeline_dag.py for tasks to queue
[2025-11-13T12:36:49.857-0500] {logging_mixin.py:188} INFO - [2025-11-13T12:36:49.857-0500] {dagbag.py:545} INFO - Filling up the DagBag from /opt/airflow/dags/ocr_pipeline_dag.py
[2025-11-13T12:36:49.874-0500] {logging_mixin.py:188} INFO - 📂 Using project root: /opt/project
[2025-11-13T12:36:50.011-0500] {logging_mixin.py:188} INFO - [2025-11-13T12:36:50.011-0500] {credentials.py:1278} INFO - Found credentials in shared credentials file: ~/.aws/credentials
[2025-11-13T12:36:50.609-0500] {processor.py:840} INFO - DAG(s) 'ocr_pipeline_dag' retrieved from /opt/airflow/dags/ocr_pipeline_dag.py
[2025-11-13T12:36:50.643-0500] {logging_mixin.py:188} INFO - [2025-11-13T12:36:50.643-0500] {dag.py:3089} INFO - Sync 1 DAGs
[2025-11-13T12:36:50.653-0500] {logging_mixin.py:188} INFO - [2025-11-13T12:36:50.653-0500] {dag.py:3947} INFO - Setting next_dagrun for ocr_pipeline_dag to None, run_after=None
[2025-11-13T12:36:50.671-0500] {processor.py:183} INFO - Processing /opt/airflow/dags/ocr_pipeline_dag.py took 0.822 seconds
[2025-11-13T12:37:20.784-0500] {processor.py:161} INFO - Started process (PID=10250) to work on /opt/airflow/dags/ocr_pipeline_dag.py
[2025-11-13T12:37:20.785-0500] {processor.py:830} INFO - Processing file /opt/airflow/dags/ocr_pipeline_dag.py for tasks to queue
[2025-11-13T12:37:20.787-0500] {logging_mixin.py:188} INFO - [2025-11-13T12:37:20.786-0500] {dagbag.py:545} INFO - Filling up the DagBag from /opt/airflow/dags/ocr_pipeline_dag.py
[2025-11-13T12:37:20.810-0500] {logging_mixin.py:188} INFO - 📂 Using project root: /opt/project
[2025-11-13T12:37:21.017-0500] {logging_mixin.py:188} INFO - [2025-11-13T12:37:21.017-0500] {credentials.py:1278} INFO - Found credentials in shared credentials file: ~/.aws/credentials
[2025-11-13T12:37:21.782-0500] {processor.py:840} INFO - DAG(s) 'ocr_pipeline_dag' retrieved from /opt/airflow/dags/ocr_pipeline_dag.py
[2025-11-13T12:37:21.811-0500] {logging_mixin.py:188} INFO - [2025-11-13T12:37:21.811-0500] {dag.py:3089} INFO - Sync 1 DAGs
[2025-11-13T12:37:21.826-0500] {logging_mixin.py:188} INFO - [2025-11-13T12:37:21.825-0500] {dag.py:3947} INFO - Setting next_dagrun for ocr_pipeline_dag to None, run_after=None
[2025-11-13T12:37:21.849-0500] {processor.py:183} INFO - Processing /opt/airflow/dags/ocr_pipeline_dag.py took 1.073 seconds
[2025-11-13T12:37:52.432-0500] {processor.py:161} INFO - Started process (PID=10256) to work on /opt/airflow/dags/ocr_pipeline_dag.py
[2025-11-13T12:37:52.434-0500] {processor.py:830} INFO - Processing file /opt/airflow/dags/ocr_pipeline_dag.py for tasks to queue
[2025-11-13T12:37:52.435-0500] {logging_mixin.py:188} INFO - [2025-11-13T12:37:52.435-0500] {dagbag.py:545} INFO - Filling up the DagBag from /opt/airflow/dags/ocr_pipeline_dag.py
[2025-11-13T12:37:52.452-0500] {logging_mixin.py:188} INFO - 📂 Using project root: /opt/project
[2025-11-13T12:37:52.618-0500] {logging_mixin.py:188} INFO - [2025-11-13T12:37:52.618-0500] {credentials.py:1278} INFO - Found credentials in shared credentials file: ~/.aws/credentials
[2025-11-13T12:37:53.243-0500] {processor.py:840} INFO - DAG(s) 'ocr_pipeline_dag' retrieved from /opt/airflow/dags/ocr_pipeline_dag.py
[2025-11-13T12:37:53.270-0500] {logging_mixin.py:188} INFO - [2025-11-13T12:37:53.269-0500] {dag.py:3089} INFO - Sync 1 DAGs
[2025-11-13T12:37:53.281-0500] {logging_mixin.py:188} INFO - [2025-11-13T12:37:53.281-0500] {dag.py:3947} INFO - Setting next_dagrun for ocr_pipeline_dag to None, run_after=None
[2025-11-13T12:37:53.303-0500] {processor.py:183} INFO - Processing /opt/airflow/dags/ocr_pipeline_dag.py took 0.878 seconds
[2025-11-13T12:38:24.352-0500] {processor.py:161} INFO - Started process (PID=10262) to work on /opt/airflow/dags/ocr_pipeline_dag.py
[2025-11-13T12:38:24.353-0500] {processor.py:830} INFO - Processing file /opt/airflow/dags/ocr_pipeline_dag.py for tasks to queue
[2025-11-13T12:38:24.355-0500] {logging_mixin.py:188} INFO - [2025-11-13T12:38:24.354-0500] {dagbag.py:545} INFO - Filling up the DagBag from /opt/airflow/dags/ocr_pipeline_dag.py
[2025-11-13T12:38:24.379-0500] {logging_mixin.py:188} INFO - 📂 Using project root: /opt/project
[2025-11-13T12:38:24.537-0500] {logging_mixin.py:188} INFO - [2025-11-13T12:38:24.537-0500] {credentials.py:1278} INFO - Found credentials in shared credentials file: ~/.aws/credentials
[2025-11-13T12:38:25.191-0500] {processor.py:840} INFO - DAG(s) 'ocr_pipeline_dag' retrieved from /opt/airflow/dags/ocr_pipeline_dag.py
[2025-11-13T12:38:25.224-0500] {logging_mixin.py:188} INFO - [2025-11-13T12:38:25.223-0500] {dag.py:3089} INFO - Sync 1 DAGs
[2025-11-13T12:38:25.236-0500] {logging_mixin.py:188} INFO - [2025-11-13T12:38:25.235-0500] {dag.py:3947} INFO - Setting next_dagrun for ocr_pipeline_dag to None, run_after=None
[2025-11-13T12:38:25.255-0500] {processor.py:183} INFO - Processing /opt/airflow/dags/ocr_pipeline_dag.py took 0.909 seconds
[2025-11-13T12:38:56.237-0500] {processor.py:161} INFO - Started process (PID=10268) to work on /opt/airflow/dags/ocr_pipeline_dag.py
[2025-11-13T12:38:56.238-0500] {processor.py:830} INFO - Processing file /opt/airflow/dags/ocr_pipeline_dag.py for tasks to queue
[2025-11-13T12:38:56.239-0500] {logging_mixin.py:188} INFO - [2025-11-13T12:38:56.239-0500] {dagbag.py:545} INFO - Filling up the DagBag from /opt/airflow/dags/ocr_pipeline_dag.py
[2025-11-13T12:38:56.259-0500] {logging_mixin.py:188} INFO - 📂 Using project root: /opt/project
[2025-11-13T12:38:56.407-0500] {logging_mixin.py:188} INFO - [2025-11-13T12:38:56.406-0500] {credentials.py:1278} INFO - Found credentials in shared credentials file: ~/.aws/credentials
[2025-11-13T12:38:57.053-0500] {processor.py:840} INFO - DAG(s) 'ocr_pipeline_dag' retrieved from /opt/airflow/dags/ocr_pipeline_dag.py
[2025-11-13T12:38:57.076-0500] {logging_mixin.py:188} INFO - [2025-11-13T12:38:57.076-0500] {dag.py:3089} INFO - Sync 1 DAGs
[2025-11-13T12:38:57.088-0500] {logging_mixin.py:188} INFO - [2025-11-13T12:38:57.088-0500] {dag.py:3947} INFO - Setting next_dagrun for ocr_pipeline_dag to None, run_after=None
[2025-11-13T12:38:57.108-0500] {processor.py:183} INFO - Processing /opt/airflow/dags/ocr_pipeline_dag.py took 0.877 seconds
[2025-11-13T12:39:29.090-0500] {processor.py:161} INFO - Started process (PID=10274) to work on /opt/airflow/dags/ocr_pipeline_dag.py
[2025-11-13T12:39:29.092-0500] {processor.py:830} INFO - Processing file /opt/airflow/dags/ocr_pipeline_dag.py for tasks to queue
[2025-11-13T12:39:29.093-0500] {logging_mixin.py:188} INFO - [2025-11-13T12:39:29.093-0500] {dagbag.py:545} INFO - Filling up the DagBag from /opt/airflow/dags/ocr_pipeline_dag.py
[2025-11-13T12:39:29.117-0500] {logging_mixin.py:188} INFO - 📂 Using project root: /opt/project
[2025-11-13T12:39:29.339-0500] {logging_mixin.py:188} INFO - [2025-11-13T12:39:29.338-0500] {credentials.py:1278} INFO - Found credentials in shared credentials file: ~/.aws/credentials
[2025-11-13T12:39:30.184-0500] {processor.py:840} INFO - DAG(s) 'ocr_pipeline_dag' retrieved from /opt/airflow/dags/ocr_pipeline_dag.py
[2025-11-13T12:39:30.220-0500] {logging_mixin.py:188} INFO - [2025-11-13T12:39:30.219-0500] {dag.py:3089} INFO - Sync 1 DAGs
[2025-11-13T12:39:30.234-0500] {logging_mixin.py:188} INFO - [2025-11-13T12:39:30.233-0500] {dag.py:3947} INFO - Setting next_dagrun for ocr_pipeline_dag to None, run_after=None
[2025-11-13T12:39:30.255-0500] {processor.py:183} INFO - Processing /opt/airflow/dags/ocr_pipeline_dag.py took 1.173 seconds
[2025-11-13T12:40:00.431-0500] {processor.py:161} INFO - Started process (PID=10280) to work on /opt/airflow/dags/ocr_pipeline_dag.py
[2025-11-13T12:40:00.432-0500] {processor.py:830} INFO - Processing file /opt/airflow/dags/ocr_pipeline_dag.py for tasks to queue
[2025-11-13T12:40:00.433-0500] {logging_mixin.py:188} INFO - [2025-11-13T12:40:00.433-0500] {dagbag.py:545} INFO - Filling up the DagBag from /opt/airflow/dags/ocr_pipeline_dag.py
[2025-11-13T12:40:00.451-0500] {logging_mixin.py:188} INFO - 📂 Using project root: /opt/project
[2025-11-13T12:40:00.636-0500] {logging_mixin.py:188} INFO - [2025-11-13T12:40:00.636-0500] {credentials.py:1278} INFO - Found credentials in shared credentials file: ~/.aws/credentials
[2025-11-13T12:40:02.887-0500] {processor.py:840} INFO - DAG(s) 'ocr_pipeline_dag' retrieved from /opt/airflow/dags/ocr_pipeline_dag.py
[2025-11-13T12:40:02.927-0500] {logging_mixin.py:188} INFO - [2025-11-13T12:40:02.927-0500] {dag.py:3089} INFO - Sync 1 DAGs
[2025-11-13T12:40:02.941-0500] {logging_mixin.py:188} INFO - [2025-11-13T12:40:02.940-0500] {dag.py:3947} INFO - Setting next_dagrun for ocr_pipeline_dag to None, run_after=None
[2025-11-13T12:40:02.962-0500] {processor.py:183} INFO - Processing /opt/airflow/dags/ocr_pipeline_dag.py took 1.078 seconds
[2025-11-13T12:40:33.082-0500] {processor.py:161} INFO - Started process (PID=10286) to work on /opt/airflow/dags/ocr_pipeline_dag.py
[2025-11-13T12:40:33.083-0500] {processor.py:830} INFO - Processing file /opt/airflow/dags/ocr_pipeline_dag.py for tasks to queue
[2025-11-13T12:40:33.085-0500] {logging_mixin.py:188} INFO - [2025-11-13T12:40:33.085-0500] {dagbag.py:545} INFO - Filling up the DagBag from /opt/airflow/dags/ocr_pipeline_dag.py
[2025-11-13T12:40:33.107-0500] {logging_mixin.py:188} INFO - 📂 Using project root: /opt/project
[2025-11-13T12:40:33.319-0500] {logging_mixin.py:188} INFO - [2025-11-13T12:40:33.319-0500] {credentials.py:1278} INFO - Found credentials in shared credentials file: ~/.aws/credentials
[2025-11-13T12:40:34.054-0500] {processor.py:840} INFO - DAG(s) 'ocr_pipeline_dag' retrieved from /opt/airflow/dags/ocr_pipeline_dag.py
[2025-11-13T12:40:34.085-0500] {logging_mixin.py:188} INFO - [2025-11-13T12:40:34.085-0500] {dag.py:3089} INFO - Sync 1 DAGs
[2025-11-13T12:40:34.099-0500] {logging_mixin.py:188} INFO - [2025-11-13T12:40:34.098-0500] {dag.py:3947} INFO - Setting next_dagrun for ocr_pipeline_dag to None, run_after=None
[2025-11-13T12:40:34.122-0500] {processor.py:183} INFO - Processing /opt/airflow/dags/ocr_pipeline_dag.py took 1.048 seconds
[2025-11-13T12:41:04.772-0500] {processor.py:161} INFO - Started process (PID=10292) to work on /opt/airflow/dags/ocr_pipeline_dag.py
[2025-11-13T12:41:04.773-0500] {processor.py:830} INFO - Processing file /opt/airflow/dags/ocr_pipeline_dag.py for tasks to queue
[2025-11-13T12:41:04.775-0500] {logging_mixin.py:188} INFO - [2025-11-13T12:41:04.774-0500] {dagbag.py:545} INFO - Filling up the DagBag from /opt/airflow/dags/ocr_pipeline_dag.py
[2025-11-13T12:41:04.796-0500] {logging_mixin.py:188} INFO - 📂 Using project root: /opt/project
[2025-11-13T12:41:04.994-0500] {logging_mixin.py:188} INFO - [2025-11-13T12:41:04.994-0500] {credentials.py:1278} INFO - Found credentials in shared credentials file: ~/.aws/credentials
[2025-11-13T12:41:05.707-0500] {processor.py:840} INFO - DAG(s) 'ocr_pipeline_dag' retrieved from /opt/airflow/dags/ocr_pipeline_dag.py
[2025-11-13T12:41:05.736-0500] {logging_mixin.py:188} INFO - [2025-11-13T12:41:05.736-0500] {dag.py:3089} INFO - Sync 1 DAGs
[2025-11-13T12:41:05.750-0500] {logging_mixin.py:188} INFO - [2025-11-13T12:41:05.750-0500] {dag.py:3947} INFO - Setting next_dagrun for ocr_pipeline_dag to None, run_after=None
[2025-11-13T12:41:05.781-0500] {processor.py:183} INFO - Processing /opt/airflow/dags/ocr_pipeline_dag.py took 1.017 seconds
[2025-11-13T12:41:35.953-0500] {processor.py:161} INFO - Started process (PID=10298) to work on /opt/airflow/dags/ocr_pipeline_dag.py
[2025-11-13T12:41:35.955-0500] {processor.py:830} INFO - Processing file /opt/airflow/dags/ocr_pipeline_dag.py for tasks to queue
[2025-11-13T12:41:35.957-0500] {logging_mixin.py:188} INFO - [2025-11-13T12:41:35.956-0500] {dagbag.py:545} INFO - Filling up the DagBag from /opt/airflow/dags/ocr_pipeline_dag.py
[2025-11-13T12:41:35.979-0500] {logging_mixin.py:188} INFO - 📂 Using project root: /opt/project
[2025-11-13T12:41:36.314-0500] {logging_mixin.py:188} INFO - [2025-11-13T12:41:36.313-0500] {credentials.py:1278} INFO - Found credentials in shared credentials file: ~/.aws/credentials
[2025-11-13T12:41:37.801-0500] {processor.py:840} INFO - DAG(s) 'ocr_pipeline_dag' retrieved from /opt/airflow/dags/ocr_pipeline_dag.py
[2025-11-13T12:41:37.869-0500] {logging_mixin.py:188} INFO - [2025-11-13T12:41:37.868-0500] {dag.py:3089} INFO - Sync 1 DAGs
[2025-11-13T12:41:37.931-0500] {logging_mixin.py:188} INFO - [2025-11-13T12:41:37.931-0500] {dag.py:3947} INFO - Setting next_dagrun for ocr_pipeline_dag to None, run_after=None
[2025-11-13T12:41:37.992-0500] {processor.py:183} INFO - Processing /opt/airflow/dags/ocr_pipeline_dag.py took 2.051 seconds
[2025-11-13T12:42:08.848-0500] {processor.py:161} INFO - Started process (PID=10304) to work on /opt/airflow/dags/ocr_pipeline_dag.py
[2025-11-13T12:42:08.850-0500] {processor.py:830} INFO - Processing file /opt/airflow/dags/ocr_pipeline_dag.py for tasks to queue
[2025-11-13T12:42:08.852-0500] {logging_mixin.py:188} INFO - [2025-11-13T12:42:08.852-0500] {dagbag.py:545} INFO - Filling up the DagBag from /opt/airflow/dags/ocr_pipeline_dag.py
[2025-11-13T12:42:08.879-0500] {logging_mixin.py:188} INFO - 📂 Using project root: /opt/project
[2025-11-13T12:42:09.077-0500] {logging_mixin.py:188} INFO - [2025-11-13T12:42:09.077-0500] {credentials.py:1278} INFO - Found credentials in shared credentials file: ~/.aws/credentials
[2025-11-13T12:42:09.913-0500] {processor.py:840} INFO - DAG(s) 'ocr_pipeline_dag' retrieved from /opt/airflow/dags/ocr_pipeline_dag.py
[2025-11-13T12:42:09.941-0500] {logging_mixin.py:188} INFO - [2025-11-13T12:42:09.940-0500] {dag.py:3089} INFO - Sync 1 DAGs
[2025-11-13T12:42:09.951-0500] {logging_mixin.py:188} INFO - [2025-11-13T12:42:09.950-0500] {dag.py:3947} INFO - Setting next_dagrun for ocr_pipeline_dag to None, run_after=None
[2025-11-13T12:42:09.970-0500] {processor.py:183} INFO - Processing /opt/airflow/dags/ocr_pipeline_dag.py took 1.131 seconds
[2025-11-13T12:42:40.933-0500] {processor.py:161} INFO - Started process (PID=10310) to work on /opt/airflow/dags/ocr_pipeline_dag.py
[2025-11-13T12:42:40.934-0500] {processor.py:830} INFO - Processing file /opt/airflow/dags/ocr_pipeline_dag.py for tasks to queue
[2025-11-13T12:42:40.935-0500] {logging_mixin.py:188} INFO - [2025-11-13T12:42:40.935-0500] {dagbag.py:545} INFO - Filling up the DagBag from /opt/airflow/dags/ocr_pipeline_dag.py
[2025-11-13T12:42:40.953-0500] {logging_mixin.py:188} INFO - 📂 Using project root: /opt/project
[2025-11-13T12:42:41.107-0500] {logging_mixin.py:188} INFO - [2025-11-13T12:42:41.107-0500] {credentials.py:1278} INFO - Found credentials in shared credentials file: ~/.aws/credentials
[2025-11-13T12:42:41.739-0500] {processor.py:840} INFO - DAG(s) 'ocr_pipeline_dag' retrieved from /opt/airflow/dags/ocr_pipeline_dag.py
[2025-11-13T12:42:41.767-0500] {logging_mixin.py:188} INFO - [2025-11-13T12:42:41.767-0500] {dag.py:3089} INFO - Sync 1 DAGs
[2025-11-13T12:42:41.778-0500] {logging_mixin.py:188} INFO - [2025-11-13T12:42:41.778-0500] {dag.py:3947} INFO - Setting next_dagrun for ocr_pipeline_dag to None, run_after=None
[2025-11-13T12:42:41.800-0500] {processor.py:183} INFO - Processing /opt/airflow/dags/ocr_pipeline_dag.py took 0.874 seconds
[2025-11-13T12:43:12.688-0500] {processor.py:161} INFO - Started process (PID=10316) to work on /opt/airflow/dags/ocr_pipeline_dag.py
[2025-11-13T12:43:12.690-0500] {processor.py:830} INFO - Processing file /opt/airflow/dags/ocr_pipeline_dag.py for tasks to queue
[2025-11-13T12:43:12.691-0500] {logging_mixin.py:188} INFO - [2025-11-13T12:43:12.691-0500] {dagbag.py:545} INFO - Filling up the DagBag from /opt/airflow/dags/ocr_pipeline_dag.py
[2025-11-13T12:43:12.712-0500] {logging_mixin.py:188} INFO - 📂 Using project root: /opt/project
[2025-11-13T12:43:12.885-0500] {logging_mixin.py:188} INFO - [2025-11-13T12:43:12.885-0500] {credentials.py:1278} INFO - Found credentials in shared credentials file: ~/.aws/credentials
[2025-11-13T12:43:13.574-0500] {processor.py:840} INFO - DAG(s) 'ocr_pipeline_dag' retrieved from /opt/airflow/dags/ocr_pipeline_dag.py
[2025-11-13T12:43:13.602-0500] {logging_mixin.py:188} INFO - [2025-11-13T12:43:13.602-0500] {dag.py:3089} INFO - Sync 1 DAGs
[2025-11-13T12:43:13.615-0500] {logging_mixin.py:188} INFO - [2025-11-13T12:43:13.614-0500] {dag.py:3947} INFO - Setting next_dagrun for ocr_pipeline_dag to None, run_after=None
[2025-11-13T12:43:13.637-0500] {processor.py:183} INFO - Processing /opt/airflow/dags/ocr_pipeline_dag.py took 0.957 seconds
[2025-11-13T12:43:44.632-0500] {processor.py:161} INFO - Started process (PID=10322) to work on /opt/airflow/dags/ocr_pipeline_dag.py
[2025-11-13T12:43:44.634-0500] {processor.py:830} INFO - Processing file /opt/airflow/dags/ocr_pipeline_dag.py for tasks to queue
[2025-11-13T12:43:44.635-0500] {logging_mixin.py:188} INFO - [2025-11-13T12:43:44.635-0500] {dagbag.py:545} INFO - Filling up the DagBag from /opt/airflow/dags/ocr_pipeline_dag.py
[2025-11-13T12:43:44.659-0500] {logging_mixin.py:188} INFO - 📂 Using project root: /opt/project
[2025-11-13T12:43:44.836-0500] {logging_mixin.py:188} INFO - [2025-11-13T12:43:44.836-0500] {credentials.py:1278} INFO - Found credentials in shared credentials file: ~/.aws/credentials
[2025-11-13T12:43:45.564-0500] {processor.py:840} INFO - DAG(s) 'ocr_pipeline_dag' retrieved from /opt/airflow/dags/ocr_pipeline_dag.py
[2025-11-13T12:43:45.602-0500] {logging_mixin.py:188} INFO - [2025-11-13T12:43:45.602-0500] {dag.py:3089} INFO - Sync 1 DAGs
[2025-11-13T12:43:45.616-0500] {logging_mixin.py:188} INFO - [2025-11-13T12:43:45.616-0500] {dag.py:3947} INFO - Setting next_dagrun for ocr_pipeline_dag to None, run_after=None
[2025-11-13T12:43:45.638-0500] {processor.py:183} INFO - Processing /opt/airflow/dags/ocr_pipeline_dag.py took 1.014 seconds
[2025-11-13T12:44:16.597-0500] {processor.py:161} INFO - Started process (PID=10328) to work on /opt/airflow/dags/ocr_pipeline_dag.py
[2025-11-13T12:44:16.599-0500] {processor.py:830} INFO - Processing file /opt/airflow/dags/ocr_pipeline_dag.py for tasks to queue
[2025-11-13T12:44:16.600-0500] {logging_mixin.py:188} INFO - [2025-11-13T12:44:16.600-0500] {dagbag.py:545} INFO - Filling up the DagBag from /opt/airflow/dags/ocr_pipeline_dag.py
[2025-11-13T12:44:16.620-0500] {logging_mixin.py:188} INFO - 📂 Using project root: /opt/project
[2025-11-13T12:44:16.785-0500] {logging_mixin.py:188} INFO - [2025-11-13T12:44:16.785-0500] {credentials.py:1278} INFO - Found credentials in shared credentials file: ~/.aws/credentials
[2025-11-13T12:44:17.649-0500] {processor.py:840} INFO - DAG(s) 'ocr_pipeline_dag' retrieved from /opt/airflow/dags/ocr_pipeline_dag.py
[2025-11-13T12:44:17.679-0500] {logging_mixin.py:188} INFO - [2025-11-13T12:44:17.679-0500] {dag.py:3089} INFO - Sync 1 DAGs
[2025-11-13T12:44:17.691-0500] {logging_mixin.py:188} INFO - [2025-11-13T12:44:17.691-0500] {dag.py:3947} INFO - Setting next_dagrun for ocr_pipeline_dag to None, run_after=None
[2025-11-13T12:44:17.714-0500] {processor.py:183} INFO - Processing /opt/airflow/dags/ocr_pipeline_dag.py took 1.123 seconds
[2025-11-13T12:44:48.784-0500] {processor.py:161} INFO - Started process (PID=10334) to work on /opt/airflow/dags/ocr_pipeline_dag.py
[2025-11-13T12:44:48.785-0500] {processor.py:830} INFO - Processing file /opt/airflow/dags/ocr_pipeline_dag.py for tasks to queue
[2025-11-13T12:44:48.787-0500] {logging_mixin.py:188} INFO - [2025-11-13T12:44:48.786-0500] {dagbag.py:545} INFO - Filling up the DagBag from /opt/airflow/dags/ocr_pipeline_dag.py
[2025-11-13T12:44:48.808-0500] {logging_mixin.py:188} INFO - 📂 Using project root: /opt/project
[2025-11-13T12:44:49.115-0500] {logging_mixin.py:188} INFO - [2025-11-13T12:44:49.115-0500] {credentials.py:1278} INFO - Found credentials in shared credentials file: ~/.aws/credentials
[2025-11-13T12:44:49.813-0500] {processor.py:840} INFO - DAG(s) 'ocr_pipeline_dag' retrieved from /opt/airflow/dags/ocr_pipeline_dag.py
[2025-11-13T12:44:49.845-0500] {logging_mixin.py:188} INFO - [2025-11-13T12:44:49.844-0500] {dag.py:3089} INFO - Sync 1 DAGs
[2025-11-13T12:44:49.860-0500] {logging_mixin.py:188} INFO - [2025-11-13T12:44:49.860-0500] {dag.py:3947} INFO - Setting next_dagrun for ocr_pipeline_dag to None, run_after=None
[2025-11-13T12:44:49.881-0500] {processor.py:183} INFO - Processing /opt/airflow/dags/ocr_pipeline_dag.py took 1.106 seconds
[2025-11-13T12:45:20.229-0500] {processor.py:161} INFO - Started process (PID=10340) to work on /opt/airflow/dags/ocr_pipeline_dag.py
[2025-11-13T12:45:20.230-0500] {processor.py:830} INFO - Processing file /opt/airflow/dags/ocr_pipeline_dag.py for tasks to queue
[2025-11-13T12:45:20.231-0500] {logging_mixin.py:188} INFO - [2025-11-13T12:45:20.231-0500] {dagbag.py:545} INFO - Filling up the DagBag from /opt/airflow/dags/ocr_pipeline_dag.py
[2025-11-13T12:45:20.250-0500] {logging_mixin.py:188} INFO - 📂 Using project root: /opt/project
[2025-11-13T12:45:20.407-0500] {logging_mixin.py:188} INFO - [2025-11-13T12:45:20.407-0500] {credentials.py:1278} INFO - Found credentials in shared credentials file: ~/.aws/credentials
[2025-11-13T12:45:21.012-0500] {processor.py:840} INFO - DAG(s) 'ocr_pipeline_dag' retrieved from /opt/airflow/dags/ocr_pipeline_dag.py
[2025-11-13T12:45:21.038-0500] {logging_mixin.py:188} INFO - [2025-11-13T12:45:21.038-0500] {dag.py:3089} INFO - Sync 1 DAGs
[2025-11-13T12:45:21.053-0500] {logging_mixin.py:188} INFO - [2025-11-13T12:45:21.053-0500] {dag.py:3947} INFO - Setting next_dagrun for ocr_pipeline_dag to None, run_after=None
[2025-11-13T12:45:21.074-0500] {processor.py:183} INFO - Processing /opt/airflow/dags/ocr_pipeline_dag.py took 0.852 seconds
[2025-11-13T12:45:51.367-0500] {processor.py:161} INFO - Started process (PID=10346) to work on /opt/airflow/dags/ocr_pipeline_dag.py
[2025-11-13T12:45:51.369-0500] {processor.py:830} INFO - Processing file /opt/airflow/dags/ocr_pipeline_dag.py for tasks to queue
[2025-11-13T12:45:51.371-0500] {logging_mixin.py:188} INFO - [2025-11-13T12:45:51.370-0500] {dagbag.py:545} INFO - Filling up the DagBag from /opt/airflow/dags/ocr_pipeline_dag.py
[2025-11-13T12:45:51.398-0500] {logging_mixin.py:188} INFO - 📂 Using project root: /opt/project
[2025-11-13T12:45:51.583-0500] {logging_mixin.py:188} INFO - [2025-11-13T12:45:51.582-0500] {credentials.py:1278} INFO - Found credentials in shared credentials file: ~/.aws/credentials
[2025-11-13T12:45:52.347-0500] {processor.py:840} INFO - DAG(s) 'ocr_pipeline_dag' retrieved from /opt/airflow/dags/ocr_pipeline_dag.py
[2025-11-13T12:45:52.389-0500] {logging_mixin.py:188} INFO - [2025-11-13T12:45:52.389-0500] {dag.py:3089} INFO - Sync 1 DAGs
[2025-11-13T12:45:52.409-0500] {logging_mixin.py:188} INFO - [2025-11-13T12:45:52.409-0500] {dag.py:3947} INFO - Setting next_dagrun for ocr_pipeline_dag to None, run_after=None
[2025-11-13T12:45:52.437-0500] {processor.py:183} INFO - Processing /opt/airflow/dags/ocr_pipeline_dag.py took 1.080 seconds
[2025-11-13T12:46:23.206-0500] {processor.py:161} INFO - Started process (PID=10352) to work on /opt/airflow/dags/ocr_pipeline_dag.py
[2025-11-13T12:46:23.207-0500] {processor.py:830} INFO - Processing file /opt/airflow/dags/ocr_pipeline_dag.py for tasks to queue
[2025-11-13T12:46:23.208-0500] {logging_mixin.py:188} INFO - [2025-11-13T12:46:23.208-0500] {dagbag.py:545} INFO - Filling up the DagBag from /opt/airflow/dags/ocr_pipeline_dag.py
[2025-11-13T12:46:23.227-0500] {logging_mixin.py:188} INFO - 📂 Using project root: /opt/project
[2025-11-13T12:46:23.385-0500] {logging_mixin.py:188} INFO - [2025-11-13T12:46:23.385-0500] {credentials.py:1278} INFO - Found credentials in shared credentials file: ~/.aws/credentials
[2025-11-13T12:46:24.049-0500] {processor.py:840} INFO - DAG(s) 'ocr_pipeline_dag' retrieved from /opt/airflow/dags/ocr_pipeline_dag.py
[2025-11-13T12:46:24.077-0500] {logging_mixin.py:188} INFO - [2025-11-13T12:46:24.077-0500] {dag.py:3089} INFO - Sync 1 DAGs
[2025-11-13T12:46:24.088-0500] {logging_mixin.py:188} INFO - [2025-11-13T12:46:24.088-0500] {dag.py:3947} INFO - Setting next_dagrun for ocr_pipeline_dag to None, run_after=None
[2025-11-13T12:46:24.109-0500] {processor.py:183} INFO - Processing /opt/airflow/dags/ocr_pipeline_dag.py took 0.910 seconds
[2025-11-13T12:46:54.886-0500] {processor.py:161} INFO - Started process (PID=10358) to work on /opt/airflow/dags/ocr_pipeline_dag.py
[2025-11-13T12:46:54.888-0500] {processor.py:830} INFO - Processing file /opt/airflow/dags/ocr_pipeline_dag.py for tasks to queue
[2025-11-13T12:46:54.889-0500] {logging_mixin.py:188} INFO - [2025-11-13T12:46:54.889-0500] {dagbag.py:545} INFO - Filling up the DagBag from /opt/airflow/dags/ocr_pipeline_dag.py
[2025-11-13T12:46:54.911-0500] {logging_mixin.py:188} INFO - 📂 Using project root: /opt/project
[2025-11-13T12:46:55.126-0500] {logging_mixin.py:188} INFO - [2025-11-13T12:46:55.125-0500] {credentials.py:1278} INFO - Found credentials in shared credentials file: ~/.aws/credentials
[2025-11-13T12:46:55.871-0500] {processor.py:840} INFO - DAG(s) 'ocr_pipeline_dag' retrieved from /opt/airflow/dags/ocr_pipeline_dag.py
[2025-11-13T12:46:55.899-0500] {logging_mixin.py:188} INFO - [2025-11-13T12:46:55.898-0500] {dag.py:3089} INFO - Sync 1 DAGs
[2025-11-13T12:46:55.909-0500] {logging_mixin.py:188} INFO - [2025-11-13T12:46:55.909-0500] {dag.py:3947} INFO - Setting next_dagrun for ocr_pipeline_dag to None, run_after=None
[2025-11-13T12:46:55.930-0500] {processor.py:183} INFO - Processing /opt/airflow/dags/ocr_pipeline_dag.py took 1.052 seconds
[2025-11-13T12:47:26.577-0500] {processor.py:161} INFO - Started process (PID=10364) to work on /opt/airflow/dags/ocr_pipeline_dag.py
[2025-11-13T12:47:26.578-0500] {processor.py:830} INFO - Processing file /opt/airflow/dags/ocr_pipeline_dag.py for tasks to queue
[2025-11-13T12:47:26.579-0500] {logging_mixin.py:188} INFO - [2025-11-13T12:47:26.579-0500] {dagbag.py:545} INFO - Filling up the DagBag from /opt/airflow/dags/ocr_pipeline_dag.py
[2025-11-13T12:47:26.597-0500] {logging_mixin.py:188} INFO - 📂 Using project root: /opt/project
[2025-11-13T12:47:26.751-0500] {logging_mixin.py:188} INFO - [2025-11-13T12:47:26.751-0500] {credentials.py:1278} INFO - Found credentials in shared credentials file: ~/.aws/credentials
[2025-11-13T12:47:27.374-0500] {processor.py:840} INFO - DAG(s) 'ocr_pipeline_dag' retrieved from /opt/airflow/dags/ocr_pipeline_dag.py
[2025-11-13T12:47:27.411-0500] {logging_mixin.py:188} INFO - [2025-11-13T12:47:27.410-0500] {dag.py:3089} INFO - Sync 1 DAGs
[2025-11-13T12:47:27.423-0500] {logging_mixin.py:188} INFO - [2025-11-13T12:47:27.422-0500] {dag.py:3947} INFO - Setting next_dagrun for ocr_pipeline_dag to None, run_after=None
[2025-11-13T12:47:27.441-0500] {processor.py:183} INFO - Processing /opt/airflow/dags/ocr_pipeline_dag.py took 0.871 seconds
[2025-11-13T12:47:58.297-0500] {processor.py:161} INFO - Started process (PID=10370) to work on /opt/airflow/dags/ocr_pipeline_dag.py
[2025-11-13T12:47:58.298-0500] {processor.py:830} INFO - Processing file /opt/airflow/dags/ocr_pipeline_dag.py for tasks to queue
[2025-11-13T12:47:58.300-0500] {logging_mixin.py:188} INFO - [2025-11-13T12:47:58.299-0500] {dagbag.py:545} INFO - Filling up the DagBag from /opt/airflow/dags/ocr_pipeline_dag.py
[2025-11-13T12:47:58.316-0500] {logging_mixin.py:188} INFO - 📂 Using project root: /opt/project
[2025-11-13T12:47:58.465-0500] {logging_mixin.py:188} INFO - [2025-11-13T12:47:58.464-0500] {credentials.py:1278} INFO - Found credentials in shared credentials file: ~/.aws/credentials
[2025-11-13T12:47:59.095-0500] {processor.py:840} INFO - DAG(s) 'ocr_pipeline_dag' retrieved from /opt/airflow/dags/ocr_pipeline_dag.py
[2025-11-13T12:47:59.119-0500] {logging_mixin.py:188} INFO - [2025-11-13T12:47:59.119-0500] {dag.py:3089} INFO - Sync 1 DAGs
[2025-11-13T12:47:59.131-0500] {logging_mixin.py:188} INFO - [2025-11-13T12:47:59.131-0500] {dag.py:3947} INFO - Setting next_dagrun for ocr_pipeline_dag to None, run_after=None
[2025-11-13T12:47:59.153-0500] {processor.py:183} INFO - Processing /opt/airflow/dags/ocr_pipeline_dag.py took 0.863 seconds
[2025-11-13T12:48:29.630-0500] {processor.py:161} INFO - Started process (PID=10376) to work on /opt/airflow/dags/ocr_pipeline_dag.py
[2025-11-13T12:48:29.631-0500] {processor.py:830} INFO - Processing file /opt/airflow/dags/ocr_pipeline_dag.py for tasks to queue
[2025-11-13T12:48:29.632-0500] {logging_mixin.py:188} INFO - [2025-11-13T12:48:29.632-0500] {dagbag.py:545} INFO - Filling up the DagBag from /opt/airflow/dags/ocr_pipeline_dag.py
[2025-11-13T12:48:29.654-0500] {logging_mixin.py:188} INFO - 📂 Using project root: /opt/project
[2025-11-13T12:48:29.797-0500] {logging_mixin.py:188} INFO - [2025-11-13T12:48:29.796-0500] {credentials.py:1278} INFO - Found credentials in shared credentials file: ~/.aws/credentials
[2025-11-13T12:48:30.489-0500] {processor.py:840} INFO - DAG(s) 'ocr_pipeline_dag' retrieved from /opt/airflow/dags/ocr_pipeline_dag.py
[2025-11-13T12:48:30.519-0500] {logging_mixin.py:188} INFO - [2025-11-13T12:48:30.519-0500] {dag.py:3089} INFO - Sync 1 DAGs
[2025-11-13T12:48:30.533-0500] {logging_mixin.py:188} INFO - [2025-11-13T12:48:30.533-0500] {dag.py:3947} INFO - Setting next_dagrun for ocr_pipeline_dag to None, run_after=None
[2025-11-13T12:48:30.554-0500] {processor.py:183} INFO - Processing /opt/airflow/dags/ocr_pipeline_dag.py took 0.930 seconds
[2025-11-13T12:49:00.970-0500] {processor.py:161} INFO - Started process (PID=10382) to work on /opt/airflow/dags/ocr_pipeline_dag.py
[2025-11-13T12:49:00.971-0500] {processor.py:830} INFO - Processing file /opt/airflow/dags/ocr_pipeline_dag.py for tasks to queue
[2025-11-13T12:49:00.973-0500] {logging_mixin.py:188} INFO - [2025-11-13T12:49:00.972-0500] {dagbag.py:545} INFO - Filling up the DagBag from /opt/airflow/dags/ocr_pipeline_dag.py
[2025-11-13T12:49:00.988-0500] {logging_mixin.py:188} INFO - 📂 Using project root: /opt/project
[2025-11-13T12:49:01.129-0500] {logging_mixin.py:188} INFO - [2025-11-13T12:49:01.129-0500] {credentials.py:1278} INFO - Found credentials in shared credentials file: ~/.aws/credentials
[2025-11-13T12:49:01.754-0500] {processor.py:840} INFO - DAG(s) 'ocr_pipeline_dag' retrieved from /opt/airflow/dags/ocr_pipeline_dag.py
[2025-11-13T12:49:01.778-0500] {logging_mixin.py:188} INFO - [2025-11-13T12:49:01.778-0500] {dag.py:3089} INFO - Sync 1 DAGs
[2025-11-13T12:49:01.789-0500] {logging_mixin.py:188} INFO - [2025-11-13T12:49:01.789-0500] {dag.py:3947} INFO - Setting next_dagrun for ocr_pipeline_dag to None, run_after=None
[2025-11-13T12:49:01.807-0500] {processor.py:183} INFO - Processing /opt/airflow/dags/ocr_pipeline_dag.py took 0.843 seconds
[2025-11-13T12:49:32.639-0500] {processor.py:161} INFO - Started process (PID=10388) to work on /opt/airflow/dags/ocr_pipeline_dag.py
[2025-11-13T12:49:32.641-0500] {processor.py:830} INFO - Processing file /opt/airflow/dags/ocr_pipeline_dag.py for tasks to queue
[2025-11-13T12:49:32.642-0500] {logging_mixin.py:188} INFO - [2025-11-13T12:49:32.642-0500] {dagbag.py:545} INFO - Filling up the DagBag from /opt/airflow/dags/ocr_pipeline_dag.py
[2025-11-13T12:49:32.660-0500] {logging_mixin.py:188} INFO - 📂 Using project root: /opt/project
[2025-11-13T12:49:32.803-0500] {logging_mixin.py:188} INFO - [2025-11-13T12:49:32.803-0500] {credentials.py:1278} INFO - Found credentials in shared credentials file: ~/.aws/credentials
[2025-11-13T12:49:33.444-0500] {processor.py:840} INFO - DAG(s) 'ocr_pipeline_dag' retrieved from /opt/airflow/dags/ocr_pipeline_dag.py
[2025-11-13T12:49:33.473-0500] {logging_mixin.py:188} INFO - [2025-11-13T12:49:33.472-0500] {dag.py:3089} INFO - Sync 1 DAGs
[2025-11-13T12:49:33.486-0500] {logging_mixin.py:188} INFO - [2025-11-13T12:49:33.486-0500] {dag.py:3947} INFO - Setting next_dagrun for ocr_pipeline_dag to None, run_after=None
[2025-11-13T12:49:33.506-0500] {processor.py:183} INFO - Processing /opt/airflow/dags/ocr_pipeline_dag.py took 0.875 seconds
[2025-11-13T12:50:04.992-0500] {processor.py:161} INFO - Started process (PID=10394) to work on /opt/airflow/dags/ocr_pipeline_dag.py
[2025-11-13T12:50:04.994-0500] {processor.py:830} INFO - Processing file /opt/airflow/dags/ocr_pipeline_dag.py for tasks to queue
[2025-11-13T12:50:04.995-0500] {logging_mixin.py:188} INFO - [2025-11-13T12:50:04.995-0500] {dagbag.py:545} INFO - Filling up the DagBag from /opt/airflow/dags/ocr_pipeline_dag.py
[2025-11-13T12:50:05.014-0500] {logging_mixin.py:188} INFO - 📂 Using project root: /opt/project
[2025-11-13T12:50:05.187-0500] {logging_mixin.py:188} INFO - [2025-11-13T12:50:05.186-0500] {credentials.py:1278} INFO - Found credentials in shared credentials file: ~/.aws/credentials
[2025-11-13T12:50:05.929-0500] {processor.py:840} INFO - DAG(s) 'ocr_pipeline_dag' retrieved from /opt/airflow/dags/ocr_pipeline_dag.py
[2025-11-13T12:50:05.960-0500] {logging_mixin.py:188} INFO - [2025-11-13T12:50:05.959-0500] {dag.py:3089} INFO - Sync 1 DAGs
[2025-11-13T12:50:05.974-0500] {logging_mixin.py:188} INFO - [2025-11-13T12:50:05.974-0500] {dag.py:3947} INFO - Setting next_dagrun for ocr_pipeline_dag to None, run_after=None
[2025-11-13T12:50:05.998-0500] {processor.py:183} INFO - Processing /opt/airflow/dags/ocr_pipeline_dag.py took 1.013 seconds
[2025-11-13T12:50:36.201-0500] {processor.py:161} INFO - Started process (PID=10400) to work on /opt/airflow/dags/ocr_pipeline_dag.py
[2025-11-13T12:50:36.203-0500] {processor.py:830} INFO - Processing file /opt/airflow/dags/ocr_pipeline_dag.py for tasks to queue
[2025-11-13T12:50:36.206-0500] {logging_mixin.py:188} INFO - [2025-11-13T12:50:36.205-0500] {dagbag.py:545} INFO - Filling up the DagBag from /opt/airflow/dags/ocr_pipeline_dag.py
[2025-11-13T12:50:36.234-0500] {logging_mixin.py:188} INFO - 📂 Using project root: /opt/project
[2025-11-13T12:50:36.634-0500] {logging_mixin.py:188} INFO - [2025-11-13T12:50:36.633-0500] {credentials.py:1278} INFO - Found credentials in shared credentials file: ~/.aws/credentials
[2025-11-13T12:50:37.639-0500] {processor.py:840} INFO - DAG(s) 'ocr_pipeline_dag' retrieved from /opt/airflow/dags/ocr_pipeline_dag.py
[2025-11-13T12:50:37.671-0500] {logging_mixin.py:188} INFO - [2025-11-13T12:50:37.670-0500] {dag.py:3089} INFO - Sync 1 DAGs
[2025-11-13T12:50:37.686-0500] {logging_mixin.py:188} INFO - [2025-11-13T12:50:37.686-0500] {dag.py:3947} INFO - Setting next_dagrun for ocr_pipeline_dag to None, run_after=None
[2025-11-13T12:50:37.710-0500] {processor.py:183} INFO - Processing /opt/airflow/dags/ocr_pipeline_dag.py took 1.519 seconds
[2025-11-13T12:51:07.925-0500] {processor.py:161} INFO - Started process (PID=10406) to work on /opt/airflow/dags/ocr_pipeline_dag.py
[2025-11-13T12:51:07.927-0500] {processor.py:830} INFO - Processing file /opt/airflow/dags/ocr_pipeline_dag.py for tasks to queue
[2025-11-13T12:51:07.929-0500] {logging_mixin.py:188} INFO - [2025-11-13T12:51:07.928-0500] {dagbag.py:545} INFO - Filling up the DagBag from /opt/airflow/dags/ocr_pipeline_dag.py
[2025-11-13T12:51:07.952-0500] {logging_mixin.py:188} INFO - 📂 Using project root: /opt/project
[2025-11-13T12:51:08.180-0500] {logging_mixin.py:188} INFO - [2025-11-13T12:51:08.180-0500] {credentials.py:1278} INFO - Found credentials in shared credentials file: ~/.aws/credentials
[2025-11-13T12:51:09.242-0500] {processor.py:840} INFO - DAG(s) 'ocr_pipeline_dag' retrieved from /opt/airflow/dags/ocr_pipeline_dag.py
[2025-11-13T12:51:09.284-0500] {logging_mixin.py:188} INFO - [2025-11-13T12:51:09.284-0500] {dag.py:3089} INFO - Sync 1 DAGs
[2025-11-13T12:51:09.303-0500] {logging_mixin.py:188} INFO - [2025-11-13T12:51:09.302-0500] {dag.py:3947} INFO - Setting next_dagrun for ocr_pipeline_dag to None, run_after=None
[2025-11-13T12:51:09.341-0500] {processor.py:183} INFO - Processing /opt/airflow/dags/ocr_pipeline_dag.py took 1.428 seconds
[2025-11-13T12:51:39.722-0500] {processor.py:161} INFO - Started process (PID=10412) to work on /opt/airflow/dags/ocr_pipeline_dag.py
[2025-11-13T12:51:39.724-0500] {processor.py:830} INFO - Processing file /opt/airflow/dags/ocr_pipeline_dag.py for tasks to queue
[2025-11-13T12:51:39.726-0500] {logging_mixin.py:188} INFO - [2025-11-13T12:51:39.725-0500] {dagbag.py:545} INFO - Filling up the DagBag from /opt/airflow/dags/ocr_pipeline_dag.py
[2025-11-13T12:51:39.749-0500] {logging_mixin.py:188} INFO - 📂 Using project root: /opt/project
[2025-11-13T12:51:39.966-0500] {logging_mixin.py:188} INFO - [2025-11-13T12:51:39.966-0500] {credentials.py:1278} INFO - Found credentials in shared credentials file: ~/.aws/credentials
[2025-11-13T12:51:40.654-0500] {processor.py:840} INFO - DAG(s) 'ocr_pipeline_dag' retrieved from /opt/airflow/dags/ocr_pipeline_dag.py
[2025-11-13T12:51:40.682-0500] {logging_mixin.py:188} INFO - [2025-11-13T12:51:40.681-0500] {dag.py:3089} INFO - Sync 1 DAGs
[2025-11-13T12:51:40.695-0500] {logging_mixin.py:188} INFO - [2025-11-13T12:51:40.695-0500] {dag.py:3947} INFO - Setting next_dagrun for ocr_pipeline_dag to None, run_after=None
[2025-11-13T12:51:40.717-0500] {processor.py:183} INFO - Processing /opt/airflow/dags/ocr_pipeline_dag.py took 1.004 seconds
[2025-11-13T12:52:11.411-0500] {processor.py:161} INFO - Started process (PID=10418) to work on /opt/airflow/dags/ocr_pipeline_dag.py
[2025-11-13T12:52:11.412-0500] {processor.py:830} INFO - Processing file /opt/airflow/dags/ocr_pipeline_dag.py for tasks to queue
[2025-11-13T12:52:11.413-0500] {logging_mixin.py:188} INFO - [2025-11-13T12:52:11.413-0500] {dagbag.py:545} INFO - Filling up the DagBag from /opt/airflow/dags/ocr_pipeline_dag.py
[2025-11-13T12:52:11.431-0500] {logging_mixin.py:188} INFO - 📂 Using project root: /opt/project
[2025-11-13T12:52:11.580-0500] {logging_mixin.py:188} INFO - [2025-11-13T12:52:11.579-0500] {credentials.py:1278} INFO - Found credentials in shared credentials file: ~/.aws/credentials
[2025-11-13T12:52:12.252-0500] {processor.py:840} INFO - DAG(s) 'ocr_pipeline_dag' retrieved from /opt/airflow/dags/ocr_pipeline_dag.py
[2025-11-13T12:52:12.292-0500] {logging_mixin.py:188} INFO - [2025-11-13T12:52:12.291-0500] {dag.py:3089} INFO - Sync 1 DAGs
[2025-11-13T12:52:12.306-0500] {logging_mixin.py:188} INFO - [2025-11-13T12:52:12.306-0500] {dag.py:3947} INFO - Setting next_dagrun for ocr_pipeline_dag to None, run_after=None
[2025-11-13T12:52:12.335-0500] {processor.py:183} INFO - Processing /opt/airflow/dags/ocr_pipeline_dag.py took 0.931 seconds
[2025-11-13T12:52:42.976-0500] {processor.py:161} INFO - Started process (PID=10424) to work on /opt/airflow/dags/ocr_pipeline_dag.py
[2025-11-13T12:52:42.978-0500] {processor.py:830} INFO - Processing file /opt/airflow/dags/ocr_pipeline_dag.py for tasks to queue
[2025-11-13T12:52:42.979-0500] {logging_mixin.py:188} INFO - [2025-11-13T12:52:42.979-0500] {dagbag.py:545} INFO - Filling up the DagBag from /opt/airflow/dags/ocr_pipeline_dag.py
[2025-11-13T12:52:42.999-0500] {logging_mixin.py:188} INFO - 📂 Using project root: /opt/project
[2025-11-13T12:52:43.189-0500] {logging_mixin.py:188} INFO - [2025-11-13T12:52:43.189-0500] {credentials.py:1278} INFO - Found credentials in shared credentials file: ~/.aws/credentials
[2025-11-13T12:52:43.893-0500] {processor.py:840} INFO - DAG(s) 'ocr_pipeline_dag' retrieved from /opt/airflow/dags/ocr_pipeline_dag.py
[2025-11-13T12:52:43.927-0500] {logging_mixin.py:188} INFO - [2025-11-13T12:52:43.926-0500] {dag.py:3089} INFO - Sync 1 DAGs
[2025-11-13T12:52:43.938-0500] {logging_mixin.py:188} INFO - [2025-11-13T12:52:43.938-0500] {dag.py:3947} INFO - Setting next_dagrun for ocr_pipeline_dag to None, run_after=None
[2025-11-13T12:52:43.981-0500] {processor.py:183} INFO - Processing /opt/airflow/dags/ocr_pipeline_dag.py took 1.016 seconds
[2025-11-13T12:53:14.649-0500] {processor.py:161} INFO - Started process (PID=10430) to work on /opt/airflow/dags/ocr_pipeline_dag.py
[2025-11-13T12:53:14.650-0500] {processor.py:830} INFO - Processing file /opt/airflow/dags/ocr_pipeline_dag.py for tasks to queue
[2025-11-13T12:53:14.652-0500] {logging_mixin.py:188} INFO - [2025-11-13T12:53:14.651-0500] {dagbag.py:545} INFO - Filling up the DagBag from /opt/airflow/dags/ocr_pipeline_dag.py
[2025-11-13T12:53:14.667-0500] {logging_mixin.py:188} INFO - 📂 Using project root: /opt/project
[2025-11-13T12:53:14.813-0500] {logging_mixin.py:188} INFO - [2025-11-13T12:53:14.813-0500] {credentials.py:1278} INFO - Found credentials in shared credentials file: ~/.aws/credentials
[2025-11-13T12:53:15.463-0500] {processor.py:840} INFO - DAG(s) 'ocr_pipeline_dag' retrieved from /opt/airflow/dags/ocr_pipeline_dag.py
[2025-11-13T12:53:15.496-0500] {logging_mixin.py:188} INFO - [2025-11-13T12:53:15.495-0500] {dag.py:3089} INFO - Sync 1 DAGs
[2025-11-13T12:53:15.511-0500] {logging_mixin.py:188} INFO - [2025-11-13T12:53:15.510-0500] {dag.py:3947} INFO - Setting next_dagrun for ocr_pipeline_dag to None, run_after=None
[2025-11-13T12:53:15.531-0500] {processor.py:183} INFO - Processing /opt/airflow/dags/ocr_pipeline_dag.py took 0.888 seconds
[2025-11-13T12:53:46.335-0500] {processor.py:161} INFO - Started process (PID=10436) to work on /opt/airflow/dags/ocr_pipeline_dag.py
[2025-11-13T12:53:46.336-0500] {processor.py:830} INFO - Processing file /opt/airflow/dags/ocr_pipeline_dag.py for tasks to queue
[2025-11-13T12:53:46.337-0500] {logging_mixin.py:188} INFO - [2025-11-13T12:53:46.337-0500] {dagbag.py:545} INFO - Filling up the DagBag from /opt/airflow/dags/ocr_pipeline_dag.py
[2025-11-13T12:53:46.352-0500] {logging_mixin.py:188} INFO - 📂 Using project root: /opt/project
[2025-11-13T12:53:46.490-0500] {logging_mixin.py:188} INFO - [2025-11-13T12:53:46.490-0500] {credentials.py:1278} INFO - Found credentials in shared credentials file: ~/.aws/credentials
[2025-11-13T12:53:47.094-0500] {processor.py:840} INFO - DAG(s) 'ocr_pipeline_dag' retrieved from /opt/airflow/dags/ocr_pipeline_dag.py
[2025-11-13T12:53:47.120-0500] {logging_mixin.py:188} INFO - [2025-11-13T12:53:47.120-0500] {dag.py:3089} INFO - Sync 1 DAGs
[2025-11-13T12:53:47.131-0500] {logging_mixin.py:188} INFO - [2025-11-13T12:53:47.131-0500] {dag.py:3947} INFO - Setting next_dagrun for ocr_pipeline_dag to None, run_after=None
[2025-11-13T12:53:47.149-0500] {processor.py:183} INFO - Processing /opt/airflow/dags/ocr_pipeline_dag.py took 0.822 seconds
[2025-11-13T12:54:17.922-0500] {processor.py:161} INFO - Started process (PID=10442) to work on /opt/airflow/dags/ocr_pipeline_dag.py
[2025-11-13T12:54:17.923-0500] {processor.py:830} INFO - Processing file /opt/airflow/dags/ocr_pipeline_dag.py for tasks to queue
[2025-11-13T12:54:17.925-0500] {logging_mixin.py:188} INFO - [2025-11-13T12:54:17.924-0500] {dagbag.py:545} INFO - Filling up the DagBag from /opt/airflow/dags/ocr_pipeline_dag.py
[2025-11-13T12:54:17.941-0500] {logging_mixin.py:188} INFO - 📂 Using project root: /opt/project
[2025-11-13T12:54:18.102-0500] {logging_mixin.py:188} INFO - [2025-11-13T12:54:18.102-0500] {credentials.py:1278} INFO - Found credentials in shared credentials file: ~/.aws/credentials
[2025-11-13T12:54:18.818-0500] {processor.py:840} INFO - DAG(s) 'ocr_pipeline_dag' retrieved from /opt/airflow/dags/ocr_pipeline_dag.py
[2025-11-13T12:54:18.847-0500] {logging_mixin.py:188} INFO - [2025-11-13T12:54:18.846-0500] {dag.py:3089} INFO - Sync 1 DAGs
[2025-11-13T12:54:18.861-0500] {logging_mixin.py:188} INFO - [2025-11-13T12:54:18.861-0500] {dag.py:3947} INFO - Setting next_dagrun for ocr_pipeline_dag to None, run_after=None
[2025-11-13T12:54:18.892-0500] {processor.py:183} INFO - Processing /opt/airflow/dags/ocr_pipeline_dag.py took 0.978 seconds
[2025-11-13T12:54:49.775-0500] {processor.py:161} INFO - Started process (PID=10448) to work on /opt/airflow/dags/ocr_pipeline_dag.py
[2025-11-13T12:54:49.776-0500] {processor.py:830} INFO - Processing file /opt/airflow/dags/ocr_pipeline_dag.py for tasks to queue
[2025-11-13T12:54:49.778-0500] {logging_mixin.py:188} INFO - [2025-11-13T12:54:49.777-0500] {dagbag.py:545} INFO - Filling up the DagBag from /opt/airflow/dags/ocr_pipeline_dag.py
[2025-11-13T12:54:49.793-0500] {logging_mixin.py:188} INFO - 📂 Using project root: /opt/project
[2025-11-13T12:54:49.940-0500] {logging_mixin.py:188} INFO - [2025-11-13T12:54:49.940-0500] {credentials.py:1278} INFO - Found credentials in shared credentials file: ~/.aws/credentials
[2025-11-13T12:54:50.615-0500] {processor.py:840} INFO - DAG(s) 'ocr_pipeline_dag' retrieved from /opt/airflow/dags/ocr_pipeline_dag.py
[2025-11-13T12:54:50.647-0500] {logging_mixin.py:188} INFO - [2025-11-13T12:54:50.647-0500] {dag.py:3089} INFO - Sync 1 DAGs
[2025-11-13T12:54:50.658-0500] {logging_mixin.py:188} INFO - [2025-11-13T12:54:50.657-0500] {dag.py:3947} INFO - Setting next_dagrun for ocr_pipeline_dag to None, run_after=None
[2025-11-13T12:54:50.677-0500] {processor.py:183} INFO - Processing /opt/airflow/dags/ocr_pipeline_dag.py took 0.909 seconds
[2025-11-13T12:55:22.496-0500] {processor.py:161} INFO - Started process (PID=10454) to work on /opt/airflow/dags/ocr_pipeline_dag.py
[2025-11-13T12:55:22.498-0500] {processor.py:830} INFO - Processing file /opt/airflow/dags/ocr_pipeline_dag.py for tasks to queue
[2025-11-13T12:55:22.499-0500] {logging_mixin.py:188} INFO - [2025-11-13T12:55:22.499-0500] {dagbag.py:545} INFO - Filling up the DagBag from /opt/airflow/dags/ocr_pipeline_dag.py
[2025-11-13T12:55:22.519-0500] {logging_mixin.py:188} INFO - 📂 Using project root: /opt/project
[2025-11-13T12:55:22.711-0500] {logging_mixin.py:188} INFO - [2025-11-13T12:55:22.710-0500] {credentials.py:1278} INFO - Found credentials in shared credentials file: ~/.aws/credentials
[2025-11-13T12:55:23.535-0500] {processor.py:840} INFO - DAG(s) 'ocr_pipeline_dag' retrieved from /opt/airflow/dags/ocr_pipeline_dag.py
[2025-11-13T12:55:23.567-0500] {logging_mixin.py:188} INFO - [2025-11-13T12:55:23.566-0500] {dag.py:3089} INFO - Sync 1 DAGs
[2025-11-13T12:55:23.583-0500] {logging_mixin.py:188} INFO - [2025-11-13T12:55:23.582-0500] {dag.py:3947} INFO - Setting next_dagrun for ocr_pipeline_dag to None, run_after=None
[2025-11-13T12:55:23.623-0500] {processor.py:183} INFO - Processing /opt/airflow/dags/ocr_pipeline_dag.py took 1.134 seconds
[2025-11-13T12:55:53.898-0500] {processor.py:161} INFO - Started process (PID=10460) to work on /opt/airflow/dags/ocr_pipeline_dag.py
[2025-11-13T12:55:53.899-0500] {processor.py:830} INFO - Processing file /opt/airflow/dags/ocr_pipeline_dag.py for tasks to queue
[2025-11-13T12:55:53.900-0500] {logging_mixin.py:188} INFO - [2025-11-13T12:55:53.900-0500] {dagbag.py:545} INFO - Filling up the DagBag from /opt/airflow/dags/ocr_pipeline_dag.py
[2025-11-13T12:55:53.916-0500] {logging_mixin.py:188} INFO - 📂 Using project root: /opt/project
[2025-11-13T12:55:54.069-0500] {logging_mixin.py:188} INFO - [2025-11-13T12:55:54.069-0500] {credentials.py:1278} INFO - Found credentials in shared credentials file: ~/.aws/credentials
[2025-11-13T12:55:56.181-0500] {processor.py:840} INFO - DAG(s) 'ocr_pipeline_dag' retrieved from /opt/airflow/dags/ocr_pipeline_dag.py
[2025-11-13T12:55:56.206-0500] {logging_mixin.py:188} INFO - [2025-11-13T12:55:56.206-0500] {dag.py:3089} INFO - Sync 1 DAGs
[2025-11-13T12:55:56.218-0500] {logging_mixin.py:188} INFO - [2025-11-13T12:55:56.218-0500] {dag.py:3947} INFO - Setting next_dagrun for ocr_pipeline_dag to None, run_after=None
[2025-11-13T12:55:56.241-0500] {processor.py:183} INFO - Processing /opt/airflow/dags/ocr_pipeline_dag.py took 0.910 seconds
[2025-11-13T12:56:27.330-0500] {processor.py:161} INFO - Started process (PID=10466) to work on /opt/airflow/dags/ocr_pipeline_dag.py
[2025-11-13T12:56:27.346-0500] {processor.py:830} INFO - Processing file /opt/airflow/dags/ocr_pipeline_dag.py for tasks to queue
[2025-11-13T12:56:27.349-0500] {logging_mixin.py:188} INFO - [2025-11-13T12:56:27.348-0500] {dagbag.py:545} INFO - Filling up the DagBag from /opt/airflow/dags/ocr_pipeline_dag.py
[2025-11-13T12:56:27.371-0500] {logging_mixin.py:188} INFO - 📂 Using project root: /opt/project
[2025-11-13T12:56:27.570-0500] {logging_mixin.py:188} INFO - [2025-11-13T12:56:27.570-0500] {credentials.py:1278} INFO - Found credentials in shared credentials file: ~/.aws/credentials
[2025-11-13T12:56:28.380-0500] {processor.py:840} INFO - DAG(s) 'ocr_pipeline_dag' retrieved from /opt/airflow/dags/ocr_pipeline_dag.py
[2025-11-13T12:56:28.430-0500] {logging_mixin.py:188} INFO - [2025-11-13T12:56:28.429-0500] {dag.py:3089} INFO - Sync 1 DAGs
[2025-11-13T12:56:28.446-0500] {logging_mixin.py:188} INFO - [2025-11-13T12:56:28.445-0500] {dag.py:3947} INFO - Setting next_dagrun for ocr_pipeline_dag to None, run_after=None
[2025-11-13T12:56:28.478-0500] {processor.py:183} INFO - Processing /opt/airflow/dags/ocr_pipeline_dag.py took 1.724 seconds
[2025-11-13T12:56:58.650-0500] {processor.py:161} INFO - Started process (PID=10472) to work on /opt/airflow/dags/ocr_pipeline_dag.py
[2025-11-13T12:56:58.652-0500] {processor.py:830} INFO - Processing file /opt/airflow/dags/ocr_pipeline_dag.py for tasks to queue
[2025-11-13T12:56:58.653-0500] {logging_mixin.py:188} INFO - [2025-11-13T12:56:58.653-0500] {dagbag.py:545} INFO - Filling up the DagBag from /opt/airflow/dags/ocr_pipeline_dag.py
[2025-11-13T12:56:58.670-0500] {logging_mixin.py:188} INFO - 📂 Using project root: /opt/project
[2025-11-13T12:56:58.829-0500] {logging_mixin.py:188} INFO - [2025-11-13T12:56:58.829-0500] {credentials.py:1278} INFO - Found credentials in shared credentials file: ~/.aws/credentials
[2025-11-13T12:56:59.469-0500] {processor.py:840} INFO - DAG(s) 'ocr_pipeline_dag' retrieved from /opt/airflow/dags/ocr_pipeline_dag.py
[2025-11-13T12:56:59.501-0500] {logging_mixin.py:188} INFO - [2025-11-13T12:56:59.500-0500] {dag.py:3089} INFO - Sync 1 DAGs
[2025-11-13T12:56:59.515-0500] {logging_mixin.py:188} INFO - [2025-11-13T12:56:59.515-0500] {dag.py:3947} INFO - Setting next_dagrun for ocr_pipeline_dag to None, run_after=None
[2025-11-13T12:56:59.535-0500] {processor.py:183} INFO - Processing /opt/airflow/dags/ocr_pipeline_dag.py took 0.894 seconds
[2025-11-13T12:57:29.615-0500] {processor.py:161} INFO - Started process (PID=10478) to work on /opt/airflow/dags/ocr_pipeline_dag.py
[2025-11-13T12:57:29.616-0500] {processor.py:830} INFO - Processing file /opt/airflow/dags/ocr_pipeline_dag.py for tasks to queue
[2025-11-13T12:57:29.617-0500] {logging_mixin.py:188} INFO - [2025-11-13T12:57:29.617-0500] {dagbag.py:545} INFO - Filling up the DagBag from /opt/airflow/dags/ocr_pipeline_dag.py
[2025-11-13T12:57:29.632-0500] {logging_mixin.py:188} INFO - 📂 Using project root: /opt/project
[2025-11-13T12:57:29.771-0500] {logging_mixin.py:188} INFO - [2025-11-13T12:57:29.771-0500] {credentials.py:1278} INFO - Found credentials in shared credentials file: ~/.aws/credentials
[2025-11-13T12:57:30.400-0500] {processor.py:840} INFO - DAG(s) 'ocr_pipeline_dag' retrieved from /opt/airflow/dags/ocr_pipeline_dag.py
[2025-11-13T12:57:30.424-0500] {logging_mixin.py:188} INFO - [2025-11-13T12:57:30.423-0500] {dag.py:3089} INFO - Sync 1 DAGs
[2025-11-13T12:57:30.437-0500] {logging_mixin.py:188} INFO - [2025-11-13T12:57:30.437-0500] {dag.py:3947} INFO - Setting next_dagrun for ocr_pipeline_dag to None, run_after=None
[2025-11-13T12:57:30.464-0500] {processor.py:183} INFO - Processing /opt/airflow/dags/ocr_pipeline_dag.py took 0.856 seconds
[2025-11-13T12:58:01.180-0500] {processor.py:161} INFO - Started process (PID=10484) to work on /opt/airflow/dags/ocr_pipeline_dag.py
[2025-11-13T12:58:01.181-0500] {processor.py:830} INFO - Processing file /opt/airflow/dags/ocr_pipeline_dag.py for tasks to queue
[2025-11-13T12:58:01.183-0500] {logging_mixin.py:188} INFO - [2025-11-13T12:58:01.182-0500] {dagbag.py:545} INFO - Filling up the DagBag from /opt/airflow/dags/ocr_pipeline_dag.py
[2025-11-13T12:58:01.198-0500] {logging_mixin.py:188} INFO - 📂 Using project root: /opt/project
[2025-11-13T12:58:01.343-0500] {logging_mixin.py:188} INFO - [2025-11-13T12:58:01.343-0500] {credentials.py:1278} INFO - Found credentials in shared credentials file: ~/.aws/credentials
[2025-11-13T12:58:01.923-0500] {processor.py:840} INFO - DAG(s) 'ocr_pipeline_dag' retrieved from /opt/airflow/dags/ocr_pipeline_dag.py
[2025-11-13T12:58:01.951-0500] {logging_mixin.py:188} INFO - [2025-11-13T12:58:01.951-0500] {dag.py:3089} INFO - Sync 1 DAGs
[2025-11-13T12:58:01.961-0500] {logging_mixin.py:188} INFO - [2025-11-13T12:58:01.961-0500] {dag.py:3947} INFO - Setting next_dagrun for ocr_pipeline_dag to None, run_after=None
[2025-11-13T12:58:01.980-0500] {processor.py:183} INFO - Processing /opt/airflow/dags/ocr_pipeline_dag.py took 0.808 seconds
[2025-11-13T12:58:32.270-0500] {processor.py:161} INFO - Started process (PID=10490) to work on /opt/airflow/dags/ocr_pipeline_dag.py
[2025-11-13T12:58:32.271-0500] {processor.py:830} INFO - Processing file /opt/airflow/dags/ocr_pipeline_dag.py for tasks to queue
[2025-11-13T12:58:32.272-0500] {logging_mixin.py:188} INFO - [2025-11-13T12:58:32.272-0500] {dagbag.py:545} INFO - Filling up the DagBag from /opt/airflow/dags/ocr_pipeline_dag.py
[2025-11-13T12:58:32.287-0500] {logging_mixin.py:188} INFO - 📂 Using project root: /opt/project
[2025-11-13T12:58:32.431-0500] {logging_mixin.py:188} INFO - [2025-11-13T12:58:32.431-0500] {credentials.py:1278} INFO - Found credentials in shared credentials file: ~/.aws/credentials
[2025-11-13T12:58:33.065-0500] {processor.py:840} INFO - DAG(s) 'ocr_pipeline_dag' retrieved from /opt/airflow/dags/ocr_pipeline_dag.py
[2025-11-13T12:58:33.090-0500] {logging_mixin.py:188} INFO - [2025-11-13T12:58:33.089-0500] {dag.py:3089} INFO - Sync 1 DAGs
[2025-11-13T12:58:33.099-0500] {logging_mixin.py:188} INFO - [2025-11-13T12:58:33.099-0500] {dag.py:3947} INFO - Setting next_dagrun for ocr_pipeline_dag to None, run_after=None
[2025-11-13T12:58:33.125-0500] {processor.py:183} INFO - Processing /opt/airflow/dags/ocr_pipeline_dag.py took 0.861 seconds
[2025-11-13T12:59:04.026-0500] {processor.py:161} INFO - Started process (PID=10496) to work on /opt/airflow/dags/ocr_pipeline_dag.py
[2025-11-13T12:59:04.027-0500] {processor.py:830} INFO - Processing file /opt/airflow/dags/ocr_pipeline_dag.py for tasks to queue
[2025-11-13T12:59:04.029-0500] {logging_mixin.py:188} INFO - [2025-11-13T12:59:04.028-0500] {dagbag.py:545} INFO - Filling up the DagBag from /opt/airflow/dags/ocr_pipeline_dag.py
[2025-11-13T12:59:04.043-0500] {logging_mixin.py:188} INFO - 📂 Using project root: /opt/project
[2025-11-13T12:59:04.174-0500] {logging_mixin.py:188} INFO - [2025-11-13T12:59:04.173-0500] {credentials.py:1278} INFO - Found credentials in shared credentials file: ~/.aws/credentials
[2025-11-13T12:59:04.800-0500] {processor.py:840} INFO - DAG(s) 'ocr_pipeline_dag' retrieved from /opt/airflow/dags/ocr_pipeline_dag.py
[2025-11-13T12:59:04.830-0500] {logging_mixin.py:188} INFO - [2025-11-13T12:59:04.830-0500] {dag.py:3089} INFO - Sync 1 DAGs
[2025-11-13T12:59:04.841-0500] {logging_mixin.py:188} INFO - [2025-11-13T12:59:04.841-0500] {dag.py:3947} INFO - Setting next_dagrun for ocr_pipeline_dag to None, run_after=None
[2025-11-13T12:59:04.858-0500] {processor.py:183} INFO - Processing /opt/airflow/dags/ocr_pipeline_dag.py took 0.839 seconds
[2025-11-13T12:59:37.038-0500] {processor.py:161} INFO - Started process (PID=10502) to work on /opt/airflow/dags/ocr_pipeline_dag.py
[2025-11-13T12:59:37.039-0500] {processor.py:830} INFO - Processing file /opt/airflow/dags/ocr_pipeline_dag.py for tasks to queue
[2025-11-13T12:59:37.041-0500] {logging_mixin.py:188} INFO - [2025-11-13T12:59:37.040-0500] {dagbag.py:545} INFO - Filling up the DagBag from /opt/airflow/dags/ocr_pipeline_dag.py
[2025-11-13T12:59:37.055-0500] {logging_mixin.py:188} INFO - 📂 Using project root: /opt/project
[2025-11-13T12:59:37.216-0500] {logging_mixin.py:188} INFO - [2025-11-13T12:59:37.216-0500] {credentials.py:1278} INFO - Found credentials in shared credentials file: ~/.aws/credentials
[2025-11-13T12:59:37.915-0500] {processor.py:840} INFO - DAG(s) 'ocr_pipeline_dag' retrieved from /opt/airflow/dags/ocr_pipeline_dag.py
[2025-11-13T12:59:37.949-0500] {logging_mixin.py:188} INFO - [2025-11-13T12:59:37.948-0500] {dag.py:3089} INFO - Sync 1 DAGs
[2025-11-13T12:59:37.964-0500] {logging_mixin.py:188} INFO - [2025-11-13T12:59:37.964-0500] {dag.py:3947} INFO - Setting next_dagrun for ocr_pipeline_dag to None, run_after=None
[2025-11-13T12:59:37.993-0500] {processor.py:183} INFO - Processing /opt/airflow/dags/ocr_pipeline_dag.py took 0.962 seconds
[2025-11-13T13:00:09.858-0500] {processor.py:161} INFO - Started process (PID=10508) to work on /opt/airflow/dags/ocr_pipeline_dag.py
[2025-11-13T13:00:09.859-0500] {processor.py:830} INFO - Processing file /opt/airflow/dags/ocr_pipeline_dag.py for tasks to queue
[2025-11-13T13:00:09.860-0500] {logging_mixin.py:188} INFO - [2025-11-13T13:00:09.860-0500] {dagbag.py:545} INFO - Filling up the DagBag from /opt/airflow/dags/ocr_pipeline_dag.py
[2025-11-13T13:00:09.871-0500] {logging_mixin.py:188} INFO - 📂 Using project root: /opt/project
[2025-11-13T13:00:10.009-0500] {logging_mixin.py:188} INFO - [2025-11-13T13:00:10.009-0500] {credentials.py:1278} INFO - Found credentials in shared credentials file: ~/.aws/credentials
[2025-11-13T13:00:10.633-0500] {processor.py:840} INFO - DAG(s) 'ocr_pipeline_dag' retrieved from /opt/airflow/dags/ocr_pipeline_dag.py
[2025-11-13T13:00:10.658-0500] {logging_mixin.py:188} INFO - [2025-11-13T13:00:10.658-0500] {dag.py:3089} INFO - Sync 1 DAGs
[2025-11-13T13:00:10.670-0500] {logging_mixin.py:188} INFO - [2025-11-13T13:00:10.670-0500] {dag.py:3947} INFO - Setting next_dagrun for ocr_pipeline_dag to None, run_after=None
[2025-11-13T13:00:10.699-0500] {processor.py:183} INFO - Processing /opt/airflow/dags/ocr_pipeline_dag.py took 0.846 seconds
[2025-11-13T13:00:41.174-0500] {processor.py:161} INFO - Started process (PID=10514) to work on /opt/airflow/dags/ocr_pipeline_dag.py
[2025-11-13T13:00:41.178-0500] {processor.py:830} INFO - Processing file /opt/airflow/dags/ocr_pipeline_dag.py for tasks to queue
[2025-11-13T13:00:41.182-0500] {logging_mixin.py:188} INFO - [2025-11-13T13:00:41.181-0500] {dagbag.py:545} INFO - Filling up the DagBag from /opt/airflow/dags/ocr_pipeline_dag.py
[2025-11-13T13:00:41.209-0500] {logging_mixin.py:188} INFO - 📂 Using project root: /opt/project
[2025-11-13T13:00:41.427-0500] {logging_mixin.py:188} INFO - [2025-11-13T13:00:41.427-0500] {credentials.py:1278} INFO - Found credentials in shared credentials file: ~/.aws/credentials
[2025-11-13T13:00:43.740-0500] {processor.py:840} INFO - DAG(s) 'ocr_pipeline_dag' retrieved from /opt/airflow/dags/ocr_pipeline_dag.py
[2025-11-13T13:00:43.772-0500] {logging_mixin.py:188} INFO - [2025-11-13T13:00:43.771-0500] {dag.py:3089} INFO - Sync 1 DAGs
[2025-11-13T13:00:43.786-0500] {logging_mixin.py:188} INFO - [2025-11-13T13:00:43.786-0500] {dag.py:3947} INFO - Setting next_dagrun for ocr_pipeline_dag to None, run_after=None
[2025-11-13T13:00:43.807-0500] {processor.py:183} INFO - Processing /opt/airflow/dags/ocr_pipeline_dag.py took 1.146 seconds
[2025-11-13T13:01:14.095-0500] {processor.py:161} INFO - Started process (PID=10520) to work on /opt/airflow/dags/ocr_pipeline_dag.py
[2025-11-13T13:01:14.097-0500] {processor.py:830} INFO - Processing file /opt/airflow/dags/ocr_pipeline_dag.py for tasks to queue
[2025-11-13T13:01:14.098-0500] {logging_mixin.py:188} INFO - [2025-11-13T13:01:14.098-0500] {dagbag.py:545} INFO - Filling up the DagBag from /opt/airflow/dags/ocr_pipeline_dag.py
[2025-11-13T13:01:14.114-0500] {logging_mixin.py:188} INFO - 📂 Using project root: /opt/project
[2025-11-13T13:01:14.260-0500] {logging_mixin.py:188} INFO - [2025-11-13T13:01:14.260-0500] {credentials.py:1278} INFO - Found credentials in shared credentials file: ~/.aws/credentials
[2025-11-13T13:01:14.956-0500] {processor.py:840} INFO - DAG(s) 'ocr_pipeline_dag' retrieved from /opt/airflow/dags/ocr_pipeline_dag.py
[2025-11-13T13:01:14.992-0500] {logging_mixin.py:188} INFO - [2025-11-13T13:01:14.991-0500] {dag.py:3089} INFO - Sync 1 DAGs
[2025-11-13T13:01:15.004-0500] {logging_mixin.py:188} INFO - [2025-11-13T13:01:15.004-0500] {dag.py:3947} INFO - Setting next_dagrun for ocr_pipeline_dag to None, run_after=None
[2025-11-13T13:01:15.025-0500] {processor.py:183} INFO - Processing /opt/airflow/dags/ocr_pipeline_dag.py took 0.936 seconds
[2025-11-13T13:01:45.970-0500] {processor.py:161} INFO - Started process (PID=10526) to work on /opt/airflow/dags/ocr_pipeline_dag.py
[2025-11-13T13:01:45.972-0500] {processor.py:830} INFO - Processing file /opt/airflow/dags/ocr_pipeline_dag.py for tasks to queue
[2025-11-13T13:01:45.973-0500] {logging_mixin.py:188} INFO - [2025-11-13T13:01:45.973-0500] {dagbag.py:545} INFO - Filling up the DagBag from /opt/airflow/dags/ocr_pipeline_dag.py
[2025-11-13T13:01:45.992-0500] {logging_mixin.py:188} INFO - 📂 Using project root: /opt/project
[2025-11-13T13:01:46.150-0500] {logging_mixin.py:188} INFO - [2025-11-13T13:01:46.150-0500] {credentials.py:1278} INFO - Found credentials in shared credentials file: ~/.aws/credentials
[2025-11-13T13:01:46.746-0500] {processor.py:840} INFO - DAG(s) 'ocr_pipeline_dag' retrieved from /opt/airflow/dags/ocr_pipeline_dag.py
[2025-11-13T13:01:46.772-0500] {logging_mixin.py:188} INFO - [2025-11-13T13:01:46.771-0500] {dag.py:3089} INFO - Sync 1 DAGs
[2025-11-13T13:01:46.782-0500] {logging_mixin.py:188} INFO - [2025-11-13T13:01:46.782-0500] {dag.py:3947} INFO - Setting next_dagrun for ocr_pipeline_dag to None, run_after=None
[2025-11-13T13:01:46.801-0500] {processor.py:183} INFO - Processing /opt/airflow/dags/ocr_pipeline_dag.py took 0.840 seconds
[2025-11-13T13:02:17.263-0500] {processor.py:161} INFO - Started process (PID=10532) to work on /opt/airflow/dags/ocr_pipeline_dag.py
[2025-11-13T13:02:17.264-0500] {processor.py:830} INFO - Processing file /opt/airflow/dags/ocr_pipeline_dag.py for tasks to queue
[2025-11-13T13:02:17.266-0500] {logging_mixin.py:188} INFO - [2025-11-13T13:02:17.265-0500] {dagbag.py:545} INFO - Filling up the DagBag from /opt/airflow/dags/ocr_pipeline_dag.py
[2025-11-13T13:02:17.291-0500] {logging_mixin.py:188} INFO - 📂 Using project root: /opt/project
[2025-11-13T13:02:17.467-0500] {logging_mixin.py:188} INFO - [2025-11-13T13:02:17.466-0500] {credentials.py:1278} INFO - Found credentials in shared credentials file: ~/.aws/credentials
[2025-11-13T13:02:18.169-0500] {processor.py:840} INFO - DAG(s) 'ocr_pipeline_dag' retrieved from /opt/airflow/dags/ocr_pipeline_dag.py
[2025-11-13T13:02:18.195-0500] {logging_mixin.py:188} INFO - [2025-11-13T13:02:18.195-0500] {dag.py:3089} INFO - Sync 1 DAGs
[2025-11-13T13:02:18.207-0500] {logging_mixin.py:188} INFO - [2025-11-13T13:02:18.206-0500] {dag.py:3947} INFO - Setting next_dagrun for ocr_pipeline_dag to None, run_after=None
[2025-11-13T13:02:18.228-0500] {processor.py:183} INFO - Processing /opt/airflow/dags/ocr_pipeline_dag.py took 0.973 seconds
[2025-11-13T13:02:49.002-0500] {processor.py:161} INFO - Started process (PID=10538) to work on /opt/airflow/dags/ocr_pipeline_dag.py
[2025-11-13T13:02:49.004-0500] {processor.py:830} INFO - Processing file /opt/airflow/dags/ocr_pipeline_dag.py for tasks to queue
[2025-11-13T13:02:49.006-0500] {logging_mixin.py:188} INFO - [2025-11-13T13:02:49.005-0500] {dagbag.py:545} INFO - Filling up the DagBag from /opt/airflow/dags/ocr_pipeline_dag.py
[2025-11-13T13:02:49.031-0500] {logging_mixin.py:188} INFO - 📂 Using project root: /opt/project
[2025-11-13T13:02:49.238-0500] {logging_mixin.py:188} INFO - [2025-11-13T13:02:49.238-0500] {credentials.py:1278} INFO - Found credentials in shared credentials file: ~/.aws/credentials
[2025-11-13T13:02:49.988-0500] {processor.py:840} INFO - DAG(s) 'ocr_pipeline_dag' retrieved from /opt/airflow/dags/ocr_pipeline_dag.py
[2025-11-13T13:02:50.015-0500] {logging_mixin.py:188} INFO - [2025-11-13T13:02:50.014-0500] {dag.py:3089} INFO - Sync 1 DAGs
[2025-11-13T13:02:50.025-0500] {logging_mixin.py:188} INFO - [2025-11-13T13:02:50.025-0500] {dag.py:3947} INFO - Setting next_dagrun for ocr_pipeline_dag to None, run_after=None
[2025-11-13T13:02:50.054-0500] {processor.py:183} INFO - Processing /opt/airflow/dags/ocr_pipeline_dag.py took 1.063 seconds
[2025-11-13T13:03:20.492-0500] {processor.py:161} INFO - Started process (PID=10544) to work on /opt/airflow/dags/ocr_pipeline_dag.py
[2025-11-13T13:03:20.494-0500] {processor.py:830} INFO - Processing file /opt/airflow/dags/ocr_pipeline_dag.py for tasks to queue
[2025-11-13T13:03:20.495-0500] {logging_mixin.py:188} INFO - [2025-11-13T13:03:20.495-0500] {dagbag.py:545} INFO - Filling up the DagBag from /opt/airflow/dags/ocr_pipeline_dag.py
[2025-11-13T13:03:20.510-0500] {logging_mixin.py:188} INFO - 📂 Using project root: /opt/project
[2025-11-13T13:03:20.653-0500] {logging_mixin.py:188} INFO - [2025-11-13T13:03:20.652-0500] {credentials.py:1278} INFO - Found credentials in shared credentials file: ~/.aws/credentials
[2025-11-13T13:03:21.268-0500] {processor.py:840} INFO - DAG(s) 'ocr_pipeline_dag' retrieved from /opt/airflow/dags/ocr_pipeline_dag.py
[2025-11-13T13:03:21.292-0500] {logging_mixin.py:188} INFO - [2025-11-13T13:03:21.292-0500] {dag.py:3089} INFO - Sync 1 DAGs
[2025-11-13T13:03:21.303-0500] {logging_mixin.py:188} INFO - [2025-11-13T13:03:21.303-0500] {dag.py:3947} INFO - Setting next_dagrun for ocr_pipeline_dag to None, run_after=None
[2025-11-13T13:03:21.321-0500] {processor.py:183} INFO - Processing /opt/airflow/dags/ocr_pipeline_dag.py took 0.835 seconds
[2025-11-13T13:03:52.116-0500] {processor.py:161} INFO - Started process (PID=10550) to work on /opt/airflow/dags/ocr_pipeline_dag.py
[2025-11-13T13:03:52.118-0500] {processor.py:830} INFO - Processing file /opt/airflow/dags/ocr_pipeline_dag.py for tasks to queue
[2025-11-13T13:03:52.120-0500] {logging_mixin.py:188} INFO - [2025-11-13T13:03:52.119-0500] {dagbag.py:545} INFO - Filling up the DagBag from /opt/airflow/dags/ocr_pipeline_dag.py
[2025-11-13T13:03:52.141-0500] {logging_mixin.py:188} INFO - 📂 Using project root: /opt/project
[2025-11-13T13:03:52.364-0500] {logging_mixin.py:188} INFO - [2025-11-13T13:03:52.364-0500] {credentials.py:1278} INFO - Found credentials in shared credentials file: ~/.aws/credentials
[2025-11-13T13:03:53.202-0500] {processor.py:840} INFO - DAG(s) 'ocr_pipeline_dag' retrieved from /opt/airflow/dags/ocr_pipeline_dag.py
[2025-11-13T13:03:53.244-0500] {logging_mixin.py:188} INFO - [2025-11-13T13:03:53.244-0500] {dag.py:3089} INFO - Sync 1 DAGs
[2025-11-13T13:03:53.259-0500] {logging_mixin.py:188} INFO - [2025-11-13T13:03:53.259-0500] {dag.py:3947} INFO - Setting next_dagrun for ocr_pipeline_dag to None, run_after=None
[2025-11-13T13:03:53.284-0500] {processor.py:183} INFO - Processing /opt/airflow/dags/ocr_pipeline_dag.py took 1.178 seconds
[2025-11-13T13:04:24.150-0500] {processor.py:161} INFO - Started process (PID=10556) to work on /opt/airflow/dags/ocr_pipeline_dag.py
[2025-11-13T13:04:24.151-0500] {processor.py:830} INFO - Processing file /opt/airflow/dags/ocr_pipeline_dag.py for tasks to queue
[2025-11-13T13:04:24.152-0500] {logging_mixin.py:188} INFO - [2025-11-13T13:04:24.152-0500] {dagbag.py:545} INFO - Filling up the DagBag from /opt/airflow/dags/ocr_pipeline_dag.py
[2025-11-13T13:04:24.168-0500] {logging_mixin.py:188} INFO - 📂 Using project root: /opt/project
[2025-11-13T13:04:24.313-0500] {logging_mixin.py:188} INFO - [2025-11-13T13:04:24.313-0500] {credentials.py:1278} INFO - Found credentials in shared credentials file: ~/.aws/credentials
[2025-11-13T13:04:24.911-0500] {processor.py:840} INFO - DAG(s) 'ocr_pipeline_dag' retrieved from /opt/airflow/dags/ocr_pipeline_dag.py
[2025-11-13T13:04:24.938-0500] {logging_mixin.py:188} INFO - [2025-11-13T13:04:24.938-0500] {dag.py:3089} INFO - Sync 1 DAGs
[2025-11-13T13:04:24.948-0500] {logging_mixin.py:188} INFO - [2025-11-13T13:04:24.948-0500] {dag.py:3947} INFO - Setting next_dagrun for ocr_pipeline_dag to None, run_after=None
[2025-11-13T13:04:24.966-0500] {processor.py:183} INFO - Processing /opt/airflow/dags/ocr_pipeline_dag.py took 0.822 seconds
[2025-11-13T13:04:55.452-0500] {processor.py:161} INFO - Started process (PID=10562) to work on /opt/airflow/dags/ocr_pipeline_dag.py
[2025-11-13T13:04:55.454-0500] {processor.py:830} INFO - Processing file /opt/airflow/dags/ocr_pipeline_dag.py for tasks to queue
[2025-11-13T13:04:55.455-0500] {logging_mixin.py:188} INFO - [2025-11-13T13:04:55.455-0500] {dagbag.py:545} INFO - Filling up the DagBag from /opt/airflow/dags/ocr_pipeline_dag.py
[2025-11-13T13:04:55.474-0500] {logging_mixin.py:188} INFO - 📂 Using project root: /opt/project
[2025-11-13T13:04:55.666-0500] {logging_mixin.py:188} INFO - [2025-11-13T13:04:55.666-0500] {credentials.py:1278} INFO - Found credentials in shared credentials file: ~/.aws/credentials
[2025-11-13T13:04:56.379-0500] {processor.py:840} INFO - DAG(s) 'ocr_pipeline_dag' retrieved from /opt/airflow/dags/ocr_pipeline_dag.py
[2025-11-13T13:04:56.407-0500] {logging_mixin.py:188} INFO - [2025-11-13T13:04:56.406-0500] {dag.py:3089} INFO - Sync 1 DAGs
[2025-11-13T13:04:56.419-0500] {logging_mixin.py:188} INFO - [2025-11-13T13:04:56.418-0500] {dag.py:3947} INFO - Setting next_dagrun for ocr_pipeline_dag to None, run_after=None
[2025-11-13T13:04:56.449-0500] {processor.py:183} INFO - Processing /opt/airflow/dags/ocr_pipeline_dag.py took 1.006 seconds
[2025-11-13T13:05:26.847-0500] {processor.py:161} INFO - Started process (PID=10568) to work on /opt/airflow/dags/ocr_pipeline_dag.py
[2025-11-13T13:05:26.856-0500] {processor.py:830} INFO - Processing file /opt/airflow/dags/ocr_pipeline_dag.py for tasks to queue
[2025-11-13T13:05:26.859-0500] {logging_mixin.py:188} INFO - [2025-11-13T13:05:26.858-0500] {dagbag.py:545} INFO - Filling up the DagBag from /opt/airflow/dags/ocr_pipeline_dag.py
[2025-11-13T13:05:26.883-0500] {logging_mixin.py:188} INFO - 📂 Using project root: /opt/project
[2025-11-13T13:05:28.618-0500] {logging_mixin.py:188} INFO - [2025-11-13T13:05:28.617-0500] {credentials.py:1278} INFO - Found credentials in shared credentials file: ~/.aws/credentials
[2025-11-13T13:05:29.656-0500] {processor.py:840} INFO - DAG(s) 'ocr_pipeline_dag' retrieved from /opt/airflow/dags/ocr_pipeline_dag.py
[2025-11-13T13:05:29.692-0500] {logging_mixin.py:188} INFO - [2025-11-13T13:05:29.692-0500] {dag.py:3089} INFO - Sync 1 DAGs
[2025-11-13T13:05:29.707-0500] {logging_mixin.py:188} INFO - [2025-11-13T13:05:29.706-0500] {dag.py:3947} INFO - Setting next_dagrun for ocr_pipeline_dag to None, run_after=None
[2025-11-13T13:05:29.730-0500] {processor.py:183} INFO - Processing /opt/airflow/dags/ocr_pipeline_dag.py took 1.602 seconds
[2025-11-13T13:06:00.123-0500] {processor.py:161} INFO - Started process (PID=10574) to work on /opt/airflow/dags/ocr_pipeline_dag.py
[2025-11-13T13:06:00.124-0500] {processor.py:830} INFO - Processing file /opt/airflow/dags/ocr_pipeline_dag.py for tasks to queue
[2025-11-13T13:06:00.125-0500] {logging_mixin.py:188} INFO - [2025-11-13T13:06:00.125-0500] {dagbag.py:545} INFO - Filling up the DagBag from /opt/airflow/dags/ocr_pipeline_dag.py
[2025-11-13T13:06:00.143-0500] {logging_mixin.py:188} INFO - 📂 Using project root: /opt/project
[2025-11-13T13:06:00.288-0500] {logging_mixin.py:188} INFO - [2025-11-13T13:06:00.287-0500] {credentials.py:1278} INFO - Found credentials in shared credentials file: ~/.aws/credentials
[2025-11-13T13:06:02.186-0500] {processor.py:840} INFO - DAG(s) 'ocr_pipeline_dag' retrieved from /opt/airflow/dags/ocr_pipeline_dag.py
[2025-11-13T13:06:02.211-0500] {logging_mixin.py:188} INFO - [2025-11-13T13:06:02.211-0500] {dag.py:3089} INFO - Sync 1 DAGs
[2025-11-13T13:06:02.224-0500] {logging_mixin.py:188} INFO - [2025-11-13T13:06:02.224-0500] {dag.py:3947} INFO - Setting next_dagrun for ocr_pipeline_dag to None, run_after=None
[2025-11-13T13:06:02.248-0500] {processor.py:183} INFO - Processing /opt/airflow/dags/ocr_pipeline_dag.py took 0.858 seconds
[2025-11-13T13:06:32.660-0500] {processor.py:161} INFO - Started process (PID=10580) to work on /opt/airflow/dags/ocr_pipeline_dag.py
[2025-11-13T13:06:32.662-0500] {processor.py:830} INFO - Processing file /opt/airflow/dags/ocr_pipeline_dag.py for tasks to queue
[2025-11-13T13:06:32.663-0500] {logging_mixin.py:188} INFO - [2025-11-13T13:06:32.662-0500] {dagbag.py:545} INFO - Filling up the DagBag from /opt/airflow/dags/ocr_pipeline_dag.py
[2025-11-13T13:06:32.679-0500] {logging_mixin.py:188} INFO - 📂 Using project root: /opt/project
[2025-11-13T13:06:32.832-0500] {logging_mixin.py:188} INFO - [2025-11-13T13:06:32.832-0500] {credentials.py:1278} INFO - Found credentials in shared credentials file: ~/.aws/credentials
[2025-11-13T13:06:33.561-0500] {processor.py:840} INFO - DAG(s) 'ocr_pipeline_dag' retrieved from /opt/airflow/dags/ocr_pipeline_dag.py
[2025-11-13T13:06:33.589-0500] {logging_mixin.py:188} INFO - [2025-11-13T13:06:33.588-0500] {dag.py:3089} INFO - Sync 1 DAGs
[2025-11-13T13:06:33.604-0500] {logging_mixin.py:188} INFO - [2025-11-13T13:06:33.604-0500] {dag.py:3947} INFO - Setting next_dagrun for ocr_pipeline_dag to None, run_after=None
[2025-11-13T13:06:33.627-0500] {processor.py:183} INFO - Processing /opt/airflow/dags/ocr_pipeline_dag.py took 0.974 seconds
[2025-11-13T13:07:04.155-0500] {processor.py:161} INFO - Started process (PID=10586) to work on /opt/airflow/dags/ocr_pipeline_dag.py
[2025-11-13T13:07:04.157-0500] {processor.py:830} INFO - Processing file /opt/airflow/dags/ocr_pipeline_dag.py for tasks to queue
[2025-11-13T13:07:04.159-0500] {logging_mixin.py:188} INFO - [2025-11-13T13:07:04.158-0500] {dagbag.py:545} INFO - Filling up the DagBag from /opt/airflow/dags/ocr_pipeline_dag.py
[2025-11-13T13:07:04.185-0500] {logging_mixin.py:188} INFO - 📂 Using project root: /opt/project
[2025-11-13T13:07:04.371-0500] {logging_mixin.py:188} INFO - [2025-11-13T13:07:04.371-0500] {credentials.py:1278} INFO - Found credentials in shared credentials file: ~/.aws/credentials
[2025-11-13T13:07:05.142-0500] {processor.py:840} INFO - DAG(s) 'ocr_pipeline_dag' retrieved from /opt/airflow/dags/ocr_pipeline_dag.py
[2025-11-13T13:07:05.183-0500] {logging_mixin.py:188} INFO - [2025-11-13T13:07:05.182-0500] {dag.py:3089} INFO - Sync 1 DAGs
[2025-11-13T13:07:05.199-0500] {logging_mixin.py:188} INFO - [2025-11-13T13:07:05.199-0500] {dag.py:3947} INFO - Setting next_dagrun for ocr_pipeline_dag to None, run_after=None
[2025-11-13T13:07:05.224-0500] {processor.py:183} INFO - Processing /opt/airflow/dags/ocr_pipeline_dag.py took 1.079 seconds
[2025-11-13T13:07:35.845-0500] {processor.py:161} INFO - Started process (PID=10592) to work on /opt/airflow/dags/ocr_pipeline_dag.py
[2025-11-13T13:07:35.847-0500] {processor.py:830} INFO - Processing file /opt/airflow/dags/ocr_pipeline_dag.py for tasks to queue
[2025-11-13T13:07:35.849-0500] {logging_mixin.py:188} INFO - [2025-11-13T13:07:35.848-0500] {dagbag.py:545} INFO - Filling up the DagBag from /opt/airflow/dags/ocr_pipeline_dag.py
[2025-11-13T13:07:35.872-0500] {logging_mixin.py:188} INFO - 📂 Using project root: /opt/project
[2025-11-13T13:07:36.016-0500] {logging_mixin.py:188} INFO - [2025-11-13T13:07:36.016-0500] {credentials.py:1278} INFO - Found credentials in shared credentials file: ~/.aws/credentials
[2025-11-13T13:07:36.689-0500] {processor.py:840} INFO - DAG(s) 'ocr_pipeline_dag' retrieved from /opt/airflow/dags/ocr_pipeline_dag.py
[2025-11-13T13:07:36.723-0500] {logging_mixin.py:188} INFO - [2025-11-13T13:07:36.723-0500] {dag.py:3089} INFO - Sync 1 DAGs
[2025-11-13T13:07:36.734-0500] {logging_mixin.py:188} INFO - [2025-11-13T13:07:36.734-0500] {dag.py:3947} INFO - Setting next_dagrun for ocr_pipeline_dag to None, run_after=None
[2025-11-13T13:07:36.753-0500] {processor.py:183} INFO - Processing /opt/airflow/dags/ocr_pipeline_dag.py took 0.917 seconds
[2025-11-13T13:08:07.797-0500] {processor.py:161} INFO - Started process (PID=10598) to work on /opt/airflow/dags/ocr_pipeline_dag.py
[2025-11-13T13:08:07.798-0500] {processor.py:830} INFO - Processing file /opt/airflow/dags/ocr_pipeline_dag.py for tasks to queue
[2025-11-13T13:08:07.801-0500] {logging_mixin.py:188} INFO - [2025-11-13T13:08:07.800-0500] {dagbag.py:545} INFO - Filling up the DagBag from /opt/airflow/dags/ocr_pipeline_dag.py
[2025-11-13T13:08:07.828-0500] {logging_mixin.py:188} INFO - 📂 Using project root: /opt/project
[2025-11-13T13:08:08.056-0500] {logging_mixin.py:188} INFO - [2025-11-13T13:08:08.056-0500] {credentials.py:1278} INFO - Found credentials in shared credentials file: ~/.aws/credentials
[2025-11-13T13:08:08.716-0500] {processor.py:840} INFO - DAG(s) 'ocr_pipeline_dag' retrieved from /opt/airflow/dags/ocr_pipeline_dag.py
[2025-11-13T13:08:08.743-0500] {logging_mixin.py:188} INFO - [2025-11-13T13:08:08.743-0500] {dag.py:3089} INFO - Sync 1 DAGs
[2025-11-13T13:08:08.755-0500] {logging_mixin.py:188} INFO - [2025-11-13T13:08:08.755-0500] {dag.py:3947} INFO - Setting next_dagrun for ocr_pipeline_dag to None, run_after=None
[2025-11-13T13:08:08.788-0500] {processor.py:183} INFO - Processing /opt/airflow/dags/ocr_pipeline_dag.py took 1.011 seconds
[2025-11-13T13:08:39.174-0500] {processor.py:161} INFO - Started process (PID=10604) to work on /opt/airflow/dags/ocr_pipeline_dag.py
[2025-11-13T13:08:39.176-0500] {processor.py:830} INFO - Processing file /opt/airflow/dags/ocr_pipeline_dag.py for tasks to queue
[2025-11-13T13:08:39.177-0500] {logging_mixin.py:188} INFO - [2025-11-13T13:08:39.177-0500] {dagbag.py:545} INFO - Filling up the DagBag from /opt/airflow/dags/ocr_pipeline_dag.py
[2025-11-13T13:08:39.200-0500] {logging_mixin.py:188} INFO - 📂 Using project root: /opt/project
[2025-11-13T13:08:39.360-0500] {logging_mixin.py:188} INFO - [2025-11-13T13:08:39.360-0500] {credentials.py:1278} INFO - Found credentials in shared credentials file: ~/.aws/credentials
[2025-11-13T13:08:40.018-0500] {processor.py:840} INFO - DAG(s) 'ocr_pipeline_dag' retrieved from /opt/airflow/dags/ocr_pipeline_dag.py
[2025-11-13T13:08:40.044-0500] {logging_mixin.py:188} INFO - [2025-11-13T13:08:40.043-0500] {dag.py:3089} INFO - Sync 1 DAGs
[2025-11-13T13:08:40.055-0500] {logging_mixin.py:188} INFO - [2025-11-13T13:08:40.054-0500] {dag.py:3947} INFO - Setting next_dagrun for ocr_pipeline_dag to None, run_after=None
[2025-11-13T13:08:40.074-0500] {processor.py:183} INFO - Processing /opt/airflow/dags/ocr_pipeline_dag.py took 0.908 seconds
[2025-11-13T13:09:11.124-0500] {processor.py:161} INFO - Started process (PID=10610) to work on /opt/airflow/dags/ocr_pipeline_dag.py
[2025-11-13T13:09:11.125-0500] {processor.py:830} INFO - Processing file /opt/airflow/dags/ocr_pipeline_dag.py for tasks to queue
[2025-11-13T13:09:11.126-0500] {logging_mixin.py:188} INFO - [2025-11-13T13:09:11.126-0500] {dagbag.py:545} INFO - Filling up the DagBag from /opt/airflow/dags/ocr_pipeline_dag.py
[2025-11-13T13:09:11.144-0500] {logging_mixin.py:188} INFO - 📂 Using project root: /opt/project
[2025-11-13T13:09:11.295-0500] {logging_mixin.py:188} INFO - [2025-11-13T13:09:11.295-0500] {credentials.py:1278} INFO - Found credentials in shared credentials file: ~/.aws/credentials
[2025-11-13T13:09:11.979-0500] {processor.py:840} INFO - DAG(s) 'ocr_pipeline_dag' retrieved from /opt/airflow/dags/ocr_pipeline_dag.py
[2025-11-13T13:09:12.005-0500] {logging_mixin.py:188} INFO - [2025-11-13T13:09:12.004-0500] {dag.py:3089} INFO - Sync 1 DAGs
[2025-11-13T13:09:12.017-0500] {logging_mixin.py:188} INFO - [2025-11-13T13:09:12.017-0500] {dag.py:3947} INFO - Setting next_dagrun for ocr_pipeline_dag to None, run_after=None
[2025-11-13T13:09:12.044-0500] {processor.py:183} INFO - Processing /opt/airflow/dags/ocr_pipeline_dag.py took 0.929 seconds
[2025-11-13T13:09:43.120-0500] {processor.py:161} INFO - Started process (PID=10616) to work on /opt/airflow/dags/ocr_pipeline_dag.py
[2025-11-13T13:09:43.122-0500] {processor.py:830} INFO - Processing file /opt/airflow/dags/ocr_pipeline_dag.py for tasks to queue
[2025-11-13T13:09:43.124-0500] {logging_mixin.py:188} INFO - [2025-11-13T13:09:43.124-0500] {dagbag.py:545} INFO - Filling up the DagBag from /opt/airflow/dags/ocr_pipeline_dag.py
[2025-11-13T13:09:43.147-0500] {logging_mixin.py:188} INFO - 📂 Using project root: /opt/project
[2025-11-13T13:09:43.357-0500] {logging_mixin.py:188} INFO - [2025-11-13T13:09:43.356-0500] {credentials.py:1278} INFO - Found credentials in shared credentials file: ~/.aws/credentials
[2025-11-13T13:09:44.174-0500] {processor.py:840} INFO - DAG(s) 'ocr_pipeline_dag' retrieved from /opt/airflow/dags/ocr_pipeline_dag.py
[2025-11-13T13:09:44.202-0500] {logging_mixin.py:188} INFO - [2025-11-13T13:09:44.201-0500] {dag.py:3089} INFO - Sync 1 DAGs
[2025-11-13T13:09:44.215-0500] {logging_mixin.py:188} INFO - [2025-11-13T13:09:44.215-0500] {dag.py:3947} INFO - Setting next_dagrun for ocr_pipeline_dag to None, run_after=None
[2025-11-13T13:09:44.237-0500] {processor.py:183} INFO - Processing /opt/airflow/dags/ocr_pipeline_dag.py took 1.128 seconds
[2025-11-13T13:10:14.963-0500] {processor.py:161} INFO - Started process (PID=10622) to work on /opt/airflow/dags/ocr_pipeline_dag.py
[2025-11-13T13:10:14.965-0500] {processor.py:830} INFO - Processing file /opt/airflow/dags/ocr_pipeline_dag.py for tasks to queue
[2025-11-13T13:10:14.966-0500] {logging_mixin.py:188} INFO - [2025-11-13T13:10:14.966-0500] {dagbag.py:545} INFO - Filling up the DagBag from /opt/airflow/dags/ocr_pipeline_dag.py
[2025-11-13T13:10:14.989-0500] {logging_mixin.py:188} INFO - 📂 Using project root: /opt/project
[2025-11-13T13:10:15.236-0500] {logging_mixin.py:188} INFO - [2025-11-13T13:10:15.235-0500] {credentials.py:1278} INFO - Found credentials in shared credentials file: ~/.aws/credentials
[2025-11-13T13:10:16.232-0500] {processor.py:840} INFO - DAG(s) 'ocr_pipeline_dag' retrieved from /opt/airflow/dags/ocr_pipeline_dag.py
[2025-11-13T13:10:16.280-0500] {logging_mixin.py:188} INFO - [2025-11-13T13:10:16.280-0500] {dag.py:3089} INFO - Sync 1 DAGs
[2025-11-13T13:10:16.301-0500] {logging_mixin.py:188} INFO - [2025-11-13T13:10:16.301-0500] {dag.py:3947} INFO - Setting next_dagrun for ocr_pipeline_dag to None, run_after=None
[2025-11-13T13:10:16.336-0500] {processor.py:183} INFO - Processing /opt/airflow/dags/ocr_pipeline_dag.py took 1.381 seconds
[2025-11-13T13:10:46.494-0500] {processor.py:161} INFO - Started process (PID=10628) to work on /opt/airflow/dags/ocr_pipeline_dag.py
[2025-11-13T13:10:46.496-0500] {processor.py:830} INFO - Processing file /opt/airflow/dags/ocr_pipeline_dag.py for tasks to queue
[2025-11-13T13:10:46.497-0500] {logging_mixin.py:188} INFO - [2025-11-13T13:10:46.496-0500] {dagbag.py:545} INFO - Filling up the DagBag from /opt/airflow/dags/ocr_pipeline_dag.py
[2025-11-13T13:10:46.513-0500] {logging_mixin.py:188} INFO - 📂 Using project root: /opt/project
[2025-11-13T13:10:46.674-0500] {logging_mixin.py:188} INFO - [2025-11-13T13:10:46.673-0500] {credentials.py:1278} INFO - Found credentials in shared credentials file: ~/.aws/credentials
[2025-11-13T13:10:47.414-0500] {processor.py:840} INFO - DAG(s) 'ocr_pipeline_dag' retrieved from /opt/airflow/dags/ocr_pipeline_dag.py
[2025-11-13T13:10:47.445-0500] {logging_mixin.py:188} INFO - [2025-11-13T13:10:47.445-0500] {dag.py:3089} INFO - Sync 1 DAGs
[2025-11-13T13:10:47.458-0500] {logging_mixin.py:188} INFO - [2025-11-13T13:10:47.458-0500] {dag.py:3947} INFO - Setting next_dagrun for ocr_pipeline_dag to None, run_after=None
[2025-11-13T13:10:47.488-0500] {processor.py:183} INFO - Processing /opt/airflow/dags/ocr_pipeline_dag.py took 1.001 seconds
[2025-11-13T13:11:17.804-0500] {processor.py:161} INFO - Started process (PID=10634) to work on /opt/airflow/dags/ocr_pipeline_dag.py
[2025-11-13T13:11:17.805-0500] {processor.py:830} INFO - Processing file /opt/airflow/dags/ocr_pipeline_dag.py for tasks to queue
[2025-11-13T13:11:17.807-0500] {logging_mixin.py:188} INFO - [2025-11-13T13:11:17.806-0500] {dagbag.py:545} INFO - Filling up the DagBag from /opt/airflow/dags/ocr_pipeline_dag.py
[2025-11-13T13:11:17.822-0500] {logging_mixin.py:188} INFO - 📂 Using project root: /opt/project
[2025-11-13T13:11:17.964-0500] {logging_mixin.py:188} INFO - [2025-11-13T13:11:17.963-0500] {credentials.py:1278} INFO - Found credentials in shared credentials file: ~/.aws/credentials
[2025-11-13T13:11:18.602-0500] {processor.py:840} INFO - DAG(s) 'ocr_pipeline_dag' retrieved from /opt/airflow/dags/ocr_pipeline_dag.py
[2025-11-13T13:11:18.636-0500] {logging_mixin.py:188} INFO - [2025-11-13T13:11:18.636-0500] {dag.py:3089} INFO - Sync 1 DAGs
[2025-11-13T13:11:18.648-0500] {logging_mixin.py:188} INFO - [2025-11-13T13:11:18.647-0500] {dag.py:3947} INFO - Setting next_dagrun for ocr_pipeline_dag to None, run_after=None
[2025-11-13T13:11:18.667-0500] {processor.py:183} INFO - Processing /opt/airflow/dags/ocr_pipeline_dag.py took 0.870 seconds
[2025-11-13T13:11:49.705-0500] {processor.py:161} INFO - Started process (PID=10640) to work on /opt/airflow/dags/ocr_pipeline_dag.py
[2025-11-13T13:11:49.711-0500] {processor.py:830} INFO - Processing file /opt/airflow/dags/ocr_pipeline_dag.py for tasks to queue
[2025-11-13T13:11:49.716-0500] {logging_mixin.py:188} INFO - [2025-11-13T13:11:49.714-0500] {dagbag.py:545} INFO - Filling up the DagBag from /opt/airflow/dags/ocr_pipeline_dag.py
[2025-11-13T13:11:49.788-0500] {logging_mixin.py:188} INFO - 📂 Using project root: /opt/project
[2025-11-13T13:11:50.300-0500] {logging_mixin.py:188} INFO - [2025-11-13T13:11:50.299-0500] {credentials.py:1278} INFO - Found credentials in shared credentials file: ~/.aws/credentials
[2025-11-13T13:11:51.788-0500] {processor.py:840} INFO - DAG(s) 'ocr_pipeline_dag' retrieved from /opt/airflow/dags/ocr_pipeline_dag.py
[2025-11-13T13:11:51.871-0500] {logging_mixin.py:188} INFO - [2025-11-13T13:11:51.870-0500] {dag.py:3089} INFO - Sync 1 DAGs
[2025-11-13T13:11:51.900-0500] {logging_mixin.py:188} INFO - [2025-11-13T13:11:51.900-0500] {dag.py:3947} INFO - Setting next_dagrun for ocr_pipeline_dag to None, run_after=None
[2025-11-13T13:11:52.020-0500] {processor.py:183} INFO - Processing /opt/airflow/dags/ocr_pipeline_dag.py took 2.349 seconds
[2025-11-13T13:12:22.321-0500] {processor.py:161} INFO - Started process (PID=10646) to work on /opt/airflow/dags/ocr_pipeline_dag.py
[2025-11-13T13:12:22.322-0500] {processor.py:830} INFO - Processing file /opt/airflow/dags/ocr_pipeline_dag.py for tasks to queue
[2025-11-13T13:12:22.324-0500] {logging_mixin.py:188} INFO - [2025-11-13T13:12:22.323-0500] {dagbag.py:545} INFO - Filling up the DagBag from /opt/airflow/dags/ocr_pipeline_dag.py
[2025-11-13T13:12:22.346-0500] {logging_mixin.py:188} INFO - 📂 Using project root: /opt/project
[2025-11-13T13:12:22.536-0500] {logging_mixin.py:188} INFO - [2025-11-13T13:12:22.535-0500] {credentials.py:1278} INFO - Found credentials in shared credentials file: ~/.aws/credentials
[2025-11-13T13:12:23.249-0500] {processor.py:840} INFO - DAG(s) 'ocr_pipeline_dag' retrieved from /opt/airflow/dags/ocr_pipeline_dag.py
[2025-11-13T13:12:23.281-0500] {logging_mixin.py:188} INFO - [2025-11-13T13:12:23.280-0500] {dag.py:3089} INFO - Sync 1 DAGs
[2025-11-13T13:12:23.295-0500] {logging_mixin.py:188} INFO - [2025-11-13T13:12:23.295-0500] {dag.py:3947} INFO - Setting next_dagrun for ocr_pipeline_dag to None, run_after=None
[2025-11-13T13:12:23.317-0500] {processor.py:183} INFO - Processing /opt/airflow/dags/ocr_pipeline_dag.py took 1.004 seconds
[2025-11-13T13:12:54.161-0500] {processor.py:161} INFO - Started process (PID=10652) to work on /opt/airflow/dags/ocr_pipeline_dag.py
[2025-11-13T13:12:54.163-0500] {processor.py:830} INFO - Processing file /opt/airflow/dags/ocr_pipeline_dag.py for tasks to queue
[2025-11-13T13:12:54.164-0500] {logging_mixin.py:188} INFO - [2025-11-13T13:12:54.164-0500] {dagbag.py:545} INFO - Filling up the DagBag from /opt/airflow/dags/ocr_pipeline_dag.py
[2025-11-13T13:12:54.187-0500] {logging_mixin.py:188} INFO - 📂 Using project root: /opt/project
[2025-11-13T13:12:54.339-0500] {logging_mixin.py:188} INFO - [2025-11-13T13:12:54.339-0500] {credentials.py:1278} INFO - Found credentials in shared credentials file: ~/.aws/credentials
[2025-11-13T13:12:54.971-0500] {processor.py:840} INFO - DAG(s) 'ocr_pipeline_dag' retrieved from /opt/airflow/dags/ocr_pipeline_dag.py
[2025-11-13T13:12:54.998-0500] {logging_mixin.py:188} INFO - [2025-11-13T13:12:54.998-0500] {dag.py:3089} INFO - Sync 1 DAGs
[2025-11-13T13:12:55.010-0500] {logging_mixin.py:188} INFO - [2025-11-13T13:12:55.010-0500] {dag.py:3947} INFO - Setting next_dagrun for ocr_pipeline_dag to None, run_after=None
[2025-11-13T13:12:55.031-0500] {processor.py:183} INFO - Processing /opt/airflow/dags/ocr_pipeline_dag.py took 0.877 seconds
[2025-11-13T13:13:26.043-0500] {processor.py:161} INFO - Started process (PID=10658) to work on /opt/airflow/dags/ocr_pipeline_dag.py
[2025-11-13T13:13:26.044-0500] {processor.py:830} INFO - Processing file /opt/airflow/dags/ocr_pipeline_dag.py for tasks to queue
[2025-11-13T13:13:26.046-0500] {logging_mixin.py:188} INFO - [2025-11-13T13:13:26.045-0500] {dagbag.py:545} INFO - Filling up the DagBag from /opt/airflow/dags/ocr_pipeline_dag.py
[2025-11-13T13:13:26.063-0500] {logging_mixin.py:188} INFO - 📂 Using project root: /opt/project
[2025-11-13T13:13:26.215-0500] {logging_mixin.py:188} INFO - [2025-11-13T13:13:26.215-0500] {credentials.py:1278} INFO - Found credentials in shared credentials file: ~/.aws/credentials
[2025-11-13T13:13:26.888-0500] {processor.py:840} INFO - DAG(s) 'ocr_pipeline_dag' retrieved from /opt/airflow/dags/ocr_pipeline_dag.py
[2025-11-13T13:13:26.923-0500] {logging_mixin.py:188} INFO - [2025-11-13T13:13:26.922-0500] {dag.py:3089} INFO - Sync 1 DAGs
[2025-11-13T13:13:26.933-0500] {logging_mixin.py:188} INFO - [2025-11-13T13:13:26.933-0500] {dag.py:3947} INFO - Setting next_dagrun for ocr_pipeline_dag to None, run_after=None
[2025-11-13T13:13:26.954-0500] {processor.py:183} INFO - Processing /opt/airflow/dags/ocr_pipeline_dag.py took 0.917 seconds
[2025-11-13T13:13:58.060-0500] {processor.py:161} INFO - Started process (PID=10664) to work on /opt/airflow/dags/ocr_pipeline_dag.py
[2025-11-13T13:13:58.061-0500] {processor.py:830} INFO - Processing file /opt/airflow/dags/ocr_pipeline_dag.py for tasks to queue
[2025-11-13T13:13:58.063-0500] {logging_mixin.py:188} INFO - [2025-11-13T13:13:58.062-0500] {dagbag.py:545} INFO - Filling up the DagBag from /opt/airflow/dags/ocr_pipeline_dag.py
[2025-11-13T13:13:58.080-0500] {logging_mixin.py:188} INFO - 📂 Using project root: /opt/project
[2025-11-13T13:13:58.219-0500] {logging_mixin.py:188} INFO - [2025-11-13T13:13:58.218-0500] {credentials.py:1278} INFO - Found credentials in shared credentials file: ~/.aws/credentials
[2025-11-13T13:13:58.815-0500] {processor.py:840} INFO - DAG(s) 'ocr_pipeline_dag' retrieved from /opt/airflow/dags/ocr_pipeline_dag.py
[2025-11-13T13:13:58.845-0500] {logging_mixin.py:188} INFO - [2025-11-13T13:13:58.844-0500] {dag.py:3089} INFO - Sync 1 DAGs
[2025-11-13T13:13:58.857-0500] {logging_mixin.py:188} INFO - [2025-11-13T13:13:58.857-0500] {dag.py:3947} INFO - Setting next_dagrun for ocr_pipeline_dag to None, run_after=None
[2025-11-13T13:13:58.882-0500] {processor.py:183} INFO - Processing /opt/airflow/dags/ocr_pipeline_dag.py took 0.827 seconds
[2025-11-13T13:14:29.006-0500] {processor.py:161} INFO - Started process (PID=10670) to work on /opt/airflow/dags/ocr_pipeline_dag.py
[2025-11-13T13:14:29.008-0500] {processor.py:830} INFO - Processing file /opt/airflow/dags/ocr_pipeline_dag.py for tasks to queue
[2025-11-13T13:14:29.009-0500] {logging_mixin.py:188} INFO - [2025-11-13T13:14:29.009-0500] {dagbag.py:545} INFO - Filling up the DagBag from /opt/airflow/dags/ocr_pipeline_dag.py
[2025-11-13T13:14:29.023-0500] {logging_mixin.py:188} INFO - 📂 Using project root: /opt/project
[2025-11-13T13:14:29.160-0500] {logging_mixin.py:188} INFO - [2025-11-13T13:14:29.160-0500] {credentials.py:1278} INFO - Found credentials in shared credentials file: ~/.aws/credentials
[2025-11-13T13:14:29.784-0500] {processor.py:840} INFO - DAG(s) 'ocr_pipeline_dag' retrieved from /opt/airflow/dags/ocr_pipeline_dag.py
[2025-11-13T13:14:29.814-0500] {logging_mixin.py:188} INFO - [2025-11-13T13:14:29.814-0500] {dag.py:3089} INFO - Sync 1 DAGs
[2025-11-13T13:14:29.825-0500] {logging_mixin.py:188} INFO - [2025-11-13T13:14:29.825-0500] {dag.py:3947} INFO - Setting next_dagrun for ocr_pipeline_dag to None, run_after=None
[2025-11-13T13:14:29.845-0500] {processor.py:183} INFO - Processing /opt/airflow/dags/ocr_pipeline_dag.py took 0.845 seconds
[2025-11-13T13:15:00.720-0500] {processor.py:161} INFO - Started process (PID=10676) to work on /opt/airflow/dags/ocr_pipeline_dag.py
[2025-11-13T13:15:00.722-0500] {processor.py:830} INFO - Processing file /opt/airflow/dags/ocr_pipeline_dag.py for tasks to queue
[2025-11-13T13:15:00.723-0500] {logging_mixin.py:188} INFO - [2025-11-13T13:15:00.722-0500] {dagbag.py:545} INFO - Filling up the DagBag from /opt/airflow/dags/ocr_pipeline_dag.py
[2025-11-13T13:15:00.739-0500] {logging_mixin.py:188} INFO - 📂 Using project root: /opt/project
[2025-11-13T13:15:00.885-0500] {logging_mixin.py:188} INFO - [2025-11-13T13:15:00.884-0500] {credentials.py:1278} INFO - Found credentials in shared credentials file: ~/.aws/credentials
[2025-11-13T13:15:01.534-0500] {processor.py:840} INFO - DAG(s) 'ocr_pipeline_dag' retrieved from /opt/airflow/dags/ocr_pipeline_dag.py
[2025-11-13T13:15:01.567-0500] {logging_mixin.py:188} INFO - [2025-11-13T13:15:01.567-0500] {dag.py:3089} INFO - Sync 1 DAGs
[2025-11-13T13:15:01.579-0500] {logging_mixin.py:188} INFO - [2025-11-13T13:15:01.578-0500] {dag.py:3947} INFO - Setting next_dagrun for ocr_pipeline_dag to None, run_after=None
[2025-11-13T13:15:01.597-0500] {processor.py:183} INFO - Processing /opt/airflow/dags/ocr_pipeline_dag.py took 0.891 seconds
[2025-11-13T13:15:32.564-0500] {processor.py:161} INFO - Started process (PID=10682) to work on /opt/airflow/dags/ocr_pipeline_dag.py
[2025-11-13T13:15:32.565-0500] {processor.py:830} INFO - Processing file /opt/airflow/dags/ocr_pipeline_dag.py for tasks to queue
[2025-11-13T13:15:32.566-0500] {logging_mixin.py:188} INFO - [2025-11-13T13:15:32.566-0500] {dagbag.py:545} INFO - Filling up the DagBag from /opt/airflow/dags/ocr_pipeline_dag.py
[2025-11-13T13:15:32.582-0500] {logging_mixin.py:188} INFO - 📂 Using project root: /opt/project
[2025-11-13T13:15:32.739-0500] {logging_mixin.py:188} INFO - [2025-11-13T13:15:32.739-0500] {credentials.py:1278} INFO - Found credentials in shared credentials file: ~/.aws/credentials
[2025-11-13T13:15:33.397-0500] {processor.py:840} INFO - DAG(s) 'ocr_pipeline_dag' retrieved from /opt/airflow/dags/ocr_pipeline_dag.py
[2025-11-13T13:15:33.427-0500] {logging_mixin.py:188} INFO - [2025-11-13T13:15:33.426-0500] {dag.py:3089} INFO - Sync 1 DAGs
[2025-11-13T13:15:33.441-0500] {logging_mixin.py:188} INFO - [2025-11-13T13:15:33.441-0500] {dag.py:3947} INFO - Setting next_dagrun for ocr_pipeline_dag to None, run_after=None
[2025-11-13T13:15:33.462-0500] {processor.py:183} INFO - Processing /opt/airflow/dags/ocr_pipeline_dag.py took 0.904 seconds
[2025-11-13T13:16:03.833-0500] {processor.py:161} INFO - Started process (PID=10688) to work on /opt/airflow/dags/ocr_pipeline_dag.py
[2025-11-13T13:16:03.835-0500] {processor.py:830} INFO - Processing file /opt/airflow/dags/ocr_pipeline_dag.py for tasks to queue
[2025-11-13T13:16:03.836-0500] {logging_mixin.py:188} INFO - [2025-11-13T13:16:03.836-0500] {dagbag.py:545} INFO - Filling up the DagBag from /opt/airflow/dags/ocr_pipeline_dag.py
[2025-11-13T13:16:03.859-0500] {logging_mixin.py:188} INFO - 📂 Using project root: /opt/project
[2025-11-13T13:16:04.047-0500] {logging_mixin.py:188} INFO - [2025-11-13T13:16:04.047-0500] {credentials.py:1278} INFO - Found credentials in shared credentials file: ~/.aws/credentials
[2025-11-13T13:16:04.826-0500] {processor.py:840} INFO - DAG(s) 'ocr_pipeline_dag' retrieved from /opt/airflow/dags/ocr_pipeline_dag.py
[2025-11-13T13:16:04.853-0500] {logging_mixin.py:188} INFO - [2025-11-13T13:16:04.852-0500] {dag.py:3089} INFO - Sync 1 DAGs
[2025-11-13T13:16:04.865-0500] {logging_mixin.py:188} INFO - [2025-11-13T13:16:04.865-0500] {dag.py:3947} INFO - Setting next_dagrun for ocr_pipeline_dag to None, run_after=None
[2025-11-13T13:16:04.901-0500] {processor.py:183} INFO - Processing /opt/airflow/dags/ocr_pipeline_dag.py took 1.077 seconds
[2025-11-13T13:16:35.532-0500] {processor.py:161} INFO - Started process (PID=10694) to work on /opt/airflow/dags/ocr_pipeline_dag.py
[2025-11-13T13:16:35.534-0500] {processor.py:830} INFO - Processing file /opt/airflow/dags/ocr_pipeline_dag.py for tasks to queue
[2025-11-13T13:16:35.536-0500] {logging_mixin.py:188} INFO - [2025-11-13T13:16:35.535-0500] {dagbag.py:545} INFO - Filling up the DagBag from /opt/airflow/dags/ocr_pipeline_dag.py
[2025-11-13T13:16:35.556-0500] {logging_mixin.py:188} INFO - 📂 Using project root: /opt/project
[2025-11-13T13:16:35.726-0500] {logging_mixin.py:188} INFO - [2025-11-13T13:16:35.726-0500] {credentials.py:1278} INFO - Found credentials in shared credentials file: ~/.aws/credentials
[2025-11-13T13:16:36.527-0500] {processor.py:840} INFO - DAG(s) 'ocr_pipeline_dag' retrieved from /opt/airflow/dags/ocr_pipeline_dag.py
[2025-11-13T13:16:36.557-0500] {logging_mixin.py:188} INFO - [2025-11-13T13:16:36.557-0500] {dag.py:3089} INFO - Sync 1 DAGs
[2025-11-13T13:16:36.569-0500] {logging_mixin.py:188} INFO - [2025-11-13T13:16:36.569-0500] {dag.py:3947} INFO - Setting next_dagrun for ocr_pipeline_dag to None, run_after=None
[2025-11-13T13:16:36.589-0500] {processor.py:183} INFO - Processing /opt/airflow/dags/ocr_pipeline_dag.py took 1.069 seconds
[2025-11-13T13:17:07.522-0500] {processor.py:161} INFO - Started process (PID=10700) to work on /opt/airflow/dags/ocr_pipeline_dag.py
[2025-11-13T13:17:07.524-0500] {processor.py:830} INFO - Processing file /opt/airflow/dags/ocr_pipeline_dag.py for tasks to queue
[2025-11-13T13:17:07.525-0500] {logging_mixin.py:188} INFO - [2025-11-13T13:17:07.525-0500] {dagbag.py:545} INFO - Filling up the DagBag from /opt/airflow/dags/ocr_pipeline_dag.py
[2025-11-13T13:17:07.544-0500] {logging_mixin.py:188} INFO - 📂 Using project root: /opt/project
[2025-11-13T13:17:07.708-0500] {logging_mixin.py:188} INFO - [2025-11-13T13:17:07.708-0500] {credentials.py:1278} INFO - Found credentials in shared credentials file: ~/.aws/credentials
[2025-11-13T13:17:08.379-0500] {processor.py:840} INFO - DAG(s) 'ocr_pipeline_dag' retrieved from /opt/airflow/dags/ocr_pipeline_dag.py
[2025-11-13T13:17:08.416-0500] {logging_mixin.py:188} INFO - [2025-11-13T13:17:08.415-0500] {dag.py:3089} INFO - Sync 1 DAGs
[2025-11-13T13:17:08.428-0500] {logging_mixin.py:188} INFO - [2025-11-13T13:17:08.427-0500] {dag.py:3947} INFO - Setting next_dagrun for ocr_pipeline_dag to None, run_after=None
[2025-11-13T13:17:08.450-0500] {processor.py:183} INFO - Processing /opt/airflow/dags/ocr_pipeline_dag.py took 0.937 seconds
[2025-11-13T13:17:38.780-0500] {processor.py:161} INFO - Started process (PID=10706) to work on /opt/airflow/dags/ocr_pipeline_dag.py
[2025-11-13T13:17:38.781-0500] {processor.py:830} INFO - Processing file /opt/airflow/dags/ocr_pipeline_dag.py for tasks to queue
[2025-11-13T13:17:38.783-0500] {logging_mixin.py:188} INFO - [2025-11-13T13:17:38.782-0500] {dagbag.py:545} INFO - Filling up the DagBag from /opt/airflow/dags/ocr_pipeline_dag.py
[2025-11-13T13:17:38.800-0500] {logging_mixin.py:188} INFO - 📂 Using project root: /opt/project
[2025-11-13T13:17:38.968-0500] {logging_mixin.py:188} INFO - [2025-11-13T13:17:38.967-0500] {credentials.py:1278} INFO - Found credentials in shared credentials file: ~/.aws/credentials
[2025-11-13T13:17:40.793-0500] {processor.py:840} INFO - DAG(s) 'ocr_pipeline_dag' retrieved from /opt/airflow/dags/ocr_pipeline_dag.py
[2025-11-13T13:17:40.828-0500] {logging_mixin.py:188} INFO - [2025-11-13T13:17:40.828-0500] {dag.py:3089} INFO - Sync 1 DAGs
[2025-11-13T13:17:40.839-0500] {logging_mixin.py:188} INFO - [2025-11-13T13:17:40.839-0500] {dag.py:3947} INFO - Setting next_dagrun for ocr_pipeline_dag to None, run_after=None
[2025-11-13T13:17:40.892-0500] {processor.py:183} INFO - Processing /opt/airflow/dags/ocr_pipeline_dag.py took 0.970 seconds
[2025-11-13T13:18:11.276-0500] {processor.py:161} INFO - Started process (PID=10712) to work on /opt/airflow/dags/ocr_pipeline_dag.py
[2025-11-13T13:18:11.278-0500] {processor.py:830} INFO - Processing file /opt/airflow/dags/ocr_pipeline_dag.py for tasks to queue
[2025-11-13T13:18:11.279-0500] {logging_mixin.py:188} INFO - [2025-11-13T13:18:11.279-0500] {dagbag.py:545} INFO - Filling up the DagBag from /opt/airflow/dags/ocr_pipeline_dag.py
[2025-11-13T13:18:11.296-0500] {logging_mixin.py:188} INFO - 📂 Using project root: /opt/project
[2025-11-13T13:18:11.456-0500] {logging_mixin.py:188} INFO - [2025-11-13T13:18:11.456-0500] {credentials.py:1278} INFO - Found credentials in shared credentials file: ~/.aws/credentials
[2025-11-13T13:18:12.071-0500] {processor.py:840} INFO - DAG(s) 'ocr_pipeline_dag' retrieved from /opt/airflow/dags/ocr_pipeline_dag.py
[2025-11-13T13:18:12.098-0500] {logging_mixin.py:188} INFO - [2025-11-13T13:18:12.097-0500] {dag.py:3089} INFO - Sync 1 DAGs
[2025-11-13T13:18:12.110-0500] {logging_mixin.py:188} INFO - [2025-11-13T13:18:12.110-0500] {dag.py:3947} INFO - Setting next_dagrun for ocr_pipeline_dag to None, run_after=None
[2025-11-13T13:18:12.132-0500] {processor.py:183} INFO - Processing /opt/airflow/dags/ocr_pipeline_dag.py took 0.862 seconds
[2025-11-13T13:18:42.765-0500] {processor.py:161} INFO - Started process (PID=10718) to work on /opt/airflow/dags/ocr_pipeline_dag.py
[2025-11-13T13:18:42.766-0500] {processor.py:830} INFO - Processing file /opt/airflow/dags/ocr_pipeline_dag.py for tasks to queue
[2025-11-13T13:18:42.768-0500] {logging_mixin.py:188} INFO - [2025-11-13T13:18:42.767-0500] {dagbag.py:545} INFO - Filling up the DagBag from /opt/airflow/dags/ocr_pipeline_dag.py
[2025-11-13T13:18:42.787-0500] {logging_mixin.py:188} INFO - 📂 Using project root: /opt/project
[2025-11-13T13:18:43.003-0500] {logging_mixin.py:188} INFO - [2025-11-13T13:18:43.002-0500] {credentials.py:1278} INFO - Found credentials in shared credentials file: ~/.aws/credentials
[2025-11-13T13:18:44.064-0500] {processor.py:840} INFO - DAG(s) 'ocr_pipeline_dag' retrieved from /opt/airflow/dags/ocr_pipeline_dag.py
[2025-11-13T13:18:44.103-0500] {logging_mixin.py:188} INFO - [2025-11-13T13:18:44.102-0500] {dag.py:3089} INFO - Sync 1 DAGs
[2025-11-13T13:18:44.128-0500] {logging_mixin.py:188} INFO - [2025-11-13T13:18:44.128-0500] {dag.py:3947} INFO - Setting next_dagrun for ocr_pipeline_dag to None, run_after=None
[2025-11-13T13:18:44.163-0500] {processor.py:183} INFO - Processing /opt/airflow/dags/ocr_pipeline_dag.py took 1.418 seconds
[2025-11-13T13:19:14.715-0500] {processor.py:161} INFO - Started process (PID=10724) to work on /opt/airflow/dags/ocr_pipeline_dag.py
[2025-11-13T13:19:14.717-0500] {processor.py:830} INFO - Processing file /opt/airflow/dags/ocr_pipeline_dag.py for tasks to queue
[2025-11-13T13:19:14.718-0500] {logging_mixin.py:188} INFO - [2025-11-13T13:19:14.717-0500] {dagbag.py:545} INFO - Filling up the DagBag from /opt/airflow/dags/ocr_pipeline_dag.py
[2025-11-13T13:19:14.738-0500] {logging_mixin.py:188} INFO - 📂 Using project root: /opt/project
[2025-11-13T13:19:14.934-0500] {logging_mixin.py:188} INFO - [2025-11-13T13:19:14.933-0500] {credentials.py:1278} INFO - Found credentials in shared credentials file: ~/.aws/credentials
[2025-11-13T13:19:15.578-0500] {processor.py:840} INFO - DAG(s) 'ocr_pipeline_dag' retrieved from /opt/airflow/dags/ocr_pipeline_dag.py
[2025-11-13T13:19:15.605-0500] {logging_mixin.py:188} INFO - [2025-11-13T13:19:15.605-0500] {dag.py:3089} INFO - Sync 1 DAGs
[2025-11-13T13:19:15.617-0500] {logging_mixin.py:188} INFO - [2025-11-13T13:19:15.616-0500] {dag.py:3947} INFO - Setting next_dagrun for ocr_pipeline_dag to None, run_after=None
[2025-11-13T13:19:15.639-0500] {processor.py:183} INFO - Processing /opt/airflow/dags/ocr_pipeline_dag.py took 0.931 seconds
[2025-11-13T13:19:45.787-0500] {processor.py:161} INFO - Started process (PID=10730) to work on /opt/airflow/dags/ocr_pipeline_dag.py
[2025-11-13T13:19:45.789-0500] {processor.py:830} INFO - Processing file /opt/airflow/dags/ocr_pipeline_dag.py for tasks to queue
[2025-11-13T13:19:45.790-0500] {logging_mixin.py:188} INFO - [2025-11-13T13:19:45.790-0500] {dagbag.py:545} INFO - Filling up the DagBag from /opt/airflow/dags/ocr_pipeline_dag.py
[2025-11-13T13:19:45.811-0500] {logging_mixin.py:188} INFO - 📂 Using project root: /opt/project
[2025-11-13T13:19:45.985-0500] {logging_mixin.py:188} INFO - [2025-11-13T13:19:45.985-0500] {credentials.py:1278} INFO - Found credentials in shared credentials file: ~/.aws/credentials
[2025-11-13T13:19:46.706-0500] {processor.py:840} INFO - DAG(s) 'ocr_pipeline_dag' retrieved from /opt/airflow/dags/ocr_pipeline_dag.py
[2025-11-13T13:19:46.851-0500] {logging_mixin.py:188} INFO - [2025-11-13T13:19:46.851-0500] {dag.py:3089} INFO - Sync 1 DAGs
[2025-11-13T13:19:46.863-0500] {logging_mixin.py:188} INFO - [2025-11-13T13:19:46.863-0500] {dag.py:3947} INFO - Setting next_dagrun for ocr_pipeline_dag to None, run_after=None
[2025-11-13T13:19:46.957-0500] {processor.py:183} INFO - Processing /opt/airflow/dags/ocr_pipeline_dag.py took 1.181 seconds
[2025-11-13T13:20:17.640-0500] {processor.py:161} INFO - Started process (PID=10736) to work on /opt/airflow/dags/ocr_pipeline_dag.py
[2025-11-13T13:20:17.642-0500] {processor.py:830} INFO - Processing file /opt/airflow/dags/ocr_pipeline_dag.py for tasks to queue
[2025-11-13T13:20:17.644-0500] {logging_mixin.py:188} INFO - [2025-11-13T13:20:17.644-0500] {dagbag.py:545} INFO - Filling up the DagBag from /opt/airflow/dags/ocr_pipeline_dag.py
[2025-11-13T13:20:17.668-0500] {logging_mixin.py:188} INFO - 📂 Using project root: /opt/project
[2025-11-13T13:20:17.870-0500] {logging_mixin.py:188} INFO - [2025-11-13T13:20:17.869-0500] {credentials.py:1278} INFO - Found credentials in shared credentials file: ~/.aws/credentials
[2025-11-13T13:20:18.662-0500] {processor.py:840} INFO - DAG(s) 'ocr_pipeline_dag' retrieved from /opt/airflow/dags/ocr_pipeline_dag.py
[2025-11-13T13:20:18.695-0500] {logging_mixin.py:188} INFO - [2025-11-13T13:20:18.695-0500] {dag.py:3089} INFO - Sync 1 DAGs
[2025-11-13T13:20:18.708-0500] {logging_mixin.py:188} INFO - [2025-11-13T13:20:18.708-0500] {dag.py:3947} INFO - Setting next_dagrun for ocr_pipeline_dag to None, run_after=None
[2025-11-13T13:20:18.731-0500] {processor.py:183} INFO - Processing /opt/airflow/dags/ocr_pipeline_dag.py took 1.099 seconds
[2025-11-13T13:20:49.763-0500] {processor.py:161} INFO - Started process (PID=10742) to work on /opt/airflow/dags/ocr_pipeline_dag.py
[2025-11-13T13:20:49.765-0500] {processor.py:830} INFO - Processing file /opt/airflow/dags/ocr_pipeline_dag.py for tasks to queue
[2025-11-13T13:20:49.767-0500] {logging_mixin.py:188} INFO - [2025-11-13T13:20:49.766-0500] {dagbag.py:545} INFO - Filling up the DagBag from /opt/airflow/dags/ocr_pipeline_dag.py
[2025-11-13T13:20:49.785-0500] {logging_mixin.py:188} INFO - 📂 Using project root: /opt/project
[2025-11-13T13:20:49.998-0500] {logging_mixin.py:188} INFO - [2025-11-13T13:20:49.998-0500] {credentials.py:1278} INFO - Found credentials in shared credentials file: ~/.aws/credentials
[2025-11-13T13:20:50.868-0500] {processor.py:840} INFO - DAG(s) 'ocr_pipeline_dag' retrieved from /opt/airflow/dags/ocr_pipeline_dag.py
[2025-11-13T13:20:50.914-0500] {logging_mixin.py:188} INFO - [2025-11-13T13:20:50.913-0500] {dag.py:3089} INFO - Sync 1 DAGs
[2025-11-13T13:20:50.931-0500] {logging_mixin.py:188} INFO - [2025-11-13T13:20:50.930-0500] {dag.py:3947} INFO - Setting next_dagrun for ocr_pipeline_dag to None, run_after=None
[2025-11-13T13:20:50.957-0500] {processor.py:183} INFO - Processing /opt/airflow/dags/ocr_pipeline_dag.py took 1.202 seconds
[2025-11-13T13:21:21.605-0500] {processor.py:161} INFO - Started process (PID=10748) to work on /opt/airflow/dags/ocr_pipeline_dag.py
[2025-11-13T13:21:21.606-0500] {processor.py:830} INFO - Processing file /opt/airflow/dags/ocr_pipeline_dag.py for tasks to queue
[2025-11-13T13:21:21.608-0500] {logging_mixin.py:188} INFO - [2025-11-13T13:21:21.608-0500] {dagbag.py:545} INFO - Filling up the DagBag from /opt/airflow/dags/ocr_pipeline_dag.py
[2025-11-13T13:21:21.631-0500] {logging_mixin.py:188} INFO - 📂 Using project root: /opt/project
[2025-11-13T13:21:21.837-0500] {logging_mixin.py:188} INFO - [2025-11-13T13:21:21.837-0500] {credentials.py:1278} INFO - Found credentials in shared credentials file: ~/.aws/credentials
[2025-11-13T13:21:22.728-0500] {processor.py:840} INFO - DAG(s) 'ocr_pipeline_dag' retrieved from /opt/airflow/dags/ocr_pipeline_dag.py
[2025-11-13T13:21:22.769-0500] {logging_mixin.py:188} INFO - [2025-11-13T13:21:22.768-0500] {dag.py:3089} INFO - Sync 1 DAGs
[2025-11-13T13:21:22.782-0500] {logging_mixin.py:188} INFO - [2025-11-13T13:21:22.782-0500] {dag.py:3947} INFO - Setting next_dagrun for ocr_pipeline_dag to None, run_after=None
[2025-11-13T13:21:22.807-0500] {processor.py:183} INFO - Processing /opt/airflow/dags/ocr_pipeline_dag.py took 1.211 seconds
[2025-11-13T13:21:53.697-0500] {processor.py:161} INFO - Started process (PID=10754) to work on /opt/airflow/dags/ocr_pipeline_dag.py
[2025-11-13T13:21:53.698-0500] {processor.py:830} INFO - Processing file /opt/airflow/dags/ocr_pipeline_dag.py for tasks to queue
[2025-11-13T13:21:53.700-0500] {logging_mixin.py:188} INFO - [2025-11-13T13:21:53.699-0500] {dagbag.py:545} INFO - Filling up the DagBag from /opt/airflow/dags/ocr_pipeline_dag.py
[2025-11-13T13:21:53.721-0500] {logging_mixin.py:188} INFO - 📂 Using project root: /opt/project
[2025-11-13T13:21:53.925-0500] {logging_mixin.py:188} INFO - [2025-11-13T13:21:53.924-0500] {credentials.py:1278} INFO - Found credentials in shared credentials file: ~/.aws/credentials
[2025-11-13T13:21:54.738-0500] {processor.py:840} INFO - DAG(s) 'ocr_pipeline_dag' retrieved from /opt/airflow/dags/ocr_pipeline_dag.py
[2025-11-13T13:21:54.773-0500] {logging_mixin.py:188} INFO - [2025-11-13T13:21:54.773-0500] {dag.py:3089} INFO - Sync 1 DAGs
[2025-11-13T13:21:54.789-0500] {logging_mixin.py:188} INFO - [2025-11-13T13:21:54.788-0500] {dag.py:3947} INFO - Setting next_dagrun for ocr_pipeline_dag to None, run_after=None
[2025-11-13T13:21:54.816-0500] {processor.py:183} INFO - Processing /opt/airflow/dags/ocr_pipeline_dag.py took 1.126 seconds
[2025-11-13T13:22:26.643-0500] {processor.py:161} INFO - Started process (PID=10760) to work on /opt/airflow/dags/ocr_pipeline_dag.py
[2025-11-13T13:22:26.645-0500] {processor.py:830} INFO - Processing file /opt/airflow/dags/ocr_pipeline_dag.py for tasks to queue
[2025-11-13T13:22:26.646-0500] {logging_mixin.py:188} INFO - [2025-11-13T13:22:26.646-0500] {dagbag.py:545} INFO - Filling up the DagBag from /opt/airflow/dags/ocr_pipeline_dag.py
[2025-11-13T13:22:26.669-0500] {logging_mixin.py:188} INFO - 📂 Using project root: /opt/project
[2025-11-13T13:22:26.883-0500] {logging_mixin.py:188} INFO - [2025-11-13T13:22:26.883-0500] {credentials.py:1278} INFO - Found credentials in shared credentials file: ~/.aws/credentials
[2025-11-13T13:22:27.705-0500] {processor.py:840} INFO - DAG(s) 'ocr_pipeline_dag' retrieved from /opt/airflow/dags/ocr_pipeline_dag.py
[2025-11-13T13:22:27.742-0500] {logging_mixin.py:188} INFO - [2025-11-13T13:22:27.742-0500] {dag.py:3089} INFO - Sync 1 DAGs
[2025-11-13T13:22:27.758-0500] {logging_mixin.py:188} INFO - [2025-11-13T13:22:27.758-0500] {dag.py:3947} INFO - Setting next_dagrun for ocr_pipeline_dag to None, run_after=None
[2025-11-13T13:22:27.786-0500] {processor.py:183} INFO - Processing /opt/airflow/dags/ocr_pipeline_dag.py took 1.152 seconds
[2025-11-13T13:22:58.047-0500] {processor.py:161} INFO - Started process (PID=10766) to work on /opt/airflow/dags/ocr_pipeline_dag.py
[2025-11-13T13:22:58.049-0500] {processor.py:830} INFO - Processing file /opt/airflow/dags/ocr_pipeline_dag.py for tasks to queue
[2025-11-13T13:22:58.051-0500] {logging_mixin.py:188} INFO - [2025-11-13T13:22:58.050-0500] {dagbag.py:545} INFO - Filling up the DagBag from /opt/airflow/dags/ocr_pipeline_dag.py
[2025-11-13T13:22:58.073-0500] {logging_mixin.py:188} INFO - 📂 Using project root: /opt/project
[2025-11-13T13:22:58.275-0500] {logging_mixin.py:188} INFO - [2025-11-13T13:22:58.275-0500] {credentials.py:1278} INFO - Found credentials in shared credentials file: ~/.aws/credentials
[2025-11-13T13:23:00.658-0500] {processor.py:840} INFO - DAG(s) 'ocr_pipeline_dag' retrieved from /opt/airflow/dags/ocr_pipeline_dag.py
[2025-11-13T13:23:00.693-0500] {logging_mixin.py:188} INFO - [2025-11-13T13:23:00.693-0500] {dag.py:3089} INFO - Sync 1 DAGs
[2025-11-13T13:23:00.708-0500] {logging_mixin.py:188} INFO - [2025-11-13T13:23:00.708-0500] {dag.py:3947} INFO - Setting next_dagrun for ocr_pipeline_dag to None, run_after=None
[2025-11-13T13:23:00.735-0500] {processor.py:183} INFO - Processing /opt/airflow/dags/ocr_pipeline_dag.py took 1.141 seconds
[2025-11-13T13:23:30.842-0500] {processor.py:161} INFO - Started process (PID=10772) to work on /opt/airflow/dags/ocr_pipeline_dag.py
[2025-11-13T13:23:30.845-0500] {processor.py:830} INFO - Processing file /opt/airflow/dags/ocr_pipeline_dag.py for tasks to queue
[2025-11-13T13:23:30.847-0500] {logging_mixin.py:188} INFO - [2025-11-13T13:23:30.846-0500] {dagbag.py:545} INFO - Filling up the DagBag from /opt/airflow/dags/ocr_pipeline_dag.py
[2025-11-13T13:23:30.876-0500] {logging_mixin.py:188} INFO - 📂 Using project root: /opt/project
[2025-11-13T13:23:31.103-0500] {logging_mixin.py:188} INFO - [2025-11-13T13:23:31.103-0500] {credentials.py:1278} INFO - Found credentials in shared credentials file: ~/.aws/credentials
[2025-11-13T13:23:32.045-0500] {processor.py:840} INFO - DAG(s) 'ocr_pipeline_dag' retrieved from /opt/airflow/dags/ocr_pipeline_dag.py
[2025-11-13T13:23:32.086-0500] {logging_mixin.py:188} INFO - [2025-11-13T13:23:32.086-0500] {dag.py:3089} INFO - Sync 1 DAGs
[2025-11-13T13:23:32.104-0500] {logging_mixin.py:188} INFO - [2025-11-13T13:23:32.104-0500] {dag.py:3947} INFO - Setting next_dagrun for ocr_pipeline_dag to None, run_after=None
[2025-11-13T13:23:32.137-0500] {processor.py:183} INFO - Processing /opt/airflow/dags/ocr_pipeline_dag.py took 1.310 seconds
[2025-11-13T13:24:02.773-0500] {processor.py:161} INFO - Started process (PID=10778) to work on /opt/airflow/dags/ocr_pipeline_dag.py
[2025-11-13T13:24:02.774-0500] {processor.py:830} INFO - Processing file /opt/airflow/dags/ocr_pipeline_dag.py for tasks to queue
[2025-11-13T13:24:02.776-0500] {logging_mixin.py:188} INFO - [2025-11-13T13:24:02.775-0500] {dagbag.py:545} INFO - Filling up the DagBag from /opt/airflow/dags/ocr_pipeline_dag.py
[2025-11-13T13:24:02.799-0500] {logging_mixin.py:188} INFO - 📂 Using project root: /opt/project
[2025-11-13T13:24:03.052-0500] {logging_mixin.py:188} INFO - [2025-11-13T13:24:03.051-0500] {credentials.py:1278} INFO - Found credentials in shared credentials file: ~/.aws/credentials
[2025-11-13T13:24:04.099-0500] {processor.py:840} INFO - DAG(s) 'ocr_pipeline_dag' retrieved from /opt/airflow/dags/ocr_pipeline_dag.py
[2025-11-13T13:24:04.147-0500] {logging_mixin.py:188} INFO - [2025-11-13T13:24:04.147-0500] {dag.py:3089} INFO - Sync 1 DAGs
[2025-11-13T13:24:04.165-0500] {logging_mixin.py:188} INFO - [2025-11-13T13:24:04.165-0500] {dag.py:3947} INFO - Setting next_dagrun for ocr_pipeline_dag to None, run_after=None
[2025-11-13T13:24:04.206-0500] {processor.py:183} INFO - Processing /opt/airflow/dags/ocr_pipeline_dag.py took 1.447 seconds
[2025-11-13T13:24:34.847-0500] {processor.py:161} INFO - Started process (PID=10784) to work on /opt/airflow/dags/ocr_pipeline_dag.py
[2025-11-13T13:24:34.850-0500] {processor.py:830} INFO - Processing file /opt/airflow/dags/ocr_pipeline_dag.py for tasks to queue
[2025-11-13T13:24:34.854-0500] {logging_mixin.py:188} INFO - [2025-11-13T13:24:34.853-0500] {dagbag.py:545} INFO - Filling up the DagBag from /opt/airflow/dags/ocr_pipeline_dag.py
[2025-11-13T13:24:34.896-0500] {logging_mixin.py:188} INFO - 📂 Using project root: /opt/project
[2025-11-13T13:24:35.281-0500] {logging_mixin.py:188} INFO - [2025-11-13T13:24:35.281-0500] {credentials.py:1278} INFO - Found credentials in shared credentials file: ~/.aws/credentials
[2025-11-13T13:24:36.601-0500] {processor.py:840} INFO - DAG(s) 'ocr_pipeline_dag' retrieved from /opt/airflow/dags/ocr_pipeline_dag.py
[2025-11-13T13:24:36.679-0500] {logging_mixin.py:188} INFO - [2025-11-13T13:24:36.678-0500] {dag.py:3089} INFO - Sync 1 DAGs
[2025-11-13T13:24:36.705-0500] {logging_mixin.py:188} INFO - [2025-11-13T13:24:36.705-0500] {dag.py:3947} INFO - Setting next_dagrun for ocr_pipeline_dag to None, run_after=None
[2025-11-13T13:24:36.757-0500] {processor.py:183} INFO - Processing /opt/airflow/dags/ocr_pipeline_dag.py took 1.931 seconds
[2025-11-13T13:52:00.935-0500] {processor.py:161} INFO - Started process (PID=10790) to work on /opt/airflow/dags/ocr_pipeline_dag.py
[2025-11-13T13:52:00.945-0500] {processor.py:830} INFO - Processing file /opt/airflow/dags/ocr_pipeline_dag.py for tasks to queue
[2025-11-13T13:52:00.951-0500] {logging_mixin.py:188} INFO - [2025-11-13T13:52:00.950-0500] {dagbag.py:545} INFO - Filling up the DagBag from /opt/airflow/dags/ocr_pipeline_dag.py
[2025-11-13T13:52:00.994-0500] {logging_mixin.py:188} INFO - 📂 Using project root: /opt/project
[2025-11-13T13:52:01.857-0500] {logging_mixin.py:188} INFO - [2025-11-13T13:52:01.856-0500] {credentials.py:1278} INFO - Found credentials in shared credentials file: ~/.aws/credentials
