[2025-11-08T11:44:50.312-0500] {processor.py:161} INFO - Started process (PID=181) to work on /opt/airflow/dags/ocr_pipeline_dag.py
[2025-11-08T11:44:50.317-0500] {processor.py:830} INFO - Processing file /opt/airflow/dags/ocr_pipeline_dag.py for tasks to queue
[2025-11-08T11:44:50.329-0500] {logging_mixin.py:188} INFO - [2025-11-08T11:44:50.327-0500] {dagbag.py:545} INFO - Filling up the DagBag from /opt/airflow/dags/ocr_pipeline_dag.py
[2025-11-08T11:44:50.387-0500] {logging_mixin.py:188} INFO - 📂 Using project root: /opt/project
[2025-11-08T11:44:51.990-0500] {logging_mixin.py:188} INFO - 2025-11-08 11:44:51 [INFO] [tracker] 🧭 Logger initialized for stage 'tracker' → /opt/project/logs/aws_extraction_logs/tracker.log
[2025-11-08T11:44:51.991-0500] {logging_mixin.py:188} INFO - [2025-11-08T11:44:51.989-0500] {log_utils.py:90} INFO - 🧭 Logger initialized for stage 'tracker' → /opt/project/logs/aws_extraction_logs/tracker.log
[2025-11-08T11:44:51.996-0500] {logging_mixin.py:188} INFO - 2025-11-08 11:44:51 [INFO] [fetch_files] 🧭 Logger initialized for stage 'fetch_files' → /opt/project/logs/aws_extraction_logs/fetch_files.log
[2025-11-08T11:44:51.997-0500] {logging_mixin.py:188} INFO - [2025-11-08T11:44:51.995-0500] {log_utils.py:90} INFO - 🧭 Logger initialized for stage 'fetch_files' → /opt/project/logs/aws_extraction_logs/fetch_files.log
[2025-11-08T11:44:52.040-0500] {logging_mixin.py:188} INFO - [2025-11-08T11:44:52.040-0500] {credentials.py:1278} INFO - Found credentials in shared credentials file: ~/.aws/credentials
[2025-11-08T11:44:52.389-0500] {logging_mixin.py:188} INFO - 2025-11-08 11:44:52 [INFO] [run_textract] 🧭 Logger initialized for stage 'run_textract' → /opt/project/logs/aws_extraction_logs/run_textract.log
[2025-11-08T11:44:52.390-0500] {logging_mixin.py:188} INFO - [2025-11-08T11:44:52.388-0500] {log_utils.py:90} INFO - 🧭 Logger initialized for stage 'run_textract' → /opt/project/logs/aws_extraction_logs/run_textract.log
[2025-11-08T11:44:52.457-0500] {logging_mixin.py:188} INFO - 2025-11-08 11:44:52 [INFO] [segment_text] 🧭 Logger initialized for stage 'segment_text' → /opt/project/logs/aws_extraction_logs/segment_text.log
[2025-11-08T11:44:52.459-0500] {logging_mixin.py:188} INFO - [2025-11-08T11:44:52.455-0500] {log_utils.py:90} INFO - 🧭 Logger initialized for stage 'segment_text' → /opt/project/logs/aws_extraction_logs/segment_text.log
[2025-11-08T11:44:52.476-0500] {logging_mixin.py:188} INFO - 2025-11-08 11:44:52 [INFO] [normalize_text] 🧭 Logger initialized for stage 'normalize_text' → /opt/project/logs/aws_extraction_logs/normalize_text.log
[2025-11-08T11:44:52.483-0500] {logging_mixin.py:188} INFO - [2025-11-08T11:44:52.475-0500] {log_utils.py:90} INFO - 🧭 Logger initialized for stage 'normalize_text' → /opt/project/logs/aws_extraction_logs/normalize_text.log
[2025-11-08T11:44:55.815-0500] {logging_mixin.py:188} INFO - 2025-11-08 11:44:55 [INFO] [schema_stats] 🧭 Logger initialized for stage 'schema_stats' → /opt/project/logs/aws_extraction_logs/schema_stats.log
[2025-11-08T11:44:55.816-0500] {logging_mixin.py:188} INFO - [2025-11-08T11:44:55.814-0500] {log_utils.py:90} INFO - 🧭 Logger initialized for stage 'schema_stats' → /opt/project/logs/aws_extraction_logs/schema_stats.log
[2025-11-08T11:44:55.832-0500] {processor.py:840} INFO - DAG(s) 'ocr_pipeline_dag' retrieved from /opt/airflow/dags/ocr_pipeline_dag.py
[2025-11-08T11:44:56.266-0500] {logging_mixin.py:188} INFO - [2025-11-08T11:44:56.265-0500] {override.py:1858} INFO - Created Permission View: can read on DAG:ocr_pipeline_dag
[2025-11-08T11:44:56.282-0500] {logging_mixin.py:188} INFO - [2025-11-08T11:44:56.282-0500] {override.py:1858} INFO - Created Permission View: can delete on DAG:ocr_pipeline_dag
[2025-11-08T11:44:56.294-0500] {logging_mixin.py:188} INFO - [2025-11-08T11:44:56.293-0500] {override.py:1858} INFO - Created Permission View: can edit on DAG:ocr_pipeline_dag
[2025-11-08T11:44:56.295-0500] {logging_mixin.py:188} INFO - [2025-11-08T11:44:56.294-0500] {dag.py:3089} INFO - Sync 1 DAGs
[2025-11-08T11:44:56.319-0500] {logging_mixin.py:188} INFO - [2025-11-08T11:44:56.318-0500] {dag.py:3111} INFO - Creating ORM DAG for ocr_pipeline_dag
[2025-11-08T11:44:56.322-0500] {logging_mixin.py:188} INFO - [2025-11-08T11:44:56.322-0500] {dag.py:3947} INFO - Setting next_dagrun for ocr_pipeline_dag to None, run_after=None
[2025-11-08T11:44:56.371-0500] {processor.py:183} INFO - Processing /opt/airflow/dags/ocr_pipeline_dag.py took 6.096 seconds
[2025-11-08T11:45:26.576-0500] {processor.py:161} INFO - Started process (PID=187) to work on /opt/airflow/dags/ocr_pipeline_dag.py
[2025-11-08T11:45:26.579-0500] {processor.py:830} INFO - Processing file /opt/airflow/dags/ocr_pipeline_dag.py for tasks to queue
[2025-11-08T11:45:26.585-0500] {logging_mixin.py:188} INFO - [2025-11-08T11:45:26.584-0500] {dagbag.py:545} INFO - Filling up the DagBag from /opt/airflow/dags/ocr_pipeline_dag.py
[2025-11-08T11:45:26.613-0500] {logging_mixin.py:188} INFO - 📂 Using project root: /opt/project
[2025-11-08T11:45:26.824-0500] {logging_mixin.py:188} INFO - 2025-11-08 11:45:26 [INFO] [tracker] 🧭 Logger initialized for stage 'tracker' → /opt/project/logs/aws_extraction_logs/tracker.log
[2025-11-08T11:45:26.826-0500] {logging_mixin.py:188} INFO - [2025-11-08T11:45:26.824-0500] {log_utils.py:90} INFO - 🧭 Logger initialized for stage 'tracker' → /opt/project/logs/aws_extraction_logs/tracker.log
[2025-11-08T11:45:26.831-0500] {logging_mixin.py:188} INFO - 2025-11-08 11:45:26 [INFO] [fetch_files] 🧭 Logger initialized for stage 'fetch_files' → /opt/project/logs/aws_extraction_logs/fetch_files.log
[2025-11-08T11:45:26.832-0500] {logging_mixin.py:188} INFO - [2025-11-08T11:45:26.831-0500] {log_utils.py:90} INFO - 🧭 Logger initialized for stage 'fetch_files' → /opt/project/logs/aws_extraction_logs/fetch_files.log
[2025-11-08T11:45:26.873-0500] {logging_mixin.py:188} INFO - [2025-11-08T11:45:26.872-0500] {credentials.py:1278} INFO - Found credentials in shared credentials file: ~/.aws/credentials
[2025-11-08T11:45:27.030-0500] {logging_mixin.py:188} INFO - 2025-11-08 11:45:27 [INFO] [run_textract] 🧭 Logger initialized for stage 'run_textract' → /opt/project/logs/aws_extraction_logs/run_textract.log
[2025-11-08T11:45:27.031-0500] {logging_mixin.py:188} INFO - [2025-11-08T11:45:27.030-0500] {log_utils.py:90} INFO - 🧭 Logger initialized for stage 'run_textract' → /opt/project/logs/aws_extraction_logs/run_textract.log
[2025-11-08T11:45:27.073-0500] {logging_mixin.py:188} INFO - 2025-11-08 11:45:27 [INFO] [segment_text] 🧭 Logger initialized for stage 'segment_text' → /opt/project/logs/aws_extraction_logs/segment_text.log
[2025-11-08T11:45:27.074-0500] {logging_mixin.py:188} INFO - [2025-11-08T11:45:27.072-0500] {log_utils.py:90} INFO - 🧭 Logger initialized for stage 'segment_text' → /opt/project/logs/aws_extraction_logs/segment_text.log
[2025-11-08T11:45:27.087-0500] {logging_mixin.py:188} INFO - 2025-11-08 11:45:27 [INFO] [normalize_text] 🧭 Logger initialized for stage 'normalize_text' → /opt/project/logs/aws_extraction_logs/normalize_text.log
[2025-11-08T11:45:27.087-0500] {logging_mixin.py:188} INFO - [2025-11-08T11:45:27.086-0500] {log_utils.py:90} INFO - 🧭 Logger initialized for stage 'normalize_text' → /opt/project/logs/aws_extraction_logs/normalize_text.log
[2025-11-08T11:45:27.814-0500] {logging_mixin.py:188} INFO - 2025-11-08 11:45:27 [INFO] [schema_stats] 🧭 Logger initialized for stage 'schema_stats' → /opt/project/logs/aws_extraction_logs/schema_stats.log
[2025-11-08T11:45:27.815-0500] {logging_mixin.py:188} INFO - [2025-11-08T11:45:27.813-0500] {log_utils.py:90} INFO - 🧭 Logger initialized for stage 'schema_stats' → /opt/project/logs/aws_extraction_logs/schema_stats.log
[2025-11-08T11:45:27.823-0500] {processor.py:840} INFO - DAG(s) 'ocr_pipeline_dag' retrieved from /opt/airflow/dags/ocr_pipeline_dag.py
[2025-11-08T11:45:27.858-0500] {logging_mixin.py:188} INFO - [2025-11-08T11:45:27.858-0500] {dag.py:3089} INFO - Sync 1 DAGs
[2025-11-08T11:45:27.875-0500] {logging_mixin.py:188} INFO - [2025-11-08T11:45:27.875-0500] {dag.py:3947} INFO - Setting next_dagrun for ocr_pipeline_dag to None, run_after=None
[2025-11-08T11:45:27.902-0500] {processor.py:183} INFO - Processing /opt/airflow/dags/ocr_pipeline_dag.py took 1.338 seconds
[2025-11-08T11:45:58.162-0500] {processor.py:161} INFO - Started process (PID=210) to work on /opt/airflow/dags/ocr_pipeline_dag.py
[2025-11-08T11:45:58.165-0500] {processor.py:830} INFO - Processing file /opt/airflow/dags/ocr_pipeline_dag.py for tasks to queue
[2025-11-08T11:45:58.169-0500] {logging_mixin.py:188} INFO - [2025-11-08T11:45:58.168-0500] {dagbag.py:545} INFO - Filling up the DagBag from /opt/airflow/dags/ocr_pipeline_dag.py
[2025-11-08T11:45:58.199-0500] {logging_mixin.py:188} INFO - 📂 Using project root: /opt/project
[2025-11-08T11:45:58.392-0500] {logging_mixin.py:188} INFO - 2025-11-08 11:45:58 [INFO] [tracker] 🧭 Logger initialized for stage 'tracker' → /opt/project/logs/aws_extraction_logs/tracker.log
[2025-11-08T11:45:58.394-0500] {logging_mixin.py:188} INFO - [2025-11-08T11:45:58.392-0500] {log_utils.py:90} INFO - 🧭 Logger initialized for stage 'tracker' → /opt/project/logs/aws_extraction_logs/tracker.log
[2025-11-08T11:45:58.402-0500] {logging_mixin.py:188} INFO - 2025-11-08 11:45:58 [INFO] [fetch_files] 🧭 Logger initialized for stage 'fetch_files' → /opt/project/logs/aws_extraction_logs/fetch_files.log
[2025-11-08T11:45:58.402-0500] {logging_mixin.py:188} INFO - [2025-11-08T11:45:58.401-0500] {log_utils.py:90} INFO - 🧭 Logger initialized for stage 'fetch_files' → /opt/project/logs/aws_extraction_logs/fetch_files.log
[2025-11-08T11:45:58.437-0500] {logging_mixin.py:188} INFO - [2025-11-08T11:45:58.436-0500] {credentials.py:1278} INFO - Found credentials in shared credentials file: ~/.aws/credentials
[2025-11-08T11:45:58.576-0500] {logging_mixin.py:188} INFO - 2025-11-08 11:45:58 [INFO] [run_textract] 🧭 Logger initialized for stage 'run_textract' → /opt/project/logs/aws_extraction_logs/run_textract.log
[2025-11-08T11:45:58.577-0500] {logging_mixin.py:188} INFO - [2025-11-08T11:45:58.576-0500] {log_utils.py:90} INFO - 🧭 Logger initialized for stage 'run_textract' → /opt/project/logs/aws_extraction_logs/run_textract.log
[2025-11-08T11:45:58.612-0500] {logging_mixin.py:188} INFO - 2025-11-08 11:45:58 [INFO] [segment_text] 🧭 Logger initialized for stage 'segment_text' → /opt/project/logs/aws_extraction_logs/segment_text.log
[2025-11-08T11:45:58.613-0500] {logging_mixin.py:188} INFO - [2025-11-08T11:45:58.612-0500] {log_utils.py:90} INFO - 🧭 Logger initialized for stage 'segment_text' → /opt/project/logs/aws_extraction_logs/segment_text.log
[2025-11-08T11:45:58.623-0500] {logging_mixin.py:188} INFO - 2025-11-08 11:45:58 [INFO] [normalize_text] 🧭 Logger initialized for stage 'normalize_text' → /opt/project/logs/aws_extraction_logs/normalize_text.log
[2025-11-08T11:45:58.624-0500] {logging_mixin.py:188} INFO - [2025-11-08T11:45:58.622-0500] {log_utils.py:90} INFO - 🧭 Logger initialized for stage 'normalize_text' → /opt/project/logs/aws_extraction_logs/normalize_text.log
[2025-11-08T11:45:59.201-0500] {logging_mixin.py:188} INFO - 2025-11-08 11:45:59 [INFO] [schema_stats] 🧭 Logger initialized for stage 'schema_stats' → /opt/project/logs/aws_extraction_logs/schema_stats.log
[2025-11-08T11:45:59.202-0500] {logging_mixin.py:188} INFO - [2025-11-08T11:45:59.200-0500] {log_utils.py:90} INFO - 🧭 Logger initialized for stage 'schema_stats' → /opt/project/logs/aws_extraction_logs/schema_stats.log
[2025-11-08T11:45:59.207-0500] {processor.py:840} INFO - DAG(s) 'ocr_pipeline_dag' retrieved from /opt/airflow/dags/ocr_pipeline_dag.py
[2025-11-08T11:45:59.238-0500] {logging_mixin.py:188} INFO - [2025-11-08T11:45:59.238-0500] {dag.py:3089} INFO - Sync 1 DAGs
[2025-11-08T11:45:59.252-0500] {logging_mixin.py:188} INFO - [2025-11-08T11:45:59.251-0500] {dag.py:3947} INFO - Setting next_dagrun for ocr_pipeline_dag to None, run_after=None
[2025-11-08T11:45:59.275-0500] {processor.py:183} INFO - Processing /opt/airflow/dags/ocr_pipeline_dag.py took 1.129 seconds
[2025-11-08T11:46:29.716-0500] {processor.py:161} INFO - Started process (PID=216) to work on /opt/airflow/dags/ocr_pipeline_dag.py
[2025-11-08T11:46:29.718-0500] {processor.py:830} INFO - Processing file /opt/airflow/dags/ocr_pipeline_dag.py for tasks to queue
[2025-11-08T11:46:29.722-0500] {logging_mixin.py:188} INFO - [2025-11-08T11:46:29.721-0500] {dagbag.py:545} INFO - Filling up the DagBag from /opt/airflow/dags/ocr_pipeline_dag.py
[2025-11-08T11:46:29.781-0500] {logging_mixin.py:188} INFO - 📂 Using project root: /opt/project
[2025-11-08T11:46:30.043-0500] {logging_mixin.py:188} INFO - 2025-11-08 11:46:30 [INFO] [tracker] 🧭 Logger initialized for stage 'tracker' → /opt/project/logs/aws_extraction_logs/tracker.log
[2025-11-08T11:46:30.044-0500] {logging_mixin.py:188} INFO - [2025-11-08T11:46:30.040-0500] {log_utils.py:90} INFO - 🧭 Logger initialized for stage 'tracker' → /opt/project/logs/aws_extraction_logs/tracker.log
[2025-11-08T11:46:30.055-0500] {logging_mixin.py:188} INFO - 2025-11-08 11:46:30 [INFO] [fetch_files] 🧭 Logger initialized for stage 'fetch_files' → /opt/project/logs/aws_extraction_logs/fetch_files.log
[2025-11-08T11:46:30.056-0500] {logging_mixin.py:188} INFO - [2025-11-08T11:46:30.047-0500] {log_utils.py:90} INFO - 🧭 Logger initialized for stage 'fetch_files' → /opt/project/logs/aws_extraction_logs/fetch_files.log
[2025-11-08T11:46:30.109-0500] {logging_mixin.py:188} INFO - [2025-11-08T11:46:30.109-0500] {credentials.py:1278} INFO - Found credentials in shared credentials file: ~/.aws/credentials
[2025-11-08T11:46:30.395-0500] {logging_mixin.py:188} INFO - 2025-11-08 11:46:30 [INFO] [run_textract] 🧭 Logger initialized for stage 'run_textract' → /opt/project/logs/aws_extraction_logs/run_textract.log
[2025-11-08T11:46:30.396-0500] {logging_mixin.py:188} INFO - [2025-11-08T11:46:30.394-0500] {log_utils.py:90} INFO - 🧭 Logger initialized for stage 'run_textract' → /opt/project/logs/aws_extraction_logs/run_textract.log
[2025-11-08T11:46:30.435-0500] {logging_mixin.py:188} INFO - 2025-11-08 11:46:30 [INFO] [segment_text] 🧭 Logger initialized for stage 'segment_text' → /opt/project/logs/aws_extraction_logs/segment_text.log
[2025-11-08T11:46:30.437-0500] {logging_mixin.py:188} INFO - [2025-11-08T11:46:30.427-0500] {log_utils.py:90} INFO - 🧭 Logger initialized for stage 'segment_text' → /opt/project/logs/aws_extraction_logs/segment_text.log
[2025-11-08T11:46:30.474-0500] {logging_mixin.py:188} INFO - 2025-11-08 11:46:30 [INFO] [normalize_text] 🧭 Logger initialized for stage 'normalize_text' → /opt/project/logs/aws_extraction_logs/normalize_text.log
[2025-11-08T11:46:30.476-0500] {logging_mixin.py:188} INFO - [2025-11-08T11:46:30.472-0500] {log_utils.py:90} INFO - 🧭 Logger initialized for stage 'normalize_text' → /opt/project/logs/aws_extraction_logs/normalize_text.log
[2025-11-08T11:46:31.126-0500] {logging_mixin.py:188} INFO - 2025-11-08 11:46:31 [INFO] [schema_stats] 🧭 Logger initialized for stage 'schema_stats' → /opt/project/logs/aws_extraction_logs/schema_stats.log
[2025-11-08T11:46:31.126-0500] {logging_mixin.py:188} INFO - [2025-11-08T11:46:31.116-0500] {log_utils.py:90} INFO - 🧭 Logger initialized for stage 'schema_stats' → /opt/project/logs/aws_extraction_logs/schema_stats.log
[2025-11-08T11:46:31.132-0500] {processor.py:840} INFO - DAG(s) 'ocr_pipeline_dag' retrieved from /opt/airflow/dags/ocr_pipeline_dag.py
[2025-11-08T11:46:31.170-0500] {logging_mixin.py:188} INFO - [2025-11-08T11:46:31.169-0500] {dag.py:3089} INFO - Sync 1 DAGs
[2025-11-08T11:46:31.182-0500] {logging_mixin.py:188} INFO - [2025-11-08T11:46:31.182-0500] {dag.py:3947} INFO - Setting next_dagrun for ocr_pipeline_dag to None, run_after=None
[2025-11-08T11:46:31.261-0500] {processor.py:183} INFO - Processing /opt/airflow/dags/ocr_pipeline_dag.py took 1.558 seconds
[2025-11-08T11:47:01.706-0500] {processor.py:161} INFO - Started process (PID=222) to work on /opt/airflow/dags/ocr_pipeline_dag.py
[2025-11-08T11:47:01.709-0500] {processor.py:830} INFO - Processing file /opt/airflow/dags/ocr_pipeline_dag.py for tasks to queue
[2025-11-08T11:47:01.712-0500] {logging_mixin.py:188} INFO - [2025-11-08T11:47:01.712-0500] {dagbag.py:545} INFO - Filling up the DagBag from /opt/airflow/dags/ocr_pipeline_dag.py
[2025-11-08T11:47:01.735-0500] {logging_mixin.py:188} INFO - 📂 Using project root: /opt/project
[2025-11-08T11:47:01.904-0500] {logging_mixin.py:188} INFO - 2025-11-08 11:47:01 [INFO] [tracker] 🧭 Logger initialized for stage 'tracker' → /opt/project/logs/aws_extraction_logs/tracker.log
[2025-11-08T11:47:01.905-0500] {logging_mixin.py:188} INFO - [2025-11-08T11:47:01.904-0500] {log_utils.py:90} INFO - 🧭 Logger initialized for stage 'tracker' → /opt/project/logs/aws_extraction_logs/tracker.log
[2025-11-08T11:47:01.909-0500] {logging_mixin.py:188} INFO - 2025-11-08 11:47:01 [INFO] [fetch_files] 🧭 Logger initialized for stage 'fetch_files' → /opt/project/logs/aws_extraction_logs/fetch_files.log
[2025-11-08T11:47:01.910-0500] {logging_mixin.py:188} INFO - [2025-11-08T11:47:01.909-0500] {log_utils.py:90} INFO - 🧭 Logger initialized for stage 'fetch_files' → /opt/project/logs/aws_extraction_logs/fetch_files.log
[2025-11-08T11:47:01.942-0500] {logging_mixin.py:188} INFO - [2025-11-08T11:47:01.942-0500] {credentials.py:1278} INFO - Found credentials in shared credentials file: ~/.aws/credentials
[2025-11-08T11:47:02.096-0500] {logging_mixin.py:188} INFO - 2025-11-08 11:47:02 [INFO] [run_textract] 🧭 Logger initialized for stage 'run_textract' → /opt/project/logs/aws_extraction_logs/run_textract.log
[2025-11-08T11:47:02.097-0500] {logging_mixin.py:188} INFO - [2025-11-08T11:47:02.095-0500] {log_utils.py:90} INFO - 🧭 Logger initialized for stage 'run_textract' → /opt/project/logs/aws_extraction_logs/run_textract.log
[2025-11-08T11:47:02.135-0500] {logging_mixin.py:188} INFO - 2025-11-08 11:47:02 [INFO] [segment_text] 🧭 Logger initialized for stage 'segment_text' → /opt/project/logs/aws_extraction_logs/segment_text.log
[2025-11-08T11:47:02.136-0500] {logging_mixin.py:188} INFO - [2025-11-08T11:47:02.134-0500] {log_utils.py:90} INFO - 🧭 Logger initialized for stage 'segment_text' → /opt/project/logs/aws_extraction_logs/segment_text.log
[2025-11-08T11:47:02.147-0500] {logging_mixin.py:188} INFO - 2025-11-08 11:47:02 [INFO] [normalize_text] 🧭 Logger initialized for stage 'normalize_text' → /opt/project/logs/aws_extraction_logs/normalize_text.log
[2025-11-08T11:47:02.148-0500] {logging_mixin.py:188} INFO - [2025-11-08T11:47:02.147-0500] {log_utils.py:90} INFO - 🧭 Logger initialized for stage 'normalize_text' → /opt/project/logs/aws_extraction_logs/normalize_text.log
[2025-11-08T11:47:03.020-0500] {logging_mixin.py:188} INFO - 2025-11-08 11:47:03 [INFO] [schema_stats] 🧭 Logger initialized for stage 'schema_stats' → /opt/project/logs/aws_extraction_logs/schema_stats.log
[2025-11-08T11:47:03.021-0500] {logging_mixin.py:188} INFO - [2025-11-08T11:47:03.019-0500] {log_utils.py:90} INFO - 🧭 Logger initialized for stage 'schema_stats' → /opt/project/logs/aws_extraction_logs/schema_stats.log
[2025-11-08T11:47:03.032-0500] {processor.py:840} INFO - DAG(s) 'ocr_pipeline_dag' retrieved from /opt/airflow/dags/ocr_pipeline_dag.py
[2025-11-08T11:47:03.089-0500] {logging_mixin.py:188} INFO - [2025-11-08T11:47:03.088-0500] {dag.py:3089} INFO - Sync 1 DAGs
[2025-11-08T11:47:03.114-0500] {logging_mixin.py:188} INFO - [2025-11-08T11:47:03.114-0500] {dag.py:3947} INFO - Setting next_dagrun for ocr_pipeline_dag to None, run_after=None
[2025-11-08T11:47:03.148-0500] {processor.py:183} INFO - Processing /opt/airflow/dags/ocr_pipeline_dag.py took 1.450 seconds
[2025-11-08T11:47:33.535-0500] {processor.py:161} INFO - Started process (PID=228) to work on /opt/airflow/dags/ocr_pipeline_dag.py
[2025-11-08T11:47:33.536-0500] {processor.py:830} INFO - Processing file /opt/airflow/dags/ocr_pipeline_dag.py for tasks to queue
[2025-11-08T11:47:33.538-0500] {logging_mixin.py:188} INFO - [2025-11-08T11:47:33.538-0500] {dagbag.py:545} INFO - Filling up the DagBag from /opt/airflow/dags/ocr_pipeline_dag.py
[2025-11-08T11:47:33.558-0500] {logging_mixin.py:188} INFO - 📂 Using project root: /opt/project
[2025-11-08T11:47:33.696-0500] {logging_mixin.py:188} INFO - 2025-11-08 11:47:33 [INFO] [tracker] 🧭 Logger initialized for stage 'tracker' → /opt/project/logs/aws_extraction_logs/tracker.log
[2025-11-08T11:47:33.697-0500] {logging_mixin.py:188} INFO - [2025-11-08T11:47:33.696-0500] {log_utils.py:90} INFO - 🧭 Logger initialized for stage 'tracker' → /opt/project/logs/aws_extraction_logs/tracker.log
[2025-11-08T11:47:33.700-0500] {logging_mixin.py:188} INFO - 2025-11-08 11:47:33 [INFO] [fetch_files] 🧭 Logger initialized for stage 'fetch_files' → /opt/project/logs/aws_extraction_logs/fetch_files.log
[2025-11-08T11:47:33.701-0500] {logging_mixin.py:188} INFO - [2025-11-08T11:47:33.700-0500] {log_utils.py:90} INFO - 🧭 Logger initialized for stage 'fetch_files' → /opt/project/logs/aws_extraction_logs/fetch_files.log
[2025-11-08T11:47:33.732-0500] {logging_mixin.py:188} INFO - [2025-11-08T11:47:33.732-0500] {credentials.py:1278} INFO - Found credentials in shared credentials file: ~/.aws/credentials
[2025-11-08T11:47:33.849-0500] {logging_mixin.py:188} INFO - 2025-11-08 11:47:33 [INFO] [run_textract] 🧭 Logger initialized for stage 'run_textract' → /opt/project/logs/aws_extraction_logs/run_textract.log
[2025-11-08T11:47:33.850-0500] {logging_mixin.py:188} INFO - [2025-11-08T11:47:33.849-0500] {log_utils.py:90} INFO - 🧭 Logger initialized for stage 'run_textract' → /opt/project/logs/aws_extraction_logs/run_textract.log
[2025-11-08T11:47:33.884-0500] {logging_mixin.py:188} INFO - 2025-11-08 11:47:33 [INFO] [segment_text] 🧭 Logger initialized for stage 'segment_text' → /opt/project/logs/aws_extraction_logs/segment_text.log
[2025-11-08T11:47:33.885-0500] {logging_mixin.py:188} INFO - [2025-11-08T11:47:33.883-0500] {log_utils.py:90} INFO - 🧭 Logger initialized for stage 'segment_text' → /opt/project/logs/aws_extraction_logs/segment_text.log
[2025-11-08T11:47:33.895-0500] {logging_mixin.py:188} INFO - 2025-11-08 11:47:33 [INFO] [normalize_text] 🧭 Logger initialized for stage 'normalize_text' → /opt/project/logs/aws_extraction_logs/normalize_text.log
[2025-11-08T11:47:33.896-0500] {logging_mixin.py:188} INFO - [2025-11-08T11:47:33.894-0500] {log_utils.py:90} INFO - 🧭 Logger initialized for stage 'normalize_text' → /opt/project/logs/aws_extraction_logs/normalize_text.log
[2025-11-08T11:47:34.458-0500] {logging_mixin.py:188} INFO - 2025-11-08 11:47:34 [INFO] [schema_stats] 🧭 Logger initialized for stage 'schema_stats' → /opt/project/logs/aws_extraction_logs/schema_stats.log
[2025-11-08T11:47:34.459-0500] {logging_mixin.py:188} INFO - [2025-11-08T11:47:34.458-0500] {log_utils.py:90} INFO - 🧭 Logger initialized for stage 'schema_stats' → /opt/project/logs/aws_extraction_logs/schema_stats.log
[2025-11-08T11:47:34.464-0500] {processor.py:840} INFO - DAG(s) 'ocr_pipeline_dag' retrieved from /opt/airflow/dags/ocr_pipeline_dag.py
[2025-11-08T11:47:34.495-0500] {logging_mixin.py:188} INFO - [2025-11-08T11:47:34.495-0500] {dag.py:3089} INFO - Sync 1 DAGs
[2025-11-08T11:47:34.510-0500] {logging_mixin.py:188} INFO - [2025-11-08T11:47:34.509-0500] {dag.py:3947} INFO - Setting next_dagrun for ocr_pipeline_dag to None, run_after=None
[2025-11-08T11:47:34.533-0500] {processor.py:183} INFO - Processing /opt/airflow/dags/ocr_pipeline_dag.py took 1.004 seconds
[2025-11-08T11:48:05.069-0500] {processor.py:161} INFO - Started process (PID=245) to work on /opt/airflow/dags/ocr_pipeline_dag.py
[2025-11-08T11:48:05.072-0500] {processor.py:830} INFO - Processing file /opt/airflow/dags/ocr_pipeline_dag.py for tasks to queue
[2025-11-08T11:48:05.076-0500] {logging_mixin.py:188} INFO - [2025-11-08T11:48:05.075-0500] {dagbag.py:545} INFO - Filling up the DagBag from /opt/airflow/dags/ocr_pipeline_dag.py
[2025-11-08T11:48:05.101-0500] {logging_mixin.py:188} INFO - 📂 Using project root: /opt/project
[2025-11-08T11:48:05.305-0500] {logging_mixin.py:188} INFO - 2025-11-08 11:48:05 [INFO] [tracker] 🧭 Logger initialized for stage 'tracker' → /opt/project/logs/aws_extraction_logs/tracker.log
[2025-11-08T11:48:05.306-0500] {logging_mixin.py:188} INFO - [2025-11-08T11:48:05.304-0500] {log_utils.py:90} INFO - 🧭 Logger initialized for stage 'tracker' → /opt/project/logs/aws_extraction_logs/tracker.log
[2025-11-08T11:48:05.332-0500] {logging_mixin.py:188} INFO - 2025-11-08 11:48:05 [INFO] [fetch_files] 🧭 Logger initialized for stage 'fetch_files' → /opt/project/logs/aws_extraction_logs/fetch_files.log
[2025-11-08T11:48:05.332-0500] {logging_mixin.py:188} INFO - [2025-11-08T11:48:05.331-0500] {log_utils.py:90} INFO - 🧭 Logger initialized for stage 'fetch_files' → /opt/project/logs/aws_extraction_logs/fetch_files.log
[2025-11-08T11:48:05.365-0500] {logging_mixin.py:188} INFO - [2025-11-08T11:48:05.365-0500] {credentials.py:1278} INFO - Found credentials in shared credentials file: ~/.aws/credentials
[2025-11-08T11:48:05.518-0500] {logging_mixin.py:188} INFO - 2025-11-08 11:48:05 [INFO] [run_textract] 🧭 Logger initialized for stage 'run_textract' → /opt/project/logs/aws_extraction_logs/run_textract.log
[2025-11-08T11:48:05.519-0500] {logging_mixin.py:188} INFO - [2025-11-08T11:48:05.517-0500] {log_utils.py:90} INFO - 🧭 Logger initialized for stage 'run_textract' → /opt/project/logs/aws_extraction_logs/run_textract.log
[2025-11-08T11:48:05.574-0500] {logging_mixin.py:188} INFO - 2025-11-08 11:48:05 [INFO] [segment_text] 🧭 Logger initialized for stage 'segment_text' → /opt/project/logs/aws_extraction_logs/segment_text.log
[2025-11-08T11:48:05.575-0500] {logging_mixin.py:188} INFO - [2025-11-08T11:48:05.573-0500] {log_utils.py:90} INFO - 🧭 Logger initialized for stage 'segment_text' → /opt/project/logs/aws_extraction_logs/segment_text.log
[2025-11-08T11:48:05.601-0500] {logging_mixin.py:188} INFO - 2025-11-08 11:48:05 [INFO] [normalize_text] 🧭 Logger initialized for stage 'normalize_text' → /opt/project/logs/aws_extraction_logs/normalize_text.log
[2025-11-08T11:48:05.602-0500] {logging_mixin.py:188} INFO - [2025-11-08T11:48:05.600-0500] {log_utils.py:90} INFO - 🧭 Logger initialized for stage 'normalize_text' → /opt/project/logs/aws_extraction_logs/normalize_text.log
[2025-11-08T11:48:07.363-0500] {logging_mixin.py:188} INFO - 2025-11-08 11:48:07 [INFO] [schema_stats] 🧭 Logger initialized for stage 'schema_stats' → /opt/project/logs/aws_extraction_logs/schema_stats.log
[2025-11-08T11:48:07.364-0500] {logging_mixin.py:188} INFO - [2025-11-08T11:48:07.363-0500] {log_utils.py:90} INFO - 🧭 Logger initialized for stage 'schema_stats' → /opt/project/logs/aws_extraction_logs/schema_stats.log
[2025-11-08T11:48:07.372-0500] {processor.py:840} INFO - DAG(s) 'ocr_pipeline_dag' retrieved from /opt/airflow/dags/ocr_pipeline_dag.py
[2025-11-08T11:48:07.451-0500] {logging_mixin.py:188} INFO - [2025-11-08T11:48:07.450-0500] {dag.py:3089} INFO - Sync 1 DAGs
[2025-11-08T11:48:07.487-0500] {logging_mixin.py:188} INFO - [2025-11-08T11:48:07.486-0500] {dag.py:3947} INFO - Setting next_dagrun for ocr_pipeline_dag to None, run_after=None
[2025-11-08T11:48:07.559-0500] {processor.py:183} INFO - Processing /opt/airflow/dags/ocr_pipeline_dag.py took 2.502 seconds
[2025-11-08T11:48:38.041-0500] {processor.py:161} INFO - Started process (PID=257) to work on /opt/airflow/dags/ocr_pipeline_dag.py
[2025-11-08T11:48:38.042-0500] {processor.py:830} INFO - Processing file /opt/airflow/dags/ocr_pipeline_dag.py for tasks to queue
[2025-11-08T11:48:38.045-0500] {logging_mixin.py:188} INFO - [2025-11-08T11:48:38.045-0500] {dagbag.py:545} INFO - Filling up the DagBag from /opt/airflow/dags/ocr_pipeline_dag.py
[2025-11-08T11:48:38.067-0500] {logging_mixin.py:188} INFO - 📂 Using project root: /opt/project
[2025-11-08T11:48:38.225-0500] {logging_mixin.py:188} INFO - 2025-11-08 11:48:38 [INFO] [tracker] 🧭 Logger initialized for stage 'tracker' → /opt/project/logs/aws_extraction_logs/tracker.log
[2025-11-08T11:48:38.226-0500] {logging_mixin.py:188} INFO - [2025-11-08T11:48:38.225-0500] {log_utils.py:90} INFO - 🧭 Logger initialized for stage 'tracker' → /opt/project/logs/aws_extraction_logs/tracker.log
[2025-11-08T11:48:38.230-0500] {logging_mixin.py:188} INFO - 2025-11-08 11:48:38 [INFO] [fetch_files] 🧭 Logger initialized for stage 'fetch_files' → /opt/project/logs/aws_extraction_logs/fetch_files.log
[2025-11-08T11:48:38.231-0500] {logging_mixin.py:188} INFO - [2025-11-08T11:48:38.229-0500] {log_utils.py:90} INFO - 🧭 Logger initialized for stage 'fetch_files' → /opt/project/logs/aws_extraction_logs/fetch_files.log
[2025-11-08T11:48:38.266-0500] {logging_mixin.py:188} INFO - [2025-11-08T11:48:38.266-0500] {credentials.py:1278} INFO - Found credentials in shared credentials file: ~/.aws/credentials
[2025-11-08T11:48:38.401-0500] {logging_mixin.py:188} INFO - 2025-11-08 11:48:38 [INFO] [run_textract] 🧭 Logger initialized for stage 'run_textract' → /opt/project/logs/aws_extraction_logs/run_textract.log
[2025-11-08T11:48:38.402-0500] {logging_mixin.py:188} INFO - [2025-11-08T11:48:38.400-0500] {log_utils.py:90} INFO - 🧭 Logger initialized for stage 'run_textract' → /opt/project/logs/aws_extraction_logs/run_textract.log
[2025-11-08T11:48:38.450-0500] {logging_mixin.py:188} INFO - 2025-11-08 11:48:38 [INFO] [segment_text] 🧭 Logger initialized for stage 'segment_text' → /opt/project/logs/aws_extraction_logs/segment_text.log
[2025-11-08T11:48:38.452-0500] {logging_mixin.py:188} INFO - [2025-11-08T11:48:38.450-0500] {log_utils.py:90} INFO - 🧭 Logger initialized for stage 'segment_text' → /opt/project/logs/aws_extraction_logs/segment_text.log
[2025-11-08T11:48:38.464-0500] {logging_mixin.py:188} INFO - 2025-11-08 11:48:38 [INFO] [normalize_text] 🧭 Logger initialized for stage 'normalize_text' → /opt/project/logs/aws_extraction_logs/normalize_text.log
[2025-11-08T11:48:38.465-0500] {logging_mixin.py:188} INFO - [2025-11-08T11:48:38.463-0500] {log_utils.py:90} INFO - 🧭 Logger initialized for stage 'normalize_text' → /opt/project/logs/aws_extraction_logs/normalize_text.log
[2025-11-08T11:48:39.066-0500] {logging_mixin.py:188} INFO - 2025-11-08 11:48:39 [INFO] [schema_stats] 🧭 Logger initialized for stage 'schema_stats' → /opt/project/logs/aws_extraction_logs/schema_stats.log
[2025-11-08T11:48:39.067-0500] {logging_mixin.py:188} INFO - [2025-11-08T11:48:39.066-0500] {log_utils.py:90} INFO - 🧭 Logger initialized for stage 'schema_stats' → /opt/project/logs/aws_extraction_logs/schema_stats.log
[2025-11-08T11:48:39.074-0500] {processor.py:840} INFO - DAG(s) 'ocr_pipeline_dag' retrieved from /opt/airflow/dags/ocr_pipeline_dag.py
[2025-11-08T11:48:39.103-0500] {logging_mixin.py:188} INFO - [2025-11-08T11:48:39.102-0500] {dag.py:3089} INFO - Sync 1 DAGs
[2025-11-08T11:48:39.117-0500] {logging_mixin.py:188} INFO - [2025-11-08T11:48:39.117-0500] {dag.py:3947} INFO - Setting next_dagrun for ocr_pipeline_dag to None, run_after=None
[2025-11-08T11:48:39.137-0500] {processor.py:183} INFO - Processing /opt/airflow/dags/ocr_pipeline_dag.py took 1.106 seconds
[2025-11-08T11:49:09.433-0500] {processor.py:161} INFO - Started process (PID=263) to work on /opt/airflow/dags/ocr_pipeline_dag.py
[2025-11-08T11:49:09.435-0500] {processor.py:830} INFO - Processing file /opt/airflow/dags/ocr_pipeline_dag.py for tasks to queue
[2025-11-08T11:49:09.439-0500] {logging_mixin.py:188} INFO - [2025-11-08T11:49:09.439-0500] {dagbag.py:545} INFO - Filling up the DagBag from /opt/airflow/dags/ocr_pipeline_dag.py
[2025-11-08T11:49:09.470-0500] {logging_mixin.py:188} INFO - 📂 Using project root: /opt/project
[2025-11-08T11:49:09.659-0500] {logging_mixin.py:188} INFO - 2025-11-08 11:49:09 [INFO] [tracker] 🧭 Logger initialized for stage 'tracker' → /opt/project/logs/aws_extraction_logs/tracker.log
[2025-11-08T11:49:09.660-0500] {logging_mixin.py:188} INFO - [2025-11-08T11:49:09.658-0500] {log_utils.py:90} INFO - 🧭 Logger initialized for stage 'tracker' → /opt/project/logs/aws_extraction_logs/tracker.log
[2025-11-08T11:49:09.663-0500] {logging_mixin.py:188} INFO - 2025-11-08 11:49:09 [INFO] [fetch_files] 🧭 Logger initialized for stage 'fetch_files' → /opt/project/logs/aws_extraction_logs/fetch_files.log
[2025-11-08T11:49:09.664-0500] {logging_mixin.py:188} INFO - [2025-11-08T11:49:09.662-0500] {log_utils.py:90} INFO - 🧭 Logger initialized for stage 'fetch_files' → /opt/project/logs/aws_extraction_logs/fetch_files.log
[2025-11-08T11:49:09.698-0500] {logging_mixin.py:188} INFO - [2025-11-08T11:49:09.697-0500] {credentials.py:1278} INFO - Found credentials in shared credentials file: ~/.aws/credentials
[2025-11-08T11:49:09.827-0500] {logging_mixin.py:188} INFO - 2025-11-08 11:49:09 [INFO] [run_textract] 🧭 Logger initialized for stage 'run_textract' → /opt/project/logs/aws_extraction_logs/run_textract.log
[2025-11-08T11:49:09.828-0500] {logging_mixin.py:188} INFO - [2025-11-08T11:49:09.827-0500] {log_utils.py:90} INFO - 🧭 Logger initialized for stage 'run_textract' → /opt/project/logs/aws_extraction_logs/run_textract.log
[2025-11-08T11:49:09.863-0500] {logging_mixin.py:188} INFO - 2025-11-08 11:49:09 [INFO] [segment_text] 🧭 Logger initialized for stage 'segment_text' → /opt/project/logs/aws_extraction_logs/segment_text.log
[2025-11-08T11:49:09.864-0500] {logging_mixin.py:188} INFO - [2025-11-08T11:49:09.863-0500] {log_utils.py:90} INFO - 🧭 Logger initialized for stage 'segment_text' → /opt/project/logs/aws_extraction_logs/segment_text.log
[2025-11-08T11:49:09.873-0500] {logging_mixin.py:188} INFO - 2025-11-08 11:49:09 [INFO] [normalize_text] 🧭 Logger initialized for stage 'normalize_text' → /opt/project/logs/aws_extraction_logs/normalize_text.log
[2025-11-08T11:49:09.873-0500] {logging_mixin.py:188} INFO - [2025-11-08T11:49:09.872-0500] {log_utils.py:90} INFO - 🧭 Logger initialized for stage 'normalize_text' → /opt/project/logs/aws_extraction_logs/normalize_text.log
[2025-11-08T11:49:10.774-0500] {logging_mixin.py:188} INFO - 2025-11-08 11:49:10 [INFO] [schema_stats] 🧭 Logger initialized for stage 'schema_stats' → /opt/project/logs/aws_extraction_logs/schema_stats.log
[2025-11-08T11:49:10.775-0500] {logging_mixin.py:188} INFO - [2025-11-08T11:49:10.774-0500] {log_utils.py:90} INFO - 🧭 Logger initialized for stage 'schema_stats' → /opt/project/logs/aws_extraction_logs/schema_stats.log
[2025-11-08T11:49:10.783-0500] {processor.py:840} INFO - DAG(s) 'ocr_pipeline_dag' retrieved from /opt/airflow/dags/ocr_pipeline_dag.py
[2025-11-08T11:49:10.818-0500] {logging_mixin.py:188} INFO - [2025-11-08T11:49:10.818-0500] {dag.py:3089} INFO - Sync 1 DAGs
[2025-11-08T11:49:10.837-0500] {logging_mixin.py:188} INFO - [2025-11-08T11:49:10.836-0500] {dag.py:3947} INFO - Setting next_dagrun for ocr_pipeline_dag to None, run_after=None
[2025-11-08T11:49:10.914-0500] {processor.py:183} INFO - Processing /opt/airflow/dags/ocr_pipeline_dag.py took 1.375 seconds
[2025-11-08T11:49:41.083-0500] {processor.py:161} INFO - Started process (PID=269) to work on /opt/airflow/dags/ocr_pipeline_dag.py
[2025-11-08T11:49:41.085-0500] {processor.py:830} INFO - Processing file /opt/airflow/dags/ocr_pipeline_dag.py for tasks to queue
[2025-11-08T11:49:41.088-0500] {logging_mixin.py:188} INFO - [2025-11-08T11:49:41.087-0500] {dagbag.py:545} INFO - Filling up the DagBag from /opt/airflow/dags/ocr_pipeline_dag.py
[2025-11-08T11:49:41.106-0500] {logging_mixin.py:188} INFO - 📂 Using project root: /opt/project
[2025-11-08T11:49:41.310-0500] {logging_mixin.py:188} INFO - 2025-11-08 11:49:41 [INFO] [tracker] 🧭 Logger initialized for stage 'tracker' → /opt/project/logs/aws_extraction_logs/tracker.log
[2025-11-08T11:49:41.310-0500] {logging_mixin.py:188} INFO - [2025-11-08T11:49:41.309-0500] {log_utils.py:90} INFO - 🧭 Logger initialized for stage 'tracker' → /opt/project/logs/aws_extraction_logs/tracker.log
[2025-11-08T11:49:41.314-0500] {logging_mixin.py:188} INFO - 2025-11-08 11:49:41 [INFO] [fetch_files] 🧭 Logger initialized for stage 'fetch_files' → /opt/project/logs/aws_extraction_logs/fetch_files.log
[2025-11-08T11:49:41.314-0500] {logging_mixin.py:188} INFO - [2025-11-08T11:49:41.313-0500] {log_utils.py:90} INFO - 🧭 Logger initialized for stage 'fetch_files' → /opt/project/logs/aws_extraction_logs/fetch_files.log
[2025-11-08T11:49:41.343-0500] {logging_mixin.py:188} INFO - [2025-11-08T11:49:41.343-0500] {credentials.py:1278} INFO - Found credentials in shared credentials file: ~/.aws/credentials
[2025-11-08T11:49:41.470-0500] {logging_mixin.py:188} INFO - 2025-11-08 11:49:41 [INFO] [run_textract] 🧭 Logger initialized for stage 'run_textract' → /opt/project/logs/aws_extraction_logs/run_textract.log
[2025-11-08T11:49:41.470-0500] {logging_mixin.py:188} INFO - [2025-11-08T11:49:41.469-0500] {log_utils.py:90} INFO - 🧭 Logger initialized for stage 'run_textract' → /opt/project/logs/aws_extraction_logs/run_textract.log
[2025-11-08T11:49:41.502-0500] {logging_mixin.py:188} INFO - 2025-11-08 11:49:41 [INFO] [segment_text] 🧭 Logger initialized for stage 'segment_text' → /opt/project/logs/aws_extraction_logs/segment_text.log
[2025-11-08T11:49:41.502-0500] {logging_mixin.py:188} INFO - [2025-11-08T11:49:41.501-0500] {log_utils.py:90} INFO - 🧭 Logger initialized for stage 'segment_text' → /opt/project/logs/aws_extraction_logs/segment_text.log
[2025-11-08T11:49:41.511-0500] {logging_mixin.py:188} INFO - 2025-11-08 11:49:41 [INFO] [normalize_text] 🧭 Logger initialized for stage 'normalize_text' → /opt/project/logs/aws_extraction_logs/normalize_text.log
[2025-11-08T11:49:41.511-0500] {logging_mixin.py:188} INFO - [2025-11-08T11:49:41.510-0500] {log_utils.py:90} INFO - 🧭 Logger initialized for stage 'normalize_text' → /opt/project/logs/aws_extraction_logs/normalize_text.log
[2025-11-08T11:49:42.143-0500] {logging_mixin.py:188} INFO - 2025-11-08 11:49:42 [INFO] [schema_stats] 🧭 Logger initialized for stage 'schema_stats' → /opt/project/logs/aws_extraction_logs/schema_stats.log
[2025-11-08T11:49:42.144-0500] {logging_mixin.py:188} INFO - [2025-11-08T11:49:42.143-0500] {log_utils.py:90} INFO - 🧭 Logger initialized for stage 'schema_stats' → /opt/project/logs/aws_extraction_logs/schema_stats.log
[2025-11-08T11:49:42.149-0500] {processor.py:840} INFO - DAG(s) 'ocr_pipeline_dag' retrieved from /opt/airflow/dags/ocr_pipeline_dag.py
[2025-11-08T11:49:42.182-0500] {logging_mixin.py:188} INFO - [2025-11-08T11:49:42.181-0500] {dag.py:3089} INFO - Sync 1 DAGs
[2025-11-08T11:49:42.195-0500] {logging_mixin.py:188} INFO - [2025-11-08T11:49:42.194-0500] {dag.py:3947} INFO - Setting next_dagrun for ocr_pipeline_dag to None, run_after=None
[2025-11-08T11:49:42.215-0500] {processor.py:183} INFO - Processing /opt/airflow/dags/ocr_pipeline_dag.py took 1.144 seconds
[2025-11-08T11:50:12.586-0500] {processor.py:161} INFO - Started process (PID=275) to work on /opt/airflow/dags/ocr_pipeline_dag.py
[2025-11-08T11:50:12.588-0500] {processor.py:830} INFO - Processing file /opt/airflow/dags/ocr_pipeline_dag.py for tasks to queue
[2025-11-08T11:50:12.591-0500] {logging_mixin.py:188} INFO - [2025-11-08T11:50:12.591-0500] {dagbag.py:545} INFO - Filling up the DagBag from /opt/airflow/dags/ocr_pipeline_dag.py
[2025-11-08T11:50:12.614-0500] {logging_mixin.py:188} INFO - 📂 Using project root: /opt/project
[2025-11-08T11:50:12.769-0500] {logging_mixin.py:188} INFO - 2025-11-08 11:50:12 [INFO] [tracker] 🧭 Logger initialized for stage 'tracker' → /opt/project/logs/aws_extraction_logs/tracker.log
[2025-11-08T11:50:12.770-0500] {logging_mixin.py:188} INFO - [2025-11-08T11:50:12.769-0500] {log_utils.py:90} INFO - 🧭 Logger initialized for stage 'tracker' → /opt/project/logs/aws_extraction_logs/tracker.log
[2025-11-08T11:50:12.774-0500] {logging_mixin.py:188} INFO - 2025-11-08 11:50:12 [INFO] [fetch_files] 🧭 Logger initialized for stage 'fetch_files' → /opt/project/logs/aws_extraction_logs/fetch_files.log
[2025-11-08T11:50:12.775-0500] {logging_mixin.py:188} INFO - [2025-11-08T11:50:12.774-0500] {log_utils.py:90} INFO - 🧭 Logger initialized for stage 'fetch_files' → /opt/project/logs/aws_extraction_logs/fetch_files.log
[2025-11-08T11:50:12.811-0500] {logging_mixin.py:188} INFO - [2025-11-08T11:50:12.810-0500] {credentials.py:1278} INFO - Found credentials in shared credentials file: ~/.aws/credentials
[2025-11-08T11:50:12.951-0500] {logging_mixin.py:188} INFO - 2025-11-08 11:50:12 [INFO] [run_textract] 🧭 Logger initialized for stage 'run_textract' → /opt/project/logs/aws_extraction_logs/run_textract.log
[2025-11-08T11:50:12.952-0500] {logging_mixin.py:188} INFO - [2025-11-08T11:50:12.950-0500] {log_utils.py:90} INFO - 🧭 Logger initialized for stage 'run_textract' → /opt/project/logs/aws_extraction_logs/run_textract.log
[2025-11-08T11:50:13.010-0500] {logging_mixin.py:188} INFO - 2025-11-08 11:50:13 [INFO] [segment_text] 🧭 Logger initialized for stage 'segment_text' → /opt/project/logs/aws_extraction_logs/segment_text.log
[2025-11-08T11:50:13.011-0500] {logging_mixin.py:188} INFO - [2025-11-08T11:50:13.009-0500] {log_utils.py:90} INFO - 🧭 Logger initialized for stage 'segment_text' → /opt/project/logs/aws_extraction_logs/segment_text.log
[2025-11-08T11:50:13.024-0500] {logging_mixin.py:188} INFO - 2025-11-08 11:50:13 [INFO] [normalize_text] 🧭 Logger initialized for stage 'normalize_text' → /opt/project/logs/aws_extraction_logs/normalize_text.log
[2025-11-08T11:50:13.024-0500] {logging_mixin.py:188} INFO - [2025-11-08T11:50:13.023-0500] {log_utils.py:90} INFO - 🧭 Logger initialized for stage 'normalize_text' → /opt/project/logs/aws_extraction_logs/normalize_text.log
[2025-11-08T11:50:13.642-0500] {logging_mixin.py:188} INFO - 2025-11-08 11:50:13 [INFO] [schema_stats] 🧭 Logger initialized for stage 'schema_stats' → /opt/project/logs/aws_extraction_logs/schema_stats.log
[2025-11-08T11:50:13.643-0500] {logging_mixin.py:188} INFO - [2025-11-08T11:50:13.642-0500] {log_utils.py:90} INFO - 🧭 Logger initialized for stage 'schema_stats' → /opt/project/logs/aws_extraction_logs/schema_stats.log
[2025-11-08T11:50:13.650-0500] {processor.py:840} INFO - DAG(s) 'ocr_pipeline_dag' retrieved from /opt/airflow/dags/ocr_pipeline_dag.py
[2025-11-08T11:50:13.682-0500] {logging_mixin.py:188} INFO - [2025-11-08T11:50:13.682-0500] {dag.py:3089} INFO - Sync 1 DAGs
[2025-11-08T11:50:13.696-0500] {logging_mixin.py:188} INFO - [2025-11-08T11:50:13.696-0500] {dag.py:3947} INFO - Setting next_dagrun for ocr_pipeline_dag to None, run_after=None
[2025-11-08T11:50:13.740-0500] {processor.py:183} INFO - Processing /opt/airflow/dags/ocr_pipeline_dag.py took 1.166 seconds
[2025-11-08T11:50:43.972-0500] {processor.py:161} INFO - Started process (PID=281) to work on /opt/airflow/dags/ocr_pipeline_dag.py
[2025-11-08T11:50:43.974-0500] {processor.py:830} INFO - Processing file /opt/airflow/dags/ocr_pipeline_dag.py for tasks to queue
[2025-11-08T11:50:43.977-0500] {logging_mixin.py:188} INFO - [2025-11-08T11:50:43.976-0500] {dagbag.py:545} INFO - Filling up the DagBag from /opt/airflow/dags/ocr_pipeline_dag.py
[2025-11-08T11:50:43.994-0500] {logging_mixin.py:188} INFO - 📂 Using project root: /opt/project
[2025-11-08T11:50:44.152-0500] {logging_mixin.py:188} INFO - 2025-11-08 11:50:44 [INFO] [tracker] 🧭 Logger initialized for stage 'tracker' → /opt/project/logs/aws_extraction_logs/tracker.log
[2025-11-08T11:50:44.153-0500] {logging_mixin.py:188} INFO - [2025-11-08T11:50:44.152-0500] {log_utils.py:90} INFO - 🧭 Logger initialized for stage 'tracker' → /opt/project/logs/aws_extraction_logs/tracker.log
[2025-11-08T11:50:44.156-0500] {logging_mixin.py:188} INFO - 2025-11-08 11:50:44 [INFO] [fetch_files] 🧭 Logger initialized for stage 'fetch_files' → /opt/project/logs/aws_extraction_logs/fetch_files.log
[2025-11-08T11:50:44.157-0500] {logging_mixin.py:188} INFO - [2025-11-08T11:50:44.156-0500] {log_utils.py:90} INFO - 🧭 Logger initialized for stage 'fetch_files' → /opt/project/logs/aws_extraction_logs/fetch_files.log
[2025-11-08T11:50:44.193-0500] {logging_mixin.py:188} INFO - [2025-11-08T11:50:44.192-0500] {credentials.py:1278} INFO - Found credentials in shared credentials file: ~/.aws/credentials
[2025-11-08T11:50:44.340-0500] {logging_mixin.py:188} INFO - 2025-11-08 11:50:44 [INFO] [run_textract] 🧭 Logger initialized for stage 'run_textract' → /opt/project/logs/aws_extraction_logs/run_textract.log
[2025-11-08T11:50:44.342-0500] {logging_mixin.py:188} INFO - [2025-11-08T11:50:44.340-0500] {log_utils.py:90} INFO - 🧭 Logger initialized for stage 'run_textract' → /opt/project/logs/aws_extraction_logs/run_textract.log
[2025-11-08T11:50:44.385-0500] {logging_mixin.py:188} INFO - 2025-11-08 11:50:44 [INFO] [segment_text] 🧭 Logger initialized for stage 'segment_text' → /opt/project/logs/aws_extraction_logs/segment_text.log
[2025-11-08T11:50:44.386-0500] {logging_mixin.py:188} INFO - [2025-11-08T11:50:44.385-0500] {log_utils.py:90} INFO - 🧭 Logger initialized for stage 'segment_text' → /opt/project/logs/aws_extraction_logs/segment_text.log
[2025-11-08T11:50:44.396-0500] {logging_mixin.py:188} INFO - 2025-11-08 11:50:44 [INFO] [normalize_text] 🧭 Logger initialized for stage 'normalize_text' → /opt/project/logs/aws_extraction_logs/normalize_text.log
[2025-11-08T11:50:44.397-0500] {logging_mixin.py:188} INFO - [2025-11-08T11:50:44.396-0500] {log_utils.py:90} INFO - 🧭 Logger initialized for stage 'normalize_text' → /opt/project/logs/aws_extraction_logs/normalize_text.log
[2025-11-08T11:50:44.947-0500] {logging_mixin.py:188} INFO - 2025-11-08 11:50:44 [INFO] [schema_stats] 🧭 Logger initialized for stage 'schema_stats' → /opt/project/logs/aws_extraction_logs/schema_stats.log
[2025-11-08T11:50:44.948-0500] {logging_mixin.py:188} INFO - [2025-11-08T11:50:44.946-0500] {log_utils.py:90} INFO - 🧭 Logger initialized for stage 'schema_stats' → /opt/project/logs/aws_extraction_logs/schema_stats.log
[2025-11-08T11:50:44.954-0500] {processor.py:840} INFO - DAG(s) 'ocr_pipeline_dag' retrieved from /opt/airflow/dags/ocr_pipeline_dag.py
[2025-11-08T11:50:44.983-0500] {logging_mixin.py:188} INFO - [2025-11-08T11:50:44.983-0500] {dag.py:3089} INFO - Sync 1 DAGs
[2025-11-08T11:50:44.995-0500] {logging_mixin.py:188} INFO - [2025-11-08T11:50:44.995-0500] {dag.py:3947} INFO - Setting next_dagrun for ocr_pipeline_dag to None, run_after=None
[2025-11-08T11:50:45.017-0500] {processor.py:183} INFO - Processing /opt/airflow/dags/ocr_pipeline_dag.py took 1.054 seconds
[2025-11-08T11:51:15.376-0500] {processor.py:161} INFO - Started process (PID=287) to work on /opt/airflow/dags/ocr_pipeline_dag.py
[2025-11-08T11:51:15.379-0500] {processor.py:830} INFO - Processing file /opt/airflow/dags/ocr_pipeline_dag.py for tasks to queue
[2025-11-08T11:51:15.383-0500] {logging_mixin.py:188} INFO - [2025-11-08T11:51:15.382-0500] {dagbag.py:545} INFO - Filling up the DagBag from /opt/airflow/dags/ocr_pipeline_dag.py
[2025-11-08T11:51:15.403-0500] {logging_mixin.py:188} INFO - 📂 Using project root: /opt/project
[2025-11-08T11:51:15.576-0500] {logging_mixin.py:188} INFO - 2025-11-08 11:51:15 [INFO] [tracker] 🧭 Logger initialized for stage 'tracker' → /opt/project/logs/aws_extraction_logs/tracker.log
[2025-11-08T11:51:15.577-0500] {logging_mixin.py:188} INFO - [2025-11-08T11:51:15.575-0500] {log_utils.py:90} INFO - 🧭 Logger initialized for stage 'tracker' → /opt/project/logs/aws_extraction_logs/tracker.log
[2025-11-08T11:51:15.582-0500] {logging_mixin.py:188} INFO - 2025-11-08 11:51:15 [INFO] [fetch_files] 🧭 Logger initialized for stage 'fetch_files' → /opt/project/logs/aws_extraction_logs/fetch_files.log
[2025-11-08T11:51:15.583-0500] {logging_mixin.py:188} INFO - [2025-11-08T11:51:15.581-0500] {log_utils.py:90} INFO - 🧭 Logger initialized for stage 'fetch_files' → /opt/project/logs/aws_extraction_logs/fetch_files.log
[2025-11-08T11:51:15.628-0500] {logging_mixin.py:188} INFO - [2025-11-08T11:51:15.628-0500] {credentials.py:1278} INFO - Found credentials in shared credentials file: ~/.aws/credentials
[2025-11-08T11:51:15.824-0500] {logging_mixin.py:188} INFO - 2025-11-08 11:51:15 [INFO] [run_textract] 🧭 Logger initialized for stage 'run_textract' → /opt/project/logs/aws_extraction_logs/run_textract.log
[2025-11-08T11:51:15.825-0500] {logging_mixin.py:188} INFO - [2025-11-08T11:51:15.823-0500] {log_utils.py:90} INFO - 🧭 Logger initialized for stage 'run_textract' → /opt/project/logs/aws_extraction_logs/run_textract.log
[2025-11-08T11:51:15.889-0500] {logging_mixin.py:188} INFO - 2025-11-08 11:51:15 [INFO] [segment_text] 🧭 Logger initialized for stage 'segment_text' → /opt/project/logs/aws_extraction_logs/segment_text.log
[2025-11-08T11:51:15.890-0500] {logging_mixin.py:188} INFO - [2025-11-08T11:51:15.888-0500] {log_utils.py:90} INFO - 🧭 Logger initialized for stage 'segment_text' → /opt/project/logs/aws_extraction_logs/segment_text.log
[2025-11-08T11:51:15.903-0500] {logging_mixin.py:188} INFO - 2025-11-08 11:51:15 [INFO] [normalize_text] 🧭 Logger initialized for stage 'normalize_text' → /opt/project/logs/aws_extraction_logs/normalize_text.log
[2025-11-08T11:51:15.904-0500] {logging_mixin.py:188} INFO - [2025-11-08T11:51:15.902-0500] {log_utils.py:90} INFO - 🧭 Logger initialized for stage 'normalize_text' → /opt/project/logs/aws_extraction_logs/normalize_text.log
[2025-11-08T11:51:16.690-0500] {logging_mixin.py:188} INFO - 2025-11-08 11:51:16 [INFO] [schema_stats] 🧭 Logger initialized for stage 'schema_stats' → /opt/project/logs/aws_extraction_logs/schema_stats.log
[2025-11-08T11:51:16.691-0500] {logging_mixin.py:188} INFO - [2025-11-08T11:51:16.690-0500] {log_utils.py:90} INFO - 🧭 Logger initialized for stage 'schema_stats' → /opt/project/logs/aws_extraction_logs/schema_stats.log
[2025-11-08T11:51:16.700-0500] {processor.py:840} INFO - DAG(s) 'ocr_pipeline_dag' retrieved from /opt/airflow/dags/ocr_pipeline_dag.py
[2025-11-08T11:51:16.742-0500] {logging_mixin.py:188} INFO - [2025-11-08T11:51:16.741-0500] {dag.py:3089} INFO - Sync 1 DAGs
[2025-11-08T11:51:16.762-0500] {logging_mixin.py:188} INFO - [2025-11-08T11:51:16.762-0500] {dag.py:3947} INFO - Setting next_dagrun for ocr_pipeline_dag to None, run_after=None
[2025-11-08T11:51:16.810-0500] {processor.py:183} INFO - Processing /opt/airflow/dags/ocr_pipeline_dag.py took 1.444 seconds
[2025-11-08T11:51:47.477-0500] {processor.py:161} INFO - Started process (PID=293) to work on /opt/airflow/dags/ocr_pipeline_dag.py
[2025-11-08T11:51:47.479-0500] {processor.py:830} INFO - Processing file /opt/airflow/dags/ocr_pipeline_dag.py for tasks to queue
[2025-11-08T11:51:47.481-0500] {logging_mixin.py:188} INFO - [2025-11-08T11:51:47.481-0500] {dagbag.py:545} INFO - Filling up the DagBag from /opt/airflow/dags/ocr_pipeline_dag.py
[2025-11-08T11:51:47.499-0500] {logging_mixin.py:188} INFO - 📂 Using project root: /opt/project
[2025-11-08T11:51:47.630-0500] {logging_mixin.py:188} INFO - 2025-11-08 11:51:47 [INFO] [tracker] 🧭 Logger initialized for stage 'tracker' → /opt/project/logs/aws_extraction_logs/tracker.log
[2025-11-08T11:51:47.631-0500] {logging_mixin.py:188} INFO - [2025-11-08T11:51:47.630-0500] {log_utils.py:90} INFO - 🧭 Logger initialized for stage 'tracker' → /opt/project/logs/aws_extraction_logs/tracker.log
[2025-11-08T11:51:47.634-0500] {logging_mixin.py:188} INFO - 2025-11-08 11:51:47 [INFO] [fetch_files] 🧭 Logger initialized for stage 'fetch_files' → /opt/project/logs/aws_extraction_logs/fetch_files.log
[2025-11-08T11:51:47.635-0500] {logging_mixin.py:188} INFO - [2025-11-08T11:51:47.634-0500] {log_utils.py:90} INFO - 🧭 Logger initialized for stage 'fetch_files' → /opt/project/logs/aws_extraction_logs/fetch_files.log
[2025-11-08T11:51:47.663-0500] {logging_mixin.py:188} INFO - [2025-11-08T11:51:47.662-0500] {credentials.py:1278} INFO - Found credentials in shared credentials file: ~/.aws/credentials
[2025-11-08T11:51:47.822-0500] {logging_mixin.py:188} INFO - 2025-11-08 11:51:47 [INFO] [run_textract] 🧭 Logger initialized for stage 'run_textract' → /opt/project/logs/aws_extraction_logs/run_textract.log
[2025-11-08T11:51:47.823-0500] {logging_mixin.py:188} INFO - [2025-11-08T11:51:47.822-0500] {log_utils.py:90} INFO - 🧭 Logger initialized for stage 'run_textract' → /opt/project/logs/aws_extraction_logs/run_textract.log
[2025-11-08T11:51:47.876-0500] {logging_mixin.py:188} INFO - 2025-11-08 11:51:47 [INFO] [segment_text] 🧭 Logger initialized for stage 'segment_text' → /opt/project/logs/aws_extraction_logs/segment_text.log
[2025-11-08T11:51:47.877-0500] {logging_mixin.py:188} INFO - [2025-11-08T11:51:47.875-0500] {log_utils.py:90} INFO - 🧭 Logger initialized for stage 'segment_text' → /opt/project/logs/aws_extraction_logs/segment_text.log
[2025-11-08T11:51:47.888-0500] {logging_mixin.py:188} INFO - 2025-11-08 11:51:47 [INFO] [normalize_text] 🧭 Logger initialized for stage 'normalize_text' → /opt/project/logs/aws_extraction_logs/normalize_text.log
[2025-11-08T11:51:47.888-0500] {logging_mixin.py:188} INFO - [2025-11-08T11:51:47.887-0500] {log_utils.py:90} INFO - 🧭 Logger initialized for stage 'normalize_text' → /opt/project/logs/aws_extraction_logs/normalize_text.log
[2025-11-08T11:51:48.531-0500] {logging_mixin.py:188} INFO - 2025-11-08 11:51:48 [INFO] [schema_stats] 🧭 Logger initialized for stage 'schema_stats' → /opt/project/logs/aws_extraction_logs/schema_stats.log
[2025-11-08T11:51:48.532-0500] {logging_mixin.py:188} INFO - [2025-11-08T11:51:48.530-0500] {log_utils.py:90} INFO - 🧭 Logger initialized for stage 'schema_stats' → /opt/project/logs/aws_extraction_logs/schema_stats.log
[2025-11-08T11:51:48.538-0500] {processor.py:840} INFO - DAG(s) 'ocr_pipeline_dag' retrieved from /opt/airflow/dags/ocr_pipeline_dag.py
[2025-11-08T11:51:48.572-0500] {logging_mixin.py:188} INFO - [2025-11-08T11:51:48.571-0500] {dag.py:3089} INFO - Sync 1 DAGs
[2025-11-08T11:51:48.587-0500] {logging_mixin.py:188} INFO - [2025-11-08T11:51:48.587-0500] {dag.py:3947} INFO - Setting next_dagrun for ocr_pipeline_dag to None, run_after=None
[2025-11-08T11:51:48.610-0500] {processor.py:183} INFO - Processing /opt/airflow/dags/ocr_pipeline_dag.py took 1.144 seconds
[2025-11-08T11:52:18.848-0500] {processor.py:161} INFO - Started process (PID=299) to work on /opt/airflow/dags/ocr_pipeline_dag.py
[2025-11-08T11:52:18.849-0500] {processor.py:830} INFO - Processing file /opt/airflow/dags/ocr_pipeline_dag.py for tasks to queue
[2025-11-08T11:52:18.852-0500] {logging_mixin.py:188} INFO - [2025-11-08T11:52:18.852-0500] {dagbag.py:545} INFO - Filling up the DagBag from /opt/airflow/dags/ocr_pipeline_dag.py
[2025-11-08T11:52:18.874-0500] {logging_mixin.py:188} INFO - 📂 Using project root: /opt/project
[2025-11-08T11:52:19.024-0500] {logging_mixin.py:188} INFO - 2025-11-08 11:52:19 [INFO] [tracker] 🧭 Logger initialized for stage 'tracker' → /opt/project/logs/aws_extraction_logs/tracker.log
[2025-11-08T11:52:19.025-0500] {logging_mixin.py:188} INFO - [2025-11-08T11:52:19.024-0500] {log_utils.py:90} INFO - 🧭 Logger initialized for stage 'tracker' → /opt/project/logs/aws_extraction_logs/tracker.log
[2025-11-08T11:52:19.029-0500] {logging_mixin.py:188} INFO - 2025-11-08 11:52:19 [INFO] [fetch_files] 🧭 Logger initialized for stage 'fetch_files' → /opt/project/logs/aws_extraction_logs/fetch_files.log
[2025-11-08T11:52:19.029-0500] {logging_mixin.py:188} INFO - [2025-11-08T11:52:19.028-0500] {log_utils.py:90} INFO - 🧭 Logger initialized for stage 'fetch_files' → /opt/project/logs/aws_extraction_logs/fetch_files.log
[2025-11-08T11:52:19.063-0500] {logging_mixin.py:188} INFO - [2025-11-08T11:52:19.062-0500] {credentials.py:1278} INFO - Found credentials in shared credentials file: ~/.aws/credentials
[2025-11-08T11:52:19.190-0500] {logging_mixin.py:188} INFO - 2025-11-08 11:52:19 [INFO] [run_textract] 🧭 Logger initialized for stage 'run_textract' → /opt/project/logs/aws_extraction_logs/run_textract.log
[2025-11-08T11:52:19.190-0500] {logging_mixin.py:188} INFO - [2025-11-08T11:52:19.189-0500] {log_utils.py:90} INFO - 🧭 Logger initialized for stage 'run_textract' → /opt/project/logs/aws_extraction_logs/run_textract.log
[2025-11-08T11:52:19.226-0500] {logging_mixin.py:188} INFO - 2025-11-08 11:52:19 [INFO] [segment_text] 🧭 Logger initialized for stage 'segment_text' → /opt/project/logs/aws_extraction_logs/segment_text.log
[2025-11-08T11:52:19.226-0500] {logging_mixin.py:188} INFO - [2025-11-08T11:52:19.225-0500] {log_utils.py:90} INFO - 🧭 Logger initialized for stage 'segment_text' → /opt/project/logs/aws_extraction_logs/segment_text.log
[2025-11-08T11:52:19.235-0500] {logging_mixin.py:188} INFO - 2025-11-08 11:52:19 [INFO] [normalize_text] 🧭 Logger initialized for stage 'normalize_text' → /opt/project/logs/aws_extraction_logs/normalize_text.log
[2025-11-08T11:52:19.236-0500] {logging_mixin.py:188} INFO - [2025-11-08T11:52:19.235-0500] {log_utils.py:90} INFO - 🧭 Logger initialized for stage 'normalize_text' → /opt/project/logs/aws_extraction_logs/normalize_text.log
[2025-11-08T11:52:19.853-0500] {logging_mixin.py:188} INFO - 2025-11-08 11:52:19 [INFO] [schema_stats] 🧭 Logger initialized for stage 'schema_stats' → /opt/project/logs/aws_extraction_logs/schema_stats.log
[2025-11-08T11:52:19.854-0500] {logging_mixin.py:188} INFO - [2025-11-08T11:52:19.853-0500] {log_utils.py:90} INFO - 🧭 Logger initialized for stage 'schema_stats' → /opt/project/logs/aws_extraction_logs/schema_stats.log
[2025-11-08T11:52:19.860-0500] {processor.py:840} INFO - DAG(s) 'ocr_pipeline_dag' retrieved from /opt/airflow/dags/ocr_pipeline_dag.py
[2025-11-08T11:52:19.907-0500] {logging_mixin.py:188} INFO - [2025-11-08T11:52:19.906-0500] {dag.py:3089} INFO - Sync 1 DAGs
[2025-11-08T11:52:19.923-0500] {logging_mixin.py:188} INFO - [2025-11-08T11:52:19.923-0500] {dag.py:3947} INFO - Setting next_dagrun for ocr_pipeline_dag to None, run_after=None
[2025-11-08T11:52:19.947-0500] {processor.py:183} INFO - Processing /opt/airflow/dags/ocr_pipeline_dag.py took 1.108 seconds
[2025-11-08T11:52:50.275-0500] {processor.py:161} INFO - Started process (PID=305) to work on /opt/airflow/dags/ocr_pipeline_dag.py
[2025-11-08T11:52:50.278-0500] {processor.py:830} INFO - Processing file /opt/airflow/dags/ocr_pipeline_dag.py for tasks to queue
[2025-11-08T11:52:50.284-0500] {logging_mixin.py:188} INFO - [2025-11-08T11:52:50.283-0500] {dagbag.py:545} INFO - Filling up the DagBag from /opt/airflow/dags/ocr_pipeline_dag.py
[2025-11-08T11:52:50.304-0500] {logging_mixin.py:188} INFO - 📂 Using project root: /opt/project
[2025-11-08T11:52:50.610-0500] {logging_mixin.py:188} INFO - 2025-11-08 11:52:50 [INFO] [tracker] 🧭 Logger initialized for stage 'tracker' → /opt/project/logs/aws_extraction_logs/tracker.log
[2025-11-08T11:52:50.613-0500] {logging_mixin.py:188} INFO - [2025-11-08T11:52:50.609-0500] {log_utils.py:90} INFO - 🧭 Logger initialized for stage 'tracker' → /opt/project/logs/aws_extraction_logs/tracker.log
[2025-11-08T11:52:50.620-0500] {logging_mixin.py:188} INFO - 2025-11-08 11:52:50 [INFO] [fetch_files] 🧭 Logger initialized for stage 'fetch_files' → /opt/project/logs/aws_extraction_logs/fetch_files.log
[2025-11-08T11:52:50.621-0500] {logging_mixin.py:188} INFO - [2025-11-08T11:52:50.618-0500] {log_utils.py:90} INFO - 🧭 Logger initialized for stage 'fetch_files' → /opt/project/logs/aws_extraction_logs/fetch_files.log
[2025-11-08T11:52:50.716-0500] {logging_mixin.py:188} INFO - [2025-11-08T11:52:50.714-0500] {credentials.py:1278} INFO - Found credentials in shared credentials file: ~/.aws/credentials
[2025-11-08T11:52:50.870-0500] {logging_mixin.py:188} INFO - 2025-11-08 11:52:50 [INFO] [run_textract] 🧭 Logger initialized for stage 'run_textract' → /opt/project/logs/aws_extraction_logs/run_textract.log
[2025-11-08T11:52:50.871-0500] {logging_mixin.py:188} INFO - [2025-11-08T11:52:50.870-0500] {log_utils.py:90} INFO - 🧭 Logger initialized for stage 'run_textract' → /opt/project/logs/aws_extraction_logs/run_textract.log
[2025-11-08T11:52:50.912-0500] {logging_mixin.py:188} INFO - 2025-11-08 11:52:50 [INFO] [segment_text] 🧭 Logger initialized for stage 'segment_text' → /opt/project/logs/aws_extraction_logs/segment_text.log
[2025-11-08T11:52:50.913-0500] {logging_mixin.py:188} INFO - [2025-11-08T11:52:50.912-0500] {log_utils.py:90} INFO - 🧭 Logger initialized for stage 'segment_text' → /opt/project/logs/aws_extraction_logs/segment_text.log
[2025-11-08T11:52:50.927-0500] {logging_mixin.py:188} INFO - 2025-11-08 11:52:50 [INFO] [normalize_text] 🧭 Logger initialized for stage 'normalize_text' → /opt/project/logs/aws_extraction_logs/normalize_text.log
[2025-11-08T11:52:50.928-0500] {logging_mixin.py:188} INFO - [2025-11-08T11:52:50.926-0500] {log_utils.py:90} INFO - 🧭 Logger initialized for stage 'normalize_text' → /opt/project/logs/aws_extraction_logs/normalize_text.log
[2025-11-08T11:52:51.820-0500] {logging_mixin.py:188} INFO - 2025-11-08 11:52:51 [INFO] [schema_stats] 🧭 Logger initialized for stage 'schema_stats' → /opt/project/logs/aws_extraction_logs/schema_stats.log
[2025-11-08T11:52:51.821-0500] {logging_mixin.py:188} INFO - [2025-11-08T11:52:51.819-0500] {log_utils.py:90} INFO - 🧭 Logger initialized for stage 'schema_stats' → /opt/project/logs/aws_extraction_logs/schema_stats.log
[2025-11-08T11:52:51.828-0500] {processor.py:840} INFO - DAG(s) 'ocr_pipeline_dag' retrieved from /opt/airflow/dags/ocr_pipeline_dag.py
[2025-11-08T11:52:51.880-0500] {logging_mixin.py:188} INFO - [2025-11-08T11:52:51.879-0500] {dag.py:3089} INFO - Sync 1 DAGs
[2025-11-08T11:52:51.899-0500] {logging_mixin.py:188} INFO - [2025-11-08T11:52:51.899-0500] {dag.py:3947} INFO - Setting next_dagrun for ocr_pipeline_dag to None, run_after=None
[2025-11-08T11:52:51.928-0500] {processor.py:183} INFO - Processing /opt/airflow/dags/ocr_pipeline_dag.py took 1.672 seconds
[2025-11-08T11:53:22.390-0500] {processor.py:161} INFO - Started process (PID=311) to work on /opt/airflow/dags/ocr_pipeline_dag.py
[2025-11-08T11:53:22.392-0500] {processor.py:830} INFO - Processing file /opt/airflow/dags/ocr_pipeline_dag.py for tasks to queue
[2025-11-08T11:53:22.394-0500] {logging_mixin.py:188} INFO - [2025-11-08T11:53:22.394-0500] {dagbag.py:545} INFO - Filling up the DagBag from /opt/airflow/dags/ocr_pipeline_dag.py
[2025-11-08T11:53:22.420-0500] {logging_mixin.py:188} INFO - 📂 Using project root: /opt/project
[2025-11-08T11:53:22.619-0500] {logging_mixin.py:188} INFO - 2025-11-08 11:53:22 [INFO] [tracker] 🧭 Logger initialized for stage 'tracker' → /opt/project/logs/aws_extraction_logs/tracker.log
[2025-11-08T11:53:22.620-0500] {logging_mixin.py:188} INFO - [2025-11-08T11:53:22.619-0500] {log_utils.py:90} INFO - 🧭 Logger initialized for stage 'tracker' → /opt/project/logs/aws_extraction_logs/tracker.log
[2025-11-08T11:53:22.624-0500] {logging_mixin.py:188} INFO - 2025-11-08 11:53:22 [INFO] [fetch_files] 🧭 Logger initialized for stage 'fetch_files' → /opt/project/logs/aws_extraction_logs/fetch_files.log
[2025-11-08T11:53:22.625-0500] {logging_mixin.py:188} INFO - [2025-11-08T11:53:22.623-0500] {log_utils.py:90} INFO - 🧭 Logger initialized for stage 'fetch_files' → /opt/project/logs/aws_extraction_logs/fetch_files.log
[2025-11-08T11:53:22.660-0500] {logging_mixin.py:188} INFO - [2025-11-08T11:53:22.660-0500] {credentials.py:1278} INFO - Found credentials in shared credentials file: ~/.aws/credentials
[2025-11-08T11:53:22.804-0500] {logging_mixin.py:188} INFO - 2025-11-08 11:53:22 [INFO] [run_textract] 🧭 Logger initialized for stage 'run_textract' → /opt/project/logs/aws_extraction_logs/run_textract.log
[2025-11-08T11:53:22.805-0500] {logging_mixin.py:188} INFO - [2025-11-08T11:53:22.804-0500] {log_utils.py:90} INFO - 🧭 Logger initialized for stage 'run_textract' → /opt/project/logs/aws_extraction_logs/run_textract.log
[2025-11-08T11:53:22.838-0500] {logging_mixin.py:188} INFO - 2025-11-08 11:53:22 [INFO] [segment_text] 🧭 Logger initialized for stage 'segment_text' → /opt/project/logs/aws_extraction_logs/segment_text.log
[2025-11-08T11:53:22.839-0500] {logging_mixin.py:188} INFO - [2025-11-08T11:53:22.838-0500] {log_utils.py:90} INFO - 🧭 Logger initialized for stage 'segment_text' → /opt/project/logs/aws_extraction_logs/segment_text.log
[2025-11-08T11:53:22.848-0500] {logging_mixin.py:188} INFO - 2025-11-08 11:53:22 [INFO] [normalize_text] 🧭 Logger initialized for stage 'normalize_text' → /opt/project/logs/aws_extraction_logs/normalize_text.log
[2025-11-08T11:53:22.849-0500] {logging_mixin.py:188} INFO - [2025-11-08T11:53:22.848-0500] {log_utils.py:90} INFO - 🧭 Logger initialized for stage 'normalize_text' → /opt/project/logs/aws_extraction_logs/normalize_text.log
[2025-11-08T11:53:23.560-0500] {logging_mixin.py:188} INFO - 2025-11-08 11:53:23 [INFO] [schema_stats] 🧭 Logger initialized for stage 'schema_stats' → /opt/project/logs/aws_extraction_logs/schema_stats.log
[2025-11-08T11:53:23.561-0500] {logging_mixin.py:188} INFO - [2025-11-08T11:53:23.560-0500] {log_utils.py:90} INFO - 🧭 Logger initialized for stage 'schema_stats' → /opt/project/logs/aws_extraction_logs/schema_stats.log
[2025-11-08T11:53:23.570-0500] {processor.py:840} INFO - DAG(s) 'ocr_pipeline_dag' retrieved from /opt/airflow/dags/ocr_pipeline_dag.py
[2025-11-08T11:53:23.608-0500] {logging_mixin.py:188} INFO - [2025-11-08T11:53:23.608-0500] {dag.py:3089} INFO - Sync 1 DAGs
[2025-11-08T11:53:23.621-0500] {logging_mixin.py:188} INFO - [2025-11-08T11:53:23.621-0500] {dag.py:3947} INFO - Setting next_dagrun for ocr_pipeline_dag to None, run_after=None
[2025-11-08T11:53:23.649-0500] {processor.py:183} INFO - Processing /opt/airflow/dags/ocr_pipeline_dag.py took 1.269 seconds
[2025-11-08T11:53:54.125-0500] {processor.py:161} INFO - Started process (PID=317) to work on /opt/airflow/dags/ocr_pipeline_dag.py
[2025-11-08T11:53:54.127-0500] {processor.py:830} INFO - Processing file /opt/airflow/dags/ocr_pipeline_dag.py for tasks to queue
[2025-11-08T11:53:54.132-0500] {logging_mixin.py:188} INFO - [2025-11-08T11:53:54.131-0500] {dagbag.py:545} INFO - Filling up the DagBag from /opt/airflow/dags/ocr_pipeline_dag.py
[2025-11-08T11:53:54.156-0500] {logging_mixin.py:188} INFO - 📂 Using project root: /opt/project
[2025-11-08T11:53:54.343-0500] {logging_mixin.py:188} INFO - 2025-11-08 11:53:54 [INFO] [tracker] 🧭 Logger initialized for stage 'tracker' → /opt/project/logs/aws_extraction_logs/tracker.log
[2025-11-08T11:53:54.344-0500] {logging_mixin.py:188} INFO - [2025-11-08T11:53:54.343-0500] {log_utils.py:90} INFO - 🧭 Logger initialized for stage 'tracker' → /opt/project/logs/aws_extraction_logs/tracker.log
[2025-11-08T11:53:54.348-0500] {logging_mixin.py:188} INFO - 2025-11-08 11:53:54 [INFO] [fetch_files] 🧭 Logger initialized for stage 'fetch_files' → /opt/project/logs/aws_extraction_logs/fetch_files.log
[2025-11-08T11:53:54.349-0500] {logging_mixin.py:188} INFO - [2025-11-08T11:53:54.347-0500] {log_utils.py:90} INFO - 🧭 Logger initialized for stage 'fetch_files' → /opt/project/logs/aws_extraction_logs/fetch_files.log
[2025-11-08T11:53:54.386-0500] {logging_mixin.py:188} INFO - [2025-11-08T11:53:54.386-0500] {credentials.py:1278} INFO - Found credentials in shared credentials file: ~/.aws/credentials
[2025-11-08T11:53:54.576-0500] {logging_mixin.py:188} INFO - 2025-11-08 11:53:54 [INFO] [run_textract] 🧭 Logger initialized for stage 'run_textract' → /opt/project/logs/aws_extraction_logs/run_textract.log
[2025-11-08T11:53:54.577-0500] {logging_mixin.py:188} INFO - [2025-11-08T11:53:54.575-0500] {log_utils.py:90} INFO - 🧭 Logger initialized for stage 'run_textract' → /opt/project/logs/aws_extraction_logs/run_textract.log
[2025-11-08T11:53:54.632-0500] {logging_mixin.py:188} INFO - 2025-11-08 11:53:54 [INFO] [segment_text] 🧭 Logger initialized for stage 'segment_text' → /opt/project/logs/aws_extraction_logs/segment_text.log
[2025-11-08T11:53:54.634-0500] {logging_mixin.py:188} INFO - [2025-11-08T11:53:54.631-0500] {log_utils.py:90} INFO - 🧭 Logger initialized for stage 'segment_text' → /opt/project/logs/aws_extraction_logs/segment_text.log
[2025-11-08T11:53:54.654-0500] {logging_mixin.py:188} INFO - 2025-11-08 11:53:54 [INFO] [normalize_text] 🧭 Logger initialized for stage 'normalize_text' → /opt/project/logs/aws_extraction_logs/normalize_text.log
[2025-11-08T11:53:54.655-0500] {logging_mixin.py:188} INFO - [2025-11-08T11:53:54.653-0500] {log_utils.py:90} INFO - 🧭 Logger initialized for stage 'normalize_text' → /opt/project/logs/aws_extraction_logs/normalize_text.log
[2025-11-08T11:54:52.157-0500] {processor.py:161} INFO - Started process (PID=181) to work on /opt/airflow/dags/ocr_pipeline_dag.py
[2025-11-08T11:54:52.164-0500] {processor.py:830} INFO - Processing file /opt/airflow/dags/ocr_pipeline_dag.py for tasks to queue
[2025-11-08T11:54:52.172-0500] {logging_mixin.py:188} INFO - [2025-11-08T11:54:52.171-0500] {dagbag.py:545} INFO - Filling up the DagBag from /opt/airflow/dags/ocr_pipeline_dag.py
[2025-11-08T11:54:52.221-0500] {logging_mixin.py:188} INFO - 📂 Using project root: /opt/project
[2025-11-08T11:54:53.501-0500] {logging_mixin.py:188} INFO - [2025-11-08T11:54:53.500-0500] {credentials.py:1278} INFO - Found credentials in shared credentials file: ~/.aws/credentials
[2025-11-08T11:54:56.971-0500] {processor.py:840} INFO - DAG(s) 'ocr_pipeline_dag' retrieved from /opt/airflow/dags/ocr_pipeline_dag.py
[2025-11-08T11:54:57.419-0500] {logging_mixin.py:188} INFO - [2025-11-08T11:54:57.419-0500] {override.py:1858} INFO - Created Permission View: can delete on DAG:ocr_pipeline_dag
[2025-11-08T11:54:57.433-0500] {logging_mixin.py:188} INFO - [2025-11-08T11:54:57.432-0500] {override.py:1858} INFO - Created Permission View: can edit on DAG:ocr_pipeline_dag
[2025-11-08T11:54:57.444-0500] {logging_mixin.py:188} INFO - [2025-11-08T11:54:57.443-0500] {override.py:1858} INFO - Created Permission View: can read on DAG:ocr_pipeline_dag
[2025-11-08T11:54:57.445-0500] {logging_mixin.py:188} INFO - [2025-11-08T11:54:57.444-0500] {dag.py:3089} INFO - Sync 1 DAGs
[2025-11-08T11:54:57.460-0500] {logging_mixin.py:188} INFO - [2025-11-08T11:54:57.460-0500] {dag.py:3111} INFO - Creating ORM DAG for ocr_pipeline_dag
[2025-11-08T11:54:57.462-0500] {logging_mixin.py:188} INFO - [2025-11-08T11:54:57.462-0500] {dag.py:3947} INFO - Setting next_dagrun for ocr_pipeline_dag to None, run_after=None
[2025-11-08T11:54:57.497-0500] {processor.py:183} INFO - Processing /opt/airflow/dags/ocr_pipeline_dag.py took 5.361 seconds
[2025-11-08T11:55:27.684-0500] {processor.py:161} INFO - Started process (PID=187) to work on /opt/airflow/dags/ocr_pipeline_dag.py
[2025-11-08T11:55:27.686-0500] {processor.py:830} INFO - Processing file /opt/airflow/dags/ocr_pipeline_dag.py for tasks to queue
[2025-11-08T11:55:27.689-0500] {logging_mixin.py:188} INFO - [2025-11-08T11:55:27.689-0500] {dagbag.py:545} INFO - Filling up the DagBag from /opt/airflow/dags/ocr_pipeline_dag.py
[2025-11-08T11:55:27.708-0500] {logging_mixin.py:188} INFO - 📂 Using project root: /opt/project
[2025-11-08T11:55:27.997-0500] {logging_mixin.py:188} INFO - [2025-11-08T11:55:27.997-0500] {credentials.py:1278} INFO - Found credentials in shared credentials file: ~/.aws/credentials
[2025-11-08T11:55:29.382-0500] {processor.py:840} INFO - DAG(s) 'ocr_pipeline_dag' retrieved from /opt/airflow/dags/ocr_pipeline_dag.py
[2025-11-08T11:55:29.429-0500] {logging_mixin.py:188} INFO - [2025-11-08T11:55:29.429-0500] {dag.py:3089} INFO - Sync 1 DAGs
[2025-11-08T11:55:29.452-0500] {logging_mixin.py:188} INFO - [2025-11-08T11:55:29.451-0500] {dag.py:3947} INFO - Setting next_dagrun for ocr_pipeline_dag to None, run_after=None
[2025-11-08T11:55:29.489-0500] {processor.py:183} INFO - Processing /opt/airflow/dags/ocr_pipeline_dag.py took 1.817 seconds
[2025-11-08T11:55:59.980-0500] {processor.py:161} INFO - Started process (PID=193) to work on /opt/airflow/dags/ocr_pipeline_dag.py
[2025-11-08T11:55:59.982-0500] {processor.py:830} INFO - Processing file /opt/airflow/dags/ocr_pipeline_dag.py for tasks to queue
[2025-11-08T11:55:59.988-0500] {logging_mixin.py:188} INFO - [2025-11-08T11:55:59.987-0500] {dagbag.py:545} INFO - Filling up the DagBag from /opt/airflow/dags/ocr_pipeline_dag.py
[2025-11-08T11:56:00.022-0500] {logging_mixin.py:188} INFO - 📂 Using project root: /opt/project
[2025-11-08T11:56:00.260-0500] {logging_mixin.py:188} INFO - [2025-11-08T11:56:00.259-0500] {credentials.py:1278} INFO - Found credentials in shared credentials file: ~/.aws/credentials
[2025-11-08T11:56:01.370-0500] {processor.py:840} INFO - DAG(s) 'ocr_pipeline_dag' retrieved from /opt/airflow/dags/ocr_pipeline_dag.py
[2025-11-08T11:56:01.408-0500] {logging_mixin.py:188} INFO - [2025-11-08T11:56:01.407-0500] {dag.py:3089} INFO - Sync 1 DAGs
[2025-11-08T11:56:01.423-0500] {logging_mixin.py:188} INFO - [2025-11-08T11:56:01.422-0500] {dag.py:3947} INFO - Setting next_dagrun for ocr_pipeline_dag to None, run_after=None
[2025-11-08T11:56:01.449-0500] {processor.py:183} INFO - Processing /opt/airflow/dags/ocr_pipeline_dag.py took 1.483 seconds
[2025-11-08T11:56:31.706-0500] {processor.py:161} INFO - Started process (PID=199) to work on /opt/airflow/dags/ocr_pipeline_dag.py
[2025-11-08T11:56:31.708-0500] {processor.py:830} INFO - Processing file /opt/airflow/dags/ocr_pipeline_dag.py for tasks to queue
[2025-11-08T11:56:31.711-0500] {logging_mixin.py:188} INFO - [2025-11-08T11:56:31.711-0500] {dagbag.py:545} INFO - Filling up the DagBag from /opt/airflow/dags/ocr_pipeline_dag.py
[2025-11-08T11:56:31.732-0500] {logging_mixin.py:188} INFO - 📂 Using project root: /opt/project
[2025-11-08T11:56:32.176-0500] {logging_mixin.py:188} INFO - [2025-11-08T11:56:32.175-0500] {credentials.py:1278} INFO - Found credentials in shared credentials file: ~/.aws/credentials
[2025-11-08T11:56:33.384-0500] {processor.py:840} INFO - DAG(s) 'ocr_pipeline_dag' retrieved from /opt/airflow/dags/ocr_pipeline_dag.py
[2025-11-08T11:56:33.421-0500] {logging_mixin.py:188} INFO - [2025-11-08T11:56:33.421-0500] {dag.py:3089} INFO - Sync 1 DAGs
[2025-11-08T11:56:33.435-0500] {logging_mixin.py:188} INFO - [2025-11-08T11:56:33.435-0500] {dag.py:3947} INFO - Setting next_dagrun for ocr_pipeline_dag to None, run_after=None
[2025-11-08T11:56:33.459-0500] {processor.py:183} INFO - Processing /opt/airflow/dags/ocr_pipeline_dag.py took 1.764 seconds
[2025-11-08T11:57:29.481-0500] {processor.py:161} INFO - Started process (PID=181) to work on /opt/airflow/dags/ocr_pipeline_dag.py
[2025-11-08T11:57:29.484-0500] {processor.py:830} INFO - Processing file /opt/airflow/dags/ocr_pipeline_dag.py for tasks to queue
[2025-11-08T11:57:29.488-0500] {logging_mixin.py:188} INFO - [2025-11-08T11:57:29.487-0500] {dagbag.py:545} INFO - Filling up the DagBag from /opt/airflow/dags/ocr_pipeline_dag.py
[2025-11-08T11:57:29.509-0500] {logging_mixin.py:188} INFO - 📂 Using project root: /opt/project
[2025-11-08T11:57:30.103-0500] {logging_mixin.py:188} INFO - [2025-11-08T11:57:30.102-0500] {credentials.py:1278} INFO - Found credentials in shared credentials file: ~/.aws/credentials
[2025-11-08T11:57:32.663-0500] {processor.py:840} INFO - DAG(s) 'ocr_pipeline_dag' retrieved from /opt/airflow/dags/ocr_pipeline_dag.py
[2025-11-08T11:57:32.993-0500] {logging_mixin.py:188} INFO - [2025-11-08T11:57:32.993-0500] {override.py:1858} INFO - Created Permission View: can edit on DAG:ocr_pipeline_dag
[2025-11-08T11:57:33.006-0500] {logging_mixin.py:188} INFO - [2025-11-08T11:57:33.006-0500] {override.py:1858} INFO - Created Permission View: can read on DAG:ocr_pipeline_dag
[2025-11-08T11:57:33.024-0500] {logging_mixin.py:188} INFO - [2025-11-08T11:57:33.023-0500] {override.py:1858} INFO - Created Permission View: can delete on DAG:ocr_pipeline_dag
[2025-11-08T11:57:33.025-0500] {logging_mixin.py:188} INFO - [2025-11-08T11:57:33.025-0500] {dag.py:3089} INFO - Sync 1 DAGs
[2025-11-08T11:57:33.037-0500] {logging_mixin.py:188} INFO - [2025-11-08T11:57:33.037-0500] {dag.py:3111} INFO - Creating ORM DAG for ocr_pipeline_dag
[2025-11-08T11:57:33.039-0500] {logging_mixin.py:188} INFO - [2025-11-08T11:57:33.039-0500] {dag.py:3947} INFO - Setting next_dagrun for ocr_pipeline_dag to None, run_after=None
[2025-11-08T11:57:33.070-0500] {processor.py:183} INFO - Processing /opt/airflow/dags/ocr_pipeline_dag.py took 3.599 seconds
[2025-11-08T11:58:03.543-0500] {processor.py:161} INFO - Started process (PID=187) to work on /opt/airflow/dags/ocr_pipeline_dag.py
[2025-11-08T11:58:03.546-0500] {processor.py:830} INFO - Processing file /opt/airflow/dags/ocr_pipeline_dag.py for tasks to queue
[2025-11-08T11:58:03.551-0500] {logging_mixin.py:188} INFO - [2025-11-08T11:58:03.550-0500] {dagbag.py:545} INFO - Filling up the DagBag from /opt/airflow/dags/ocr_pipeline_dag.py
[2025-11-08T11:58:03.574-0500] {logging_mixin.py:188} INFO - 📂 Using project root: /opt/project
[2025-11-08T11:58:03.841-0500] {logging_mixin.py:188} INFO - [2025-11-08T11:58:03.841-0500] {credentials.py:1278} INFO - Found credentials in shared credentials file: ~/.aws/credentials
[2025-11-08T11:58:04.848-0500] {processor.py:840} INFO - DAG(s) 'ocr_pipeline_dag' retrieved from /opt/airflow/dags/ocr_pipeline_dag.py
[2025-11-08T11:58:04.887-0500] {logging_mixin.py:188} INFO - [2025-11-08T11:58:04.886-0500] {dag.py:3089} INFO - Sync 1 DAGs
[2025-11-08T11:58:04.903-0500] {logging_mixin.py:188} INFO - [2025-11-08T11:58:04.903-0500] {dag.py:3947} INFO - Setting next_dagrun for ocr_pipeline_dag to None, run_after=None
[2025-11-08T11:58:04.929-0500] {processor.py:183} INFO - Processing /opt/airflow/dags/ocr_pipeline_dag.py took 1.404 seconds
[2025-11-08T11:58:35.380-0500] {processor.py:161} INFO - Started process (PID=193) to work on /opt/airflow/dags/ocr_pipeline_dag.py
[2025-11-08T11:58:35.381-0500] {processor.py:830} INFO - Processing file /opt/airflow/dags/ocr_pipeline_dag.py for tasks to queue
[2025-11-08T11:58:35.384-0500] {logging_mixin.py:188} INFO - [2025-11-08T11:58:35.384-0500] {dagbag.py:545} INFO - Filling up the DagBag from /opt/airflow/dags/ocr_pipeline_dag.py
[2025-11-08T11:58:35.403-0500] {logging_mixin.py:188} INFO - 📂 Using project root: /opt/project
[2025-11-08T11:58:35.578-0500] {logging_mixin.py:188} INFO - [2025-11-08T11:58:35.577-0500] {credentials.py:1278} INFO - Found credentials in shared credentials file: ~/.aws/credentials
[2025-11-08T11:58:36.296-0500] {processor.py:840} INFO - DAG(s) 'ocr_pipeline_dag' retrieved from /opt/airflow/dags/ocr_pipeline_dag.py
[2025-11-08T11:58:36.327-0500] {logging_mixin.py:188} INFO - [2025-11-08T11:58:36.326-0500] {dag.py:3089} INFO - Sync 1 DAGs
[2025-11-08T11:58:36.339-0500] {logging_mixin.py:188} INFO - [2025-11-08T11:58:36.339-0500] {dag.py:3947} INFO - Setting next_dagrun for ocr_pipeline_dag to None, run_after=None
[2025-11-08T11:58:36.363-0500] {processor.py:183} INFO - Processing /opt/airflow/dags/ocr_pipeline_dag.py took 0.991 seconds
[2025-11-08T11:59:06.879-0500] {processor.py:161} INFO - Started process (PID=199) to work on /opt/airflow/dags/ocr_pipeline_dag.py
[2025-11-08T11:59:06.881-0500] {processor.py:830} INFO - Processing file /opt/airflow/dags/ocr_pipeline_dag.py for tasks to queue
[2025-11-08T11:59:06.886-0500] {logging_mixin.py:188} INFO - [2025-11-08T11:59:06.885-0500] {dagbag.py:545} INFO - Filling up the DagBag from /opt/airflow/dags/ocr_pipeline_dag.py
[2025-11-08T11:59:06.904-0500] {logging_mixin.py:188} INFO - 📂 Using project root: /opt/project
[2025-11-08T11:59:07.091-0500] {logging_mixin.py:188} INFO - [2025-11-08T11:59:07.091-0500] {credentials.py:1278} INFO - Found credentials in shared credentials file: ~/.aws/credentials
[2025-11-08T11:59:07.817-0500] {processor.py:840} INFO - DAG(s) 'ocr_pipeline_dag' retrieved from /opt/airflow/dags/ocr_pipeline_dag.py
[2025-11-08T11:59:07.854-0500] {logging_mixin.py:188} INFO - [2025-11-08T11:59:07.854-0500] {dag.py:3089} INFO - Sync 1 DAGs
[2025-11-08T11:59:07.869-0500] {logging_mixin.py:188} INFO - [2025-11-08T11:59:07.869-0500] {dag.py:3947} INFO - Setting next_dagrun for ocr_pipeline_dag to None, run_after=None
[2025-11-08T11:59:07.893-0500] {processor.py:183} INFO - Processing /opt/airflow/dags/ocr_pipeline_dag.py took 1.023 seconds
[2025-11-08T11:59:38.342-0500] {processor.py:161} INFO - Started process (PID=205) to work on /opt/airflow/dags/ocr_pipeline_dag.py
[2025-11-08T11:59:38.344-0500] {processor.py:830} INFO - Processing file /opt/airflow/dags/ocr_pipeline_dag.py for tasks to queue
[2025-11-08T11:59:38.347-0500] {logging_mixin.py:188} INFO - [2025-11-08T11:59:38.347-0500] {dagbag.py:545} INFO - Filling up the DagBag from /opt/airflow/dags/ocr_pipeline_dag.py
[2025-11-08T11:59:38.369-0500] {logging_mixin.py:188} INFO - 📂 Using project root: /opt/project
[2025-11-08T11:59:38.583-0500] {logging_mixin.py:188} INFO - [2025-11-08T11:59:38.582-0500] {credentials.py:1278} INFO - Found credentials in shared credentials file: ~/.aws/credentials
[2025-11-08T11:59:39.312-0500] {processor.py:840} INFO - DAG(s) 'ocr_pipeline_dag' retrieved from /opt/airflow/dags/ocr_pipeline_dag.py
[2025-11-08T11:59:39.352-0500] {logging_mixin.py:188} INFO - [2025-11-08T11:59:39.351-0500] {dag.py:3089} INFO - Sync 1 DAGs
[2025-11-08T11:59:39.366-0500] {logging_mixin.py:188} INFO - [2025-11-08T11:59:39.366-0500] {dag.py:3947} INFO - Setting next_dagrun for ocr_pipeline_dag to None, run_after=None
[2025-11-08T11:59:39.391-0500] {processor.py:183} INFO - Processing /opt/airflow/dags/ocr_pipeline_dag.py took 1.060 seconds
[2025-11-08T12:00:10.035-0500] {processor.py:161} INFO - Started process (PID=211) to work on /opt/airflow/dags/ocr_pipeline_dag.py
[2025-11-08T12:00:10.036-0500] {processor.py:830} INFO - Processing file /opt/airflow/dags/ocr_pipeline_dag.py for tasks to queue
[2025-11-08T12:00:10.040-0500] {logging_mixin.py:188} INFO - [2025-11-08T12:00:10.039-0500] {dagbag.py:545} INFO - Filling up the DagBag from /opt/airflow/dags/ocr_pipeline_dag.py
[2025-11-08T12:00:10.059-0500] {logging_mixin.py:188} INFO - 📂 Using project root: /opt/project
[2025-11-08T12:00:10.247-0500] {logging_mixin.py:188} INFO - [2025-11-08T12:00:10.246-0500] {credentials.py:1278} INFO - Found credentials in shared credentials file: ~/.aws/credentials
[2025-11-08T12:00:11.288-0500] {processor.py:840} INFO - DAG(s) 'ocr_pipeline_dag' retrieved from /opt/airflow/dags/ocr_pipeline_dag.py
[2025-11-08T12:00:11.325-0500] {logging_mixin.py:188} INFO - [2025-11-08T12:00:11.325-0500] {dag.py:3089} INFO - Sync 1 DAGs
[2025-11-08T12:00:11.339-0500] {logging_mixin.py:188} INFO - [2025-11-08T12:00:11.339-0500] {dag.py:3947} INFO - Setting next_dagrun for ocr_pipeline_dag to None, run_after=None
[2025-11-08T12:00:11.362-0500] {processor.py:183} INFO - Processing /opt/airflow/dags/ocr_pipeline_dag.py took 1.345 seconds
[2025-11-08T12:00:41.808-0500] {processor.py:161} INFO - Started process (PID=217) to work on /opt/airflow/dags/ocr_pipeline_dag.py
[2025-11-08T12:00:41.810-0500] {processor.py:830} INFO - Processing file /opt/airflow/dags/ocr_pipeline_dag.py for tasks to queue
[2025-11-08T12:00:41.813-0500] {logging_mixin.py:188} INFO - [2025-11-08T12:00:41.813-0500] {dagbag.py:545} INFO - Filling up the DagBag from /opt/airflow/dags/ocr_pipeline_dag.py
[2025-11-08T12:00:41.836-0500] {logging_mixin.py:188} INFO - 📂 Using project root: /opt/project
[2025-11-08T12:00:42.014-0500] {logging_mixin.py:188} INFO - [2025-11-08T12:00:42.013-0500] {credentials.py:1278} INFO - Found credentials in shared credentials file: ~/.aws/credentials
[2025-11-08T12:00:42.794-0500] {processor.py:840} INFO - DAG(s) 'ocr_pipeline_dag' retrieved from /opt/airflow/dags/ocr_pipeline_dag.py
[2025-11-08T12:00:42.831-0500] {logging_mixin.py:188} INFO - [2025-11-08T12:00:42.830-0500] {dag.py:3089} INFO - Sync 1 DAGs
[2025-11-08T12:00:42.846-0500] {logging_mixin.py:188} INFO - [2025-11-08T12:00:42.846-0500] {dag.py:3947} INFO - Setting next_dagrun for ocr_pipeline_dag to None, run_after=None
[2025-11-08T12:00:42.875-0500] {processor.py:183} INFO - Processing /opt/airflow/dags/ocr_pipeline_dag.py took 1.076 seconds
[2025-11-08T12:01:13.336-0500] {processor.py:161} INFO - Started process (PID=223) to work on /opt/airflow/dags/ocr_pipeline_dag.py
[2025-11-08T12:01:13.337-0500] {processor.py:830} INFO - Processing file /opt/airflow/dags/ocr_pipeline_dag.py for tasks to queue
[2025-11-08T12:01:13.341-0500] {logging_mixin.py:188} INFO - [2025-11-08T12:01:13.341-0500] {dagbag.py:545} INFO - Filling up the DagBag from /opt/airflow/dags/ocr_pipeline_dag.py
[2025-11-08T12:01:13.360-0500] {logging_mixin.py:188} INFO - 📂 Using project root: /opt/project
[2025-11-08T12:01:13.530-0500] {logging_mixin.py:188} INFO - [2025-11-08T12:01:13.530-0500] {credentials.py:1278} INFO - Found credentials in shared credentials file: ~/.aws/credentials
[2025-11-08T12:01:14.964-0500] {processor.py:840} INFO - DAG(s) 'ocr_pipeline_dag' retrieved from /opt/airflow/dags/ocr_pipeline_dag.py
[2025-11-08T12:01:14.990-0500] {logging_mixin.py:188} INFO - [2025-11-08T12:01:14.989-0500] {dag.py:3089} INFO - Sync 1 DAGs
[2025-11-08T12:01:15.002-0500] {logging_mixin.py:188} INFO - [2025-11-08T12:01:15.002-0500] {dag.py:3947} INFO - Setting next_dagrun for ocr_pipeline_dag to None, run_after=None
[2025-11-08T12:01:15.024-0500] {processor.py:183} INFO - Processing /opt/airflow/dags/ocr_pipeline_dag.py took 1.575 seconds
[2025-11-08T12:02:13.189-0500] {processor.py:161} INFO - Started process (PID=181) to work on /opt/airflow/dags/ocr_pipeline_dag.py
[2025-11-08T12:02:13.192-0500] {processor.py:830} INFO - Processing file /opt/airflow/dags/ocr_pipeline_dag.py for tasks to queue
[2025-11-08T12:02:13.197-0500] {logging_mixin.py:188} INFO - [2025-11-08T12:02:13.196-0500] {dagbag.py:545} INFO - Filling up the DagBag from /opt/airflow/dags/ocr_pipeline_dag.py
[2025-11-08T12:02:13.217-0500] {logging_mixin.py:188} INFO - 📂 Using project root: /opt/project
[2025-11-08T12:02:14.333-0500] {logging_mixin.py:188} INFO - [2025-11-08T12:02:14.333-0500] {credentials.py:1278} INFO - Found credentials in shared credentials file: ~/.aws/credentials
[2025-11-08T12:02:17.493-0500] {processor.py:840} INFO - DAG(s) 'ocr_pipeline_dag' retrieved from /opt/airflow/dags/ocr_pipeline_dag.py
[2025-11-08T12:02:18.223-0500] {logging_mixin.py:188} INFO - [2025-11-08T12:02:18.221-0500] {override.py:1858} INFO - Created Permission View: can read on DAG:ocr_pipeline_dag
[2025-11-08T12:02:18.244-0500] {logging_mixin.py:188} INFO - [2025-11-08T12:02:18.243-0500] {override.py:1858} INFO - Created Permission View: can delete on DAG:ocr_pipeline_dag
[2025-11-08T12:02:18.260-0500] {logging_mixin.py:188} INFO - [2025-11-08T12:02:18.259-0500] {override.py:1858} INFO - Created Permission View: can edit on DAG:ocr_pipeline_dag
[2025-11-08T12:02:18.263-0500] {logging_mixin.py:188} INFO - [2025-11-08T12:02:18.262-0500] {dag.py:3089} INFO - Sync 1 DAGs
[2025-11-08T12:02:18.286-0500] {logging_mixin.py:188} INFO - [2025-11-08T12:02:18.285-0500] {dag.py:3111} INFO - Creating ORM DAG for ocr_pipeline_dag
[2025-11-08T12:02:18.288-0500] {logging_mixin.py:188} INFO - [2025-11-08T12:02:18.287-0500] {dag.py:3947} INFO - Setting next_dagrun for ocr_pipeline_dag to None, run_after=None
[2025-11-08T12:02:18.332-0500] {processor.py:183} INFO - Processing /opt/airflow/dags/ocr_pipeline_dag.py took 5.029 seconds
[2025-11-08T12:02:48.741-0500] {processor.py:161} INFO - Started process (PID=187) to work on /opt/airflow/dags/ocr_pipeline_dag.py
[2025-11-08T12:02:48.743-0500] {processor.py:830} INFO - Processing file /opt/airflow/dags/ocr_pipeline_dag.py for tasks to queue
[2025-11-08T12:02:48.746-0500] {logging_mixin.py:188} INFO - [2025-11-08T12:02:48.746-0500] {dagbag.py:545} INFO - Filling up the DagBag from /opt/airflow/dags/ocr_pipeline_dag.py
[2025-11-08T12:02:48.771-0500] {logging_mixin.py:188} INFO - 📂 Using project root: /opt/project
[2025-11-08T12:02:48.986-0500] {logging_mixin.py:188} INFO - [2025-11-08T12:02:48.986-0500] {credentials.py:1278} INFO - Found credentials in shared credentials file: ~/.aws/credentials
[2025-11-08T12:02:49.881-0500] {processor.py:840} INFO - DAG(s) 'ocr_pipeline_dag' retrieved from /opt/airflow/dags/ocr_pipeline_dag.py
[2025-11-08T12:02:49.921-0500] {logging_mixin.py:188} INFO - [2025-11-08T12:02:49.921-0500] {dag.py:3089} INFO - Sync 1 DAGs
[2025-11-08T12:02:49.939-0500] {logging_mixin.py:188} INFO - [2025-11-08T12:02:49.939-0500] {dag.py:3947} INFO - Setting next_dagrun for ocr_pipeline_dag to None, run_after=None
[2025-11-08T12:02:49.969-0500] {processor.py:183} INFO - Processing /opt/airflow/dags/ocr_pipeline_dag.py took 1.238 seconds
[2025-11-08T12:03:20.275-0500] {processor.py:161} INFO - Started process (PID=193) to work on /opt/airflow/dags/ocr_pipeline_dag.py
[2025-11-08T12:03:20.278-0500] {processor.py:830} INFO - Processing file /opt/airflow/dags/ocr_pipeline_dag.py for tasks to queue
[2025-11-08T12:03:20.283-0500] {logging_mixin.py:188} INFO - [2025-11-08T12:03:20.282-0500] {dagbag.py:545} INFO - Filling up the DagBag from /opt/airflow/dags/ocr_pipeline_dag.py
[2025-11-08T12:03:20.313-0500] {logging_mixin.py:188} INFO - 📂 Using project root: /opt/project
[2025-11-08T12:03:20.588-0500] {logging_mixin.py:188} INFO - [2025-11-08T12:03:20.588-0500] {credentials.py:1278} INFO - Found credentials in shared credentials file: ~/.aws/credentials
[2025-11-08T12:03:21.539-0500] {processor.py:840} INFO - DAG(s) 'ocr_pipeline_dag' retrieved from /opt/airflow/dags/ocr_pipeline_dag.py
[2025-11-08T12:03:21.581-0500] {logging_mixin.py:188} INFO - [2025-11-08T12:03:21.580-0500] {dag.py:3089} INFO - Sync 1 DAGs
[2025-11-08T12:03:21.594-0500] {logging_mixin.py:188} INFO - [2025-11-08T12:03:21.594-0500] {dag.py:3947} INFO - Setting next_dagrun for ocr_pipeline_dag to None, run_after=None
[2025-11-08T12:03:21.624-0500] {processor.py:183} INFO - Processing /opt/airflow/dags/ocr_pipeline_dag.py took 1.362 seconds
[2025-11-08T12:03:51.903-0500] {processor.py:161} INFO - Started process (PID=199) to work on /opt/airflow/dags/ocr_pipeline_dag.py
[2025-11-08T12:03:51.905-0500] {processor.py:830} INFO - Processing file /opt/airflow/dags/ocr_pipeline_dag.py for tasks to queue
[2025-11-08T12:03:51.913-0500] {logging_mixin.py:188} INFO - [2025-11-08T12:03:51.911-0500] {dagbag.py:545} INFO - Filling up the DagBag from /opt/airflow/dags/ocr_pipeline_dag.py
[2025-11-08T12:03:51.939-0500] {logging_mixin.py:188} INFO - 📂 Using project root: /opt/project
[2025-11-08T12:03:52.201-0500] {logging_mixin.py:188} INFO - [2025-11-08T12:03:52.201-0500] {credentials.py:1278} INFO - Found credentials in shared credentials file: ~/.aws/credentials
[2025-11-08T12:03:53.189-0500] {processor.py:840} INFO - DAG(s) 'ocr_pipeline_dag' retrieved from /opt/airflow/dags/ocr_pipeline_dag.py
[2025-11-08T12:03:53.229-0500] {logging_mixin.py:188} INFO - [2025-11-08T12:03:53.228-0500] {dag.py:3089} INFO - Sync 1 DAGs
[2025-11-08T12:03:53.244-0500] {logging_mixin.py:188} INFO - [2025-11-08T12:03:53.243-0500] {dag.py:3947} INFO - Setting next_dagrun for ocr_pipeline_dag to None, run_after=None
[2025-11-08T12:03:53.268-0500] {processor.py:183} INFO - Processing /opt/airflow/dags/ocr_pipeline_dag.py took 1.375 seconds
[2025-11-08T12:04:23.768-0500] {processor.py:161} INFO - Started process (PID=205) to work on /opt/airflow/dags/ocr_pipeline_dag.py
[2025-11-08T12:04:23.781-0500] {processor.py:830} INFO - Processing file /opt/airflow/dags/ocr_pipeline_dag.py for tasks to queue
[2025-11-08T12:04:23.798-0500] {logging_mixin.py:188} INFO - [2025-11-08T12:04:23.795-0500] {dagbag.py:545} INFO - Filling up the DagBag from /opt/airflow/dags/ocr_pipeline_dag.py
[2025-11-08T12:04:23.854-0500] {logging_mixin.py:188} INFO - 📂 Using project root: /opt/project
[2025-11-08T12:05:06.900-0500] {processor.py:161} INFO - Started process (PID=181) to work on /opt/airflow/dags/ocr_pipeline_dag.py
[2025-11-08T12:05:06.902-0500] {processor.py:830} INFO - Processing file /opt/airflow/dags/ocr_pipeline_dag.py for tasks to queue
[2025-11-08T12:05:06.907-0500] {logging_mixin.py:188} INFO - [2025-11-08T12:05:06.906-0500] {dagbag.py:545} INFO - Filling up the DagBag from /opt/airflow/dags/ocr_pipeline_dag.py
[2025-11-08T12:05:06.929-0500] {logging_mixin.py:188} INFO - 📂 Using project root: /opt/project
[2025-11-08T12:05:07.620-0500] {logging_mixin.py:188} INFO - [2025-11-08T12:05:07.619-0500] {credentials.py:1278} INFO - Found credentials in shared credentials file: ~/.aws/credentials
[2025-11-08T12:05:09.926-0500] {processor.py:840} INFO - DAG(s) 'ocr_pipeline_dag' retrieved from /opt/airflow/dags/ocr_pipeline_dag.py
[2025-11-08T12:05:10.241-0500] {logging_mixin.py:188} INFO - [2025-11-08T12:05:10.240-0500] {override.py:1858} INFO - Created Permission View: can edit on DAG:ocr_pipeline_dag
[2025-11-08T12:05:10.253-0500] {logging_mixin.py:188} INFO - [2025-11-08T12:05:10.252-0500] {override.py:1858} INFO - Created Permission View: can delete on DAG:ocr_pipeline_dag
[2025-11-08T12:05:10.262-0500] {logging_mixin.py:188} INFO - [2025-11-08T12:05:10.261-0500] {override.py:1858} INFO - Created Permission View: can read on DAG:ocr_pipeline_dag
[2025-11-08T12:05:10.263-0500] {logging_mixin.py:188} INFO - [2025-11-08T12:05:10.263-0500] {dag.py:3089} INFO - Sync 1 DAGs
[2025-11-08T12:05:10.275-0500] {logging_mixin.py:188} INFO - [2025-11-08T12:05:10.275-0500] {dag.py:3111} INFO - Creating ORM DAG for ocr_pipeline_dag
[2025-11-08T12:05:10.276-0500] {logging_mixin.py:188} INFO - [2025-11-08T12:05:10.276-0500] {dag.py:3947} INFO - Setting next_dagrun for ocr_pipeline_dag to None, run_after=None
[2025-11-08T12:05:10.307-0500] {processor.py:183} INFO - Processing /opt/airflow/dags/ocr_pipeline_dag.py took 3.420 seconds
[2025-11-08T12:05:41.004-0500] {processor.py:161} INFO - Started process (PID=190) to work on /opt/airflow/dags/ocr_pipeline_dag.py
[2025-11-08T12:05:41.021-0500] {processor.py:830} INFO - Processing file /opt/airflow/dags/ocr_pipeline_dag.py for tasks to queue
[2025-11-08T12:05:41.066-0500] {logging_mixin.py:188} INFO - [2025-11-08T12:05:41.060-0500] {dagbag.py:545} INFO - Filling up the DagBag from /opt/airflow/dags/ocr_pipeline_dag.py
[2025-11-08T12:05:41.121-0500] {logging_mixin.py:188} INFO - 📂 Using project root: /opt/project
[2025-11-08T12:05:42.070-0500] {logging_mixin.py:188} INFO - [2025-11-08T12:05:42.069-0500] {credentials.py:1278} INFO - Found credentials in shared credentials file: ~/.aws/credentials
[2025-11-08T12:05:43.538-0500] {processor.py:840} INFO - DAG(s) 'ocr_pipeline_dag' retrieved from /opt/airflow/dags/ocr_pipeline_dag.py
[2025-11-08T12:05:43.604-0500] {logging_mixin.py:188} INFO - [2025-11-08T12:05:43.603-0500] {dag.py:3089} INFO - Sync 1 DAGs
[2025-11-08T12:05:43.651-0500] {logging_mixin.py:188} INFO - [2025-11-08T12:05:43.651-0500] {dag.py:3947} INFO - Setting next_dagrun for ocr_pipeline_dag to None, run_after=None
[2025-11-08T12:05:43.699-0500] {processor.py:183} INFO - Processing /opt/airflow/dags/ocr_pipeline_dag.py took 2.785 seconds
[2025-11-08T12:06:14.245-0500] {processor.py:161} INFO - Started process (PID=210) to work on /opt/airflow/dags/ocr_pipeline_dag.py
[2025-11-08T12:06:14.248-0500] {processor.py:830} INFO - Processing file /opt/airflow/dags/ocr_pipeline_dag.py for tasks to queue
[2025-11-08T12:06:14.253-0500] {logging_mixin.py:188} INFO - [2025-11-08T12:06:14.252-0500] {dagbag.py:545} INFO - Filling up the DagBag from /opt/airflow/dags/ocr_pipeline_dag.py
[2025-11-08T12:06:14.288-0500] {logging_mixin.py:188} INFO - 📂 Using project root: /opt/project
[2025-11-08T12:06:14.605-0500] {logging_mixin.py:188} INFO - [2025-11-08T12:06:14.605-0500] {credentials.py:1278} INFO - Found credentials in shared credentials file: ~/.aws/credentials
[2025-11-08T12:06:15.563-0500] {processor.py:840} INFO - DAG(s) 'ocr_pipeline_dag' retrieved from /opt/airflow/dags/ocr_pipeline_dag.py
[2025-11-08T12:06:15.603-0500] {logging_mixin.py:188} INFO - [2025-11-08T12:06:15.602-0500] {dag.py:3089} INFO - Sync 1 DAGs
[2025-11-08T12:06:15.617-0500] {logging_mixin.py:188} INFO - [2025-11-08T12:06:15.616-0500] {dag.py:3947} INFO - Setting next_dagrun for ocr_pipeline_dag to None, run_after=None
[2025-11-08T12:06:15.641-0500] {processor.py:183} INFO - Processing /opt/airflow/dags/ocr_pipeline_dag.py took 1.283 seconds
[2025-11-08T12:06:45.717-0500] {processor.py:161} INFO - Started process (PID=216) to work on /opt/airflow/dags/ocr_pipeline_dag.py
[2025-11-08T12:06:45.719-0500] {processor.py:830} INFO - Processing file /opt/airflow/dags/ocr_pipeline_dag.py for tasks to queue
[2025-11-08T12:06:45.722-0500] {logging_mixin.py:188} INFO - [2025-11-08T12:06:45.721-0500] {dagbag.py:545} INFO - Filling up the DagBag from /opt/airflow/dags/ocr_pipeline_dag.py
[2025-11-08T12:06:45.742-0500] {logging_mixin.py:188} INFO - 📂 Using project root: /opt/project
[2025-11-08T12:06:45.927-0500] {logging_mixin.py:188} INFO - [2025-11-08T12:06:45.926-0500] {credentials.py:1278} INFO - Found credentials in shared credentials file: ~/.aws/credentials
[2025-11-08T12:06:46.920-0500] {processor.py:840} INFO - DAG(s) 'ocr_pipeline_dag' retrieved from /opt/airflow/dags/ocr_pipeline_dag.py
[2025-11-08T12:06:46.957-0500] {logging_mixin.py:188} INFO - [2025-11-08T12:06:46.956-0500] {dag.py:3089} INFO - Sync 1 DAGs
[2025-11-08T12:06:46.971-0500] {logging_mixin.py:188} INFO - [2025-11-08T12:06:46.970-0500] {dag.py:3947} INFO - Setting next_dagrun for ocr_pipeline_dag to None, run_after=None
[2025-11-08T12:06:47.006-0500] {processor.py:183} INFO - Processing /opt/airflow/dags/ocr_pipeline_dag.py took 1.299 seconds
[2025-11-08T12:07:17.496-0500] {processor.py:161} INFO - Started process (PID=222) to work on /opt/airflow/dags/ocr_pipeline_dag.py
[2025-11-08T12:07:17.498-0500] {processor.py:830} INFO - Processing file /opt/airflow/dags/ocr_pipeline_dag.py for tasks to queue
[2025-11-08T12:07:17.501-0500] {logging_mixin.py:188} INFO - [2025-11-08T12:07:17.500-0500] {dagbag.py:545} INFO - Filling up the DagBag from /opt/airflow/dags/ocr_pipeline_dag.py
[2025-11-08T12:07:17.517-0500] {logging_mixin.py:188} INFO - 📂 Using project root: /opt/project
[2025-11-08T12:07:17.688-0500] {logging_mixin.py:188} INFO - [2025-11-08T12:07:17.688-0500] {credentials.py:1278} INFO - Found credentials in shared credentials file: ~/.aws/credentials
[2025-11-08T12:07:18.476-0500] {processor.py:840} INFO - DAG(s) 'ocr_pipeline_dag' retrieved from /opt/airflow/dags/ocr_pipeline_dag.py
[2025-11-08T12:07:18.508-0500] {logging_mixin.py:188} INFO - [2025-11-08T12:07:18.507-0500] {dag.py:3089} INFO - Sync 1 DAGs
[2025-11-08T12:07:18.522-0500] {logging_mixin.py:188} INFO - [2025-11-08T12:07:18.521-0500] {dag.py:3947} INFO - Setting next_dagrun for ocr_pipeline_dag to None, run_after=None
[2025-11-08T12:07:18.546-0500] {processor.py:183} INFO - Processing /opt/airflow/dags/ocr_pipeline_dag.py took 1.058 seconds
[2025-11-08T12:07:49.025-0500] {processor.py:161} INFO - Started process (PID=228) to work on /opt/airflow/dags/ocr_pipeline_dag.py
[2025-11-08T12:07:49.027-0500] {processor.py:830} INFO - Processing file /opt/airflow/dags/ocr_pipeline_dag.py for tasks to queue
[2025-11-08T12:07:49.030-0500] {logging_mixin.py:188} INFO - [2025-11-08T12:07:49.030-0500] {dagbag.py:545} INFO - Filling up the DagBag from /opt/airflow/dags/ocr_pipeline_dag.py
[2025-11-08T12:07:49.049-0500] {logging_mixin.py:188} INFO - 📂 Using project root: /opt/project
[2025-11-08T12:07:49.241-0500] {logging_mixin.py:188} INFO - [2025-11-08T12:07:49.241-0500] {credentials.py:1278} INFO - Found credentials in shared credentials file: ~/.aws/credentials
[2025-11-08T12:07:50.110-0500] {processor.py:840} INFO - DAG(s) 'ocr_pipeline_dag' retrieved from /opt/airflow/dags/ocr_pipeline_dag.py
[2025-11-08T12:07:50.148-0500] {logging_mixin.py:188} INFO - [2025-11-08T12:07:50.148-0500] {dag.py:3089} INFO - Sync 1 DAGs
[2025-11-08T12:07:50.161-0500] {logging_mixin.py:188} INFO - [2025-11-08T12:07:50.161-0500] {dag.py:3947} INFO - Setting next_dagrun for ocr_pipeline_dag to None, run_after=None
[2025-11-08T12:07:50.191-0500] {processor.py:183} INFO - Processing /opt/airflow/dags/ocr_pipeline_dag.py took 1.178 seconds
[2025-11-08T12:08:20.633-0500] {processor.py:161} INFO - Started process (PID=234) to work on /opt/airflow/dags/ocr_pipeline_dag.py
[2025-11-08T12:08:20.635-0500] {processor.py:830} INFO - Processing file /opt/airflow/dags/ocr_pipeline_dag.py for tasks to queue
[2025-11-08T12:08:20.639-0500] {logging_mixin.py:188} INFO - [2025-11-08T12:08:20.638-0500] {dagbag.py:545} INFO - Filling up the DagBag from /opt/airflow/dags/ocr_pipeline_dag.py
[2025-11-08T12:08:20.657-0500] {logging_mixin.py:188} INFO - 📂 Using project root: /opt/project
[2025-11-08T12:08:20.883-0500] {logging_mixin.py:188} INFO - [2025-11-08T12:08:20.883-0500] {credentials.py:1278} INFO - Found credentials in shared credentials file: ~/.aws/credentials
[2025-11-08T12:08:21.691-0500] {processor.py:840} INFO - DAG(s) 'ocr_pipeline_dag' retrieved from /opt/airflow/dags/ocr_pipeline_dag.py
[2025-11-08T12:08:21.726-0500] {logging_mixin.py:188} INFO - [2025-11-08T12:08:21.725-0500] {dag.py:3089} INFO - Sync 1 DAGs
[2025-11-08T12:08:21.742-0500] {logging_mixin.py:188} INFO - [2025-11-08T12:08:21.741-0500] {dag.py:3947} INFO - Setting next_dagrun for ocr_pipeline_dag to None, run_after=None
[2025-11-08T12:08:21.769-0500] {processor.py:183} INFO - Processing /opt/airflow/dags/ocr_pipeline_dag.py took 1.148 seconds
[2025-11-08T12:08:52.339-0500] {processor.py:161} INFO - Started process (PID=240) to work on /opt/airflow/dags/ocr_pipeline_dag.py
[2025-11-08T12:08:52.344-0500] {processor.py:830} INFO - Processing file /opt/airflow/dags/ocr_pipeline_dag.py for tasks to queue
[2025-11-08T12:08:52.355-0500] {logging_mixin.py:188} INFO - [2025-11-08T12:08:52.353-0500] {dagbag.py:545} INFO - Filling up the DagBag from /opt/airflow/dags/ocr_pipeline_dag.py
[2025-11-08T12:08:52.382-0500] {logging_mixin.py:188} INFO - 📂 Using project root: /opt/project
[2025-11-08T12:08:52.715-0500] {logging_mixin.py:188} INFO - [2025-11-08T12:08:52.715-0500] {credentials.py:1278} INFO - Found credentials in shared credentials file: ~/.aws/credentials
[2025-11-08T12:08:54.297-0500] {processor.py:840} INFO - DAG(s) 'ocr_pipeline_dag' retrieved from /opt/airflow/dags/ocr_pipeline_dag.py
[2025-11-08T12:08:54.358-0500] {logging_mixin.py:188} INFO - [2025-11-08T12:08:54.357-0500] {dag.py:3089} INFO - Sync 1 DAGs
[2025-11-08T12:08:54.385-0500] {logging_mixin.py:188} INFO - [2025-11-08T12:08:54.385-0500] {dag.py:3947} INFO - Setting next_dagrun for ocr_pipeline_dag to None, run_after=None
[2025-11-08T12:08:54.423-0500] {processor.py:183} INFO - Processing /opt/airflow/dags/ocr_pipeline_dag.py took 2.109 seconds
[2025-11-08T12:09:24.789-0500] {processor.py:161} INFO - Started process (PID=256) to work on /opt/airflow/dags/ocr_pipeline_dag.py
[2025-11-08T12:09:24.792-0500] {processor.py:830} INFO - Processing file /opt/airflow/dags/ocr_pipeline_dag.py for tasks to queue
[2025-11-08T12:09:24.799-0500] {logging_mixin.py:188} INFO - [2025-11-08T12:09:24.797-0500] {dagbag.py:545} INFO - Filling up the DagBag from /opt/airflow/dags/ocr_pipeline_dag.py
[2025-11-08T12:09:24.853-0500] {logging_mixin.py:188} INFO - 📂 Using project root: /opt/project
[2025-11-08T12:09:25.162-0500] {logging_mixin.py:188} INFO - [2025-11-08T12:09:25.161-0500] {credentials.py:1278} INFO - Found credentials in shared credentials file: ~/.aws/credentials
[2025-11-08T12:09:28.711-0500] {processor.py:840} INFO - DAG(s) 'ocr_pipeline_dag' retrieved from /opt/airflow/dags/ocr_pipeline_dag.py
[2025-11-08T12:09:28.756-0500] {logging_mixin.py:188} INFO - [2025-11-08T12:09:28.755-0500] {dag.py:3089} INFO - Sync 1 DAGs
[2025-11-08T12:09:28.774-0500] {logging_mixin.py:188} INFO - [2025-11-08T12:09:28.773-0500] {dag.py:3947} INFO - Setting next_dagrun for ocr_pipeline_dag to None, run_after=None
[2025-11-08T12:09:28.831-0500] {processor.py:183} INFO - Processing /opt/airflow/dags/ocr_pipeline_dag.py took 4.068 seconds
[2025-11-08T12:09:59.260-0500] {processor.py:161} INFO - Started process (PID=269) to work on /opt/airflow/dags/ocr_pipeline_dag.py
[2025-11-08T12:09:59.262-0500] {processor.py:830} INFO - Processing file /opt/airflow/dags/ocr_pipeline_dag.py for tasks to queue
[2025-11-08T12:09:59.266-0500] {logging_mixin.py:188} INFO - [2025-11-08T12:09:59.265-0500] {dagbag.py:545} INFO - Filling up the DagBag from /opt/airflow/dags/ocr_pipeline_dag.py
[2025-11-08T12:09:59.287-0500] {logging_mixin.py:188} INFO - 📂 Using project root: /opt/project
[2025-11-08T12:09:59.497-0500] {logging_mixin.py:188} INFO - [2025-11-08T12:09:59.497-0500] {credentials.py:1278} INFO - Found credentials in shared credentials file: ~/.aws/credentials
[2025-11-08T12:10:00.222-0500] {processor.py:840} INFO - DAG(s) 'ocr_pipeline_dag' retrieved from /opt/airflow/dags/ocr_pipeline_dag.py
[2025-11-08T12:10:00.254-0500] {logging_mixin.py:188} INFO - [2025-11-08T12:10:00.254-0500] {dag.py:3089} INFO - Sync 1 DAGs
[2025-11-08T12:10:00.270-0500] {logging_mixin.py:188} INFO - [2025-11-08T12:10:00.269-0500] {dag.py:3947} INFO - Setting next_dagrun for ocr_pipeline_dag to None, run_after=None
[2025-11-08T12:10:00.293-0500] {processor.py:183} INFO - Processing /opt/airflow/dags/ocr_pipeline_dag.py took 1.044 seconds
[2025-11-08T12:10:30.719-0500] {processor.py:161} INFO - Started process (PID=275) to work on /opt/airflow/dags/ocr_pipeline_dag.py
[2025-11-08T12:10:30.721-0500] {processor.py:830} INFO - Processing file /opt/airflow/dags/ocr_pipeline_dag.py for tasks to queue
[2025-11-08T12:10:30.726-0500] {logging_mixin.py:188} INFO - [2025-11-08T12:10:30.725-0500] {dagbag.py:545} INFO - Filling up the DagBag from /opt/airflow/dags/ocr_pipeline_dag.py
[2025-11-08T12:10:30.745-0500] {logging_mixin.py:188} INFO - 📂 Using project root: /opt/project
[2025-11-08T12:10:31.027-0500] {logging_mixin.py:188} INFO - [2025-11-08T12:10:31.026-0500] {credentials.py:1278} INFO - Found credentials in shared credentials file: ~/.aws/credentials
[2025-11-08T12:10:32.195-0500] {processor.py:840} INFO - DAG(s) 'ocr_pipeline_dag' retrieved from /opt/airflow/dags/ocr_pipeline_dag.py
[2025-11-08T12:10:32.236-0500] {logging_mixin.py:188} INFO - [2025-11-08T12:10:32.235-0500] {dag.py:3089} INFO - Sync 1 DAGs
[2025-11-08T12:10:32.253-0500] {logging_mixin.py:188} INFO - [2025-11-08T12:10:32.253-0500] {dag.py:3947} INFO - Setting next_dagrun for ocr_pipeline_dag to None, run_after=None
[2025-11-08T12:10:32.280-0500] {processor.py:183} INFO - Processing /opt/airflow/dags/ocr_pipeline_dag.py took 1.571 seconds
[2025-11-08T12:11:02.809-0500] {processor.py:161} INFO - Started process (PID=281) to work on /opt/airflow/dags/ocr_pipeline_dag.py
[2025-11-08T12:11:02.810-0500] {processor.py:830} INFO - Processing file /opt/airflow/dags/ocr_pipeline_dag.py for tasks to queue
[2025-11-08T12:11:02.815-0500] {logging_mixin.py:188} INFO - [2025-11-08T12:11:02.815-0500] {dagbag.py:545} INFO - Filling up the DagBag from /opt/airflow/dags/ocr_pipeline_dag.py
[2025-11-08T12:11:02.832-0500] {logging_mixin.py:188} INFO - 📂 Using project root: /opt/project
[2025-11-08T12:11:02.982-0500] {logging_mixin.py:188} INFO - [2025-11-08T12:11:02.982-0500] {credentials.py:1278} INFO - Found credentials in shared credentials file: ~/.aws/credentials
[2025-11-08T12:11:03.831-0500] {processor.py:840} INFO - DAG(s) 'ocr_pipeline_dag' retrieved from /opt/airflow/dags/ocr_pipeline_dag.py
[2025-11-08T12:11:03.860-0500] {logging_mixin.py:188} INFO - [2025-11-08T12:11:03.860-0500] {dag.py:3089} INFO - Sync 1 DAGs
[2025-11-08T12:11:03.871-0500] {logging_mixin.py:188} INFO - [2025-11-08T12:11:03.871-0500] {dag.py:3947} INFO - Setting next_dagrun for ocr_pipeline_dag to None, run_after=None
[2025-11-08T12:11:04.080-0500] {processor.py:183} INFO - Processing /opt/airflow/dags/ocr_pipeline_dag.py took 1.281 seconds
[2025-11-08T12:11:34.289-0500] {processor.py:161} INFO - Started process (PID=287) to work on /opt/airflow/dags/ocr_pipeline_dag.py
[2025-11-08T12:11:34.291-0500] {processor.py:830} INFO - Processing file /opt/airflow/dags/ocr_pipeline_dag.py for tasks to queue
[2025-11-08T12:11:34.293-0500] {logging_mixin.py:188} INFO - [2025-11-08T12:11:34.293-0500] {dagbag.py:545} INFO - Filling up the DagBag from /opt/airflow/dags/ocr_pipeline_dag.py
[2025-11-08T12:11:34.309-0500] {logging_mixin.py:188} INFO - 📂 Using project root: /opt/project
[2025-11-08T12:11:34.446-0500] {logging_mixin.py:188} INFO - [2025-11-08T12:11:34.446-0500] {credentials.py:1278} INFO - Found credentials in shared credentials file: ~/.aws/credentials
[2025-11-08T12:11:35.430-0500] {processor.py:840} INFO - DAG(s) 'ocr_pipeline_dag' retrieved from /opt/airflow/dags/ocr_pipeline_dag.py
[2025-11-08T12:11:35.458-0500] {logging_mixin.py:188} INFO - [2025-11-08T12:11:35.458-0500] {dag.py:3089} INFO - Sync 1 DAGs
[2025-11-08T12:11:35.474-0500] {logging_mixin.py:188} INFO - [2025-11-08T12:11:35.473-0500] {dag.py:3947} INFO - Setting next_dagrun for ocr_pipeline_dag to None, run_after=None
[2025-11-08T12:11:35.503-0500] {processor.py:183} INFO - Processing /opt/airflow/dags/ocr_pipeline_dag.py took 1.220 seconds
[2025-11-08T12:12:05.650-0500] {processor.py:161} INFO - Started process (PID=293) to work on /opt/airflow/dags/ocr_pipeline_dag.py
[2025-11-08T12:12:05.653-0500] {processor.py:830} INFO - Processing file /opt/airflow/dags/ocr_pipeline_dag.py for tasks to queue
[2025-11-08T12:12:05.658-0500] {logging_mixin.py:188} INFO - [2025-11-08T12:12:05.657-0500] {dagbag.py:545} INFO - Filling up the DagBag from /opt/airflow/dags/ocr_pipeline_dag.py
[2025-11-08T12:12:05.679-0500] {logging_mixin.py:188} INFO - 📂 Using project root: /opt/project
[2025-11-08T12:12:06.000-0500] {logging_mixin.py:188} INFO - [2025-11-08T12:12:05.999-0500] {credentials.py:1278} INFO - Found credentials in shared credentials file: ~/.aws/credentials
[2025-11-08T12:12:07.331-0500] {processor.py:840} INFO - DAG(s) 'ocr_pipeline_dag' retrieved from /opt/airflow/dags/ocr_pipeline_dag.py
[2025-11-08T12:12:07.383-0500] {logging_mixin.py:188} INFO - [2025-11-08T12:12:07.382-0500] {dag.py:3089} INFO - Sync 1 DAGs
[2025-11-08T12:12:07.402-0500] {logging_mixin.py:188} INFO - [2025-11-08T12:12:07.402-0500] {dag.py:3947} INFO - Setting next_dagrun for ocr_pipeline_dag to None, run_after=None
[2025-11-08T12:12:07.429-0500] {processor.py:183} INFO - Processing /opt/airflow/dags/ocr_pipeline_dag.py took 1.791 seconds
[2025-11-08T12:12:37.894-0500] {processor.py:161} INFO - Started process (PID=299) to work on /opt/airflow/dags/ocr_pipeline_dag.py
[2025-11-08T12:12:37.895-0500] {processor.py:830} INFO - Processing file /opt/airflow/dags/ocr_pipeline_dag.py for tasks to queue
[2025-11-08T12:12:37.898-0500] {logging_mixin.py:188} INFO - [2025-11-08T12:12:37.898-0500] {dagbag.py:545} INFO - Filling up the DagBag from /opt/airflow/dags/ocr_pipeline_dag.py
[2025-11-08T12:12:37.921-0500] {logging_mixin.py:188} INFO - 📂 Using project root: /opt/project
[2025-11-08T12:12:38.095-0500] {logging_mixin.py:188} INFO - [2025-11-08T12:12:38.094-0500] {credentials.py:1278} INFO - Found credentials in shared credentials file: ~/.aws/credentials
[2025-11-08T12:12:38.954-0500] {processor.py:840} INFO - DAG(s) 'ocr_pipeline_dag' retrieved from /opt/airflow/dags/ocr_pipeline_dag.py
[2025-11-08T12:12:38.992-0500] {logging_mixin.py:188} INFO - [2025-11-08T12:12:38.991-0500] {dag.py:3089} INFO - Sync 1 DAGs
[2025-11-08T12:12:39.006-0500] {logging_mixin.py:188} INFO - [2025-11-08T12:12:39.006-0500] {dag.py:3947} INFO - Setting next_dagrun for ocr_pipeline_dag to None, run_after=None
[2025-11-08T12:12:39.035-0500] {processor.py:183} INFO - Processing /opt/airflow/dags/ocr_pipeline_dag.py took 1.152 seconds
[2025-11-08T12:13:09.364-0500] {processor.py:161} INFO - Started process (PID=305) to work on /opt/airflow/dags/ocr_pipeline_dag.py
[2025-11-08T12:13:09.367-0500] {processor.py:830} INFO - Processing file /opt/airflow/dags/ocr_pipeline_dag.py for tasks to queue
[2025-11-08T12:13:09.370-0500] {logging_mixin.py:188} INFO - [2025-11-08T12:13:09.370-0500] {dagbag.py:545} INFO - Filling up the DagBag from /opt/airflow/dags/ocr_pipeline_dag.py
[2025-11-08T12:13:09.392-0500] {logging_mixin.py:188} INFO - 📂 Using project root: /opt/project
[2025-11-08T12:13:09.559-0500] {logging_mixin.py:188} INFO - [2025-11-08T12:13:09.558-0500] {credentials.py:1278} INFO - Found credentials in shared credentials file: ~/.aws/credentials
[2025-11-08T12:13:10.507-0500] {processor.py:840} INFO - DAG(s) 'ocr_pipeline_dag' retrieved from /opt/airflow/dags/ocr_pipeline_dag.py
[2025-11-08T12:13:10.535-0500] {logging_mixin.py:188} INFO - [2025-11-08T12:13:10.534-0500] {dag.py:3089} INFO - Sync 1 DAGs
[2025-11-08T12:13:10.546-0500] {logging_mixin.py:188} INFO - [2025-11-08T12:13:10.546-0500] {dag.py:3947} INFO - Setting next_dagrun for ocr_pipeline_dag to None, run_after=None
[2025-11-08T12:13:10.573-0500] {processor.py:183} INFO - Processing /opt/airflow/dags/ocr_pipeline_dag.py took 1.224 seconds
[2025-11-08T12:13:40.869-0500] {processor.py:161} INFO - Started process (PID=311) to work on /opt/airflow/dags/ocr_pipeline_dag.py
[2025-11-08T12:13:40.872-0500] {processor.py:830} INFO - Processing file /opt/airflow/dags/ocr_pipeline_dag.py for tasks to queue
[2025-11-08T12:13:40.875-0500] {logging_mixin.py:188} INFO - [2025-11-08T12:13:40.874-0500] {dagbag.py:545} INFO - Filling up the DagBag from /opt/airflow/dags/ocr_pipeline_dag.py
[2025-11-08T12:13:40.896-0500] {logging_mixin.py:188} INFO - 📂 Using project root: /opt/project
[2025-11-08T12:13:41.149-0500] {logging_mixin.py:188} INFO - [2025-11-08T12:13:41.148-0500] {credentials.py:1278} INFO - Found credentials in shared credentials file: ~/.aws/credentials
[2025-11-08T12:13:42.154-0500] {processor.py:840} INFO - DAG(s) 'ocr_pipeline_dag' retrieved from /opt/airflow/dags/ocr_pipeline_dag.py
[2025-11-08T12:13:42.191-0500] {logging_mixin.py:188} INFO - [2025-11-08T12:13:42.190-0500] {dag.py:3089} INFO - Sync 1 DAGs
[2025-11-08T12:13:42.209-0500] {logging_mixin.py:188} INFO - [2025-11-08T12:13:42.209-0500] {dag.py:3947} INFO - Setting next_dagrun for ocr_pipeline_dag to None, run_after=None
[2025-11-08T12:13:42.240-0500] {processor.py:183} INFO - Processing /opt/airflow/dags/ocr_pipeline_dag.py took 1.381 seconds
[2025-11-08T12:14:12.418-0500] {processor.py:161} INFO - Started process (PID=317) to work on /opt/airflow/dags/ocr_pipeline_dag.py
[2025-11-08T12:14:12.419-0500] {processor.py:830} INFO - Processing file /opt/airflow/dags/ocr_pipeline_dag.py for tasks to queue
[2025-11-08T12:14:12.422-0500] {logging_mixin.py:188} INFO - [2025-11-08T12:14:12.422-0500] {dagbag.py:545} INFO - Filling up the DagBag from /opt/airflow/dags/ocr_pipeline_dag.py
[2025-11-08T12:14:12.437-0500] {logging_mixin.py:188} INFO - 📂 Using project root: /opt/project
[2025-11-08T12:14:12.583-0500] {logging_mixin.py:188} INFO - [2025-11-08T12:14:12.583-0500] {credentials.py:1278} INFO - Found credentials in shared credentials file: ~/.aws/credentials
[2025-11-08T12:14:13.233-0500] {processor.py:840} INFO - DAG(s) 'ocr_pipeline_dag' retrieved from /opt/airflow/dags/ocr_pipeline_dag.py
[2025-11-08T12:14:13.259-0500] {logging_mixin.py:188} INFO - [2025-11-08T12:14:13.258-0500] {dag.py:3089} INFO - Sync 1 DAGs
[2025-11-08T12:14:13.269-0500] {logging_mixin.py:188} INFO - [2025-11-08T12:14:13.269-0500] {dag.py:3947} INFO - Setting next_dagrun for ocr_pipeline_dag to None, run_after=None
[2025-11-08T12:14:13.289-0500] {processor.py:183} INFO - Processing /opt/airflow/dags/ocr_pipeline_dag.py took 0.881 seconds
[2025-11-08T12:14:43.797-0500] {processor.py:161} INFO - Started process (PID=323) to work on /opt/airflow/dags/ocr_pipeline_dag.py
[2025-11-08T12:14:43.799-0500] {processor.py:830} INFO - Processing file /opt/airflow/dags/ocr_pipeline_dag.py for tasks to queue
[2025-11-08T12:14:43.802-0500] {logging_mixin.py:188} INFO - [2025-11-08T12:14:43.802-0500] {dagbag.py:545} INFO - Filling up the DagBag from /opt/airflow/dags/ocr_pipeline_dag.py
[2025-11-08T12:14:43.825-0500] {logging_mixin.py:188} INFO - 📂 Using project root: /opt/project
[2025-11-08T12:14:44.053-0500] {logging_mixin.py:188} INFO - [2025-11-08T12:14:44.053-0500] {credentials.py:1278} INFO - Found credentials in shared credentials file: ~/.aws/credentials
[2025-11-08T12:14:45.259-0500] {processor.py:840} INFO - DAG(s) 'ocr_pipeline_dag' retrieved from /opt/airflow/dags/ocr_pipeline_dag.py
[2025-11-08T12:14:45.293-0500] {logging_mixin.py:188} INFO - [2025-11-08T12:14:45.292-0500] {dag.py:3089} INFO - Sync 1 DAGs
[2025-11-08T12:14:45.309-0500] {logging_mixin.py:188} INFO - [2025-11-08T12:14:45.309-0500] {dag.py:3947} INFO - Setting next_dagrun for ocr_pipeline_dag to None, run_after=None
[2025-11-08T12:14:45.336-0500] {processor.py:183} INFO - Processing /opt/airflow/dags/ocr_pipeline_dag.py took 1.549 seconds
[2025-11-08T12:15:15.658-0500] {processor.py:161} INFO - Started process (PID=329) to work on /opt/airflow/dags/ocr_pipeline_dag.py
[2025-11-08T12:15:15.659-0500] {processor.py:830} INFO - Processing file /opt/airflow/dags/ocr_pipeline_dag.py for tasks to queue
[2025-11-08T12:15:15.664-0500] {logging_mixin.py:188} INFO - [2025-11-08T12:15:15.663-0500] {dagbag.py:545} INFO - Filling up the DagBag from /opt/airflow/dags/ocr_pipeline_dag.py
[2025-11-08T12:15:15.684-0500] {logging_mixin.py:188} INFO - 📂 Using project root: /opt/project
[2025-11-08T12:15:15.902-0500] {logging_mixin.py:188} INFO - [2025-11-08T12:15:15.902-0500] {credentials.py:1278} INFO - Found credentials in shared credentials file: ~/.aws/credentials
[2025-11-08T12:15:16.787-0500] {processor.py:840} INFO - DAG(s) 'ocr_pipeline_dag' retrieved from /opt/airflow/dags/ocr_pipeline_dag.py
[2025-11-08T12:15:16.845-0500] {logging_mixin.py:188} INFO - [2025-11-08T12:15:16.844-0500] {dag.py:3089} INFO - Sync 1 DAGs
[2025-11-08T12:15:16.864-0500] {logging_mixin.py:188} INFO - [2025-11-08T12:15:16.863-0500] {dag.py:3947} INFO - Setting next_dagrun for ocr_pipeline_dag to None, run_after=None
[2025-11-08T12:15:16.943-0500] {processor.py:183} INFO - Processing /opt/airflow/dags/ocr_pipeline_dag.py took 1.296 seconds
[2025-11-08T12:15:47.270-0500] {processor.py:161} INFO - Started process (PID=335) to work on /opt/airflow/dags/ocr_pipeline_dag.py
[2025-11-08T12:15:47.272-0500] {processor.py:830} INFO - Processing file /opt/airflow/dags/ocr_pipeline_dag.py for tasks to queue
[2025-11-08T12:15:47.276-0500] {logging_mixin.py:188} INFO - [2025-11-08T12:15:47.276-0500] {dagbag.py:545} INFO - Filling up the DagBag from /opt/airflow/dags/ocr_pipeline_dag.py
[2025-11-08T12:15:47.296-0500] {logging_mixin.py:188} INFO - 📂 Using project root: /opt/project
[2025-11-08T12:15:47.433-0500] {logging_mixin.py:188} INFO - [2025-11-08T12:15:47.433-0500] {credentials.py:1278} INFO - Found credentials in shared credentials file: ~/.aws/credentials
[2025-11-08T12:15:48.286-0500] {processor.py:840} INFO - DAG(s) 'ocr_pipeline_dag' retrieved from /opt/airflow/dags/ocr_pipeline_dag.py
[2025-11-08T12:15:48.315-0500] {logging_mixin.py:188} INFO - [2025-11-08T12:15:48.315-0500] {dag.py:3089} INFO - Sync 1 DAGs
[2025-11-08T12:15:48.326-0500] {logging_mixin.py:188} INFO - [2025-11-08T12:15:48.326-0500] {dag.py:3947} INFO - Setting next_dagrun for ocr_pipeline_dag to None, run_after=None
[2025-11-08T12:15:48.346-0500] {processor.py:183} INFO - Processing /opt/airflow/dags/ocr_pipeline_dag.py took 0.947 seconds
[2025-11-08T12:16:18.912-0500] {processor.py:161} INFO - Started process (PID=341) to work on /opt/airflow/dags/ocr_pipeline_dag.py
[2025-11-08T12:16:18.913-0500] {processor.py:830} INFO - Processing file /opt/airflow/dags/ocr_pipeline_dag.py for tasks to queue
[2025-11-08T12:16:18.915-0500] {logging_mixin.py:188} INFO - [2025-11-08T12:16:18.915-0500] {dagbag.py:545} INFO - Filling up the DagBag from /opt/airflow/dags/ocr_pipeline_dag.py
[2025-11-08T12:16:18.935-0500] {logging_mixin.py:188} INFO - 📂 Using project root: /opt/project
[2025-11-08T12:16:19.129-0500] {logging_mixin.py:188} INFO - [2025-11-08T12:16:19.129-0500] {credentials.py:1278} INFO - Found credentials in shared credentials file: ~/.aws/credentials
[2025-11-08T12:16:19.959-0500] {processor.py:840} INFO - DAG(s) 'ocr_pipeline_dag' retrieved from /opt/airflow/dags/ocr_pipeline_dag.py
[2025-11-08T12:16:19.994-0500] {logging_mixin.py:188} INFO - [2025-11-08T12:16:19.993-0500] {dag.py:3089} INFO - Sync 1 DAGs
[2025-11-08T12:16:20.011-0500] {logging_mixin.py:188} INFO - [2025-11-08T12:16:20.011-0500] {dag.py:3947} INFO - Setting next_dagrun for ocr_pipeline_dag to None, run_after=None
[2025-11-08T12:16:20.037-0500] {processor.py:183} INFO - Processing /opt/airflow/dags/ocr_pipeline_dag.py took 1.131 seconds
[2025-11-08T12:16:50.346-0500] {processor.py:161} INFO - Started process (PID=347) to work on /opt/airflow/dags/ocr_pipeline_dag.py
[2025-11-08T12:16:50.348-0500] {processor.py:830} INFO - Processing file /opt/airflow/dags/ocr_pipeline_dag.py for tasks to queue
[2025-11-08T12:16:50.352-0500] {logging_mixin.py:188} INFO - [2025-11-08T12:16:50.352-0500] {dagbag.py:545} INFO - Filling up the DagBag from /opt/airflow/dags/ocr_pipeline_dag.py
[2025-11-08T12:16:50.376-0500] {logging_mixin.py:188} INFO - 📂 Using project root: /opt/project
[2025-11-08T12:16:50.654-0500] {logging_mixin.py:188} INFO - [2025-11-08T12:16:50.653-0500] {credentials.py:1278} INFO - Found credentials in shared credentials file: ~/.aws/credentials
[2025-11-08T12:16:51.532-0500] {processor.py:840} INFO - DAG(s) 'ocr_pipeline_dag' retrieved from /opt/airflow/dags/ocr_pipeline_dag.py
[2025-11-08T12:16:51.566-0500] {logging_mixin.py:188} INFO - [2025-11-08T12:16:51.565-0500] {dag.py:3089} INFO - Sync 1 DAGs
[2025-11-08T12:16:51.580-0500] {logging_mixin.py:188} INFO - [2025-11-08T12:16:51.579-0500] {dag.py:3947} INFO - Setting next_dagrun for ocr_pipeline_dag to None, run_after=None
[2025-11-08T12:16:51.601-0500] {processor.py:183} INFO - Processing /opt/airflow/dags/ocr_pipeline_dag.py took 1.266 seconds
[2025-11-08T12:17:21.897-0500] {processor.py:161} INFO - Started process (PID=353) to work on /opt/airflow/dags/ocr_pipeline_dag.py
[2025-11-08T12:17:21.899-0500] {processor.py:830} INFO - Processing file /opt/airflow/dags/ocr_pipeline_dag.py for tasks to queue
[2025-11-08T12:17:21.902-0500] {logging_mixin.py:188} INFO - [2025-11-08T12:17:21.901-0500] {dagbag.py:545} INFO - Filling up the DagBag from /opt/airflow/dags/ocr_pipeline_dag.py
[2025-11-08T12:17:21.923-0500] {logging_mixin.py:188} INFO - 📂 Using project root: /opt/project
[2025-11-08T12:17:22.128-0500] {logging_mixin.py:188} INFO - [2025-11-08T12:17:22.128-0500] {credentials.py:1278} INFO - Found credentials in shared credentials file: ~/.aws/credentials
[2025-11-08T12:17:23.095-0500] {processor.py:840} INFO - DAG(s) 'ocr_pipeline_dag' retrieved from /opt/airflow/dags/ocr_pipeline_dag.py
[2025-11-08T12:17:23.149-0500] {logging_mixin.py:188} INFO - [2025-11-08T12:17:23.149-0500] {dag.py:3089} INFO - Sync 1 DAGs
[2025-11-08T12:17:23.177-0500] {logging_mixin.py:188} INFO - [2025-11-08T12:17:23.177-0500] {dag.py:3947} INFO - Setting next_dagrun for ocr_pipeline_dag to None, run_after=None
[2025-11-08T12:17:23.218-0500] {processor.py:183} INFO - Processing /opt/airflow/dags/ocr_pipeline_dag.py took 1.331 seconds
[2025-11-08T12:17:53.701-0500] {processor.py:161} INFO - Started process (PID=359) to work on /opt/airflow/dags/ocr_pipeline_dag.py
[2025-11-08T12:17:53.703-0500] {processor.py:830} INFO - Processing file /opt/airflow/dags/ocr_pipeline_dag.py for tasks to queue
[2025-11-08T12:17:53.706-0500] {logging_mixin.py:188} INFO - [2025-11-08T12:17:53.705-0500] {dagbag.py:545} INFO - Filling up the DagBag from /opt/airflow/dags/ocr_pipeline_dag.py
[2025-11-08T12:17:53.723-0500] {logging_mixin.py:188} INFO - 📂 Using project root: /opt/project
[2025-11-08T12:17:53.904-0500] {logging_mixin.py:188} INFO - [2025-11-08T12:17:53.904-0500] {credentials.py:1278} INFO - Found credentials in shared credentials file: ~/.aws/credentials
[2025-11-08T12:17:54.628-0500] {processor.py:840} INFO - DAG(s) 'ocr_pipeline_dag' retrieved from /opt/airflow/dags/ocr_pipeline_dag.py
[2025-11-08T12:17:54.661-0500] {logging_mixin.py:188} INFO - [2025-11-08T12:17:54.660-0500] {dag.py:3089} INFO - Sync 1 DAGs
[2025-11-08T12:17:54.673-0500] {logging_mixin.py:188} INFO - [2025-11-08T12:17:54.673-0500] {dag.py:3947} INFO - Setting next_dagrun for ocr_pipeline_dag to None, run_after=None
[2025-11-08T12:17:54.697-0500] {processor.py:183} INFO - Processing /opt/airflow/dags/ocr_pipeline_dag.py took 1.005 seconds
[2025-11-08T12:18:25.136-0500] {processor.py:161} INFO - Started process (PID=365) to work on /opt/airflow/dags/ocr_pipeline_dag.py
[2025-11-08T12:18:25.138-0500] {processor.py:830} INFO - Processing file /opt/airflow/dags/ocr_pipeline_dag.py for tasks to queue
[2025-11-08T12:18:25.142-0500] {logging_mixin.py:188} INFO - [2025-11-08T12:18:25.141-0500] {dagbag.py:545} INFO - Filling up the DagBag from /opt/airflow/dags/ocr_pipeline_dag.py
[2025-11-08T12:18:25.184-0500] {logging_mixin.py:188} INFO - 📂 Using project root: /opt/project
[2025-11-08T12:18:25.480-0500] {logging_mixin.py:188} INFO - [2025-11-08T12:18:25.479-0500] {credentials.py:1278} INFO - Found credentials in shared credentials file: ~/.aws/credentials
[2025-11-08T12:18:26.613-0500] {processor.py:840} INFO - DAG(s) 'ocr_pipeline_dag' retrieved from /opt/airflow/dags/ocr_pipeline_dag.py
[2025-11-08T12:18:26.653-0500] {logging_mixin.py:188} INFO - [2025-11-08T12:18:26.653-0500] {dag.py:3089} INFO - Sync 1 DAGs
[2025-11-08T12:18:26.669-0500] {logging_mixin.py:188} INFO - [2025-11-08T12:18:26.669-0500] {dag.py:3947} INFO - Setting next_dagrun for ocr_pipeline_dag to None, run_after=None
[2025-11-08T12:18:26.696-0500] {processor.py:183} INFO - Processing /opt/airflow/dags/ocr_pipeline_dag.py took 1.572 seconds
[2025-11-08T12:18:57.198-0500] {processor.py:161} INFO - Started process (PID=371) to work on /opt/airflow/dags/ocr_pipeline_dag.py
[2025-11-08T12:18:57.200-0500] {processor.py:830} INFO - Processing file /opt/airflow/dags/ocr_pipeline_dag.py for tasks to queue
[2025-11-08T12:18:57.203-0500] {logging_mixin.py:188} INFO - [2025-11-08T12:18:57.202-0500] {dagbag.py:545} INFO - Filling up the DagBag from /opt/airflow/dags/ocr_pipeline_dag.py
[2025-11-08T12:18:57.221-0500] {logging_mixin.py:188} INFO - 📂 Using project root: /opt/project
[2025-11-08T12:18:57.410-0500] {logging_mixin.py:188} INFO - [2025-11-08T12:18:57.410-0500] {credentials.py:1278} INFO - Found credentials in shared credentials file: ~/.aws/credentials
[2025-11-08T12:18:58.230-0500] {processor.py:840} INFO - DAG(s) 'ocr_pipeline_dag' retrieved from /opt/airflow/dags/ocr_pipeline_dag.py
[2025-11-08T12:18:58.263-0500] {logging_mixin.py:188} INFO - [2025-11-08T12:18:58.263-0500] {dag.py:3089} INFO - Sync 1 DAGs
[2025-11-08T12:18:58.279-0500] {logging_mixin.py:188} INFO - [2025-11-08T12:18:58.279-0500] {dag.py:3947} INFO - Setting next_dagrun for ocr_pipeline_dag to None, run_after=None
[2025-11-08T12:18:58.303-0500] {processor.py:183} INFO - Processing /opt/airflow/dags/ocr_pipeline_dag.py took 1.114 seconds
[2025-11-08T12:19:28.830-0500] {processor.py:161} INFO - Started process (PID=377) to work on /opt/airflow/dags/ocr_pipeline_dag.py
[2025-11-08T12:19:28.831-0500] {processor.py:830} INFO - Processing file /opt/airflow/dags/ocr_pipeline_dag.py for tasks to queue
[2025-11-08T12:19:28.835-0500] {logging_mixin.py:188} INFO - [2025-11-08T12:19:28.834-0500] {dagbag.py:545} INFO - Filling up the DagBag from /opt/airflow/dags/ocr_pipeline_dag.py
[2025-11-08T12:19:28.850-0500] {logging_mixin.py:188} INFO - 📂 Using project root: /opt/project
[2025-11-08T12:19:29.010-0500] {logging_mixin.py:188} INFO - [2025-11-08T12:19:29.009-0500] {credentials.py:1278} INFO - Found credentials in shared credentials file: ~/.aws/credentials
[2025-11-08T12:19:29.658-0500] {processor.py:840} INFO - DAG(s) 'ocr_pipeline_dag' retrieved from /opt/airflow/dags/ocr_pipeline_dag.py
[2025-11-08T12:19:29.687-0500] {logging_mixin.py:188} INFO - [2025-11-08T12:19:29.686-0500] {dag.py:3089} INFO - Sync 1 DAGs
[2025-11-08T12:19:29.699-0500] {logging_mixin.py:188} INFO - [2025-11-08T12:19:29.698-0500] {dag.py:3947} INFO - Setting next_dagrun for ocr_pipeline_dag to None, run_after=None
[2025-11-08T12:19:29.719-0500] {processor.py:183} INFO - Processing /opt/airflow/dags/ocr_pipeline_dag.py took 0.897 seconds
[2025-11-08T12:20:00.185-0500] {processor.py:161} INFO - Started process (PID=383) to work on /opt/airflow/dags/ocr_pipeline_dag.py
[2025-11-08T12:20:00.186-0500] {processor.py:830} INFO - Processing file /opt/airflow/dags/ocr_pipeline_dag.py for tasks to queue
[2025-11-08T12:20:00.189-0500] {logging_mixin.py:188} INFO - [2025-11-08T12:20:00.189-0500] {dagbag.py:545} INFO - Filling up the DagBag from /opt/airflow/dags/ocr_pipeline_dag.py
[2025-11-08T12:20:00.209-0500] {logging_mixin.py:188} INFO - 📂 Using project root: /opt/project
[2025-11-08T12:20:00.435-0500] {logging_mixin.py:188} INFO - [2025-11-08T12:20:00.435-0500] {credentials.py:1278} INFO - Found credentials in shared credentials file: ~/.aws/credentials
[2025-11-08T12:20:01.194-0500] {processor.py:840} INFO - DAG(s) 'ocr_pipeline_dag' retrieved from /opt/airflow/dags/ocr_pipeline_dag.py
[2025-11-08T12:20:01.235-0500] {logging_mixin.py:188} INFO - [2025-11-08T12:20:01.234-0500] {dag.py:3089} INFO - Sync 1 DAGs
[2025-11-08T12:20:01.250-0500] {logging_mixin.py:188} INFO - [2025-11-08T12:20:01.250-0500] {dag.py:3947} INFO - Setting next_dagrun for ocr_pipeline_dag to None, run_after=None
[2025-11-08T12:20:01.277-0500] {processor.py:183} INFO - Processing /opt/airflow/dags/ocr_pipeline_dag.py took 1.099 seconds
[2025-11-08T12:20:31.654-0500] {processor.py:161} INFO - Started process (PID=389) to work on /opt/airflow/dags/ocr_pipeline_dag.py
[2025-11-08T12:20:31.655-0500] {processor.py:830} INFO - Processing file /opt/airflow/dags/ocr_pipeline_dag.py for tasks to queue
[2025-11-08T12:20:31.658-0500] {logging_mixin.py:188} INFO - [2025-11-08T12:20:31.657-0500] {dagbag.py:545} INFO - Filling up the DagBag from /opt/airflow/dags/ocr_pipeline_dag.py
[2025-11-08T12:20:31.680-0500] {logging_mixin.py:188} INFO - 📂 Using project root: /opt/project
[2025-11-08T12:20:31.885-0500] {logging_mixin.py:188} INFO - [2025-11-08T12:20:31.884-0500] {credentials.py:1278} INFO - Found credentials in shared credentials file: ~/.aws/credentials
[2025-11-08T12:20:32.662-0500] {processor.py:840} INFO - DAG(s) 'ocr_pipeline_dag' retrieved from /opt/airflow/dags/ocr_pipeline_dag.py
[2025-11-08T12:20:32.694-0500] {logging_mixin.py:188} INFO - [2025-11-08T12:20:32.693-0500] {dag.py:3089} INFO - Sync 1 DAGs
[2025-11-08T12:20:32.708-0500] {logging_mixin.py:188} INFO - [2025-11-08T12:20:32.707-0500] {dag.py:3947} INFO - Setting next_dagrun for ocr_pipeline_dag to None, run_after=None
[2025-11-08T12:20:32.729-0500] {processor.py:183} INFO - Processing /opt/airflow/dags/ocr_pipeline_dag.py took 1.085 seconds
[2025-11-08T12:21:03.136-0500] {processor.py:161} INFO - Started process (PID=395) to work on /opt/airflow/dags/ocr_pipeline_dag.py
[2025-11-08T12:21:03.138-0500] {processor.py:830} INFO - Processing file /opt/airflow/dags/ocr_pipeline_dag.py for tasks to queue
[2025-11-08T12:21:03.140-0500] {logging_mixin.py:188} INFO - [2025-11-08T12:21:03.139-0500] {dagbag.py:545} INFO - Filling up the DagBag from /opt/airflow/dags/ocr_pipeline_dag.py
[2025-11-08T12:21:03.156-0500] {logging_mixin.py:188} INFO - 📂 Using project root: /opt/project
[2025-11-08T12:21:03.333-0500] {logging_mixin.py:188} INFO - [2025-11-08T12:21:03.333-0500] {credentials.py:1278} INFO - Found credentials in shared credentials file: ~/.aws/credentials
[2025-11-08T12:21:04.115-0500] {processor.py:840} INFO - DAG(s) 'ocr_pipeline_dag' retrieved from /opt/airflow/dags/ocr_pipeline_dag.py
[2025-11-08T12:21:04.153-0500] {logging_mixin.py:188} INFO - [2025-11-08T12:21:04.153-0500] {dag.py:3089} INFO - Sync 1 DAGs
[2025-11-08T12:21:04.168-0500] {logging_mixin.py:188} INFO - [2025-11-08T12:21:04.168-0500] {dag.py:3947} INFO - Setting next_dagrun for ocr_pipeline_dag to None, run_after=None
[2025-11-08T12:21:04.195-0500] {processor.py:183} INFO - Processing /opt/airflow/dags/ocr_pipeline_dag.py took 1.065 seconds
[2025-11-08T12:21:34.652-0500] {processor.py:161} INFO - Started process (PID=401) to work on /opt/airflow/dags/ocr_pipeline_dag.py
[2025-11-08T12:21:34.654-0500] {processor.py:830} INFO - Processing file /opt/airflow/dags/ocr_pipeline_dag.py for tasks to queue
[2025-11-08T12:21:34.656-0500] {logging_mixin.py:188} INFO - [2025-11-08T12:21:34.656-0500] {dagbag.py:545} INFO - Filling up the DagBag from /opt/airflow/dags/ocr_pipeline_dag.py
[2025-11-08T12:21:34.674-0500] {logging_mixin.py:188} INFO - 📂 Using project root: /opt/project
[2025-11-08T12:21:34.842-0500] {logging_mixin.py:188} INFO - [2025-11-08T12:21:34.842-0500] {credentials.py:1278} INFO - Found credentials in shared credentials file: ~/.aws/credentials
[2025-11-08T12:21:35.676-0500] {processor.py:840} INFO - DAG(s) 'ocr_pipeline_dag' retrieved from /opt/airflow/dags/ocr_pipeline_dag.py
[2025-11-08T12:21:35.704-0500] {logging_mixin.py:188} INFO - [2025-11-08T12:21:35.703-0500] {dag.py:3089} INFO - Sync 1 DAGs
[2025-11-08T12:21:35.717-0500] {logging_mixin.py:188} INFO - [2025-11-08T12:21:35.717-0500] {dag.py:3947} INFO - Setting next_dagrun for ocr_pipeline_dag to None, run_after=None
[2025-11-08T12:21:35.737-0500] {processor.py:183} INFO - Processing /opt/airflow/dags/ocr_pipeline_dag.py took 1.093 seconds
[2025-11-08T12:22:06.041-0500] {processor.py:161} INFO - Started process (PID=407) to work on /opt/airflow/dags/ocr_pipeline_dag.py
[2025-11-08T12:22:06.042-0500] {processor.py:830} INFO - Processing file /opt/airflow/dags/ocr_pipeline_dag.py for tasks to queue
[2025-11-08T12:22:06.045-0500] {logging_mixin.py:188} INFO - [2025-11-08T12:22:06.044-0500] {dagbag.py:545} INFO - Filling up the DagBag from /opt/airflow/dags/ocr_pipeline_dag.py
[2025-11-08T12:22:06.063-0500] {logging_mixin.py:188} INFO - 📂 Using project root: /opt/project
[2025-11-08T12:22:06.234-0500] {logging_mixin.py:188} INFO - [2025-11-08T12:22:06.234-0500] {credentials.py:1278} INFO - Found credentials in shared credentials file: ~/.aws/credentials
[2025-11-08T12:22:06.984-0500] {processor.py:840} INFO - DAG(s) 'ocr_pipeline_dag' retrieved from /opt/airflow/dags/ocr_pipeline_dag.py
[2025-11-08T12:22:07.014-0500] {logging_mixin.py:188} INFO - [2025-11-08T12:22:07.013-0500] {dag.py:3089} INFO - Sync 1 DAGs
[2025-11-08T12:22:07.028-0500] {logging_mixin.py:188} INFO - [2025-11-08T12:22:07.028-0500] {dag.py:3947} INFO - Setting next_dagrun for ocr_pipeline_dag to None, run_after=None
[2025-11-08T12:22:07.052-0500] {processor.py:183} INFO - Processing /opt/airflow/dags/ocr_pipeline_dag.py took 1.021 seconds
[2025-11-08T12:22:58.369-0500] {processor.py:161} INFO - Started process (PID=180) to work on /opt/airflow/dags/ocr_pipeline_dag.py
[2025-11-08T12:22:58.377-0500] {processor.py:830} INFO - Processing file /opt/airflow/dags/ocr_pipeline_dag.py for tasks to queue
[2025-11-08T12:22:58.390-0500] {logging_mixin.py:188} INFO - [2025-11-08T12:22:58.386-0500] {dagbag.py:545} INFO - Filling up the DagBag from /opt/airflow/dags/ocr_pipeline_dag.py
[2025-11-08T12:22:58.422-0500] {logging_mixin.py:188} INFO - 📂 Using project root: /opt/project
[2025-11-08T12:22:59.010-0500] {logging_mixin.py:188} INFO - [2025-11-08T12:22:59.010-0500] {credentials.py:1278} INFO - Found credentials in shared credentials file: ~/.aws/credentials
[2025-11-08T12:23:00.789-0500] {processor.py:840} INFO - DAG(s) 'ocr_pipeline_dag' retrieved from /opt/airflow/dags/ocr_pipeline_dag.py
[2025-11-08T12:23:00.857-0500] {logging_mixin.py:188} INFO - [2025-11-08T12:23:00.857-0500] {dag.py:3089} INFO - Sync 1 DAGs
[2025-11-08T12:23:00.874-0500] {logging_mixin.py:188} INFO - [2025-11-08T12:23:00.874-0500] {dag.py:3947} INFO - Setting next_dagrun for ocr_pipeline_dag to None, run_after=None
[2025-11-08T12:23:00.903-0500] {processor.py:183} INFO - Processing /opt/airflow/dags/ocr_pipeline_dag.py took 2.571 seconds
[2025-11-08T12:23:31.344-0500] {processor.py:161} INFO - Started process (PID=187) to work on /opt/airflow/dags/ocr_pipeline_dag.py
[2025-11-08T12:23:31.346-0500] {processor.py:830} INFO - Processing file /opt/airflow/dags/ocr_pipeline_dag.py for tasks to queue
[2025-11-08T12:23:31.349-0500] {logging_mixin.py:188} INFO - [2025-11-08T12:23:31.349-0500] {dagbag.py:545} INFO - Filling up the DagBag from /opt/airflow/dags/ocr_pipeline_dag.py
[2025-11-08T12:23:31.368-0500] {logging_mixin.py:188} INFO - 📂 Using project root: /opt/project
[2025-11-08T12:23:31.571-0500] {logging_mixin.py:188} INFO - [2025-11-08T12:23:31.571-0500] {credentials.py:1278} INFO - Found credentials in shared credentials file: ~/.aws/credentials
[2025-11-08T12:23:32.350-0500] {processor.py:840} INFO - DAG(s) 'ocr_pipeline_dag' retrieved from /opt/airflow/dags/ocr_pipeline_dag.py
[2025-11-08T12:23:32.379-0500] {logging_mixin.py:188} INFO - [2025-11-08T12:23:32.379-0500] {dag.py:3089} INFO - Sync 1 DAGs
[2025-11-08T12:23:32.391-0500] {logging_mixin.py:188} INFO - [2025-11-08T12:23:32.391-0500] {dag.py:3947} INFO - Setting next_dagrun for ocr_pipeline_dag to None, run_after=None
[2025-11-08T12:23:32.413-0500] {processor.py:183} INFO - Processing /opt/airflow/dags/ocr_pipeline_dag.py took 1.078 seconds
[2025-11-08T12:24:02.775-0500] {processor.py:161} INFO - Started process (PID=209) to work on /opt/airflow/dags/ocr_pipeline_dag.py
[2025-11-08T12:24:02.778-0500] {processor.py:830} INFO - Processing file /opt/airflow/dags/ocr_pipeline_dag.py for tasks to queue
[2025-11-08T12:24:02.781-0500] {logging_mixin.py:188} INFO - [2025-11-08T12:24:02.781-0500] {dagbag.py:545} INFO - Filling up the DagBag from /opt/airflow/dags/ocr_pipeline_dag.py
[2025-11-08T12:24:02.802-0500] {logging_mixin.py:188} INFO - 📂 Using project root: /opt/project
[2025-11-08T12:24:03.030-0500] {logging_mixin.py:188} INFO - [2025-11-08T12:24:03.029-0500] {credentials.py:1278} INFO - Found credentials in shared credentials file: ~/.aws/credentials
[2025-11-08T12:24:04.177-0500] {processor.py:840} INFO - DAG(s) 'ocr_pipeline_dag' retrieved from /opt/airflow/dags/ocr_pipeline_dag.py
[2025-11-08T12:24:04.239-0500] {logging_mixin.py:188} INFO - [2025-11-08T12:24:04.238-0500] {dag.py:3089} INFO - Sync 1 DAGs
[2025-11-08T12:24:04.261-0500] {logging_mixin.py:188} INFO - [2025-11-08T12:24:04.261-0500] {dag.py:3947} INFO - Setting next_dagrun for ocr_pipeline_dag to None, run_after=None
[2025-11-08T12:24:04.298-0500] {processor.py:183} INFO - Processing /opt/airflow/dags/ocr_pipeline_dag.py took 1.532 seconds
[2025-11-08T12:24:34.765-0500] {processor.py:161} INFO - Started process (PID=216) to work on /opt/airflow/dags/ocr_pipeline_dag.py
[2025-11-08T12:24:34.767-0500] {processor.py:830} INFO - Processing file /opt/airflow/dags/ocr_pipeline_dag.py for tasks to queue
[2025-11-08T12:24:34.771-0500] {logging_mixin.py:188} INFO - [2025-11-08T12:24:34.770-0500] {dagbag.py:545} INFO - Filling up the DagBag from /opt/airflow/dags/ocr_pipeline_dag.py
[2025-11-08T12:24:34.791-0500] {logging_mixin.py:188} INFO - 📂 Using project root: /opt/project
[2025-11-08T12:24:35.054-0500] {logging_mixin.py:188} INFO - [2025-11-08T12:24:35.053-0500] {credentials.py:1278} INFO - Found credentials in shared credentials file: ~/.aws/credentials
[2025-11-08T12:24:36.781-0500] {processor.py:840} INFO - DAG(s) 'ocr_pipeline_dag' retrieved from /opt/airflow/dags/ocr_pipeline_dag.py
[2025-11-08T12:24:36.839-0500] {logging_mixin.py:188} INFO - [2025-11-08T12:24:36.837-0500] {dag.py:3089} INFO - Sync 1 DAGs
[2025-11-08T12:24:36.861-0500] {logging_mixin.py:188} INFO - [2025-11-08T12:24:36.861-0500] {dag.py:3947} INFO - Setting next_dagrun for ocr_pipeline_dag to None, run_after=None
[2025-11-08T12:24:36.890-0500] {processor.py:183} INFO - Processing /opt/airflow/dags/ocr_pipeline_dag.py took 2.136 seconds
[2025-11-08T12:25:07.211-0500] {processor.py:161} INFO - Started process (PID=222) to work on /opt/airflow/dags/ocr_pipeline_dag.py
[2025-11-08T12:25:07.213-0500] {processor.py:830} INFO - Processing file /opt/airflow/dags/ocr_pipeline_dag.py for tasks to queue
[2025-11-08T12:25:07.217-0500] {logging_mixin.py:188} INFO - [2025-11-08T12:25:07.216-0500] {dagbag.py:545} INFO - Filling up the DagBag from /opt/airflow/dags/ocr_pipeline_dag.py
[2025-11-08T12:25:07.244-0500] {logging_mixin.py:188} INFO - 📂 Using project root: /opt/project
[2025-11-08T12:25:07.562-0500] {logging_mixin.py:188} INFO - [2025-11-08T12:25:07.560-0500] {credentials.py:1278} INFO - Found credentials in shared credentials file: ~/.aws/credentials
[2025-11-08T12:25:08.660-0500] {processor.py:840} INFO - DAG(s) 'ocr_pipeline_dag' retrieved from /opt/airflow/dags/ocr_pipeline_dag.py
[2025-11-08T12:25:08.693-0500] {logging_mixin.py:188} INFO - [2025-11-08T12:25:08.693-0500] {dag.py:3089} INFO - Sync 1 DAGs
[2025-11-08T12:25:08.710-0500] {logging_mixin.py:188} INFO - [2025-11-08T12:25:08.710-0500] {dag.py:3947} INFO - Setting next_dagrun for ocr_pipeline_dag to None, run_after=None
[2025-11-08T12:25:08.736-0500] {processor.py:183} INFO - Processing /opt/airflow/dags/ocr_pipeline_dag.py took 1.534 seconds
[2025-11-08T12:25:39.259-0500] {processor.py:161} INFO - Started process (PID=228) to work on /opt/airflow/dags/ocr_pipeline_dag.py
[2025-11-08T12:25:39.260-0500] {processor.py:830} INFO - Processing file /opt/airflow/dags/ocr_pipeline_dag.py for tasks to queue
[2025-11-08T12:25:39.263-0500] {logging_mixin.py:188} INFO - [2025-11-08T12:25:39.262-0500] {dagbag.py:545} INFO - Filling up the DagBag from /opt/airflow/dags/ocr_pipeline_dag.py
[2025-11-08T12:25:39.278-0500] {logging_mixin.py:188} INFO - 📂 Using project root: /opt/project
[2025-11-08T12:25:39.443-0500] {logging_mixin.py:188} INFO - [2025-11-08T12:25:39.443-0500] {credentials.py:1278} INFO - Found credentials in shared credentials file: ~/.aws/credentials
[2025-11-08T12:25:40.138-0500] {processor.py:840} INFO - DAG(s) 'ocr_pipeline_dag' retrieved from /opt/airflow/dags/ocr_pipeline_dag.py
[2025-11-08T12:25:40.162-0500] {logging_mixin.py:188} INFO - [2025-11-08T12:25:40.162-0500] {dag.py:3089} INFO - Sync 1 DAGs
[2025-11-08T12:25:40.173-0500] {logging_mixin.py:188} INFO - [2025-11-08T12:25:40.173-0500] {dag.py:3947} INFO - Setting next_dagrun for ocr_pipeline_dag to None, run_after=None
[2025-11-08T12:25:40.195-0500] {processor.py:183} INFO - Processing /opt/airflow/dags/ocr_pipeline_dag.py took 0.944 seconds
[2025-11-08T12:26:10.790-0500] {processor.py:161} INFO - Started process (PID=234) to work on /opt/airflow/dags/ocr_pipeline_dag.py
[2025-11-08T12:26:10.792-0500] {processor.py:830} INFO - Processing file /opt/airflow/dags/ocr_pipeline_dag.py for tasks to queue
[2025-11-08T12:26:10.795-0500] {logging_mixin.py:188} INFO - [2025-11-08T12:26:10.794-0500] {dagbag.py:545} INFO - Filling up the DagBag from /opt/airflow/dags/ocr_pipeline_dag.py
[2025-11-08T12:26:10.816-0500] {logging_mixin.py:188} INFO - 📂 Using project root: /opt/project
[2025-11-08T12:26:11.020-0500] {logging_mixin.py:188} INFO - [2025-11-08T12:26:11.019-0500] {credentials.py:1278} INFO - Found credentials in shared credentials file: ~/.aws/credentials
[2025-11-08T12:26:11.784-0500] {processor.py:840} INFO - DAG(s) 'ocr_pipeline_dag' retrieved from /opt/airflow/dags/ocr_pipeline_dag.py
[2025-11-08T12:26:11.816-0500] {logging_mixin.py:188} INFO - [2025-11-08T12:26:11.816-0500] {dag.py:3089} INFO - Sync 1 DAGs
[2025-11-08T12:26:11.832-0500] {logging_mixin.py:188} INFO - [2025-11-08T12:26:11.832-0500] {dag.py:3947} INFO - Setting next_dagrun for ocr_pipeline_dag to None, run_after=None
[2025-11-08T12:26:11.856-0500] {processor.py:183} INFO - Processing /opt/airflow/dags/ocr_pipeline_dag.py took 1.073 seconds
[2025-11-08T12:26:42.366-0500] {processor.py:161} INFO - Started process (PID=240) to work on /opt/airflow/dags/ocr_pipeline_dag.py
[2025-11-08T12:26:42.367-0500] {processor.py:830} INFO - Processing file /opt/airflow/dags/ocr_pipeline_dag.py for tasks to queue
[2025-11-08T12:26:42.370-0500] {logging_mixin.py:188} INFO - [2025-11-08T12:26:42.370-0500] {dagbag.py:545} INFO - Filling up the DagBag from /opt/airflow/dags/ocr_pipeline_dag.py
[2025-11-08T12:26:42.388-0500] {logging_mixin.py:188} INFO - 📂 Using project root: /opt/project
[2025-11-08T12:26:42.555-0500] {logging_mixin.py:188} INFO - [2025-11-08T12:26:42.555-0500] {credentials.py:1278} INFO - Found credentials in shared credentials file: ~/.aws/credentials
[2025-11-08T12:26:43.282-0500] {processor.py:840} INFO - DAG(s) 'ocr_pipeline_dag' retrieved from /opt/airflow/dags/ocr_pipeline_dag.py
[2025-11-08T12:26:43.309-0500] {logging_mixin.py:188} INFO - [2025-11-08T12:26:43.309-0500] {dag.py:3089} INFO - Sync 1 DAGs
[2025-11-08T12:26:43.322-0500] {logging_mixin.py:188} INFO - [2025-11-08T12:26:43.322-0500] {dag.py:3947} INFO - Setting next_dagrun for ocr_pipeline_dag to None, run_after=None
[2025-11-08T12:26:43.343-0500] {processor.py:183} INFO - Processing /opt/airflow/dags/ocr_pipeline_dag.py took 0.985 seconds
[2025-11-08T12:27:13.771-0500] {processor.py:161} INFO - Started process (PID=246) to work on /opt/airflow/dags/ocr_pipeline_dag.py
[2025-11-08T12:27:13.773-0500] {processor.py:830} INFO - Processing file /opt/airflow/dags/ocr_pipeline_dag.py for tasks to queue
[2025-11-08T12:27:13.776-0500] {logging_mixin.py:188} INFO - [2025-11-08T12:27:13.776-0500] {dagbag.py:545} INFO - Filling up the DagBag from /opt/airflow/dags/ocr_pipeline_dag.py
[2025-11-08T12:27:13.798-0500] {logging_mixin.py:188} INFO - 📂 Using project root: /opt/project
[2025-11-08T12:27:14.088-0500] {logging_mixin.py:188} INFO - [2025-11-08T12:27:14.087-0500] {credentials.py:1278} INFO - Found credentials in shared credentials file: ~/.aws/credentials
[2025-11-08T12:27:14.881-0500] {processor.py:840} INFO - DAG(s) 'ocr_pipeline_dag' retrieved from /opt/airflow/dags/ocr_pipeline_dag.py
[2025-11-08T12:27:14.913-0500] {logging_mixin.py:188} INFO - [2025-11-08T12:27:14.913-0500] {dag.py:3089} INFO - Sync 1 DAGs
[2025-11-08T12:27:14.928-0500] {logging_mixin.py:188} INFO - [2025-11-08T12:27:14.927-0500] {dag.py:3947} INFO - Setting next_dagrun for ocr_pipeline_dag to None, run_after=None
[2025-11-08T12:27:14.956-0500] {processor.py:183} INFO - Processing /opt/airflow/dags/ocr_pipeline_dag.py took 1.193 seconds
[2025-11-08T12:27:45.242-0500] {processor.py:161} INFO - Started process (PID=252) to work on /opt/airflow/dags/ocr_pipeline_dag.py
[2025-11-08T12:27:45.243-0500] {processor.py:830} INFO - Processing file /opt/airflow/dags/ocr_pipeline_dag.py for tasks to queue
[2025-11-08T12:27:45.245-0500] {logging_mixin.py:188} INFO - [2025-11-08T12:27:45.245-0500] {dagbag.py:545} INFO - Filling up the DagBag from /opt/airflow/dags/ocr_pipeline_dag.py
[2025-11-08T12:27:45.261-0500] {logging_mixin.py:188} INFO - 📂 Using project root: /opt/project
[2025-11-08T12:27:45.582-0500] {logging_mixin.py:188} INFO - [2025-11-08T12:27:45.582-0500] {credentials.py:1278} INFO - Found credentials in shared credentials file: ~/.aws/credentials
[2025-11-08T12:27:46.397-0500] {processor.py:840} INFO - DAG(s) 'ocr_pipeline_dag' retrieved from /opt/airflow/dags/ocr_pipeline_dag.py
[2025-11-08T12:27:46.431-0500] {logging_mixin.py:188} INFO - [2025-11-08T12:27:46.431-0500] {dag.py:3089} INFO - Sync 1 DAGs
[2025-11-08T12:27:46.443-0500] {logging_mixin.py:188} INFO - [2025-11-08T12:27:46.443-0500] {dag.py:3947} INFO - Setting next_dagrun for ocr_pipeline_dag to None, run_after=None
[2025-11-08T12:27:46.465-0500] {processor.py:183} INFO - Processing /opt/airflow/dags/ocr_pipeline_dag.py took 1.229 seconds
[2025-11-08T12:28:17.027-0500] {processor.py:161} INFO - Started process (PID=258) to work on /opt/airflow/dags/ocr_pipeline_dag.py
[2025-11-08T12:28:17.029-0500] {processor.py:830} INFO - Processing file /opt/airflow/dags/ocr_pipeline_dag.py for tasks to queue
[2025-11-08T12:28:17.031-0500] {logging_mixin.py:188} INFO - [2025-11-08T12:28:17.031-0500] {dagbag.py:545} INFO - Filling up the DagBag from /opt/airflow/dags/ocr_pipeline_dag.py
[2025-11-08T12:28:17.046-0500] {logging_mixin.py:188} INFO - 📂 Using project root: /opt/project
[2025-11-08T12:28:17.195-0500] {logging_mixin.py:188} INFO - [2025-11-08T12:28:17.194-0500] {credentials.py:1278} INFO - Found credentials in shared credentials file: ~/.aws/credentials
[2025-11-08T12:28:17.879-0500] {processor.py:840} INFO - DAG(s) 'ocr_pipeline_dag' retrieved from /opt/airflow/dags/ocr_pipeline_dag.py
[2025-11-08T12:28:17.912-0500] {logging_mixin.py:188} INFO - [2025-11-08T12:28:17.912-0500] {dag.py:3089} INFO - Sync 1 DAGs
[2025-11-08T12:28:17.922-0500] {logging_mixin.py:188} INFO - [2025-11-08T12:28:17.922-0500] {dag.py:3947} INFO - Setting next_dagrun for ocr_pipeline_dag to None, run_after=None
[2025-11-08T12:28:17.941-0500] {processor.py:183} INFO - Processing /opt/airflow/dags/ocr_pipeline_dag.py took 0.920 seconds
[2025-11-08T12:28:48.379-0500] {processor.py:161} INFO - Started process (PID=264) to work on /opt/airflow/dags/ocr_pipeline_dag.py
[2025-11-08T12:28:48.380-0500] {processor.py:830} INFO - Processing file /opt/airflow/dags/ocr_pipeline_dag.py for tasks to queue
[2025-11-08T12:28:48.383-0500] {logging_mixin.py:188} INFO - [2025-11-08T12:28:48.383-0500] {dagbag.py:545} INFO - Filling up the DagBag from /opt/airflow/dags/ocr_pipeline_dag.py
[2025-11-08T12:28:48.406-0500] {logging_mixin.py:188} INFO - 📂 Using project root: /opt/project
[2025-11-08T12:28:48.614-0500] {logging_mixin.py:188} INFO - [2025-11-08T12:28:48.614-0500] {credentials.py:1278} INFO - Found credentials in shared credentials file: ~/.aws/credentials
[2025-11-08T12:28:49.514-0500] {processor.py:840} INFO - DAG(s) 'ocr_pipeline_dag' retrieved from /opt/airflow/dags/ocr_pipeline_dag.py
[2025-11-08T12:28:49.551-0500] {logging_mixin.py:188} INFO - [2025-11-08T12:28:49.551-0500] {dag.py:3089} INFO - Sync 1 DAGs
[2025-11-08T12:28:49.568-0500] {logging_mixin.py:188} INFO - [2025-11-08T12:28:49.568-0500] {dag.py:3947} INFO - Setting next_dagrun for ocr_pipeline_dag to None, run_after=None
[2025-11-08T12:28:49.591-0500] {processor.py:183} INFO - Processing /opt/airflow/dags/ocr_pipeline_dag.py took 1.222 seconds
[2025-11-08T12:29:19.909-0500] {processor.py:161} INFO - Started process (PID=270) to work on /opt/airflow/dags/ocr_pipeline_dag.py
[2025-11-08T12:29:19.910-0500] {processor.py:830} INFO - Processing file /opt/airflow/dags/ocr_pipeline_dag.py for tasks to queue
[2025-11-08T12:29:19.912-0500] {logging_mixin.py:188} INFO - [2025-11-08T12:29:19.912-0500] {dagbag.py:545} INFO - Filling up the DagBag from /opt/airflow/dags/ocr_pipeline_dag.py
[2025-11-08T12:29:19.930-0500] {logging_mixin.py:188} INFO - 📂 Using project root: /opt/project
[2025-11-08T12:29:20.080-0500] {logging_mixin.py:188} INFO - [2025-11-08T12:29:20.079-0500] {credentials.py:1278} INFO - Found credentials in shared credentials file: ~/.aws/credentials
[2025-11-08T12:29:20.723-0500] {processor.py:840} INFO - DAG(s) 'ocr_pipeline_dag' retrieved from /opt/airflow/dags/ocr_pipeline_dag.py
[2025-11-08T12:29:20.749-0500] {logging_mixin.py:188} INFO - [2025-11-08T12:29:20.748-0500] {dag.py:3089} INFO - Sync 1 DAGs
[2025-11-08T12:29:20.760-0500] {logging_mixin.py:188} INFO - [2025-11-08T12:29:20.760-0500] {dag.py:3947} INFO - Setting next_dagrun for ocr_pipeline_dag to None, run_after=None
[2025-11-08T12:29:20.780-0500] {processor.py:183} INFO - Processing /opt/airflow/dags/ocr_pipeline_dag.py took 0.878 seconds
[2025-11-08T12:29:51.451-0500] {processor.py:161} INFO - Started process (PID=276) to work on /opt/airflow/dags/ocr_pipeline_dag.py
[2025-11-08T12:29:51.452-0500] {processor.py:830} INFO - Processing file /opt/airflow/dags/ocr_pipeline_dag.py for tasks to queue
[2025-11-08T12:29:51.455-0500] {logging_mixin.py:188} INFO - [2025-11-08T12:29:51.455-0500] {dagbag.py:545} INFO - Filling up the DagBag from /opt/airflow/dags/ocr_pipeline_dag.py
[2025-11-08T12:29:51.471-0500] {logging_mixin.py:188} INFO - 📂 Using project root: /opt/project
[2025-11-08T12:29:51.615-0500] {logging_mixin.py:188} INFO - [2025-11-08T12:29:51.615-0500] {credentials.py:1278} INFO - Found credentials in shared credentials file: ~/.aws/credentials
[2025-11-08T12:29:52.426-0500] {processor.py:840} INFO - DAG(s) 'ocr_pipeline_dag' retrieved from /opt/airflow/dags/ocr_pipeline_dag.py
[2025-11-08T12:29:52.456-0500] {logging_mixin.py:188} INFO - [2025-11-08T12:29:52.456-0500] {dag.py:3089} INFO - Sync 1 DAGs
[2025-11-08T12:29:52.467-0500] {logging_mixin.py:188} INFO - [2025-11-08T12:29:52.466-0500] {dag.py:3947} INFO - Setting next_dagrun for ocr_pipeline_dag to None, run_after=None
[2025-11-08T12:29:52.485-0500] {processor.py:183} INFO - Processing /opt/airflow/dags/ocr_pipeline_dag.py took 0.894 seconds
[2025-11-08T12:30:22.971-0500] {processor.py:161} INFO - Started process (PID=282) to work on /opt/airflow/dags/ocr_pipeline_dag.py
[2025-11-08T12:30:22.973-0500] {processor.py:830} INFO - Processing file /opt/airflow/dags/ocr_pipeline_dag.py for tasks to queue
[2025-11-08T12:30:22.975-0500] {logging_mixin.py:188} INFO - [2025-11-08T12:30:22.975-0500] {dagbag.py:545} INFO - Filling up the DagBag from /opt/airflow/dags/ocr_pipeline_dag.py
[2025-11-08T12:30:22.994-0500] {logging_mixin.py:188} INFO - 📂 Using project root: /opt/project
[2025-11-08T12:30:23.176-0500] {logging_mixin.py:188} INFO - [2025-11-08T12:30:23.176-0500] {credentials.py:1278} INFO - Found credentials in shared credentials file: ~/.aws/credentials
[2025-11-08T12:30:23.924-0500] {processor.py:840} INFO - DAG(s) 'ocr_pipeline_dag' retrieved from /opt/airflow/dags/ocr_pipeline_dag.py
[2025-11-08T12:30:23.954-0500] {logging_mixin.py:188} INFO - [2025-11-08T12:30:23.954-0500] {dag.py:3089} INFO - Sync 1 DAGs
[2025-11-08T12:30:23.968-0500] {logging_mixin.py:188} INFO - [2025-11-08T12:30:23.968-0500] {dag.py:3947} INFO - Setting next_dagrun for ocr_pipeline_dag to None, run_after=None
[2025-11-08T12:30:23.992-0500] {processor.py:183} INFO - Processing /opt/airflow/dags/ocr_pipeline_dag.py took 1.028 seconds
[2025-11-08T12:30:54.369-0500] {processor.py:161} INFO - Started process (PID=288) to work on /opt/airflow/dags/ocr_pipeline_dag.py
[2025-11-08T12:30:54.371-0500] {processor.py:830} INFO - Processing file /opt/airflow/dags/ocr_pipeline_dag.py for tasks to queue
[2025-11-08T12:30:54.374-0500] {logging_mixin.py:188} INFO - [2025-11-08T12:30:54.374-0500] {dagbag.py:545} INFO - Filling up the DagBag from /opt/airflow/dags/ocr_pipeline_dag.py
[2025-11-08T12:30:54.406-0500] {logging_mixin.py:188} INFO - 📂 Using project root: /opt/project
[2025-11-08T12:30:54.634-0500] {logging_mixin.py:188} INFO - [2025-11-08T12:30:54.634-0500] {credentials.py:1278} INFO - Found credentials in shared credentials file: ~/.aws/credentials
[2025-11-08T12:30:55.460-0500] {processor.py:840} INFO - DAG(s) 'ocr_pipeline_dag' retrieved from /opt/airflow/dags/ocr_pipeline_dag.py
[2025-11-08T12:30:55.494-0500] {logging_mixin.py:188} INFO - [2025-11-08T12:30:55.494-0500] {dag.py:3089} INFO - Sync 1 DAGs
[2025-11-08T12:30:55.507-0500] {logging_mixin.py:188} INFO - [2025-11-08T12:30:55.507-0500] {dag.py:3947} INFO - Setting next_dagrun for ocr_pipeline_dag to None, run_after=None
[2025-11-08T12:30:55.530-0500] {processor.py:183} INFO - Processing /opt/airflow/dags/ocr_pipeline_dag.py took 1.180 seconds
[2025-11-08T12:31:25.890-0500] {processor.py:161} INFO - Started process (PID=294) to work on /opt/airflow/dags/ocr_pipeline_dag.py
[2025-11-08T12:31:25.892-0500] {processor.py:830} INFO - Processing file /opt/airflow/dags/ocr_pipeline_dag.py for tasks to queue
[2025-11-08T12:31:25.898-0500] {logging_mixin.py:188} INFO - [2025-11-08T12:31:25.897-0500] {dagbag.py:545} INFO - Filling up the DagBag from /opt/airflow/dags/ocr_pipeline_dag.py
[2025-11-08T12:31:25.914-0500] {logging_mixin.py:188} INFO - 📂 Using project root: /opt/project
[2025-11-08T12:31:26.125-0500] {logging_mixin.py:188} INFO - [2025-11-08T12:31:26.125-0500] {credentials.py:1278} INFO - Found credentials in shared credentials file: ~/.aws/credentials
[2025-11-08T12:31:27.050-0500] {processor.py:840} INFO - DAG(s) 'ocr_pipeline_dag' retrieved from /opt/airflow/dags/ocr_pipeline_dag.py
[2025-11-08T12:31:27.096-0500] {logging_mixin.py:188} INFO - [2025-11-08T12:31:27.095-0500] {dag.py:3089} INFO - Sync 1 DAGs
[2025-11-08T12:31:27.110-0500] {logging_mixin.py:188} INFO - [2025-11-08T12:31:27.110-0500] {dag.py:3947} INFO - Setting next_dagrun for ocr_pipeline_dag to None, run_after=None
[2025-11-08T12:31:27.291-0500] {processor.py:183} INFO - Processing /opt/airflow/dags/ocr_pipeline_dag.py took 1.429 seconds
[2025-11-08T12:31:57.891-0500] {processor.py:161} INFO - Started process (PID=300) to work on /opt/airflow/dags/ocr_pipeline_dag.py
[2025-11-08T12:31:57.892-0500] {processor.py:830} INFO - Processing file /opt/airflow/dags/ocr_pipeline_dag.py for tasks to queue
[2025-11-08T12:31:57.895-0500] {logging_mixin.py:188} INFO - [2025-11-08T12:31:57.895-0500] {dagbag.py:545} INFO - Filling up the DagBag from /opt/airflow/dags/ocr_pipeline_dag.py
[2025-11-08T12:31:57.910-0500] {logging_mixin.py:188} INFO - 📂 Using project root: /opt/project
[2025-11-08T12:31:58.058-0500] {logging_mixin.py:188} INFO - [2025-11-08T12:31:58.057-0500] {credentials.py:1278} INFO - Found credentials in shared credentials file: ~/.aws/credentials
[2025-11-08T12:31:58.806-0500] {processor.py:840} INFO - DAG(s) 'ocr_pipeline_dag' retrieved from /opt/airflow/dags/ocr_pipeline_dag.py
[2025-11-08T12:31:58.854-0500] {logging_mixin.py:188} INFO - [2025-11-08T12:31:58.853-0500] {dag.py:3089} INFO - Sync 1 DAGs
[2025-11-08T12:31:58.878-0500] {logging_mixin.py:188} INFO - [2025-11-08T12:31:58.877-0500] {dag.py:3947} INFO - Setting next_dagrun for ocr_pipeline_dag to None, run_after=None
[2025-11-08T12:31:58.903-0500] {processor.py:183} INFO - Processing /opt/airflow/dags/ocr_pipeline_dag.py took 1.020 seconds
[2025-11-08T12:32:29.327-0500] {processor.py:161} INFO - Started process (PID=306) to work on /opt/airflow/dags/ocr_pipeline_dag.py
[2025-11-08T12:32:29.328-0500] {processor.py:830} INFO - Processing file /opt/airflow/dags/ocr_pipeline_dag.py for tasks to queue
[2025-11-08T12:32:29.331-0500] {logging_mixin.py:188} INFO - [2025-11-08T12:32:29.331-0500] {dagbag.py:545} INFO - Filling up the DagBag from /opt/airflow/dags/ocr_pipeline_dag.py
[2025-11-08T12:32:29.351-0500] {logging_mixin.py:188} INFO - 📂 Using project root: /opt/project
[2025-11-08T12:32:29.526-0500] {logging_mixin.py:188} INFO - [2025-11-08T12:32:29.526-0500] {credentials.py:1278} INFO - Found credentials in shared credentials file: ~/.aws/credentials
[2025-11-08T12:32:30.281-0500] {processor.py:840} INFO - DAG(s) 'ocr_pipeline_dag' retrieved from /opt/airflow/dags/ocr_pipeline_dag.py
[2025-11-08T12:32:30.311-0500] {logging_mixin.py:188} INFO - [2025-11-08T12:32:30.311-0500] {dag.py:3089} INFO - Sync 1 DAGs
[2025-11-08T12:32:30.325-0500] {logging_mixin.py:188} INFO - [2025-11-08T12:32:30.325-0500] {dag.py:3947} INFO - Setting next_dagrun for ocr_pipeline_dag to None, run_after=None
[2025-11-08T12:32:30.346-0500] {processor.py:183} INFO - Processing /opt/airflow/dags/ocr_pipeline_dag.py took 1.025 seconds
[2025-11-08T12:33:00.714-0500] {processor.py:161} INFO - Started process (PID=312) to work on /opt/airflow/dags/ocr_pipeline_dag.py
[2025-11-08T12:33:00.725-0500] {processor.py:830} INFO - Processing file /opt/airflow/dags/ocr_pipeline_dag.py for tasks to queue
[2025-11-08T12:33:00.730-0500] {logging_mixin.py:188} INFO - [2025-11-08T12:33:00.730-0500] {dagbag.py:545} INFO - Filling up the DagBag from /opt/airflow/dags/ocr_pipeline_dag.py
[2025-11-08T12:33:00.751-0500] {logging_mixin.py:188} INFO - 📂 Using project root: /opt/project
[2025-11-08T12:33:00.941-0500] {logging_mixin.py:188} INFO - [2025-11-08T12:33:00.941-0500] {credentials.py:1278} INFO - Found credentials in shared credentials file: ~/.aws/credentials
[2025-11-08T12:33:01.776-0500] {processor.py:840} INFO - DAG(s) 'ocr_pipeline_dag' retrieved from /opt/airflow/dags/ocr_pipeline_dag.py
[2025-11-08T12:33:01.810-0500] {logging_mixin.py:188} INFO - [2025-11-08T12:33:01.810-0500] {dag.py:3089} INFO - Sync 1 DAGs
[2025-11-08T12:33:01.825-0500] {logging_mixin.py:188} INFO - [2025-11-08T12:33:01.825-0500] {dag.py:3947} INFO - Setting next_dagrun for ocr_pipeline_dag to None, run_after=None
[2025-11-08T12:33:01.854-0500] {processor.py:183} INFO - Processing /opt/airflow/dags/ocr_pipeline_dag.py took 1.150 seconds
[2025-11-08T12:33:32.261-0500] {processor.py:161} INFO - Started process (PID=318) to work on /opt/airflow/dags/ocr_pipeline_dag.py
[2025-11-08T12:33:32.262-0500] {processor.py:830} INFO - Processing file /opt/airflow/dags/ocr_pipeline_dag.py for tasks to queue
[2025-11-08T12:33:32.264-0500] {logging_mixin.py:188} INFO - [2025-11-08T12:33:32.264-0500] {dagbag.py:545} INFO - Filling up the DagBag from /opt/airflow/dags/ocr_pipeline_dag.py
[2025-11-08T12:33:32.285-0500] {logging_mixin.py:188} INFO - 📂 Using project root: /opt/project
[2025-11-08T12:33:32.436-0500] {logging_mixin.py:188} INFO - [2025-11-08T12:33:32.435-0500] {credentials.py:1278} INFO - Found credentials in shared credentials file: ~/.aws/credentials
[2025-11-08T12:33:33.176-0500] {processor.py:840} INFO - DAG(s) 'ocr_pipeline_dag' retrieved from /opt/airflow/dags/ocr_pipeline_dag.py
[2025-11-08T12:33:33.205-0500] {logging_mixin.py:188} INFO - [2025-11-08T12:33:33.204-0500] {dag.py:3089} INFO - Sync 1 DAGs
[2025-11-08T12:33:33.218-0500] {logging_mixin.py:188} INFO - [2025-11-08T12:33:33.217-0500] {dag.py:3947} INFO - Setting next_dagrun for ocr_pipeline_dag to None, run_after=None
[2025-11-08T12:33:33.240-0500] {processor.py:183} INFO - Processing /opt/airflow/dags/ocr_pipeline_dag.py took 0.987 seconds
[2025-11-08T12:34:03.641-0500] {processor.py:161} INFO - Started process (PID=324) to work on /opt/airflow/dags/ocr_pipeline_dag.py
[2025-11-08T12:34:03.643-0500] {processor.py:830} INFO - Processing file /opt/airflow/dags/ocr_pipeline_dag.py for tasks to queue
[2025-11-08T12:34:03.645-0500] {logging_mixin.py:188} INFO - [2025-11-08T12:34:03.645-0500] {dagbag.py:545} INFO - Filling up the DagBag from /opt/airflow/dags/ocr_pipeline_dag.py
[2025-11-08T12:34:03.667-0500] {logging_mixin.py:188} INFO - 📂 Using project root: /opt/project
[2025-11-08T12:34:03.908-0500] {logging_mixin.py:188} INFO - [2025-11-08T12:34:03.908-0500] {credentials.py:1278} INFO - Found credentials in shared credentials file: ~/.aws/credentials
[2025-11-08T12:34:05.136-0500] {processor.py:840} INFO - DAG(s) 'ocr_pipeline_dag' retrieved from /opt/airflow/dags/ocr_pipeline_dag.py
[2025-11-08T12:34:05.173-0500] {logging_mixin.py:188} INFO - [2025-11-08T12:34:05.172-0500] {dag.py:3089} INFO - Sync 1 DAGs
[2025-11-08T12:34:05.191-0500] {logging_mixin.py:188} INFO - [2025-11-08T12:34:05.191-0500] {dag.py:3947} INFO - Setting next_dagrun for ocr_pipeline_dag to None, run_after=None
[2025-11-08T12:34:05.220-0500] {processor.py:183} INFO - Processing /opt/airflow/dags/ocr_pipeline_dag.py took 1.588 seconds
[2025-11-08T12:34:35.651-0500] {processor.py:161} INFO - Started process (PID=330) to work on /opt/airflow/dags/ocr_pipeline_dag.py
[2025-11-08T12:34:35.653-0500] {processor.py:830} INFO - Processing file /opt/airflow/dags/ocr_pipeline_dag.py for tasks to queue
[2025-11-08T12:34:35.657-0500] {logging_mixin.py:188} INFO - [2025-11-08T12:34:35.656-0500] {dagbag.py:545} INFO - Filling up the DagBag from /opt/airflow/dags/ocr_pipeline_dag.py
[2025-11-08T12:34:35.680-0500] {logging_mixin.py:188} INFO - 📂 Using project root: /opt/project
[2025-11-08T12:34:36.054-0500] {logging_mixin.py:188} INFO - [2025-11-08T12:34:36.053-0500] {credentials.py:1278} INFO - Found credentials in shared credentials file: ~/.aws/credentials
[2025-11-08T12:34:36.984-0500] {processor.py:840} INFO - DAG(s) 'ocr_pipeline_dag' retrieved from /opt/airflow/dags/ocr_pipeline_dag.py
[2025-11-08T12:34:37.021-0500] {logging_mixin.py:188} INFO - [2025-11-08T12:34:37.021-0500] {dag.py:3089} INFO - Sync 1 DAGs
[2025-11-08T12:34:37.039-0500] {logging_mixin.py:188} INFO - [2025-11-08T12:34:37.039-0500] {dag.py:3947} INFO - Setting next_dagrun for ocr_pipeline_dag to None, run_after=None
[2025-11-08T12:34:37.074-0500] {processor.py:183} INFO - Processing /opt/airflow/dags/ocr_pipeline_dag.py took 1.435 seconds
[2025-11-08T12:35:07.508-0500] {processor.py:161} INFO - Started process (PID=336) to work on /opt/airflow/dags/ocr_pipeline_dag.py
[2025-11-08T12:35:07.510-0500] {processor.py:830} INFO - Processing file /opt/airflow/dags/ocr_pipeline_dag.py for tasks to queue
[2025-11-08T12:35:07.514-0500] {logging_mixin.py:188} INFO - [2025-11-08T12:35:07.514-0500] {dagbag.py:545} INFO - Filling up the DagBag from /opt/airflow/dags/ocr_pipeline_dag.py
[2025-11-08T12:35:07.536-0500] {logging_mixin.py:188} INFO - 📂 Using project root: /opt/project
[2025-11-08T12:35:07.691-0500] {logging_mixin.py:188} INFO - [2025-11-08T12:35:07.691-0500] {credentials.py:1278} INFO - Found credentials in shared credentials file: ~/.aws/credentials
[2025-11-08T12:35:08.421-0500] {processor.py:840} INFO - DAG(s) 'ocr_pipeline_dag' retrieved from /opt/airflow/dags/ocr_pipeline_dag.py
[2025-11-08T12:35:08.449-0500] {logging_mixin.py:188} INFO - [2025-11-08T12:35:08.449-0500] {dag.py:3089} INFO - Sync 1 DAGs
[2025-11-08T12:35:08.466-0500] {logging_mixin.py:188} INFO - [2025-11-08T12:35:08.465-0500] {dag.py:3947} INFO - Setting next_dagrun for ocr_pipeline_dag to None, run_after=None
[2025-11-08T12:35:08.497-0500] {processor.py:183} INFO - Processing /opt/airflow/dags/ocr_pipeline_dag.py took 0.997 seconds
[2025-11-08T12:35:39.043-0500] {processor.py:161} INFO - Started process (PID=342) to work on /opt/airflow/dags/ocr_pipeline_dag.py
[2025-11-08T12:35:39.045-0500] {processor.py:830} INFO - Processing file /opt/airflow/dags/ocr_pipeline_dag.py for tasks to queue
[2025-11-08T12:35:39.048-0500] {logging_mixin.py:188} INFO - [2025-11-08T12:35:39.047-0500] {dagbag.py:545} INFO - Filling up the DagBag from /opt/airflow/dags/ocr_pipeline_dag.py
[2025-11-08T12:35:39.073-0500] {logging_mixin.py:188} INFO - 📂 Using project root: /opt/project
[2025-11-08T12:35:39.254-0500] {logging_mixin.py:188} INFO - [2025-11-08T12:35:39.254-0500] {credentials.py:1278} INFO - Found credentials in shared credentials file: ~/.aws/credentials
[2025-11-08T12:35:40.109-0500] {processor.py:840} INFO - DAG(s) 'ocr_pipeline_dag' retrieved from /opt/airflow/dags/ocr_pipeline_dag.py
[2025-11-08T12:35:40.149-0500] {logging_mixin.py:188} INFO - [2025-11-08T12:35:40.149-0500] {dag.py:3089} INFO - Sync 1 DAGs
[2025-11-08T12:35:40.168-0500] {logging_mixin.py:188} INFO - [2025-11-08T12:35:40.167-0500] {dag.py:3947} INFO - Setting next_dagrun for ocr_pipeline_dag to None, run_after=None
[2025-11-08T12:35:40.401-0500] {processor.py:183} INFO - Processing /opt/airflow/dags/ocr_pipeline_dag.py took 1.365 seconds
[2025-11-08T12:36:10.826-0500] {processor.py:161} INFO - Started process (PID=348) to work on /opt/airflow/dags/ocr_pipeline_dag.py
[2025-11-08T12:36:10.827-0500] {processor.py:830} INFO - Processing file /opt/airflow/dags/ocr_pipeline_dag.py for tasks to queue
[2025-11-08T12:36:10.832-0500] {logging_mixin.py:188} INFO - [2025-11-08T12:36:10.831-0500] {dagbag.py:545} INFO - Filling up the DagBag from /opt/airflow/dags/ocr_pipeline_dag.py
[2025-11-08T12:36:10.852-0500] {logging_mixin.py:188} INFO - 📂 Using project root: /opt/project
[2025-11-08T12:36:11.041-0500] {logging_mixin.py:188} INFO - [2025-11-08T12:36:11.041-0500] {credentials.py:1278} INFO - Found credentials in shared credentials file: ~/.aws/credentials
[2025-11-08T12:36:11.719-0500] {processor.py:840} INFO - DAG(s) 'ocr_pipeline_dag' retrieved from /opt/airflow/dags/ocr_pipeline_dag.py
[2025-11-08T12:36:11.755-0500] {logging_mixin.py:188} INFO - [2025-11-08T12:36:11.754-0500] {dag.py:3089} INFO - Sync 1 DAGs
[2025-11-08T12:36:11.770-0500] {logging_mixin.py:188} INFO - [2025-11-08T12:36:11.770-0500] {dag.py:3947} INFO - Setting next_dagrun for ocr_pipeline_dag to None, run_after=None
[2025-11-08T12:36:11.797-0500] {processor.py:183} INFO - Processing /opt/airflow/dags/ocr_pipeline_dag.py took 0.981 seconds
[2025-11-08T12:36:42.226-0500] {processor.py:161} INFO - Started process (PID=354) to work on /opt/airflow/dags/ocr_pipeline_dag.py
[2025-11-08T12:36:42.227-0500] {processor.py:830} INFO - Processing file /opt/airflow/dags/ocr_pipeline_dag.py for tasks to queue
[2025-11-08T12:36:42.230-0500] {logging_mixin.py:188} INFO - [2025-11-08T12:36:42.229-0500] {dagbag.py:545} INFO - Filling up the DagBag from /opt/airflow/dags/ocr_pipeline_dag.py
[2025-11-08T12:36:42.249-0500] {logging_mixin.py:188} INFO - 📂 Using project root: /opt/project
[2025-11-08T12:36:42.430-0500] {logging_mixin.py:188} INFO - [2025-11-08T12:36:42.430-0500] {credentials.py:1278} INFO - Found credentials in shared credentials file: ~/.aws/credentials
[2025-11-08T12:36:43.188-0500] {processor.py:840} INFO - DAG(s) 'ocr_pipeline_dag' retrieved from /opt/airflow/dags/ocr_pipeline_dag.py
[2025-11-08T12:36:43.222-0500] {logging_mixin.py:188} INFO - [2025-11-08T12:36:43.221-0500] {dag.py:3089} INFO - Sync 1 DAGs
[2025-11-08T12:36:43.235-0500] {logging_mixin.py:188} INFO - [2025-11-08T12:36:43.235-0500] {dag.py:3947} INFO - Setting next_dagrun for ocr_pipeline_dag to None, run_after=None
[2025-11-08T12:36:43.258-0500] {processor.py:183} INFO - Processing /opt/airflow/dags/ocr_pipeline_dag.py took 1.039 seconds
[2025-11-08T12:37:13.737-0500] {processor.py:161} INFO - Started process (PID=360) to work on /opt/airflow/dags/ocr_pipeline_dag.py
[2025-11-08T12:37:13.738-0500] {processor.py:830} INFO - Processing file /opt/airflow/dags/ocr_pipeline_dag.py for tasks to queue
[2025-11-08T12:37:13.741-0500] {logging_mixin.py:188} INFO - [2025-11-08T12:37:13.740-0500] {dagbag.py:545} INFO - Filling up the DagBag from /opt/airflow/dags/ocr_pipeline_dag.py
[2025-11-08T12:37:13.762-0500] {logging_mixin.py:188} INFO - 📂 Using project root: /opt/project
[2025-11-08T12:37:13.926-0500] {logging_mixin.py:188} INFO - [2025-11-08T12:37:13.925-0500] {credentials.py:1278} INFO - Found credentials in shared credentials file: ~/.aws/credentials
[2025-11-08T12:37:14.675-0500] {processor.py:840} INFO - DAG(s) 'ocr_pipeline_dag' retrieved from /opt/airflow/dags/ocr_pipeline_dag.py
[2025-11-08T12:37:14.705-0500] {logging_mixin.py:188} INFO - [2025-11-08T12:37:14.705-0500] {dag.py:3089} INFO - Sync 1 DAGs
[2025-11-08T12:37:14.720-0500] {logging_mixin.py:188} INFO - [2025-11-08T12:37:14.719-0500] {dag.py:3947} INFO - Setting next_dagrun for ocr_pipeline_dag to None, run_after=None
[2025-11-08T12:37:14.747-0500] {processor.py:183} INFO - Processing /opt/airflow/dags/ocr_pipeline_dag.py took 1.017 seconds
[2025-11-08T12:37:45.157-0500] {processor.py:161} INFO - Started process (PID=366) to work on /opt/airflow/dags/ocr_pipeline_dag.py
[2025-11-08T12:37:45.158-0500] {processor.py:830} INFO - Processing file /opt/airflow/dags/ocr_pipeline_dag.py for tasks to queue
[2025-11-08T12:37:45.162-0500] {logging_mixin.py:188} INFO - [2025-11-08T12:37:45.161-0500] {dagbag.py:545} INFO - Filling up the DagBag from /opt/airflow/dags/ocr_pipeline_dag.py
[2025-11-08T12:37:45.180-0500] {logging_mixin.py:188} INFO - 📂 Using project root: /opt/project
[2025-11-08T12:37:45.372-0500] {logging_mixin.py:188} INFO - [2025-11-08T12:37:45.372-0500] {credentials.py:1278} INFO - Found credentials in shared credentials file: ~/.aws/credentials
[2025-11-08T12:37:46.504-0500] {processor.py:840} INFO - DAG(s) 'ocr_pipeline_dag' retrieved from /opt/airflow/dags/ocr_pipeline_dag.py
[2025-11-08T12:37:46.538-0500] {logging_mixin.py:188} INFO - [2025-11-08T12:37:46.537-0500] {dag.py:3089} INFO - Sync 1 DAGs
[2025-11-08T12:37:46.552-0500] {logging_mixin.py:188} INFO - [2025-11-08T12:37:46.552-0500] {dag.py:3947} INFO - Setting next_dagrun for ocr_pipeline_dag to None, run_after=None
[2025-11-08T12:37:46.573-0500] {processor.py:183} INFO - Processing /opt/airflow/dags/ocr_pipeline_dag.py took 1.430 seconds
[2025-11-08T12:38:16.681-0500] {processor.py:161} INFO - Started process (PID=372) to work on /opt/airflow/dags/ocr_pipeline_dag.py
[2025-11-08T12:38:16.683-0500] {processor.py:830} INFO - Processing file /opt/airflow/dags/ocr_pipeline_dag.py for tasks to queue
[2025-11-08T12:38:16.685-0500] {logging_mixin.py:188} INFO - [2025-11-08T12:38:16.685-0500] {dagbag.py:545} INFO - Filling up the DagBag from /opt/airflow/dags/ocr_pipeline_dag.py
[2025-11-08T12:38:16.701-0500] {logging_mixin.py:188} INFO - 📂 Using project root: /opt/project
[2025-11-08T12:38:16.879-0500] {logging_mixin.py:188} INFO - [2025-11-08T12:38:16.879-0500] {credentials.py:1278} INFO - Found credentials in shared credentials file: ~/.aws/credentials
[2025-11-08T12:38:17.607-0500] {processor.py:840} INFO - DAG(s) 'ocr_pipeline_dag' retrieved from /opt/airflow/dags/ocr_pipeline_dag.py
[2025-11-08T12:38:17.636-0500] {logging_mixin.py:188} INFO - [2025-11-08T12:38:17.636-0500] {dag.py:3089} INFO - Sync 1 DAGs
[2025-11-08T12:38:17.651-0500] {logging_mixin.py:188} INFO - [2025-11-08T12:38:17.651-0500] {dag.py:3947} INFO - Setting next_dagrun for ocr_pipeline_dag to None, run_after=None
[2025-11-08T12:38:17.674-0500] {processor.py:183} INFO - Processing /opt/airflow/dags/ocr_pipeline_dag.py took 1.000 seconds
[2025-11-08T12:38:47.807-0500] {processor.py:161} INFO - Started process (PID=378) to work on /opt/airflow/dags/ocr_pipeline_dag.py
[2025-11-08T12:38:47.809-0500] {processor.py:830} INFO - Processing file /opt/airflow/dags/ocr_pipeline_dag.py for tasks to queue
[2025-11-08T12:38:47.812-0500] {logging_mixin.py:188} INFO - [2025-11-08T12:38:47.812-0500] {dagbag.py:545} INFO - Filling up the DagBag from /opt/airflow/dags/ocr_pipeline_dag.py
[2025-11-08T12:38:47.840-0500] {logging_mixin.py:188} INFO - 📂 Using project root: /opt/project
[2025-11-08T12:38:48.039-0500] {logging_mixin.py:188} INFO - [2025-11-08T12:38:48.039-0500] {credentials.py:1278} INFO - Found credentials in shared credentials file: ~/.aws/credentials
[2025-11-08T12:38:48.962-0500] {processor.py:840} INFO - DAG(s) 'ocr_pipeline_dag' retrieved from /opt/airflow/dags/ocr_pipeline_dag.py
[2025-11-08T12:38:48.991-0500] {logging_mixin.py:188} INFO - [2025-11-08T12:38:48.991-0500] {dag.py:3089} INFO - Sync 1 DAGs
[2025-11-08T12:38:49.005-0500] {logging_mixin.py:188} INFO - [2025-11-08T12:38:49.005-0500] {dag.py:3947} INFO - Setting next_dagrun for ocr_pipeline_dag to None, run_after=None
[2025-11-08T12:38:49.046-0500] {processor.py:183} INFO - Processing /opt/airflow/dags/ocr_pipeline_dag.py took 1.247 seconds
[2025-11-08T12:39:19.307-0500] {processor.py:161} INFO - Started process (PID=384) to work on /opt/airflow/dags/ocr_pipeline_dag.py
[2025-11-08T12:39:19.308-0500] {processor.py:830} INFO - Processing file /opt/airflow/dags/ocr_pipeline_dag.py for tasks to queue
[2025-11-08T12:39:19.312-0500] {logging_mixin.py:188} INFO - [2025-11-08T12:39:19.311-0500] {dagbag.py:545} INFO - Filling up the DagBag from /opt/airflow/dags/ocr_pipeline_dag.py
[2025-11-08T12:39:19.332-0500] {logging_mixin.py:188} INFO - 📂 Using project root: /opt/project
[2025-11-08T12:39:19.530-0500] {logging_mixin.py:188} INFO - [2025-11-08T12:39:19.530-0500] {credentials.py:1278} INFO - Found credentials in shared credentials file: ~/.aws/credentials
[2025-11-08T12:39:20.354-0500] {processor.py:840} INFO - DAG(s) 'ocr_pipeline_dag' retrieved from /opt/airflow/dags/ocr_pipeline_dag.py
[2025-11-08T12:39:20.389-0500] {logging_mixin.py:188} INFO - [2025-11-08T12:39:20.389-0500] {dag.py:3089} INFO - Sync 1 DAGs
[2025-11-08T12:39:20.407-0500] {logging_mixin.py:188} INFO - [2025-11-08T12:39:20.407-0500] {dag.py:3947} INFO - Setting next_dagrun for ocr_pipeline_dag to None, run_after=None
[2025-11-08T12:39:20.433-0500] {processor.py:183} INFO - Processing /opt/airflow/dags/ocr_pipeline_dag.py took 1.135 seconds
[2025-11-08T12:39:50.673-0500] {processor.py:161} INFO - Started process (PID=390) to work on /opt/airflow/dags/ocr_pipeline_dag.py
[2025-11-08T12:39:50.675-0500] {processor.py:830} INFO - Processing file /opt/airflow/dags/ocr_pipeline_dag.py for tasks to queue
[2025-11-08T12:39:50.678-0500] {logging_mixin.py:188} INFO - [2025-11-08T12:39:50.677-0500] {dagbag.py:545} INFO - Filling up the DagBag from /opt/airflow/dags/ocr_pipeline_dag.py
[2025-11-08T12:39:50.697-0500] {logging_mixin.py:188} INFO - 📂 Using project root: /opt/project
[2025-11-08T12:39:50.902-0500] {logging_mixin.py:188} INFO - [2025-11-08T12:39:50.901-0500] {credentials.py:1278} INFO - Found credentials in shared credentials file: ~/.aws/credentials
[2025-11-08T12:39:51.740-0500] {processor.py:840} INFO - DAG(s) 'ocr_pipeline_dag' retrieved from /opt/airflow/dags/ocr_pipeline_dag.py
[2025-11-08T12:39:51.772-0500] {logging_mixin.py:188} INFO - [2025-11-08T12:39:51.772-0500] {dag.py:3089} INFO - Sync 1 DAGs
[2025-11-08T12:39:51.788-0500] {logging_mixin.py:188} INFO - [2025-11-08T12:39:51.788-0500] {dag.py:3947} INFO - Setting next_dagrun for ocr_pipeline_dag to None, run_after=None
[2025-11-08T12:39:51.814-0500] {processor.py:183} INFO - Processing /opt/airflow/dags/ocr_pipeline_dag.py took 1.150 seconds
[2025-11-08T12:40:22.809-0500] {processor.py:161} INFO - Started process (PID=396) to work on /opt/airflow/dags/ocr_pipeline_dag.py
[2025-11-08T12:40:22.811-0500] {processor.py:830} INFO - Processing file /opt/airflow/dags/ocr_pipeline_dag.py for tasks to queue
[2025-11-08T12:40:22.814-0500] {logging_mixin.py:188} INFO - [2025-11-08T12:40:22.814-0500] {dagbag.py:545} INFO - Filling up the DagBag from /opt/airflow/dags/ocr_pipeline_dag.py
[2025-11-08T12:40:22.837-0500] {logging_mixin.py:188} INFO - 📂 Using project root: /opt/project
[2025-11-08T12:40:23.024-0500] {logging_mixin.py:188} INFO - [2025-11-08T12:40:23.023-0500] {credentials.py:1278} INFO - Found credentials in shared credentials file: ~/.aws/credentials
[2025-11-08T12:40:23.883-0500] {processor.py:840} INFO - DAG(s) 'ocr_pipeline_dag' retrieved from /opt/airflow/dags/ocr_pipeline_dag.py
[2025-11-08T12:40:23.918-0500] {logging_mixin.py:188} INFO - [2025-11-08T12:40:23.918-0500] {dag.py:3089} INFO - Sync 1 DAGs
[2025-11-08T12:40:23.934-0500] {logging_mixin.py:188} INFO - [2025-11-08T12:40:23.934-0500] {dag.py:3947} INFO - Setting next_dagrun for ocr_pipeline_dag to None, run_after=None
[2025-11-08T12:40:23.960-0500] {processor.py:183} INFO - Processing /opt/airflow/dags/ocr_pipeline_dag.py took 1.159 seconds
[2025-11-08T12:40:54.180-0500] {processor.py:161} INFO - Started process (PID=402) to work on /opt/airflow/dags/ocr_pipeline_dag.py
[2025-11-08T12:40:54.182-0500] {processor.py:830} INFO - Processing file /opt/airflow/dags/ocr_pipeline_dag.py for tasks to queue
[2025-11-08T12:40:54.185-0500] {logging_mixin.py:188} INFO - [2025-11-08T12:40:54.185-0500] {dagbag.py:545} INFO - Filling up the DagBag from /opt/airflow/dags/ocr_pipeline_dag.py
[2025-11-08T12:40:54.211-0500] {logging_mixin.py:188} INFO - 📂 Using project root: /opt/project
[2025-11-08T12:40:54.431-0500] {logging_mixin.py:188} INFO - [2025-11-08T12:40:54.431-0500] {credentials.py:1278} INFO - Found credentials in shared credentials file: ~/.aws/credentials
[2025-11-08T12:40:55.511-0500] {processor.py:840} INFO - DAG(s) 'ocr_pipeline_dag' retrieved from /opt/airflow/dags/ocr_pipeline_dag.py
[2025-11-08T12:40:55.560-0500] {logging_mixin.py:188} INFO - [2025-11-08T12:40:55.559-0500] {dag.py:3089} INFO - Sync 1 DAGs
[2025-11-08T12:40:55.586-0500] {logging_mixin.py:188} INFO - [2025-11-08T12:40:55.586-0500] {dag.py:3947} INFO - Setting next_dagrun for ocr_pipeline_dag to None, run_after=None
[2025-11-08T12:40:55.629-0500] {processor.py:183} INFO - Processing /opt/airflow/dags/ocr_pipeline_dag.py took 1.460 seconds
[2025-11-08T12:41:26.289-0500] {processor.py:161} INFO - Started process (PID=408) to work on /opt/airflow/dags/ocr_pipeline_dag.py
[2025-11-08T12:41:26.292-0500] {processor.py:830} INFO - Processing file /opt/airflow/dags/ocr_pipeline_dag.py for tasks to queue
[2025-11-08T12:41:26.297-0500] {logging_mixin.py:188} INFO - [2025-11-08T12:41:26.296-0500] {dagbag.py:545} INFO - Filling up the DagBag from /opt/airflow/dags/ocr_pipeline_dag.py
[2025-11-08T12:41:26.326-0500] {logging_mixin.py:188} INFO - 📂 Using project root: /opt/project
[2025-11-08T12:41:26.621-0500] {logging_mixin.py:188} INFO - [2025-11-08T12:41:26.621-0500] {credentials.py:1278} INFO - Found credentials in shared credentials file: ~/.aws/credentials
[2025-11-08T12:41:27.282-0500] {processor.py:840} INFO - DAG(s) 'ocr_pipeline_dag' retrieved from /opt/airflow/dags/ocr_pipeline_dag.py
[2025-11-08T12:41:27.309-0500] {logging_mixin.py:188} INFO - [2025-11-08T12:41:27.309-0500] {dag.py:3089} INFO - Sync 1 DAGs
[2025-11-08T12:41:27.322-0500] {logging_mixin.py:188} INFO - [2025-11-08T12:41:27.322-0500] {dag.py:3947} INFO - Setting next_dagrun for ocr_pipeline_dag to None, run_after=None
[2025-11-08T12:41:27.343-0500] {processor.py:183} INFO - Processing /opt/airflow/dags/ocr_pipeline_dag.py took 0.934 seconds
[2025-11-08T12:41:57.795-0500] {processor.py:161} INFO - Started process (PID=414) to work on /opt/airflow/dags/ocr_pipeline_dag.py
[2025-11-08T12:41:57.797-0500] {processor.py:830} INFO - Processing file /opt/airflow/dags/ocr_pipeline_dag.py for tasks to queue
[2025-11-08T12:41:57.800-0500] {logging_mixin.py:188} INFO - [2025-11-08T12:41:57.799-0500] {dagbag.py:545} INFO - Filling up the DagBag from /opt/airflow/dags/ocr_pipeline_dag.py
[2025-11-08T12:41:57.828-0500] {logging_mixin.py:188} INFO - 📂 Using project root: /opt/project
[2025-11-08T12:41:58.048-0500] {logging_mixin.py:188} INFO - [2025-11-08T12:41:58.048-0500] {credentials.py:1278} INFO - Found credentials in shared credentials file: ~/.aws/credentials
[2025-11-08T12:41:58.871-0500] {processor.py:840} INFO - DAG(s) 'ocr_pipeline_dag' retrieved from /opt/airflow/dags/ocr_pipeline_dag.py
[2025-11-08T12:41:58.908-0500] {logging_mixin.py:188} INFO - [2025-11-08T12:41:58.907-0500] {dag.py:3089} INFO - Sync 1 DAGs
[2025-11-08T12:41:58.923-0500] {logging_mixin.py:188} INFO - [2025-11-08T12:41:58.923-0500] {dag.py:3947} INFO - Setting next_dagrun for ocr_pipeline_dag to None, run_after=None
[2025-11-08T12:41:58.950-0500] {processor.py:183} INFO - Processing /opt/airflow/dags/ocr_pipeline_dag.py took 1.165 seconds
[2025-11-08T12:42:29.678-0500] {processor.py:161} INFO - Started process (PID=420) to work on /opt/airflow/dags/ocr_pipeline_dag.py
[2025-11-08T12:42:29.679-0500] {processor.py:830} INFO - Processing file /opt/airflow/dags/ocr_pipeline_dag.py for tasks to queue
[2025-11-08T12:42:29.683-0500] {logging_mixin.py:188} INFO - [2025-11-08T12:42:29.682-0500] {dagbag.py:545} INFO - Filling up the DagBag from /opt/airflow/dags/ocr_pipeline_dag.py
[2025-11-08T12:42:29.710-0500] {logging_mixin.py:188} INFO - 📂 Using project root: /opt/project
[2025-11-08T12:42:30.218-0500] {logging_mixin.py:188} INFO - [2025-11-08T12:42:30.217-0500] {credentials.py:1278} INFO - Found credentials in shared credentials file: ~/.aws/credentials
[2025-11-08T12:42:31.180-0500] {processor.py:840} INFO - DAG(s) 'ocr_pipeline_dag' retrieved from /opt/airflow/dags/ocr_pipeline_dag.py
[2025-11-08T12:42:31.220-0500] {logging_mixin.py:188} INFO - [2025-11-08T12:42:31.219-0500] {dag.py:3089} INFO - Sync 1 DAGs
[2025-11-08T12:42:31.234-0500] {logging_mixin.py:188} INFO - [2025-11-08T12:42:31.234-0500] {dag.py:3947} INFO - Setting next_dagrun for ocr_pipeline_dag to None, run_after=None
[2025-11-08T12:42:31.260-0500] {processor.py:183} INFO - Processing /opt/airflow/dags/ocr_pipeline_dag.py took 1.595 seconds
[2025-11-08T12:43:01.863-0500] {processor.py:161} INFO - Started process (PID=426) to work on /opt/airflow/dags/ocr_pipeline_dag.py
[2025-11-08T12:43:01.865-0500] {processor.py:830} INFO - Processing file /opt/airflow/dags/ocr_pipeline_dag.py for tasks to queue
[2025-11-08T12:43:01.870-0500] {logging_mixin.py:188} INFO - [2025-11-08T12:43:01.869-0500] {dagbag.py:545} INFO - Filling up the DagBag from /opt/airflow/dags/ocr_pipeline_dag.py
[2025-11-08T12:43:01.892-0500] {logging_mixin.py:188} INFO - 📂 Using project root: /opt/project
[2025-11-08T12:43:02.093-0500] {logging_mixin.py:188} INFO - [2025-11-08T12:43:02.093-0500] {credentials.py:1278} INFO - Found credentials in shared credentials file: ~/.aws/credentials
[2025-11-08T12:43:02.881-0500] {processor.py:840} INFO - DAG(s) 'ocr_pipeline_dag' retrieved from /opt/airflow/dags/ocr_pipeline_dag.py
[2025-11-08T12:43:02.915-0500] {logging_mixin.py:188} INFO - [2025-11-08T12:43:02.915-0500] {dag.py:3089} INFO - Sync 1 DAGs
[2025-11-08T12:43:02.933-0500] {logging_mixin.py:188} INFO - [2025-11-08T12:43:02.933-0500] {dag.py:3947} INFO - Setting next_dagrun for ocr_pipeline_dag to None, run_after=None
[2025-11-08T12:43:02.962-0500] {processor.py:183} INFO - Processing /opt/airflow/dags/ocr_pipeline_dag.py took 1.110 seconds
[2025-11-08T12:43:33.433-0500] {processor.py:161} INFO - Started process (PID=432) to work on /opt/airflow/dags/ocr_pipeline_dag.py
[2025-11-08T12:43:33.435-0500] {processor.py:830} INFO - Processing file /opt/airflow/dags/ocr_pipeline_dag.py for tasks to queue
[2025-11-08T12:43:33.437-0500] {logging_mixin.py:188} INFO - [2025-11-08T12:43:33.437-0500] {dagbag.py:545} INFO - Filling up the DagBag from /opt/airflow/dags/ocr_pipeline_dag.py
[2025-11-08T12:43:33.452-0500] {logging_mixin.py:188} INFO - 📂 Using project root: /opt/project
[2025-11-08T12:43:33.602-0500] {logging_mixin.py:188} INFO - [2025-11-08T12:43:33.602-0500] {credentials.py:1278} INFO - Found credentials in shared credentials file: ~/.aws/credentials
[2025-11-08T12:43:34.286-0500] {processor.py:840} INFO - DAG(s) 'ocr_pipeline_dag' retrieved from /opt/airflow/dags/ocr_pipeline_dag.py
[2025-11-08T12:43:34.320-0500] {logging_mixin.py:188} INFO - [2025-11-08T12:43:34.320-0500] {dag.py:3089} INFO - Sync 1 DAGs
[2025-11-08T12:43:34.336-0500] {logging_mixin.py:188} INFO - [2025-11-08T12:43:34.336-0500] {dag.py:3947} INFO - Setting next_dagrun for ocr_pipeline_dag to None, run_after=None
[2025-11-08T12:43:34.363-0500] {processor.py:183} INFO - Processing /opt/airflow/dags/ocr_pipeline_dag.py took 0.935 seconds
[2025-11-08T12:44:04.870-0500] {processor.py:161} INFO - Started process (PID=438) to work on /opt/airflow/dags/ocr_pipeline_dag.py
[2025-11-08T12:44:04.872-0500] {processor.py:830} INFO - Processing file /opt/airflow/dags/ocr_pipeline_dag.py for tasks to queue
[2025-11-08T12:44:04.875-0500] {logging_mixin.py:188} INFO - [2025-11-08T12:44:04.874-0500] {dagbag.py:545} INFO - Filling up the DagBag from /opt/airflow/dags/ocr_pipeline_dag.py
[2025-11-08T12:44:04.894-0500] {logging_mixin.py:188} INFO - 📂 Using project root: /opt/project
[2025-11-08T12:44:05.047-0500] {logging_mixin.py:188} INFO - [2025-11-08T12:44:05.047-0500] {credentials.py:1278} INFO - Found credentials in shared credentials file: ~/.aws/credentials
[2025-11-08T12:44:05.902-0500] {processor.py:840} INFO - DAG(s) 'ocr_pipeline_dag' retrieved from /opt/airflow/dags/ocr_pipeline_dag.py
[2025-11-08T12:44:05.934-0500] {logging_mixin.py:188} INFO - [2025-11-08T12:44:05.933-0500] {dag.py:3089} INFO - Sync 1 DAGs
[2025-11-08T12:44:05.948-0500] {logging_mixin.py:188} INFO - [2025-11-08T12:44:05.948-0500] {dag.py:3947} INFO - Setting next_dagrun for ocr_pipeline_dag to None, run_after=None
[2025-11-08T12:44:05.970-0500] {processor.py:183} INFO - Processing /opt/airflow/dags/ocr_pipeline_dag.py took 1.109 seconds
[2025-11-08T12:44:36.523-0500] {processor.py:161} INFO - Started process (PID=444) to work on /opt/airflow/dags/ocr_pipeline_dag.py
[2025-11-08T12:44:36.525-0500] {processor.py:830} INFO - Processing file /opt/airflow/dags/ocr_pipeline_dag.py for tasks to queue
[2025-11-08T12:44:36.528-0500] {logging_mixin.py:188} INFO - [2025-11-08T12:44:36.528-0500] {dagbag.py:545} INFO - Filling up the DagBag from /opt/airflow/dags/ocr_pipeline_dag.py
[2025-11-08T12:44:36.541-0500] {logging_mixin.py:188} INFO - 📂 Using project root: /opt/project
[2025-11-08T12:44:36.691-0500] {logging_mixin.py:188} INFO - [2025-11-08T12:44:36.690-0500] {credentials.py:1278} INFO - Found credentials in shared credentials file: ~/.aws/credentials
[2025-11-08T12:44:37.372-0500] {processor.py:840} INFO - DAG(s) 'ocr_pipeline_dag' retrieved from /opt/airflow/dags/ocr_pipeline_dag.py
[2025-11-08T12:44:37.397-0500] {logging_mixin.py:188} INFO - [2025-11-08T12:44:37.397-0500] {dag.py:3089} INFO - Sync 1 DAGs
[2025-11-08T12:44:37.408-0500] {logging_mixin.py:188} INFO - [2025-11-08T12:44:37.408-0500] {dag.py:3947} INFO - Setting next_dagrun for ocr_pipeline_dag to None, run_after=None
[2025-11-08T12:44:37.429-0500] {processor.py:183} INFO - Processing /opt/airflow/dags/ocr_pipeline_dag.py took 0.915 seconds
[2025-11-08T12:45:07.992-0500] {processor.py:161} INFO - Started process (PID=450) to work on /opt/airflow/dags/ocr_pipeline_dag.py
[2025-11-08T12:45:07.994-0500] {processor.py:830} INFO - Processing file /opt/airflow/dags/ocr_pipeline_dag.py for tasks to queue
[2025-11-08T12:45:07.996-0500] {logging_mixin.py:188} INFO - [2025-11-08T12:45:07.995-0500] {dagbag.py:545} INFO - Filling up the DagBag from /opt/airflow/dags/ocr_pipeline_dag.py
[2025-11-08T12:45:08.013-0500] {logging_mixin.py:188} INFO - 📂 Using project root: /opt/project
[2025-11-08T12:45:08.162-0500] {logging_mixin.py:188} INFO - [2025-11-08T12:45:08.162-0500] {credentials.py:1278} INFO - Found credentials in shared credentials file: ~/.aws/credentials
[2025-11-08T12:45:08.921-0500] {processor.py:840} INFO - DAG(s) 'ocr_pipeline_dag' retrieved from /opt/airflow/dags/ocr_pipeline_dag.py
[2025-11-08T12:45:08.949-0500] {logging_mixin.py:188} INFO - [2025-11-08T12:45:08.948-0500] {dag.py:3089} INFO - Sync 1 DAGs
[2025-11-08T12:45:08.963-0500] {logging_mixin.py:188} INFO - [2025-11-08T12:45:08.963-0500] {dag.py:3947} INFO - Setting next_dagrun for ocr_pipeline_dag to None, run_after=None
[2025-11-08T12:45:08.985-0500] {processor.py:183} INFO - Processing /opt/airflow/dags/ocr_pipeline_dag.py took 1.000 seconds
[2025-11-08T12:45:39.477-0500] {processor.py:161} INFO - Started process (PID=456) to work on /opt/airflow/dags/ocr_pipeline_dag.py
[2025-11-08T12:45:39.478-0500] {processor.py:830} INFO - Processing file /opt/airflow/dags/ocr_pipeline_dag.py for tasks to queue
[2025-11-08T12:45:39.482-0500] {logging_mixin.py:188} INFO - [2025-11-08T12:45:39.481-0500] {dagbag.py:545} INFO - Filling up the DagBag from /opt/airflow/dags/ocr_pipeline_dag.py
[2025-11-08T12:45:39.502-0500] {logging_mixin.py:188} INFO - 📂 Using project root: /opt/project
[2025-11-08T12:45:39.658-0500] {logging_mixin.py:188} INFO - [2025-11-08T12:45:39.658-0500] {credentials.py:1278} INFO - Found credentials in shared credentials file: ~/.aws/credentials
[2025-11-08T12:45:40.410-0500] {processor.py:840} INFO - DAG(s) 'ocr_pipeline_dag' retrieved from /opt/airflow/dags/ocr_pipeline_dag.py
[2025-11-08T12:45:40.454-0500] {logging_mixin.py:188} INFO - [2025-11-08T12:45:40.453-0500] {dag.py:3089} INFO - Sync 1 DAGs
[2025-11-08T12:45:40.471-0500] {logging_mixin.py:188} INFO - [2025-11-08T12:45:40.471-0500] {dag.py:3947} INFO - Setting next_dagrun for ocr_pipeline_dag to None, run_after=None
[2025-11-08T12:45:40.496-0500] {processor.py:183} INFO - Processing /opt/airflow/dags/ocr_pipeline_dag.py took 1.027 seconds
[2025-11-08T12:46:10.990-0500] {processor.py:161} INFO - Started process (PID=462) to work on /opt/airflow/dags/ocr_pipeline_dag.py
[2025-11-08T12:46:10.992-0500] {processor.py:830} INFO - Processing file /opt/airflow/dags/ocr_pipeline_dag.py for tasks to queue
[2025-11-08T12:46:10.995-0500] {logging_mixin.py:188} INFO - [2025-11-08T12:46:10.994-0500] {dagbag.py:545} INFO - Filling up the DagBag from /opt/airflow/dags/ocr_pipeline_dag.py
[2025-11-08T12:46:11.021-0500] {logging_mixin.py:188} INFO - 📂 Using project root: /opt/project
[2025-11-08T12:46:11.240-0500] {logging_mixin.py:188} INFO - [2025-11-08T12:46:11.240-0500] {credentials.py:1278} INFO - Found credentials in shared credentials file: ~/.aws/credentials
[2025-11-08T12:46:12.050-0500] {processor.py:840} INFO - DAG(s) 'ocr_pipeline_dag' retrieved from /opt/airflow/dags/ocr_pipeline_dag.py
[2025-11-08T12:46:12.080-0500] {logging_mixin.py:188} INFO - [2025-11-08T12:46:12.080-0500] {dag.py:3089} INFO - Sync 1 DAGs
[2025-11-08T12:46:12.094-0500] {logging_mixin.py:188} INFO - [2025-11-08T12:46:12.094-0500] {dag.py:3947} INFO - Setting next_dagrun for ocr_pipeline_dag to None, run_after=None
[2025-11-08T12:46:12.116-0500] {processor.py:183} INFO - Processing /opt/airflow/dags/ocr_pipeline_dag.py took 1.138 seconds
[2025-11-08T12:46:42.343-0500] {processor.py:161} INFO - Started process (PID=468) to work on /opt/airflow/dags/ocr_pipeline_dag.py
[2025-11-08T12:46:42.345-0500] {processor.py:830} INFO - Processing file /opt/airflow/dags/ocr_pipeline_dag.py for tasks to queue
[2025-11-08T12:46:42.347-0500] {logging_mixin.py:188} INFO - [2025-11-08T12:46:42.347-0500] {dagbag.py:545} INFO - Filling up the DagBag from /opt/airflow/dags/ocr_pipeline_dag.py
[2025-11-08T12:46:42.367-0500] {logging_mixin.py:188} INFO - 📂 Using project root: /opt/project
[2025-11-08T12:46:42.562-0500] {logging_mixin.py:188} INFO - [2025-11-08T12:46:42.561-0500] {credentials.py:1278} INFO - Found credentials in shared credentials file: ~/.aws/credentials
[2025-11-08T12:46:43.357-0500] {processor.py:840} INFO - DAG(s) 'ocr_pipeline_dag' retrieved from /opt/airflow/dags/ocr_pipeline_dag.py
[2025-11-08T12:46:43.394-0500] {logging_mixin.py:188} INFO - [2025-11-08T12:46:43.393-0500] {dag.py:3089} INFO - Sync 1 DAGs
[2025-11-08T12:46:43.411-0500] {logging_mixin.py:188} INFO - [2025-11-08T12:46:43.411-0500] {dag.py:3947} INFO - Setting next_dagrun for ocr_pipeline_dag to None, run_after=None
[2025-11-08T12:46:43.438-0500] {processor.py:183} INFO - Processing /opt/airflow/dags/ocr_pipeline_dag.py took 1.103 seconds
[2025-11-08T12:47:13.986-0500] {processor.py:161} INFO - Started process (PID=474) to work on /opt/airflow/dags/ocr_pipeline_dag.py
[2025-11-08T12:47:13.988-0500] {processor.py:830} INFO - Processing file /opt/airflow/dags/ocr_pipeline_dag.py for tasks to queue
[2025-11-08T12:47:13.990-0500] {logging_mixin.py:188} INFO - [2025-11-08T12:47:13.990-0500] {dagbag.py:545} INFO - Filling up the DagBag from /opt/airflow/dags/ocr_pipeline_dag.py
[2025-11-08T12:47:14.006-0500] {logging_mixin.py:188} INFO - 📂 Using project root: /opt/project
[2025-11-08T12:47:14.231-0500] {logging_mixin.py:188} INFO - [2025-11-08T12:47:14.231-0500] {credentials.py:1278} INFO - Found credentials in shared credentials file: ~/.aws/credentials
[2025-11-08T12:47:14.872-0500] {processor.py:840} INFO - DAG(s) 'ocr_pipeline_dag' retrieved from /opt/airflow/dags/ocr_pipeline_dag.py
[2025-11-08T12:47:14.914-0500] {logging_mixin.py:188} INFO - [2025-11-08T12:47:14.914-0500] {dag.py:3089} INFO - Sync 1 DAGs
[2025-11-08T12:47:14.929-0500] {logging_mixin.py:188} INFO - [2025-11-08T12:47:14.929-0500] {dag.py:3947} INFO - Setting next_dagrun for ocr_pipeline_dag to None, run_after=None
[2025-11-08T12:47:14.950-0500] {processor.py:183} INFO - Processing /opt/airflow/dags/ocr_pipeline_dag.py took 0.972 seconds
[2025-11-08T12:47:45.582-0500] {processor.py:161} INFO - Started process (PID=480) to work on /opt/airflow/dags/ocr_pipeline_dag.py
[2025-11-08T12:47:45.583-0500] {processor.py:830} INFO - Processing file /opt/airflow/dags/ocr_pipeline_dag.py for tasks to queue
[2025-11-08T12:47:45.586-0500] {logging_mixin.py:188} INFO - [2025-11-08T12:47:45.585-0500] {dagbag.py:545} INFO - Filling up the DagBag from /opt/airflow/dags/ocr_pipeline_dag.py
[2025-11-08T12:47:45.602-0500] {logging_mixin.py:188} INFO - 📂 Using project root: /opt/project
[2025-11-08T12:47:45.745-0500] {logging_mixin.py:188} INFO - [2025-11-08T12:47:45.745-0500] {credentials.py:1278} INFO - Found credentials in shared credentials file: ~/.aws/credentials
[2025-11-08T12:47:46.373-0500] {processor.py:840} INFO - DAG(s) 'ocr_pipeline_dag' retrieved from /opt/airflow/dags/ocr_pipeline_dag.py
[2025-11-08T12:47:46.447-0500] {logging_mixin.py:188} INFO - [2025-11-08T12:47:46.446-0500] {dag.py:3089} INFO - Sync 1 DAGs
[2025-11-08T12:47:46.468-0500] {logging_mixin.py:188} INFO - [2025-11-08T12:47:46.468-0500] {dag.py:3947} INFO - Setting next_dagrun for ocr_pipeline_dag to None, run_after=None
[2025-11-08T12:47:46.514-0500] {processor.py:183} INFO - Processing /opt/airflow/dags/ocr_pipeline_dag.py took 0.938 seconds
[2025-11-08T12:48:17.186-0500] {processor.py:161} INFO - Started process (PID=486) to work on /opt/airflow/dags/ocr_pipeline_dag.py
[2025-11-08T12:48:17.188-0500] {processor.py:830} INFO - Processing file /opt/airflow/dags/ocr_pipeline_dag.py for tasks to queue
[2025-11-08T12:48:17.191-0500] {logging_mixin.py:188} INFO - [2025-11-08T12:48:17.190-0500] {dagbag.py:545} INFO - Filling up the DagBag from /opt/airflow/dags/ocr_pipeline_dag.py
[2025-11-08T12:48:17.212-0500] {logging_mixin.py:188} INFO - 📂 Using project root: /opt/project
[2025-11-08T12:48:17.360-0500] {logging_mixin.py:188} INFO - [2025-11-08T12:48:17.360-0500] {credentials.py:1278} INFO - Found credentials in shared credentials file: ~/.aws/credentials
[2025-11-08T12:48:18.085-0500] {processor.py:840} INFO - DAG(s) 'ocr_pipeline_dag' retrieved from /opt/airflow/dags/ocr_pipeline_dag.py
[2025-11-08T12:48:18.123-0500] {logging_mixin.py:188} INFO - [2025-11-08T12:48:18.123-0500] {dag.py:3089} INFO - Sync 1 DAGs
[2025-11-08T12:48:18.139-0500] {logging_mixin.py:188} INFO - [2025-11-08T12:48:18.138-0500] {dag.py:3947} INFO - Setting next_dagrun for ocr_pipeline_dag to None, run_after=None
[2025-11-08T12:48:18.166-0500] {processor.py:183} INFO - Processing /opt/airflow/dags/ocr_pipeline_dag.py took 0.987 seconds
[2025-11-08T12:48:48.711-0500] {processor.py:161} INFO - Started process (PID=492) to work on /opt/airflow/dags/ocr_pipeline_dag.py
[2025-11-08T12:48:48.714-0500] {processor.py:830} INFO - Processing file /opt/airflow/dags/ocr_pipeline_dag.py for tasks to queue
[2025-11-08T12:48:48.720-0500] {logging_mixin.py:188} INFO - [2025-11-08T12:48:48.719-0500] {dagbag.py:545} INFO - Filling up the DagBag from /opt/airflow/dags/ocr_pipeline_dag.py
[2025-11-08T12:48:48.747-0500] {logging_mixin.py:188} INFO - 📂 Using project root: /opt/project
[2025-11-08T12:48:48.964-0500] {logging_mixin.py:188} INFO - [2025-11-08T12:48:48.963-0500] {credentials.py:1278} INFO - Found credentials in shared credentials file: ~/.aws/credentials
[2025-11-08T12:48:50.063-0500] {processor.py:840} INFO - DAG(s) 'ocr_pipeline_dag' retrieved from /opt/airflow/dags/ocr_pipeline_dag.py
[2025-11-08T12:48:50.098-0500] {logging_mixin.py:188} INFO - [2025-11-08T12:48:50.097-0500] {dag.py:3089} INFO - Sync 1 DAGs
[2025-11-08T12:48:50.110-0500] {logging_mixin.py:188} INFO - [2025-11-08T12:48:50.109-0500] {dag.py:3947} INFO - Setting next_dagrun for ocr_pipeline_dag to None, run_after=None
[2025-11-08T12:48:50.131-0500] {processor.py:183} INFO - Processing /opt/airflow/dags/ocr_pipeline_dag.py took 1.437 seconds
[2025-11-08T12:49:20.550-0500] {processor.py:161} INFO - Started process (PID=498) to work on /opt/airflow/dags/ocr_pipeline_dag.py
[2025-11-08T12:49:20.551-0500] {processor.py:830} INFO - Processing file /opt/airflow/dags/ocr_pipeline_dag.py for tasks to queue
[2025-11-08T12:49:20.554-0500] {logging_mixin.py:188} INFO - [2025-11-08T12:49:20.554-0500] {dagbag.py:545} INFO - Filling up the DagBag from /opt/airflow/dags/ocr_pipeline_dag.py
[2025-11-08T12:49:20.575-0500] {logging_mixin.py:188} INFO - 📂 Using project root: /opt/project
[2025-11-08T12:49:20.753-0500] {logging_mixin.py:188} INFO - [2025-11-08T12:49:20.752-0500] {credentials.py:1278} INFO - Found credentials in shared credentials file: ~/.aws/credentials
[2025-11-08T12:49:21.458-0500] {processor.py:840} INFO - DAG(s) 'ocr_pipeline_dag' retrieved from /opt/airflow/dags/ocr_pipeline_dag.py
[2025-11-08T12:49:21.487-0500] {logging_mixin.py:188} INFO - [2025-11-08T12:49:21.486-0500] {dag.py:3089} INFO - Sync 1 DAGs
[2025-11-08T12:49:21.500-0500] {logging_mixin.py:188} INFO - [2025-11-08T12:49:21.500-0500] {dag.py:3947} INFO - Setting next_dagrun for ocr_pipeline_dag to None, run_after=None
[2025-11-08T12:49:21.526-0500] {processor.py:183} INFO - Processing /opt/airflow/dags/ocr_pipeline_dag.py took 0.988 seconds
[2025-11-08T12:49:52.054-0500] {processor.py:161} INFO - Started process (PID=504) to work on /opt/airflow/dags/ocr_pipeline_dag.py
[2025-11-08T12:49:52.056-0500] {processor.py:830} INFO - Processing file /opt/airflow/dags/ocr_pipeline_dag.py for tasks to queue
[2025-11-08T12:49:52.058-0500] {logging_mixin.py:188} INFO - [2025-11-08T12:49:52.057-0500] {dagbag.py:545} INFO - Filling up the DagBag from /opt/airflow/dags/ocr_pipeline_dag.py
[2025-11-08T12:49:52.073-0500] {logging_mixin.py:188} INFO - 📂 Using project root: /opt/project
[2025-11-08T12:49:52.232-0500] {logging_mixin.py:188} INFO - [2025-11-08T12:49:52.232-0500] {credentials.py:1278} INFO - Found credentials in shared credentials file: ~/.aws/credentials
[2025-11-08T12:49:52.903-0500] {processor.py:840} INFO - DAG(s) 'ocr_pipeline_dag' retrieved from /opt/airflow/dags/ocr_pipeline_dag.py
[2025-11-08T12:49:52.929-0500] {logging_mixin.py:188} INFO - [2025-11-08T12:49:52.928-0500] {dag.py:3089} INFO - Sync 1 DAGs
[2025-11-08T12:49:52.941-0500] {logging_mixin.py:188} INFO - [2025-11-08T12:49:52.940-0500] {dag.py:3947} INFO - Setting next_dagrun for ocr_pipeline_dag to None, run_after=None
[2025-11-08T12:49:52.975-0500] {processor.py:183} INFO - Processing /opt/airflow/dags/ocr_pipeline_dag.py took 0.927 seconds
[2025-11-08T12:50:23.595-0500] {processor.py:161} INFO - Started process (PID=510) to work on /opt/airflow/dags/ocr_pipeline_dag.py
[2025-11-08T12:50:23.597-0500] {processor.py:830} INFO - Processing file /opt/airflow/dags/ocr_pipeline_dag.py for tasks to queue
[2025-11-08T12:50:23.599-0500] {logging_mixin.py:188} INFO - [2025-11-08T12:50:23.599-0500] {dagbag.py:545} INFO - Filling up the DagBag from /opt/airflow/dags/ocr_pipeline_dag.py
[2025-11-08T12:50:23.619-0500] {logging_mixin.py:188} INFO - 📂 Using project root: /opt/project
[2025-11-08T12:50:23.838-0500] {logging_mixin.py:188} INFO - [2025-11-08T12:50:23.837-0500] {credentials.py:1278} INFO - Found credentials in shared credentials file: ~/.aws/credentials
[2025-11-08T12:50:24.518-0500] {processor.py:840} INFO - DAG(s) 'ocr_pipeline_dag' retrieved from /opt/airflow/dags/ocr_pipeline_dag.py
[2025-11-08T12:50:24.544-0500] {logging_mixin.py:188} INFO - [2025-11-08T12:50:24.543-0500] {dag.py:3089} INFO - Sync 1 DAGs
[2025-11-08T12:50:24.566-0500] {logging_mixin.py:188} INFO - [2025-11-08T12:50:24.565-0500] {dag.py:3947} INFO - Setting next_dagrun for ocr_pipeline_dag to None, run_after=None
[2025-11-08T12:50:24.589-0500] {processor.py:183} INFO - Processing /opt/airflow/dags/ocr_pipeline_dag.py took 1.003 seconds
[2025-11-08T12:50:55.180-0500] {processor.py:161} INFO - Started process (PID=516) to work on /opt/airflow/dags/ocr_pipeline_dag.py
[2025-11-08T12:50:55.182-0500] {processor.py:830} INFO - Processing file /opt/airflow/dags/ocr_pipeline_dag.py for tasks to queue
[2025-11-08T12:50:55.185-0500] {logging_mixin.py:188} INFO - [2025-11-08T12:50:55.184-0500] {dagbag.py:545} INFO - Filling up the DagBag from /opt/airflow/dags/ocr_pipeline_dag.py
[2025-11-08T12:50:55.201-0500] {logging_mixin.py:188} INFO - 📂 Using project root: /opt/project
[2025-11-08T12:50:55.356-0500] {logging_mixin.py:188} INFO - [2025-11-08T12:50:55.356-0500] {credentials.py:1278} INFO - Found credentials in shared credentials file: ~/.aws/credentials
[2025-11-08T12:50:56.272-0500] {processor.py:840} INFO - DAG(s) 'ocr_pipeline_dag' retrieved from /opt/airflow/dags/ocr_pipeline_dag.py
[2025-11-08T12:50:56.309-0500] {logging_mixin.py:188} INFO - [2025-11-08T12:50:56.309-0500] {dag.py:3089} INFO - Sync 1 DAGs
[2025-11-08T12:50:56.328-0500] {logging_mixin.py:188} INFO - [2025-11-08T12:50:56.328-0500] {dag.py:3947} INFO - Setting next_dagrun for ocr_pipeline_dag to None, run_after=None
[2025-11-08T12:50:56.377-0500] {processor.py:183} INFO - Processing /opt/airflow/dags/ocr_pipeline_dag.py took 1.204 seconds
[2025-11-08T12:51:26.776-0500] {processor.py:161} INFO - Started process (PID=522) to work on /opt/airflow/dags/ocr_pipeline_dag.py
[2025-11-08T12:51:26.777-0500] {processor.py:830} INFO - Processing file /opt/airflow/dags/ocr_pipeline_dag.py for tasks to queue
[2025-11-08T12:51:26.780-0500] {logging_mixin.py:188} INFO - [2025-11-08T12:51:26.780-0500] {dagbag.py:545} INFO - Filling up the DagBag from /opt/airflow/dags/ocr_pipeline_dag.py
[2025-11-08T12:51:26.810-0500] {logging_mixin.py:188} INFO - 📂 Using project root: /opt/project
[2025-11-08T12:51:27.006-0500] {logging_mixin.py:188} INFO - [2025-11-08T12:51:27.005-0500] {credentials.py:1278} INFO - Found credentials in shared credentials file: ~/.aws/credentials
[2025-11-08T12:51:27.838-0500] {processor.py:840} INFO - DAG(s) 'ocr_pipeline_dag' retrieved from /opt/airflow/dags/ocr_pipeline_dag.py
[2025-11-08T12:51:27.870-0500] {logging_mixin.py:188} INFO - [2025-11-08T12:51:27.869-0500] {dag.py:3089} INFO - Sync 1 DAGs
[2025-11-08T12:51:27.883-0500] {logging_mixin.py:188} INFO - [2025-11-08T12:51:27.883-0500] {dag.py:3947} INFO - Setting next_dagrun for ocr_pipeline_dag to None, run_after=None
[2025-11-08T12:51:27.915-0500] {processor.py:183} INFO - Processing /opt/airflow/dags/ocr_pipeline_dag.py took 1.148 seconds
[2025-11-08T12:51:58.334-0500] {processor.py:161} INFO - Started process (PID=528) to work on /opt/airflow/dags/ocr_pipeline_dag.py
[2025-11-08T12:51:58.336-0500] {processor.py:830} INFO - Processing file /opt/airflow/dags/ocr_pipeline_dag.py for tasks to queue
[2025-11-08T12:51:58.340-0500] {logging_mixin.py:188} INFO - [2025-11-08T12:51:58.339-0500] {dagbag.py:545} INFO - Filling up the DagBag from /opt/airflow/dags/ocr_pipeline_dag.py
[2025-11-08T12:51:58.365-0500] {logging_mixin.py:188} INFO - 📂 Using project root: /opt/project
[2025-11-08T12:51:58.668-0500] {logging_mixin.py:188} INFO - [2025-11-08T12:51:58.667-0500] {credentials.py:1278} INFO - Found credentials in shared credentials file: ~/.aws/credentials
[2025-11-08T12:51:59.811-0500] {processor.py:840} INFO - DAG(s) 'ocr_pipeline_dag' retrieved from /opt/airflow/dags/ocr_pipeline_dag.py
[2025-11-08T12:51:59.861-0500] {logging_mixin.py:188} INFO - [2025-11-08T12:51:59.860-0500] {dag.py:3089} INFO - Sync 1 DAGs
[2025-11-08T12:51:59.885-0500] {logging_mixin.py:188} INFO - [2025-11-08T12:51:59.884-0500] {dag.py:3947} INFO - Setting next_dagrun for ocr_pipeline_dag to None, run_after=None
[2025-11-08T12:51:59.920-0500] {processor.py:183} INFO - Processing /opt/airflow/dags/ocr_pipeline_dag.py took 1.601 seconds
[2025-11-08T12:52:30.069-0500] {processor.py:161} INFO - Started process (PID=534) to work on /opt/airflow/dags/ocr_pipeline_dag.py
[2025-11-08T12:52:30.071-0500] {processor.py:830} INFO - Processing file /opt/airflow/dags/ocr_pipeline_dag.py for tasks to queue
[2025-11-08T12:52:30.073-0500] {logging_mixin.py:188} INFO - [2025-11-08T12:52:30.073-0500] {dagbag.py:545} INFO - Filling up the DagBag from /opt/airflow/dags/ocr_pipeline_dag.py
[2025-11-08T12:52:30.095-0500] {logging_mixin.py:188} INFO - 📂 Using project root: /opt/project
[2025-11-08T12:52:30.303-0500] {logging_mixin.py:188} INFO - [2025-11-08T12:52:30.303-0500] {credentials.py:1278} INFO - Found credentials in shared credentials file: ~/.aws/credentials
[2025-11-08T12:52:30.998-0500] {processor.py:840} INFO - DAG(s) 'ocr_pipeline_dag' retrieved from /opt/airflow/dags/ocr_pipeline_dag.py
[2025-11-08T12:52:31.025-0500] {logging_mixin.py:188} INFO - [2025-11-08T12:52:31.024-0500] {dag.py:3089} INFO - Sync 1 DAGs
[2025-11-08T12:52:31.037-0500] {logging_mixin.py:188} INFO - [2025-11-08T12:52:31.037-0500] {dag.py:3947} INFO - Setting next_dagrun for ocr_pipeline_dag to None, run_after=None
[2025-11-08T12:52:31.062-0500] {processor.py:183} INFO - Processing /opt/airflow/dags/ocr_pipeline_dag.py took 1.072 seconds
[2025-11-08T12:53:01.551-0500] {processor.py:161} INFO - Started process (PID=540) to work on /opt/airflow/dags/ocr_pipeline_dag.py
[2025-11-08T12:53:01.552-0500] {processor.py:830} INFO - Processing file /opt/airflow/dags/ocr_pipeline_dag.py for tasks to queue
[2025-11-08T12:53:01.556-0500] {logging_mixin.py:188} INFO - [2025-11-08T12:53:01.555-0500] {dagbag.py:545} INFO - Filling up the DagBag from /opt/airflow/dags/ocr_pipeline_dag.py
[2025-11-08T12:53:01.578-0500] {logging_mixin.py:188} INFO - 📂 Using project root: /opt/project
[2025-11-08T12:53:01.810-0500] {logging_mixin.py:188} INFO - [2025-11-08T12:53:01.809-0500] {credentials.py:1278} INFO - Found credentials in shared credentials file: ~/.aws/credentials
[2025-11-08T12:53:02.686-0500] {processor.py:840} INFO - DAG(s) 'ocr_pipeline_dag' retrieved from /opt/airflow/dags/ocr_pipeline_dag.py
[2025-11-08T12:53:02.723-0500] {logging_mixin.py:188} INFO - [2025-11-08T12:53:02.722-0500] {dag.py:3089} INFO - Sync 1 DAGs
[2025-11-08T12:53:02.740-0500] {logging_mixin.py:188} INFO - [2025-11-08T12:53:02.740-0500] {dag.py:3947} INFO - Setting next_dagrun for ocr_pipeline_dag to None, run_after=None
[2025-11-08T12:53:02.766-0500] {processor.py:183} INFO - Processing /opt/airflow/dags/ocr_pipeline_dag.py took 1.224 seconds
[2025-11-08T12:53:33.162-0500] {processor.py:161} INFO - Started process (PID=546) to work on /opt/airflow/dags/ocr_pipeline_dag.py
[2025-11-08T12:53:33.170-0500] {processor.py:830} INFO - Processing file /opt/airflow/dags/ocr_pipeline_dag.py for tasks to queue
[2025-11-08T12:53:33.185-0500] {logging_mixin.py:188} INFO - [2025-11-08T12:53:33.185-0500] {dagbag.py:545} INFO - Filling up the DagBag from /opt/airflow/dags/ocr_pipeline_dag.py
[2025-11-08T12:53:33.203-0500] {logging_mixin.py:188} INFO - 📂 Using project root: /opt/project
[2025-11-08T12:53:33.362-0500] {logging_mixin.py:188} INFO - [2025-11-08T12:53:33.362-0500] {credentials.py:1278} INFO - Found credentials in shared credentials file: ~/.aws/credentials
[2025-11-08T12:53:34.010-0500] {processor.py:840} INFO - DAG(s) 'ocr_pipeline_dag' retrieved from /opt/airflow/dags/ocr_pipeline_dag.py
[2025-11-08T12:53:34.039-0500] {logging_mixin.py:188} INFO - [2025-11-08T12:53:34.038-0500] {dag.py:3089} INFO - Sync 1 DAGs
[2025-11-08T12:53:34.050-0500] {logging_mixin.py:188} INFO - [2025-11-08T12:53:34.050-0500] {dag.py:3947} INFO - Setting next_dagrun for ocr_pipeline_dag to None, run_after=None
[2025-11-08T12:53:34.069-0500] {processor.py:183} INFO - Processing /opt/airflow/dags/ocr_pipeline_dag.py took 0.926 seconds
[2025-11-08T12:54:04.577-0500] {processor.py:161} INFO - Started process (PID=552) to work on /opt/airflow/dags/ocr_pipeline_dag.py
[2025-11-08T12:54:04.578-0500] {processor.py:830} INFO - Processing file /opt/airflow/dags/ocr_pipeline_dag.py for tasks to queue
[2025-11-08T12:54:04.582-0500] {logging_mixin.py:188} INFO - [2025-11-08T12:54:04.581-0500] {dagbag.py:545} INFO - Filling up the DagBag from /opt/airflow/dags/ocr_pipeline_dag.py
[2025-11-08T12:54:04.600-0500] {logging_mixin.py:188} INFO - 📂 Using project root: /opt/project
[2025-11-08T12:54:04.802-0500] {logging_mixin.py:188} INFO - [2025-11-08T12:54:04.802-0500] {credentials.py:1278} INFO - Found credentials in shared credentials file: ~/.aws/credentials
[2025-11-08T12:54:05.613-0500] {processor.py:840} INFO - DAG(s) 'ocr_pipeline_dag' retrieved from /opt/airflow/dags/ocr_pipeline_dag.py
[2025-11-08T12:54:05.649-0500] {logging_mixin.py:188} INFO - [2025-11-08T12:54:05.649-0500] {dag.py:3089} INFO - Sync 1 DAGs
[2025-11-08T12:54:05.661-0500] {logging_mixin.py:188} INFO - [2025-11-08T12:54:05.661-0500] {dag.py:3947} INFO - Setting next_dagrun for ocr_pipeline_dag to None, run_after=None
[2025-11-08T12:54:05.682-0500] {processor.py:183} INFO - Processing /opt/airflow/dags/ocr_pipeline_dag.py took 1.115 seconds
[2025-11-08T12:54:36.155-0500] {processor.py:161} INFO - Started process (PID=558) to work on /opt/airflow/dags/ocr_pipeline_dag.py
[2025-11-08T12:54:36.158-0500] {processor.py:830} INFO - Processing file /opt/airflow/dags/ocr_pipeline_dag.py for tasks to queue
[2025-11-08T12:54:36.167-0500] {logging_mixin.py:188} INFO - [2025-11-08T12:54:36.166-0500] {dagbag.py:545} INFO - Filling up the DagBag from /opt/airflow/dags/ocr_pipeline_dag.py
[2025-11-08T12:54:36.203-0500] {logging_mixin.py:188} INFO - 📂 Using project root: /opt/project
[2025-11-08T12:54:36.501-0500] {logging_mixin.py:188} INFO - [2025-11-08T12:54:36.500-0500] {credentials.py:1278} INFO - Found credentials in shared credentials file: ~/.aws/credentials
[2025-11-08T12:54:37.885-0500] {processor.py:840} INFO - DAG(s) 'ocr_pipeline_dag' retrieved from /opt/airflow/dags/ocr_pipeline_dag.py
[2025-11-08T12:54:37.930-0500] {logging_mixin.py:188} INFO - [2025-11-08T12:54:37.930-0500] {dag.py:3089} INFO - Sync 1 DAGs
[2025-11-08T12:54:37.949-0500] {logging_mixin.py:188} INFO - [2025-11-08T12:54:37.949-0500] {dag.py:3947} INFO - Setting next_dagrun for ocr_pipeline_dag to None, run_after=None
[2025-11-08T12:54:37.981-0500] {processor.py:183} INFO - Processing /opt/airflow/dags/ocr_pipeline_dag.py took 1.842 seconds
[2025-11-08T12:55:08.644-0500] {processor.py:161} INFO - Started process (PID=564) to work on /opt/airflow/dags/ocr_pipeline_dag.py
[2025-11-08T12:55:08.645-0500] {processor.py:830} INFO - Processing file /opt/airflow/dags/ocr_pipeline_dag.py for tasks to queue
[2025-11-08T12:55:08.648-0500] {logging_mixin.py:188} INFO - [2025-11-08T12:55:08.647-0500] {dagbag.py:545} INFO - Filling up the DagBag from /opt/airflow/dags/ocr_pipeline_dag.py
[2025-11-08T12:55:08.670-0500] {logging_mixin.py:188} INFO - 📂 Using project root: /opt/project
[2025-11-08T12:55:08.890-0500] {logging_mixin.py:188} INFO - [2025-11-08T12:55:08.889-0500] {credentials.py:1278} INFO - Found credentials in shared credentials file: ~/.aws/credentials
[2025-11-08T12:55:09.751-0500] {processor.py:840} INFO - DAG(s) 'ocr_pipeline_dag' retrieved from /opt/airflow/dags/ocr_pipeline_dag.py
[2025-11-08T12:55:09.782-0500] {logging_mixin.py:188} INFO - [2025-11-08T12:55:09.781-0500] {dag.py:3089} INFO - Sync 1 DAGs
[2025-11-08T12:55:09.796-0500] {logging_mixin.py:188} INFO - [2025-11-08T12:55:09.796-0500] {dag.py:3947} INFO - Setting next_dagrun for ocr_pipeline_dag to None, run_after=None
[2025-11-08T12:55:09.819-0500] {processor.py:183} INFO - Processing /opt/airflow/dags/ocr_pipeline_dag.py took 1.184 seconds
[2025-11-08T12:55:40.317-0500] {processor.py:161} INFO - Started process (PID=570) to work on /opt/airflow/dags/ocr_pipeline_dag.py
[2025-11-08T12:55:40.318-0500] {processor.py:830} INFO - Processing file /opt/airflow/dags/ocr_pipeline_dag.py for tasks to queue
[2025-11-08T12:55:40.320-0500] {logging_mixin.py:188} INFO - [2025-11-08T12:55:40.320-0500] {dagbag.py:545} INFO - Filling up the DagBag from /opt/airflow/dags/ocr_pipeline_dag.py
[2025-11-08T12:55:40.337-0500] {logging_mixin.py:188} INFO - 📂 Using project root: /opt/project
[2025-11-08T12:55:40.487-0500] {logging_mixin.py:188} INFO - [2025-11-08T12:55:40.487-0500] {credentials.py:1278} INFO - Found credentials in shared credentials file: ~/.aws/credentials
[2025-11-08T12:55:41.143-0500] {processor.py:840} INFO - DAG(s) 'ocr_pipeline_dag' retrieved from /opt/airflow/dags/ocr_pipeline_dag.py
[2025-11-08T12:55:41.169-0500] {logging_mixin.py:188} INFO - [2025-11-08T12:55:41.169-0500] {dag.py:3089} INFO - Sync 1 DAGs
[2025-11-08T12:55:41.181-0500] {logging_mixin.py:188} INFO - [2025-11-08T12:55:41.181-0500] {dag.py:3947} INFO - Setting next_dagrun for ocr_pipeline_dag to None, run_after=None
[2025-11-08T12:55:41.201-0500] {processor.py:183} INFO - Processing /opt/airflow/dags/ocr_pipeline_dag.py took 0.891 seconds
[2025-11-08T12:56:11.915-0500] {processor.py:161} INFO - Started process (PID=576) to work on /opt/airflow/dags/ocr_pipeline_dag.py
[2025-11-08T12:56:11.917-0500] {processor.py:830} INFO - Processing file /opt/airflow/dags/ocr_pipeline_dag.py for tasks to queue
[2025-11-08T12:56:11.919-0500] {logging_mixin.py:188} INFO - [2025-11-08T12:56:11.919-0500] {dagbag.py:545} INFO - Filling up the DagBag from /opt/airflow/dags/ocr_pipeline_dag.py
[2025-11-08T12:56:11.937-0500] {logging_mixin.py:188} INFO - 📂 Using project root: /opt/project
[2025-11-08T12:56:12.090-0500] {logging_mixin.py:188} INFO - [2025-11-08T12:56:12.089-0500] {credentials.py:1278} INFO - Found credentials in shared credentials file: ~/.aws/credentials
[2025-11-08T12:56:12.758-0500] {processor.py:840} INFO - DAG(s) 'ocr_pipeline_dag' retrieved from /opt/airflow/dags/ocr_pipeline_dag.py
[2025-11-08T12:56:12.782-0500] {logging_mixin.py:188} INFO - [2025-11-08T12:56:12.782-0500] {dag.py:3089} INFO - Sync 1 DAGs
[2025-11-08T12:56:12.793-0500] {logging_mixin.py:188} INFO - [2025-11-08T12:56:12.793-0500] {dag.py:3947} INFO - Setting next_dagrun for ocr_pipeline_dag to None, run_after=None
[2025-11-08T12:56:12.812-0500] {processor.py:183} INFO - Processing /opt/airflow/dags/ocr_pipeline_dag.py took 0.902 seconds
[2025-11-08T12:56:43.420-0500] {processor.py:161} INFO - Started process (PID=582) to work on /opt/airflow/dags/ocr_pipeline_dag.py
[2025-11-08T12:56:43.421-0500] {processor.py:830} INFO - Processing file /opt/airflow/dags/ocr_pipeline_dag.py for tasks to queue
[2025-11-08T12:56:43.424-0500] {logging_mixin.py:188} INFO - [2025-11-08T12:56:43.424-0500] {dagbag.py:545} INFO - Filling up the DagBag from /opt/airflow/dags/ocr_pipeline_dag.py
[2025-11-08T12:56:43.443-0500] {logging_mixin.py:188} INFO - 📂 Using project root: /opt/project
[2025-11-08T12:56:43.617-0500] {logging_mixin.py:188} INFO - [2025-11-08T12:56:43.617-0500] {credentials.py:1278} INFO - Found credentials in shared credentials file: ~/.aws/credentials
[2025-11-08T12:56:44.187-0500] {processor.py:840} INFO - DAG(s) 'ocr_pipeline_dag' retrieved from /opt/airflow/dags/ocr_pipeline_dag.py
[2025-11-08T12:56:44.214-0500] {logging_mixin.py:188} INFO - [2025-11-08T12:56:44.214-0500] {dag.py:3089} INFO - Sync 1 DAGs
[2025-11-08T12:56:44.226-0500] {logging_mixin.py:188} INFO - [2025-11-08T12:56:44.226-0500] {dag.py:3947} INFO - Setting next_dagrun for ocr_pipeline_dag to None, run_after=None
[2025-11-08T12:56:44.263-0500] {processor.py:183} INFO - Processing /opt/airflow/dags/ocr_pipeline_dag.py took 0.852 seconds
[2025-11-08T12:57:14.882-0500] {processor.py:161} INFO - Started process (PID=588) to work on /opt/airflow/dags/ocr_pipeline_dag.py
[2025-11-08T12:57:14.883-0500] {processor.py:830} INFO - Processing file /opt/airflow/dags/ocr_pipeline_dag.py for tasks to queue
[2025-11-08T12:57:14.886-0500] {logging_mixin.py:188} INFO - [2025-11-08T12:57:14.886-0500] {dagbag.py:545} INFO - Filling up the DagBag from /opt/airflow/dags/ocr_pipeline_dag.py
[2025-11-08T12:57:14.906-0500] {logging_mixin.py:188} INFO - 📂 Using project root: /opt/project
[2025-11-08T12:57:15.072-0500] {logging_mixin.py:188} INFO - [2025-11-08T12:57:15.071-0500] {credentials.py:1278} INFO - Found credentials in shared credentials file: ~/.aws/credentials
[2025-11-08T12:57:15.769-0500] {processor.py:840} INFO - DAG(s) 'ocr_pipeline_dag' retrieved from /opt/airflow/dags/ocr_pipeline_dag.py
[2025-11-08T12:57:15.795-0500] {logging_mixin.py:188} INFO - [2025-11-08T12:57:15.795-0500] {dag.py:3089} INFO - Sync 1 DAGs
[2025-11-08T12:57:15.806-0500] {logging_mixin.py:188} INFO - [2025-11-08T12:57:15.806-0500] {dag.py:3947} INFO - Setting next_dagrun for ocr_pipeline_dag to None, run_after=None
[2025-11-08T12:57:15.826-0500] {processor.py:183} INFO - Processing /opt/airflow/dags/ocr_pipeline_dag.py took 0.951 seconds
[2025-11-08T12:57:46.442-0500] {processor.py:161} INFO - Started process (PID=594) to work on /opt/airflow/dags/ocr_pipeline_dag.py
[2025-11-08T12:57:46.443-0500] {processor.py:830} INFO - Processing file /opt/airflow/dags/ocr_pipeline_dag.py for tasks to queue
[2025-11-08T12:57:46.446-0500] {logging_mixin.py:188} INFO - [2025-11-08T12:57:46.446-0500] {dagbag.py:545} INFO - Filling up the DagBag from /opt/airflow/dags/ocr_pipeline_dag.py
[2025-11-08T12:57:46.463-0500] {logging_mixin.py:188} INFO - 📂 Using project root: /opt/project
[2025-11-08T12:57:46.614-0500] {logging_mixin.py:188} INFO - [2025-11-08T12:57:46.614-0500] {credentials.py:1278} INFO - Found credentials in shared credentials file: ~/.aws/credentials
[2025-11-08T12:57:47.375-0500] {processor.py:840} INFO - DAG(s) 'ocr_pipeline_dag' retrieved from /opt/airflow/dags/ocr_pipeline_dag.py
[2025-11-08T12:57:47.403-0500] {logging_mixin.py:188} INFO - [2025-11-08T12:57:47.403-0500] {dag.py:3089} INFO - Sync 1 DAGs
[2025-11-08T12:57:47.414-0500] {logging_mixin.py:188} INFO - [2025-11-08T12:57:47.414-0500] {dag.py:3947} INFO - Setting next_dagrun for ocr_pipeline_dag to None, run_after=None
[2025-11-08T12:57:47.436-0500] {processor.py:183} INFO - Processing /opt/airflow/dags/ocr_pipeline_dag.py took 1.000 seconds
[2025-11-08T12:58:18.096-0500] {processor.py:161} INFO - Started process (PID=600) to work on /opt/airflow/dags/ocr_pipeline_dag.py
[2025-11-08T12:58:18.098-0500] {processor.py:830} INFO - Processing file /opt/airflow/dags/ocr_pipeline_dag.py for tasks to queue
[2025-11-08T12:58:18.100-0500] {logging_mixin.py:188} INFO - [2025-11-08T12:58:18.100-0500] {dagbag.py:545} INFO - Filling up the DagBag from /opt/airflow/dags/ocr_pipeline_dag.py
[2025-11-08T12:58:18.124-0500] {logging_mixin.py:188} INFO - 📂 Using project root: /opt/project
[2025-11-08T12:58:18.334-0500] {logging_mixin.py:188} INFO - [2025-11-08T12:58:18.334-0500] {credentials.py:1278} INFO - Found credentials in shared credentials file: ~/.aws/credentials
[2025-11-08T12:58:19.132-0500] {processor.py:840} INFO - DAG(s) 'ocr_pipeline_dag' retrieved from /opt/airflow/dags/ocr_pipeline_dag.py
[2025-11-08T12:58:19.162-0500] {logging_mixin.py:188} INFO - [2025-11-08T12:58:19.162-0500] {dag.py:3089} INFO - Sync 1 DAGs
[2025-11-08T12:58:19.174-0500] {logging_mixin.py:188} INFO - [2025-11-08T12:58:19.174-0500] {dag.py:3947} INFO - Setting next_dagrun for ocr_pipeline_dag to None, run_after=None
[2025-11-08T12:58:19.198-0500] {processor.py:183} INFO - Processing /opt/airflow/dags/ocr_pipeline_dag.py took 1.110 seconds
[2025-11-08T12:58:49.684-0500] {processor.py:161} INFO - Started process (PID=606) to work on /opt/airflow/dags/ocr_pipeline_dag.py
[2025-11-08T12:58:49.686-0500] {processor.py:830} INFO - Processing file /opt/airflow/dags/ocr_pipeline_dag.py for tasks to queue
[2025-11-08T12:58:49.688-0500] {logging_mixin.py:188} INFO - [2025-11-08T12:58:49.688-0500] {dagbag.py:545} INFO - Filling up the DagBag from /opt/airflow/dags/ocr_pipeline_dag.py
[2025-11-08T12:58:49.708-0500] {logging_mixin.py:188} INFO - 📂 Using project root: /opt/project
[2025-11-08T12:58:49.977-0500] {logging_mixin.py:188} INFO - [2025-11-08T12:58:49.977-0500] {credentials.py:1278} INFO - Found credentials in shared credentials file: ~/.aws/credentials
[2025-11-08T12:58:51.047-0500] {processor.py:840} INFO - DAG(s) 'ocr_pipeline_dag' retrieved from /opt/airflow/dags/ocr_pipeline_dag.py
[2025-11-08T12:58:51.089-0500] {logging_mixin.py:188} INFO - [2025-11-08T12:58:51.089-0500] {dag.py:3089} INFO - Sync 1 DAGs
[2025-11-08T12:58:51.112-0500] {logging_mixin.py:188} INFO - [2025-11-08T12:58:51.112-0500] {dag.py:3947} INFO - Setting next_dagrun for ocr_pipeline_dag to None, run_after=None
[2025-11-08T12:58:51.148-0500] {processor.py:183} INFO - Processing /opt/airflow/dags/ocr_pipeline_dag.py took 1.473 seconds
[2025-11-08T12:59:21.263-0500] {processor.py:161} INFO - Started process (PID=612) to work on /opt/airflow/dags/ocr_pipeline_dag.py
[2025-11-08T12:59:21.266-0500] {processor.py:830} INFO - Processing file /opt/airflow/dags/ocr_pipeline_dag.py for tasks to queue
[2025-11-08T12:59:21.270-0500] {logging_mixin.py:188} INFO - [2025-11-08T12:59:21.270-0500] {dagbag.py:545} INFO - Filling up the DagBag from /opt/airflow/dags/ocr_pipeline_dag.py
[2025-11-08T12:59:21.299-0500] {logging_mixin.py:188} INFO - 📂 Using project root: /opt/project
[2025-11-08T12:59:21.533-0500] {logging_mixin.py:188} INFO - [2025-11-08T12:59:21.533-0500] {credentials.py:1278} INFO - Found credentials in shared credentials file: ~/.aws/credentials
[2025-11-08T12:59:22.531-0500] {processor.py:840} INFO - DAG(s) 'ocr_pipeline_dag' retrieved from /opt/airflow/dags/ocr_pipeline_dag.py
[2025-11-08T12:59:22.570-0500] {logging_mixin.py:188} INFO - [2025-11-08T12:59:22.569-0500] {dag.py:3089} INFO - Sync 1 DAGs
[2025-11-08T12:59:22.588-0500] {logging_mixin.py:188} INFO - [2025-11-08T12:59:22.588-0500] {dag.py:3947} INFO - Setting next_dagrun for ocr_pipeline_dag to None, run_after=None
[2025-11-08T12:59:22.616-0500] {processor.py:183} INFO - Processing /opt/airflow/dags/ocr_pipeline_dag.py took 1.370 seconds
[2025-11-08T12:59:53.111-0500] {processor.py:161} INFO - Started process (PID=618) to work on /opt/airflow/dags/ocr_pipeline_dag.py
[2025-11-08T12:59:53.113-0500] {processor.py:830} INFO - Processing file /opt/airflow/dags/ocr_pipeline_dag.py for tasks to queue
[2025-11-08T12:59:53.116-0500] {logging_mixin.py:188} INFO - [2025-11-08T12:59:53.116-0500] {dagbag.py:545} INFO - Filling up the DagBag from /opt/airflow/dags/ocr_pipeline_dag.py
[2025-11-08T12:59:53.145-0500] {logging_mixin.py:188} INFO - 📂 Using project root: /opt/project
[2025-11-08T12:59:53.421-0500] {logging_mixin.py:188} INFO - [2025-11-08T12:59:53.420-0500] {credentials.py:1278} INFO - Found credentials in shared credentials file: ~/.aws/credentials
[2025-11-08T12:59:54.452-0500] {processor.py:840} INFO - DAG(s) 'ocr_pipeline_dag' retrieved from /opt/airflow/dags/ocr_pipeline_dag.py
[2025-11-08T12:59:54.502-0500] {logging_mixin.py:188} INFO - [2025-11-08T12:59:54.502-0500] {dag.py:3089} INFO - Sync 1 DAGs
[2025-11-08T12:59:54.537-0500] {logging_mixin.py:188} INFO - [2025-11-08T12:59:54.537-0500] {dag.py:3947} INFO - Setting next_dagrun for ocr_pipeline_dag to None, run_after=None
[2025-11-08T12:59:54.573-0500] {processor.py:183} INFO - Processing /opt/airflow/dags/ocr_pipeline_dag.py took 1.477 seconds
[2025-11-08T13:00:25.263-0500] {processor.py:161} INFO - Started process (PID=624) to work on /opt/airflow/dags/ocr_pipeline_dag.py
[2025-11-08T13:00:25.267-0500] {processor.py:830} INFO - Processing file /opt/airflow/dags/ocr_pipeline_dag.py for tasks to queue
[2025-11-08T13:00:25.286-0500] {logging_mixin.py:188} INFO - [2025-11-08T13:00:25.285-0500] {dagbag.py:545} INFO - Filling up the DagBag from /opt/airflow/dags/ocr_pipeline_dag.py
[2025-11-08T13:00:25.314-0500] {logging_mixin.py:188} INFO - 📂 Using project root: /opt/project
[2025-11-08T13:00:25.611-0500] {logging_mixin.py:188} INFO - [2025-11-08T13:00:25.610-0500] {credentials.py:1278} INFO - Found credentials in shared credentials file: ~/.aws/credentials
[2025-11-08T13:00:27.096-0500] {processor.py:840} INFO - DAG(s) 'ocr_pipeline_dag' retrieved from /opt/airflow/dags/ocr_pipeline_dag.py
[2025-11-08T13:00:27.192-0500] {logging_mixin.py:188} INFO - [2025-11-08T13:00:27.191-0500] {dag.py:3089} INFO - Sync 1 DAGs
[2025-11-08T13:00:27.210-0500] {logging_mixin.py:188} INFO - [2025-11-08T13:00:27.210-0500] {dag.py:3947} INFO - Setting next_dagrun for ocr_pipeline_dag to None, run_after=None
[2025-11-08T13:00:27.239-0500] {processor.py:183} INFO - Processing /opt/airflow/dags/ocr_pipeline_dag.py took 1.997 seconds
[2025-11-08T13:00:57.752-0500] {processor.py:161} INFO - Started process (PID=630) to work on /opt/airflow/dags/ocr_pipeline_dag.py
[2025-11-08T13:00:57.754-0500] {processor.py:830} INFO - Processing file /opt/airflow/dags/ocr_pipeline_dag.py for tasks to queue
[2025-11-08T13:00:57.761-0500] {logging_mixin.py:188} INFO - [2025-11-08T13:00:57.759-0500] {dagbag.py:545} INFO - Filling up the DagBag from /opt/airflow/dags/ocr_pipeline_dag.py
[2025-11-08T13:00:57.787-0500] {logging_mixin.py:188} INFO - 📂 Using project root: /opt/project
[2025-11-08T13:00:58.013-0500] {logging_mixin.py:188} INFO - [2025-11-08T13:00:58.012-0500] {credentials.py:1278} INFO - Found credentials in shared credentials file: ~/.aws/credentials
[2025-11-08T13:00:58.940-0500] {processor.py:840} INFO - DAG(s) 'ocr_pipeline_dag' retrieved from /opt/airflow/dags/ocr_pipeline_dag.py
[2025-11-08T13:00:58.990-0500] {logging_mixin.py:188} INFO - [2025-11-08T13:00:58.989-0500] {dag.py:3089} INFO - Sync 1 DAGs
[2025-11-08T13:00:59.013-0500] {logging_mixin.py:188} INFO - [2025-11-08T13:00:59.013-0500] {dag.py:3947} INFO - Setting next_dagrun for ocr_pipeline_dag to None, run_after=None
[2025-11-08T13:00:59.046-0500] {processor.py:183} INFO - Processing /opt/airflow/dags/ocr_pipeline_dag.py took 1.303 seconds
[2025-11-08T13:01:29.200-0500] {processor.py:161} INFO - Started process (PID=636) to work on /opt/airflow/dags/ocr_pipeline_dag.py
[2025-11-08T13:01:29.202-0500] {processor.py:830} INFO - Processing file /opt/airflow/dags/ocr_pipeline_dag.py for tasks to queue
[2025-11-08T13:01:29.205-0500] {logging_mixin.py:188} INFO - [2025-11-08T13:01:29.205-0500] {dagbag.py:545} INFO - Filling up the DagBag from /opt/airflow/dags/ocr_pipeline_dag.py
[2025-11-08T13:01:29.228-0500] {logging_mixin.py:188} INFO - 📂 Using project root: /opt/project
[2025-11-08T13:01:29.451-0500] {logging_mixin.py:188} INFO - [2025-11-08T13:01:29.451-0500] {credentials.py:1278} INFO - Found credentials in shared credentials file: ~/.aws/credentials
[2025-11-08T13:01:30.283-0500] {processor.py:840} INFO - DAG(s) 'ocr_pipeline_dag' retrieved from /opt/airflow/dags/ocr_pipeline_dag.py
[2025-11-08T13:01:30.312-0500] {logging_mixin.py:188} INFO - [2025-11-08T13:01:30.311-0500] {dag.py:3089} INFO - Sync 1 DAGs
[2025-11-08T13:01:30.324-0500] {logging_mixin.py:188} INFO - [2025-11-08T13:01:30.324-0500] {dag.py:3947} INFO - Setting next_dagrun for ocr_pipeline_dag to None, run_after=None
[2025-11-08T13:01:30.352-0500] {processor.py:183} INFO - Processing /opt/airflow/dags/ocr_pipeline_dag.py took 1.163 seconds
[2025-11-08T13:02:00.614-0500] {processor.py:161} INFO - Started process (PID=642) to work on /opt/airflow/dags/ocr_pipeline_dag.py
[2025-11-08T13:02:00.616-0500] {processor.py:830} INFO - Processing file /opt/airflow/dags/ocr_pipeline_dag.py for tasks to queue
[2025-11-08T13:02:00.620-0500] {logging_mixin.py:188} INFO - [2025-11-08T13:02:00.619-0500] {dagbag.py:545} INFO - Filling up the DagBag from /opt/airflow/dags/ocr_pipeline_dag.py
[2025-11-08T13:02:00.644-0500] {logging_mixin.py:188} INFO - 📂 Using project root: /opt/project
[2025-11-08T13:02:00.854-0500] {logging_mixin.py:188} INFO - [2025-11-08T13:02:00.854-0500] {credentials.py:1278} INFO - Found credentials in shared credentials file: ~/.aws/credentials
[2025-11-08T13:02:01.649-0500] {processor.py:840} INFO - DAG(s) 'ocr_pipeline_dag' retrieved from /opt/airflow/dags/ocr_pipeline_dag.py
[2025-11-08T13:02:01.684-0500] {logging_mixin.py:188} INFO - [2025-11-08T13:02:01.683-0500] {dag.py:3089} INFO - Sync 1 DAGs
[2025-11-08T13:02:01.700-0500] {logging_mixin.py:188} INFO - [2025-11-08T13:02:01.700-0500] {dag.py:3947} INFO - Setting next_dagrun for ocr_pipeline_dag to None, run_after=None
[2025-11-08T13:02:01.724-0500] {processor.py:183} INFO - Processing /opt/airflow/dags/ocr_pipeline_dag.py took 1.118 seconds
[2025-11-08T13:02:32.099-0500] {processor.py:161} INFO - Started process (PID=648) to work on /opt/airflow/dags/ocr_pipeline_dag.py
[2025-11-08T13:02:32.100-0500] {processor.py:830} INFO - Processing file /opt/airflow/dags/ocr_pipeline_dag.py for tasks to queue
[2025-11-08T13:02:32.104-0500] {logging_mixin.py:188} INFO - [2025-11-08T13:02:32.103-0500] {dagbag.py:545} INFO - Filling up the DagBag from /opt/airflow/dags/ocr_pipeline_dag.py
[2025-11-08T13:02:32.123-0500] {logging_mixin.py:188} INFO - 📂 Using project root: /opt/project
[2025-11-08T13:02:32.283-0500] {logging_mixin.py:188} INFO - [2025-11-08T13:02:32.283-0500] {credentials.py:1278} INFO - Found credentials in shared credentials file: ~/.aws/credentials
[2025-11-08T13:02:32.933-0500] {processor.py:840} INFO - DAG(s) 'ocr_pipeline_dag' retrieved from /opt/airflow/dags/ocr_pipeline_dag.py
[2025-11-08T13:02:32.957-0500] {logging_mixin.py:188} INFO - [2025-11-08T13:02:32.957-0500] {dag.py:3089} INFO - Sync 1 DAGs
[2025-11-08T13:02:32.969-0500] {logging_mixin.py:188} INFO - [2025-11-08T13:02:32.968-0500] {dag.py:3947} INFO - Setting next_dagrun for ocr_pipeline_dag to None, run_after=None
[2025-11-08T13:02:32.991-0500] {processor.py:183} INFO - Processing /opt/airflow/dags/ocr_pipeline_dag.py took 0.900 seconds
[2025-11-08T13:03:03.676-0500] {processor.py:161} INFO - Started process (PID=654) to work on /opt/airflow/dags/ocr_pipeline_dag.py
[2025-11-08T13:03:03.678-0500] {processor.py:830} INFO - Processing file /opt/airflow/dags/ocr_pipeline_dag.py for tasks to queue
[2025-11-08T13:03:03.681-0500] {logging_mixin.py:188} INFO - [2025-11-08T13:03:03.681-0500] {dagbag.py:545} INFO - Filling up the DagBag from /opt/airflow/dags/ocr_pipeline_dag.py
[2025-11-08T13:03:03.707-0500] {logging_mixin.py:188} INFO - 📂 Using project root: /opt/project
[2025-11-08T13:03:03.995-0500] {logging_mixin.py:188} INFO - [2025-11-08T13:03:03.995-0500] {credentials.py:1278} INFO - Found credentials in shared credentials file: ~/.aws/credentials
[2025-11-08T13:03:05.064-0500] {processor.py:840} INFO - DAG(s) 'ocr_pipeline_dag' retrieved from /opt/airflow/dags/ocr_pipeline_dag.py
[2025-11-08T13:03:05.102-0500] {logging_mixin.py:188} INFO - [2025-11-08T13:03:05.101-0500] {dag.py:3089} INFO - Sync 1 DAGs
[2025-11-08T13:03:05.119-0500] {logging_mixin.py:188} INFO - [2025-11-08T13:03:05.119-0500] {dag.py:3947} INFO - Setting next_dagrun for ocr_pipeline_dag to None, run_after=None
[2025-11-08T13:03:05.149-0500] {processor.py:183} INFO - Processing /opt/airflow/dags/ocr_pipeline_dag.py took 1.326 seconds
[2025-11-08T13:03:35.484-0500] {processor.py:161} INFO - Started process (PID=660) to work on /opt/airflow/dags/ocr_pipeline_dag.py
[2025-11-08T13:03:35.486-0500] {processor.py:830} INFO - Processing file /opt/airflow/dags/ocr_pipeline_dag.py for tasks to queue
[2025-11-08T13:03:35.488-0500] {logging_mixin.py:188} INFO - [2025-11-08T13:03:35.488-0500] {dagbag.py:545} INFO - Filling up the DagBag from /opt/airflow/dags/ocr_pipeline_dag.py
[2025-11-08T13:03:35.506-0500] {logging_mixin.py:188} INFO - 📂 Using project root: /opt/project
[2025-11-08T13:03:35.752-0500] {logging_mixin.py:188} INFO - [2025-11-08T13:03:35.751-0500] {credentials.py:1278} INFO - Found credentials in shared credentials file: ~/.aws/credentials
[2025-11-08T13:03:36.770-0500] {processor.py:840} INFO - DAG(s) 'ocr_pipeline_dag' retrieved from /opt/airflow/dags/ocr_pipeline_dag.py
[2025-11-08T13:03:36.814-0500] {logging_mixin.py:188} INFO - [2025-11-08T13:03:36.814-0500] {dag.py:3089} INFO - Sync 1 DAGs
[2025-11-08T13:03:36.831-0500] {logging_mixin.py:188} INFO - [2025-11-08T13:03:36.830-0500] {dag.py:3947} INFO - Setting next_dagrun for ocr_pipeline_dag to None, run_after=None
[2025-11-08T13:03:36.857-0500] {processor.py:183} INFO - Processing /opt/airflow/dags/ocr_pipeline_dag.py took 1.381 seconds
[2025-11-08T13:04:07.134-0500] {processor.py:161} INFO - Started process (PID=666) to work on /opt/airflow/dags/ocr_pipeline_dag.py
[2025-11-08T13:04:07.137-0500] {processor.py:830} INFO - Processing file /opt/airflow/dags/ocr_pipeline_dag.py for tasks to queue
[2025-11-08T13:04:07.143-0500] {logging_mixin.py:188} INFO - [2025-11-08T13:04:07.142-0500] {dagbag.py:545} INFO - Filling up the DagBag from /opt/airflow/dags/ocr_pipeline_dag.py
[2025-11-08T13:04:07.171-0500] {logging_mixin.py:188} INFO - 📂 Using project root: /opt/project
[2025-11-08T13:04:07.469-0500] {logging_mixin.py:188} INFO - [2025-11-08T13:04:07.468-0500] {credentials.py:1278} INFO - Found credentials in shared credentials file: ~/.aws/credentials
[2025-11-08T13:04:08.289-0500] {processor.py:840} INFO - DAG(s) 'ocr_pipeline_dag' retrieved from /opt/airflow/dags/ocr_pipeline_dag.py
[2025-11-08T13:04:08.330-0500] {logging_mixin.py:188} INFO - [2025-11-08T13:04:08.330-0500] {dag.py:3089} INFO - Sync 1 DAGs
[2025-11-08T13:04:08.352-0500] {logging_mixin.py:188} INFO - [2025-11-08T13:04:08.351-0500] {dag.py:3947} INFO - Setting next_dagrun for ocr_pipeline_dag to None, run_after=None
[2025-11-08T13:04:08.377-0500] {processor.py:183} INFO - Processing /opt/airflow/dags/ocr_pipeline_dag.py took 1.257 seconds
[2025-11-08T13:04:38.740-0500] {processor.py:161} INFO - Started process (PID=672) to work on /opt/airflow/dags/ocr_pipeline_dag.py
[2025-11-08T13:04:38.741-0500] {processor.py:830} INFO - Processing file /opt/airflow/dags/ocr_pipeline_dag.py for tasks to queue
[2025-11-08T13:04:38.744-0500] {logging_mixin.py:188} INFO - [2025-11-08T13:04:38.744-0500] {dagbag.py:545} INFO - Filling up the DagBag from /opt/airflow/dags/ocr_pipeline_dag.py
[2025-11-08T13:04:38.761-0500] {logging_mixin.py:188} INFO - 📂 Using project root: /opt/project
[2025-11-08T13:04:38.948-0500] {logging_mixin.py:188} INFO - [2025-11-08T13:04:38.948-0500] {credentials.py:1278} INFO - Found credentials in shared credentials file: ~/.aws/credentials
[2025-11-08T13:04:39.815-0500] {processor.py:840} INFO - DAG(s) 'ocr_pipeline_dag' retrieved from /opt/airflow/dags/ocr_pipeline_dag.py
[2025-11-08T13:04:39.927-0500] {logging_mixin.py:188} INFO - [2025-11-08T13:04:39.926-0500] {dag.py:3089} INFO - Sync 1 DAGs
[2025-11-08T13:04:39.957-0500] {logging_mixin.py:188} INFO - [2025-11-08T13:04:39.957-0500] {dag.py:3947} INFO - Setting next_dagrun for ocr_pipeline_dag to None, run_after=None
[2025-11-08T13:04:39.998-0500] {processor.py:183} INFO - Processing /opt/airflow/dags/ocr_pipeline_dag.py took 1.266 seconds
[2025-11-08T13:05:10.507-0500] {processor.py:161} INFO - Started process (PID=678) to work on /opt/airflow/dags/ocr_pipeline_dag.py
[2025-11-08T13:05:10.510-0500] {processor.py:830} INFO - Processing file /opt/airflow/dags/ocr_pipeline_dag.py for tasks to queue
[2025-11-08T13:05:10.514-0500] {logging_mixin.py:188} INFO - [2025-11-08T13:05:10.513-0500] {dagbag.py:545} INFO - Filling up the DagBag from /opt/airflow/dags/ocr_pipeline_dag.py
[2025-11-08T13:05:10.536-0500] {logging_mixin.py:188} INFO - 📂 Using project root: /opt/project
[2025-11-08T13:05:10.798-0500] {logging_mixin.py:188} INFO - [2025-11-08T13:05:10.797-0500] {credentials.py:1278} INFO - Found credentials in shared credentials file: ~/.aws/credentials
[2025-11-08T13:05:11.966-0500] {processor.py:840} INFO - DAG(s) 'ocr_pipeline_dag' retrieved from /opt/airflow/dags/ocr_pipeline_dag.py
[2025-11-08T13:05:12.006-0500] {logging_mixin.py:188} INFO - [2025-11-08T13:05:12.006-0500] {dag.py:3089} INFO - Sync 1 DAGs
[2025-11-08T13:05:12.024-0500] {logging_mixin.py:188} INFO - [2025-11-08T13:05:12.024-0500] {dag.py:3947} INFO - Setting next_dagrun for ocr_pipeline_dag to None, run_after=None
[2025-11-08T13:05:12.053-0500] {processor.py:183} INFO - Processing /opt/airflow/dags/ocr_pipeline_dag.py took 1.561 seconds
[2025-11-08T13:05:42.740-0500] {processor.py:161} INFO - Started process (PID=684) to work on /opt/airflow/dags/ocr_pipeline_dag.py
[2025-11-08T13:05:42.742-0500] {processor.py:830} INFO - Processing file /opt/airflow/dags/ocr_pipeline_dag.py for tasks to queue
[2025-11-08T13:05:42.745-0500] {logging_mixin.py:188} INFO - [2025-11-08T13:05:42.745-0500] {dagbag.py:545} INFO - Filling up the DagBag from /opt/airflow/dags/ocr_pipeline_dag.py
[2025-11-08T13:05:42.772-0500] {logging_mixin.py:188} INFO - 📂 Using project root: /opt/project
[2025-11-08T13:05:43.086-0500] {logging_mixin.py:188} INFO - [2025-11-08T13:05:43.086-0500] {credentials.py:1278} INFO - Found credentials in shared credentials file: ~/.aws/credentials
[2025-11-08T13:05:44.002-0500] {processor.py:840} INFO - DAG(s) 'ocr_pipeline_dag' retrieved from /opt/airflow/dags/ocr_pipeline_dag.py
[2025-11-08T13:05:44.042-0500] {logging_mixin.py:188} INFO - [2025-11-08T13:05:44.041-0500] {dag.py:3089} INFO - Sync 1 DAGs
[2025-11-08T13:05:44.057-0500] {logging_mixin.py:188} INFO - [2025-11-08T13:05:44.057-0500] {dag.py:3947} INFO - Setting next_dagrun for ocr_pipeline_dag to None, run_after=None
[2025-11-08T13:05:44.085-0500] {processor.py:183} INFO - Processing /opt/airflow/dags/ocr_pipeline_dag.py took 1.355 seconds
[2025-11-08T13:06:14.446-0500] {processor.py:161} INFO - Started process (PID=690) to work on /opt/airflow/dags/ocr_pipeline_dag.py
[2025-11-08T13:06:14.447-0500] {processor.py:830} INFO - Processing file /opt/airflow/dags/ocr_pipeline_dag.py for tasks to queue
[2025-11-08T13:06:14.450-0500] {logging_mixin.py:188} INFO - [2025-11-08T13:06:14.450-0500] {dagbag.py:545} INFO - Filling up the DagBag from /opt/airflow/dags/ocr_pipeline_dag.py
[2025-11-08T13:06:14.469-0500] {logging_mixin.py:188} INFO - 📂 Using project root: /opt/project
[2025-11-08T13:06:14.667-0500] {logging_mixin.py:188} INFO - [2025-11-08T13:06:14.666-0500] {credentials.py:1278} INFO - Found credentials in shared credentials file: ~/.aws/credentials
[2025-11-08T13:06:15.435-0500] {processor.py:840} INFO - DAG(s) 'ocr_pipeline_dag' retrieved from /opt/airflow/dags/ocr_pipeline_dag.py
[2025-11-08T13:06:15.473-0500] {logging_mixin.py:188} INFO - [2025-11-08T13:06:15.473-0500] {dag.py:3089} INFO - Sync 1 DAGs
[2025-11-08T13:06:15.487-0500] {logging_mixin.py:188} INFO - [2025-11-08T13:06:15.486-0500] {dag.py:3947} INFO - Setting next_dagrun for ocr_pipeline_dag to None, run_after=None
[2025-11-08T13:06:15.509-0500] {processor.py:183} INFO - Processing /opt/airflow/dags/ocr_pipeline_dag.py took 1.073 seconds
[2025-11-08T13:06:45.920-0500] {processor.py:161} INFO - Started process (PID=696) to work on /opt/airflow/dags/ocr_pipeline_dag.py
[2025-11-08T13:06:45.921-0500] {processor.py:830} INFO - Processing file /opt/airflow/dags/ocr_pipeline_dag.py for tasks to queue
[2025-11-08T13:06:45.925-0500] {logging_mixin.py:188} INFO - [2025-11-08T13:06:45.924-0500] {dagbag.py:545} INFO - Filling up the DagBag from /opt/airflow/dags/ocr_pipeline_dag.py
[2025-11-08T13:06:45.948-0500] {logging_mixin.py:188} INFO - 📂 Using project root: /opt/project
[2025-11-08T13:06:46.155-0500] {logging_mixin.py:188} INFO - [2025-11-08T13:06:46.155-0500] {credentials.py:1278} INFO - Found credentials in shared credentials file: ~/.aws/credentials
[2025-11-08T13:06:47.060-0500] {processor.py:840} INFO - DAG(s) 'ocr_pipeline_dag' retrieved from /opt/airflow/dags/ocr_pipeline_dag.py
[2025-11-08T13:06:47.101-0500] {logging_mixin.py:188} INFO - [2025-11-08T13:06:47.101-0500] {dag.py:3089} INFO - Sync 1 DAGs
[2025-11-08T13:06:47.116-0500] {logging_mixin.py:188} INFO - [2025-11-08T13:06:47.115-0500] {dag.py:3947} INFO - Setting next_dagrun for ocr_pipeline_dag to None, run_after=None
[2025-11-08T13:06:47.141-0500] {processor.py:183} INFO - Processing /opt/airflow/dags/ocr_pipeline_dag.py took 1.230 seconds
[2025-11-08T13:07:17.465-0500] {processor.py:161} INFO - Started process (PID=702) to work on /opt/airflow/dags/ocr_pipeline_dag.py
[2025-11-08T13:07:17.467-0500] {processor.py:830} INFO - Processing file /opt/airflow/dags/ocr_pipeline_dag.py for tasks to queue
[2025-11-08T13:07:17.475-0500] {logging_mixin.py:188} INFO - [2025-11-08T13:07:17.474-0500] {dagbag.py:545} INFO - Filling up the DagBag from /opt/airflow/dags/ocr_pipeline_dag.py
[2025-11-08T13:07:17.514-0500] {logging_mixin.py:188} INFO - 📂 Using project root: /opt/project
[2025-11-08T13:07:17.753-0500] {logging_mixin.py:188} INFO - [2025-11-08T13:07:17.753-0500] {credentials.py:1278} INFO - Found credentials in shared credentials file: ~/.aws/credentials
[2025-11-08T13:07:18.439-0500] {processor.py:840} INFO - DAG(s) 'ocr_pipeline_dag' retrieved from /opt/airflow/dags/ocr_pipeline_dag.py
[2025-11-08T13:07:18.472-0500] {logging_mixin.py:188} INFO - [2025-11-08T13:07:18.472-0500] {dag.py:3089} INFO - Sync 1 DAGs
[2025-11-08T13:07:18.487-0500] {logging_mixin.py:188} INFO - [2025-11-08T13:07:18.486-0500] {dag.py:3947} INFO - Setting next_dagrun for ocr_pipeline_dag to None, run_after=None
[2025-11-08T13:07:18.510-0500] {processor.py:183} INFO - Processing /opt/airflow/dags/ocr_pipeline_dag.py took 1.064 seconds
[2025-11-08T13:07:49.017-0500] {processor.py:161} INFO - Started process (PID=708) to work on /opt/airflow/dags/ocr_pipeline_dag.py
[2025-11-08T13:07:49.018-0500] {processor.py:830} INFO - Processing file /opt/airflow/dags/ocr_pipeline_dag.py for tasks to queue
[2025-11-08T13:07:49.022-0500] {logging_mixin.py:188} INFO - [2025-11-08T13:07:49.021-0500] {dagbag.py:545} INFO - Filling up the DagBag from /opt/airflow/dags/ocr_pipeline_dag.py
[2025-11-08T13:07:49.043-0500] {logging_mixin.py:188} INFO - 📂 Using project root: /opt/project
[2025-11-08T13:07:49.255-0500] {logging_mixin.py:188} INFO - [2025-11-08T13:07:49.254-0500] {credentials.py:1278} INFO - Found credentials in shared credentials file: ~/.aws/credentials
[2025-11-08T13:07:50.050-0500] {processor.py:840} INFO - DAG(s) 'ocr_pipeline_dag' retrieved from /opt/airflow/dags/ocr_pipeline_dag.py
[2025-11-08T13:07:50.080-0500] {logging_mixin.py:188} INFO - [2025-11-08T13:07:50.079-0500] {dag.py:3089} INFO - Sync 1 DAGs
[2025-11-08T13:07:50.092-0500] {logging_mixin.py:188} INFO - [2025-11-08T13:07:50.092-0500] {dag.py:3947} INFO - Setting next_dagrun for ocr_pipeline_dag to None, run_after=None
[2025-11-08T13:07:50.114-0500] {processor.py:183} INFO - Processing /opt/airflow/dags/ocr_pipeline_dag.py took 1.107 seconds
[2025-11-08T13:08:20.464-0500] {processor.py:161} INFO - Started process (PID=714) to work on /opt/airflow/dags/ocr_pipeline_dag.py
[2025-11-08T13:08:20.465-0500] {processor.py:830} INFO - Processing file /opt/airflow/dags/ocr_pipeline_dag.py for tasks to queue
[2025-11-08T13:08:20.468-0500] {logging_mixin.py:188} INFO - [2025-11-08T13:08:20.468-0500] {dagbag.py:545} INFO - Filling up the DagBag from /opt/airflow/dags/ocr_pipeline_dag.py
[2025-11-08T13:08:20.485-0500] {logging_mixin.py:188} INFO - 📂 Using project root: /opt/project
[2025-11-08T13:08:20.736-0500] {logging_mixin.py:188} INFO - [2025-11-08T13:08:20.735-0500] {credentials.py:1278} INFO - Found credentials in shared credentials file: ~/.aws/credentials
[2025-11-08T13:08:21.580-0500] {processor.py:840} INFO - DAG(s) 'ocr_pipeline_dag' retrieved from /opt/airflow/dags/ocr_pipeline_dag.py
[2025-11-08T13:08:21.614-0500] {logging_mixin.py:188} INFO - [2025-11-08T13:08:21.613-0500] {dag.py:3089} INFO - Sync 1 DAGs
[2025-11-08T13:08:21.631-0500] {logging_mixin.py:188} INFO - [2025-11-08T13:08:21.630-0500] {dag.py:3947} INFO - Setting next_dagrun for ocr_pipeline_dag to None, run_after=None
[2025-11-08T13:08:21.654-0500] {processor.py:183} INFO - Processing /opt/airflow/dags/ocr_pipeline_dag.py took 1.199 seconds
[2025-11-08T13:08:52.042-0500] {processor.py:161} INFO - Started process (PID=720) to work on /opt/airflow/dags/ocr_pipeline_dag.py
[2025-11-08T13:08:52.047-0500] {processor.py:830} INFO - Processing file /opt/airflow/dags/ocr_pipeline_dag.py for tasks to queue
[2025-11-08T13:08:52.050-0500] {logging_mixin.py:188} INFO - [2025-11-08T13:08:52.049-0500] {dagbag.py:545} INFO - Filling up the DagBag from /opt/airflow/dags/ocr_pipeline_dag.py
[2025-11-08T13:08:52.068-0500] {logging_mixin.py:188} INFO - 📂 Using project root: /opt/project
[2025-11-08T13:08:52.315-0500] {logging_mixin.py:188} INFO - [2025-11-08T13:08:52.315-0500] {credentials.py:1278} INFO - Found credentials in shared credentials file: ~/.aws/credentials
[2025-11-08T13:08:53.304-0500] {processor.py:840} INFO - DAG(s) 'ocr_pipeline_dag' retrieved from /opt/airflow/dags/ocr_pipeline_dag.py
[2025-11-08T13:08:53.351-0500] {logging_mixin.py:188} INFO - [2025-11-08T13:08:53.350-0500] {dag.py:3089} INFO - Sync 1 DAGs
[2025-11-08T13:08:53.369-0500] {logging_mixin.py:188} INFO - [2025-11-08T13:08:53.368-0500] {dag.py:3947} INFO - Setting next_dagrun for ocr_pipeline_dag to None, run_after=None
[2025-11-08T13:08:53.400-0500] {processor.py:183} INFO - Processing /opt/airflow/dags/ocr_pipeline_dag.py took 1.367 seconds
[2025-11-08T13:09:23.699-0500] {processor.py:161} INFO - Started process (PID=726) to work on /opt/airflow/dags/ocr_pipeline_dag.py
[2025-11-08T13:09:23.701-0500] {processor.py:830} INFO - Processing file /opt/airflow/dags/ocr_pipeline_dag.py for tasks to queue
[2025-11-08T13:09:23.703-0500] {logging_mixin.py:188} INFO - [2025-11-08T13:09:23.703-0500] {dagbag.py:545} INFO - Filling up the DagBag from /opt/airflow/dags/ocr_pipeline_dag.py
[2025-11-08T13:09:23.724-0500] {logging_mixin.py:188} INFO - 📂 Using project root: /opt/project
[2025-11-08T13:09:24.306-0500] {logging_mixin.py:188} INFO - [2025-11-08T13:09:24.306-0500] {credentials.py:1278} INFO - Found credentials in shared credentials file: ~/.aws/credentials
[2025-11-08T13:09:24.996-0500] {processor.py:840} INFO - DAG(s) 'ocr_pipeline_dag' retrieved from /opt/airflow/dags/ocr_pipeline_dag.py
[2025-11-08T13:09:25.026-0500] {logging_mixin.py:188} INFO - [2025-11-08T13:09:25.026-0500] {dag.py:3089} INFO - Sync 1 DAGs
[2025-11-08T13:09:25.038-0500] {logging_mixin.py:188} INFO - [2025-11-08T13:09:25.037-0500] {dag.py:3947} INFO - Setting next_dagrun for ocr_pipeline_dag to None, run_after=None
[2025-11-08T13:09:25.057-0500] {processor.py:183} INFO - Processing /opt/airflow/dags/ocr_pipeline_dag.py took 1.365 seconds
[2025-11-08T13:09:55.489-0500] {processor.py:161} INFO - Started process (PID=732) to work on /opt/airflow/dags/ocr_pipeline_dag.py
[2025-11-08T13:09:55.490-0500] {processor.py:830} INFO - Processing file /opt/airflow/dags/ocr_pipeline_dag.py for tasks to queue
[2025-11-08T13:09:55.492-0500] {logging_mixin.py:188} INFO - [2025-11-08T13:09:55.492-0500] {dagbag.py:545} INFO - Filling up the DagBag from /opt/airflow/dags/ocr_pipeline_dag.py
[2025-11-08T13:09:55.510-0500] {logging_mixin.py:188} INFO - 📂 Using project root: /opt/project
[2025-11-08T13:09:55.679-0500] {logging_mixin.py:188} INFO - [2025-11-08T13:09:55.678-0500] {credentials.py:1278} INFO - Found credentials in shared credentials file: ~/.aws/credentials
[2025-11-08T13:09:56.377-0500] {processor.py:840} INFO - DAG(s) 'ocr_pipeline_dag' retrieved from /opt/airflow/dags/ocr_pipeline_dag.py
[2025-11-08T13:09:56.433-0500] {logging_mixin.py:188} INFO - [2025-11-08T13:09:56.433-0500] {dag.py:3089} INFO - Sync 1 DAGs
[2025-11-08T13:09:56.447-0500] {logging_mixin.py:188} INFO - [2025-11-08T13:09:56.446-0500] {dag.py:3947} INFO - Setting next_dagrun for ocr_pipeline_dag to None, run_after=None
[2025-11-08T13:09:56.468-0500] {processor.py:183} INFO - Processing /opt/airflow/dags/ocr_pipeline_dag.py took 0.987 seconds
[2025-11-08T13:10:26.976-0500] {processor.py:161} INFO - Started process (PID=738) to work on /opt/airflow/dags/ocr_pipeline_dag.py
[2025-11-08T13:10:26.977-0500] {processor.py:830} INFO - Processing file /opt/airflow/dags/ocr_pipeline_dag.py for tasks to queue
[2025-11-08T13:10:26.979-0500] {logging_mixin.py:188} INFO - [2025-11-08T13:10:26.979-0500] {dagbag.py:545} INFO - Filling up the DagBag from /opt/airflow/dags/ocr_pipeline_dag.py
[2025-11-08T13:10:26.996-0500] {logging_mixin.py:188} INFO - 📂 Using project root: /opt/project
[2025-11-08T13:10:27.145-0500] {logging_mixin.py:188} INFO - [2025-11-08T13:10:27.145-0500] {credentials.py:1278} INFO - Found credentials in shared credentials file: ~/.aws/credentials
[2025-11-08T13:10:27.918-0500] {processor.py:840} INFO - DAG(s) 'ocr_pipeline_dag' retrieved from /opt/airflow/dags/ocr_pipeline_dag.py
[2025-11-08T13:10:27.944-0500] {logging_mixin.py:188} INFO - [2025-11-08T13:10:27.944-0500] {dag.py:3089} INFO - Sync 1 DAGs
[2025-11-08T13:10:27.955-0500] {logging_mixin.py:188} INFO - [2025-11-08T13:10:27.955-0500] {dag.py:3947} INFO - Setting next_dagrun for ocr_pipeline_dag to None, run_after=None
[2025-11-08T13:10:27.978-0500] {processor.py:183} INFO - Processing /opt/airflow/dags/ocr_pipeline_dag.py took 1.008 seconds
[2025-11-08T13:10:58.462-0500] {processor.py:161} INFO - Started process (PID=744) to work on /opt/airflow/dags/ocr_pipeline_dag.py
[2025-11-08T13:10:58.463-0500] {processor.py:830} INFO - Processing file /opt/airflow/dags/ocr_pipeline_dag.py for tasks to queue
[2025-11-08T13:10:58.466-0500] {logging_mixin.py:188} INFO - [2025-11-08T13:10:58.466-0500] {dagbag.py:545} INFO - Filling up the DagBag from /opt/airflow/dags/ocr_pipeline_dag.py
[2025-11-08T13:10:58.486-0500] {logging_mixin.py:188} INFO - 📂 Using project root: /opt/project
[2025-11-08T13:10:58.659-0500] {logging_mixin.py:188} INFO - [2025-11-08T13:10:58.659-0500] {credentials.py:1278} INFO - Found credentials in shared credentials file: ~/.aws/credentials
[2025-11-08T13:10:59.458-0500] {processor.py:840} INFO - DAG(s) 'ocr_pipeline_dag' retrieved from /opt/airflow/dags/ocr_pipeline_dag.py
[2025-11-08T13:10:59.490-0500] {logging_mixin.py:188} INFO - [2025-11-08T13:10:59.490-0500] {dag.py:3089} INFO - Sync 1 DAGs
[2025-11-08T13:10:59.505-0500] {logging_mixin.py:188} INFO - [2025-11-08T13:10:59.505-0500] {dag.py:3947} INFO - Setting next_dagrun for ocr_pipeline_dag to None, run_after=None
[2025-11-08T13:10:59.529-0500] {processor.py:183} INFO - Processing /opt/airflow/dags/ocr_pipeline_dag.py took 1.074 seconds
[2025-11-08T13:11:29.954-0500] {processor.py:161} INFO - Started process (PID=750) to work on /opt/airflow/dags/ocr_pipeline_dag.py
[2025-11-08T13:11:29.956-0500] {processor.py:830} INFO - Processing file /opt/airflow/dags/ocr_pipeline_dag.py for tasks to queue
[2025-11-08T13:11:29.959-0500] {logging_mixin.py:188} INFO - [2025-11-08T13:11:29.958-0500] {dagbag.py:545} INFO - Filling up the DagBag from /opt/airflow/dags/ocr_pipeline_dag.py
[2025-11-08T13:11:29.985-0500] {logging_mixin.py:188} INFO - 📂 Using project root: /opt/project
[2025-11-08T13:11:30.209-0500] {logging_mixin.py:188} INFO - [2025-11-08T13:11:30.209-0500] {credentials.py:1278} INFO - Found credentials in shared credentials file: ~/.aws/credentials
[2025-11-08T13:11:31.047-0500] {processor.py:840} INFO - DAG(s) 'ocr_pipeline_dag' retrieved from /opt/airflow/dags/ocr_pipeline_dag.py
[2025-11-08T13:11:31.082-0500] {logging_mixin.py:188} INFO - [2025-11-08T13:11:31.081-0500] {dag.py:3089} INFO - Sync 1 DAGs
[2025-11-08T13:11:31.097-0500] {logging_mixin.py:188} INFO - [2025-11-08T13:11:31.097-0500] {dag.py:3947} INFO - Setting next_dagrun for ocr_pipeline_dag to None, run_after=None
[2025-11-08T13:11:31.120-0500] {processor.py:183} INFO - Processing /opt/airflow/dags/ocr_pipeline_dag.py took 1.174 seconds
[2025-11-08T13:12:01.458-0500] {processor.py:161} INFO - Started process (PID=756) to work on /opt/airflow/dags/ocr_pipeline_dag.py
[2025-11-08T13:12:01.460-0500] {processor.py:830} INFO - Processing file /opt/airflow/dags/ocr_pipeline_dag.py for tasks to queue
[2025-11-08T13:12:01.464-0500] {logging_mixin.py:188} INFO - [2025-11-08T13:12:01.464-0500] {dagbag.py:545} INFO - Filling up the DagBag from /opt/airflow/dags/ocr_pipeline_dag.py
[2025-11-08T13:12:01.483-0500] {logging_mixin.py:188} INFO - 📂 Using project root: /opt/project
[2025-11-08T13:12:01.688-0500] {logging_mixin.py:188} INFO - [2025-11-08T13:12:01.688-0500] {credentials.py:1278} INFO - Found credentials in shared credentials file: ~/.aws/credentials
[2025-11-08T13:12:02.727-0500] {processor.py:840} INFO - DAG(s) 'ocr_pipeline_dag' retrieved from /opt/airflow/dags/ocr_pipeline_dag.py
[2025-11-08T13:12:02.759-0500] {logging_mixin.py:188} INFO - [2025-11-08T13:12:02.759-0500] {dag.py:3089} INFO - Sync 1 DAGs
[2025-11-08T13:12:02.770-0500] {logging_mixin.py:188} INFO - [2025-11-08T13:12:02.770-0500] {dag.py:3947} INFO - Setting next_dagrun for ocr_pipeline_dag to None, run_after=None
[2025-11-08T13:12:02.790-0500] {processor.py:183} INFO - Processing /opt/airflow/dags/ocr_pipeline_dag.py took 1.342 seconds
[2025-11-08T13:12:33.094-0500] {processor.py:161} INFO - Started process (PID=762) to work on /opt/airflow/dags/ocr_pipeline_dag.py
[2025-11-08T13:12:33.096-0500] {processor.py:830} INFO - Processing file /opt/airflow/dags/ocr_pipeline_dag.py for tasks to queue
[2025-11-08T13:12:33.100-0500] {logging_mixin.py:188} INFO - [2025-11-08T13:12:33.100-0500] {dagbag.py:545} INFO - Filling up the DagBag from /opt/airflow/dags/ocr_pipeline_dag.py
[2025-11-08T13:12:33.125-0500] {logging_mixin.py:188} INFO - 📂 Using project root: /opt/project
[2025-11-08T13:12:33.527-0500] {logging_mixin.py:188} INFO - [2025-11-08T13:12:33.526-0500] {credentials.py:1278} INFO - Found credentials in shared credentials file: ~/.aws/credentials
[2025-11-08T13:12:34.620-0500] {processor.py:840} INFO - DAG(s) 'ocr_pipeline_dag' retrieved from /opt/airflow/dags/ocr_pipeline_dag.py
[2025-11-08T13:12:34.659-0500] {logging_mixin.py:188} INFO - [2025-11-08T13:12:34.659-0500] {dag.py:3089} INFO - Sync 1 DAGs
[2025-11-08T13:12:34.680-0500] {logging_mixin.py:188} INFO - [2025-11-08T13:12:34.680-0500] {dag.py:3947} INFO - Setting next_dagrun for ocr_pipeline_dag to None, run_after=None
[2025-11-08T13:12:34.720-0500] {processor.py:183} INFO - Processing /opt/airflow/dags/ocr_pipeline_dag.py took 1.638 seconds
[2025-11-08T13:13:05.211-0500] {processor.py:161} INFO - Started process (PID=768) to work on /opt/airflow/dags/ocr_pipeline_dag.py
[2025-11-08T13:13:05.213-0500] {processor.py:830} INFO - Processing file /opt/airflow/dags/ocr_pipeline_dag.py for tasks to queue
[2025-11-08T13:13:05.216-0500] {logging_mixin.py:188} INFO - [2025-11-08T13:13:05.215-0500] {dagbag.py:545} INFO - Filling up the DagBag from /opt/airflow/dags/ocr_pipeline_dag.py
[2025-11-08T13:13:05.237-0500] {logging_mixin.py:188} INFO - 📂 Using project root: /opt/project
[2025-11-08T13:13:05.477-0500] {logging_mixin.py:188} INFO - [2025-11-08T13:13:05.477-0500] {credentials.py:1278} INFO - Found credentials in shared credentials file: ~/.aws/credentials
[2025-11-08T13:13:06.256-0500] {processor.py:840} INFO - DAG(s) 'ocr_pipeline_dag' retrieved from /opt/airflow/dags/ocr_pipeline_dag.py
[2025-11-08T13:13:06.285-0500] {logging_mixin.py:188} INFO - [2025-11-08T13:13:06.284-0500] {dag.py:3089} INFO - Sync 1 DAGs
[2025-11-08T13:13:06.299-0500] {logging_mixin.py:188} INFO - [2025-11-08T13:13:06.299-0500] {dag.py:3947} INFO - Setting next_dagrun for ocr_pipeline_dag to None, run_after=None
[2025-11-08T13:13:06.323-0500] {processor.py:183} INFO - Processing /opt/airflow/dags/ocr_pipeline_dag.py took 1.119 seconds
[2025-11-08T13:13:36.660-0500] {processor.py:161} INFO - Started process (PID=774) to work on /opt/airflow/dags/ocr_pipeline_dag.py
[2025-11-08T13:13:36.661-0500] {processor.py:830} INFO - Processing file /opt/airflow/dags/ocr_pipeline_dag.py for tasks to queue
[2025-11-08T13:13:36.663-0500] {logging_mixin.py:188} INFO - [2025-11-08T13:13:36.663-0500] {dagbag.py:545} INFO - Filling up the DagBag from /opt/airflow/dags/ocr_pipeline_dag.py
[2025-11-08T13:13:36.678-0500] {logging_mixin.py:188} INFO - 📂 Using project root: /opt/project
[2025-11-08T13:13:36.849-0500] {logging_mixin.py:188} INFO - [2025-11-08T13:13:36.849-0500] {credentials.py:1278} INFO - Found credentials in shared credentials file: ~/.aws/credentials
[2025-11-08T13:13:37.920-0500] {processor.py:840} INFO - DAG(s) 'ocr_pipeline_dag' retrieved from /opt/airflow/dags/ocr_pipeline_dag.py
[2025-11-08T13:13:37.950-0500] {logging_mixin.py:188} INFO - [2025-11-08T13:13:37.949-0500] {dag.py:3089} INFO - Sync 1 DAGs
[2025-11-08T13:13:37.964-0500] {logging_mixin.py:188} INFO - [2025-11-08T13:13:37.964-0500] {dag.py:3947} INFO - Setting next_dagrun for ocr_pipeline_dag to None, run_after=None
[2025-11-08T13:13:37.987-0500] {processor.py:183} INFO - Processing /opt/airflow/dags/ocr_pipeline_dag.py took 1.161 seconds
[2025-11-08T13:14:08.330-0500] {processor.py:161} INFO - Started process (PID=780) to work on /opt/airflow/dags/ocr_pipeline_dag.py
[2025-11-08T13:14:08.332-0500] {processor.py:830} INFO - Processing file /opt/airflow/dags/ocr_pipeline_dag.py for tasks to queue
[2025-11-08T13:14:08.335-0500] {logging_mixin.py:188} INFO - [2025-11-08T13:14:08.334-0500] {dagbag.py:545} INFO - Filling up the DagBag from /opt/airflow/dags/ocr_pipeline_dag.py
[2025-11-08T13:14:08.355-0500] {logging_mixin.py:188} INFO - 📂 Using project root: /opt/project
[2025-11-08T13:14:08.626-0500] {logging_mixin.py:188} INFO - [2025-11-08T13:14:08.626-0500] {credentials.py:1278} INFO - Found credentials in shared credentials file: ~/.aws/credentials
[2025-11-08T13:14:09.439-0500] {processor.py:840} INFO - DAG(s) 'ocr_pipeline_dag' retrieved from /opt/airflow/dags/ocr_pipeline_dag.py
[2025-11-08T13:14:09.473-0500] {logging_mixin.py:188} INFO - [2025-11-08T13:14:09.472-0500] {dag.py:3089} INFO - Sync 1 DAGs
[2025-11-08T13:14:09.489-0500] {logging_mixin.py:188} INFO - [2025-11-08T13:14:09.489-0500] {dag.py:3947} INFO - Setting next_dagrun for ocr_pipeline_dag to None, run_after=None
[2025-11-08T13:14:09.515-0500] {processor.py:183} INFO - Processing /opt/airflow/dags/ocr_pipeline_dag.py took 1.193 seconds
[2025-11-08T13:14:39.940-0500] {processor.py:161} INFO - Started process (PID=786) to work on /opt/airflow/dags/ocr_pipeline_dag.py
[2025-11-08T13:14:39.942-0500] {processor.py:830} INFO - Processing file /opt/airflow/dags/ocr_pipeline_dag.py for tasks to queue
[2025-11-08T13:14:39.944-0500] {logging_mixin.py:188} INFO - [2025-11-08T13:14:39.944-0500] {dagbag.py:545} INFO - Filling up the DagBag from /opt/airflow/dags/ocr_pipeline_dag.py
[2025-11-08T13:14:39.964-0500] {logging_mixin.py:188} INFO - 📂 Using project root: /opt/project
[2025-11-08T13:14:40.193-0500] {logging_mixin.py:188} INFO - [2025-11-08T13:14:40.193-0500] {credentials.py:1278} INFO - Found credentials in shared credentials file: ~/.aws/credentials
[2025-11-08T13:14:41.035-0500] {processor.py:840} INFO - DAG(s) 'ocr_pipeline_dag' retrieved from /opt/airflow/dags/ocr_pipeline_dag.py
[2025-11-08T13:14:41.068-0500] {logging_mixin.py:188} INFO - [2025-11-08T13:14:41.067-0500] {dag.py:3089} INFO - Sync 1 DAGs
[2025-11-08T13:14:41.082-0500] {logging_mixin.py:188} INFO - [2025-11-08T13:14:41.081-0500] {dag.py:3947} INFO - Setting next_dagrun for ocr_pipeline_dag to None, run_after=None
[2025-11-08T13:14:41.105-0500] {processor.py:183} INFO - Processing /opt/airflow/dags/ocr_pipeline_dag.py took 1.174 seconds
[2025-11-08T13:15:11.496-0500] {processor.py:161} INFO - Started process (PID=792) to work on /opt/airflow/dags/ocr_pipeline_dag.py
[2025-11-08T13:15:11.498-0500] {processor.py:830} INFO - Processing file /opt/airflow/dags/ocr_pipeline_dag.py for tasks to queue
[2025-11-08T13:15:11.503-0500] {logging_mixin.py:188} INFO - [2025-11-08T13:15:11.502-0500] {dagbag.py:545} INFO - Filling up the DagBag from /opt/airflow/dags/ocr_pipeline_dag.py
[2025-11-08T13:15:11.529-0500] {logging_mixin.py:188} INFO - 📂 Using project root: /opt/project
[2025-11-08T13:15:11.847-0500] {logging_mixin.py:188} INFO - [2025-11-08T13:15:11.846-0500] {credentials.py:1278} INFO - Found credentials in shared credentials file: ~/.aws/credentials
[2025-11-08T13:15:13.085-0500] {processor.py:840} INFO - DAG(s) 'ocr_pipeline_dag' retrieved from /opt/airflow/dags/ocr_pipeline_dag.py
[2025-11-08T13:15:13.124-0500] {logging_mixin.py:188} INFO - [2025-11-08T13:15:13.124-0500] {dag.py:3089} INFO - Sync 1 DAGs
[2025-11-08T13:15:13.139-0500] {logging_mixin.py:188} INFO - [2025-11-08T13:15:13.138-0500] {dag.py:3947} INFO - Setting next_dagrun for ocr_pipeline_dag to None, run_after=None
[2025-11-08T13:15:13.162-0500] {processor.py:183} INFO - Processing /opt/airflow/dags/ocr_pipeline_dag.py took 1.682 seconds
[2025-11-08T13:15:43.604-0500] {processor.py:161} INFO - Started process (PID=798) to work on /opt/airflow/dags/ocr_pipeline_dag.py
[2025-11-08T13:15:43.605-0500] {processor.py:830} INFO - Processing file /opt/airflow/dags/ocr_pipeline_dag.py for tasks to queue
[2025-11-08T13:15:43.609-0500] {logging_mixin.py:188} INFO - [2025-11-08T13:15:43.608-0500] {dagbag.py:545} INFO - Filling up the DagBag from /opt/airflow/dags/ocr_pipeline_dag.py
[2025-11-08T13:15:43.632-0500] {logging_mixin.py:188} INFO - 📂 Using project root: /opt/project
[2025-11-08T13:15:43.847-0500] {logging_mixin.py:188} INFO - [2025-11-08T13:15:43.847-0500] {credentials.py:1278} INFO - Found credentials in shared credentials file: ~/.aws/credentials
[2025-11-08T13:15:44.884-0500] {processor.py:840} INFO - DAG(s) 'ocr_pipeline_dag' retrieved from /opt/airflow/dags/ocr_pipeline_dag.py
[2025-11-08T13:15:45.006-0500] {logging_mixin.py:188} INFO - [2025-11-08T13:15:45.004-0500] {dag.py:3089} INFO - Sync 1 DAGs
[2025-11-08T13:15:45.041-0500] {logging_mixin.py:188} INFO - [2025-11-08T13:15:45.040-0500] {dag.py:3947} INFO - Setting next_dagrun for ocr_pipeline_dag to None, run_after=None
[2025-11-08T13:15:45.076-0500] {processor.py:183} INFO - Processing /opt/airflow/dags/ocr_pipeline_dag.py took 1.481 seconds
[2025-11-08T13:16:15.512-0500] {processor.py:161} INFO - Started process (PID=804) to work on /opt/airflow/dags/ocr_pipeline_dag.py
[2025-11-08T13:16:15.513-0500] {processor.py:830} INFO - Processing file /opt/airflow/dags/ocr_pipeline_dag.py for tasks to queue
[2025-11-08T13:16:15.516-0500] {logging_mixin.py:188} INFO - [2025-11-08T13:16:15.515-0500] {dagbag.py:545} INFO - Filling up the DagBag from /opt/airflow/dags/ocr_pipeline_dag.py
[2025-11-08T13:16:15.536-0500] {logging_mixin.py:188} INFO - 📂 Using project root: /opt/project
[2025-11-08T13:16:15.713-0500] {logging_mixin.py:188} INFO - [2025-11-08T13:16:15.713-0500] {credentials.py:1278} INFO - Found credentials in shared credentials file: ~/.aws/credentials
[2025-11-08T13:16:16.440-0500] {processor.py:840} INFO - DAG(s) 'ocr_pipeline_dag' retrieved from /opt/airflow/dags/ocr_pipeline_dag.py
[2025-11-08T13:16:16.489-0500] {logging_mixin.py:188} INFO - [2025-11-08T13:16:16.489-0500] {dag.py:3089} INFO - Sync 1 DAGs
[2025-11-08T13:16:16.510-0500] {logging_mixin.py:188} INFO - [2025-11-08T13:16:16.509-0500] {dag.py:3947} INFO - Setting next_dagrun for ocr_pipeline_dag to None, run_after=None
[2025-11-08T13:16:16.545-0500] {processor.py:183} INFO - Processing /opt/airflow/dags/ocr_pipeline_dag.py took 1.041 seconds
[2025-11-08T13:16:46.950-0500] {processor.py:161} INFO - Started process (PID=810) to work on /opt/airflow/dags/ocr_pipeline_dag.py
[2025-11-08T13:16:46.952-0500] {processor.py:830} INFO - Processing file /opt/airflow/dags/ocr_pipeline_dag.py for tasks to queue
[2025-11-08T13:16:46.955-0500] {logging_mixin.py:188} INFO - [2025-11-08T13:16:46.955-0500] {dagbag.py:545} INFO - Filling up the DagBag from /opt/airflow/dags/ocr_pipeline_dag.py
[2025-11-08T13:16:46.975-0500] {logging_mixin.py:188} INFO - 📂 Using project root: /opt/project
[2025-11-08T13:16:47.211-0500] {logging_mixin.py:188} INFO - [2025-11-08T13:16:47.210-0500] {credentials.py:1278} INFO - Found credentials in shared credentials file: ~/.aws/credentials
[2025-11-08T13:16:48.499-0500] {processor.py:840} INFO - DAG(s) 'ocr_pipeline_dag' retrieved from /opt/airflow/dags/ocr_pipeline_dag.py
[2025-11-08T13:16:48.647-0500] {logging_mixin.py:188} INFO - [2025-11-08T13:16:48.637-0500] {dag.py:3089} INFO - Sync 1 DAGs
[2025-11-08T13:16:48.669-0500] {logging_mixin.py:188} INFO - [2025-11-08T13:16:48.668-0500] {dag.py:3947} INFO - Setting next_dagrun for ocr_pipeline_dag to None, run_after=None
[2025-11-08T13:16:48.735-0500] {processor.py:183} INFO - Processing /opt/airflow/dags/ocr_pipeline_dag.py took 1.795 seconds
[2025-11-08T13:17:19.215-0500] {processor.py:161} INFO - Started process (PID=816) to work on /opt/airflow/dags/ocr_pipeline_dag.py
[2025-11-08T13:17:19.217-0500] {processor.py:830} INFO - Processing file /opt/airflow/dags/ocr_pipeline_dag.py for tasks to queue
[2025-11-08T13:17:19.220-0500] {logging_mixin.py:188} INFO - [2025-11-08T13:17:19.220-0500] {dagbag.py:545} INFO - Filling up the DagBag from /opt/airflow/dags/ocr_pipeline_dag.py
[2025-11-08T13:17:19.241-0500] {logging_mixin.py:188} INFO - 📂 Using project root: /opt/project
[2025-11-08T13:17:19.427-0500] {logging_mixin.py:188} INFO - [2025-11-08T13:17:19.427-0500] {credentials.py:1278} INFO - Found credentials in shared credentials file: ~/.aws/credentials
[2025-11-08T13:17:20.201-0500] {processor.py:840} INFO - DAG(s) 'ocr_pipeline_dag' retrieved from /opt/airflow/dags/ocr_pipeline_dag.py
[2025-11-08T13:17:20.256-0500] {logging_mixin.py:188} INFO - [2025-11-08T13:17:20.256-0500] {dag.py:3089} INFO - Sync 1 DAGs
[2025-11-08T13:17:20.273-0500] {logging_mixin.py:188} INFO - [2025-11-08T13:17:20.273-0500] {dag.py:3947} INFO - Setting next_dagrun for ocr_pipeline_dag to None, run_after=None
[2025-11-08T13:17:20.299-0500] {processor.py:183} INFO - Processing /opt/airflow/dags/ocr_pipeline_dag.py took 1.093 seconds
[2025-11-08T13:17:50.922-0500] {processor.py:161} INFO - Started process (PID=822) to work on /opt/airflow/dags/ocr_pipeline_dag.py
[2025-11-08T13:17:50.924-0500] {processor.py:830} INFO - Processing file /opt/airflow/dags/ocr_pipeline_dag.py for tasks to queue
[2025-11-08T13:17:50.926-0500] {logging_mixin.py:188} INFO - [2025-11-08T13:17:50.926-0500] {dagbag.py:545} INFO - Filling up the DagBag from /opt/airflow/dags/ocr_pipeline_dag.py
[2025-11-08T13:17:50.945-0500] {logging_mixin.py:188} INFO - 📂 Using project root: /opt/project
[2025-11-08T13:17:51.090-0500] {logging_mixin.py:188} INFO - [2025-11-08T13:17:51.089-0500] {credentials.py:1278} INFO - Found credentials in shared credentials file: ~/.aws/credentials
[2025-11-08T13:17:51.758-0500] {processor.py:840} INFO - DAG(s) 'ocr_pipeline_dag' retrieved from /opt/airflow/dags/ocr_pipeline_dag.py
[2025-11-08T13:17:51.786-0500] {logging_mixin.py:188} INFO - [2025-11-08T13:17:51.786-0500] {dag.py:3089} INFO - Sync 1 DAGs
[2025-11-08T13:17:51.798-0500] {logging_mixin.py:188} INFO - [2025-11-08T13:17:51.797-0500] {dag.py:3947} INFO - Setting next_dagrun for ocr_pipeline_dag to None, run_after=None
[2025-11-08T13:17:51.817-0500] {processor.py:183} INFO - Processing /opt/airflow/dags/ocr_pipeline_dag.py took 0.902 seconds
[2025-11-08T13:18:22.444-0500] {processor.py:161} INFO - Started process (PID=828) to work on /opt/airflow/dags/ocr_pipeline_dag.py
[2025-11-08T13:18:22.445-0500] {processor.py:830} INFO - Processing file /opt/airflow/dags/ocr_pipeline_dag.py for tasks to queue
[2025-11-08T13:18:22.449-0500] {logging_mixin.py:188} INFO - [2025-11-08T13:18:22.448-0500] {dagbag.py:545} INFO - Filling up the DagBag from /opt/airflow/dags/ocr_pipeline_dag.py
[2025-11-08T13:18:22.465-0500] {logging_mixin.py:188} INFO - 📂 Using project root: /opt/project
[2025-11-08T13:18:22.602-0500] {logging_mixin.py:188} INFO - [2025-11-08T13:18:22.602-0500] {credentials.py:1278} INFO - Found credentials in shared credentials file: ~/.aws/credentials
[2025-11-08T13:18:23.313-0500] {processor.py:840} INFO - DAG(s) 'ocr_pipeline_dag' retrieved from /opt/airflow/dags/ocr_pipeline_dag.py
[2025-11-08T13:18:23.338-0500] {logging_mixin.py:188} INFO - [2025-11-08T13:18:23.337-0500] {dag.py:3089} INFO - Sync 1 DAGs
[2025-11-08T13:18:23.349-0500] {logging_mixin.py:188} INFO - [2025-11-08T13:18:23.349-0500] {dag.py:3947} INFO - Setting next_dagrun for ocr_pipeline_dag to None, run_after=None
[2025-11-08T13:18:23.379-0500] {processor.py:183} INFO - Processing /opt/airflow/dags/ocr_pipeline_dag.py took 0.944 seconds
[2025-11-08T13:18:53.839-0500] {processor.py:161} INFO - Started process (PID=834) to work on /opt/airflow/dags/ocr_pipeline_dag.py
[2025-11-08T13:18:53.841-0500] {processor.py:830} INFO - Processing file /opt/airflow/dags/ocr_pipeline_dag.py for tasks to queue
[2025-11-08T13:18:53.844-0500] {logging_mixin.py:188} INFO - [2025-11-08T13:18:53.844-0500] {dagbag.py:545} INFO - Filling up the DagBag from /opt/airflow/dags/ocr_pipeline_dag.py
[2025-11-08T13:18:53.868-0500] {logging_mixin.py:188} INFO - 📂 Using project root: /opt/project
[2025-11-08T13:18:54.052-0500] {logging_mixin.py:188} INFO - [2025-11-08T13:18:54.051-0500] {credentials.py:1278} INFO - Found credentials in shared credentials file: ~/.aws/credentials
[2025-11-08T13:18:55.046-0500] {processor.py:840} INFO - DAG(s) 'ocr_pipeline_dag' retrieved from /opt/airflow/dags/ocr_pipeline_dag.py
[2025-11-08T13:18:55.084-0500] {logging_mixin.py:188} INFO - [2025-11-08T13:18:55.083-0500] {dag.py:3089} INFO - Sync 1 DAGs
[2025-11-08T13:18:55.100-0500] {logging_mixin.py:188} INFO - [2025-11-08T13:18:55.100-0500] {dag.py:3947} INFO - Setting next_dagrun for ocr_pipeline_dag to None, run_after=None
[2025-11-08T13:18:55.124-0500] {processor.py:183} INFO - Processing /opt/airflow/dags/ocr_pipeline_dag.py took 1.292 seconds
[2025-11-08T13:19:25.235-0500] {processor.py:161} INFO - Started process (PID=840) to work on /opt/airflow/dags/ocr_pipeline_dag.py
[2025-11-08T13:19:25.236-0500] {processor.py:830} INFO - Processing file /opt/airflow/dags/ocr_pipeline_dag.py for tasks to queue
[2025-11-08T13:19:25.239-0500] {logging_mixin.py:188} INFO - [2025-11-08T13:19:25.238-0500] {dagbag.py:545} INFO - Filling up the DagBag from /opt/airflow/dags/ocr_pipeline_dag.py
[2025-11-08T13:19:25.259-0500] {logging_mixin.py:188} INFO - 📂 Using project root: /opt/project
[2025-11-08T13:19:25.467-0500] {logging_mixin.py:188} INFO - [2025-11-08T13:19:25.466-0500] {credentials.py:1278} INFO - Found credentials in shared credentials file: ~/.aws/credentials
[2025-11-08T13:19:26.228-0500] {processor.py:840} INFO - DAG(s) 'ocr_pipeline_dag' retrieved from /opt/airflow/dags/ocr_pipeline_dag.py
[2025-11-08T13:19:26.267-0500] {logging_mixin.py:188} INFO - [2025-11-08T13:19:26.266-0500] {dag.py:3089} INFO - Sync 1 DAGs
[2025-11-08T13:19:26.281-0500] {logging_mixin.py:188} INFO - [2025-11-08T13:19:26.280-0500] {dag.py:3947} INFO - Setting next_dagrun for ocr_pipeline_dag to None, run_after=None
[2025-11-08T13:19:26.307-0500] {processor.py:183} INFO - Processing /opt/airflow/dags/ocr_pipeline_dag.py took 1.081 seconds
[2025-11-08T13:19:56.738-0500] {processor.py:161} INFO - Started process (PID=846) to work on /opt/airflow/dags/ocr_pipeline_dag.py
[2025-11-08T13:19:56.740-0500] {processor.py:830} INFO - Processing file /opt/airflow/dags/ocr_pipeline_dag.py for tasks to queue
[2025-11-08T13:19:56.744-0500] {logging_mixin.py:188} INFO - [2025-11-08T13:19:56.744-0500] {dagbag.py:545} INFO - Filling up the DagBag from /opt/airflow/dags/ocr_pipeline_dag.py
[2025-11-08T13:19:56.769-0500] {logging_mixin.py:188} INFO - 📂 Using project root: /opt/project
[2025-11-08T13:19:57.072-0500] {logging_mixin.py:188} INFO - [2025-11-08T13:19:57.071-0500] {credentials.py:1278} INFO - Found credentials in shared credentials file: ~/.aws/credentials
[2025-11-08T13:19:58.836-0500] {processor.py:840} INFO - DAG(s) 'ocr_pipeline_dag' retrieved from /opt/airflow/dags/ocr_pipeline_dag.py
[2025-11-08T13:19:58.888-0500] {logging_mixin.py:188} INFO - [2025-11-08T13:19:58.887-0500] {dag.py:3089} INFO - Sync 1 DAGs
[2025-11-08T13:19:58.911-0500] {logging_mixin.py:188} INFO - [2025-11-08T13:19:58.911-0500] {dag.py:3947} INFO - Setting next_dagrun for ocr_pipeline_dag to None, run_after=None
[2025-11-08T13:19:58.935-0500] {processor.py:183} INFO - Processing /opt/airflow/dags/ocr_pipeline_dag.py took 2.212 seconds
[2025-11-08T13:20:29.226-0500] {processor.py:161} INFO - Started process (PID=852) to work on /opt/airflow/dags/ocr_pipeline_dag.py
[2025-11-08T13:20:29.228-0500] {processor.py:830} INFO - Processing file /opt/airflow/dags/ocr_pipeline_dag.py for tasks to queue
[2025-11-08T13:20:29.231-0500] {logging_mixin.py:188} INFO - [2025-11-08T13:20:29.231-0500] {dagbag.py:545} INFO - Filling up the DagBag from /opt/airflow/dags/ocr_pipeline_dag.py
[2025-11-08T13:20:29.253-0500] {logging_mixin.py:188} INFO - 📂 Using project root: /opt/project
[2025-11-08T13:20:29.476-0500] {logging_mixin.py:188} INFO - [2025-11-08T13:20:29.476-0500] {credentials.py:1278} INFO - Found credentials in shared credentials file: ~/.aws/credentials
[2025-11-08T13:20:30.445-0500] {processor.py:840} INFO - DAG(s) 'ocr_pipeline_dag' retrieved from /opt/airflow/dags/ocr_pipeline_dag.py
[2025-11-08T13:20:30.517-0500] {logging_mixin.py:188} INFO - [2025-11-08T13:20:30.516-0500] {dag.py:3089} INFO - Sync 1 DAGs
[2025-11-08T13:20:30.550-0500] {logging_mixin.py:188} INFO - [2025-11-08T13:20:30.549-0500] {dag.py:3947} INFO - Setting next_dagrun for ocr_pipeline_dag to None, run_after=None
[2025-11-08T13:20:30.584-0500] {processor.py:183} INFO - Processing /opt/airflow/dags/ocr_pipeline_dag.py took 1.368 seconds
[2025-11-08T13:21:00.925-0500] {processor.py:161} INFO - Started process (PID=858) to work on /opt/airflow/dags/ocr_pipeline_dag.py
[2025-11-08T13:21:00.926-0500] {processor.py:830} INFO - Processing file /opt/airflow/dags/ocr_pipeline_dag.py for tasks to queue
[2025-11-08T13:21:00.929-0500] {logging_mixin.py:188} INFO - [2025-11-08T13:21:00.928-0500] {dagbag.py:545} INFO - Filling up the DagBag from /opt/airflow/dags/ocr_pipeline_dag.py
[2025-11-08T13:21:00.946-0500] {logging_mixin.py:188} INFO - 📂 Using project root: /opt/project
[2025-11-08T13:21:01.107-0500] {logging_mixin.py:188} INFO - [2025-11-08T13:21:01.107-0500] {credentials.py:1278} INFO - Found credentials in shared credentials file: ~/.aws/credentials
[2025-11-08T13:21:01.751-0500] {processor.py:840} INFO - DAG(s) 'ocr_pipeline_dag' retrieved from /opt/airflow/dags/ocr_pipeline_dag.py
[2025-11-08T13:21:01.783-0500] {logging_mixin.py:188} INFO - [2025-11-08T13:21:01.782-0500] {dag.py:3089} INFO - Sync 1 DAGs
[2025-11-08T13:21:01.795-0500] {logging_mixin.py:188} INFO - [2025-11-08T13:21:01.795-0500] {dag.py:3947} INFO - Setting next_dagrun for ocr_pipeline_dag to None, run_after=None
[2025-11-08T13:21:01.818-0500] {processor.py:183} INFO - Processing /opt/airflow/dags/ocr_pipeline_dag.py took 0.900 seconds
[2025-11-08T13:21:32.306-0500] {processor.py:161} INFO - Started process (PID=864) to work on /opt/airflow/dags/ocr_pipeline_dag.py
[2025-11-08T13:21:32.308-0500] {processor.py:830} INFO - Processing file /opt/airflow/dags/ocr_pipeline_dag.py for tasks to queue
[2025-11-08T13:21:32.311-0500] {logging_mixin.py:188} INFO - [2025-11-08T13:21:32.310-0500] {dagbag.py:545} INFO - Filling up the DagBag from /opt/airflow/dags/ocr_pipeline_dag.py
[2025-11-08T13:21:32.335-0500] {logging_mixin.py:188} INFO - 📂 Using project root: /opt/project
[2025-11-08T13:21:32.526-0500] {logging_mixin.py:188} INFO - [2025-11-08T13:21:32.525-0500] {credentials.py:1278} INFO - Found credentials in shared credentials file: ~/.aws/credentials
[2025-11-08T13:21:33.866-0500] {processor.py:840} INFO - DAG(s) 'ocr_pipeline_dag' retrieved from /opt/airflow/dags/ocr_pipeline_dag.py
[2025-11-08T13:21:33.921-0500] {logging_mixin.py:188} INFO - [2025-11-08T13:21:33.920-0500] {dag.py:3089} INFO - Sync 1 DAGs
[2025-11-08T13:21:33.940-0500] {logging_mixin.py:188} INFO - [2025-11-08T13:21:33.940-0500] {dag.py:3947} INFO - Setting next_dagrun for ocr_pipeline_dag to None, run_after=None
[2025-11-08T13:21:33.976-0500] {processor.py:183} INFO - Processing /opt/airflow/dags/ocr_pipeline_dag.py took 1.683 seconds
[2025-11-08T13:22:04.962-0500] {processor.py:161} INFO - Started process (PID=870) to work on /opt/airflow/dags/ocr_pipeline_dag.py
[2025-11-08T13:22:04.965-0500] {processor.py:830} INFO - Processing file /opt/airflow/dags/ocr_pipeline_dag.py for tasks to queue
[2025-11-08T13:22:04.970-0500] {logging_mixin.py:188} INFO - [2025-11-08T13:22:04.969-0500] {dagbag.py:545} INFO - Filling up the DagBag from /opt/airflow/dags/ocr_pipeline_dag.py
[2025-11-08T13:22:04.994-0500] {logging_mixin.py:188} INFO - 📂 Using project root: /opt/project
[2025-11-08T13:22:05.244-0500] {logging_mixin.py:188} INFO - [2025-11-08T13:22:05.244-0500] {credentials.py:1278} INFO - Found credentials in shared credentials file: ~/.aws/credentials
[2025-11-08T13:22:06.100-0500] {processor.py:840} INFO - DAG(s) 'ocr_pipeline_dag' retrieved from /opt/airflow/dags/ocr_pipeline_dag.py
[2025-11-08T13:22:06.136-0500] {logging_mixin.py:188} INFO - [2025-11-08T13:22:06.135-0500] {dag.py:3089} INFO - Sync 1 DAGs
[2025-11-08T13:22:06.150-0500] {logging_mixin.py:188} INFO - [2025-11-08T13:22:06.149-0500] {dag.py:3947} INFO - Setting next_dagrun for ocr_pipeline_dag to None, run_after=None
[2025-11-08T13:22:06.176-0500] {processor.py:183} INFO - Processing /opt/airflow/dags/ocr_pipeline_dag.py took 1.228 seconds
[2025-11-08T13:22:36.424-0500] {processor.py:161} INFO - Started process (PID=876) to work on /opt/airflow/dags/ocr_pipeline_dag.py
[2025-11-08T13:22:36.426-0500] {processor.py:830} INFO - Processing file /opt/airflow/dags/ocr_pipeline_dag.py for tasks to queue
[2025-11-08T13:22:36.429-0500] {logging_mixin.py:188} INFO - [2025-11-08T13:22:36.429-0500] {dagbag.py:545} INFO - Filling up the DagBag from /opt/airflow/dags/ocr_pipeline_dag.py
[2025-11-08T13:22:36.459-0500] {logging_mixin.py:188} INFO - 📂 Using project root: /opt/project
[2025-11-08T13:22:36.737-0500] {logging_mixin.py:188} INFO - [2025-11-08T13:22:36.736-0500] {credentials.py:1278} INFO - Found credentials in shared credentials file: ~/.aws/credentials
[2025-11-08T13:22:37.732-0500] {processor.py:840} INFO - DAG(s) 'ocr_pipeline_dag' retrieved from /opt/airflow/dags/ocr_pipeline_dag.py
[2025-11-08T13:22:37.778-0500] {logging_mixin.py:188} INFO - [2025-11-08T13:22:37.777-0500] {dag.py:3089} INFO - Sync 1 DAGs
[2025-11-08T13:22:37.798-0500] {logging_mixin.py:188} INFO - [2025-11-08T13:22:37.798-0500] {dag.py:3947} INFO - Setting next_dagrun for ocr_pipeline_dag to None, run_after=None
[2025-11-08T13:22:37.856-0500] {processor.py:183} INFO - Processing /opt/airflow/dags/ocr_pipeline_dag.py took 1.444 seconds
[2025-11-08T13:23:08.200-0500] {processor.py:161} INFO - Started process (PID=882) to work on /opt/airflow/dags/ocr_pipeline_dag.py
[2025-11-08T13:23:08.202-0500] {processor.py:830} INFO - Processing file /opt/airflow/dags/ocr_pipeline_dag.py for tasks to queue
[2025-11-08T13:23:08.206-0500] {logging_mixin.py:188} INFO - [2025-11-08T13:23:08.205-0500] {dagbag.py:545} INFO - Filling up the DagBag from /opt/airflow/dags/ocr_pipeline_dag.py
[2025-11-08T13:23:08.223-0500] {logging_mixin.py:188} INFO - 📂 Using project root: /opt/project
[2025-11-08T13:23:08.434-0500] {logging_mixin.py:188} INFO - [2025-11-08T13:23:08.433-0500] {credentials.py:1278} INFO - Found credentials in shared credentials file: ~/.aws/credentials
[2025-11-08T13:23:09.292-0500] {processor.py:840} INFO - DAG(s) 'ocr_pipeline_dag' retrieved from /opt/airflow/dags/ocr_pipeline_dag.py
[2025-11-08T13:23:09.326-0500] {logging_mixin.py:188} INFO - [2025-11-08T13:23:09.325-0500] {dag.py:3089} INFO - Sync 1 DAGs
[2025-11-08T13:23:09.341-0500] {logging_mixin.py:188} INFO - [2025-11-08T13:23:09.341-0500] {dag.py:3947} INFO - Setting next_dagrun for ocr_pipeline_dag to None, run_after=None
[2025-11-08T13:23:09.366-0500] {processor.py:183} INFO - Processing /opt/airflow/dags/ocr_pipeline_dag.py took 1.182 seconds
[2025-11-08T13:23:40.322-0500] {processor.py:161} INFO - Started process (PID=888) to work on /opt/airflow/dags/ocr_pipeline_dag.py
[2025-11-08T13:23:40.323-0500] {processor.py:830} INFO - Processing file /opt/airflow/dags/ocr_pipeline_dag.py for tasks to queue
[2025-11-08T13:23:40.326-0500] {logging_mixin.py:188} INFO - [2025-11-08T13:23:40.326-0500] {dagbag.py:545} INFO - Filling up the DagBag from /opt/airflow/dags/ocr_pipeline_dag.py
[2025-11-08T13:23:40.349-0500] {logging_mixin.py:188} INFO - 📂 Using project root: /opt/project
[2025-11-08T13:23:40.555-0500] {logging_mixin.py:188} INFO - [2025-11-08T13:23:40.555-0500] {credentials.py:1278} INFO - Found credentials in shared credentials file: ~/.aws/credentials
[2025-11-08T13:23:41.361-0500] {processor.py:840} INFO - DAG(s) 'ocr_pipeline_dag' retrieved from /opt/airflow/dags/ocr_pipeline_dag.py
[2025-11-08T13:23:41.389-0500] {logging_mixin.py:188} INFO - [2025-11-08T13:23:41.388-0500] {dag.py:3089} INFO - Sync 1 DAGs
[2025-11-08T13:23:41.401-0500] {logging_mixin.py:188} INFO - [2025-11-08T13:23:41.401-0500] {dag.py:3947} INFO - Setting next_dagrun for ocr_pipeline_dag to None, run_after=None
[2025-11-08T13:23:41.420-0500] {processor.py:183} INFO - Processing /opt/airflow/dags/ocr_pipeline_dag.py took 1.106 seconds
[2025-11-08T13:24:12.376-0500] {processor.py:161} INFO - Started process (PID=894) to work on /opt/airflow/dags/ocr_pipeline_dag.py
[2025-11-08T13:24:12.377-0500] {processor.py:830} INFO - Processing file /opt/airflow/dags/ocr_pipeline_dag.py for tasks to queue
[2025-11-08T13:24:12.380-0500] {logging_mixin.py:188} INFO - [2025-11-08T13:24:12.380-0500] {dagbag.py:545} INFO - Filling up the DagBag from /opt/airflow/dags/ocr_pipeline_dag.py
[2025-11-08T13:24:12.402-0500] {logging_mixin.py:188} INFO - 📂 Using project root: /opt/project
[2025-11-08T13:24:12.607-0500] {logging_mixin.py:188} INFO - [2025-11-08T13:24:12.606-0500] {credentials.py:1278} INFO - Found credentials in shared credentials file: ~/.aws/credentials
[2025-11-08T13:24:13.779-0500] {processor.py:840} INFO - DAG(s) 'ocr_pipeline_dag' retrieved from /opt/airflow/dags/ocr_pipeline_dag.py
[2025-11-08T13:24:13.850-0500] {logging_mixin.py:188} INFO - [2025-11-08T13:24:13.849-0500] {dag.py:3089} INFO - Sync 1 DAGs
[2025-11-08T13:24:13.881-0500] {logging_mixin.py:188} INFO - [2025-11-08T13:24:13.878-0500] {dag.py:3947} INFO - Setting next_dagrun for ocr_pipeline_dag to None, run_after=None
[2025-11-08T13:24:13.953-0500] {processor.py:183} INFO - Processing /opt/airflow/dags/ocr_pipeline_dag.py took 1.586 seconds
[2025-11-08T13:24:44.501-0500] {processor.py:161} INFO - Started process (PID=900) to work on /opt/airflow/dags/ocr_pipeline_dag.py
[2025-11-08T13:24:44.503-0500] {processor.py:830} INFO - Processing file /opt/airflow/dags/ocr_pipeline_dag.py for tasks to queue
[2025-11-08T13:24:44.507-0500] {logging_mixin.py:188} INFO - [2025-11-08T13:24:44.507-0500] {dagbag.py:545} INFO - Filling up the DagBag from /opt/airflow/dags/ocr_pipeline_dag.py
[2025-11-08T13:24:44.540-0500] {logging_mixin.py:188} INFO - 📂 Using project root: /opt/project
[2025-11-08T13:24:44.839-0500] {logging_mixin.py:188} INFO - [2025-11-08T13:24:44.839-0500] {credentials.py:1278} INFO - Found credentials in shared credentials file: ~/.aws/credentials
[2025-11-08T13:24:45.898-0500] {processor.py:840} INFO - DAG(s) 'ocr_pipeline_dag' retrieved from /opt/airflow/dags/ocr_pipeline_dag.py
[2025-11-08T13:24:45.934-0500] {logging_mixin.py:188} INFO - [2025-11-08T13:24:45.933-0500] {dag.py:3089} INFO - Sync 1 DAGs
[2025-11-08T13:24:45.947-0500] {logging_mixin.py:188} INFO - [2025-11-08T13:24:45.947-0500] {dag.py:3947} INFO - Setting next_dagrun for ocr_pipeline_dag to None, run_after=None
[2025-11-08T13:24:45.976-0500] {processor.py:183} INFO - Processing /opt/airflow/dags/ocr_pipeline_dag.py took 1.491 seconds
[2025-11-08T13:25:16.400-0500] {processor.py:161} INFO - Started process (PID=906) to work on /opt/airflow/dags/ocr_pipeline_dag.py
[2025-11-08T13:25:16.401-0500] {processor.py:830} INFO - Processing file /opt/airflow/dags/ocr_pipeline_dag.py for tasks to queue
[2025-11-08T13:25:16.404-0500] {logging_mixin.py:188} INFO - [2025-11-08T13:25:16.403-0500] {dagbag.py:545} INFO - Filling up the DagBag from /opt/airflow/dags/ocr_pipeline_dag.py
[2025-11-08T13:25:16.424-0500] {logging_mixin.py:188} INFO - 📂 Using project root: /opt/project
[2025-11-08T13:25:16.593-0500] {logging_mixin.py:188} INFO - [2025-11-08T13:25:16.593-0500] {credentials.py:1278} INFO - Found credentials in shared credentials file: ~/.aws/credentials
[2025-11-08T13:25:17.252-0500] {processor.py:840} INFO - DAG(s) 'ocr_pipeline_dag' retrieved from /opt/airflow/dags/ocr_pipeline_dag.py
[2025-11-08T13:25:17.279-0500] {logging_mixin.py:188} INFO - [2025-11-08T13:25:17.279-0500] {dag.py:3089} INFO - Sync 1 DAGs
[2025-11-08T13:25:17.292-0500] {logging_mixin.py:188} INFO - [2025-11-08T13:25:17.292-0500] {dag.py:3947} INFO - Setting next_dagrun for ocr_pipeline_dag to None, run_after=None
[2025-11-08T13:25:17.316-0500] {processor.py:183} INFO - Processing /opt/airflow/dags/ocr_pipeline_dag.py took 0.924 seconds
[2025-11-08T13:25:47.912-0500] {processor.py:161} INFO - Started process (PID=912) to work on /opt/airflow/dags/ocr_pipeline_dag.py
[2025-11-08T13:25:47.918-0500] {processor.py:830} INFO - Processing file /opt/airflow/dags/ocr_pipeline_dag.py for tasks to queue
[2025-11-08T13:25:47.931-0500] {logging_mixin.py:188} INFO - [2025-11-08T13:25:47.929-0500] {dagbag.py:545} INFO - Filling up the DagBag from /opt/airflow/dags/ocr_pipeline_dag.py
[2025-11-08T13:25:47.992-0500] {logging_mixin.py:188} INFO - 📂 Using project root: /opt/project
[2025-11-08T13:25:48.874-0500] {logging_mixin.py:188} INFO - [2025-11-08T13:25:48.873-0500] {credentials.py:1278} INFO - Found credentials in shared credentials file: ~/.aws/credentials
[2025-11-08T13:25:51.701-0500] {processor.py:840} INFO - DAG(s) 'ocr_pipeline_dag' retrieved from /opt/airflow/dags/ocr_pipeline_dag.py
[2025-11-08T13:25:51.829-0500] {logging_mixin.py:188} INFO - [2025-11-08T13:25:51.827-0500] {dag.py:3089} INFO - Sync 1 DAGs
[2025-11-08T13:25:51.889-0500] {logging_mixin.py:188} INFO - [2025-11-08T13:25:51.889-0500] {dag.py:3947} INFO - Setting next_dagrun for ocr_pipeline_dag to None, run_after=None
[2025-11-08T13:25:51.961-0500] {processor.py:183} INFO - Processing /opt/airflow/dags/ocr_pipeline_dag.py took 4.074 seconds
[2025-11-08T13:26:22.533-0500] {processor.py:161} INFO - Started process (PID=918) to work on /opt/airflow/dags/ocr_pipeline_dag.py
[2025-11-08T13:26:22.536-0500] {processor.py:830} INFO - Processing file /opt/airflow/dags/ocr_pipeline_dag.py for tasks to queue
[2025-11-08T13:26:22.540-0500] {logging_mixin.py:188} INFO - [2025-11-08T13:26:22.540-0500] {dagbag.py:545} INFO - Filling up the DagBag from /opt/airflow/dags/ocr_pipeline_dag.py
[2025-11-08T13:26:22.573-0500] {logging_mixin.py:188} INFO - 📂 Using project root: /opt/project
[2025-11-08T13:26:23.022-0500] {logging_mixin.py:188} INFO - [2025-11-08T13:26:23.021-0500] {credentials.py:1278} INFO - Found credentials in shared credentials file: ~/.aws/credentials
[2025-11-08T13:26:24.867-0500] {processor.py:840} INFO - DAG(s) 'ocr_pipeline_dag' retrieved from /opt/airflow/dags/ocr_pipeline_dag.py
[2025-11-08T13:26:25.038-0500] {logging_mixin.py:188} INFO - [2025-11-08T13:26:25.037-0500] {dag.py:3089} INFO - Sync 1 DAGs
[2025-11-08T13:26:25.120-0500] {logging_mixin.py:188} INFO - [2025-11-08T13:26:25.119-0500] {dag.py:3947} INFO - Setting next_dagrun for ocr_pipeline_dag to None, run_after=None
[2025-11-08T13:26:25.169-0500] {processor.py:183} INFO - Processing /opt/airflow/dags/ocr_pipeline_dag.py took 2.663 seconds
[2025-11-08T13:26:56.429-0500] {processor.py:161} INFO - Started process (PID=924) to work on /opt/airflow/dags/ocr_pipeline_dag.py
[2025-11-08T13:26:56.441-0500] {processor.py:830} INFO - Processing file /opt/airflow/dags/ocr_pipeline_dag.py for tasks to queue
[2025-11-08T13:26:56.473-0500] {logging_mixin.py:188} INFO - [2025-11-08T13:26:56.464-0500] {dagbag.py:545} INFO - Filling up the DagBag from /opt/airflow/dags/ocr_pipeline_dag.py
[2025-11-08T13:26:56.558-0500] {logging_mixin.py:188} INFO - 📂 Using project root: /opt/project
[2025-11-08T13:26:57.050-0500] {logging_mixin.py:188} INFO - [2025-11-08T13:26:57.050-0500] {credentials.py:1278} INFO - Found credentials in shared credentials file: ~/.aws/credentials
[2025-11-08T13:26:58.726-0500] {processor.py:840} INFO - DAG(s) 'ocr_pipeline_dag' retrieved from /opt/airflow/dags/ocr_pipeline_dag.py
[2025-11-08T13:26:58.771-0500] {logging_mixin.py:188} INFO - [2025-11-08T13:26:58.770-0500] {dag.py:3089} INFO - Sync 1 DAGs
[2025-11-08T13:26:58.785-0500] {logging_mixin.py:188} INFO - [2025-11-08T13:26:58.785-0500] {dag.py:3947} INFO - Setting next_dagrun for ocr_pipeline_dag to None, run_after=None
[2025-11-08T13:26:58.810-0500] {processor.py:183} INFO - Processing /opt/airflow/dags/ocr_pipeline_dag.py took 2.607 seconds
[2025-11-08T13:27:29.380-0500] {processor.py:161} INFO - Started process (PID=930) to work on /opt/airflow/dags/ocr_pipeline_dag.py
[2025-11-08T13:27:29.388-0500] {processor.py:830} INFO - Processing file /opt/airflow/dags/ocr_pipeline_dag.py for tasks to queue
[2025-11-08T13:27:29.391-0500] {logging_mixin.py:188} INFO - [2025-11-08T13:27:29.391-0500] {dagbag.py:545} INFO - Filling up the DagBag from /opt/airflow/dags/ocr_pipeline_dag.py
[2025-11-08T13:27:29.419-0500] {logging_mixin.py:188} INFO - 📂 Using project root: /opt/project
[2025-11-08T13:27:29.688-0500] {logging_mixin.py:188} INFO - [2025-11-08T13:27:29.687-0500] {credentials.py:1278} INFO - Found credentials in shared credentials file: ~/.aws/credentials
[2025-11-08T13:27:30.857-0500] {processor.py:840} INFO - DAG(s) 'ocr_pipeline_dag' retrieved from /opt/airflow/dags/ocr_pipeline_dag.py
[2025-11-08T13:27:30.912-0500] {logging_mixin.py:188} INFO - [2025-11-08T13:27:30.911-0500] {dag.py:3089} INFO - Sync 1 DAGs
[2025-11-08T13:27:30.933-0500] {logging_mixin.py:188} INFO - [2025-11-08T13:27:30.933-0500] {dag.py:3947} INFO - Setting next_dagrun for ocr_pipeline_dag to None, run_after=None
[2025-11-08T13:27:30.964-0500] {processor.py:183} INFO - Processing /opt/airflow/dags/ocr_pipeline_dag.py took 1.594 seconds
[2025-11-08T13:28:01.180-0500] {processor.py:161} INFO - Started process (PID=936) to work on /opt/airflow/dags/ocr_pipeline_dag.py
[2025-11-08T13:28:01.185-0500] {processor.py:830} INFO - Processing file /opt/airflow/dags/ocr_pipeline_dag.py for tasks to queue
[2025-11-08T13:28:01.188-0500] {logging_mixin.py:188} INFO - [2025-11-08T13:28:01.188-0500] {dagbag.py:545} INFO - Filling up the DagBag from /opt/airflow/dags/ocr_pipeline_dag.py
[2025-11-08T13:28:01.211-0500] {logging_mixin.py:188} INFO - 📂 Using project root: /opt/project
[2025-11-08T13:28:01.434-0500] {logging_mixin.py:188} INFO - [2025-11-08T13:28:01.433-0500] {credentials.py:1278} INFO - Found credentials in shared credentials file: ~/.aws/credentials
[2025-11-08T13:28:02.348-0500] {processor.py:840} INFO - DAG(s) 'ocr_pipeline_dag' retrieved from /opt/airflow/dags/ocr_pipeline_dag.py
[2025-11-08T13:28:02.384-0500] {logging_mixin.py:188} INFO - [2025-11-08T13:28:02.383-0500] {dag.py:3089} INFO - Sync 1 DAGs
[2025-11-08T13:28:02.407-0500] {logging_mixin.py:188} INFO - [2025-11-08T13:28:02.407-0500] {dag.py:3947} INFO - Setting next_dagrun for ocr_pipeline_dag to None, run_after=None
[2025-11-08T13:28:02.441-0500] {processor.py:183} INFO - Processing /opt/airflow/dags/ocr_pipeline_dag.py took 1.274 seconds
[2025-11-08T13:28:32.686-0500] {processor.py:161} INFO - Started process (PID=942) to work on /opt/airflow/dags/ocr_pipeline_dag.py
[2025-11-08T13:28:32.688-0500] {processor.py:830} INFO - Processing file /opt/airflow/dags/ocr_pipeline_dag.py for tasks to queue
[2025-11-08T13:28:32.691-0500] {logging_mixin.py:188} INFO - [2025-11-08T13:28:32.691-0500] {dagbag.py:545} INFO - Filling up the DagBag from /opt/airflow/dags/ocr_pipeline_dag.py
[2025-11-08T13:28:32.711-0500] {logging_mixin.py:188} INFO - 📂 Using project root: /opt/project
[2025-11-08T13:28:32.922-0500] {logging_mixin.py:188} INFO - [2025-11-08T13:28:32.922-0500] {credentials.py:1278} INFO - Found credentials in shared credentials file: ~/.aws/credentials
[2025-11-08T13:28:33.792-0500] {processor.py:840} INFO - DAG(s) 'ocr_pipeline_dag' retrieved from /opt/airflow/dags/ocr_pipeline_dag.py
[2025-11-08T13:28:33.836-0500] {logging_mixin.py:188} INFO - [2025-11-08T13:28:33.836-0500] {dag.py:3089} INFO - Sync 1 DAGs
[2025-11-08T13:28:33.851-0500] {logging_mixin.py:188} INFO - [2025-11-08T13:28:33.851-0500] {dag.py:3947} INFO - Setting next_dagrun for ocr_pipeline_dag to None, run_after=None
[2025-11-08T13:28:33.874-0500] {processor.py:183} INFO - Processing /opt/airflow/dags/ocr_pipeline_dag.py took 1.199 seconds
[2025-11-08T13:29:04.366-0500] {processor.py:161} INFO - Started process (PID=948) to work on /opt/airflow/dags/ocr_pipeline_dag.py
[2025-11-08T13:29:04.367-0500] {processor.py:830} INFO - Processing file /opt/airflow/dags/ocr_pipeline_dag.py for tasks to queue
[2025-11-08T13:29:04.372-0500] {logging_mixin.py:188} INFO - [2025-11-08T13:29:04.371-0500] {dagbag.py:545} INFO - Filling up the DagBag from /opt/airflow/dags/ocr_pipeline_dag.py
[2025-11-08T13:29:04.397-0500] {logging_mixin.py:188} INFO - 📂 Using project root: /opt/project
[2025-11-08T13:29:04.934-0500] {logging_mixin.py:188} INFO - [2025-11-08T13:29:04.933-0500] {credentials.py:1278} INFO - Found credentials in shared credentials file: ~/.aws/credentials
[2025-11-08T13:29:06.145-0500] {processor.py:840} INFO - DAG(s) 'ocr_pipeline_dag' retrieved from /opt/airflow/dags/ocr_pipeline_dag.py
[2025-11-08T13:29:06.190-0500] {logging_mixin.py:188} INFO - [2025-11-08T13:29:06.189-0500] {dag.py:3089} INFO - Sync 1 DAGs
[2025-11-08T13:29:06.207-0500] {logging_mixin.py:188} INFO - [2025-11-08T13:29:06.207-0500] {dag.py:3947} INFO - Setting next_dagrun for ocr_pipeline_dag to None, run_after=None
[2025-11-08T13:29:06.240-0500] {processor.py:183} INFO - Processing /opt/airflow/dags/ocr_pipeline_dag.py took 1.886 seconds
[2025-11-08T13:29:36.762-0500] {processor.py:161} INFO - Started process (PID=954) to work on /opt/airflow/dags/ocr_pipeline_dag.py
[2025-11-08T13:29:36.764-0500] {processor.py:830} INFO - Processing file /opt/airflow/dags/ocr_pipeline_dag.py for tasks to queue
[2025-11-08T13:29:36.766-0500] {logging_mixin.py:188} INFO - [2025-11-08T13:29:36.766-0500] {dagbag.py:545} INFO - Filling up the DagBag from /opt/airflow/dags/ocr_pipeline_dag.py
[2025-11-08T13:29:36.789-0500] {logging_mixin.py:188} INFO - 📂 Using project root: /opt/project
[2025-11-08T13:29:36.996-0500] {logging_mixin.py:188} INFO - [2025-11-08T13:29:36.995-0500] {credentials.py:1278} INFO - Found credentials in shared credentials file: ~/.aws/credentials
[2025-11-08T13:29:38.129-0500] {processor.py:840} INFO - DAG(s) 'ocr_pipeline_dag' retrieved from /opt/airflow/dags/ocr_pipeline_dag.py
[2025-11-08T13:29:38.163-0500] {logging_mixin.py:188} INFO - [2025-11-08T13:29:38.162-0500] {dag.py:3089} INFO - Sync 1 DAGs
[2025-11-08T13:29:38.178-0500] {logging_mixin.py:188} INFO - [2025-11-08T13:29:38.178-0500] {dag.py:3947} INFO - Setting next_dagrun for ocr_pipeline_dag to None, run_after=None
[2025-11-08T13:29:38.212-0500] {processor.py:183} INFO - Processing /opt/airflow/dags/ocr_pipeline_dag.py took 1.458 seconds
[2025-11-08T13:30:08.779-0500] {processor.py:161} INFO - Started process (PID=960) to work on /opt/airflow/dags/ocr_pipeline_dag.py
[2025-11-08T13:30:08.780-0500] {processor.py:830} INFO - Processing file /opt/airflow/dags/ocr_pipeline_dag.py for tasks to queue
[2025-11-08T13:30:08.783-0500] {logging_mixin.py:188} INFO - [2025-11-08T13:30:08.783-0500] {dagbag.py:545} INFO - Filling up the DagBag from /opt/airflow/dags/ocr_pipeline_dag.py
[2025-11-08T13:30:08.802-0500] {logging_mixin.py:188} INFO - 📂 Using project root: /opt/project
[2025-11-08T13:30:08.946-0500] {logging_mixin.py:188} INFO - [2025-11-08T13:30:08.946-0500] {credentials.py:1278} INFO - Found credentials in shared credentials file: ~/.aws/credentials
[2025-11-08T13:30:09.620-0500] {processor.py:840} INFO - DAG(s) 'ocr_pipeline_dag' retrieved from /opt/airflow/dags/ocr_pipeline_dag.py
[2025-11-08T13:30:09.646-0500] {logging_mixin.py:188} INFO - [2025-11-08T13:30:09.646-0500] {dag.py:3089} INFO - Sync 1 DAGs
[2025-11-08T13:30:09.658-0500] {logging_mixin.py:188} INFO - [2025-11-08T13:30:09.657-0500] {dag.py:3947} INFO - Setting next_dagrun for ocr_pipeline_dag to None, run_after=None
[2025-11-08T13:30:09.676-0500] {processor.py:183} INFO - Processing /opt/airflow/dags/ocr_pipeline_dag.py took 0.904 seconds
[2025-11-08T13:30:40.128-0500] {processor.py:161} INFO - Started process (PID=966) to work on /opt/airflow/dags/ocr_pipeline_dag.py
[2025-11-08T13:30:40.129-0500] {processor.py:830} INFO - Processing file /opt/airflow/dags/ocr_pipeline_dag.py for tasks to queue
[2025-11-08T13:30:40.132-0500] {logging_mixin.py:188} INFO - [2025-11-08T13:30:40.132-0500] {dagbag.py:545} INFO - Filling up the DagBag from /opt/airflow/dags/ocr_pipeline_dag.py
[2025-11-08T13:30:40.157-0500] {logging_mixin.py:188} INFO - 📂 Using project root: /opt/project
[2025-11-08T13:30:40.355-0500] {logging_mixin.py:188} INFO - [2025-11-08T13:30:40.355-0500] {credentials.py:1278} INFO - Found credentials in shared credentials file: ~/.aws/credentials
[2025-11-08T13:30:41.116-0500] {processor.py:840} INFO - DAG(s) 'ocr_pipeline_dag' retrieved from /opt/airflow/dags/ocr_pipeline_dag.py
[2025-11-08T13:30:41.163-0500] {logging_mixin.py:188} INFO - [2025-11-08T13:30:41.163-0500] {dag.py:3089} INFO - Sync 1 DAGs
[2025-11-08T13:30:41.177-0500] {logging_mixin.py:188} INFO - [2025-11-08T13:30:41.176-0500] {dag.py:3947} INFO - Setting next_dagrun for ocr_pipeline_dag to None, run_after=None
[2025-11-08T13:30:41.214-0500] {processor.py:183} INFO - Processing /opt/airflow/dags/ocr_pipeline_dag.py took 1.097 seconds
[2025-11-08T13:31:11.556-0500] {processor.py:161} INFO - Started process (PID=972) to work on /opt/airflow/dags/ocr_pipeline_dag.py
[2025-11-08T13:31:11.557-0500] {processor.py:830} INFO - Processing file /opt/airflow/dags/ocr_pipeline_dag.py for tasks to queue
[2025-11-08T13:31:11.561-0500] {logging_mixin.py:188} INFO - [2025-11-08T13:31:11.560-0500] {dagbag.py:545} INFO - Filling up the DagBag from /opt/airflow/dags/ocr_pipeline_dag.py
[2025-11-08T13:31:11.579-0500] {logging_mixin.py:188} INFO - 📂 Using project root: /opt/project
[2025-11-08T13:31:11.739-0500] {logging_mixin.py:188} INFO - [2025-11-08T13:31:11.739-0500] {credentials.py:1278} INFO - Found credentials in shared credentials file: ~/.aws/credentials
[2025-11-08T13:31:12.509-0500] {processor.py:840} INFO - DAG(s) 'ocr_pipeline_dag' retrieved from /opt/airflow/dags/ocr_pipeline_dag.py
[2025-11-08T13:31:12.548-0500] {logging_mixin.py:188} INFO - [2025-11-08T13:31:12.548-0500] {dag.py:3089} INFO - Sync 1 DAGs
[2025-11-08T13:31:12.567-0500] {logging_mixin.py:188} INFO - [2025-11-08T13:31:12.566-0500] {dag.py:3947} INFO - Setting next_dagrun for ocr_pipeline_dag to None, run_after=None
[2025-11-08T13:31:12.609-0500] {processor.py:183} INFO - Processing /opt/airflow/dags/ocr_pipeline_dag.py took 1.061 seconds
[2025-11-08T13:31:43.123-0500] {processor.py:161} INFO - Started process (PID=978) to work on /opt/airflow/dags/ocr_pipeline_dag.py
[2025-11-08T13:31:43.124-0500] {processor.py:830} INFO - Processing file /opt/airflow/dags/ocr_pipeline_dag.py for tasks to queue
[2025-11-08T13:31:43.126-0500] {logging_mixin.py:188} INFO - [2025-11-08T13:31:43.126-0500] {dagbag.py:545} INFO - Filling up the DagBag from /opt/airflow/dags/ocr_pipeline_dag.py
[2025-11-08T13:31:43.142-0500] {logging_mixin.py:188} INFO - 📂 Using project root: /opt/project
[2025-11-08T13:31:43.357-0500] {logging_mixin.py:188} INFO - [2025-11-08T13:31:43.356-0500] {credentials.py:1278} INFO - Found credentials in shared credentials file: ~/.aws/credentials
[2025-11-08T13:31:44.074-0500] {processor.py:840} INFO - DAG(s) 'ocr_pipeline_dag' retrieved from /opt/airflow/dags/ocr_pipeline_dag.py
[2025-11-08T13:31:44.105-0500] {logging_mixin.py:188} INFO - [2025-11-08T13:31:44.104-0500] {dag.py:3089} INFO - Sync 1 DAGs
[2025-11-08T13:31:44.119-0500] {logging_mixin.py:188} INFO - [2025-11-08T13:31:44.119-0500] {dag.py:3947} INFO - Setting next_dagrun for ocr_pipeline_dag to None, run_after=None
[2025-11-08T13:31:44.154-0500] {processor.py:183} INFO - Processing /opt/airflow/dags/ocr_pipeline_dag.py took 1.038 seconds
[2025-11-08T13:32:14.654-0500] {processor.py:161} INFO - Started process (PID=984) to work on /opt/airflow/dags/ocr_pipeline_dag.py
[2025-11-08T13:32:14.655-0500] {processor.py:830} INFO - Processing file /opt/airflow/dags/ocr_pipeline_dag.py for tasks to queue
[2025-11-08T13:32:14.657-0500] {logging_mixin.py:188} INFO - [2025-11-08T13:32:14.657-0500] {dagbag.py:545} INFO - Filling up the DagBag from /opt/airflow/dags/ocr_pipeline_dag.py
[2025-11-08T13:32:14.674-0500] {logging_mixin.py:188} INFO - 📂 Using project root: /opt/project
[2025-11-08T13:32:14.811-0500] {logging_mixin.py:188} INFO - [2025-11-08T13:32:14.810-0500] {credentials.py:1278} INFO - Found credentials in shared credentials file: ~/.aws/credentials
[2025-11-08T13:32:15.614-0500] {processor.py:840} INFO - DAG(s) 'ocr_pipeline_dag' retrieved from /opt/airflow/dags/ocr_pipeline_dag.py
[2025-11-08T13:32:15.638-0500] {logging_mixin.py:188} INFO - [2025-11-08T13:32:15.638-0500] {dag.py:3089} INFO - Sync 1 DAGs
[2025-11-08T13:32:15.652-0500] {logging_mixin.py:188} INFO - [2025-11-08T13:32:15.651-0500] {dag.py:3947} INFO - Setting next_dagrun for ocr_pipeline_dag to None, run_after=None
[2025-11-08T13:32:15.673-0500] {processor.py:183} INFO - Processing /opt/airflow/dags/ocr_pipeline_dag.py took 0.842 seconds
[2025-11-08T13:32:46.343-0500] {processor.py:161} INFO - Started process (PID=990) to work on /opt/airflow/dags/ocr_pipeline_dag.py
[2025-11-08T13:32:46.345-0500] {processor.py:830} INFO - Processing file /opt/airflow/dags/ocr_pipeline_dag.py for tasks to queue
[2025-11-08T13:32:46.348-0500] {logging_mixin.py:188} INFO - [2025-11-08T13:32:46.347-0500] {dagbag.py:545} INFO - Filling up the DagBag from /opt/airflow/dags/ocr_pipeline_dag.py
[2025-11-08T13:32:46.364-0500] {logging_mixin.py:188} INFO - 📂 Using project root: /opt/project
[2025-11-08T13:32:46.527-0500] {logging_mixin.py:188} INFO - [2025-11-08T13:32:46.527-0500] {credentials.py:1278} INFO - Found credentials in shared credentials file: ~/.aws/credentials
[2025-11-08T13:32:47.308-0500] {processor.py:840} INFO - DAG(s) 'ocr_pipeline_dag' retrieved from /opt/airflow/dags/ocr_pipeline_dag.py
[2025-11-08T13:32:47.357-0500] {logging_mixin.py:188} INFO - [2025-11-08T13:32:47.356-0500] {dag.py:3089} INFO - Sync 1 DAGs
[2025-11-08T13:32:47.375-0500] {logging_mixin.py:188} INFO - [2025-11-08T13:32:47.375-0500] {dag.py:3947} INFO - Setting next_dagrun for ocr_pipeline_dag to None, run_after=None
[2025-11-08T13:32:47.408-0500] {processor.py:183} INFO - Processing /opt/airflow/dags/ocr_pipeline_dag.py took 1.071 seconds
[2025-11-08T13:33:18.254-0500] {processor.py:161} INFO - Started process (PID=996) to work on /opt/airflow/dags/ocr_pipeline_dag.py
[2025-11-08T13:33:18.256-0500] {processor.py:830} INFO - Processing file /opt/airflow/dags/ocr_pipeline_dag.py for tasks to queue
[2025-11-08T13:33:18.260-0500] {logging_mixin.py:188} INFO - [2025-11-08T13:33:18.259-0500] {dagbag.py:545} INFO - Filling up the DagBag from /opt/airflow/dags/ocr_pipeline_dag.py
[2025-11-08T13:33:18.281-0500] {logging_mixin.py:188} INFO - 📂 Using project root: /opt/project
[2025-11-08T13:33:18.613-0500] {logging_mixin.py:188} INFO - [2025-11-08T13:33:18.613-0500] {credentials.py:1278} INFO - Found credentials in shared credentials file: ~/.aws/credentials
[2025-11-08T13:33:19.679-0500] {processor.py:840} INFO - DAG(s) 'ocr_pipeline_dag' retrieved from /opt/airflow/dags/ocr_pipeline_dag.py
[2025-11-08T13:33:19.726-0500] {logging_mixin.py:188} INFO - [2025-11-08T13:33:19.726-0500] {dag.py:3089} INFO - Sync 1 DAGs
[2025-11-08T13:33:19.745-0500] {logging_mixin.py:188} INFO - [2025-11-08T13:33:19.745-0500] {dag.py:3947} INFO - Setting next_dagrun for ocr_pipeline_dag to None, run_after=None
[2025-11-08T13:33:19.778-0500] {processor.py:183} INFO - Processing /opt/airflow/dags/ocr_pipeline_dag.py took 1.537 seconds
[2025-11-08T13:33:50.138-0500] {processor.py:161} INFO - Started process (PID=1002) to work on /opt/airflow/dags/ocr_pipeline_dag.py
[2025-11-08T13:33:50.143-0500] {processor.py:830} INFO - Processing file /opt/airflow/dags/ocr_pipeline_dag.py for tasks to queue
[2025-11-08T13:33:50.154-0500] {logging_mixin.py:188} INFO - [2025-11-08T13:33:50.152-0500] {dagbag.py:545} INFO - Filling up the DagBag from /opt/airflow/dags/ocr_pipeline_dag.py
[2025-11-08T13:33:50.185-0500] {logging_mixin.py:188} INFO - 📂 Using project root: /opt/project
[2025-11-08T13:33:50.660-0500] {logging_mixin.py:188} INFO - [2025-11-08T13:33:50.659-0500] {credentials.py:1278} INFO - Found credentials in shared credentials file: ~/.aws/credentials
[2025-11-08T13:33:53.643-0500] {processor.py:840} INFO - DAG(s) 'ocr_pipeline_dag' retrieved from /opt/airflow/dags/ocr_pipeline_dag.py
[2025-11-08T13:33:53.749-0500] {logging_mixin.py:188} INFO - [2025-11-08T13:33:53.748-0500] {dag.py:3089} INFO - Sync 1 DAGs
[2025-11-08T13:33:53.776-0500] {logging_mixin.py:188} INFO - [2025-11-08T13:33:53.776-0500] {dag.py:3947} INFO - Setting next_dagrun for ocr_pipeline_dag to None, run_after=None
[2025-11-08T13:33:53.820-0500] {processor.py:183} INFO - Processing /opt/airflow/dags/ocr_pipeline_dag.py took 3.714 seconds
[2025-11-08T13:34:24.081-0500] {processor.py:161} INFO - Started process (PID=1008) to work on /opt/airflow/dags/ocr_pipeline_dag.py
[2025-11-08T13:34:24.083-0500] {processor.py:830} INFO - Processing file /opt/airflow/dags/ocr_pipeline_dag.py for tasks to queue
[2025-11-08T13:34:24.088-0500] {logging_mixin.py:188} INFO - [2025-11-08T13:34:24.088-0500] {dagbag.py:545} INFO - Filling up the DagBag from /opt/airflow/dags/ocr_pipeline_dag.py
[2025-11-08T13:34:24.113-0500] {logging_mixin.py:188} INFO - 📂 Using project root: /opt/project
[2025-11-08T13:34:24.348-0500] {logging_mixin.py:188} INFO - [2025-11-08T13:34:24.348-0500] {credentials.py:1278} INFO - Found credentials in shared credentials file: ~/.aws/credentials
[2025-11-08T13:34:25.260-0500] {processor.py:840} INFO - DAG(s) 'ocr_pipeline_dag' retrieved from /opt/airflow/dags/ocr_pipeline_dag.py
[2025-11-08T13:34:25.315-0500] {logging_mixin.py:188} INFO - [2025-11-08T13:34:25.314-0500] {dag.py:3089} INFO - Sync 1 DAGs
[2025-11-08T13:34:25.334-0500] {logging_mixin.py:188} INFO - [2025-11-08T13:34:25.334-0500] {dag.py:3947} INFO - Setting next_dagrun for ocr_pipeline_dag to None, run_after=None
[2025-11-08T13:34:25.370-0500] {processor.py:183} INFO - Processing /opt/airflow/dags/ocr_pipeline_dag.py took 1.306 seconds
[2025-11-08T13:34:56.282-0500] {processor.py:161} INFO - Started process (PID=1014) to work on /opt/airflow/dags/ocr_pipeline_dag.py
[2025-11-08T13:34:56.284-0500] {processor.py:830} INFO - Processing file /opt/airflow/dags/ocr_pipeline_dag.py for tasks to queue
[2025-11-08T13:34:56.288-0500] {logging_mixin.py:188} INFO - [2025-11-08T13:34:56.287-0500] {dagbag.py:545} INFO - Filling up the DagBag from /opt/airflow/dags/ocr_pipeline_dag.py
[2025-11-08T13:34:56.306-0500] {logging_mixin.py:188} INFO - 📂 Using project root: /opt/project
[2025-11-08T13:34:56.494-0500] {logging_mixin.py:188} INFO - [2025-11-08T13:34:56.494-0500] {credentials.py:1278} INFO - Found credentials in shared credentials file: ~/.aws/credentials
[2025-11-08T13:34:57.364-0500] {processor.py:840} INFO - DAG(s) 'ocr_pipeline_dag' retrieved from /opt/airflow/dags/ocr_pipeline_dag.py
[2025-11-08T13:34:57.393-0500] {logging_mixin.py:188} INFO - [2025-11-08T13:34:57.393-0500] {dag.py:3089} INFO - Sync 1 DAGs
[2025-11-08T13:34:57.413-0500] {logging_mixin.py:188} INFO - [2025-11-08T13:34:57.413-0500] {dag.py:3947} INFO - Setting next_dagrun for ocr_pipeline_dag to None, run_after=None
[2025-11-08T13:34:57.439-0500] {processor.py:183} INFO - Processing /opt/airflow/dags/ocr_pipeline_dag.py took 1.225 seconds
[2025-11-08T13:35:28.068-0500] {processor.py:161} INFO - Started process (PID=1020) to work on /opt/airflow/dags/ocr_pipeline_dag.py
[2025-11-08T13:35:28.072-0500] {processor.py:830} INFO - Processing file /opt/airflow/dags/ocr_pipeline_dag.py for tasks to queue
[2025-11-08T13:35:28.081-0500] {logging_mixin.py:188} INFO - [2025-11-08T13:35:28.080-0500] {dagbag.py:545} INFO - Filling up the DagBag from /opt/airflow/dags/ocr_pipeline_dag.py
[2025-11-08T13:35:28.103-0500] {logging_mixin.py:188} INFO - 📂 Using project root: /opt/project
[2025-11-08T13:35:28.314-0500] {logging_mixin.py:188} INFO - [2025-11-08T13:35:28.313-0500] {credentials.py:1278} INFO - Found credentials in shared credentials file: ~/.aws/credentials
[2025-11-08T13:35:29.568-0500] {processor.py:840} INFO - DAG(s) 'ocr_pipeline_dag' retrieved from /opt/airflow/dags/ocr_pipeline_dag.py
[2025-11-08T13:35:29.611-0500] {logging_mixin.py:188} INFO - [2025-11-08T13:35:29.610-0500] {dag.py:3089} INFO - Sync 1 DAGs
[2025-11-08T13:35:29.625-0500] {logging_mixin.py:188} INFO - [2025-11-08T13:35:29.625-0500] {dag.py:3947} INFO - Setting next_dagrun for ocr_pipeline_dag to None, run_after=None
[2025-11-08T13:35:29.648-0500] {processor.py:183} INFO - Processing /opt/airflow/dags/ocr_pipeline_dag.py took 1.586 seconds
[2025-11-08T13:36:00.139-0500] {processor.py:161} INFO - Started process (PID=1026) to work on /opt/airflow/dags/ocr_pipeline_dag.py
[2025-11-08T13:36:00.141-0500] {processor.py:830} INFO - Processing file /opt/airflow/dags/ocr_pipeline_dag.py for tasks to queue
[2025-11-08T13:36:00.144-0500] {logging_mixin.py:188} INFO - [2025-11-08T13:36:00.144-0500] {dagbag.py:545} INFO - Filling up the DagBag from /opt/airflow/dags/ocr_pipeline_dag.py
[2025-11-08T13:36:00.176-0500] {logging_mixin.py:188} INFO - 📂 Using project root: /opt/project
[2025-11-08T13:36:00.386-0500] {logging_mixin.py:188} INFO - [2025-11-08T13:36:00.386-0500] {credentials.py:1278} INFO - Found credentials in shared credentials file: ~/.aws/credentials
[2025-11-08T13:36:01.134-0500] {processor.py:840} INFO - DAG(s) 'ocr_pipeline_dag' retrieved from /opt/airflow/dags/ocr_pipeline_dag.py
[2025-11-08T13:36:01.171-0500] {logging_mixin.py:188} INFO - [2025-11-08T13:36:01.171-0500] {dag.py:3089} INFO - Sync 1 DAGs
[2025-11-08T13:36:01.184-0500] {logging_mixin.py:188} INFO - [2025-11-08T13:36:01.184-0500] {dag.py:3947} INFO - Setting next_dagrun for ocr_pipeline_dag to None, run_after=None
[2025-11-08T13:36:01.206-0500] {processor.py:183} INFO - Processing /opt/airflow/dags/ocr_pipeline_dag.py took 1.078 seconds
[2025-11-08T13:36:31.971-0500] {processor.py:161} INFO - Started process (PID=1032) to work on /opt/airflow/dags/ocr_pipeline_dag.py
[2025-11-08T13:36:31.974-0500] {processor.py:830} INFO - Processing file /opt/airflow/dags/ocr_pipeline_dag.py for tasks to queue
[2025-11-08T13:36:31.978-0500] {logging_mixin.py:188} INFO - [2025-11-08T13:36:31.977-0500] {dagbag.py:545} INFO - Filling up the DagBag from /opt/airflow/dags/ocr_pipeline_dag.py
[2025-11-08T13:36:32.001-0500] {logging_mixin.py:188} INFO - 📂 Using project root: /opt/project
[2025-11-08T13:36:32.244-0500] {logging_mixin.py:188} INFO - [2025-11-08T13:36:32.244-0500] {credentials.py:1278} INFO - Found credentials in shared credentials file: ~/.aws/credentials
[2025-11-08T13:36:33.229-0500] {processor.py:840} INFO - DAG(s) 'ocr_pipeline_dag' retrieved from /opt/airflow/dags/ocr_pipeline_dag.py
[2025-11-08T13:36:33.286-0500] {logging_mixin.py:188} INFO - [2025-11-08T13:36:33.285-0500] {dag.py:3089} INFO - Sync 1 DAGs
[2025-11-08T13:36:33.304-0500] {logging_mixin.py:188} INFO - [2025-11-08T13:36:33.303-0500] {dag.py:3947} INFO - Setting next_dagrun for ocr_pipeline_dag to None, run_after=None
[2025-11-08T13:36:33.332-0500] {processor.py:183} INFO - Processing /opt/airflow/dags/ocr_pipeline_dag.py took 1.373 seconds
[2025-11-08T13:37:04.058-0500] {processor.py:161} INFO - Started process (PID=1038) to work on /opt/airflow/dags/ocr_pipeline_dag.py
[2025-11-08T13:37:04.060-0500] {processor.py:830} INFO - Processing file /opt/airflow/dags/ocr_pipeline_dag.py for tasks to queue
[2025-11-08T13:37:04.063-0500] {logging_mixin.py:188} INFO - [2025-11-08T13:37:04.063-0500] {dagbag.py:545} INFO - Filling up the DagBag from /opt/airflow/dags/ocr_pipeline_dag.py
[2025-11-08T13:37:04.085-0500] {logging_mixin.py:188} INFO - 📂 Using project root: /opt/project
[2025-11-08T13:37:04.305-0500] {logging_mixin.py:188} INFO - [2025-11-08T13:37:04.305-0500] {credentials.py:1278} INFO - Found credentials in shared credentials file: ~/.aws/credentials
[2025-11-08T13:37:05.055-0500] {processor.py:840} INFO - DAG(s) 'ocr_pipeline_dag' retrieved from /opt/airflow/dags/ocr_pipeline_dag.py
[2025-11-08T13:37:05.092-0500] {logging_mixin.py:188} INFO - [2025-11-08T13:37:05.092-0500] {dag.py:3089} INFO - Sync 1 DAGs
[2025-11-08T13:37:05.106-0500] {logging_mixin.py:188} INFO - [2025-11-08T13:37:05.105-0500] {dag.py:3947} INFO - Setting next_dagrun for ocr_pipeline_dag to None, run_after=None
[2025-11-08T13:37:05.128-0500] {processor.py:183} INFO - Processing /opt/airflow/dags/ocr_pipeline_dag.py took 1.081 seconds
[2025-11-08T13:37:36.008-0500] {processor.py:161} INFO - Started process (PID=1044) to work on /opt/airflow/dags/ocr_pipeline_dag.py
[2025-11-08T13:37:36.010-0500] {processor.py:830} INFO - Processing file /opt/airflow/dags/ocr_pipeline_dag.py for tasks to queue
[2025-11-08T13:37:36.014-0500] {logging_mixin.py:188} INFO - [2025-11-08T13:37:36.013-0500] {dagbag.py:545} INFO - Filling up the DagBag from /opt/airflow/dags/ocr_pipeline_dag.py
[2025-11-08T13:37:36.041-0500] {logging_mixin.py:188} INFO - 📂 Using project root: /opt/project
[2025-11-08T13:37:36.208-0500] {logging_mixin.py:188} INFO - [2025-11-08T13:37:36.208-0500] {credentials.py:1278} INFO - Found credentials in shared credentials file: ~/.aws/credentials
[2025-11-08T13:37:36.853-0500] {processor.py:840} INFO - DAG(s) 'ocr_pipeline_dag' retrieved from /opt/airflow/dags/ocr_pipeline_dag.py
[2025-11-08T13:37:36.882-0500] {logging_mixin.py:188} INFO - [2025-11-08T13:37:36.881-0500] {dag.py:3089} INFO - Sync 1 DAGs
[2025-11-08T13:37:36.893-0500] {logging_mixin.py:188} INFO - [2025-11-08T13:37:36.893-0500] {dag.py:3947} INFO - Setting next_dagrun for ocr_pipeline_dag to None, run_after=None
[2025-11-08T13:37:36.913-0500] {processor.py:183} INFO - Processing /opt/airflow/dags/ocr_pipeline_dag.py took 0.912 seconds
[2025-11-08T13:38:07.900-0500] {processor.py:161} INFO - Started process (PID=1050) to work on /opt/airflow/dags/ocr_pipeline_dag.py
[2025-11-08T13:38:07.901-0500] {processor.py:830} INFO - Processing file /opt/airflow/dags/ocr_pipeline_dag.py for tasks to queue
[2025-11-08T13:38:07.904-0500] {logging_mixin.py:188} INFO - [2025-11-08T13:38:07.904-0500] {dagbag.py:545} INFO - Filling up the DagBag from /opt/airflow/dags/ocr_pipeline_dag.py
[2025-11-08T13:38:07.922-0500] {logging_mixin.py:188} INFO - 📂 Using project root: /opt/project
[2025-11-08T13:38:08.056-0500] {logging_mixin.py:188} INFO - [2025-11-08T13:38:08.056-0500] {credentials.py:1278} INFO - Found credentials in shared credentials file: ~/.aws/credentials
[2025-11-08T13:38:08.677-0500] {processor.py:840} INFO - DAG(s) 'ocr_pipeline_dag' retrieved from /opt/airflow/dags/ocr_pipeline_dag.py
[2025-11-08T13:38:08.709-0500] {logging_mixin.py:188} INFO - [2025-11-08T13:38:08.708-0500] {dag.py:3089} INFO - Sync 1 DAGs
[2025-11-08T13:38:08.725-0500] {logging_mixin.py:188} INFO - [2025-11-08T13:38:08.725-0500] {dag.py:3947} INFO - Setting next_dagrun for ocr_pipeline_dag to None, run_after=None
[2025-11-08T13:38:08.756-0500] {processor.py:183} INFO - Processing /opt/airflow/dags/ocr_pipeline_dag.py took 0.862 seconds
[2025-11-08T13:38:39.746-0500] {processor.py:161} INFO - Started process (PID=1056) to work on /opt/airflow/dags/ocr_pipeline_dag.py
[2025-11-08T13:38:39.747-0500] {processor.py:830} INFO - Processing file /opt/airflow/dags/ocr_pipeline_dag.py for tasks to queue
[2025-11-08T13:38:39.751-0500] {logging_mixin.py:188} INFO - [2025-11-08T13:38:39.750-0500] {dagbag.py:545} INFO - Filling up the DagBag from /opt/airflow/dags/ocr_pipeline_dag.py
[2025-11-08T13:38:39.770-0500] {logging_mixin.py:188} INFO - 📂 Using project root: /opt/project
[2025-11-08T13:38:39.964-0500] {logging_mixin.py:188} INFO - [2025-11-08T13:38:39.963-0500] {credentials.py:1278} INFO - Found credentials in shared credentials file: ~/.aws/credentials
[2025-11-08T13:38:41.603-0500] {processor.py:840} INFO - DAG(s) 'ocr_pipeline_dag' retrieved from /opt/airflow/dags/ocr_pipeline_dag.py
[2025-11-08T13:38:41.723-0500] {logging_mixin.py:188} INFO - [2025-11-08T13:38:41.722-0500] {dag.py:3089} INFO - Sync 1 DAGs
[2025-11-08T13:38:41.758-0500] {logging_mixin.py:188} INFO - [2025-11-08T13:38:41.758-0500] {dag.py:3947} INFO - Setting next_dagrun for ocr_pipeline_dag to None, run_after=None
[2025-11-08T13:38:41.814-0500] {processor.py:183} INFO - Processing /opt/airflow/dags/ocr_pipeline_dag.py took 2.075 seconds
[2025-11-08T13:39:12.017-0500] {processor.py:161} INFO - Started process (PID=1062) to work on /opt/airflow/dags/ocr_pipeline_dag.py
[2025-11-08T13:39:12.019-0500] {processor.py:830} INFO - Processing file /opt/airflow/dags/ocr_pipeline_dag.py for tasks to queue
[2025-11-08T13:39:12.022-0500] {logging_mixin.py:188} INFO - [2025-11-08T13:39:12.022-0500] {dagbag.py:545} INFO - Filling up the DagBag from /opt/airflow/dags/ocr_pipeline_dag.py
[2025-11-08T13:39:12.044-0500] {logging_mixin.py:188} INFO - 📂 Using project root: /opt/project
[2025-11-08T13:39:12.237-0500] {logging_mixin.py:188} INFO - [2025-11-08T13:39:12.237-0500] {credentials.py:1278} INFO - Found credentials in shared credentials file: ~/.aws/credentials
[2025-11-08T13:39:13.049-0500] {processor.py:840} INFO - DAG(s) 'ocr_pipeline_dag' retrieved from /opt/airflow/dags/ocr_pipeline_dag.py
[2025-11-08T13:39:13.083-0500] {logging_mixin.py:188} INFO - [2025-11-08T13:39:13.083-0500] {dag.py:3089} INFO - Sync 1 DAGs
[2025-11-08T13:39:13.099-0500] {logging_mixin.py:188} INFO - [2025-11-08T13:39:13.099-0500] {dag.py:3947} INFO - Setting next_dagrun for ocr_pipeline_dag to None, run_after=None
[2025-11-08T13:39:13.119-0500] {processor.py:183} INFO - Processing /opt/airflow/dags/ocr_pipeline_dag.py took 1.121 seconds
[2025-11-08T13:39:43.736-0500] {processor.py:161} INFO - Started process (PID=1068) to work on /opt/airflow/dags/ocr_pipeline_dag.py
[2025-11-08T13:39:43.738-0500] {processor.py:830} INFO - Processing file /opt/airflow/dags/ocr_pipeline_dag.py for tasks to queue
[2025-11-08T13:39:43.743-0500] {logging_mixin.py:188} INFO - [2025-11-08T13:39:43.742-0500] {dagbag.py:545} INFO - Filling up the DagBag from /opt/airflow/dags/ocr_pipeline_dag.py
[2025-11-08T13:39:43.758-0500] {logging_mixin.py:188} INFO - 📂 Using project root: /opt/project
[2025-11-08T13:39:43.897-0500] {logging_mixin.py:188} INFO - [2025-11-08T13:39:43.897-0500] {credentials.py:1278} INFO - Found credentials in shared credentials file: ~/.aws/credentials
[2025-11-08T13:39:44.582-0500] {processor.py:840} INFO - DAG(s) 'ocr_pipeline_dag' retrieved from /opt/airflow/dags/ocr_pipeline_dag.py
[2025-11-08T13:39:44.609-0500] {logging_mixin.py:188} INFO - [2025-11-08T13:39:44.608-0500] {dag.py:3089} INFO - Sync 1 DAGs
[2025-11-08T13:39:44.620-0500] {logging_mixin.py:188} INFO - [2025-11-08T13:39:44.620-0500] {dag.py:3947} INFO - Setting next_dagrun for ocr_pipeline_dag to None, run_after=None
[2025-11-08T13:39:44.639-0500] {processor.py:183} INFO - Processing /opt/airflow/dags/ocr_pipeline_dag.py took 0.915 seconds
[2025-11-08T13:40:15.273-0500] {processor.py:161} INFO - Started process (PID=1074) to work on /opt/airflow/dags/ocr_pipeline_dag.py
[2025-11-08T13:40:15.274-0500] {processor.py:830} INFO - Processing file /opt/airflow/dags/ocr_pipeline_dag.py for tasks to queue
[2025-11-08T13:40:15.276-0500] {logging_mixin.py:188} INFO - [2025-11-08T13:40:15.276-0500] {dagbag.py:545} INFO - Filling up the DagBag from /opt/airflow/dags/ocr_pipeline_dag.py
[2025-11-08T13:40:15.291-0500] {logging_mixin.py:188} INFO - 📂 Using project root: /opt/project
[2025-11-08T13:40:15.430-0500] {logging_mixin.py:188} INFO - [2025-11-08T13:40:15.430-0500] {credentials.py:1278} INFO - Found credentials in shared credentials file: ~/.aws/credentials
[2025-11-08T13:40:16.095-0500] {processor.py:840} INFO - DAG(s) 'ocr_pipeline_dag' retrieved from /opt/airflow/dags/ocr_pipeline_dag.py
[2025-11-08T13:40:16.123-0500] {logging_mixin.py:188} INFO - [2025-11-08T13:40:16.123-0500] {dag.py:3089} INFO - Sync 1 DAGs
[2025-11-08T13:40:16.134-0500] {logging_mixin.py:188} INFO - [2025-11-08T13:40:16.133-0500] {dag.py:3947} INFO - Setting next_dagrun for ocr_pipeline_dag to None, run_after=None
[2025-11-08T13:40:16.154-0500] {processor.py:183} INFO - Processing /opt/airflow/dags/ocr_pipeline_dag.py took 0.891 seconds
[2025-11-08T13:40:47.046-0500] {processor.py:161} INFO - Started process (PID=1080) to work on /opt/airflow/dags/ocr_pipeline_dag.py
[2025-11-08T13:40:47.047-0500] {processor.py:830} INFO - Processing file /opt/airflow/dags/ocr_pipeline_dag.py for tasks to queue
[2025-11-08T13:40:47.050-0500] {logging_mixin.py:188} INFO - [2025-11-08T13:40:47.049-0500] {dagbag.py:545} INFO - Filling up the DagBag from /opt/airflow/dags/ocr_pipeline_dag.py
[2025-11-08T13:40:47.064-0500] {logging_mixin.py:188} INFO - 📂 Using project root: /opt/project
[2025-11-08T13:40:47.246-0500] {logging_mixin.py:188} INFO - [2025-11-08T13:40:47.246-0500] {credentials.py:1278} INFO - Found credentials in shared credentials file: ~/.aws/credentials
[2025-11-08T13:40:47.904-0500] {processor.py:840} INFO - DAG(s) 'ocr_pipeline_dag' retrieved from /opt/airflow/dags/ocr_pipeline_dag.py
[2025-11-08T13:40:47.933-0500] {logging_mixin.py:188} INFO - [2025-11-08T13:40:47.932-0500] {dag.py:3089} INFO - Sync 1 DAGs
[2025-11-08T13:40:47.946-0500] {logging_mixin.py:188} INFO - [2025-11-08T13:40:47.945-0500] {dag.py:3947} INFO - Setting next_dagrun for ocr_pipeline_dag to None, run_after=None
[2025-11-08T13:40:47.967-0500] {processor.py:183} INFO - Processing /opt/airflow/dags/ocr_pipeline_dag.py took 0.927 seconds
[2025-11-08T13:41:18.083-0500] {processor.py:161} INFO - Started process (PID=1086) to work on /opt/airflow/dags/ocr_pipeline_dag.py
[2025-11-08T13:41:18.085-0500] {processor.py:830} INFO - Processing file /opt/airflow/dags/ocr_pipeline_dag.py for tasks to queue
[2025-11-08T13:41:18.088-0500] {logging_mixin.py:188} INFO - [2025-11-08T13:41:18.088-0500] {dagbag.py:545} INFO - Filling up the DagBag from /opt/airflow/dags/ocr_pipeline_dag.py
[2025-11-08T13:41:18.108-0500] {logging_mixin.py:188} INFO - 📂 Using project root: /opt/project
[2025-11-08T13:41:18.325-0500] {logging_mixin.py:188} INFO - [2025-11-08T13:41:18.324-0500] {credentials.py:1278} INFO - Found credentials in shared credentials file: ~/.aws/credentials
[2025-11-08T13:41:19.633-0500] {processor.py:840} INFO - DAG(s) 'ocr_pipeline_dag' retrieved from /opt/airflow/dags/ocr_pipeline_dag.py
[2025-11-08T13:41:19.688-0500] {logging_mixin.py:188} INFO - [2025-11-08T13:41:19.687-0500] {dag.py:3089} INFO - Sync 1 DAGs
[2025-11-08T13:41:19.707-0500] {logging_mixin.py:188} INFO - [2025-11-08T13:41:19.707-0500] {dag.py:3947} INFO - Setting next_dagrun for ocr_pipeline_dag to None, run_after=None
[2025-11-08T13:41:19.738-0500] {processor.py:183} INFO - Processing /opt/airflow/dags/ocr_pipeline_dag.py took 1.667 seconds
[2025-11-08T13:41:49.998-0500] {processor.py:161} INFO - Started process (PID=1092) to work on /opt/airflow/dags/ocr_pipeline_dag.py
[2025-11-08T13:41:49.999-0500] {processor.py:830} INFO - Processing file /opt/airflow/dags/ocr_pipeline_dag.py for tasks to queue
[2025-11-08T13:41:50.002-0500] {logging_mixin.py:188} INFO - [2025-11-08T13:41:50.001-0500] {dagbag.py:545} INFO - Filling up the DagBag from /opt/airflow/dags/ocr_pipeline_dag.py
[2025-11-08T13:41:50.018-0500] {logging_mixin.py:188} INFO - 📂 Using project root: /opt/project
[2025-11-08T13:41:50.217-0500] {logging_mixin.py:188} INFO - [2025-11-08T13:41:50.216-0500] {credentials.py:1278} INFO - Found credentials in shared credentials file: ~/.aws/credentials
[2025-11-08T13:41:51.110-0500] {processor.py:840} INFO - DAG(s) 'ocr_pipeline_dag' retrieved from /opt/airflow/dags/ocr_pipeline_dag.py
[2025-11-08T13:41:51.236-0500] {logging_mixin.py:188} INFO - [2025-11-08T13:41:51.235-0500] {dag.py:3089} INFO - Sync 1 DAGs
[2025-11-08T13:41:51.297-0500] {logging_mixin.py:188} INFO - [2025-11-08T13:41:51.297-0500] {dag.py:3947} INFO - Setting next_dagrun for ocr_pipeline_dag to None, run_after=None
[2025-11-08T13:41:51.425-0500] {processor.py:183} INFO - Processing /opt/airflow/dags/ocr_pipeline_dag.py took 1.438 seconds
[2025-11-08T13:42:21.839-0500] {processor.py:161} INFO - Started process (PID=1098) to work on /opt/airflow/dags/ocr_pipeline_dag.py
[2025-11-08T13:42:21.840-0500] {processor.py:830} INFO - Processing file /opt/airflow/dags/ocr_pipeline_dag.py for tasks to queue
[2025-11-08T13:42:21.844-0500] {logging_mixin.py:188} INFO - [2025-11-08T13:42:21.844-0500] {dagbag.py:545} INFO - Filling up the DagBag from /opt/airflow/dags/ocr_pipeline_dag.py
[2025-11-08T13:42:21.863-0500] {logging_mixin.py:188} INFO - 📂 Using project root: /opt/project
[2025-11-08T13:42:22.027-0500] {logging_mixin.py:188} INFO - [2025-11-08T13:42:22.027-0500] {credentials.py:1278} INFO - Found credentials in shared credentials file: ~/.aws/credentials
[2025-11-08T13:42:22.647-0500] {processor.py:840} INFO - DAG(s) 'ocr_pipeline_dag' retrieved from /opt/airflow/dags/ocr_pipeline_dag.py
[2025-11-08T13:42:22.679-0500] {logging_mixin.py:188} INFO - [2025-11-08T13:42:22.678-0500] {dag.py:3089} INFO - Sync 1 DAGs
[2025-11-08T13:42:22.693-0500] {logging_mixin.py:188} INFO - [2025-11-08T13:42:22.692-0500] {dag.py:3947} INFO - Setting next_dagrun for ocr_pipeline_dag to None, run_after=None
[2025-11-08T13:42:22.711-0500] {processor.py:183} INFO - Processing /opt/airflow/dags/ocr_pipeline_dag.py took 0.879 seconds
[2025-11-08T13:42:52.995-0500] {processor.py:161} INFO - Started process (PID=1104) to work on /opt/airflow/dags/ocr_pipeline_dag.py
[2025-11-08T13:42:52.996-0500] {processor.py:830} INFO - Processing file /opt/airflow/dags/ocr_pipeline_dag.py for tasks to queue
[2025-11-08T13:42:52.998-0500] {logging_mixin.py:188} INFO - [2025-11-08T13:42:52.998-0500] {dagbag.py:545} INFO - Filling up the DagBag from /opt/airflow/dags/ocr_pipeline_dag.py
[2025-11-08T13:42:53.017-0500] {logging_mixin.py:188} INFO - 📂 Using project root: /opt/project
[2025-11-08T13:42:53.170-0500] {logging_mixin.py:188} INFO - [2025-11-08T13:42:53.170-0500] {credentials.py:1278} INFO - Found credentials in shared credentials file: ~/.aws/credentials
[2025-11-08T13:42:53.852-0500] {processor.py:840} INFO - DAG(s) 'ocr_pipeline_dag' retrieved from /opt/airflow/dags/ocr_pipeline_dag.py
[2025-11-08T13:42:53.880-0500] {logging_mixin.py:188} INFO - [2025-11-08T13:42:53.880-0500] {dag.py:3089} INFO - Sync 1 DAGs
[2025-11-08T13:42:53.892-0500] {logging_mixin.py:188} INFO - [2025-11-08T13:42:53.892-0500] {dag.py:3947} INFO - Setting next_dagrun for ocr_pipeline_dag to None, run_after=None
[2025-11-08T13:42:53.914-0500] {processor.py:183} INFO - Processing /opt/airflow/dags/ocr_pipeline_dag.py took 0.926 seconds
[2025-11-08T13:43:24.351-0500] {processor.py:161} INFO - Started process (PID=1110) to work on /opt/airflow/dags/ocr_pipeline_dag.py
[2025-11-08T13:43:24.353-0500] {processor.py:830} INFO - Processing file /opt/airflow/dags/ocr_pipeline_dag.py for tasks to queue
[2025-11-08T13:43:24.360-0500] {logging_mixin.py:188} INFO - [2025-11-08T13:43:24.359-0500] {dagbag.py:545} INFO - Filling up the DagBag from /opt/airflow/dags/ocr_pipeline_dag.py
[2025-11-08T13:43:24.385-0500] {logging_mixin.py:188} INFO - 📂 Using project root: /opt/project
[2025-11-08T13:43:24.629-0500] {logging_mixin.py:188} INFO - [2025-11-08T13:43:24.628-0500] {credentials.py:1278} INFO - Found credentials in shared credentials file: ~/.aws/credentials
[2025-11-08T13:43:25.469-0500] {processor.py:840} INFO - DAG(s) 'ocr_pipeline_dag' retrieved from /opt/airflow/dags/ocr_pipeline_dag.py
[2025-11-08T13:43:25.505-0500] {logging_mixin.py:188} INFO - [2025-11-08T13:43:25.505-0500] {dag.py:3089} INFO - Sync 1 DAGs
[2025-11-08T13:43:25.520-0500] {logging_mixin.py:188} INFO - [2025-11-08T13:43:25.520-0500] {dag.py:3947} INFO - Setting next_dagrun for ocr_pipeline_dag to None, run_after=None
[2025-11-08T13:43:25.549-0500] {processor.py:183} INFO - Processing /opt/airflow/dags/ocr_pipeline_dag.py took 1.205 seconds
[2025-11-08T13:43:56.249-0500] {processor.py:161} INFO - Started process (PID=1116) to work on /opt/airflow/dags/ocr_pipeline_dag.py
[2025-11-08T13:43:56.250-0500] {processor.py:830} INFO - Processing file /opt/airflow/dags/ocr_pipeline_dag.py for tasks to queue
[2025-11-08T13:43:56.253-0500] {logging_mixin.py:188} INFO - [2025-11-08T13:43:56.253-0500] {dagbag.py:545} INFO - Filling up the DagBag from /opt/airflow/dags/ocr_pipeline_dag.py
[2025-11-08T13:43:56.272-0500] {logging_mixin.py:188} INFO - 📂 Using project root: /opt/project
[2025-11-08T13:43:56.480-0500] {logging_mixin.py:188} INFO - [2025-11-08T13:43:56.479-0500] {credentials.py:1278} INFO - Found credentials in shared credentials file: ~/.aws/credentials
[2025-11-08T13:43:57.329-0500] {processor.py:840} INFO - DAG(s) 'ocr_pipeline_dag' retrieved from /opt/airflow/dags/ocr_pipeline_dag.py
[2025-11-08T13:43:57.365-0500] {logging_mixin.py:188} INFO - [2025-11-08T13:43:57.364-0500] {dag.py:3089} INFO - Sync 1 DAGs
[2025-11-08T13:43:57.382-0500] {logging_mixin.py:188} INFO - [2025-11-08T13:43:57.382-0500] {dag.py:3947} INFO - Setting next_dagrun for ocr_pipeline_dag to None, run_after=None
[2025-11-08T13:43:57.406-0500] {processor.py:183} INFO - Processing /opt/airflow/dags/ocr_pipeline_dag.py took 1.165 seconds
[2025-11-08T13:44:28.156-0500] {processor.py:161} INFO - Started process (PID=1122) to work on /opt/airflow/dags/ocr_pipeline_dag.py
[2025-11-08T13:44:28.158-0500] {processor.py:830} INFO - Processing file /opt/airflow/dags/ocr_pipeline_dag.py for tasks to queue
[2025-11-08T13:44:28.163-0500] {logging_mixin.py:188} INFO - [2025-11-08T13:44:28.163-0500] {dagbag.py:545} INFO - Filling up the DagBag from /opt/airflow/dags/ocr_pipeline_dag.py
[2025-11-08T13:44:28.194-0500] {logging_mixin.py:188} INFO - 📂 Using project root: /opt/project
[2025-11-08T13:44:29.107-0500] {logging_mixin.py:188} INFO - [2025-11-08T13:44:29.106-0500] {credentials.py:1278} INFO - Found credentials in shared credentials file: ~/.aws/credentials
[2025-11-08T13:44:30.364-0500] {processor.py:840} INFO - DAG(s) 'ocr_pipeline_dag' retrieved from /opt/airflow/dags/ocr_pipeline_dag.py
[2025-11-08T13:44:30.407-0500] {logging_mixin.py:188} INFO - [2025-11-08T13:44:30.406-0500] {dag.py:3089} INFO - Sync 1 DAGs
[2025-11-08T13:44:30.425-0500] {logging_mixin.py:188} INFO - [2025-11-08T13:44:30.425-0500] {dag.py:3947} INFO - Setting next_dagrun for ocr_pipeline_dag to None, run_after=None
[2025-11-08T13:44:30.454-0500] {processor.py:183} INFO - Processing /opt/airflow/dags/ocr_pipeline_dag.py took 1.651 seconds
[2025-11-08T13:45:00.641-0500] {processor.py:161} INFO - Started process (PID=1128) to work on /opt/airflow/dags/ocr_pipeline_dag.py
[2025-11-08T13:45:00.647-0500] {processor.py:830} INFO - Processing file /opt/airflow/dags/ocr_pipeline_dag.py for tasks to queue
[2025-11-08T13:45:00.651-0500] {logging_mixin.py:188} INFO - [2025-11-08T13:45:00.651-0500] {dagbag.py:545} INFO - Filling up the DagBag from /opt/airflow/dags/ocr_pipeline_dag.py
[2025-11-08T13:45:00.671-0500] {logging_mixin.py:188} INFO - 📂 Using project root: /opt/project
[2025-11-08T13:45:00.861-0500] {logging_mixin.py:188} INFO - [2025-11-08T13:45:00.860-0500] {credentials.py:1278} INFO - Found credentials in shared credentials file: ~/.aws/credentials
[2025-11-08T13:45:01.646-0500] {processor.py:840} INFO - DAG(s) 'ocr_pipeline_dag' retrieved from /opt/airflow/dags/ocr_pipeline_dag.py
[2025-11-08T13:45:01.684-0500] {logging_mixin.py:188} INFO - [2025-11-08T13:45:01.683-0500] {dag.py:3089} INFO - Sync 1 DAGs
[2025-11-08T13:45:01.701-0500] {logging_mixin.py:188} INFO - [2025-11-08T13:45:01.701-0500] {dag.py:3947} INFO - Setting next_dagrun for ocr_pipeline_dag to None, run_after=None
[2025-11-08T13:45:01.730-0500] {processor.py:183} INFO - Processing /opt/airflow/dags/ocr_pipeline_dag.py took 1.098 seconds
[2025-11-08T13:45:32.606-0500] {processor.py:161} INFO - Started process (PID=1134) to work on /opt/airflow/dags/ocr_pipeline_dag.py
[2025-11-08T13:45:32.608-0500] {processor.py:830} INFO - Processing file /opt/airflow/dags/ocr_pipeline_dag.py for tasks to queue
[2025-11-08T13:45:32.611-0500] {logging_mixin.py:188} INFO - [2025-11-08T13:45:32.611-0500] {dagbag.py:545} INFO - Filling up the DagBag from /opt/airflow/dags/ocr_pipeline_dag.py
[2025-11-08T13:45:32.629-0500] {logging_mixin.py:188} INFO - 📂 Using project root: /opt/project
[2025-11-08T13:45:32.783-0500] {logging_mixin.py:188} INFO - [2025-11-08T13:45:32.783-0500] {credentials.py:1278} INFO - Found credentials in shared credentials file: ~/.aws/credentials
[2025-11-08T13:45:33.430-0500] {processor.py:840} INFO - DAG(s) 'ocr_pipeline_dag' retrieved from /opt/airflow/dags/ocr_pipeline_dag.py
[2025-11-08T13:45:33.470-0500] {logging_mixin.py:188} INFO - [2025-11-08T13:45:33.470-0500] {dag.py:3089} INFO - Sync 1 DAGs
[2025-11-08T13:45:33.484-0500] {logging_mixin.py:188} INFO - [2025-11-08T13:45:33.484-0500] {dag.py:3947} INFO - Setting next_dagrun for ocr_pipeline_dag to None, run_after=None
[2025-11-08T13:45:33.505-0500] {processor.py:183} INFO - Processing /opt/airflow/dags/ocr_pipeline_dag.py took 0.906 seconds
[2025-11-08T13:46:03.612-0500] {processor.py:161} INFO - Started process (PID=1140) to work on /opt/airflow/dags/ocr_pipeline_dag.py
[2025-11-08T13:46:03.614-0500] {processor.py:830} INFO - Processing file /opt/airflow/dags/ocr_pipeline_dag.py for tasks to queue
[2025-11-08T13:46:03.617-0500] {logging_mixin.py:188} INFO - [2025-11-08T13:46:03.616-0500] {dagbag.py:545} INFO - Filling up the DagBag from /opt/airflow/dags/ocr_pipeline_dag.py
[2025-11-08T13:46:03.633-0500] {logging_mixin.py:188} INFO - 📂 Using project root: /opt/project
[2025-11-08T13:46:03.780-0500] {logging_mixin.py:188} INFO - [2025-11-08T13:46:03.780-0500] {credentials.py:1278} INFO - Found credentials in shared credentials file: ~/.aws/credentials
[2025-11-08T13:46:04.474-0500] {processor.py:840} INFO - DAG(s) 'ocr_pipeline_dag' retrieved from /opt/airflow/dags/ocr_pipeline_dag.py
[2025-11-08T13:46:04.504-0500] {logging_mixin.py:188} INFO - [2025-11-08T13:46:04.504-0500] {dag.py:3089} INFO - Sync 1 DAGs
[2025-11-08T13:46:04.517-0500] {logging_mixin.py:188} INFO - [2025-11-08T13:46:04.517-0500] {dag.py:3947} INFO - Setting next_dagrun for ocr_pipeline_dag to None, run_after=None
[2025-11-08T13:46:04.540-0500] {processor.py:183} INFO - Processing /opt/airflow/dags/ocr_pipeline_dag.py took 0.934 seconds
[2025-11-08T13:46:35.456-0500] {processor.py:161} INFO - Started process (PID=1146) to work on /opt/airflow/dags/ocr_pipeline_dag.py
[2025-11-08T13:46:35.458-0500] {processor.py:830} INFO - Processing file /opt/airflow/dags/ocr_pipeline_dag.py for tasks to queue
[2025-11-08T13:46:35.460-0500] {logging_mixin.py:188} INFO - [2025-11-08T13:46:35.460-0500] {dagbag.py:545} INFO - Filling up the DagBag from /opt/airflow/dags/ocr_pipeline_dag.py
[2025-11-08T13:46:35.474-0500] {logging_mixin.py:188} INFO - 📂 Using project root: /opt/project
[2025-11-08T13:46:35.614-0500] {logging_mixin.py:188} INFO - [2025-11-08T13:46:35.613-0500] {credentials.py:1278} INFO - Found credentials in shared credentials file: ~/.aws/credentials
[2025-11-08T13:46:36.299-0500] {processor.py:840} INFO - DAG(s) 'ocr_pipeline_dag' retrieved from /opt/airflow/dags/ocr_pipeline_dag.py
[2025-11-08T13:46:36.325-0500] {logging_mixin.py:188} INFO - [2025-11-08T13:46:36.324-0500] {dag.py:3089} INFO - Sync 1 DAGs
[2025-11-08T13:46:36.335-0500] {logging_mixin.py:188} INFO - [2025-11-08T13:46:36.335-0500] {dag.py:3947} INFO - Setting next_dagrun for ocr_pipeline_dag to None, run_after=None
[2025-11-08T13:46:36.356-0500] {processor.py:183} INFO - Processing /opt/airflow/dags/ocr_pipeline_dag.py took 0.906 seconds
[2025-11-08T13:47:07.344-0500] {processor.py:161} INFO - Started process (PID=1152) to work on /opt/airflow/dags/ocr_pipeline_dag.py
[2025-11-08T13:47:07.346-0500] {processor.py:830} INFO - Processing file /opt/airflow/dags/ocr_pipeline_dag.py for tasks to queue
[2025-11-08T13:47:07.348-0500] {logging_mixin.py:188} INFO - [2025-11-08T13:47:07.348-0500] {dagbag.py:545} INFO - Filling up the DagBag from /opt/airflow/dags/ocr_pipeline_dag.py
[2025-11-08T13:47:07.371-0500] {logging_mixin.py:188} INFO - 📂 Using project root: /opt/project
[2025-11-08T13:47:07.589-0500] {logging_mixin.py:188} INFO - [2025-11-08T13:47:07.589-0500] {credentials.py:1278} INFO - Found credentials in shared credentials file: ~/.aws/credentials
[2025-11-08T13:47:08.482-0500] {processor.py:840} INFO - DAG(s) 'ocr_pipeline_dag' retrieved from /opt/airflow/dags/ocr_pipeline_dag.py
[2025-11-08T13:47:08.520-0500] {logging_mixin.py:188} INFO - [2025-11-08T13:47:08.520-0500] {dag.py:3089} INFO - Sync 1 DAGs
[2025-11-08T13:47:08.538-0500] {logging_mixin.py:188} INFO - [2025-11-08T13:47:08.537-0500] {dag.py:3947} INFO - Setting next_dagrun for ocr_pipeline_dag to None, run_after=None
[2025-11-08T13:47:08.564-0500] {processor.py:183} INFO - Processing /opt/airflow/dags/ocr_pipeline_dag.py took 1.230 seconds
[2025-11-08T13:47:39.399-0500] {processor.py:161} INFO - Started process (PID=1158) to work on /opt/airflow/dags/ocr_pipeline_dag.py
[2025-11-08T13:47:39.400-0500] {processor.py:830} INFO - Processing file /opt/airflow/dags/ocr_pipeline_dag.py for tasks to queue
[2025-11-08T13:47:39.404-0500] {logging_mixin.py:188} INFO - [2025-11-08T13:47:39.403-0500] {dagbag.py:545} INFO - Filling up the DagBag from /opt/airflow/dags/ocr_pipeline_dag.py
[2025-11-08T13:47:39.427-0500] {logging_mixin.py:188} INFO - 📂 Using project root: /opt/project
[2025-11-08T13:47:39.724-0500] {logging_mixin.py:188} INFO - [2025-11-08T13:47:39.724-0500] {credentials.py:1278} INFO - Found credentials in shared credentials file: ~/.aws/credentials
[2025-11-08T13:47:40.399-0500] {processor.py:840} INFO - DAG(s) 'ocr_pipeline_dag' retrieved from /opt/airflow/dags/ocr_pipeline_dag.py
[2025-11-08T13:47:40.429-0500] {logging_mixin.py:188} INFO - [2025-11-08T13:47:40.429-0500] {dag.py:3089} INFO - Sync 1 DAGs
[2025-11-08T13:47:40.441-0500] {logging_mixin.py:188} INFO - [2025-11-08T13:47:40.441-0500] {dag.py:3947} INFO - Setting next_dagrun for ocr_pipeline_dag to None, run_after=None
[2025-11-08T13:47:40.462-0500] {processor.py:183} INFO - Processing /opt/airflow/dags/ocr_pipeline_dag.py took 1.074 seconds
[2025-11-08T13:48:10.594-0500] {processor.py:161} INFO - Started process (PID=1164) to work on /opt/airflow/dags/ocr_pipeline_dag.py
[2025-11-08T13:48:10.596-0500] {processor.py:830} INFO - Processing file /opt/airflow/dags/ocr_pipeline_dag.py for tasks to queue
[2025-11-08T13:48:10.598-0500] {logging_mixin.py:188} INFO - [2025-11-08T13:48:10.598-0500] {dagbag.py:545} INFO - Filling up the DagBag from /opt/airflow/dags/ocr_pipeline_dag.py
[2025-11-08T13:48:10.618-0500] {logging_mixin.py:188} INFO - 📂 Using project root: /opt/project
[2025-11-08T13:48:10.795-0500] {logging_mixin.py:188} INFO - [2025-11-08T13:48:10.795-0500] {credentials.py:1278} INFO - Found credentials in shared credentials file: ~/.aws/credentials
[2025-11-08T13:48:11.487-0500] {processor.py:840} INFO - DAG(s) 'ocr_pipeline_dag' retrieved from /opt/airflow/dags/ocr_pipeline_dag.py
[2025-11-08T13:48:11.517-0500] {logging_mixin.py:188} INFO - [2025-11-08T13:48:11.517-0500] {dag.py:3089} INFO - Sync 1 DAGs
[2025-11-08T13:48:11.529-0500] {logging_mixin.py:188} INFO - [2025-11-08T13:48:11.529-0500] {dag.py:3947} INFO - Setting next_dagrun for ocr_pipeline_dag to None, run_after=None
[2025-11-08T13:48:11.551-0500] {processor.py:183} INFO - Processing /opt/airflow/dags/ocr_pipeline_dag.py took 0.964 seconds
[2025-11-08T13:48:42.572-0500] {processor.py:161} INFO - Started process (PID=1170) to work on /opt/airflow/dags/ocr_pipeline_dag.py
[2025-11-08T13:48:42.574-0500] {processor.py:830} INFO - Processing file /opt/airflow/dags/ocr_pipeline_dag.py for tasks to queue
[2025-11-08T13:48:42.576-0500] {logging_mixin.py:188} INFO - [2025-11-08T13:48:42.576-0500] {dagbag.py:545} INFO - Filling up the DagBag from /opt/airflow/dags/ocr_pipeline_dag.py
[2025-11-08T13:48:42.594-0500] {logging_mixin.py:188} INFO - 📂 Using project root: /opt/project
[2025-11-08T13:48:42.752-0500] {logging_mixin.py:188} INFO - [2025-11-08T13:48:42.752-0500] {credentials.py:1278} INFO - Found credentials in shared credentials file: ~/.aws/credentials
[2025-11-08T13:48:43.405-0500] {processor.py:840} INFO - DAG(s) 'ocr_pipeline_dag' retrieved from /opt/airflow/dags/ocr_pipeline_dag.py
[2025-11-08T13:48:43.429-0500] {logging_mixin.py:188} INFO - [2025-11-08T13:48:43.429-0500] {dag.py:3089} INFO - Sync 1 DAGs
[2025-11-08T13:48:43.440-0500] {logging_mixin.py:188} INFO - [2025-11-08T13:48:43.440-0500] {dag.py:3947} INFO - Setting next_dagrun for ocr_pipeline_dag to None, run_after=None
[2025-11-08T13:48:43.459-0500] {processor.py:183} INFO - Processing /opt/airflow/dags/ocr_pipeline_dag.py took 0.895 seconds
[2025-11-08T13:49:14.465-0500] {processor.py:161} INFO - Started process (PID=1176) to work on /opt/airflow/dags/ocr_pipeline_dag.py
[2025-11-08T13:49:14.469-0500] {processor.py:830} INFO - Processing file /opt/airflow/dags/ocr_pipeline_dag.py for tasks to queue
[2025-11-08T13:49:14.473-0500] {logging_mixin.py:188} INFO - [2025-11-08T13:49:14.472-0500] {dagbag.py:545} INFO - Filling up the DagBag from /opt/airflow/dags/ocr_pipeline_dag.py
[2025-11-08T13:49:14.498-0500] {logging_mixin.py:188} INFO - 📂 Using project root: /opt/project
[2025-11-08T13:49:14.712-0500] {logging_mixin.py:188} INFO - [2025-11-08T13:49:14.712-0500] {credentials.py:1278} INFO - Found credentials in shared credentials file: ~/.aws/credentials
[2025-11-08T13:49:15.782-0500] {processor.py:840} INFO - DAG(s) 'ocr_pipeline_dag' retrieved from /opt/airflow/dags/ocr_pipeline_dag.py
[2025-11-08T13:49:15.828-0500] {logging_mixin.py:188} INFO - [2025-11-08T13:49:15.827-0500] {dag.py:3089} INFO - Sync 1 DAGs
[2025-11-08T13:49:15.851-0500] {logging_mixin.py:188} INFO - [2025-11-08T13:49:15.851-0500] {dag.py:3947} INFO - Setting next_dagrun for ocr_pipeline_dag to None, run_after=None
[2025-11-08T13:49:15.882-0500] {processor.py:183} INFO - Processing /opt/airflow/dags/ocr_pipeline_dag.py took 1.430 seconds
[2025-11-08T13:49:46.454-0500] {processor.py:161} INFO - Started process (PID=1182) to work on /opt/airflow/dags/ocr_pipeline_dag.py
[2025-11-08T13:49:46.455-0500] {processor.py:830} INFO - Processing file /opt/airflow/dags/ocr_pipeline_dag.py for tasks to queue
[2025-11-08T13:49:46.458-0500] {logging_mixin.py:188} INFO - [2025-11-08T13:49:46.457-0500] {dagbag.py:545} INFO - Filling up the DagBag from /opt/airflow/dags/ocr_pipeline_dag.py
[2025-11-08T13:49:46.474-0500] {logging_mixin.py:188} INFO - 📂 Using project root: /opt/project
[2025-11-08T13:49:46.632-0500] {logging_mixin.py:188} INFO - [2025-11-08T13:49:46.631-0500] {credentials.py:1278} INFO - Found credentials in shared credentials file: ~/.aws/credentials
[2025-11-08T13:49:47.274-0500] {processor.py:840} INFO - DAG(s) 'ocr_pipeline_dag' retrieved from /opt/airflow/dags/ocr_pipeline_dag.py
[2025-11-08T13:49:47.298-0500] {logging_mixin.py:188} INFO - [2025-11-08T13:49:47.298-0500] {dag.py:3089} INFO - Sync 1 DAGs
[2025-11-08T13:49:47.310-0500] {logging_mixin.py:188} INFO - [2025-11-08T13:49:47.309-0500] {dag.py:3947} INFO - Setting next_dagrun for ocr_pipeline_dag to None, run_after=None
[2025-11-08T13:49:47.327-0500] {processor.py:183} INFO - Processing /opt/airflow/dags/ocr_pipeline_dag.py took 0.880 seconds
[2025-11-08T13:50:17.831-0500] {processor.py:161} INFO - Started process (PID=1188) to work on /opt/airflow/dags/ocr_pipeline_dag.py
[2025-11-08T13:50:17.832-0500] {processor.py:830} INFO - Processing file /opt/airflow/dags/ocr_pipeline_dag.py for tasks to queue
[2025-11-08T13:50:17.835-0500] {logging_mixin.py:188} INFO - [2025-11-08T13:50:17.834-0500] {dagbag.py:545} INFO - Filling up the DagBag from /opt/airflow/dags/ocr_pipeline_dag.py
[2025-11-08T13:50:17.852-0500] {logging_mixin.py:188} INFO - 📂 Using project root: /opt/project
[2025-11-08T13:50:18.019-0500] {logging_mixin.py:188} INFO - [2025-11-08T13:50:18.018-0500] {credentials.py:1278} INFO - Found credentials in shared credentials file: ~/.aws/credentials
[2025-11-08T13:50:18.716-0500] {processor.py:840} INFO - DAG(s) 'ocr_pipeline_dag' retrieved from /opt/airflow/dags/ocr_pipeline_dag.py
[2025-11-08T13:50:18.753-0500] {logging_mixin.py:188} INFO - [2025-11-08T13:50:18.752-0500] {dag.py:3089} INFO - Sync 1 DAGs
[2025-11-08T13:50:18.770-0500] {logging_mixin.py:188} INFO - [2025-11-08T13:50:18.769-0500] {dag.py:3947} INFO - Setting next_dagrun for ocr_pipeline_dag to None, run_after=None
[2025-11-08T13:50:18.798-0500] {processor.py:183} INFO - Processing /opt/airflow/dags/ocr_pipeline_dag.py took 0.973 seconds
[2025-11-08T13:50:49.779-0500] {processor.py:161} INFO - Started process (PID=1194) to work on /opt/airflow/dags/ocr_pipeline_dag.py
[2025-11-08T13:50:49.781-0500] {processor.py:830} INFO - Processing file /opt/airflow/dags/ocr_pipeline_dag.py for tasks to queue
[2025-11-08T13:50:49.784-0500] {logging_mixin.py:188} INFO - [2025-11-08T13:50:49.784-0500] {dagbag.py:545} INFO - Filling up the DagBag from /opt/airflow/dags/ocr_pipeline_dag.py
[2025-11-08T13:50:49.805-0500] {logging_mixin.py:188} INFO - 📂 Using project root: /opt/project
[2025-11-08T13:50:50.020-0500] {logging_mixin.py:188} INFO - [2025-11-08T13:50:50.019-0500] {credentials.py:1278} INFO - Found credentials in shared credentials file: ~/.aws/credentials
[2025-11-08T13:50:50.775-0500] {processor.py:840} INFO - DAG(s) 'ocr_pipeline_dag' retrieved from /opt/airflow/dags/ocr_pipeline_dag.py
[2025-11-08T13:50:50.806-0500] {logging_mixin.py:188} INFO - [2025-11-08T13:50:50.806-0500] {dag.py:3089} INFO - Sync 1 DAGs
[2025-11-08T13:50:50.821-0500] {logging_mixin.py:188} INFO - [2025-11-08T13:50:50.821-0500] {dag.py:3947} INFO - Setting next_dagrun for ocr_pipeline_dag to None, run_after=None
[2025-11-08T13:50:50.842-0500] {processor.py:183} INFO - Processing /opt/airflow/dags/ocr_pipeline_dag.py took 1.072 seconds
[2025-11-08T13:51:21.781-0500] {processor.py:161} INFO - Started process (PID=1200) to work on /opt/airflow/dags/ocr_pipeline_dag.py
[2025-11-08T13:51:21.783-0500] {processor.py:830} INFO - Processing file /opt/airflow/dags/ocr_pipeline_dag.py for tasks to queue
[2025-11-08T13:51:21.786-0500] {logging_mixin.py:188} INFO - [2025-11-08T13:51:21.785-0500] {dagbag.py:545} INFO - Filling up the DagBag from /opt/airflow/dags/ocr_pipeline_dag.py
[2025-11-08T13:51:21.806-0500] {logging_mixin.py:188} INFO - 📂 Using project root: /opt/project
[2025-11-08T13:51:21.986-0500] {logging_mixin.py:188} INFO - [2025-11-08T13:51:21.986-0500] {credentials.py:1278} INFO - Found credentials in shared credentials file: ~/.aws/credentials
[2025-11-08T13:51:22.784-0500] {processor.py:840} INFO - DAG(s) 'ocr_pipeline_dag' retrieved from /opt/airflow/dags/ocr_pipeline_dag.py
[2025-11-08T13:51:22.816-0500] {logging_mixin.py:188} INFO - [2025-11-08T13:51:22.816-0500] {dag.py:3089} INFO - Sync 1 DAGs
[2025-11-08T13:51:22.830-0500] {logging_mixin.py:188} INFO - [2025-11-08T13:51:22.830-0500] {dag.py:3947} INFO - Setting next_dagrun for ocr_pipeline_dag to None, run_after=None
[2025-11-08T13:51:22.853-0500] {processor.py:183} INFO - Processing /opt/airflow/dags/ocr_pipeline_dag.py took 1.081 seconds
[2025-11-08T13:51:53.425-0500] {processor.py:161} INFO - Started process (PID=1206) to work on /opt/airflow/dags/ocr_pipeline_dag.py
[2025-11-08T13:51:53.427-0500] {processor.py:830} INFO - Processing file /opt/airflow/dags/ocr_pipeline_dag.py for tasks to queue
[2025-11-08T13:51:53.430-0500] {logging_mixin.py:188} INFO - [2025-11-08T13:51:53.429-0500] {dagbag.py:545} INFO - Filling up the DagBag from /opt/airflow/dags/ocr_pipeline_dag.py
[2025-11-08T13:51:53.456-0500] {logging_mixin.py:188} INFO - 📂 Using project root: /opt/project
[2025-11-08T13:51:54.412-0500] {logging_mixin.py:188} INFO - [2025-11-08T13:51:54.412-0500] {credentials.py:1278} INFO - Found credentials in shared credentials file: ~/.aws/credentials
[2025-11-08T13:51:55.408-0500] {processor.py:840} INFO - DAG(s) 'ocr_pipeline_dag' retrieved from /opt/airflow/dags/ocr_pipeline_dag.py
[2025-11-08T13:51:55.442-0500] {logging_mixin.py:188} INFO - [2025-11-08T13:51:55.441-0500] {dag.py:3089} INFO - Sync 1 DAGs
[2025-11-08T13:51:55.457-0500] {logging_mixin.py:188} INFO - [2025-11-08T13:51:55.457-0500] {dag.py:3947} INFO - Setting next_dagrun for ocr_pipeline_dag to None, run_after=None
[2025-11-08T13:51:55.487-0500] {processor.py:183} INFO - Processing /opt/airflow/dags/ocr_pipeline_dag.py took 1.324 seconds
[2025-11-08T13:52:26.233-0500] {processor.py:161} INFO - Started process (PID=1212) to work on /opt/airflow/dags/ocr_pipeline_dag.py
[2025-11-08T13:52:26.235-0500] {processor.py:830} INFO - Processing file /opt/airflow/dags/ocr_pipeline_dag.py for tasks to queue
[2025-11-08T13:52:26.237-0500] {logging_mixin.py:188} INFO - [2025-11-08T13:52:26.237-0500] {dagbag.py:545} INFO - Filling up the DagBag from /opt/airflow/dags/ocr_pipeline_dag.py
[2025-11-08T13:52:26.252-0500] {logging_mixin.py:188} INFO - 📂 Using project root: /opt/project
[2025-11-08T13:52:26.396-0500] {logging_mixin.py:188} INFO - [2025-11-08T13:52:26.396-0500] {credentials.py:1278} INFO - Found credentials in shared credentials file: ~/.aws/credentials
[2025-11-08T13:52:27.046-0500] {processor.py:840} INFO - DAG(s) 'ocr_pipeline_dag' retrieved from /opt/airflow/dags/ocr_pipeline_dag.py
[2025-11-08T13:52:27.081-0500] {logging_mixin.py:188} INFO - [2025-11-08T13:52:27.081-0500] {dag.py:3089} INFO - Sync 1 DAGs
[2025-11-08T13:52:27.092-0500] {logging_mixin.py:188} INFO - [2025-11-08T13:52:27.092-0500] {dag.py:3947} INFO - Setting next_dagrun for ocr_pipeline_dag to None, run_after=None
[2025-11-08T13:52:27.112-0500] {processor.py:183} INFO - Processing /opt/airflow/dags/ocr_pipeline_dag.py took 0.886 seconds
[2025-11-08T13:52:57.784-0500] {processor.py:161} INFO - Started process (PID=1218) to work on /opt/airflow/dags/ocr_pipeline_dag.py
[2025-11-08T13:52:57.785-0500] {processor.py:830} INFO - Processing file /opt/airflow/dags/ocr_pipeline_dag.py for tasks to queue
[2025-11-08T13:52:57.788-0500] {logging_mixin.py:188} INFO - [2025-11-08T13:52:57.788-0500] {dagbag.py:545} INFO - Filling up the DagBag from /opt/airflow/dags/ocr_pipeline_dag.py
[2025-11-08T13:52:57.809-0500] {logging_mixin.py:188} INFO - 📂 Using project root: /opt/project
[2025-11-08T13:52:58.058-0500] {logging_mixin.py:188} INFO - [2025-11-08T13:52:58.058-0500] {credentials.py:1278} INFO - Found credentials in shared credentials file: ~/.aws/credentials
[2025-11-08T13:52:58.870-0500] {processor.py:840} INFO - DAG(s) 'ocr_pipeline_dag' retrieved from /opt/airflow/dags/ocr_pipeline_dag.py
[2025-11-08T13:52:58.902-0500] {logging_mixin.py:188} INFO - [2025-11-08T13:52:58.901-0500] {dag.py:3089} INFO - Sync 1 DAGs
[2025-11-08T13:52:58.916-0500] {logging_mixin.py:188} INFO - [2025-11-08T13:52:58.916-0500] {dag.py:3947} INFO - Setting next_dagrun for ocr_pipeline_dag to None, run_after=None
[2025-11-08T13:52:58.938-0500] {processor.py:183} INFO - Processing /opt/airflow/dags/ocr_pipeline_dag.py took 1.163 seconds
[2025-11-08T13:53:29.957-0500] {processor.py:161} INFO - Started process (PID=1224) to work on /opt/airflow/dags/ocr_pipeline_dag.py
[2025-11-08T13:53:29.959-0500] {processor.py:830} INFO - Processing file /opt/airflow/dags/ocr_pipeline_dag.py for tasks to queue
[2025-11-08T13:53:29.964-0500] {logging_mixin.py:188} INFO - [2025-11-08T13:53:29.963-0500] {dagbag.py:545} INFO - Filling up the DagBag from /opt/airflow/dags/ocr_pipeline_dag.py
[2025-11-08T13:53:29.989-0500] {logging_mixin.py:188} INFO - 📂 Using project root: /opt/project
[2025-11-08T13:53:30.183-0500] {logging_mixin.py:188} INFO - [2025-11-08T13:53:30.182-0500] {credentials.py:1278} INFO - Found credentials in shared credentials file: ~/.aws/credentials
[2025-11-08T13:53:30.927-0500] {processor.py:840} INFO - DAG(s) 'ocr_pipeline_dag' retrieved from /opt/airflow/dags/ocr_pipeline_dag.py
[2025-11-08T13:53:30.957-0500] {logging_mixin.py:188} INFO - [2025-11-08T13:53:30.957-0500] {dag.py:3089} INFO - Sync 1 DAGs
[2025-11-08T13:53:30.976-0500] {logging_mixin.py:188} INFO - [2025-11-08T13:53:30.975-0500] {dag.py:3947} INFO - Setting next_dagrun for ocr_pipeline_dag to None, run_after=None
[2025-11-08T13:53:30.997-0500] {processor.py:183} INFO - Processing /opt/airflow/dags/ocr_pipeline_dag.py took 1.054 seconds
[2025-11-08T13:54:02.052-0500] {processor.py:161} INFO - Started process (PID=1230) to work on /opt/airflow/dags/ocr_pipeline_dag.py
[2025-11-08T13:54:02.055-0500] {processor.py:830} INFO - Processing file /opt/airflow/dags/ocr_pipeline_dag.py for tasks to queue
[2025-11-08T13:54:02.061-0500] {logging_mixin.py:188} INFO - [2025-11-08T13:54:02.059-0500] {dagbag.py:545} INFO - Filling up the DagBag from /opt/airflow/dags/ocr_pipeline_dag.py
[2025-11-08T13:54:02.098-0500] {logging_mixin.py:188} INFO - 📂 Using project root: /opt/project
[2025-11-08T13:54:02.613-0500] {logging_mixin.py:188} INFO - [2025-11-08T13:54:02.613-0500] {credentials.py:1278} INFO - Found credentials in shared credentials file: ~/.aws/credentials
[2025-11-08T13:54:04.377-0500] {processor.py:840} INFO - DAG(s) 'ocr_pipeline_dag' retrieved from /opt/airflow/dags/ocr_pipeline_dag.py
[2025-11-08T13:54:04.437-0500] {logging_mixin.py:188} INFO - [2025-11-08T13:54:04.436-0500] {dag.py:3089} INFO - Sync 1 DAGs
[2025-11-08T13:54:04.468-0500] {logging_mixin.py:188} INFO - [2025-11-08T13:54:04.468-0500] {dag.py:3947} INFO - Setting next_dagrun for ocr_pipeline_dag to None, run_after=None
[2025-11-08T13:54:04.515-0500] {processor.py:183} INFO - Processing /opt/airflow/dags/ocr_pipeline_dag.py took 2.487 seconds
[2025-11-08T13:54:35.041-0500] {processor.py:161} INFO - Started process (PID=1236) to work on /opt/airflow/dags/ocr_pipeline_dag.py
[2025-11-08T13:54:35.043-0500] {processor.py:830} INFO - Processing file /opt/airflow/dags/ocr_pipeline_dag.py for tasks to queue
[2025-11-08T13:54:35.048-0500] {logging_mixin.py:188} INFO - [2025-11-08T13:54:35.048-0500] {dagbag.py:545} INFO - Filling up the DagBag from /opt/airflow/dags/ocr_pipeline_dag.py
[2025-11-08T13:54:35.073-0500] {logging_mixin.py:188} INFO - 📂 Using project root: /opt/project
[2025-11-08T13:54:35.349-0500] {logging_mixin.py:188} INFO - [2025-11-08T13:54:35.348-0500] {credentials.py:1278} INFO - Found credentials in shared credentials file: ~/.aws/credentials
[2025-11-08T13:54:37.028-0500] {processor.py:840} INFO - DAG(s) 'ocr_pipeline_dag' retrieved from /opt/airflow/dags/ocr_pipeline_dag.py
[2025-11-08T13:54:37.074-0500] {logging_mixin.py:188} INFO - [2025-11-08T13:54:37.073-0500] {dag.py:3089} INFO - Sync 1 DAGs
[2025-11-08T13:54:37.097-0500] {logging_mixin.py:188} INFO - [2025-11-08T13:54:37.096-0500] {dag.py:3947} INFO - Setting next_dagrun for ocr_pipeline_dag to None, run_after=None
[2025-11-08T13:54:37.133-0500] {processor.py:183} INFO - Processing /opt/airflow/dags/ocr_pipeline_dag.py took 2.103 seconds
[2025-11-08T13:55:08.127-0500] {processor.py:161} INFO - Started process (PID=1242) to work on /opt/airflow/dags/ocr_pipeline_dag.py
[2025-11-08T13:55:08.130-0500] {processor.py:830} INFO - Processing file /opt/airflow/dags/ocr_pipeline_dag.py for tasks to queue
[2025-11-08T13:55:08.137-0500] {logging_mixin.py:188} INFO - [2025-11-08T13:55:08.136-0500] {dagbag.py:545} INFO - Filling up the DagBag from /opt/airflow/dags/ocr_pipeline_dag.py
[2025-11-08T13:55:08.167-0500] {logging_mixin.py:188} INFO - 📂 Using project root: /opt/project
[2025-11-08T13:55:08.510-0500] {logging_mixin.py:188} INFO - [2025-11-08T13:55:08.509-0500] {credentials.py:1278} INFO - Found credentials in shared credentials file: ~/.aws/credentials
[2025-11-08T13:55:10.644-0500] {processor.py:840} INFO - DAG(s) 'ocr_pipeline_dag' retrieved from /opt/airflow/dags/ocr_pipeline_dag.py
[2025-11-08T13:55:10.773-0500] {logging_mixin.py:188} INFO - [2025-11-08T13:55:10.772-0500] {dag.py:3089} INFO - Sync 1 DAGs
[2025-11-08T13:55:10.811-0500] {logging_mixin.py:188} INFO - [2025-11-08T13:55:10.810-0500] {dag.py:3947} INFO - Setting next_dagrun for ocr_pipeline_dag to None, run_after=None
[2025-11-08T13:55:10.939-0500] {processor.py:183} INFO - Processing /opt/airflow/dags/ocr_pipeline_dag.py took 2.828 seconds
[2025-11-08T13:55:41.361-0500] {processor.py:161} INFO - Started process (PID=1248) to work on /opt/airflow/dags/ocr_pipeline_dag.py
[2025-11-08T13:55:41.370-0500] {processor.py:830} INFO - Processing file /opt/airflow/dags/ocr_pipeline_dag.py for tasks to queue
[2025-11-08T13:55:41.376-0500] {logging_mixin.py:188} INFO - [2025-11-08T13:55:41.374-0500] {dagbag.py:545} INFO - Filling up the DagBag from /opt/airflow/dags/ocr_pipeline_dag.py
[2025-11-08T13:55:41.410-0500] {logging_mixin.py:188} INFO - 📂 Using project root: /opt/project
[2025-11-08T13:55:41.776-0500] {logging_mixin.py:188} INFO - [2025-11-08T13:55:41.775-0500] {credentials.py:1278} INFO - Found credentials in shared credentials file: ~/.aws/credentials
[2025-11-08T13:55:44.857-0500] {processor.py:840} INFO - DAG(s) 'ocr_pipeline_dag' retrieved from /opt/airflow/dags/ocr_pipeline_dag.py
[2025-11-08T13:55:44.934-0500] {logging_mixin.py:188} INFO - [2025-11-08T13:55:44.933-0500] {dag.py:3089} INFO - Sync 1 DAGs
[2025-11-08T13:55:44.983-0500] {logging_mixin.py:188} INFO - [2025-11-08T13:55:44.982-0500] {dag.py:3947} INFO - Setting next_dagrun for ocr_pipeline_dag to None, run_after=None
[2025-11-08T13:55:45.069-0500] {processor.py:183} INFO - Processing /opt/airflow/dags/ocr_pipeline_dag.py took 3.030 seconds
[2025-11-08T13:56:15.844-0500] {processor.py:161} INFO - Started process (PID=1254) to work on /opt/airflow/dags/ocr_pipeline_dag.py
[2025-11-08T13:56:15.847-0500] {processor.py:830} INFO - Processing file /opt/airflow/dags/ocr_pipeline_dag.py for tasks to queue
[2025-11-08T13:56:15.854-0500] {logging_mixin.py:188} INFO - [2025-11-08T13:56:15.853-0500] {dagbag.py:545} INFO - Filling up the DagBag from /opt/airflow/dags/ocr_pipeline_dag.py
[2025-11-08T13:56:15.882-0500] {logging_mixin.py:188} INFO - 📂 Using project root: /opt/project
[2025-11-08T13:56:16.282-0500] {logging_mixin.py:188} INFO - [2025-11-08T13:56:16.281-0500] {credentials.py:1278} INFO - Found credentials in shared credentials file: ~/.aws/credentials
[2025-11-08T13:56:17.860-0500] {processor.py:840} INFO - DAG(s) 'ocr_pipeline_dag' retrieved from /opt/airflow/dags/ocr_pipeline_dag.py
[2025-11-08T13:56:17.920-0500] {logging_mixin.py:188} INFO - [2025-11-08T13:56:17.919-0500] {dag.py:3089} INFO - Sync 1 DAGs
[2025-11-08T13:56:17.943-0500] {logging_mixin.py:188} INFO - [2025-11-08T13:56:17.943-0500] {dag.py:3947} INFO - Setting next_dagrun for ocr_pipeline_dag to None, run_after=None
[2025-11-08T13:56:17.981-0500] {processor.py:183} INFO - Processing /opt/airflow/dags/ocr_pipeline_dag.py took 2.165 seconds
[2025-11-08T13:56:48.272-0500] {processor.py:161} INFO - Started process (PID=1260) to work on /opt/airflow/dags/ocr_pipeline_dag.py
[2025-11-08T13:56:48.274-0500] {processor.py:830} INFO - Processing file /opt/airflow/dags/ocr_pipeline_dag.py for tasks to queue
[2025-11-08T13:56:48.277-0500] {logging_mixin.py:188} INFO - [2025-11-08T13:56:48.276-0500] {dagbag.py:545} INFO - Filling up the DagBag from /opt/airflow/dags/ocr_pipeline_dag.py
[2025-11-08T13:56:48.295-0500] {logging_mixin.py:188} INFO - 📂 Using project root: /opt/project
[2025-11-08T13:56:48.504-0500] {logging_mixin.py:188} INFO - [2025-11-08T13:56:48.504-0500] {credentials.py:1278} INFO - Found credentials in shared credentials file: ~/.aws/credentials
[2025-11-08T13:56:49.290-0500] {processor.py:840} INFO - DAG(s) 'ocr_pipeline_dag' retrieved from /opt/airflow/dags/ocr_pipeline_dag.py
[2025-11-08T13:56:49.333-0500] {logging_mixin.py:188} INFO - [2025-11-08T13:56:49.333-0500] {dag.py:3089} INFO - Sync 1 DAGs
[2025-11-08T13:56:49.347-0500] {logging_mixin.py:188} INFO - [2025-11-08T13:56:49.346-0500] {dag.py:3947} INFO - Setting next_dagrun for ocr_pipeline_dag to None, run_after=None
[2025-11-08T13:56:49.371-0500] {processor.py:183} INFO - Processing /opt/airflow/dags/ocr_pipeline_dag.py took 1.109 seconds
[2025-11-08T13:57:19.992-0500] {processor.py:161} INFO - Started process (PID=1266) to work on /opt/airflow/dags/ocr_pipeline_dag.py
[2025-11-08T13:57:19.995-0500] {processor.py:830} INFO - Processing file /opt/airflow/dags/ocr_pipeline_dag.py for tasks to queue
[2025-11-08T13:57:20.001-0500] {logging_mixin.py:188} INFO - [2025-11-08T13:57:20.000-0500] {dagbag.py:545} INFO - Filling up the DagBag from /opt/airflow/dags/ocr_pipeline_dag.py
[2025-11-08T13:57:20.028-0500] {logging_mixin.py:188} INFO - 📂 Using project root: /opt/project
[2025-11-08T13:57:20.243-0500] {logging_mixin.py:188} INFO - [2025-11-08T13:57:20.243-0500] {credentials.py:1278} INFO - Found credentials in shared credentials file: ~/.aws/credentials
[2025-11-08T13:57:21.381-0500] {processor.py:840} INFO - DAG(s) 'ocr_pipeline_dag' retrieved from /opt/airflow/dags/ocr_pipeline_dag.py
[2025-11-08T13:57:21.432-0500] {logging_mixin.py:188} INFO - [2025-11-08T13:57:21.431-0500] {dag.py:3089} INFO - Sync 1 DAGs
[2025-11-08T13:57:21.459-0500] {logging_mixin.py:188} INFO - [2025-11-08T13:57:21.458-0500] {dag.py:3947} INFO - Setting next_dagrun for ocr_pipeline_dag to None, run_after=None
[2025-11-08T13:57:21.488-0500] {processor.py:183} INFO - Processing /opt/airflow/dags/ocr_pipeline_dag.py took 1.518 seconds
[2025-11-08T13:57:51.882-0500] {processor.py:161} INFO - Started process (PID=1272) to work on /opt/airflow/dags/ocr_pipeline_dag.py
[2025-11-08T13:57:51.884-0500] {processor.py:830} INFO - Processing file /opt/airflow/dags/ocr_pipeline_dag.py for tasks to queue
[2025-11-08T13:57:51.887-0500] {logging_mixin.py:188} INFO - [2025-11-08T13:57:51.887-0500] {dagbag.py:545} INFO - Filling up the DagBag from /opt/airflow/dags/ocr_pipeline_dag.py
[2025-11-08T13:57:51.909-0500] {logging_mixin.py:188} INFO - 📂 Using project root: /opt/project
[2025-11-08T13:57:52.160-0500] {logging_mixin.py:188} INFO - [2025-11-08T13:57:52.159-0500] {credentials.py:1278} INFO - Found credentials in shared credentials file: ~/.aws/credentials
[2025-11-08T13:57:53.125-0500] {processor.py:840} INFO - DAG(s) 'ocr_pipeline_dag' retrieved from /opt/airflow/dags/ocr_pipeline_dag.py
[2025-11-08T13:57:53.166-0500] {logging_mixin.py:188} INFO - [2025-11-08T13:57:53.165-0500] {dag.py:3089} INFO - Sync 1 DAGs
[2025-11-08T13:57:53.187-0500] {logging_mixin.py:188} INFO - [2025-11-08T13:57:53.187-0500] {dag.py:3947} INFO - Setting next_dagrun for ocr_pipeline_dag to None, run_after=None
[2025-11-08T13:57:53.218-0500] {processor.py:183} INFO - Processing /opt/airflow/dags/ocr_pipeline_dag.py took 1.349 seconds
[2025-11-08T13:58:23.874-0500] {processor.py:161} INFO - Started process (PID=1278) to work on /opt/airflow/dags/ocr_pipeline_dag.py
[2025-11-08T13:58:23.876-0500] {processor.py:830} INFO - Processing file /opt/airflow/dags/ocr_pipeline_dag.py for tasks to queue
[2025-11-08T13:58:23.881-0500] {logging_mixin.py:188} INFO - [2025-11-08T13:58:23.880-0500] {dagbag.py:545} INFO - Filling up the DagBag from /opt/airflow/dags/ocr_pipeline_dag.py
[2025-11-08T13:58:23.904-0500] {logging_mixin.py:188} INFO - 📂 Using project root: /opt/project
[2025-11-08T13:58:24.151-0500] {logging_mixin.py:188} INFO - [2025-11-08T13:58:24.150-0500] {credentials.py:1278} INFO - Found credentials in shared credentials file: ~/.aws/credentials
[2025-11-08T13:58:25.138-0500] {processor.py:840} INFO - DAG(s) 'ocr_pipeline_dag' retrieved from /opt/airflow/dags/ocr_pipeline_dag.py
[2025-11-08T13:58:25.176-0500] {logging_mixin.py:188} INFO - [2025-11-08T13:58:25.176-0500] {dag.py:3089} INFO - Sync 1 DAGs
[2025-11-08T13:58:25.192-0500] {logging_mixin.py:188} INFO - [2025-11-08T13:58:25.192-0500] {dag.py:3947} INFO - Setting next_dagrun for ocr_pipeline_dag to None, run_after=None
[2025-11-08T13:58:25.222-0500] {processor.py:183} INFO - Processing /opt/airflow/dags/ocr_pipeline_dag.py took 1.359 seconds
[2025-11-08T13:58:56.224-0500] {processor.py:161} INFO - Started process (PID=1284) to work on /opt/airflow/dags/ocr_pipeline_dag.py
[2025-11-08T13:58:56.226-0500] {processor.py:830} INFO - Processing file /opt/airflow/dags/ocr_pipeline_dag.py for tasks to queue
[2025-11-08T13:58:56.230-0500] {logging_mixin.py:188} INFO - [2025-11-08T13:58:56.229-0500] {dagbag.py:545} INFO - Filling up the DagBag from /opt/airflow/dags/ocr_pipeline_dag.py
[2025-11-08T13:58:56.253-0500] {logging_mixin.py:188} INFO - 📂 Using project root: /opt/project
[2025-11-08T13:58:56.507-0500] {logging_mixin.py:188} INFO - [2025-11-08T13:58:56.507-0500] {credentials.py:1278} INFO - Found credentials in shared credentials file: ~/.aws/credentials
[2025-11-08T13:58:57.473-0500] {processor.py:840} INFO - DAG(s) 'ocr_pipeline_dag' retrieved from /opt/airflow/dags/ocr_pipeline_dag.py
[2025-11-08T13:58:57.512-0500] {logging_mixin.py:188} INFO - [2025-11-08T13:58:57.512-0500] {dag.py:3089} INFO - Sync 1 DAGs
[2025-11-08T13:58:57.529-0500] {logging_mixin.py:188} INFO - [2025-11-08T13:58:57.528-0500] {dag.py:3947} INFO - Setting next_dagrun for ocr_pipeline_dag to None, run_after=None
[2025-11-08T13:58:57.554-0500] {processor.py:183} INFO - Processing /opt/airflow/dags/ocr_pipeline_dag.py took 1.339 seconds
[2025-11-08T13:59:28.212-0500] {processor.py:161} INFO - Started process (PID=1290) to work on /opt/airflow/dags/ocr_pipeline_dag.py
[2025-11-08T13:59:28.214-0500] {processor.py:830} INFO - Processing file /opt/airflow/dags/ocr_pipeline_dag.py for tasks to queue
[2025-11-08T13:59:28.217-0500] {logging_mixin.py:188} INFO - [2025-11-08T13:59:28.217-0500] {dagbag.py:545} INFO - Filling up the DagBag from /opt/airflow/dags/ocr_pipeline_dag.py
[2025-11-08T13:59:28.242-0500] {logging_mixin.py:188} INFO - 📂 Using project root: /opt/project
[2025-11-08T13:59:28.491-0500] {logging_mixin.py:188} INFO - [2025-11-08T13:59:28.490-0500] {credentials.py:1278} INFO - Found credentials in shared credentials file: ~/.aws/credentials
[2025-11-08T13:59:29.739-0500] {processor.py:840} INFO - DAG(s) 'ocr_pipeline_dag' retrieved from /opt/airflow/dags/ocr_pipeline_dag.py
[2025-11-08T13:59:29.784-0500] {logging_mixin.py:188} INFO - [2025-11-08T13:59:29.783-0500] {dag.py:3089} INFO - Sync 1 DAGs
[2025-11-08T13:59:29.799-0500] {logging_mixin.py:188} INFO - [2025-11-08T13:59:29.799-0500] {dag.py:3947} INFO - Setting next_dagrun for ocr_pipeline_dag to None, run_after=None
[2025-11-08T13:59:29.926-0500] {processor.py:183} INFO - Processing /opt/airflow/dags/ocr_pipeline_dag.py took 1.725 seconds
[2025-11-08T14:00:00.151-0500] {processor.py:161} INFO - Started process (PID=1296) to work on /opt/airflow/dags/ocr_pipeline_dag.py
[2025-11-08T14:00:00.156-0500] {processor.py:830} INFO - Processing file /opt/airflow/dags/ocr_pipeline_dag.py for tasks to queue
[2025-11-08T14:00:00.165-0500] {logging_mixin.py:188} INFO - [2025-11-08T14:00:00.165-0500] {dagbag.py:545} INFO - Filling up the DagBag from /opt/airflow/dags/ocr_pipeline_dag.py
[2025-11-08T14:00:00.199-0500] {logging_mixin.py:188} INFO - 📂 Using project root: /opt/project
[2025-11-08T14:00:00.399-0500] {logging_mixin.py:188} INFO - [2025-11-08T14:00:00.399-0500] {credentials.py:1278} INFO - Found credentials in shared credentials file: ~/.aws/credentials
[2025-11-08T14:00:01.293-0500] {processor.py:840} INFO - DAG(s) 'ocr_pipeline_dag' retrieved from /opt/airflow/dags/ocr_pipeline_dag.py
[2025-11-08T14:00:01.334-0500] {logging_mixin.py:188} INFO - [2025-11-08T14:00:01.334-0500] {dag.py:3089} INFO - Sync 1 DAGs
[2025-11-08T14:00:01.351-0500] {logging_mixin.py:188} INFO - [2025-11-08T14:00:01.351-0500] {dag.py:3947} INFO - Setting next_dagrun for ocr_pipeline_dag to None, run_after=None
[2025-11-08T14:00:01.378-0500] {processor.py:183} INFO - Processing /opt/airflow/dags/ocr_pipeline_dag.py took 1.268 seconds
[2025-11-08T14:00:32.041-0500] {processor.py:161} INFO - Started process (PID=1302) to work on /opt/airflow/dags/ocr_pipeline_dag.py
[2025-11-08T14:00:32.043-0500] {processor.py:830} INFO - Processing file /opt/airflow/dags/ocr_pipeline_dag.py for tasks to queue
[2025-11-08T14:00:32.047-0500] {logging_mixin.py:188} INFO - [2025-11-08T14:00:32.047-0500] {dagbag.py:545} INFO - Filling up the DagBag from /opt/airflow/dags/ocr_pipeline_dag.py
[2025-11-08T14:00:32.070-0500] {logging_mixin.py:188} INFO - 📂 Using project root: /opt/project
[2025-11-08T14:00:32.344-0500] {logging_mixin.py:188} INFO - [2025-11-08T14:00:32.343-0500] {credentials.py:1278} INFO - Found credentials in shared credentials file: ~/.aws/credentials
[2025-11-08T14:00:33.652-0500] {processor.py:840} INFO - DAG(s) 'ocr_pipeline_dag' retrieved from /opt/airflow/dags/ocr_pipeline_dag.py
[2025-11-08T14:00:33.731-0500] {logging_mixin.py:188} INFO - [2025-11-08T14:00:33.730-0500] {dag.py:3089} INFO - Sync 1 DAGs
[2025-11-08T14:00:33.774-0500] {logging_mixin.py:188} INFO - [2025-11-08T14:00:33.774-0500] {dag.py:3947} INFO - Setting next_dagrun for ocr_pipeline_dag to None, run_after=None
[2025-11-08T14:00:33.843-0500] {processor.py:183} INFO - Processing /opt/airflow/dags/ocr_pipeline_dag.py took 1.810 seconds
[2025-11-08T14:01:04.075-0500] {processor.py:161} INFO - Started process (PID=1308) to work on /opt/airflow/dags/ocr_pipeline_dag.py
[2025-11-08T14:01:04.077-0500] {processor.py:830} INFO - Processing file /opt/airflow/dags/ocr_pipeline_dag.py for tasks to queue
[2025-11-08T14:01:04.084-0500] {logging_mixin.py:188} INFO - [2025-11-08T14:01:04.083-0500] {dagbag.py:545} INFO - Filling up the DagBag from /opt/airflow/dags/ocr_pipeline_dag.py
[2025-11-08T14:01:04.126-0500] {logging_mixin.py:188} INFO - 📂 Using project root: /opt/project
[2025-11-08T14:01:04.789-0500] {logging_mixin.py:188} INFO - [2025-11-08T14:01:04.789-0500] {credentials.py:1278} INFO - Found credentials in shared credentials file: ~/.aws/credentials
[2025-11-08T14:01:06.964-0500] {processor.py:840} INFO - DAG(s) 'ocr_pipeline_dag' retrieved from /opt/airflow/dags/ocr_pipeline_dag.py
[2025-11-08T14:01:07.424-0500] {logging_mixin.py:188} INFO - [2025-11-08T14:01:07.423-0500] {dag.py:3089} INFO - Sync 1 DAGs
[2025-11-08T14:01:07.514-0500] {logging_mixin.py:188} INFO - [2025-11-08T14:01:07.513-0500] {dag.py:3947} INFO - Setting next_dagrun for ocr_pipeline_dag to None, run_after=None
[2025-11-08T14:01:08.588-0500] {processor.py:183} INFO - Processing /opt/airflow/dags/ocr_pipeline_dag.py took 4.524 seconds
[2025-11-08T14:01:41.319-0500] {processor.py:161} INFO - Started process (PID=1314) to work on /opt/airflow/dags/ocr_pipeline_dag.py
[2025-11-08T14:01:41.339-0500] {processor.py:830} INFO - Processing file /opt/airflow/dags/ocr_pipeline_dag.py for tasks to queue
[2025-11-08T14:01:41.402-0500] {logging_mixin.py:188} INFO - [2025-11-08T14:01:41.397-0500] {dagbag.py:545} INFO - Filling up the DagBag from /opt/airflow/dags/ocr_pipeline_dag.py
[2025-11-08T14:01:41.490-0500] {logging_mixin.py:188} INFO - 📂 Using project root: /opt/project
[2025-11-08T14:01:42.970-0500] {logging_mixin.py:188} INFO - [2025-11-08T14:01:42.968-0500] {credentials.py:1278} INFO - Found credentials in shared credentials file: ~/.aws/credentials
[2025-11-08T14:01:49.077-0500] {processor.py:840} INFO - DAG(s) 'ocr_pipeline_dag' retrieved from /opt/airflow/dags/ocr_pipeline_dag.py
[2025-11-08T14:01:49.346-0500] {logging_mixin.py:188} INFO - [2025-11-08T14:01:49.344-0500] {dag.py:3089} INFO - Sync 1 DAGs
[2025-11-08T14:01:49.394-0500] {logging_mixin.py:188} INFO - [2025-11-08T14:01:49.394-0500] {dag.py:3947} INFO - Setting next_dagrun for ocr_pipeline_dag to None, run_after=None
[2025-11-08T14:01:49.449-0500] {processor.py:183} INFO - Processing /opt/airflow/dags/ocr_pipeline_dag.py took 8.292 seconds
[2025-11-08T14:02:20.076-0500] {processor.py:161} INFO - Started process (PID=1320) to work on /opt/airflow/dags/ocr_pipeline_dag.py
[2025-11-08T14:02:20.079-0500] {processor.py:830} INFO - Processing file /opt/airflow/dags/ocr_pipeline_dag.py for tasks to queue
[2025-11-08T14:02:20.090-0500] {logging_mixin.py:188} INFO - [2025-11-08T14:02:20.089-0500] {dagbag.py:545} INFO - Filling up the DagBag from /opt/airflow/dags/ocr_pipeline_dag.py
[2025-11-08T14:02:20.113-0500] {logging_mixin.py:188} INFO - 📂 Using project root: /opt/project
[2025-11-08T14:02:20.440-0500] {logging_mixin.py:188} INFO - [2025-11-08T14:02:20.440-0500] {credentials.py:1278} INFO - Found credentials in shared credentials file: ~/.aws/credentials
[2025-11-08T14:02:23.630-0500] {processor.py:840} INFO - DAG(s) 'ocr_pipeline_dag' retrieved from /opt/airflow/dags/ocr_pipeline_dag.py
[2025-11-08T14:02:23.677-0500] {logging_mixin.py:188} INFO - [2025-11-08T14:02:23.676-0500] {dag.py:3089} INFO - Sync 1 DAGs
[2025-11-08T14:02:23.717-0500] {logging_mixin.py:188} INFO - [2025-11-08T14:02:23.717-0500] {dag.py:3947} INFO - Setting next_dagrun for ocr_pipeline_dag to None, run_after=None
[2025-11-08T14:02:23.749-0500] {processor.py:183} INFO - Processing /opt/airflow/dags/ocr_pipeline_dag.py took 2.986 seconds
[2025-11-08T14:02:54.796-0500] {processor.py:161} INFO - Started process (PID=1326) to work on /opt/airflow/dags/ocr_pipeline_dag.py
[2025-11-08T14:02:54.798-0500] {processor.py:830} INFO - Processing file /opt/airflow/dags/ocr_pipeline_dag.py for tasks to queue
[2025-11-08T14:02:54.807-0500] {logging_mixin.py:188} INFO - [2025-11-08T14:02:54.806-0500] {dagbag.py:545} INFO - Filling up the DagBag from /opt/airflow/dags/ocr_pipeline_dag.py
[2025-11-08T14:02:54.835-0500] {logging_mixin.py:188} INFO - 📂 Using project root: /opt/project
[2025-11-08T14:02:55.079-0500] {logging_mixin.py:188} INFO - [2025-11-08T14:02:55.079-0500] {credentials.py:1278} INFO - Found credentials in shared credentials file: ~/.aws/credentials
[2025-11-08T14:02:55.962-0500] {processor.py:840} INFO - DAG(s) 'ocr_pipeline_dag' retrieved from /opt/airflow/dags/ocr_pipeline_dag.py
[2025-11-08T14:02:56.006-0500] {logging_mixin.py:188} INFO - [2025-11-08T14:02:56.006-0500] {dag.py:3089} INFO - Sync 1 DAGs
[2025-11-08T14:02:56.024-0500] {logging_mixin.py:188} INFO - [2025-11-08T14:02:56.024-0500] {dag.py:3947} INFO - Setting next_dagrun for ocr_pipeline_dag to None, run_after=None
[2025-11-08T14:02:56.055-0500] {processor.py:183} INFO - Processing /opt/airflow/dags/ocr_pipeline_dag.py took 1.273 seconds
[2025-11-08T14:03:26.413-0500] {processor.py:161} INFO - Started process (PID=1332) to work on /opt/airflow/dags/ocr_pipeline_dag.py
[2025-11-08T14:03:26.415-0500] {processor.py:830} INFO - Processing file /opt/airflow/dags/ocr_pipeline_dag.py for tasks to queue
[2025-11-08T14:03:26.421-0500] {logging_mixin.py:188} INFO - [2025-11-08T14:03:26.421-0500] {dagbag.py:545} INFO - Filling up the DagBag from /opt/airflow/dags/ocr_pipeline_dag.py
[2025-11-08T14:03:26.446-0500] {logging_mixin.py:188} INFO - 📂 Using project root: /opt/project
[2025-11-08T14:03:26.701-0500] {logging_mixin.py:188} INFO - [2025-11-08T14:03:26.700-0500] {credentials.py:1278} INFO - Found credentials in shared credentials file: ~/.aws/credentials
[2025-11-08T14:03:27.969-0500] {processor.py:840} INFO - DAG(s) 'ocr_pipeline_dag' retrieved from /opt/airflow/dags/ocr_pipeline_dag.py
[2025-11-08T14:03:28.020-0500] {logging_mixin.py:188} INFO - [2025-11-08T14:03:28.019-0500] {dag.py:3089} INFO - Sync 1 DAGs
[2025-11-08T14:03:28.040-0500] {logging_mixin.py:188} INFO - [2025-11-08T14:03:28.040-0500] {dag.py:3947} INFO - Setting next_dagrun for ocr_pipeline_dag to None, run_after=None
[2025-11-08T14:03:28.079-0500] {processor.py:183} INFO - Processing /opt/airflow/dags/ocr_pipeline_dag.py took 1.681 seconds
[2025-11-08T14:03:58.917-0500] {processor.py:161} INFO - Started process (PID=1338) to work on /opt/airflow/dags/ocr_pipeline_dag.py
[2025-11-08T14:03:58.975-0500] {processor.py:830} INFO - Processing file /opt/airflow/dags/ocr_pipeline_dag.py for tasks to queue
[2025-11-08T14:03:59.097-0500] {logging_mixin.py:188} INFO - [2025-11-08T14:03:59.083-0500] {dagbag.py:545} INFO - Filling up the DagBag from /opt/airflow/dags/ocr_pipeline_dag.py
[2025-11-08T14:03:59.193-0500] {logging_mixin.py:188} INFO - 📂 Using project root: /opt/project
[2025-11-08T14:04:00.693-0500] {logging_mixin.py:188} INFO - [2025-11-08T14:04:00.692-0500] {credentials.py:1278} INFO - Found credentials in shared credentials file: ~/.aws/credentials
[2025-11-08T14:04:04.037-0500] {processor.py:840} INFO - DAG(s) 'ocr_pipeline_dag' retrieved from /opt/airflow/dags/ocr_pipeline_dag.py
[2025-11-08T14:04:04.094-0500] {logging_mixin.py:188} INFO - [2025-11-08T14:04:04.094-0500] {dag.py:3089} INFO - Sync 1 DAGs
[2025-11-08T14:04:04.127-0500] {logging_mixin.py:188} INFO - [2025-11-08T14:04:04.127-0500] {dag.py:3947} INFO - Setting next_dagrun for ocr_pipeline_dag to None, run_after=None
[2025-11-08T14:04:04.186-0500] {processor.py:183} INFO - Processing /opt/airflow/dags/ocr_pipeline_dag.py took 5.477 seconds
[2025-11-08T14:04:34.758-0500] {processor.py:161} INFO - Started process (PID=1344) to work on /opt/airflow/dags/ocr_pipeline_dag.py
[2025-11-08T14:04:34.760-0500] {processor.py:830} INFO - Processing file /opt/airflow/dags/ocr_pipeline_dag.py for tasks to queue
[2025-11-08T14:04:34.767-0500] {logging_mixin.py:188} INFO - [2025-11-08T14:04:34.766-0500] {dagbag.py:545} INFO - Filling up the DagBag from /opt/airflow/dags/ocr_pipeline_dag.py
[2025-11-08T14:04:34.796-0500] {logging_mixin.py:188} INFO - 📂 Using project root: /opt/project
[2025-11-08T14:04:35.091-0500] {logging_mixin.py:188} INFO - [2025-11-08T14:04:35.090-0500] {credentials.py:1278} INFO - Found credentials in shared credentials file: ~/.aws/credentials
[2025-11-08T14:04:35.970-0500] {processor.py:840} INFO - DAG(s) 'ocr_pipeline_dag' retrieved from /opt/airflow/dags/ocr_pipeline_dag.py
[2025-11-08T14:04:36.025-0500] {logging_mixin.py:188} INFO - [2025-11-08T14:04:36.025-0500] {dag.py:3089} INFO - Sync 1 DAGs
[2025-11-08T14:04:36.042-0500] {logging_mixin.py:188} INFO - [2025-11-08T14:04:36.042-0500] {dag.py:3947} INFO - Setting next_dagrun for ocr_pipeline_dag to None, run_after=None
[2025-11-08T14:04:36.081-0500] {processor.py:183} INFO - Processing /opt/airflow/dags/ocr_pipeline_dag.py took 1.378 seconds
[2025-11-08T14:05:06.612-0500] {processor.py:161} INFO - Started process (PID=1350) to work on /opt/airflow/dags/ocr_pipeline_dag.py
[2025-11-08T14:05:06.615-0500] {processor.py:830} INFO - Processing file /opt/airflow/dags/ocr_pipeline_dag.py for tasks to queue
[2025-11-08T14:05:06.622-0500] {logging_mixin.py:188} INFO - [2025-11-08T14:05:06.621-0500] {dagbag.py:545} INFO - Filling up the DagBag from /opt/airflow/dags/ocr_pipeline_dag.py
[2025-11-08T14:05:06.651-0500] {logging_mixin.py:188} INFO - 📂 Using project root: /opt/project
[2025-11-08T14:05:06.901-0500] {logging_mixin.py:188} INFO - [2025-11-08T14:05:06.901-0500] {credentials.py:1278} INFO - Found credentials in shared credentials file: ~/.aws/credentials
[2025-11-08T14:05:07.864-0500] {processor.py:840} INFO - DAG(s) 'ocr_pipeline_dag' retrieved from /opt/airflow/dags/ocr_pipeline_dag.py
[2025-11-08T14:05:07.911-0500] {logging_mixin.py:188} INFO - [2025-11-08T14:05:07.910-0500] {dag.py:3089} INFO - Sync 1 DAGs
[2025-11-08T14:05:07.930-0500] {logging_mixin.py:188} INFO - [2025-11-08T14:05:07.930-0500] {dag.py:3947} INFO - Setting next_dagrun for ocr_pipeline_dag to None, run_after=None
[2025-11-08T14:05:07.962-0500] {processor.py:183} INFO - Processing /opt/airflow/dags/ocr_pipeline_dag.py took 1.392 seconds
[2025-11-08T14:05:38.898-0500] {processor.py:161} INFO - Started process (PID=1356) to work on /opt/airflow/dags/ocr_pipeline_dag.py
[2025-11-08T14:05:38.908-0500] {processor.py:830} INFO - Processing file /opt/airflow/dags/ocr_pipeline_dag.py for tasks to queue
[2025-11-08T14:05:38.927-0500] {logging_mixin.py:188} INFO - [2025-11-08T14:05:38.924-0500] {dagbag.py:545} INFO - Filling up the DagBag from /opt/airflow/dags/ocr_pipeline_dag.py
[2025-11-08T14:05:38.994-0500] {logging_mixin.py:188} INFO - 📂 Using project root: /opt/project
[2025-11-08T14:05:39.924-0500] {logging_mixin.py:188} INFO - [2025-11-08T14:05:39.924-0500] {credentials.py:1278} INFO - Found credentials in shared credentials file: ~/.aws/credentials
[2025-11-08T14:05:43.153-0500] {processor.py:840} INFO - DAG(s) 'ocr_pipeline_dag' retrieved from /opt/airflow/dags/ocr_pipeline_dag.py
[2025-11-08T14:05:43.216-0500] {logging_mixin.py:188} INFO - [2025-11-08T14:05:43.215-0500] {dag.py:3089} INFO - Sync 1 DAGs
[2025-11-08T14:05:43.243-0500] {logging_mixin.py:188} INFO - [2025-11-08T14:05:43.242-0500] {dag.py:3947} INFO - Setting next_dagrun for ocr_pipeline_dag to None, run_after=None
[2025-11-08T14:05:43.271-0500] {processor.py:183} INFO - Processing /opt/airflow/dags/ocr_pipeline_dag.py took 4.549 seconds
[2025-11-08T14:06:14.154-0500] {processor.py:161} INFO - Started process (PID=1362) to work on /opt/airflow/dags/ocr_pipeline_dag.py
[2025-11-08T14:06:14.156-0500] {processor.py:830} INFO - Processing file /opt/airflow/dags/ocr_pipeline_dag.py for tasks to queue
[2025-11-08T14:06:14.160-0500] {logging_mixin.py:188} INFO - [2025-11-08T14:06:14.159-0500] {dagbag.py:545} INFO - Filling up the DagBag from /opt/airflow/dags/ocr_pipeline_dag.py
[2025-11-08T14:06:14.189-0500] {logging_mixin.py:188} INFO - 📂 Using project root: /opt/project
[2025-11-08T14:06:14.461-0500] {logging_mixin.py:188} INFO - [2025-11-08T14:06:14.461-0500] {credentials.py:1278} INFO - Found credentials in shared credentials file: ~/.aws/credentials
[2025-11-08T14:06:15.654-0500] {processor.py:840} INFO - DAG(s) 'ocr_pipeline_dag' retrieved from /opt/airflow/dags/ocr_pipeline_dag.py
[2025-11-08T14:06:15.698-0500] {logging_mixin.py:188} INFO - [2025-11-08T14:06:15.697-0500] {dag.py:3089} INFO - Sync 1 DAGs
[2025-11-08T14:06:15.722-0500] {logging_mixin.py:188} INFO - [2025-11-08T14:06:15.722-0500] {dag.py:3947} INFO - Setting next_dagrun for ocr_pipeline_dag to None, run_after=None
[2025-11-08T14:06:15.753-0500] {processor.py:183} INFO - Processing /opt/airflow/dags/ocr_pipeline_dag.py took 1.610 seconds
[2025-11-08T14:06:46.417-0500] {processor.py:161} INFO - Started process (PID=1368) to work on /opt/airflow/dags/ocr_pipeline_dag.py
[2025-11-08T14:06:46.421-0500] {processor.py:830} INFO - Processing file /opt/airflow/dags/ocr_pipeline_dag.py for tasks to queue
[2025-11-08T14:06:46.435-0500] {logging_mixin.py:188} INFO - [2025-11-08T14:06:46.433-0500] {dagbag.py:545} INFO - Filling up the DagBag from /opt/airflow/dags/ocr_pipeline_dag.py
[2025-11-08T14:06:46.472-0500] {logging_mixin.py:188} INFO - 📂 Using project root: /opt/project
[2025-11-08T14:06:46.876-0500] {logging_mixin.py:188} INFO - [2025-11-08T14:06:46.876-0500] {credentials.py:1278} INFO - Found credentials in shared credentials file: ~/.aws/credentials
[2025-11-08T14:06:48.407-0500] {processor.py:840} INFO - DAG(s) 'ocr_pipeline_dag' retrieved from /opt/airflow/dags/ocr_pipeline_dag.py
[2025-11-08T14:06:48.486-0500] {logging_mixin.py:188} INFO - [2025-11-08T14:06:48.485-0500] {dag.py:3089} INFO - Sync 1 DAGs
[2025-11-08T14:06:48.514-0500] {logging_mixin.py:188} INFO - [2025-11-08T14:06:48.513-0500] {dag.py:3947} INFO - Setting next_dagrun for ocr_pipeline_dag to None, run_after=None
[2025-11-08T14:06:48.552-0500] {processor.py:183} INFO - Processing /opt/airflow/dags/ocr_pipeline_dag.py took 2.190 seconds
[2025-11-08T14:07:18.718-0500] {processor.py:161} INFO - Started process (PID=1374) to work on /opt/airflow/dags/ocr_pipeline_dag.py
[2025-11-08T14:07:18.721-0500] {processor.py:830} INFO - Processing file /opt/airflow/dags/ocr_pipeline_dag.py for tasks to queue
[2025-11-08T14:07:18.727-0500] {logging_mixin.py:188} INFO - [2025-11-08T14:07:18.726-0500] {dagbag.py:545} INFO - Filling up the DagBag from /opt/airflow/dags/ocr_pipeline_dag.py
[2025-11-08T14:07:18.749-0500] {logging_mixin.py:188} INFO - 📂 Using project root: /opt/project
[2025-11-08T14:07:18.968-0500] {logging_mixin.py:188} INFO - [2025-11-08T14:07:18.967-0500] {credentials.py:1278} INFO - Found credentials in shared credentials file: ~/.aws/credentials
[2025-11-08T14:07:20.071-0500] {processor.py:840} INFO - DAG(s) 'ocr_pipeline_dag' retrieved from /opt/airflow/dags/ocr_pipeline_dag.py
[2025-11-08T14:07:20.139-0500] {logging_mixin.py:188} INFO - [2025-11-08T14:07:20.139-0500] {dag.py:3089} INFO - Sync 1 DAGs
[2025-11-08T14:07:20.161-0500] {logging_mixin.py:188} INFO - [2025-11-08T14:07:20.160-0500] {dag.py:3947} INFO - Setting next_dagrun for ocr_pipeline_dag to None, run_after=None
[2025-11-08T14:07:20.191-0500] {processor.py:183} INFO - Processing /opt/airflow/dags/ocr_pipeline_dag.py took 1.491 seconds
[2025-11-08T14:07:50.760-0500] {processor.py:161} INFO - Started process (PID=1380) to work on /opt/airflow/dags/ocr_pipeline_dag.py
[2025-11-08T14:07:50.763-0500] {processor.py:830} INFO - Processing file /opt/airflow/dags/ocr_pipeline_dag.py for tasks to queue
[2025-11-08T14:07:50.769-0500] {logging_mixin.py:188} INFO - [2025-11-08T14:07:50.769-0500] {dagbag.py:545} INFO - Filling up the DagBag from /opt/airflow/dags/ocr_pipeline_dag.py
[2025-11-08T14:07:50.805-0500] {logging_mixin.py:188} INFO - 📂 Using project root: /opt/project
[2025-11-08T14:07:51.562-0500] {logging_mixin.py:188} INFO - [2025-11-08T14:07:51.561-0500] {credentials.py:1278} INFO - Found credentials in shared credentials file: ~/.aws/credentials
[2025-11-08T14:07:53.202-0500] {processor.py:840} INFO - DAG(s) 'ocr_pipeline_dag' retrieved from /opt/airflow/dags/ocr_pipeline_dag.py
[2025-11-08T14:07:53.272-0500] {logging_mixin.py:188} INFO - [2025-11-08T14:07:53.271-0500] {dag.py:3089} INFO - Sync 1 DAGs
[2025-11-08T14:07:53.319-0500] {logging_mixin.py:188} INFO - [2025-11-08T14:07:53.318-0500] {dag.py:3947} INFO - Setting next_dagrun for ocr_pipeline_dag to None, run_after=None
[2025-11-08T14:07:53.365-0500] {processor.py:183} INFO - Processing /opt/airflow/dags/ocr_pipeline_dag.py took 2.619 seconds
[2025-11-08T14:08:23.535-0500] {processor.py:161} INFO - Started process (PID=1386) to work on /opt/airflow/dags/ocr_pipeline_dag.py
[2025-11-08T14:08:23.537-0500] {processor.py:830} INFO - Processing file /opt/airflow/dags/ocr_pipeline_dag.py for tasks to queue
[2025-11-08T14:08:23.540-0500] {logging_mixin.py:188} INFO - [2025-11-08T14:08:23.540-0500] {dagbag.py:545} INFO - Filling up the DagBag from /opt/airflow/dags/ocr_pipeline_dag.py
[2025-11-08T14:08:23.562-0500] {logging_mixin.py:188} INFO - 📂 Using project root: /opt/project
[2025-11-08T14:08:23.796-0500] {logging_mixin.py:188} INFO - [2025-11-08T14:08:23.795-0500] {credentials.py:1278} INFO - Found credentials in shared credentials file: ~/.aws/credentials
[2025-11-08T14:08:24.823-0500] {processor.py:840} INFO - DAG(s) 'ocr_pipeline_dag' retrieved from /opt/airflow/dags/ocr_pipeline_dag.py
[2025-11-08T14:08:24.862-0500] {logging_mixin.py:188} INFO - [2025-11-08T14:08:24.861-0500] {dag.py:3089} INFO - Sync 1 DAGs
[2025-11-08T14:08:24.879-0500] {logging_mixin.py:188} INFO - [2025-11-08T14:08:24.879-0500] {dag.py:3947} INFO - Setting next_dagrun for ocr_pipeline_dag to None, run_after=None
[2025-11-08T14:08:24.910-0500] {processor.py:183} INFO - Processing /opt/airflow/dags/ocr_pipeline_dag.py took 1.386 seconds
[2025-11-08T14:08:55.514-0500] {processor.py:161} INFO - Started process (PID=1392) to work on /opt/airflow/dags/ocr_pipeline_dag.py
[2025-11-08T14:08:55.517-0500] {processor.py:830} INFO - Processing file /opt/airflow/dags/ocr_pipeline_dag.py for tasks to queue
[2025-11-08T14:08:55.523-0500] {logging_mixin.py:188} INFO - [2025-11-08T14:08:55.522-0500] {dagbag.py:545} INFO - Filling up the DagBag from /opt/airflow/dags/ocr_pipeline_dag.py
[2025-11-08T14:08:55.543-0500] {logging_mixin.py:188} INFO - 📂 Using project root: /opt/project
[2025-11-08T14:08:55.727-0500] {logging_mixin.py:188} INFO - [2025-11-08T14:08:55.726-0500] {credentials.py:1278} INFO - Found credentials in shared credentials file: ~/.aws/credentials
[2025-11-08T14:08:56.454-0500] {processor.py:840} INFO - DAG(s) 'ocr_pipeline_dag' retrieved from /opt/airflow/dags/ocr_pipeline_dag.py
[2025-11-08T14:08:56.495-0500] {logging_mixin.py:188} INFO - [2025-11-08T14:08:56.495-0500] {dag.py:3089} INFO - Sync 1 DAGs
[2025-11-08T14:08:56.512-0500] {logging_mixin.py:188} INFO - [2025-11-08T14:08:56.512-0500] {dag.py:3947} INFO - Setting next_dagrun for ocr_pipeline_dag to None, run_after=None
[2025-11-08T14:08:56.539-0500] {processor.py:183} INFO - Processing /opt/airflow/dags/ocr_pipeline_dag.py took 1.044 seconds
[2025-11-08T14:09:27.464-0500] {processor.py:161} INFO - Started process (PID=1398) to work on /opt/airflow/dags/ocr_pipeline_dag.py
[2025-11-08T14:09:27.466-0500] {processor.py:830} INFO - Processing file /opt/airflow/dags/ocr_pipeline_dag.py for tasks to queue
[2025-11-08T14:09:27.469-0500] {logging_mixin.py:188} INFO - [2025-11-08T14:09:27.468-0500] {dagbag.py:545} INFO - Filling up the DagBag from /opt/airflow/dags/ocr_pipeline_dag.py
[2025-11-08T14:09:27.492-0500] {logging_mixin.py:188} INFO - 📂 Using project root: /opt/project
[2025-11-08T14:09:27.717-0500] {logging_mixin.py:188} INFO - [2025-11-08T14:09:27.714-0500] {credentials.py:1278} INFO - Found credentials in shared credentials file: ~/.aws/credentials
[2025-11-08T14:09:28.498-0500] {processor.py:840} INFO - DAG(s) 'ocr_pipeline_dag' retrieved from /opt/airflow/dags/ocr_pipeline_dag.py
[2025-11-08T14:09:28.535-0500] {logging_mixin.py:188} INFO - [2025-11-08T14:09:28.534-0500] {dag.py:3089} INFO - Sync 1 DAGs
[2025-11-08T14:09:28.561-0500] {logging_mixin.py:188} INFO - [2025-11-08T14:09:28.561-0500] {dag.py:3947} INFO - Setting next_dagrun for ocr_pipeline_dag to None, run_after=None
[2025-11-08T14:09:28.599-0500] {processor.py:183} INFO - Processing /opt/airflow/dags/ocr_pipeline_dag.py took 1.145 seconds
[2025-11-08T14:09:59.550-0500] {processor.py:161} INFO - Started process (PID=1404) to work on /opt/airflow/dags/ocr_pipeline_dag.py
[2025-11-08T14:09:59.551-0500] {processor.py:830} INFO - Processing file /opt/airflow/dags/ocr_pipeline_dag.py for tasks to queue
[2025-11-08T14:09:59.554-0500] {logging_mixin.py:188} INFO - [2025-11-08T14:09:59.553-0500] {dagbag.py:545} INFO - Filling up the DagBag from /opt/airflow/dags/ocr_pipeline_dag.py
[2025-11-08T14:09:59.573-0500] {logging_mixin.py:188} INFO - 📂 Using project root: /opt/project
[2025-11-08T14:10:00.012-0500] {logging_mixin.py:188} INFO - [2025-11-08T14:10:00.011-0500] {credentials.py:1278} INFO - Found credentials in shared credentials file: ~/.aws/credentials
[2025-11-08T14:10:01.101-0500] {processor.py:840} INFO - DAG(s) 'ocr_pipeline_dag' retrieved from /opt/airflow/dags/ocr_pipeline_dag.py
[2025-11-08T14:10:01.136-0500] {logging_mixin.py:188} INFO - [2025-11-08T14:10:01.136-0500] {dag.py:3089} INFO - Sync 1 DAGs
[2025-11-08T14:10:01.152-0500] {logging_mixin.py:188} INFO - [2025-11-08T14:10:01.152-0500] {dag.py:3947} INFO - Setting next_dagrun for ocr_pipeline_dag to None, run_after=None
[2025-11-08T14:10:01.191-0500] {processor.py:183} INFO - Processing /opt/airflow/dags/ocr_pipeline_dag.py took 1.652 seconds
[2025-11-08T14:10:31.606-0500] {processor.py:161} INFO - Started process (PID=1410) to work on /opt/airflow/dags/ocr_pipeline_dag.py
[2025-11-08T14:10:31.607-0500] {processor.py:830} INFO - Processing file /opt/airflow/dags/ocr_pipeline_dag.py for tasks to queue
[2025-11-08T14:10:31.610-0500] {logging_mixin.py:188} INFO - [2025-11-08T14:10:31.610-0500] {dagbag.py:545} INFO - Filling up the DagBag from /opt/airflow/dags/ocr_pipeline_dag.py
[2025-11-08T14:10:31.631-0500] {logging_mixin.py:188} INFO - 📂 Using project root: /opt/project
[2025-11-08T14:10:31.858-0500] {logging_mixin.py:188} INFO - [2025-11-08T14:10:31.857-0500] {credentials.py:1278} INFO - Found credentials in shared credentials file: ~/.aws/credentials
[2025-11-08T14:10:32.759-0500] {processor.py:840} INFO - DAG(s) 'ocr_pipeline_dag' retrieved from /opt/airflow/dags/ocr_pipeline_dag.py
[2025-11-08T14:10:32.799-0500] {logging_mixin.py:188} INFO - [2025-11-08T14:10:32.799-0500] {dag.py:3089} INFO - Sync 1 DAGs
[2025-11-08T14:10:32.815-0500] {logging_mixin.py:188} INFO - [2025-11-08T14:10:32.815-0500] {dag.py:3947} INFO - Setting next_dagrun for ocr_pipeline_dag to None, run_after=None
[2025-11-08T14:10:32.837-0500] {processor.py:183} INFO - Processing /opt/airflow/dags/ocr_pipeline_dag.py took 1.240 seconds
[2025-11-08T14:11:03.583-0500] {processor.py:161} INFO - Started process (PID=1416) to work on /opt/airflow/dags/ocr_pipeline_dag.py
[2025-11-08T14:11:03.585-0500] {processor.py:830} INFO - Processing file /opt/airflow/dags/ocr_pipeline_dag.py for tasks to queue
[2025-11-08T14:11:03.587-0500] {logging_mixin.py:188} INFO - [2025-11-08T14:11:03.587-0500] {dagbag.py:545} INFO - Filling up the DagBag from /opt/airflow/dags/ocr_pipeline_dag.py
[2025-11-08T14:11:03.613-0500] {logging_mixin.py:188} INFO - 📂 Using project root: /opt/project
[2025-11-08T14:11:03.850-0500] {logging_mixin.py:188} INFO - [2025-11-08T14:11:03.850-0500] {credentials.py:1278} INFO - Found credentials in shared credentials file: ~/.aws/credentials
[2025-11-08T14:11:04.684-0500] {processor.py:840} INFO - DAG(s) 'ocr_pipeline_dag' retrieved from /opt/airflow/dags/ocr_pipeline_dag.py
[2025-11-08T14:11:04.720-0500] {logging_mixin.py:188} INFO - [2025-11-08T14:11:04.719-0500] {dag.py:3089} INFO - Sync 1 DAGs
[2025-11-08T14:11:04.738-0500] {logging_mixin.py:188} INFO - [2025-11-08T14:11:04.737-0500] {dag.py:3947} INFO - Setting next_dagrun for ocr_pipeline_dag to None, run_after=None
[2025-11-08T14:11:04.761-0500] {processor.py:183} INFO - Processing /opt/airflow/dags/ocr_pipeline_dag.py took 1.187 seconds
[2025-11-08T14:11:35.813-0500] {processor.py:161} INFO - Started process (PID=1422) to work on /opt/airflow/dags/ocr_pipeline_dag.py
[2025-11-08T14:11:35.815-0500] {processor.py:830} INFO - Processing file /opt/airflow/dags/ocr_pipeline_dag.py for tasks to queue
[2025-11-08T14:11:35.820-0500] {logging_mixin.py:188} INFO - [2025-11-08T14:11:35.819-0500] {dagbag.py:545} INFO - Filling up the DagBag from /opt/airflow/dags/ocr_pipeline_dag.py
[2025-11-08T14:11:35.851-0500] {logging_mixin.py:188} INFO - 📂 Using project root: /opt/project
[2025-11-08T14:11:36.837-0500] {logging_mixin.py:188} INFO - [2025-11-08T14:11:36.836-0500] {credentials.py:1278} INFO - Found credentials in shared credentials file: ~/.aws/credentials
[2025-11-08T14:11:37.616-0500] {processor.py:840} INFO - DAG(s) 'ocr_pipeline_dag' retrieved from /opt/airflow/dags/ocr_pipeline_dag.py
[2025-11-08T14:11:37.661-0500] {logging_mixin.py:188} INFO - [2025-11-08T14:11:37.661-0500] {dag.py:3089} INFO - Sync 1 DAGs
[2025-11-08T14:11:37.680-0500] {logging_mixin.py:188} INFO - [2025-11-08T14:11:37.679-0500] {dag.py:3947} INFO - Setting next_dagrun for ocr_pipeline_dag to None, run_after=None
[2025-11-08T14:11:37.708-0500] {processor.py:183} INFO - Processing /opt/airflow/dags/ocr_pipeline_dag.py took 1.172 seconds
[2025-11-08T14:12:08.499-0500] {processor.py:161} INFO - Started process (PID=1428) to work on /opt/airflow/dags/ocr_pipeline_dag.py
[2025-11-08T14:12:08.500-0500] {processor.py:830} INFO - Processing file /opt/airflow/dags/ocr_pipeline_dag.py for tasks to queue
[2025-11-08T14:12:08.503-0500] {logging_mixin.py:188} INFO - [2025-11-08T14:12:08.503-0500] {dagbag.py:545} INFO - Filling up the DagBag from /opt/airflow/dags/ocr_pipeline_dag.py
[2025-11-08T14:12:08.524-0500] {logging_mixin.py:188} INFO - 📂 Using project root: /opt/project
[2025-11-08T14:12:08.796-0500] {logging_mixin.py:188} INFO - [2025-11-08T14:12:08.795-0500] {credentials.py:1278} INFO - Found credentials in shared credentials file: ~/.aws/credentials
[2025-11-08T14:12:09.701-0500] {processor.py:840} INFO - DAG(s) 'ocr_pipeline_dag' retrieved from /opt/airflow/dags/ocr_pipeline_dag.py
[2025-11-08T14:12:09.756-0500] {logging_mixin.py:188} INFO - [2025-11-08T14:12:09.755-0500] {dag.py:3089} INFO - Sync 1 DAGs
[2025-11-08T14:12:09.775-0500] {logging_mixin.py:188} INFO - [2025-11-08T14:12:09.775-0500] {dag.py:3947} INFO - Setting next_dagrun for ocr_pipeline_dag to None, run_after=None
[2025-11-08T14:12:09.802-0500] {processor.py:183} INFO - Processing /opt/airflow/dags/ocr_pipeline_dag.py took 1.312 seconds
[2025-11-08T14:12:40.760-0500] {processor.py:161} INFO - Started process (PID=1434) to work on /opt/airflow/dags/ocr_pipeline_dag.py
[2025-11-08T14:12:40.763-0500] {processor.py:830} INFO - Processing file /opt/airflow/dags/ocr_pipeline_dag.py for tasks to queue
[2025-11-08T14:12:40.769-0500] {logging_mixin.py:188} INFO - [2025-11-08T14:12:40.768-0500] {dagbag.py:545} INFO - Filling up the DagBag from /opt/airflow/dags/ocr_pipeline_dag.py
[2025-11-08T14:12:40.789-0500] {logging_mixin.py:188} INFO - 📂 Using project root: /opt/project
[2025-11-08T14:12:41.035-0500] {logging_mixin.py:188} INFO - [2025-11-08T14:12:41.035-0500] {credentials.py:1278} INFO - Found credentials in shared credentials file: ~/.aws/credentials
[2025-11-08T14:12:42.093-0500] {processor.py:840} INFO - DAG(s) 'ocr_pipeline_dag' retrieved from /opt/airflow/dags/ocr_pipeline_dag.py
[2025-11-08T14:12:42.141-0500] {logging_mixin.py:188} INFO - [2025-11-08T14:12:42.141-0500] {dag.py:3089} INFO - Sync 1 DAGs
[2025-11-08T14:12:42.166-0500] {logging_mixin.py:188} INFO - [2025-11-08T14:12:42.165-0500] {dag.py:3947} INFO - Setting next_dagrun for ocr_pipeline_dag to None, run_after=None
[2025-11-08T14:12:42.202-0500] {processor.py:183} INFO - Processing /opt/airflow/dags/ocr_pipeline_dag.py took 1.456 seconds
[2025-11-08T14:13:12.306-0500] {processor.py:161} INFO - Started process (PID=1440) to work on /opt/airflow/dags/ocr_pipeline_dag.py
[2025-11-08T14:13:12.308-0500] {processor.py:830} INFO - Processing file /opt/airflow/dags/ocr_pipeline_dag.py for tasks to queue
[2025-11-08T14:13:12.310-0500] {logging_mixin.py:188} INFO - [2025-11-08T14:13:12.310-0500] {dagbag.py:545} INFO - Filling up the DagBag from /opt/airflow/dags/ocr_pipeline_dag.py
[2025-11-08T14:13:12.331-0500] {logging_mixin.py:188} INFO - 📂 Using project root: /opt/project
[2025-11-08T14:13:12.524-0500] {logging_mixin.py:188} INFO - [2025-11-08T14:13:12.524-0500] {credentials.py:1278} INFO - Found credentials in shared credentials file: ~/.aws/credentials
[2025-11-08T14:13:13.315-0500] {processor.py:840} INFO - DAG(s) 'ocr_pipeline_dag' retrieved from /opt/airflow/dags/ocr_pipeline_dag.py
[2025-11-08T14:13:13.344-0500] {logging_mixin.py:188} INFO - [2025-11-08T14:13:13.344-0500] {dag.py:3089} INFO - Sync 1 DAGs
[2025-11-08T14:13:13.357-0500] {logging_mixin.py:188} INFO - [2025-11-08T14:13:13.357-0500] {dag.py:3947} INFO - Setting next_dagrun for ocr_pipeline_dag to None, run_after=None
[2025-11-08T14:13:13.384-0500] {processor.py:183} INFO - Processing /opt/airflow/dags/ocr_pipeline_dag.py took 1.085 seconds
[2025-11-08T14:13:44.281-0500] {processor.py:161} INFO - Started process (PID=1446) to work on /opt/airflow/dags/ocr_pipeline_dag.py
[2025-11-08T14:13:44.283-0500] {processor.py:830} INFO - Processing file /opt/airflow/dags/ocr_pipeline_dag.py for tasks to queue
[2025-11-08T14:13:44.286-0500] {logging_mixin.py:188} INFO - [2025-11-08T14:13:44.286-0500] {dagbag.py:545} INFO - Filling up the DagBag from /opt/airflow/dags/ocr_pipeline_dag.py
[2025-11-08T14:13:44.311-0500] {logging_mixin.py:188} INFO - 📂 Using project root: /opt/project
[2025-11-08T14:13:44.550-0500] {logging_mixin.py:188} INFO - [2025-11-08T14:13:44.550-0500] {credentials.py:1278} INFO - Found credentials in shared credentials file: ~/.aws/credentials
[2025-11-08T14:13:45.313-0500] {processor.py:840} INFO - DAG(s) 'ocr_pipeline_dag' retrieved from /opt/airflow/dags/ocr_pipeline_dag.py
[2025-11-08T14:13:45.349-0500] {logging_mixin.py:188} INFO - [2025-11-08T14:13:45.348-0500] {dag.py:3089} INFO - Sync 1 DAGs
[2025-11-08T14:13:45.363-0500] {logging_mixin.py:188} INFO - [2025-11-08T14:13:45.362-0500] {dag.py:3947} INFO - Setting next_dagrun for ocr_pipeline_dag to None, run_after=None
[2025-11-08T14:13:45.392-0500] {processor.py:183} INFO - Processing /opt/airflow/dags/ocr_pipeline_dag.py took 1.120 seconds
[2025-11-08T14:14:16.327-0500] {processor.py:161} INFO - Started process (PID=1452) to work on /opt/airflow/dags/ocr_pipeline_dag.py
[2025-11-08T14:14:16.329-0500] {processor.py:830} INFO - Processing file /opt/airflow/dags/ocr_pipeline_dag.py for tasks to queue
[2025-11-08T14:14:16.333-0500] {logging_mixin.py:188} INFO - [2025-11-08T14:14:16.333-0500] {dagbag.py:545} INFO - Filling up the DagBag from /opt/airflow/dags/ocr_pipeline_dag.py
[2025-11-08T14:14:16.357-0500] {logging_mixin.py:188} INFO - 📂 Using project root: /opt/project
[2025-11-08T14:14:16.582-0500] {logging_mixin.py:188} INFO - [2025-11-08T14:14:16.582-0500] {credentials.py:1278} INFO - Found credentials in shared credentials file: ~/.aws/credentials
[2025-11-08T14:14:17.453-0500] {processor.py:840} INFO - DAG(s) 'ocr_pipeline_dag' retrieved from /opt/airflow/dags/ocr_pipeline_dag.py
[2025-11-08T14:14:17.482-0500] {logging_mixin.py:188} INFO - [2025-11-08T14:14:17.482-0500] {dag.py:3089} INFO - Sync 1 DAGs
[2025-11-08T14:14:17.496-0500] {logging_mixin.py:188} INFO - [2025-11-08T14:14:17.496-0500] {dag.py:3947} INFO - Setting next_dagrun for ocr_pipeline_dag to None, run_after=None
[2025-11-08T14:14:17.519-0500] {processor.py:183} INFO - Processing /opt/airflow/dags/ocr_pipeline_dag.py took 1.203 seconds
[2025-11-08T14:14:48.378-0500] {processor.py:161} INFO - Started process (PID=1458) to work on /opt/airflow/dags/ocr_pipeline_dag.py
[2025-11-08T14:14:48.380-0500] {processor.py:830} INFO - Processing file /opt/airflow/dags/ocr_pipeline_dag.py for tasks to queue
[2025-11-08T14:14:48.383-0500] {logging_mixin.py:188} INFO - [2025-11-08T14:14:48.383-0500] {dagbag.py:545} INFO - Filling up the DagBag from /opt/airflow/dags/ocr_pipeline_dag.py
[2025-11-08T14:14:48.408-0500] {logging_mixin.py:188} INFO - 📂 Using project root: /opt/project
[2025-11-08T14:14:48.645-0500] {logging_mixin.py:188} INFO - [2025-11-08T14:14:48.644-0500] {credentials.py:1278} INFO - Found credentials in shared credentials file: ~/.aws/credentials
[2025-11-08T14:14:49.700-0500] {processor.py:840} INFO - DAG(s) 'ocr_pipeline_dag' retrieved from /opt/airflow/dags/ocr_pipeline_dag.py
[2025-11-08T14:14:49.751-0500] {logging_mixin.py:188} INFO - [2025-11-08T14:14:49.750-0500] {dag.py:3089} INFO - Sync 1 DAGs
[2025-11-08T14:14:49.771-0500] {logging_mixin.py:188} INFO - [2025-11-08T14:14:49.770-0500] {dag.py:3947} INFO - Setting next_dagrun for ocr_pipeline_dag to None, run_after=None
[2025-11-08T14:14:50.000-0500] {processor.py:183} INFO - Processing /opt/airflow/dags/ocr_pipeline_dag.py took 1.636 seconds
[2025-11-08T14:15:20.568-0500] {processor.py:161} INFO - Started process (PID=1464) to work on /opt/airflow/dags/ocr_pipeline_dag.py
[2025-11-08T14:15:20.573-0500] {processor.py:830} INFO - Processing file /opt/airflow/dags/ocr_pipeline_dag.py for tasks to queue
[2025-11-08T14:15:20.583-0500] {logging_mixin.py:188} INFO - [2025-11-08T14:15:20.581-0500] {dagbag.py:545} INFO - Filling up the DagBag from /opt/airflow/dags/ocr_pipeline_dag.py
[2025-11-08T14:15:20.615-0500] {logging_mixin.py:188} INFO - 📂 Using project root: /opt/project
[2025-11-08T14:15:20.882-0500] {logging_mixin.py:188} INFO - [2025-11-08T14:15:20.881-0500] {credentials.py:1278} INFO - Found credentials in shared credentials file: ~/.aws/credentials
[2025-11-08T14:15:22.050-0500] {processor.py:840} INFO - DAG(s) 'ocr_pipeline_dag' retrieved from /opt/airflow/dags/ocr_pipeline_dag.py
[2025-11-08T14:15:22.101-0500] {logging_mixin.py:188} INFO - [2025-11-08T14:15:22.100-0500] {dag.py:3089} INFO - Sync 1 DAGs
[2025-11-08T14:15:22.120-0500] {logging_mixin.py:188} INFO - [2025-11-08T14:15:22.120-0500] {dag.py:3947} INFO - Setting next_dagrun for ocr_pipeline_dag to None, run_after=None
[2025-11-08T14:15:22.160-0500] {processor.py:183} INFO - Processing /opt/airflow/dags/ocr_pipeline_dag.py took 1.619 seconds
[2025-11-08T14:15:53.031-0500] {processor.py:161} INFO - Started process (PID=1470) to work on /opt/airflow/dags/ocr_pipeline_dag.py
[2025-11-08T14:15:53.033-0500] {processor.py:830} INFO - Processing file /opt/airflow/dags/ocr_pipeline_dag.py for tasks to queue
[2025-11-08T14:15:53.041-0500] {logging_mixin.py:188} INFO - [2025-11-08T14:15:53.038-0500] {dagbag.py:545} INFO - Filling up the DagBag from /opt/airflow/dags/ocr_pipeline_dag.py
[2025-11-08T14:15:53.070-0500] {logging_mixin.py:188} INFO - 📂 Using project root: /opt/project
[2025-11-08T14:15:53.297-0500] {logging_mixin.py:188} INFO - [2025-11-08T14:15:53.297-0500] {credentials.py:1278} INFO - Found credentials in shared credentials file: ~/.aws/credentials
[2025-11-08T14:15:54.155-0500] {processor.py:840} INFO - DAG(s) 'ocr_pipeline_dag' retrieved from /opt/airflow/dags/ocr_pipeline_dag.py
[2025-11-08T14:15:54.191-0500] {logging_mixin.py:188} INFO - [2025-11-08T14:15:54.190-0500] {dag.py:3089} INFO - Sync 1 DAGs
[2025-11-08T14:15:54.206-0500] {logging_mixin.py:188} INFO - [2025-11-08T14:15:54.206-0500] {dag.py:3947} INFO - Setting next_dagrun for ocr_pipeline_dag to None, run_after=None
[2025-11-08T14:15:54.237-0500] {processor.py:183} INFO - Processing /opt/airflow/dags/ocr_pipeline_dag.py took 1.217 seconds
[2025-11-08T14:16:25.124-0500] {processor.py:161} INFO - Started process (PID=1476) to work on /opt/airflow/dags/ocr_pipeline_dag.py
[2025-11-08T14:16:25.126-0500] {processor.py:830} INFO - Processing file /opt/airflow/dags/ocr_pipeline_dag.py for tasks to queue
[2025-11-08T14:16:25.129-0500] {logging_mixin.py:188} INFO - [2025-11-08T14:16:25.129-0500] {dagbag.py:545} INFO - Filling up the DagBag from /opt/airflow/dags/ocr_pipeline_dag.py
[2025-11-08T14:16:25.154-0500] {logging_mixin.py:188} INFO - 📂 Using project root: /opt/project
[2025-11-08T14:16:25.348-0500] {logging_mixin.py:188} INFO - [2025-11-08T14:16:25.347-0500] {credentials.py:1278} INFO - Found credentials in shared credentials file: ~/.aws/credentials
[2025-11-08T14:16:26.131-0500] {processor.py:840} INFO - DAG(s) 'ocr_pipeline_dag' retrieved from /opt/airflow/dags/ocr_pipeline_dag.py
[2025-11-08T14:16:26.165-0500] {logging_mixin.py:188} INFO - [2025-11-08T14:16:26.164-0500] {dag.py:3089} INFO - Sync 1 DAGs
[2025-11-08T14:16:26.184-0500] {logging_mixin.py:188} INFO - [2025-11-08T14:16:26.183-0500] {dag.py:3947} INFO - Setting next_dagrun for ocr_pipeline_dag to None, run_after=None
[2025-11-08T14:16:26.216-0500] {processor.py:183} INFO - Processing /opt/airflow/dags/ocr_pipeline_dag.py took 1.101 seconds
[2025-11-08T14:16:57.143-0500] {processor.py:161} INFO - Started process (PID=1482) to work on /opt/airflow/dags/ocr_pipeline_dag.py
[2025-11-08T14:16:57.144-0500] {processor.py:830} INFO - Processing file /opt/airflow/dags/ocr_pipeline_dag.py for tasks to queue
[2025-11-08T14:16:57.146-0500] {logging_mixin.py:188} INFO - [2025-11-08T14:16:57.146-0500] {dagbag.py:545} INFO - Filling up the DagBag from /opt/airflow/dags/ocr_pipeline_dag.py
[2025-11-08T14:16:57.164-0500] {logging_mixin.py:188} INFO - 📂 Using project root: /opt/project
[2025-11-08T14:16:57.355-0500] {logging_mixin.py:188} INFO - [2025-11-08T14:16:57.355-0500] {credentials.py:1278} INFO - Found credentials in shared credentials file: ~/.aws/credentials
[2025-11-08T14:16:58.145-0500] {processor.py:840} INFO - DAG(s) 'ocr_pipeline_dag' retrieved from /opt/airflow/dags/ocr_pipeline_dag.py
[2025-11-08T14:16:58.176-0500] {logging_mixin.py:188} INFO - [2025-11-08T14:16:58.176-0500] {dag.py:3089} INFO - Sync 1 DAGs
[2025-11-08T14:16:58.193-0500] {logging_mixin.py:188} INFO - [2025-11-08T14:16:58.193-0500] {dag.py:3947} INFO - Setting next_dagrun for ocr_pipeline_dag to None, run_after=None
[2025-11-08T14:16:58.219-0500] {processor.py:183} INFO - Processing /opt/airflow/dags/ocr_pipeline_dag.py took 1.084 seconds
[2025-11-08T14:17:29.203-0500] {processor.py:161} INFO - Started process (PID=1488) to work on /opt/airflow/dags/ocr_pipeline_dag.py
[2025-11-08T14:17:29.205-0500] {processor.py:830} INFO - Processing file /opt/airflow/dags/ocr_pipeline_dag.py for tasks to queue
[2025-11-08T14:17:29.207-0500] {logging_mixin.py:188} INFO - [2025-11-08T14:17:29.206-0500] {dagbag.py:545} INFO - Filling up the DagBag from /opt/airflow/dags/ocr_pipeline_dag.py
[2025-11-08T14:17:29.225-0500] {logging_mixin.py:188} INFO - 📂 Using project root: /opt/project
[2025-11-08T14:17:29.413-0500] {logging_mixin.py:188} INFO - [2025-11-08T14:17:29.412-0500] {credentials.py:1278} INFO - Found credentials in shared credentials file: ~/.aws/credentials
[2025-11-08T14:17:30.464-0500] {processor.py:840} INFO - DAG(s) 'ocr_pipeline_dag' retrieved from /opt/airflow/dags/ocr_pipeline_dag.py
[2025-11-08T14:17:30.500-0500] {logging_mixin.py:188} INFO - [2025-11-08T14:17:30.499-0500] {dag.py:3089} INFO - Sync 1 DAGs
[2025-11-08T14:17:30.520-0500] {logging_mixin.py:188} INFO - [2025-11-08T14:17:30.519-0500] {dag.py:3947} INFO - Setting next_dagrun for ocr_pipeline_dag to None, run_after=None
[2025-11-08T14:17:30.544-0500] {processor.py:183} INFO - Processing /opt/airflow/dags/ocr_pipeline_dag.py took 1.349 seconds
[2025-11-08T14:18:01.168-0500] {processor.py:161} INFO - Started process (PID=1494) to work on /opt/airflow/dags/ocr_pipeline_dag.py
[2025-11-08T14:18:01.170-0500] {processor.py:830} INFO - Processing file /opt/airflow/dags/ocr_pipeline_dag.py for tasks to queue
[2025-11-08T14:18:01.172-0500] {logging_mixin.py:188} INFO - [2025-11-08T14:18:01.172-0500] {dagbag.py:545} INFO - Filling up the DagBag from /opt/airflow/dags/ocr_pipeline_dag.py
[2025-11-08T14:18:01.192-0500] {logging_mixin.py:188} INFO - 📂 Using project root: /opt/project
[2025-11-08T14:18:01.379-0500] {logging_mixin.py:188} INFO - [2025-11-08T14:18:01.379-0500] {credentials.py:1278} INFO - Found credentials in shared credentials file: ~/.aws/credentials
[2025-11-08T14:18:02.145-0500] {processor.py:840} INFO - DAG(s) 'ocr_pipeline_dag' retrieved from /opt/airflow/dags/ocr_pipeline_dag.py
[2025-11-08T14:18:02.190-0500] {logging_mixin.py:188} INFO - [2025-11-08T14:18:02.190-0500] {dag.py:3089} INFO - Sync 1 DAGs
[2025-11-08T14:18:02.206-0500] {logging_mixin.py:188} INFO - [2025-11-08T14:18:02.206-0500] {dag.py:3947} INFO - Setting next_dagrun for ocr_pipeline_dag to None, run_after=None
[2025-11-08T14:18:02.238-0500] {processor.py:183} INFO - Processing /opt/airflow/dags/ocr_pipeline_dag.py took 1.080 seconds
[2025-11-08T14:18:33.166-0500] {processor.py:161} INFO - Started process (PID=1500) to work on /opt/airflow/dags/ocr_pipeline_dag.py
[2025-11-08T14:18:33.168-0500] {processor.py:830} INFO - Processing file /opt/airflow/dags/ocr_pipeline_dag.py for tasks to queue
[2025-11-08T14:18:33.172-0500] {logging_mixin.py:188} INFO - [2025-11-08T14:18:33.171-0500] {dagbag.py:545} INFO - Filling up the DagBag from /opt/airflow/dags/ocr_pipeline_dag.py
[2025-11-08T14:18:33.194-0500] {logging_mixin.py:188} INFO - 📂 Using project root: /opt/project
[2025-11-08T14:18:33.385-0500] {logging_mixin.py:188} INFO - [2025-11-08T14:18:33.385-0500] {credentials.py:1278} INFO - Found credentials in shared credentials file: ~/.aws/credentials
[2025-11-08T14:18:34.200-0500] {processor.py:840} INFO - DAG(s) 'ocr_pipeline_dag' retrieved from /opt/airflow/dags/ocr_pipeline_dag.py
[2025-11-08T14:18:34.240-0500] {logging_mixin.py:188} INFO - [2025-11-08T14:18:34.239-0500] {dag.py:3089} INFO - Sync 1 DAGs
[2025-11-08T14:18:34.255-0500] {logging_mixin.py:188} INFO - [2025-11-08T14:18:34.255-0500] {dag.py:3947} INFO - Setting next_dagrun for ocr_pipeline_dag to None, run_after=None
[2025-11-08T14:18:34.280-0500] {processor.py:183} INFO - Processing /opt/airflow/dags/ocr_pipeline_dag.py took 1.121 seconds
[2025-11-08T14:19:05.189-0500] {processor.py:161} INFO - Started process (PID=1506) to work on /opt/airflow/dags/ocr_pipeline_dag.py
[2025-11-08T14:19:05.191-0500] {processor.py:830} INFO - Processing file /opt/airflow/dags/ocr_pipeline_dag.py for tasks to queue
[2025-11-08T14:19:05.195-0500] {logging_mixin.py:188} INFO - [2025-11-08T14:19:05.194-0500] {dagbag.py:545} INFO - Filling up the DagBag from /opt/airflow/dags/ocr_pipeline_dag.py
[2025-11-08T14:19:05.213-0500] {logging_mixin.py:188} INFO - 📂 Using project root: /opt/project
[2025-11-08T14:19:05.411-0500] {logging_mixin.py:188} INFO - [2025-11-08T14:19:05.411-0500] {credentials.py:1278} INFO - Found credentials in shared credentials file: ~/.aws/credentials
[2025-11-08T14:19:06.188-0500] {processor.py:840} INFO - DAG(s) 'ocr_pipeline_dag' retrieved from /opt/airflow/dags/ocr_pipeline_dag.py
[2025-11-08T14:19:06.221-0500] {logging_mixin.py:188} INFO - [2025-11-08T14:19:06.221-0500] {dag.py:3089} INFO - Sync 1 DAGs
[2025-11-08T14:19:06.237-0500] {logging_mixin.py:188} INFO - [2025-11-08T14:19:06.237-0500] {dag.py:3947} INFO - Setting next_dagrun for ocr_pipeline_dag to None, run_after=None
[2025-11-08T14:19:06.260-0500] {processor.py:183} INFO - Processing /opt/airflow/dags/ocr_pipeline_dag.py took 1.081 seconds
[2025-11-08T14:19:37.266-0500] {processor.py:161} INFO - Started process (PID=1512) to work on /opt/airflow/dags/ocr_pipeline_dag.py
[2025-11-08T14:19:37.268-0500] {processor.py:830} INFO - Processing file /opt/airflow/dags/ocr_pipeline_dag.py for tasks to queue
[2025-11-08T14:19:37.272-0500] {logging_mixin.py:188} INFO - [2025-11-08T14:19:37.272-0500] {dagbag.py:545} INFO - Filling up the DagBag from /opt/airflow/dags/ocr_pipeline_dag.py
[2025-11-08T14:19:37.294-0500] {logging_mixin.py:188} INFO - 📂 Using project root: /opt/project
[2025-11-08T14:19:37.506-0500] {logging_mixin.py:188} INFO - [2025-11-08T14:19:37.505-0500] {credentials.py:1278} INFO - Found credentials in shared credentials file: ~/.aws/credentials
[2025-11-08T14:19:38.363-0500] {processor.py:840} INFO - DAG(s) 'ocr_pipeline_dag' retrieved from /opt/airflow/dags/ocr_pipeline_dag.py
[2025-11-08T14:19:38.406-0500] {logging_mixin.py:188} INFO - [2025-11-08T14:19:38.405-0500] {dag.py:3089} INFO - Sync 1 DAGs
[2025-11-08T14:19:38.421-0500] {logging_mixin.py:188} INFO - [2025-11-08T14:19:38.420-0500] {dag.py:3947} INFO - Setting next_dagrun for ocr_pipeline_dag to None, run_after=None
[2025-11-08T14:19:38.448-0500] {processor.py:183} INFO - Processing /opt/airflow/dags/ocr_pipeline_dag.py took 1.196 seconds
[2025-11-08T14:20:09.276-0500] {processor.py:161} INFO - Started process (PID=1518) to work on /opt/airflow/dags/ocr_pipeline_dag.py
[2025-11-08T14:20:09.278-0500] {processor.py:830} INFO - Processing file /opt/airflow/dags/ocr_pipeline_dag.py for tasks to queue
[2025-11-08T14:20:09.281-0500] {logging_mixin.py:188} INFO - [2025-11-08T14:20:09.281-0500] {dagbag.py:545} INFO - Filling up the DagBag from /opt/airflow/dags/ocr_pipeline_dag.py
[2025-11-08T14:20:09.305-0500] {logging_mixin.py:188} INFO - 📂 Using project root: /opt/project
[2025-11-08T14:20:09.526-0500] {logging_mixin.py:188} INFO - [2025-11-08T14:20:09.525-0500] {credentials.py:1278} INFO - Found credentials in shared credentials file: ~/.aws/credentials
[2025-11-08T14:20:10.662-0500] {processor.py:840} INFO - DAG(s) 'ocr_pipeline_dag' retrieved from /opt/airflow/dags/ocr_pipeline_dag.py
[2025-11-08T14:20:10.704-0500] {logging_mixin.py:188} INFO - [2025-11-08T14:20:10.703-0500] {dag.py:3089} INFO - Sync 1 DAGs
[2025-11-08T14:20:10.724-0500] {logging_mixin.py:188} INFO - [2025-11-08T14:20:10.723-0500] {dag.py:3947} INFO - Setting next_dagrun for ocr_pipeline_dag to None, run_after=None
[2025-11-08T14:20:10.750-0500] {processor.py:183} INFO - Processing /opt/airflow/dags/ocr_pipeline_dag.py took 1.489 seconds
[2025-11-08T14:20:41.397-0500] {processor.py:161} INFO - Started process (PID=1524) to work on /opt/airflow/dags/ocr_pipeline_dag.py
[2025-11-08T14:20:41.398-0500] {processor.py:830} INFO - Processing file /opt/airflow/dags/ocr_pipeline_dag.py for tasks to queue
[2025-11-08T14:20:41.401-0500] {logging_mixin.py:188} INFO - [2025-11-08T14:20:41.401-0500] {dagbag.py:545} INFO - Filling up the DagBag from /opt/airflow/dags/ocr_pipeline_dag.py
[2025-11-08T14:20:41.425-0500] {logging_mixin.py:188} INFO - 📂 Using project root: /opt/project
[2025-11-08T14:20:41.607-0500] {logging_mixin.py:188} INFO - [2025-11-08T14:20:41.607-0500] {credentials.py:1278} INFO - Found credentials in shared credentials file: ~/.aws/credentials
[2025-11-08T14:20:42.440-0500] {processor.py:840} INFO - DAG(s) 'ocr_pipeline_dag' retrieved from /opt/airflow/dags/ocr_pipeline_dag.py
[2025-11-08T14:20:42.474-0500] {logging_mixin.py:188} INFO - [2025-11-08T14:20:42.474-0500] {dag.py:3089} INFO - Sync 1 DAGs
[2025-11-08T14:20:42.489-0500] {logging_mixin.py:188} INFO - [2025-11-08T14:20:42.488-0500] {dag.py:3947} INFO - Setting next_dagrun for ocr_pipeline_dag to None, run_after=None
[2025-11-08T14:20:42.523-0500] {processor.py:183} INFO - Processing /opt/airflow/dags/ocr_pipeline_dag.py took 1.133 seconds
[2025-11-08T14:21:13.382-0500] {processor.py:161} INFO - Started process (PID=1530) to work on /opt/airflow/dags/ocr_pipeline_dag.py
[2025-11-08T14:21:13.384-0500] {processor.py:830} INFO - Processing file /opt/airflow/dags/ocr_pipeline_dag.py for tasks to queue
[2025-11-08T14:21:13.387-0500] {logging_mixin.py:188} INFO - [2025-11-08T14:21:13.387-0500] {dagbag.py:545} INFO - Filling up the DagBag from /opt/airflow/dags/ocr_pipeline_dag.py
[2025-11-08T14:21:13.412-0500] {logging_mixin.py:188} INFO - 📂 Using project root: /opt/project
[2025-11-08T14:21:13.669-0500] {logging_mixin.py:188} INFO - [2025-11-08T14:21:13.669-0500] {credentials.py:1278} INFO - Found credentials in shared credentials file: ~/.aws/credentials
[2025-11-08T14:21:14.897-0500] {processor.py:840} INFO - DAG(s) 'ocr_pipeline_dag' retrieved from /opt/airflow/dags/ocr_pipeline_dag.py
[2025-11-08T14:21:14.938-0500] {logging_mixin.py:188} INFO - [2025-11-08T14:21:14.937-0500] {dag.py:3089} INFO - Sync 1 DAGs
[2025-11-08T14:21:14.954-0500] {logging_mixin.py:188} INFO - [2025-11-08T14:21:14.954-0500] {dag.py:3947} INFO - Setting next_dagrun for ocr_pipeline_dag to None, run_after=None
[2025-11-08T14:21:14.987-0500] {processor.py:183} INFO - Processing /opt/airflow/dags/ocr_pipeline_dag.py took 1.617 seconds
[2025-11-08T14:21:45.516-0500] {processor.py:161} INFO - Started process (PID=1536) to work on /opt/airflow/dags/ocr_pipeline_dag.py
[2025-11-08T14:21:45.518-0500] {processor.py:830} INFO - Processing file /opt/airflow/dags/ocr_pipeline_dag.py for tasks to queue
[2025-11-08T14:21:45.521-0500] {logging_mixin.py:188} INFO - [2025-11-08T14:21:45.521-0500] {dagbag.py:545} INFO - Filling up the DagBag from /opt/airflow/dags/ocr_pipeline_dag.py
[2025-11-08T14:21:45.545-0500] {logging_mixin.py:188} INFO - 📂 Using project root: /opt/project
[2025-11-08T14:21:45.760-0500] {logging_mixin.py:188} INFO - [2025-11-08T14:21:45.759-0500] {credentials.py:1278} INFO - Found credentials in shared credentials file: ~/.aws/credentials
[2025-11-08T14:21:46.511-0500] {processor.py:840} INFO - DAG(s) 'ocr_pipeline_dag' retrieved from /opt/airflow/dags/ocr_pipeline_dag.py
[2025-11-08T14:21:46.544-0500] {logging_mixin.py:188} INFO - [2025-11-08T14:21:46.544-0500] {dag.py:3089} INFO - Sync 1 DAGs
[2025-11-08T14:21:46.559-0500] {logging_mixin.py:188} INFO - [2025-11-08T14:21:46.559-0500] {dag.py:3947} INFO - Setting next_dagrun for ocr_pipeline_dag to None, run_after=None
[2025-11-08T14:21:46.586-0500] {processor.py:183} INFO - Processing /opt/airflow/dags/ocr_pipeline_dag.py took 1.084 seconds
[2025-11-08T14:22:17.581-0500] {processor.py:161} INFO - Started process (PID=1542) to work on /opt/airflow/dags/ocr_pipeline_dag.py
[2025-11-08T14:22:17.586-0500] {processor.py:830} INFO - Processing file /opt/airflow/dags/ocr_pipeline_dag.py for tasks to queue
[2025-11-08T14:22:17.603-0500] {logging_mixin.py:188} INFO - [2025-11-08T14:22:17.602-0500] {dagbag.py:545} INFO - Filling up the DagBag from /opt/airflow/dags/ocr_pipeline_dag.py
[2025-11-08T14:22:17.641-0500] {logging_mixin.py:188} INFO - 📂 Using project root: /opt/project
[2025-11-08T14:22:18.025-0500] {logging_mixin.py:188} INFO - [2025-11-08T14:22:18.024-0500] {credentials.py:1278} INFO - Found credentials in shared credentials file: ~/.aws/credentials
[2025-11-08T14:22:21.477-0500] {processor.py:840} INFO - DAG(s) 'ocr_pipeline_dag' retrieved from /opt/airflow/dags/ocr_pipeline_dag.py
[2025-11-08T14:22:22.736-0500] {logging_mixin.py:188} INFO - [2025-11-08T14:22:22.734-0500] {dag.py:3089} INFO - Sync 1 DAGs
[2025-11-08T14:22:22.973-0500] {logging_mixin.py:188} INFO - [2025-11-08T14:22:22.972-0500] {dag.py:3947} INFO - Setting next_dagrun for ocr_pipeline_dag to None, run_after=None
[2025-11-08T14:22:23.166-0500] {processor.py:183} INFO - Processing /opt/airflow/dags/ocr_pipeline_dag.py took 4.889 seconds
[2025-11-08T14:22:53.456-0500] {processor.py:161} INFO - Started process (PID=1548) to work on /opt/airflow/dags/ocr_pipeline_dag.py
[2025-11-08T14:22:53.458-0500] {processor.py:830} INFO - Processing file /opt/airflow/dags/ocr_pipeline_dag.py for tasks to queue
[2025-11-08T14:22:53.464-0500] {logging_mixin.py:188} INFO - [2025-11-08T14:22:53.463-0500] {dagbag.py:545} INFO - Filling up the DagBag from /opt/airflow/dags/ocr_pipeline_dag.py
[2025-11-08T14:22:53.489-0500] {logging_mixin.py:188} INFO - 📂 Using project root: /opt/project
[2025-11-08T14:22:53.771-0500] {logging_mixin.py:188} INFO - [2025-11-08T14:22:53.771-0500] {credentials.py:1278} INFO - Found credentials in shared credentials file: ~/.aws/credentials
[2025-11-08T14:22:54.655-0500] {processor.py:840} INFO - DAG(s) 'ocr_pipeline_dag' retrieved from /opt/airflow/dags/ocr_pipeline_dag.py
[2025-11-08T14:22:54.689-0500] {logging_mixin.py:188} INFO - [2025-11-08T14:22:54.689-0500] {dag.py:3089} INFO - Sync 1 DAGs
[2025-11-08T14:22:54.704-0500] {logging_mixin.py:188} INFO - [2025-11-08T14:22:54.703-0500] {dag.py:3947} INFO - Setting next_dagrun for ocr_pipeline_dag to None, run_after=None
[2025-11-08T14:22:54.729-0500] {processor.py:183} INFO - Processing /opt/airflow/dags/ocr_pipeline_dag.py took 1.290 seconds
[2025-11-08T14:23:24.859-0500] {processor.py:161} INFO - Started process (PID=1554) to work on /opt/airflow/dags/ocr_pipeline_dag.py
[2025-11-08T14:23:24.861-0500] {processor.py:830} INFO - Processing file /opt/airflow/dags/ocr_pipeline_dag.py for tasks to queue
[2025-11-08T14:23:24.866-0500] {logging_mixin.py:188} INFO - [2025-11-08T14:23:24.865-0500] {dagbag.py:545} INFO - Filling up the DagBag from /opt/airflow/dags/ocr_pipeline_dag.py
[2025-11-08T14:23:24.896-0500] {logging_mixin.py:188} INFO - 📂 Using project root: /opt/project
[2025-11-08T14:23:25.237-0500] {logging_mixin.py:188} INFO - [2025-11-08T14:23:25.236-0500] {credentials.py:1278} INFO - Found credentials in shared credentials file: ~/.aws/credentials
[2025-11-08T14:23:26.790-0500] {processor.py:840} INFO - DAG(s) 'ocr_pipeline_dag' retrieved from /opt/airflow/dags/ocr_pipeline_dag.py
[2025-11-08T14:23:26.996-0500] {logging_mixin.py:188} INFO - [2025-11-08T14:23:26.994-0500] {dag.py:3089} INFO - Sync 1 DAGs
[2025-11-08T14:23:27.114-0500] {logging_mixin.py:188} INFO - [2025-11-08T14:23:27.113-0500] {dag.py:3947} INFO - Setting next_dagrun for ocr_pipeline_dag to None, run_after=None
[2025-11-08T14:23:27.206-0500] {processor.py:183} INFO - Processing /opt/airflow/dags/ocr_pipeline_dag.py took 2.359 seconds
[2025-11-08T14:23:57.395-0500] {processor.py:161} INFO - Started process (PID=1560) to work on /opt/airflow/dags/ocr_pipeline_dag.py
[2025-11-08T14:23:57.397-0500] {processor.py:830} INFO - Processing file /opt/airflow/dags/ocr_pipeline_dag.py for tasks to queue
[2025-11-08T14:23:57.400-0500] {logging_mixin.py:188} INFO - [2025-11-08T14:23:57.400-0500] {dagbag.py:545} INFO - Filling up the DagBag from /opt/airflow/dags/ocr_pipeline_dag.py
[2025-11-08T14:23:57.425-0500] {logging_mixin.py:188} INFO - 📂 Using project root: /opt/project
[2025-11-08T14:23:57.759-0500] {logging_mixin.py:188} INFO - [2025-11-08T14:23:57.758-0500] {credentials.py:1278} INFO - Found credentials in shared credentials file: ~/.aws/credentials
[2025-11-08T14:23:58.985-0500] {processor.py:840} INFO - DAG(s) 'ocr_pipeline_dag' retrieved from /opt/airflow/dags/ocr_pipeline_dag.py
[2025-11-08T14:23:59.063-0500] {logging_mixin.py:188} INFO - [2025-11-08T14:23:59.061-0500] {dag.py:3089} INFO - Sync 1 DAGs
[2025-11-08T14:23:59.112-0500] {logging_mixin.py:188} INFO - [2025-11-08T14:23:59.112-0500] {dag.py:3947} INFO - Setting next_dagrun for ocr_pipeline_dag to None, run_after=None
[2025-11-08T14:23:59.165-0500] {processor.py:183} INFO - Processing /opt/airflow/dags/ocr_pipeline_dag.py took 1.781 seconds
[2025-11-08T14:24:29.405-0500] {processor.py:161} INFO - Started process (PID=1566) to work on /opt/airflow/dags/ocr_pipeline_dag.py
[2025-11-08T14:24:29.408-0500] {processor.py:830} INFO - Processing file /opt/airflow/dags/ocr_pipeline_dag.py for tasks to queue
[2025-11-08T14:24:29.413-0500] {logging_mixin.py:188} INFO - [2025-11-08T14:24:29.412-0500] {dagbag.py:545} INFO - Filling up the DagBag from /opt/airflow/dags/ocr_pipeline_dag.py
[2025-11-08T14:24:29.453-0500] {logging_mixin.py:188} INFO - 📂 Using project root: /opt/project
[2025-11-08T14:24:30.093-0500] {logging_mixin.py:188} INFO - [2025-11-08T14:24:30.093-0500] {credentials.py:1278} INFO - Found credentials in shared credentials file: ~/.aws/credentials
[2025-11-08T14:24:31.200-0500] {processor.py:840} INFO - DAG(s) 'ocr_pipeline_dag' retrieved from /opt/airflow/dags/ocr_pipeline_dag.py
[2025-11-08T14:24:31.252-0500] {logging_mixin.py:188} INFO - [2025-11-08T14:24:31.252-0500] {dag.py:3089} INFO - Sync 1 DAGs
[2025-11-08T14:24:31.268-0500] {logging_mixin.py:188} INFO - [2025-11-08T14:24:31.268-0500] {dag.py:3947} INFO - Setting next_dagrun for ocr_pipeline_dag to None, run_after=None
[2025-11-08T14:24:31.298-0500] {processor.py:183} INFO - Processing /opt/airflow/dags/ocr_pipeline_dag.py took 1.913 seconds
[2025-11-08T14:25:02.141-0500] {processor.py:161} INFO - Started process (PID=1572) to work on /opt/airflow/dags/ocr_pipeline_dag.py
[2025-11-08T14:25:02.142-0500] {processor.py:830} INFO - Processing file /opt/airflow/dags/ocr_pipeline_dag.py for tasks to queue
[2025-11-08T14:25:02.147-0500] {logging_mixin.py:188} INFO - [2025-11-08T14:25:02.146-0500] {dagbag.py:545} INFO - Filling up the DagBag from /opt/airflow/dags/ocr_pipeline_dag.py
[2025-11-08T14:25:02.169-0500] {logging_mixin.py:188} INFO - 📂 Using project root: /opt/project
[2025-11-08T14:25:02.512-0500] {logging_mixin.py:188} INFO - [2025-11-08T14:25:02.511-0500] {credentials.py:1278} INFO - Found credentials in shared credentials file: ~/.aws/credentials
[2025-11-08T14:25:03.639-0500] {processor.py:840} INFO - DAG(s) 'ocr_pipeline_dag' retrieved from /opt/airflow/dags/ocr_pipeline_dag.py
[2025-11-08T14:25:03.680-0500] {logging_mixin.py:188} INFO - [2025-11-08T14:25:03.679-0500] {dag.py:3089} INFO - Sync 1 DAGs
[2025-11-08T14:25:03.699-0500] {logging_mixin.py:188} INFO - [2025-11-08T14:25:03.699-0500] {dag.py:3947} INFO - Setting next_dagrun for ocr_pipeline_dag to None, run_after=None
[2025-11-08T14:25:03.726-0500] {processor.py:183} INFO - Processing /opt/airflow/dags/ocr_pipeline_dag.py took 1.601 seconds
[2025-11-08T14:25:34.676-0500] {processor.py:161} INFO - Started process (PID=1578) to work on /opt/airflow/dags/ocr_pipeline_dag.py
[2025-11-08T14:25:34.678-0500] {processor.py:830} INFO - Processing file /opt/airflow/dags/ocr_pipeline_dag.py for tasks to queue
[2025-11-08T14:25:34.688-0500] {logging_mixin.py:188} INFO - [2025-11-08T14:25:34.686-0500] {dagbag.py:545} INFO - Filling up the DagBag from /opt/airflow/dags/ocr_pipeline_dag.py
[2025-11-08T14:25:34.715-0500] {logging_mixin.py:188} INFO - 📂 Using project root: /opt/project
[2025-11-08T14:25:35.012-0500] {logging_mixin.py:188} INFO - [2025-11-08T14:25:35.012-0500] {credentials.py:1278} INFO - Found credentials in shared credentials file: ~/.aws/credentials
[2025-11-08T14:25:36.933-0500] {processor.py:840} INFO - DAG(s) 'ocr_pipeline_dag' retrieved from /opt/airflow/dags/ocr_pipeline_dag.py
[2025-11-08T14:25:37.005-0500] {logging_mixin.py:188} INFO - [2025-11-08T14:25:37.004-0500] {dag.py:3089} INFO - Sync 1 DAGs
[2025-11-08T14:25:37.032-0500] {logging_mixin.py:188} INFO - [2025-11-08T14:25:37.031-0500] {dag.py:3947} INFO - Setting next_dagrun for ocr_pipeline_dag to None, run_after=None
[2025-11-08T14:25:37.080-0500] {processor.py:183} INFO - Processing /opt/airflow/dags/ocr_pipeline_dag.py took 2.421 seconds
[2025-11-08T14:26:07.897-0500] {processor.py:161} INFO - Started process (PID=1584) to work on /opt/airflow/dags/ocr_pipeline_dag.py
[2025-11-08T14:26:07.900-0500] {processor.py:830} INFO - Processing file /opt/airflow/dags/ocr_pipeline_dag.py for tasks to queue
[2025-11-08T14:26:07.904-0500] {logging_mixin.py:188} INFO - [2025-11-08T14:26:07.904-0500] {dagbag.py:545} INFO - Filling up the DagBag from /opt/airflow/dags/ocr_pipeline_dag.py
[2025-11-08T14:26:07.931-0500] {logging_mixin.py:188} INFO - 📂 Using project root: /opt/project
[2025-11-08T14:26:08.219-0500] {logging_mixin.py:188} INFO - [2025-11-08T14:26:08.219-0500] {credentials.py:1278} INFO - Found credentials in shared credentials file: ~/.aws/credentials
[2025-11-08T14:26:09.384-0500] {processor.py:840} INFO - DAG(s) 'ocr_pipeline_dag' retrieved from /opt/airflow/dags/ocr_pipeline_dag.py
[2025-11-08T14:26:09.437-0500] {logging_mixin.py:188} INFO - [2025-11-08T14:26:09.436-0500] {dag.py:3089} INFO - Sync 1 DAGs
[2025-11-08T14:26:09.457-0500] {logging_mixin.py:188} INFO - [2025-11-08T14:26:09.456-0500] {dag.py:3947} INFO - Setting next_dagrun for ocr_pipeline_dag to None, run_after=None
[2025-11-08T14:26:09.524-0500] {processor.py:183} INFO - Processing /opt/airflow/dags/ocr_pipeline_dag.py took 1.639 seconds
[2025-11-08T14:26:39.724-0500] {processor.py:161} INFO - Started process (PID=1590) to work on /opt/airflow/dags/ocr_pipeline_dag.py
[2025-11-08T14:26:39.727-0500] {processor.py:830} INFO - Processing file /opt/airflow/dags/ocr_pipeline_dag.py for tasks to queue
[2025-11-08T14:26:39.731-0500] {logging_mixin.py:188} INFO - [2025-11-08T14:26:39.731-0500] {dagbag.py:545} INFO - Filling up the DagBag from /opt/airflow/dags/ocr_pipeline_dag.py
[2025-11-08T14:26:39.752-0500] {logging_mixin.py:188} INFO - 📂 Using project root: /opt/project
[2025-11-08T14:26:40.106-0500] {logging_mixin.py:188} INFO - [2025-11-08T14:26:40.106-0500] {credentials.py:1278} INFO - Found credentials in shared credentials file: ~/.aws/credentials
[2025-11-08T14:26:41.733-0500] {processor.py:840} INFO - DAG(s) 'ocr_pipeline_dag' retrieved from /opt/airflow/dags/ocr_pipeline_dag.py
[2025-11-08T14:26:41.786-0500] {logging_mixin.py:188} INFO - [2025-11-08T14:26:41.786-0500] {dag.py:3089} INFO - Sync 1 DAGs
[2025-11-08T14:26:41.813-0500] {logging_mixin.py:188} INFO - [2025-11-08T14:26:41.813-0500] {dag.py:3947} INFO - Setting next_dagrun for ocr_pipeline_dag to None, run_after=None
[2025-11-08T14:26:41.853-0500] {processor.py:183} INFO - Processing /opt/airflow/dags/ocr_pipeline_dag.py took 2.144 seconds
[2025-11-08T14:27:12.036-0500] {processor.py:161} INFO - Started process (PID=1596) to work on /opt/airflow/dags/ocr_pipeline_dag.py
[2025-11-08T14:27:12.039-0500] {processor.py:830} INFO - Processing file /opt/airflow/dags/ocr_pipeline_dag.py for tasks to queue
[2025-11-08T14:27:12.047-0500] {logging_mixin.py:188} INFO - [2025-11-08T14:27:12.046-0500] {dagbag.py:545} INFO - Filling up the DagBag from /opt/airflow/dags/ocr_pipeline_dag.py
[2025-11-08T14:27:12.076-0500] {logging_mixin.py:188} INFO - 📂 Using project root: /opt/project
[2025-11-08T14:27:12.359-0500] {logging_mixin.py:188} INFO - [2025-11-08T14:27:12.358-0500] {credentials.py:1278} INFO - Found credentials in shared credentials file: ~/.aws/credentials
[2025-11-08T14:27:13.513-0500] {processor.py:840} INFO - DAG(s) 'ocr_pipeline_dag' retrieved from /opt/airflow/dags/ocr_pipeline_dag.py
[2025-11-08T14:27:13.568-0500] {logging_mixin.py:188} INFO - [2025-11-08T14:27:13.567-0500] {dag.py:3089} INFO - Sync 1 DAGs
[2025-11-08T14:27:13.620-0500] {logging_mixin.py:188} INFO - [2025-11-08T14:27:13.620-0500] {dag.py:3947} INFO - Setting next_dagrun for ocr_pipeline_dag to None, run_after=None
[2025-11-08T14:27:13.872-0500] {processor.py:183} INFO - Processing /opt/airflow/dags/ocr_pipeline_dag.py took 1.862 seconds
[2025-11-08T14:27:44.408-0500] {processor.py:161} INFO - Started process (PID=1603) to work on /opt/airflow/dags/ocr_pipeline_dag.py
[2025-11-08T14:27:44.417-0500] {processor.py:830} INFO - Processing file /opt/airflow/dags/ocr_pipeline_dag.py for tasks to queue
[2025-11-08T14:27:44.432-0500] {logging_mixin.py:188} INFO - [2025-11-08T14:27:44.431-0500] {dagbag.py:545} INFO - Filling up the DagBag from /opt/airflow/dags/ocr_pipeline_dag.py
[2025-11-08T14:27:44.490-0500] {logging_mixin.py:188} INFO - 📂 Using project root: /opt/project
[2025-11-08T14:27:45.297-0500] {logging_mixin.py:188} INFO - [2025-11-08T14:27:45.296-0500] {credentials.py:1278} INFO - Found credentials in shared credentials file: ~/.aws/credentials
[2025-11-08T14:27:48.586-0500] {processor.py:840} INFO - DAG(s) 'ocr_pipeline_dag' retrieved from /opt/airflow/dags/ocr_pipeline_dag.py
[2025-11-08T14:27:48.696-0500] {logging_mixin.py:188} INFO - [2025-11-08T14:27:48.695-0500] {dag.py:3089} INFO - Sync 1 DAGs
[2025-11-08T14:27:48.754-0500] {logging_mixin.py:188} INFO - [2025-11-08T14:27:48.754-0500] {dag.py:3947} INFO - Setting next_dagrun for ocr_pipeline_dag to None, run_after=None
[2025-11-08T14:27:48.820-0500] {processor.py:183} INFO - Processing /opt/airflow/dags/ocr_pipeline_dag.py took 4.460 seconds
[2025-11-08T14:28:19.093-0500] {processor.py:161} INFO - Started process (PID=1625) to work on /opt/airflow/dags/ocr_pipeline_dag.py
[2025-11-08T14:28:19.096-0500] {processor.py:830} INFO - Processing file /opt/airflow/dags/ocr_pipeline_dag.py for tasks to queue
[2025-11-08T14:28:19.099-0500] {logging_mixin.py:188} INFO - [2025-11-08T14:28:19.099-0500] {dagbag.py:545} INFO - Filling up the DagBag from /opt/airflow/dags/ocr_pipeline_dag.py
[2025-11-08T14:28:19.118-0500] {logging_mixin.py:188} INFO - 📂 Using project root: /opt/project
[2025-11-08T14:28:19.360-0500] {logging_mixin.py:188} INFO - [2025-11-08T14:28:19.359-0500] {credentials.py:1278} INFO - Found credentials in shared credentials file: ~/.aws/credentials
[2025-11-08T14:28:20.479-0500] {processor.py:840} INFO - DAG(s) 'ocr_pipeline_dag' retrieved from /opt/airflow/dags/ocr_pipeline_dag.py
[2025-11-08T14:28:20.544-0500] {logging_mixin.py:188} INFO - [2025-11-08T14:28:20.543-0500] {dag.py:3089} INFO - Sync 1 DAGs
[2025-11-08T14:28:20.563-0500] {logging_mixin.py:188} INFO - [2025-11-08T14:28:20.563-0500] {dag.py:3947} INFO - Setting next_dagrun for ocr_pipeline_dag to None, run_after=None
[2025-11-08T14:28:20.591-0500] {processor.py:183} INFO - Processing /opt/airflow/dags/ocr_pipeline_dag.py took 1.511 seconds
[2025-11-08T14:28:51.525-0500] {processor.py:161} INFO - Started process (PID=1631) to work on /opt/airflow/dags/ocr_pipeline_dag.py
[2025-11-08T14:28:51.527-0500] {processor.py:830} INFO - Processing file /opt/airflow/dags/ocr_pipeline_dag.py for tasks to queue
[2025-11-08T14:28:51.531-0500] {logging_mixin.py:188} INFO - [2025-11-08T14:28:51.530-0500] {dagbag.py:545} INFO - Filling up the DagBag from /opt/airflow/dags/ocr_pipeline_dag.py
[2025-11-08T14:28:51.554-0500] {logging_mixin.py:188} INFO - 📂 Using project root: /opt/project
[2025-11-08T14:28:51.792-0500] {logging_mixin.py:188} INFO - [2025-11-08T14:28:51.792-0500] {credentials.py:1278} INFO - Found credentials in shared credentials file: ~/.aws/credentials
[2025-11-08T14:28:52.886-0500] {processor.py:840} INFO - DAG(s) 'ocr_pipeline_dag' retrieved from /opt/airflow/dags/ocr_pipeline_dag.py
[2025-11-08T14:28:52.927-0500] {logging_mixin.py:188} INFO - [2025-11-08T14:28:52.927-0500] {dag.py:3089} INFO - Sync 1 DAGs
[2025-11-08T14:28:52.944-0500] {logging_mixin.py:188} INFO - [2025-11-08T14:28:52.944-0500] {dag.py:3947} INFO - Setting next_dagrun for ocr_pipeline_dag to None, run_after=None
[2025-11-08T14:28:52.974-0500] {processor.py:183} INFO - Processing /opt/airflow/dags/ocr_pipeline_dag.py took 1.461 seconds
[2025-11-08T14:29:23.285-0500] {processor.py:161} INFO - Started process (PID=1637) to work on /opt/airflow/dags/ocr_pipeline_dag.py
[2025-11-08T14:29:23.287-0500] {processor.py:830} INFO - Processing file /opt/airflow/dags/ocr_pipeline_dag.py for tasks to queue
[2025-11-08T14:29:23.291-0500] {logging_mixin.py:188} INFO - [2025-11-08T14:29:23.290-0500] {dagbag.py:545} INFO - Filling up the DagBag from /opt/airflow/dags/ocr_pipeline_dag.py
[2025-11-08T14:29:23.314-0500] {logging_mixin.py:188} INFO - 📂 Using project root: /opt/project
[2025-11-08T14:29:23.518-0500] {logging_mixin.py:188} INFO - [2025-11-08T14:29:23.518-0500] {credentials.py:1278} INFO - Found credentials in shared credentials file: ~/.aws/credentials
[2025-11-08T14:29:24.435-0500] {processor.py:840} INFO - DAG(s) 'ocr_pipeline_dag' retrieved from /opt/airflow/dags/ocr_pipeline_dag.py
[2025-11-08T14:29:24.474-0500] {logging_mixin.py:188} INFO - [2025-11-08T14:29:24.473-0500] {dag.py:3089} INFO - Sync 1 DAGs
[2025-11-08T14:29:24.496-0500] {logging_mixin.py:188} INFO - [2025-11-08T14:29:24.495-0500] {dag.py:3947} INFO - Setting next_dagrun for ocr_pipeline_dag to None, run_after=None
[2025-11-08T14:29:24.525-0500] {processor.py:183} INFO - Processing /opt/airflow/dags/ocr_pipeline_dag.py took 1.249 seconds
[2025-11-08T14:29:54.627-0500] {processor.py:161} INFO - Started process (PID=1643) to work on /opt/airflow/dags/ocr_pipeline_dag.py
[2025-11-08T14:29:54.629-0500] {processor.py:830} INFO - Processing file /opt/airflow/dags/ocr_pipeline_dag.py for tasks to queue
[2025-11-08T14:29:54.632-0500] {logging_mixin.py:188} INFO - [2025-11-08T14:29:54.631-0500] {dagbag.py:545} INFO - Filling up the DagBag from /opt/airflow/dags/ocr_pipeline_dag.py
[2025-11-08T14:29:54.654-0500] {logging_mixin.py:188} INFO - 📂 Using project root: /opt/project
[2025-11-08T14:29:54.954-0500] {logging_mixin.py:188} INFO - [2025-11-08T14:29:54.954-0500] {credentials.py:1278} INFO - Found credentials in shared credentials file: ~/.aws/credentials
[2025-11-08T14:29:56.422-0500] {processor.py:840} INFO - DAG(s) 'ocr_pipeline_dag' retrieved from /opt/airflow/dags/ocr_pipeline_dag.py
[2025-11-08T14:29:56.488-0500] {logging_mixin.py:188} INFO - [2025-11-08T14:29:56.487-0500] {dag.py:3089} INFO - Sync 1 DAGs
[2025-11-08T14:29:56.538-0500] {logging_mixin.py:188} INFO - [2025-11-08T14:29:56.538-0500] {dag.py:3947} INFO - Setting next_dagrun for ocr_pipeline_dag to None, run_after=None
[2025-11-08T14:29:56.576-0500] {processor.py:183} INFO - Processing /opt/airflow/dags/ocr_pipeline_dag.py took 1.961 seconds
[2025-11-08T14:30:27.637-0500] {processor.py:161} INFO - Started process (PID=1649) to work on /opt/airflow/dags/ocr_pipeline_dag.py
[2025-11-08T14:30:27.639-0500] {processor.py:830} INFO - Processing file /opt/airflow/dags/ocr_pipeline_dag.py for tasks to queue
[2025-11-08T14:30:27.642-0500] {logging_mixin.py:188} INFO - [2025-11-08T14:30:27.642-0500] {dagbag.py:545} INFO - Filling up the DagBag from /opt/airflow/dags/ocr_pipeline_dag.py
[2025-11-08T14:30:27.665-0500] {logging_mixin.py:188} INFO - 📂 Using project root: /opt/project
[2025-11-08T14:30:27.878-0500] {logging_mixin.py:188} INFO - [2025-11-08T14:30:27.878-0500] {credentials.py:1278} INFO - Found credentials in shared credentials file: ~/.aws/credentials
[2025-11-08T14:30:28.936-0500] {processor.py:840} INFO - DAG(s) 'ocr_pipeline_dag' retrieved from /opt/airflow/dags/ocr_pipeline_dag.py
[2025-11-08T14:30:28.987-0500] {logging_mixin.py:188} INFO - [2025-11-08T14:30:28.986-0500] {dag.py:3089} INFO - Sync 1 DAGs
[2025-11-08T14:30:29.007-0500] {logging_mixin.py:188} INFO - [2025-11-08T14:30:29.006-0500] {dag.py:3947} INFO - Setting next_dagrun for ocr_pipeline_dag to None, run_after=None
[2025-11-08T14:30:29.040-0500] {processor.py:183} INFO - Processing /opt/airflow/dags/ocr_pipeline_dag.py took 1.413 seconds
[2025-11-08T14:30:59.233-0500] {processor.py:161} INFO - Started process (PID=1655) to work on /opt/airflow/dags/ocr_pipeline_dag.py
[2025-11-08T14:30:59.235-0500] {processor.py:830} INFO - Processing file /opt/airflow/dags/ocr_pipeline_dag.py for tasks to queue
[2025-11-08T14:30:59.239-0500] {logging_mixin.py:188} INFO - [2025-11-08T14:30:59.238-0500] {dagbag.py:545} INFO - Filling up the DagBag from /opt/airflow/dags/ocr_pipeline_dag.py
[2025-11-08T14:30:59.265-0500] {logging_mixin.py:188} INFO - 📂 Using project root: /opt/project
[2025-11-08T14:30:59.509-0500] {logging_mixin.py:188} INFO - [2025-11-08T14:30:59.509-0500] {credentials.py:1278} INFO - Found credentials in shared credentials file: ~/.aws/credentials
[2025-11-08T14:31:00.498-0500] {processor.py:840} INFO - DAG(s) 'ocr_pipeline_dag' retrieved from /opt/airflow/dags/ocr_pipeline_dag.py
[2025-11-08T14:31:00.536-0500] {logging_mixin.py:188} INFO - [2025-11-08T14:31:00.536-0500] {dag.py:3089} INFO - Sync 1 DAGs
[2025-11-08T14:31:00.554-0500] {logging_mixin.py:188} INFO - [2025-11-08T14:31:00.553-0500] {dag.py:3947} INFO - Setting next_dagrun for ocr_pipeline_dag to None, run_after=None
[2025-11-08T14:31:00.587-0500] {processor.py:183} INFO - Processing /opt/airflow/dags/ocr_pipeline_dag.py took 1.371 seconds
[2025-11-08T14:31:31.311-0500] {processor.py:161} INFO - Started process (PID=1661) to work on /opt/airflow/dags/ocr_pipeline_dag.py
[2025-11-08T14:31:31.314-0500] {processor.py:830} INFO - Processing file /opt/airflow/dags/ocr_pipeline_dag.py for tasks to queue
[2025-11-08T14:31:31.317-0500] {logging_mixin.py:188} INFO - [2025-11-08T14:31:31.317-0500] {dagbag.py:545} INFO - Filling up the DagBag from /opt/airflow/dags/ocr_pipeline_dag.py
[2025-11-08T14:31:31.339-0500] {logging_mixin.py:188} INFO - 📂 Using project root: /opt/project
[2025-11-08T14:31:31.616-0500] {logging_mixin.py:188} INFO - [2025-11-08T14:31:31.615-0500] {credentials.py:1278} INFO - Found credentials in shared credentials file: ~/.aws/credentials
[2025-11-08T14:31:32.721-0500] {processor.py:840} INFO - DAG(s) 'ocr_pipeline_dag' retrieved from /opt/airflow/dags/ocr_pipeline_dag.py
[2025-11-08T14:31:32.761-0500] {logging_mixin.py:188} INFO - [2025-11-08T14:31:32.760-0500] {dag.py:3089} INFO - Sync 1 DAGs
[2025-11-08T14:31:32.781-0500] {logging_mixin.py:188} INFO - [2025-11-08T14:31:32.781-0500] {dag.py:3947} INFO - Setting next_dagrun for ocr_pipeline_dag to None, run_after=None
[2025-11-08T14:31:32.813-0500] {processor.py:183} INFO - Processing /opt/airflow/dags/ocr_pipeline_dag.py took 1.517 seconds
[2025-11-08T14:32:02.914-0500] {processor.py:161} INFO - Started process (PID=1667) to work on /opt/airflow/dags/ocr_pipeline_dag.py
[2025-11-08T14:32:02.916-0500] {processor.py:830} INFO - Processing file /opt/airflow/dags/ocr_pipeline_dag.py for tasks to queue
[2025-11-08T14:32:02.920-0500] {logging_mixin.py:188} INFO - [2025-11-08T14:32:02.919-0500] {dagbag.py:545} INFO - Filling up the DagBag from /opt/airflow/dags/ocr_pipeline_dag.py
[2025-11-08T14:32:02.943-0500] {logging_mixin.py:188} INFO - 📂 Using project root: /opt/project
[2025-11-08T14:32:03.389-0500] {logging_mixin.py:188} INFO - [2025-11-08T14:32:03.388-0500] {credentials.py:1278} INFO - Found credentials in shared credentials file: ~/.aws/credentials
[2025-11-08T14:32:06.064-0500] {processor.py:840} INFO - DAG(s) 'ocr_pipeline_dag' retrieved from /opt/airflow/dags/ocr_pipeline_dag.py
[2025-11-08T14:32:06.160-0500] {logging_mixin.py:188} INFO - [2025-11-08T14:32:06.159-0500] {dag.py:3089} INFO - Sync 1 DAGs
[2025-11-08T14:32:06.198-0500] {logging_mixin.py:188} INFO - [2025-11-08T14:32:06.197-0500] {dag.py:3947} INFO - Setting next_dagrun for ocr_pipeline_dag to None, run_after=None
[2025-11-08T14:32:06.259-0500] {processor.py:183} INFO - Processing /opt/airflow/dags/ocr_pipeline_dag.py took 3.356 seconds
[2025-11-08T14:32:37.122-0500] {processor.py:161} INFO - Started process (PID=1673) to work on /opt/airflow/dags/ocr_pipeline_dag.py
[2025-11-08T14:32:37.125-0500] {processor.py:830} INFO - Processing file /opt/airflow/dags/ocr_pipeline_dag.py for tasks to queue
[2025-11-08T14:32:37.134-0500] {logging_mixin.py:188} INFO - [2025-11-08T14:32:37.132-0500] {dagbag.py:545} INFO - Filling up the DagBag from /opt/airflow/dags/ocr_pipeline_dag.py
[2025-11-08T14:32:37.159-0500] {logging_mixin.py:188} INFO - 📂 Using project root: /opt/project
[2025-11-08T14:32:38.751-0500] {logging_mixin.py:188} INFO - [2025-11-08T14:32:38.750-0500] {credentials.py:1278} INFO - Found credentials in shared credentials file: ~/.aws/credentials
[2025-11-08T14:32:40.186-0500] {processor.py:840} INFO - DAG(s) 'ocr_pipeline_dag' retrieved from /opt/airflow/dags/ocr_pipeline_dag.py
[2025-11-08T14:32:40.244-0500] {logging_mixin.py:188} INFO - [2025-11-08T14:32:40.243-0500] {dag.py:3089} INFO - Sync 1 DAGs
[2025-11-08T14:32:40.268-0500] {logging_mixin.py:188} INFO - [2025-11-08T14:32:40.268-0500] {dag.py:3947} INFO - Setting next_dagrun for ocr_pipeline_dag to None, run_after=None
[2025-11-08T14:32:40.301-0500] {processor.py:183} INFO - Processing /opt/airflow/dags/ocr_pipeline_dag.py took 2.430 seconds
[2025-11-08T14:33:11.211-0500] {processor.py:161} INFO - Started process (PID=1679) to work on /opt/airflow/dags/ocr_pipeline_dag.py
[2025-11-08T14:33:11.212-0500] {processor.py:830} INFO - Processing file /opt/airflow/dags/ocr_pipeline_dag.py for tasks to queue
[2025-11-08T14:33:11.216-0500] {logging_mixin.py:188} INFO - [2025-11-08T14:33:11.215-0500] {dagbag.py:545} INFO - Filling up the DagBag from /opt/airflow/dags/ocr_pipeline_dag.py
[2025-11-08T14:33:11.236-0500] {logging_mixin.py:188} INFO - 📂 Using project root: /opt/project
[2025-11-08T14:33:11.446-0500] {logging_mixin.py:188} INFO - [2025-11-08T14:33:11.446-0500] {credentials.py:1278} INFO - Found credentials in shared credentials file: ~/.aws/credentials
[2025-11-08T14:33:12.311-0500] {processor.py:840} INFO - DAG(s) 'ocr_pipeline_dag' retrieved from /opt/airflow/dags/ocr_pipeline_dag.py
[2025-11-08T14:33:12.349-0500] {logging_mixin.py:188} INFO - [2025-11-08T14:33:12.348-0500] {dag.py:3089} INFO - Sync 1 DAGs
[2025-11-08T14:33:12.363-0500] {logging_mixin.py:188} INFO - [2025-11-08T14:33:12.362-0500] {dag.py:3947} INFO - Setting next_dagrun for ocr_pipeline_dag to None, run_after=None
[2025-11-08T14:33:12.385-0500] {processor.py:183} INFO - Processing /opt/airflow/dags/ocr_pipeline_dag.py took 1.184 seconds
[2025-11-08T14:33:42.494-0500] {processor.py:161} INFO - Started process (PID=1685) to work on /opt/airflow/dags/ocr_pipeline_dag.py
[2025-11-08T14:33:42.496-0500] {processor.py:830} INFO - Processing file /opt/airflow/dags/ocr_pipeline_dag.py for tasks to queue
[2025-11-08T14:33:42.499-0500] {logging_mixin.py:188} INFO - [2025-11-08T14:33:42.498-0500] {dagbag.py:545} INFO - Filling up the DagBag from /opt/airflow/dags/ocr_pipeline_dag.py
[2025-11-08T14:33:42.517-0500] {logging_mixin.py:188} INFO - 📂 Using project root: /opt/project
[2025-11-08T14:33:42.690-0500] {logging_mixin.py:188} INFO - [2025-11-08T14:33:42.689-0500] {credentials.py:1278} INFO - Found credentials in shared credentials file: ~/.aws/credentials
[2025-11-08T14:33:43.461-0500] {processor.py:840} INFO - DAG(s) 'ocr_pipeline_dag' retrieved from /opt/airflow/dags/ocr_pipeline_dag.py
[2025-11-08T14:33:43.493-0500] {logging_mixin.py:188} INFO - [2025-11-08T14:33:43.493-0500] {dag.py:3089} INFO - Sync 1 DAGs
[2025-11-08T14:33:43.505-0500] {logging_mixin.py:188} INFO - [2025-11-08T14:33:43.505-0500] {dag.py:3947} INFO - Setting next_dagrun for ocr_pipeline_dag to None, run_after=None
[2025-11-08T14:33:43.526-0500] {processor.py:183} INFO - Processing /opt/airflow/dags/ocr_pipeline_dag.py took 1.042 seconds
[2025-11-08T14:34:14.493-0500] {processor.py:161} INFO - Started process (PID=1691) to work on /opt/airflow/dags/ocr_pipeline_dag.py
[2025-11-08T14:34:14.495-0500] {processor.py:830} INFO - Processing file /opt/airflow/dags/ocr_pipeline_dag.py for tasks to queue
[2025-11-08T14:34:14.498-0500] {logging_mixin.py:188} INFO - [2025-11-08T14:34:14.497-0500] {dagbag.py:545} INFO - Filling up the DagBag from /opt/airflow/dags/ocr_pipeline_dag.py
[2025-11-08T14:34:14.513-0500] {logging_mixin.py:188} INFO - 📂 Using project root: /opt/project
[2025-11-08T14:34:14.697-0500] {logging_mixin.py:188} INFO - [2025-11-08T14:34:14.696-0500] {credentials.py:1278} INFO - Found credentials in shared credentials file: ~/.aws/credentials
[2025-11-08T14:34:15.505-0500] {processor.py:840} INFO - DAG(s) 'ocr_pipeline_dag' retrieved from /opt/airflow/dags/ocr_pipeline_dag.py
[2025-11-08T14:34:15.537-0500] {logging_mixin.py:188} INFO - [2025-11-08T14:34:15.537-0500] {dag.py:3089} INFO - Sync 1 DAGs
[2025-11-08T14:34:15.593-0500] {logging_mixin.py:188} INFO - [2025-11-08T14:34:15.592-0500] {dag.py:3947} INFO - Setting next_dagrun for ocr_pipeline_dag to None, run_after=None
[2025-11-08T14:34:15.677-0500] {processor.py:183} INFO - Processing /opt/airflow/dags/ocr_pipeline_dag.py took 1.186 seconds
[2025-11-08T14:34:46.546-0500] {processor.py:161} INFO - Started process (PID=1697) to work on /opt/airflow/dags/ocr_pipeline_dag.py
[2025-11-08T14:34:46.548-0500] {processor.py:830} INFO - Processing file /opt/airflow/dags/ocr_pipeline_dag.py for tasks to queue
[2025-11-08T14:34:46.553-0500] {logging_mixin.py:188} INFO - [2025-11-08T14:34:46.552-0500] {dagbag.py:545} INFO - Filling up the DagBag from /opt/airflow/dags/ocr_pipeline_dag.py
[2025-11-08T14:34:46.583-0500] {logging_mixin.py:188} INFO - 📂 Using project root: /opt/project
[2025-11-08T14:34:46.812-0500] {logging_mixin.py:188} INFO - [2025-11-08T14:34:46.812-0500] {credentials.py:1278} INFO - Found credentials in shared credentials file: ~/.aws/credentials
[2025-11-08T14:34:47.743-0500] {processor.py:840} INFO - DAG(s) 'ocr_pipeline_dag' retrieved from /opt/airflow/dags/ocr_pipeline_dag.py
[2025-11-08T14:34:47.776-0500] {logging_mixin.py:188} INFO - [2025-11-08T14:34:47.775-0500] {dag.py:3089} INFO - Sync 1 DAGs
[2025-11-08T14:34:47.790-0500] {logging_mixin.py:188} INFO - [2025-11-08T14:34:47.790-0500] {dag.py:3947} INFO - Setting next_dagrun for ocr_pipeline_dag to None, run_after=None
[2025-11-08T14:34:47.816-0500] {processor.py:183} INFO - Processing /opt/airflow/dags/ocr_pipeline_dag.py took 1.280 seconds
[2025-11-08T14:35:18.743-0500] {processor.py:161} INFO - Started process (PID=1703) to work on /opt/airflow/dags/ocr_pipeline_dag.py
[2025-11-08T14:35:18.745-0500] {processor.py:830} INFO - Processing file /opt/airflow/dags/ocr_pipeline_dag.py for tasks to queue
[2025-11-08T14:35:18.747-0500] {logging_mixin.py:188} INFO - [2025-11-08T14:35:18.747-0500] {dagbag.py:545} INFO - Filling up the DagBag from /opt/airflow/dags/ocr_pipeline_dag.py
[2025-11-08T14:35:18.760-0500] {logging_mixin.py:188} INFO - 📂 Using project root: /opt/project
[2025-11-08T14:35:19.135-0500] {logging_mixin.py:188} INFO - [2025-11-08T14:35:19.134-0500] {credentials.py:1278} INFO - Found credentials in shared credentials file: ~/.aws/credentials
[2025-11-08T14:35:20.270-0500] {processor.py:840} INFO - DAG(s) 'ocr_pipeline_dag' retrieved from /opt/airflow/dags/ocr_pipeline_dag.py
[2025-11-08T14:35:20.309-0500] {logging_mixin.py:188} INFO - [2025-11-08T14:35:20.309-0500] {dag.py:3089} INFO - Sync 1 DAGs
[2025-11-08T14:35:20.325-0500] {logging_mixin.py:188} INFO - [2025-11-08T14:35:20.325-0500] {dag.py:3947} INFO - Setting next_dagrun for ocr_pipeline_dag to None, run_after=None
[2025-11-08T14:35:20.355-0500] {processor.py:183} INFO - Processing /opt/airflow/dags/ocr_pipeline_dag.py took 1.619 seconds
[2025-11-08T14:35:50.865-0500] {processor.py:161} INFO - Started process (PID=1709) to work on /opt/airflow/dags/ocr_pipeline_dag.py
[2025-11-08T14:35:50.867-0500] {processor.py:830} INFO - Processing file /opt/airflow/dags/ocr_pipeline_dag.py for tasks to queue
[2025-11-08T14:35:50.873-0500] {logging_mixin.py:188} INFO - [2025-11-08T14:35:50.872-0500] {dagbag.py:545} INFO - Filling up the DagBag from /opt/airflow/dags/ocr_pipeline_dag.py
[2025-11-08T14:35:50.909-0500] {logging_mixin.py:188} INFO - 📂 Using project root: /opt/project
[2025-11-08T14:35:51.190-0500] {logging_mixin.py:188} INFO - [2025-11-08T14:35:51.190-0500] {credentials.py:1278} INFO - Found credentials in shared credentials file: ~/.aws/credentials
[2025-11-08T14:35:52.179-0500] {processor.py:840} INFO - DAG(s) 'ocr_pipeline_dag' retrieved from /opt/airflow/dags/ocr_pipeline_dag.py
[2025-11-08T14:35:52.225-0500] {logging_mixin.py:188} INFO - [2025-11-08T14:35:52.224-0500] {dag.py:3089} INFO - Sync 1 DAGs
[2025-11-08T14:35:52.243-0500] {logging_mixin.py:188} INFO - [2025-11-08T14:35:52.243-0500] {dag.py:3947} INFO - Setting next_dagrun for ocr_pipeline_dag to None, run_after=None
[2025-11-08T14:35:52.269-0500] {processor.py:183} INFO - Processing /opt/airflow/dags/ocr_pipeline_dag.py took 1.426 seconds
[2025-11-08T14:36:22.876-0500] {processor.py:161} INFO - Started process (PID=1715) to work on /opt/airflow/dags/ocr_pipeline_dag.py
[2025-11-08T14:36:22.880-0500] {processor.py:830} INFO - Processing file /opt/airflow/dags/ocr_pipeline_dag.py for tasks to queue
[2025-11-08T14:36:22.885-0500] {logging_mixin.py:188} INFO - [2025-11-08T14:36:22.884-0500] {dagbag.py:545} INFO - Filling up the DagBag from /opt/airflow/dags/ocr_pipeline_dag.py
[2025-11-08T14:36:22.907-0500] {logging_mixin.py:188} INFO - 📂 Using project root: /opt/project
[2025-11-08T14:36:23.136-0500] {logging_mixin.py:188} INFO - [2025-11-08T14:36:23.135-0500] {credentials.py:1278} INFO - Found credentials in shared credentials file: ~/.aws/credentials
[2025-11-08T14:36:24.017-0500] {processor.py:840} INFO - DAG(s) 'ocr_pipeline_dag' retrieved from /opt/airflow/dags/ocr_pipeline_dag.py
[2025-11-08T14:36:24.065-0500] {logging_mixin.py:188} INFO - [2025-11-08T14:36:24.065-0500] {dag.py:3089} INFO - Sync 1 DAGs
[2025-11-08T14:36:24.102-0500] {logging_mixin.py:188} INFO - [2025-11-08T14:36:24.101-0500] {dag.py:3947} INFO - Setting next_dagrun for ocr_pipeline_dag to None, run_after=None
[2025-11-08T14:36:24.141-0500] {processor.py:183} INFO - Processing /opt/airflow/dags/ocr_pipeline_dag.py took 1.290 seconds
[2025-11-08T14:36:54.872-0500] {processor.py:161} INFO - Started process (PID=1721) to work on /opt/airflow/dags/ocr_pipeline_dag.py
[2025-11-08T14:36:54.873-0500] {processor.py:830} INFO - Processing file /opt/airflow/dags/ocr_pipeline_dag.py for tasks to queue
[2025-11-08T14:36:54.876-0500] {logging_mixin.py:188} INFO - [2025-11-08T14:36:54.876-0500] {dagbag.py:545} INFO - Filling up the DagBag from /opt/airflow/dags/ocr_pipeline_dag.py
[2025-11-08T14:36:54.896-0500] {logging_mixin.py:188} INFO - 📂 Using project root: /opt/project
[2025-11-08T14:36:55.082-0500] {logging_mixin.py:188} INFO - [2025-11-08T14:36:55.081-0500] {credentials.py:1278} INFO - Found credentials in shared credentials file: ~/.aws/credentials
[2025-11-08T14:36:56.059-0500] {processor.py:840} INFO - DAG(s) 'ocr_pipeline_dag' retrieved from /opt/airflow/dags/ocr_pipeline_dag.py
[2025-11-08T14:36:56.093-0500] {logging_mixin.py:188} INFO - [2025-11-08T14:36:56.092-0500] {dag.py:3089} INFO - Sync 1 DAGs
[2025-11-08T14:36:56.107-0500] {logging_mixin.py:188} INFO - [2025-11-08T14:36:56.107-0500] {dag.py:3947} INFO - Setting next_dagrun for ocr_pipeline_dag to None, run_after=None
[2025-11-08T14:36:56.132-0500] {processor.py:183} INFO - Processing /opt/airflow/dags/ocr_pipeline_dag.py took 1.270 seconds
[2025-11-08T14:37:26.926-0500] {processor.py:161} INFO - Started process (PID=1727) to work on /opt/airflow/dags/ocr_pipeline_dag.py
[2025-11-08T14:37:26.930-0500] {processor.py:830} INFO - Processing file /opt/airflow/dags/ocr_pipeline_dag.py for tasks to queue
[2025-11-08T14:37:26.938-0500] {logging_mixin.py:188} INFO - [2025-11-08T14:37:26.937-0500] {dagbag.py:545} INFO - Filling up the DagBag from /opt/airflow/dags/ocr_pipeline_dag.py
[2025-11-08T14:37:26.967-0500] {logging_mixin.py:188} INFO - 📂 Using project root: /opt/project
[2025-11-08T14:37:27.195-0500] {logging_mixin.py:188} INFO - [2025-11-08T14:37:27.195-0500] {credentials.py:1278} INFO - Found credentials in shared credentials file: ~/.aws/credentials
[2025-11-08T14:37:28.102-0500] {processor.py:840} INFO - DAG(s) 'ocr_pipeline_dag' retrieved from /opt/airflow/dags/ocr_pipeline_dag.py
[2025-11-08T14:37:28.140-0500] {logging_mixin.py:188} INFO - [2025-11-08T14:37:28.140-0500] {dag.py:3089} INFO - Sync 1 DAGs
[2025-11-08T14:37:28.157-0500] {logging_mixin.py:188} INFO - [2025-11-08T14:37:28.156-0500] {dag.py:3947} INFO - Setting next_dagrun for ocr_pipeline_dag to None, run_after=None
[2025-11-08T14:37:28.251-0500] {processor.py:183} INFO - Processing /opt/airflow/dags/ocr_pipeline_dag.py took 1.342 seconds
[2025-11-08T14:37:59.182-0500] {processor.py:161} INFO - Started process (PID=1733) to work on /opt/airflow/dags/ocr_pipeline_dag.py
[2025-11-08T14:37:59.184-0500] {processor.py:830} INFO - Processing file /opt/airflow/dags/ocr_pipeline_dag.py for tasks to queue
[2025-11-08T14:37:59.188-0500] {logging_mixin.py:188} INFO - [2025-11-08T14:37:59.188-0500] {dagbag.py:545} INFO - Filling up the DagBag from /opt/airflow/dags/ocr_pipeline_dag.py
[2025-11-08T14:37:59.208-0500] {logging_mixin.py:188} INFO - 📂 Using project root: /opt/project
[2025-11-08T14:37:59.405-0500] {logging_mixin.py:188} INFO - [2025-11-08T14:37:59.404-0500] {credentials.py:1278} INFO - Found credentials in shared credentials file: ~/.aws/credentials
[2025-11-08T14:38:00.199-0500] {processor.py:840} INFO - DAG(s) 'ocr_pipeline_dag' retrieved from /opt/airflow/dags/ocr_pipeline_dag.py
[2025-11-08T14:38:00.235-0500] {logging_mixin.py:188} INFO - [2025-11-08T14:38:00.234-0500] {dag.py:3089} INFO - Sync 1 DAGs
[2025-11-08T14:38:00.249-0500] {logging_mixin.py:188} INFO - [2025-11-08T14:38:00.249-0500] {dag.py:3947} INFO - Setting next_dagrun for ocr_pipeline_dag to None, run_after=None
[2025-11-08T14:38:00.283-0500] {processor.py:183} INFO - Processing /opt/airflow/dags/ocr_pipeline_dag.py took 1.111 seconds
[2025-11-08T14:38:31.394-0500] {processor.py:161} INFO - Started process (PID=1739) to work on /opt/airflow/dags/ocr_pipeline_dag.py
[2025-11-08T14:38:31.397-0500] {processor.py:830} INFO - Processing file /opt/airflow/dags/ocr_pipeline_dag.py for tasks to queue
[2025-11-08T14:38:31.400-0500] {logging_mixin.py:188} INFO - [2025-11-08T14:38:31.399-0500] {dagbag.py:545} INFO - Filling up the DagBag from /opt/airflow/dags/ocr_pipeline_dag.py
[2025-11-08T14:38:31.422-0500] {logging_mixin.py:188} INFO - 📂 Using project root: /opt/project
[2025-11-08T14:38:31.606-0500] {logging_mixin.py:188} INFO - [2025-11-08T14:38:31.606-0500] {credentials.py:1278} INFO - Found credentials in shared credentials file: ~/.aws/credentials
[2025-11-08T14:38:32.290-0500] {processor.py:840} INFO - DAG(s) 'ocr_pipeline_dag' retrieved from /opt/airflow/dags/ocr_pipeline_dag.py
[2025-11-08T14:38:32.322-0500] {logging_mixin.py:188} INFO - [2025-11-08T14:38:32.321-0500] {dag.py:3089} INFO - Sync 1 DAGs
[2025-11-08T14:38:32.336-0500] {logging_mixin.py:188} INFO - [2025-11-08T14:38:32.336-0500] {dag.py:3947} INFO - Setting next_dagrun for ocr_pipeline_dag to None, run_after=None
[2025-11-08T14:38:32.358-0500] {processor.py:183} INFO - Processing /opt/airflow/dags/ocr_pipeline_dag.py took 0.987 seconds
[2025-11-08T14:39:03.375-0500] {processor.py:161} INFO - Started process (PID=1745) to work on /opt/airflow/dags/ocr_pipeline_dag.py
[2025-11-08T14:39:03.376-0500] {processor.py:830} INFO - Processing file /opt/airflow/dags/ocr_pipeline_dag.py for tasks to queue
[2025-11-08T14:39:03.380-0500] {logging_mixin.py:188} INFO - [2025-11-08T14:39:03.379-0500] {dagbag.py:545} INFO - Filling up the DagBag from /opt/airflow/dags/ocr_pipeline_dag.py
[2025-11-08T14:39:03.406-0500] {logging_mixin.py:188} INFO - 📂 Using project root: /opt/project
[2025-11-08T14:39:03.636-0500] {logging_mixin.py:188} INFO - [2025-11-08T14:39:03.636-0500] {credentials.py:1278} INFO - Found credentials in shared credentials file: ~/.aws/credentials
[2025-11-08T14:39:04.531-0500] {processor.py:840} INFO - DAG(s) 'ocr_pipeline_dag' retrieved from /opt/airflow/dags/ocr_pipeline_dag.py
[2025-11-08T14:39:04.567-0500] {logging_mixin.py:188} INFO - [2025-11-08T14:39:04.567-0500] {dag.py:3089} INFO - Sync 1 DAGs
[2025-11-08T14:39:04.584-0500] {logging_mixin.py:188} INFO - [2025-11-08T14:39:04.584-0500] {dag.py:3947} INFO - Setting next_dagrun for ocr_pipeline_dag to None, run_after=None
[2025-11-08T14:39:04.611-0500] {processor.py:183} INFO - Processing /opt/airflow/dags/ocr_pipeline_dag.py took 1.246 seconds
[2025-11-08T14:39:35.526-0500] {processor.py:161} INFO - Started process (PID=1751) to work on /opt/airflow/dags/ocr_pipeline_dag.py
[2025-11-08T14:39:35.529-0500] {processor.py:830} INFO - Processing file /opt/airflow/dags/ocr_pipeline_dag.py for tasks to queue
[2025-11-08T14:39:35.542-0500] {logging_mixin.py:188} INFO - [2025-11-08T14:39:35.541-0500] {dagbag.py:545} INFO - Filling up the DagBag from /opt/airflow/dags/ocr_pipeline_dag.py
[2025-11-08T14:39:35.581-0500] {logging_mixin.py:188} INFO - 📂 Using project root: /opt/project
[2025-11-08T14:39:35.852-0500] {logging_mixin.py:188} INFO - [2025-11-08T14:39:35.851-0500] {credentials.py:1278} INFO - Found credentials in shared credentials file: ~/.aws/credentials
[2025-11-08T14:39:36.646-0500] {processor.py:840} INFO - DAG(s) 'ocr_pipeline_dag' retrieved from /opt/airflow/dags/ocr_pipeline_dag.py
[2025-11-08T14:39:36.679-0500] {logging_mixin.py:188} INFO - [2025-11-08T14:39:36.678-0500] {dag.py:3089} INFO - Sync 1 DAGs
[2025-11-08T14:39:36.691-0500] {logging_mixin.py:188} INFO - [2025-11-08T14:39:36.691-0500] {dag.py:3947} INFO - Setting next_dagrun for ocr_pipeline_dag to None, run_after=None
[2025-11-08T14:39:36.715-0500] {processor.py:183} INFO - Processing /opt/airflow/dags/ocr_pipeline_dag.py took 1.210 seconds
[2025-11-08T14:40:07.689-0500] {processor.py:161} INFO - Started process (PID=1757) to work on /opt/airflow/dags/ocr_pipeline_dag.py
[2025-11-08T14:40:07.690-0500] {processor.py:830} INFO - Processing file /opt/airflow/dags/ocr_pipeline_dag.py for tasks to queue
[2025-11-08T14:40:07.693-0500] {logging_mixin.py:188} INFO - [2025-11-08T14:40:07.693-0500] {dagbag.py:545} INFO - Filling up the DagBag from /opt/airflow/dags/ocr_pipeline_dag.py
[2025-11-08T14:40:07.717-0500] {logging_mixin.py:188} INFO - 📂 Using project root: /opt/project
[2025-11-08T14:40:07.973-0500] {logging_mixin.py:188} INFO - [2025-11-08T14:40:07.972-0500] {credentials.py:1278} INFO - Found credentials in shared credentials file: ~/.aws/credentials
[2025-11-08T14:40:08.839-0500] {processor.py:840} INFO - DAG(s) 'ocr_pipeline_dag' retrieved from /opt/airflow/dags/ocr_pipeline_dag.py
[2025-11-08T14:40:08.881-0500] {logging_mixin.py:188} INFO - [2025-11-08T14:40:08.880-0500] {dag.py:3089} INFO - Sync 1 DAGs
[2025-11-08T14:40:08.895-0500] {logging_mixin.py:188} INFO - [2025-11-08T14:40:08.895-0500] {dag.py:3947} INFO - Setting next_dagrun for ocr_pipeline_dag to None, run_after=None
[2025-11-08T14:40:08.921-0500] {processor.py:183} INFO - Processing /opt/airflow/dags/ocr_pipeline_dag.py took 1.243 seconds
[2025-11-08T14:40:39.791-0500] {processor.py:161} INFO - Started process (PID=1763) to work on /opt/airflow/dags/ocr_pipeline_dag.py
[2025-11-08T14:40:39.793-0500] {processor.py:830} INFO - Processing file /opt/airflow/dags/ocr_pipeline_dag.py for tasks to queue
[2025-11-08T14:40:39.797-0500] {logging_mixin.py:188} INFO - [2025-11-08T14:40:39.797-0500] {dagbag.py:545} INFO - Filling up the DagBag from /opt/airflow/dags/ocr_pipeline_dag.py
[2025-11-08T14:40:39.820-0500] {logging_mixin.py:188} INFO - 📂 Using project root: /opt/project
[2025-11-08T14:40:40.019-0500] {logging_mixin.py:188} INFO - [2025-11-08T14:40:40.019-0500] {credentials.py:1278} INFO - Found credentials in shared credentials file: ~/.aws/credentials
[2025-11-08T14:40:40.861-0500] {processor.py:840} INFO - DAG(s) 'ocr_pipeline_dag' retrieved from /opt/airflow/dags/ocr_pipeline_dag.py
[2025-11-08T14:40:40.901-0500] {logging_mixin.py:188} INFO - [2025-11-08T14:40:40.900-0500] {dag.py:3089} INFO - Sync 1 DAGs
[2025-11-08T14:40:40.916-0500] {logging_mixin.py:188} INFO - [2025-11-08T14:40:40.915-0500] {dag.py:3947} INFO - Setting next_dagrun for ocr_pipeline_dag to None, run_after=None
[2025-11-08T14:40:40.941-0500] {processor.py:183} INFO - Processing /opt/airflow/dags/ocr_pipeline_dag.py took 1.160 seconds
[2025-11-08T14:41:11.994-0500] {processor.py:161} INFO - Started process (PID=1769) to work on /opt/airflow/dags/ocr_pipeline_dag.py
[2025-11-08T14:41:11.997-0500] {processor.py:830} INFO - Processing file /opt/airflow/dags/ocr_pipeline_dag.py for tasks to queue
[2025-11-08T14:41:12.003-0500] {logging_mixin.py:188} INFO - [2025-11-08T14:41:12.002-0500] {dagbag.py:545} INFO - Filling up the DagBag from /opt/airflow/dags/ocr_pipeline_dag.py
[2025-11-08T14:41:12.029-0500] {logging_mixin.py:188} INFO - 📂 Using project root: /opt/project
[2025-11-08T14:41:12.283-0500] {logging_mixin.py:188} INFO - [2025-11-08T14:41:12.282-0500] {credentials.py:1278} INFO - Found credentials in shared credentials file: ~/.aws/credentials
[2025-11-08T14:41:13.302-0500] {processor.py:840} INFO - DAG(s) 'ocr_pipeline_dag' retrieved from /opt/airflow/dags/ocr_pipeline_dag.py
[2025-11-08T14:41:13.343-0500] {logging_mixin.py:188} INFO - [2025-11-08T14:41:13.342-0500] {dag.py:3089} INFO - Sync 1 DAGs
[2025-11-08T14:41:13.361-0500] {logging_mixin.py:188} INFO - [2025-11-08T14:41:13.360-0500] {dag.py:3947} INFO - Setting next_dagrun for ocr_pipeline_dag to None, run_after=None
[2025-11-08T14:41:13.393-0500] {processor.py:183} INFO - Processing /opt/airflow/dags/ocr_pipeline_dag.py took 1.413 seconds
[2025-11-08T14:41:43.504-0500] {processor.py:161} INFO - Started process (PID=1775) to work on /opt/airflow/dags/ocr_pipeline_dag.py
[2025-11-08T14:41:43.508-0500] {processor.py:830} INFO - Processing file /opt/airflow/dags/ocr_pipeline_dag.py for tasks to queue
[2025-11-08T14:41:43.514-0500] {logging_mixin.py:188} INFO - [2025-11-08T14:41:43.514-0500] {dagbag.py:545} INFO - Filling up the DagBag from /opt/airflow/dags/ocr_pipeline_dag.py
[2025-11-08T14:41:43.540-0500] {logging_mixin.py:188} INFO - 📂 Using project root: /opt/project
[2025-11-08T14:41:43.777-0500] {logging_mixin.py:188} INFO - [2025-11-08T14:41:43.777-0500] {credentials.py:1278} INFO - Found credentials in shared credentials file: ~/.aws/credentials
[2025-11-08T14:41:44.735-0500] {processor.py:840} INFO - DAG(s) 'ocr_pipeline_dag' retrieved from /opt/airflow/dags/ocr_pipeline_dag.py
[2025-11-08T14:41:44.779-0500] {logging_mixin.py:188} INFO - [2025-11-08T14:41:44.778-0500] {dag.py:3089} INFO - Sync 1 DAGs
[2025-11-08T14:41:44.797-0500] {logging_mixin.py:188} INFO - [2025-11-08T14:41:44.797-0500] {dag.py:3947} INFO - Setting next_dagrun for ocr_pipeline_dag to None, run_after=None
[2025-11-08T14:41:44.842-0500] {processor.py:183} INFO - Processing /opt/airflow/dags/ocr_pipeline_dag.py took 1.351 seconds
[2025-11-08T14:42:15.505-0500] {processor.py:161} INFO - Started process (PID=1781) to work on /opt/airflow/dags/ocr_pipeline_dag.py
[2025-11-08T14:42:15.507-0500] {processor.py:830} INFO - Processing file /opt/airflow/dags/ocr_pipeline_dag.py for tasks to queue
[2025-11-08T14:42:15.510-0500] {logging_mixin.py:188} INFO - [2025-11-08T14:42:15.509-0500] {dagbag.py:545} INFO - Filling up the DagBag from /opt/airflow/dags/ocr_pipeline_dag.py
[2025-11-08T14:42:15.527-0500] {logging_mixin.py:188} INFO - 📂 Using project root: /opt/project
[2025-11-08T14:42:15.712-0500] {logging_mixin.py:188} INFO - [2025-11-08T14:42:15.712-0500] {credentials.py:1278} INFO - Found credentials in shared credentials file: ~/.aws/credentials
[2025-11-08T14:42:16.464-0500] {processor.py:840} INFO - DAG(s) 'ocr_pipeline_dag' retrieved from /opt/airflow/dags/ocr_pipeline_dag.py
[2025-11-08T14:42:16.495-0500] {logging_mixin.py:188} INFO - [2025-11-08T14:42:16.495-0500] {dag.py:3089} INFO - Sync 1 DAGs
[2025-11-08T14:42:16.509-0500] {logging_mixin.py:188} INFO - [2025-11-08T14:42:16.509-0500] {dag.py:3947} INFO - Setting next_dagrun for ocr_pipeline_dag to None, run_after=None
[2025-11-08T14:42:16.533-0500] {processor.py:183} INFO - Processing /opt/airflow/dags/ocr_pipeline_dag.py took 1.036 seconds
[2025-11-08T14:42:47.535-0500] {processor.py:161} INFO - Started process (PID=1787) to work on /opt/airflow/dags/ocr_pipeline_dag.py
[2025-11-08T14:42:47.537-0500] {processor.py:830} INFO - Processing file /opt/airflow/dags/ocr_pipeline_dag.py for tasks to queue
[2025-11-08T14:42:47.541-0500] {logging_mixin.py:188} INFO - [2025-11-08T14:42:47.540-0500] {dagbag.py:545} INFO - Filling up the DagBag from /opt/airflow/dags/ocr_pipeline_dag.py
[2025-11-08T14:42:47.562-0500] {logging_mixin.py:188} INFO - 📂 Using project root: /opt/project
[2025-11-08T14:42:47.836-0500] {logging_mixin.py:188} INFO - [2025-11-08T14:42:47.835-0500] {credentials.py:1278} INFO - Found credentials in shared credentials file: ~/.aws/credentials
[2025-11-08T14:42:48.829-0500] {processor.py:840} INFO - DAG(s) 'ocr_pipeline_dag' retrieved from /opt/airflow/dags/ocr_pipeline_dag.py
[2025-11-08T14:42:48.865-0500] {logging_mixin.py:188} INFO - [2025-11-08T14:42:48.864-0500] {dag.py:3089} INFO - Sync 1 DAGs
[2025-11-08T14:42:48.879-0500] {logging_mixin.py:188} INFO - [2025-11-08T14:42:48.879-0500] {dag.py:3947} INFO - Setting next_dagrun for ocr_pipeline_dag to None, run_after=None
[2025-11-08T14:42:48.908-0500] {processor.py:183} INFO - Processing /opt/airflow/dags/ocr_pipeline_dag.py took 1.382 seconds
[2025-11-08T14:43:19.678-0500] {processor.py:161} INFO - Started process (PID=1793) to work on /opt/airflow/dags/ocr_pipeline_dag.py
[2025-11-08T14:43:19.680-0500] {processor.py:830} INFO - Processing file /opt/airflow/dags/ocr_pipeline_dag.py for tasks to queue
[2025-11-08T14:43:19.684-0500] {logging_mixin.py:188} INFO - [2025-11-08T14:43:19.684-0500] {dagbag.py:545} INFO - Filling up the DagBag from /opt/airflow/dags/ocr_pipeline_dag.py
[2025-11-08T14:43:19.708-0500] {logging_mixin.py:188} INFO - 📂 Using project root: /opt/project
[2025-11-08T14:43:19.956-0500] {logging_mixin.py:188} INFO - [2025-11-08T14:43:19.956-0500] {credentials.py:1278} INFO - Found credentials in shared credentials file: ~/.aws/credentials
[2025-11-08T14:43:20.856-0500] {processor.py:840} INFO - DAG(s) 'ocr_pipeline_dag' retrieved from /opt/airflow/dags/ocr_pipeline_dag.py
[2025-11-08T14:43:20.902-0500] {logging_mixin.py:188} INFO - [2025-11-08T14:43:20.902-0500] {dag.py:3089} INFO - Sync 1 DAGs
[2025-11-08T14:43:20.918-0500] {logging_mixin.py:188} INFO - [2025-11-08T14:43:20.917-0500] {dag.py:3947} INFO - Setting next_dagrun for ocr_pipeline_dag to None, run_after=None
[2025-11-08T14:43:20.944-0500] {processor.py:183} INFO - Processing /opt/airflow/dags/ocr_pipeline_dag.py took 1.279 seconds
[2025-11-08T14:43:51.991-0500] {processor.py:161} INFO - Started process (PID=1799) to work on /opt/airflow/dags/ocr_pipeline_dag.py
[2025-11-08T14:43:51.992-0500] {processor.py:830} INFO - Processing file /opt/airflow/dags/ocr_pipeline_dag.py for tasks to queue
[2025-11-08T14:43:51.996-0500] {logging_mixin.py:188} INFO - [2025-11-08T14:43:51.995-0500] {dagbag.py:545} INFO - Filling up the DagBag from /opt/airflow/dags/ocr_pipeline_dag.py
[2025-11-08T14:43:52.019-0500] {logging_mixin.py:188} INFO - 📂 Using project root: /opt/project
[2025-11-08T14:43:52.234-0500] {logging_mixin.py:188} INFO - [2025-11-08T14:43:52.234-0500] {credentials.py:1278} INFO - Found credentials in shared credentials file: ~/.aws/credentials
[2025-11-08T14:43:53.159-0500] {processor.py:840} INFO - DAG(s) 'ocr_pipeline_dag' retrieved from /opt/airflow/dags/ocr_pipeline_dag.py
[2025-11-08T14:43:53.203-0500] {logging_mixin.py:188} INFO - [2025-11-08T14:43:53.202-0500] {dag.py:3089} INFO - Sync 1 DAGs
[2025-11-08T14:43:53.221-0500] {logging_mixin.py:188} INFO - [2025-11-08T14:43:53.221-0500] {dag.py:3947} INFO - Setting next_dagrun for ocr_pipeline_dag to None, run_after=None
[2025-11-08T14:43:53.247-0500] {processor.py:183} INFO - Processing /opt/airflow/dags/ocr_pipeline_dag.py took 1.265 seconds
[2025-11-08T14:44:23.469-0500] {processor.py:161} INFO - Started process (PID=1805) to work on /opt/airflow/dags/ocr_pipeline_dag.py
[2025-11-08T14:44:23.471-0500] {processor.py:830} INFO - Processing file /opt/airflow/dags/ocr_pipeline_dag.py for tasks to queue
[2025-11-08T14:44:23.474-0500] {logging_mixin.py:188} INFO - [2025-11-08T14:44:23.473-0500] {dagbag.py:545} INFO - Filling up the DagBag from /opt/airflow/dags/ocr_pipeline_dag.py
[2025-11-08T14:44:23.497-0500] {logging_mixin.py:188} INFO - 📂 Using project root: /opt/project
[2025-11-08T14:44:23.793-0500] {logging_mixin.py:188} INFO - [2025-11-08T14:44:23.793-0500] {credentials.py:1278} INFO - Found credentials in shared credentials file: ~/.aws/credentials
[2025-11-08T14:44:24.765-0500] {processor.py:840} INFO - DAG(s) 'ocr_pipeline_dag' retrieved from /opt/airflow/dags/ocr_pipeline_dag.py
[2025-11-08T14:44:24.801-0500] {logging_mixin.py:188} INFO - [2025-11-08T14:44:24.801-0500] {dag.py:3089} INFO - Sync 1 DAGs
[2025-11-08T14:44:24.817-0500] {logging_mixin.py:188} INFO - [2025-11-08T14:44:24.817-0500] {dag.py:3947} INFO - Setting next_dagrun for ocr_pipeline_dag to None, run_after=None
[2025-11-08T14:44:24.860-0500] {processor.py:183} INFO - Processing /opt/airflow/dags/ocr_pipeline_dag.py took 1.400 seconds
[2025-11-08T14:44:55.430-0500] {processor.py:161} INFO - Started process (PID=1811) to work on /opt/airflow/dags/ocr_pipeline_dag.py
[2025-11-08T14:44:55.432-0500] {processor.py:830} INFO - Processing file /opt/airflow/dags/ocr_pipeline_dag.py for tasks to queue
[2025-11-08T14:44:55.437-0500] {logging_mixin.py:188} INFO - [2025-11-08T14:44:55.436-0500] {dagbag.py:545} INFO - Filling up the DagBag from /opt/airflow/dags/ocr_pipeline_dag.py
[2025-11-08T14:44:55.460-0500] {logging_mixin.py:188} INFO - 📂 Using project root: /opt/project
[2025-11-08T14:44:55.724-0500] {logging_mixin.py:188} INFO - [2025-11-08T14:44:55.724-0500] {credentials.py:1278} INFO - Found credentials in shared credentials file: ~/.aws/credentials
[2025-11-08T14:44:57.534-0500] {processor.py:840} INFO - DAG(s) 'ocr_pipeline_dag' retrieved from /opt/airflow/dags/ocr_pipeline_dag.py
[2025-11-08T14:44:57.577-0500] {logging_mixin.py:188} INFO - [2025-11-08T14:44:57.576-0500] {dag.py:3089} INFO - Sync 1 DAGs
[2025-11-08T14:44:57.599-0500] {logging_mixin.py:188} INFO - [2025-11-08T14:44:57.598-0500] {dag.py:3947} INFO - Setting next_dagrun for ocr_pipeline_dag to None, run_after=None
[2025-11-08T14:44:57.639-0500] {processor.py:183} INFO - Processing /opt/airflow/dags/ocr_pipeline_dag.py took 1.422 seconds
[2025-11-08T14:45:28.387-0500] {processor.py:161} INFO - Started process (PID=1817) to work on /opt/airflow/dags/ocr_pipeline_dag.py
[2025-11-08T14:45:28.389-0500] {processor.py:830} INFO - Processing file /opt/airflow/dags/ocr_pipeline_dag.py for tasks to queue
[2025-11-08T14:45:28.393-0500] {logging_mixin.py:188} INFO - [2025-11-08T14:45:28.393-0500] {dagbag.py:545} INFO - Filling up the DagBag from /opt/airflow/dags/ocr_pipeline_dag.py
[2025-11-08T14:45:28.419-0500] {logging_mixin.py:188} INFO - 📂 Using project root: /opt/project
[2025-11-08T14:45:29.025-0500] {logging_mixin.py:188} INFO - [2025-11-08T14:45:29.024-0500] {credentials.py:1278} INFO - Found credentials in shared credentials file: ~/.aws/credentials
[2025-11-08T14:45:30.141-0500] {processor.py:840} INFO - DAG(s) 'ocr_pipeline_dag' retrieved from /opt/airflow/dags/ocr_pipeline_dag.py
[2025-11-08T14:45:30.201-0500] {logging_mixin.py:188} INFO - [2025-11-08T14:45:30.199-0500] {dag.py:3089} INFO - Sync 1 DAGs
[2025-11-08T14:45:30.223-0500] {logging_mixin.py:188} INFO - [2025-11-08T14:45:30.223-0500] {dag.py:3947} INFO - Setting next_dagrun for ocr_pipeline_dag to None, run_after=None
[2025-11-08T14:45:30.345-0500] {processor.py:183} INFO - Processing /opt/airflow/dags/ocr_pipeline_dag.py took 1.984 seconds
[2025-11-08T14:46:01.431-0500] {processor.py:161} INFO - Started process (PID=1823) to work on /opt/airflow/dags/ocr_pipeline_dag.py
[2025-11-08T14:46:01.433-0500] {processor.py:830} INFO - Processing file /opt/airflow/dags/ocr_pipeline_dag.py for tasks to queue
[2025-11-08T14:46:01.437-0500] {logging_mixin.py:188} INFO - [2025-11-08T14:46:01.437-0500] {dagbag.py:545} INFO - Filling up the DagBag from /opt/airflow/dags/ocr_pipeline_dag.py
[2025-11-08T14:46:01.461-0500] {logging_mixin.py:188} INFO - 📂 Using project root: /opt/project
[2025-11-08T14:46:01.719-0500] {logging_mixin.py:188} INFO - [2025-11-08T14:46:01.719-0500] {credentials.py:1278} INFO - Found credentials in shared credentials file: ~/.aws/credentials
[2025-11-08T14:46:02.717-0500] {processor.py:840} INFO - DAG(s) 'ocr_pipeline_dag' retrieved from /opt/airflow/dags/ocr_pipeline_dag.py
[2025-11-08T14:46:02.776-0500] {logging_mixin.py:188} INFO - [2025-11-08T14:46:02.775-0500] {dag.py:3089} INFO - Sync 1 DAGs
[2025-11-08T14:46:02.793-0500] {logging_mixin.py:188} INFO - [2025-11-08T14:46:02.793-0500] {dag.py:3947} INFO - Setting next_dagrun for ocr_pipeline_dag to None, run_after=None
[2025-11-08T14:46:02.817-0500] {processor.py:183} INFO - Processing /opt/airflow/dags/ocr_pipeline_dag.py took 1.403 seconds
[2025-11-08T14:46:32.940-0500] {processor.py:161} INFO - Started process (PID=1829) to work on /opt/airflow/dags/ocr_pipeline_dag.py
[2025-11-08T14:46:32.942-0500] {processor.py:830} INFO - Processing file /opt/airflow/dags/ocr_pipeline_dag.py for tasks to queue
[2025-11-08T14:46:32.945-0500] {logging_mixin.py:188} INFO - [2025-11-08T14:46:32.944-0500] {dagbag.py:545} INFO - Filling up the DagBag from /opt/airflow/dags/ocr_pipeline_dag.py
[2025-11-08T14:46:32.971-0500] {logging_mixin.py:188} INFO - 📂 Using project root: /opt/project
[2025-11-08T14:46:33.211-0500] {logging_mixin.py:188} INFO - [2025-11-08T14:46:33.211-0500] {credentials.py:1278} INFO - Found credentials in shared credentials file: ~/.aws/credentials
[2025-11-08T14:46:34.212-0500] {processor.py:840} INFO - DAG(s) 'ocr_pipeline_dag' retrieved from /opt/airflow/dags/ocr_pipeline_dag.py
[2025-11-08T14:46:34.256-0500] {logging_mixin.py:188} INFO - [2025-11-08T14:46:34.255-0500] {dag.py:3089} INFO - Sync 1 DAGs
[2025-11-08T14:46:34.276-0500] {logging_mixin.py:188} INFO - [2025-11-08T14:46:34.275-0500] {dag.py:3947} INFO - Setting next_dagrun for ocr_pipeline_dag to None, run_after=None
[2025-11-08T14:46:34.309-0500] {processor.py:183} INFO - Processing /opt/airflow/dags/ocr_pipeline_dag.py took 1.381 seconds
[2025-11-08T14:47:05.002-0500] {processor.py:161} INFO - Started process (PID=1835) to work on /opt/airflow/dags/ocr_pipeline_dag.py
[2025-11-08T14:47:05.008-0500] {processor.py:830} INFO - Processing file /opt/airflow/dags/ocr_pipeline_dag.py for tasks to queue
[2025-11-08T14:47:05.022-0500] {logging_mixin.py:188} INFO - [2025-11-08T14:47:05.020-0500] {dagbag.py:545} INFO - Filling up the DagBag from /opt/airflow/dags/ocr_pipeline_dag.py
[2025-11-08T14:47:05.064-0500] {logging_mixin.py:188} INFO - 📂 Using project root: /opt/project
[2025-11-08T14:47:07.697-0500] {logging_mixin.py:188} INFO - [2025-11-08T14:47:07.696-0500] {credentials.py:1278} INFO - Found credentials in shared credentials file: ~/.aws/credentials
[2025-11-08T14:47:09.626-0500] {processor.py:840} INFO - DAG(s) 'ocr_pipeline_dag' retrieved from /opt/airflow/dags/ocr_pipeline_dag.py
[2025-11-08T14:47:09.710-0500] {logging_mixin.py:188} INFO - [2025-11-08T14:47:09.709-0500] {dag.py:3089} INFO - Sync 1 DAGs
[2025-11-08T14:47:09.738-0500] {logging_mixin.py:188} INFO - [2025-11-08T14:47:09.738-0500] {dag.py:3947} INFO - Setting next_dagrun for ocr_pipeline_dag to None, run_after=None
[2025-11-08T14:47:09.796-0500] {processor.py:183} INFO - Processing /opt/airflow/dags/ocr_pipeline_dag.py took 4.869 seconds
[2025-11-08T14:47:39.913-0500] {processor.py:161} INFO - Started process (PID=1841) to work on /opt/airflow/dags/ocr_pipeline_dag.py
[2025-11-08T14:47:39.915-0500] {processor.py:830} INFO - Processing file /opt/airflow/dags/ocr_pipeline_dag.py for tasks to queue
[2025-11-08T14:47:39.919-0500] {logging_mixin.py:188} INFO - [2025-11-08T14:47:39.918-0500] {dagbag.py:545} INFO - Filling up the DagBag from /opt/airflow/dags/ocr_pipeline_dag.py
[2025-11-08T14:47:39.942-0500] {logging_mixin.py:188} INFO - 📂 Using project root: /opt/project
[2025-11-08T14:47:40.162-0500] {logging_mixin.py:188} INFO - [2025-11-08T14:47:40.161-0500] {credentials.py:1278} INFO - Found credentials in shared credentials file: ~/.aws/credentials
[2025-11-08T14:47:40.990-0500] {processor.py:840} INFO - DAG(s) 'ocr_pipeline_dag' retrieved from /opt/airflow/dags/ocr_pipeline_dag.py
[2025-11-08T14:47:41.039-0500] {logging_mixin.py:188} INFO - [2025-11-08T14:47:41.038-0500] {dag.py:3089} INFO - Sync 1 DAGs
[2025-11-08T14:47:41.057-0500] {logging_mixin.py:188} INFO - [2025-11-08T14:47:41.057-0500] {dag.py:3947} INFO - Setting next_dagrun for ocr_pipeline_dag to None, run_after=None
[2025-11-08T14:47:41.092-0500] {processor.py:183} INFO - Processing /opt/airflow/dags/ocr_pipeline_dag.py took 1.189 seconds
[2025-11-08T14:48:11.987-0500] {processor.py:161} INFO - Started process (PID=1847) to work on /opt/airflow/dags/ocr_pipeline_dag.py
[2025-11-08T14:48:11.988-0500] {processor.py:830} INFO - Processing file /opt/airflow/dags/ocr_pipeline_dag.py for tasks to queue
[2025-11-08T14:48:11.990-0500] {logging_mixin.py:188} INFO - [2025-11-08T14:48:11.990-0500] {dagbag.py:545} INFO - Filling up the DagBag from /opt/airflow/dags/ocr_pipeline_dag.py
[2025-11-08T14:48:12.008-0500] {logging_mixin.py:188} INFO - 📂 Using project root: /opt/project
[2025-11-08T14:48:12.188-0500] {logging_mixin.py:188} INFO - [2025-11-08T14:48:12.188-0500] {credentials.py:1278} INFO - Found credentials in shared credentials file: ~/.aws/credentials
[2025-11-08T14:48:12.888-0500] {processor.py:840} INFO - DAG(s) 'ocr_pipeline_dag' retrieved from /opt/airflow/dags/ocr_pipeline_dag.py
[2025-11-08T14:48:12.926-0500] {logging_mixin.py:188} INFO - [2025-11-08T14:48:12.925-0500] {dag.py:3089} INFO - Sync 1 DAGs
[2025-11-08T14:48:12.942-0500] {logging_mixin.py:188} INFO - [2025-11-08T14:48:12.942-0500] {dag.py:3947} INFO - Setting next_dagrun for ocr_pipeline_dag to None, run_after=None
[2025-11-08T14:48:12.969-0500] {processor.py:183} INFO - Processing /opt/airflow/dags/ocr_pipeline_dag.py took 0.993 seconds
[2025-11-08T14:48:43.531-0500] {processor.py:161} INFO - Started process (PID=1853) to work on /opt/airflow/dags/ocr_pipeline_dag.py
[2025-11-08T14:48:43.533-0500] {processor.py:830} INFO - Processing file /opt/airflow/dags/ocr_pipeline_dag.py for tasks to queue
[2025-11-08T14:48:43.536-0500] {logging_mixin.py:188} INFO - [2025-11-08T14:48:43.535-0500] {dagbag.py:545} INFO - Filling up the DagBag from /opt/airflow/dags/ocr_pipeline_dag.py
[2025-11-08T14:48:43.555-0500] {logging_mixin.py:188} INFO - 📂 Using project root: /opt/project
[2025-11-08T14:48:43.752-0500] {logging_mixin.py:188} INFO - [2025-11-08T14:48:43.752-0500] {credentials.py:1278} INFO - Found credentials in shared credentials file: ~/.aws/credentials
[2025-11-08T14:48:44.529-0500] {processor.py:840} INFO - DAG(s) 'ocr_pipeline_dag' retrieved from /opt/airflow/dags/ocr_pipeline_dag.py
[2025-11-08T14:48:44.623-0500] {logging_mixin.py:188} INFO - [2025-11-08T14:48:44.622-0500] {dag.py:3089} INFO - Sync 1 DAGs
[2025-11-08T14:48:44.647-0500] {logging_mixin.py:188} INFO - [2025-11-08T14:48:44.646-0500] {dag.py:3947} INFO - Setting next_dagrun for ocr_pipeline_dag to None, run_after=None
[2025-11-08T14:48:44.686-0500] {processor.py:183} INFO - Processing /opt/airflow/dags/ocr_pipeline_dag.py took 1.163 seconds
[2025-11-08T14:49:14.774-0500] {processor.py:161} INFO - Started process (PID=1859) to work on /opt/airflow/dags/ocr_pipeline_dag.py
[2025-11-08T14:49:14.776-0500] {processor.py:830} INFO - Processing file /opt/airflow/dags/ocr_pipeline_dag.py for tasks to queue
[2025-11-08T14:49:14.780-0500] {logging_mixin.py:188} INFO - [2025-11-08T14:49:14.779-0500] {dagbag.py:545} INFO - Filling up the DagBag from /opt/airflow/dags/ocr_pipeline_dag.py
[2025-11-08T14:49:14.798-0500] {logging_mixin.py:188} INFO - 📂 Using project root: /opt/project
[2025-11-08T14:49:15.111-0500] {logging_mixin.py:188} INFO - [2025-11-08T14:49:15.110-0500] {credentials.py:1278} INFO - Found credentials in shared credentials file: ~/.aws/credentials
[2025-11-08T14:49:16.071-0500] {processor.py:840} INFO - DAG(s) 'ocr_pipeline_dag' retrieved from /opt/airflow/dags/ocr_pipeline_dag.py
[2025-11-08T14:49:16.109-0500] {logging_mixin.py:188} INFO - [2025-11-08T14:49:16.109-0500] {dag.py:3089} INFO - Sync 1 DAGs
[2025-11-08T14:49:16.124-0500] {logging_mixin.py:188} INFO - [2025-11-08T14:49:16.124-0500] {dag.py:3947} INFO - Setting next_dagrun for ocr_pipeline_dag to None, run_after=None
[2025-11-08T14:49:16.152-0500] {processor.py:183} INFO - Processing /opt/airflow/dags/ocr_pipeline_dag.py took 1.388 seconds
[2025-11-08T14:49:46.304-0500] {processor.py:161} INFO - Started process (PID=1865) to work on /opt/airflow/dags/ocr_pipeline_dag.py
[2025-11-08T14:49:46.308-0500] {processor.py:830} INFO - Processing file /opt/airflow/dags/ocr_pipeline_dag.py for tasks to queue
[2025-11-08T14:49:46.315-0500] {logging_mixin.py:188} INFO - [2025-11-08T14:49:46.314-0500] {dagbag.py:545} INFO - Filling up the DagBag from /opt/airflow/dags/ocr_pipeline_dag.py
[2025-11-08T14:49:46.345-0500] {logging_mixin.py:188} INFO - 📂 Using project root: /opt/project
[2025-11-08T14:49:46.609-0500] {logging_mixin.py:188} INFO - [2025-11-08T14:49:46.609-0500] {credentials.py:1278} INFO - Found credentials in shared credentials file: ~/.aws/credentials
[2025-11-08T14:49:47.651-0500] {processor.py:840} INFO - DAG(s) 'ocr_pipeline_dag' retrieved from /opt/airflow/dags/ocr_pipeline_dag.py
[2025-11-08T14:49:47.700-0500] {logging_mixin.py:188} INFO - [2025-11-08T14:49:47.700-0500] {dag.py:3089} INFO - Sync 1 DAGs
[2025-11-08T14:49:47.716-0500] {logging_mixin.py:188} INFO - [2025-11-08T14:49:47.715-0500] {dag.py:3947} INFO - Setting next_dagrun for ocr_pipeline_dag to None, run_after=None
[2025-11-08T14:49:47.849-0500] {processor.py:183} INFO - Processing /opt/airflow/dags/ocr_pipeline_dag.py took 1.564 seconds
[2025-11-08T14:50:17.967-0500] {processor.py:161} INFO - Started process (PID=1871) to work on /opt/airflow/dags/ocr_pipeline_dag.py
[2025-11-08T14:50:17.969-0500] {processor.py:830} INFO - Processing file /opt/airflow/dags/ocr_pipeline_dag.py for tasks to queue
[2025-11-08T14:50:17.972-0500] {logging_mixin.py:188} INFO - [2025-11-08T14:50:17.971-0500] {dagbag.py:545} INFO - Filling up the DagBag from /opt/airflow/dags/ocr_pipeline_dag.py
[2025-11-08T14:50:17.990-0500] {logging_mixin.py:188} INFO - 📂 Using project root: /opt/project
[2025-11-08T14:50:18.181-0500] {logging_mixin.py:188} INFO - [2025-11-08T14:50:18.181-0500] {credentials.py:1278} INFO - Found credentials in shared credentials file: ~/.aws/credentials
[2025-11-08T14:50:18.931-0500] {processor.py:840} INFO - DAG(s) 'ocr_pipeline_dag' retrieved from /opt/airflow/dags/ocr_pipeline_dag.py
[2025-11-08T14:50:18.961-0500] {logging_mixin.py:188} INFO - [2025-11-08T14:50:18.961-0500] {dag.py:3089} INFO - Sync 1 DAGs
[2025-11-08T14:50:18.972-0500] {logging_mixin.py:188} INFO - [2025-11-08T14:50:18.972-0500] {dag.py:3947} INFO - Setting next_dagrun for ocr_pipeline_dag to None, run_after=None
[2025-11-08T14:50:19.010-0500] {processor.py:183} INFO - Processing /opt/airflow/dags/ocr_pipeline_dag.py took 1.050 seconds
[2025-11-08T14:50:49.225-0500] {processor.py:161} INFO - Started process (PID=1877) to work on /opt/airflow/dags/ocr_pipeline_dag.py
[2025-11-08T14:50:49.226-0500] {processor.py:830} INFO - Processing file /opt/airflow/dags/ocr_pipeline_dag.py for tasks to queue
[2025-11-08T14:50:49.229-0500] {logging_mixin.py:188} INFO - [2025-11-08T14:50:49.228-0500] {dagbag.py:545} INFO - Filling up the DagBag from /opt/airflow/dags/ocr_pipeline_dag.py
[2025-11-08T14:50:49.248-0500] {logging_mixin.py:188} INFO - 📂 Using project root: /opt/project
[2025-11-08T14:50:49.394-0500] {logging_mixin.py:188} INFO - [2025-11-08T14:50:49.394-0500] {credentials.py:1278} INFO - Found credentials in shared credentials file: ~/.aws/credentials
[2025-11-08T14:50:50.040-0500] {processor.py:840} INFO - DAG(s) 'ocr_pipeline_dag' retrieved from /opt/airflow/dags/ocr_pipeline_dag.py
[2025-11-08T14:50:50.067-0500] {logging_mixin.py:188} INFO - [2025-11-08T14:50:50.066-0500] {dag.py:3089} INFO - Sync 1 DAGs
[2025-11-08T14:50:50.079-0500] {logging_mixin.py:188} INFO - [2025-11-08T14:50:50.079-0500] {dag.py:3947} INFO - Setting next_dagrun for ocr_pipeline_dag to None, run_after=None
[2025-11-08T14:50:50.107-0500] {processor.py:183} INFO - Processing /opt/airflow/dags/ocr_pipeline_dag.py took 0.888 seconds
[2025-11-08T14:51:20.187-0500] {processor.py:161} INFO - Started process (PID=1883) to work on /opt/airflow/dags/ocr_pipeline_dag.py
[2025-11-08T14:51:20.189-0500] {processor.py:830} INFO - Processing file /opt/airflow/dags/ocr_pipeline_dag.py for tasks to queue
[2025-11-08T14:51:20.193-0500] {logging_mixin.py:188} INFO - [2025-11-08T14:51:20.192-0500] {dagbag.py:545} INFO - Filling up the DagBag from /opt/airflow/dags/ocr_pipeline_dag.py
[2025-11-08T14:51:20.217-0500] {logging_mixin.py:188} INFO - 📂 Using project root: /opt/project
[2025-11-08T14:51:20.415-0500] {logging_mixin.py:188} INFO - [2025-11-08T14:51:20.414-0500] {credentials.py:1278} INFO - Found credentials in shared credentials file: ~/.aws/credentials
[2025-11-08T14:51:21.204-0500] {processor.py:840} INFO - DAG(s) 'ocr_pipeline_dag' retrieved from /opt/airflow/dags/ocr_pipeline_dag.py
[2025-11-08T14:51:21.240-0500] {logging_mixin.py:188} INFO - [2025-11-08T14:51:21.239-0500] {dag.py:3089} INFO - Sync 1 DAGs
[2025-11-08T14:51:21.256-0500] {logging_mixin.py:188} INFO - [2025-11-08T14:51:21.256-0500] {dag.py:3947} INFO - Setting next_dagrun for ocr_pipeline_dag to None, run_after=None
[2025-11-08T14:51:21.283-0500] {processor.py:183} INFO - Processing /opt/airflow/dags/ocr_pipeline_dag.py took 1.106 seconds
[2025-11-08T14:51:52.276-0500] {processor.py:161} INFO - Started process (PID=1889) to work on /opt/airflow/dags/ocr_pipeline_dag.py
[2025-11-08T14:51:52.279-0500] {processor.py:830} INFO - Processing file /opt/airflow/dags/ocr_pipeline_dag.py for tasks to queue
[2025-11-08T14:51:52.283-0500] {logging_mixin.py:188} INFO - [2025-11-08T14:51:52.282-0500] {dagbag.py:545} INFO - Filling up the DagBag from /opt/airflow/dags/ocr_pipeline_dag.py
[2025-11-08T14:51:52.306-0500] {logging_mixin.py:188} INFO - 📂 Using project root: /opt/project
[2025-11-08T14:51:52.519-0500] {logging_mixin.py:188} INFO - [2025-11-08T14:51:52.519-0500] {credentials.py:1278} INFO - Found credentials in shared credentials file: ~/.aws/credentials
[2025-11-08T14:51:53.445-0500] {processor.py:840} INFO - DAG(s) 'ocr_pipeline_dag' retrieved from /opt/airflow/dags/ocr_pipeline_dag.py
[2025-11-08T14:51:53.481-0500] {logging_mixin.py:188} INFO - [2025-11-08T14:51:53.481-0500] {dag.py:3089} INFO - Sync 1 DAGs
[2025-11-08T14:51:53.499-0500] {logging_mixin.py:188} INFO - [2025-11-08T14:51:53.498-0500] {dag.py:3947} INFO - Setting next_dagrun for ocr_pipeline_dag to None, run_after=None
[2025-11-08T14:51:53.530-0500] {processor.py:183} INFO - Processing /opt/airflow/dags/ocr_pipeline_dag.py took 1.265 seconds
[2025-11-08T14:52:23.764-0500] {processor.py:161} INFO - Started process (PID=1895) to work on /opt/airflow/dags/ocr_pipeline_dag.py
[2025-11-08T14:52:23.765-0500] {processor.py:830} INFO - Processing file /opt/airflow/dags/ocr_pipeline_dag.py for tasks to queue
[2025-11-08T14:52:23.768-0500] {logging_mixin.py:188} INFO - [2025-11-08T14:52:23.768-0500] {dagbag.py:545} INFO - Filling up the DagBag from /opt/airflow/dags/ocr_pipeline_dag.py
[2025-11-08T14:52:23.785-0500] {logging_mixin.py:188} INFO - 📂 Using project root: /opt/project
[2025-11-08T14:52:23.937-0500] {logging_mixin.py:188} INFO - [2025-11-08T14:52:23.937-0500] {credentials.py:1278} INFO - Found credentials in shared credentials file: ~/.aws/credentials
[2025-11-08T14:52:24.636-0500] {processor.py:840} INFO - DAG(s) 'ocr_pipeline_dag' retrieved from /opt/airflow/dags/ocr_pipeline_dag.py
[2025-11-08T14:52:24.663-0500] {logging_mixin.py:188} INFO - [2025-11-08T14:52:24.662-0500] {dag.py:3089} INFO - Sync 1 DAGs
[2025-11-08T14:52:24.674-0500] {logging_mixin.py:188} INFO - [2025-11-08T14:52:24.674-0500] {dag.py:3947} INFO - Setting next_dagrun for ocr_pipeline_dag to None, run_after=None
[2025-11-08T14:52:24.695-0500] {processor.py:183} INFO - Processing /opt/airflow/dags/ocr_pipeline_dag.py took 0.947 seconds
[2025-11-08T14:52:54.834-0500] {processor.py:161} INFO - Started process (PID=1901) to work on /opt/airflow/dags/ocr_pipeline_dag.py
[2025-11-08T14:52:54.838-0500] {processor.py:830} INFO - Processing file /opt/airflow/dags/ocr_pipeline_dag.py for tasks to queue
[2025-11-08T14:52:54.845-0500] {logging_mixin.py:188} INFO - [2025-11-08T14:52:54.844-0500] {dagbag.py:545} INFO - Filling up the DagBag from /opt/airflow/dags/ocr_pipeline_dag.py
[2025-11-08T14:52:54.879-0500] {logging_mixin.py:188} INFO - 📂 Using project root: /opt/project
[2025-11-08T14:52:55.220-0500] {logging_mixin.py:188} INFO - [2025-11-08T14:52:55.220-0500] {credentials.py:1278} INFO - Found credentials in shared credentials file: ~/.aws/credentials
[2025-11-08T14:52:56.542-0500] {processor.py:840} INFO - DAG(s) 'ocr_pipeline_dag' retrieved from /opt/airflow/dags/ocr_pipeline_dag.py
[2025-11-08T14:52:56.589-0500] {logging_mixin.py:188} INFO - [2025-11-08T14:52:56.588-0500] {dag.py:3089} INFO - Sync 1 DAGs
[2025-11-08T14:52:56.614-0500] {logging_mixin.py:188} INFO - [2025-11-08T14:52:56.613-0500] {dag.py:3947} INFO - Setting next_dagrun for ocr_pipeline_dag to None, run_after=None
[2025-11-08T14:52:56.643-0500] {processor.py:183} INFO - Processing /opt/airflow/dags/ocr_pipeline_dag.py took 1.825 seconds
[2025-11-08T14:53:26.769-0500] {processor.py:161} INFO - Started process (PID=1907) to work on /opt/airflow/dags/ocr_pipeline_dag.py
[2025-11-08T14:53:26.771-0500] {processor.py:830} INFO - Processing file /opt/airflow/dags/ocr_pipeline_dag.py for tasks to queue
[2025-11-08T14:53:26.775-0500] {logging_mixin.py:188} INFO - [2025-11-08T14:53:26.774-0500] {dagbag.py:545} INFO - Filling up the DagBag from /opt/airflow/dags/ocr_pipeline_dag.py
[2025-11-08T14:53:26.798-0500] {logging_mixin.py:188} INFO - 📂 Using project root: /opt/project
[2025-11-08T14:53:27.070-0500] {logging_mixin.py:188} INFO - [2025-11-08T14:53:27.070-0500] {credentials.py:1278} INFO - Found credentials in shared credentials file: ~/.aws/credentials
[2025-11-08T14:53:27.964-0500] {processor.py:840} INFO - DAG(s) 'ocr_pipeline_dag' retrieved from /opt/airflow/dags/ocr_pipeline_dag.py
[2025-11-08T14:53:28.004-0500] {logging_mixin.py:188} INFO - [2025-11-08T14:53:28.003-0500] {dag.py:3089} INFO - Sync 1 DAGs
[2025-11-08T14:53:28.023-0500] {logging_mixin.py:188} INFO - [2025-11-08T14:53:28.022-0500] {dag.py:3947} INFO - Setting next_dagrun for ocr_pipeline_dag to None, run_after=None
[2025-11-08T14:53:28.052-0500] {processor.py:183} INFO - Processing /opt/airflow/dags/ocr_pipeline_dag.py took 1.306 seconds
[2025-11-08T14:53:58.212-0500] {processor.py:161} INFO - Started process (PID=1913) to work on /opt/airflow/dags/ocr_pipeline_dag.py
[2025-11-08T14:53:58.214-0500] {processor.py:830} INFO - Processing file /opt/airflow/dags/ocr_pipeline_dag.py for tasks to queue
[2025-11-08T14:53:58.217-0500] {logging_mixin.py:188} INFO - [2025-11-08T14:53:58.216-0500] {dagbag.py:545} INFO - Filling up the DagBag from /opt/airflow/dags/ocr_pipeline_dag.py
[2025-11-08T14:53:58.235-0500] {logging_mixin.py:188} INFO - 📂 Using project root: /opt/project
[2025-11-08T14:53:58.450-0500] {logging_mixin.py:188} INFO - [2025-11-08T14:53:58.449-0500] {credentials.py:1278} INFO - Found credentials in shared credentials file: ~/.aws/credentials
[2025-11-08T14:53:59.184-0500] {processor.py:840} INFO - DAG(s) 'ocr_pipeline_dag' retrieved from /opt/airflow/dags/ocr_pipeline_dag.py
[2025-11-08T14:53:59.215-0500] {logging_mixin.py:188} INFO - [2025-11-08T14:53:59.214-0500] {dag.py:3089} INFO - Sync 1 DAGs
[2025-11-08T14:53:59.228-0500] {logging_mixin.py:188} INFO - [2025-11-08T14:53:59.228-0500] {dag.py:3947} INFO - Setting next_dagrun for ocr_pipeline_dag to None, run_after=None
[2025-11-08T14:53:59.251-0500] {processor.py:183} INFO - Processing /opt/airflow/dags/ocr_pipeline_dag.py took 1.045 seconds
[2025-11-08T14:54:29.399-0500] {processor.py:161} INFO - Started process (PID=1919) to work on /opt/airflow/dags/ocr_pipeline_dag.py
[2025-11-08T14:54:29.401-0500] {processor.py:830} INFO - Processing file /opt/airflow/dags/ocr_pipeline_dag.py for tasks to queue
[2025-11-08T14:54:29.405-0500] {logging_mixin.py:188} INFO - [2025-11-08T14:54:29.405-0500] {dagbag.py:545} INFO - Filling up the DagBag from /opt/airflow/dags/ocr_pipeline_dag.py
[2025-11-08T14:54:29.433-0500] {logging_mixin.py:188} INFO - 📂 Using project root: /opt/project
[2025-11-08T14:54:29.735-0500] {logging_mixin.py:188} INFO - [2025-11-08T14:54:29.734-0500] {credentials.py:1278} INFO - Found credentials in shared credentials file: ~/.aws/credentials
[2025-11-08T14:54:30.556-0500] {processor.py:840} INFO - DAG(s) 'ocr_pipeline_dag' retrieved from /opt/airflow/dags/ocr_pipeline_dag.py
[2025-11-08T14:54:30.590-0500] {logging_mixin.py:188} INFO - [2025-11-08T14:54:30.589-0500] {dag.py:3089} INFO - Sync 1 DAGs
[2025-11-08T14:54:30.608-0500] {logging_mixin.py:188} INFO - [2025-11-08T14:54:30.607-0500] {dag.py:3947} INFO - Setting next_dagrun for ocr_pipeline_dag to None, run_after=None
[2025-11-08T14:54:30.633-0500] {processor.py:183} INFO - Processing /opt/airflow/dags/ocr_pipeline_dag.py took 1.243 seconds
[2025-11-08T14:55:01.429-0500] {processor.py:161} INFO - Started process (PID=1925) to work on /opt/airflow/dags/ocr_pipeline_dag.py
[2025-11-08T14:55:01.430-0500] {processor.py:830} INFO - Processing file /opt/airflow/dags/ocr_pipeline_dag.py for tasks to queue
[2025-11-08T14:55:01.433-0500] {logging_mixin.py:188} INFO - [2025-11-08T14:55:01.432-0500] {dagbag.py:545} INFO - Filling up the DagBag from /opt/airflow/dags/ocr_pipeline_dag.py
[2025-11-08T14:55:01.456-0500] {logging_mixin.py:188} INFO - 📂 Using project root: /opt/project
[2025-11-08T14:55:01.654-0500] {logging_mixin.py:188} INFO - [2025-11-08T14:55:01.653-0500] {credentials.py:1278} INFO - Found credentials in shared credentials file: ~/.aws/credentials
[2025-11-08T14:55:02.450-0500] {processor.py:840} INFO - DAG(s) 'ocr_pipeline_dag' retrieved from /opt/airflow/dags/ocr_pipeline_dag.py
[2025-11-08T14:55:02.490-0500] {logging_mixin.py:188} INFO - [2025-11-08T14:55:02.489-0500] {dag.py:3089} INFO - Sync 1 DAGs
[2025-11-08T14:55:02.506-0500] {logging_mixin.py:188} INFO - [2025-11-08T14:55:02.505-0500] {dag.py:3947} INFO - Setting next_dagrun for ocr_pipeline_dag to None, run_after=None
[2025-11-08T14:55:02.531-0500] {processor.py:183} INFO - Processing /opt/airflow/dags/ocr_pipeline_dag.py took 1.110 seconds
[2025-11-08T14:55:32.648-0500] {processor.py:161} INFO - Started process (PID=1931) to work on /opt/airflow/dags/ocr_pipeline_dag.py
[2025-11-08T14:55:32.650-0500] {processor.py:830} INFO - Processing file /opt/airflow/dags/ocr_pipeline_dag.py for tasks to queue
[2025-11-08T14:55:32.652-0500] {logging_mixin.py:188} INFO - [2025-11-08T14:55:32.652-0500] {dagbag.py:545} INFO - Filling up the DagBag from /opt/airflow/dags/ocr_pipeline_dag.py
[2025-11-08T14:55:32.670-0500] {logging_mixin.py:188} INFO - 📂 Using project root: /opt/project
[2025-11-08T14:55:32.818-0500] {logging_mixin.py:188} INFO - [2025-11-08T14:55:32.818-0500] {credentials.py:1278} INFO - Found credentials in shared credentials file: ~/.aws/credentials
[2025-11-08T14:55:33.525-0500] {processor.py:840} INFO - DAG(s) 'ocr_pipeline_dag' retrieved from /opt/airflow/dags/ocr_pipeline_dag.py
[2025-11-08T14:55:33.563-0500] {logging_mixin.py:188} INFO - [2025-11-08T14:55:33.563-0500] {dag.py:3089} INFO - Sync 1 DAGs
[2025-11-08T14:55:33.576-0500] {logging_mixin.py:188} INFO - [2025-11-08T14:55:33.576-0500] {dag.py:3947} INFO - Setting next_dagrun for ocr_pipeline_dag to None, run_after=None
[2025-11-08T14:55:33.599-0500] {processor.py:183} INFO - Processing /opt/airflow/dags/ocr_pipeline_dag.py took 0.958 seconds
[2025-11-08T14:56:03.776-0500] {processor.py:161} INFO - Started process (PID=1937) to work on /opt/airflow/dags/ocr_pipeline_dag.py
[2025-11-08T14:56:03.779-0500] {processor.py:830} INFO - Processing file /opt/airflow/dags/ocr_pipeline_dag.py for tasks to queue
[2025-11-08T14:56:03.785-0500] {logging_mixin.py:188} INFO - [2025-11-08T14:56:03.784-0500] {dagbag.py:545} INFO - Filling up the DagBag from /opt/airflow/dags/ocr_pipeline_dag.py
[2025-11-08T14:56:03.815-0500] {logging_mixin.py:188} INFO - 📂 Using project root: /opt/project
[2025-11-08T14:56:04.227-0500] {logging_mixin.py:188} INFO - [2025-11-08T14:56:04.224-0500] {credentials.py:1278} INFO - Found credentials in shared credentials file: ~/.aws/credentials
[2025-11-08T14:56:05.252-0500] {processor.py:840} INFO - DAG(s) 'ocr_pipeline_dag' retrieved from /opt/airflow/dags/ocr_pipeline_dag.py
[2025-11-08T14:56:05.304-0500] {logging_mixin.py:188} INFO - [2025-11-08T14:56:05.302-0500] {dag.py:3089} INFO - Sync 1 DAGs
[2025-11-08T14:56:05.323-0500] {logging_mixin.py:188} INFO - [2025-11-08T14:56:05.322-0500] {dag.py:3947} INFO - Setting next_dagrun for ocr_pipeline_dag to None, run_after=None
[2025-11-08T14:56:05.351-0500] {processor.py:183} INFO - Processing /opt/airflow/dags/ocr_pipeline_dag.py took 1.588 seconds
[2025-11-08T14:56:35.452-0500] {processor.py:161} INFO - Started process (PID=1943) to work on /opt/airflow/dags/ocr_pipeline_dag.py
[2025-11-08T14:56:35.454-0500] {processor.py:830} INFO - Processing file /opt/airflow/dags/ocr_pipeline_dag.py for tasks to queue
[2025-11-08T14:56:35.457-0500] {logging_mixin.py:188} INFO - [2025-11-08T14:56:35.457-0500] {dagbag.py:545} INFO - Filling up the DagBag from /opt/airflow/dags/ocr_pipeline_dag.py
[2025-11-08T14:56:35.479-0500] {logging_mixin.py:188} INFO - 📂 Using project root: /opt/project
[2025-11-08T14:56:35.701-0500] {logging_mixin.py:188} INFO - [2025-11-08T14:56:35.700-0500] {credentials.py:1278} INFO - Found credentials in shared credentials file: ~/.aws/credentials
[2025-11-08T14:56:36.648-0500] {processor.py:840} INFO - DAG(s) 'ocr_pipeline_dag' retrieved from /opt/airflow/dags/ocr_pipeline_dag.py
[2025-11-08T14:56:36.696-0500] {logging_mixin.py:188} INFO - [2025-11-08T14:56:36.696-0500] {dag.py:3089} INFO - Sync 1 DAGs
[2025-11-08T14:56:36.715-0500] {logging_mixin.py:188} INFO - [2025-11-08T14:56:36.715-0500] {dag.py:3947} INFO - Setting next_dagrun for ocr_pipeline_dag to None, run_after=None
[2025-11-08T14:56:36.751-0500] {processor.py:183} INFO - Processing /opt/airflow/dags/ocr_pipeline_dag.py took 1.308 seconds
[2025-11-08T14:57:06.849-0500] {processor.py:161} INFO - Started process (PID=1949) to work on /opt/airflow/dags/ocr_pipeline_dag.py
[2025-11-08T14:57:06.850-0500] {processor.py:830} INFO - Processing file /opt/airflow/dags/ocr_pipeline_dag.py for tasks to queue
[2025-11-08T14:57:06.854-0500] {logging_mixin.py:188} INFO - [2025-11-08T14:57:06.853-0500] {dagbag.py:545} INFO - Filling up the DagBag from /opt/airflow/dags/ocr_pipeline_dag.py
[2025-11-08T14:57:06.872-0500] {logging_mixin.py:188} INFO - 📂 Using project root: /opt/project
[2025-11-08T14:57:07.158-0500] {logging_mixin.py:188} INFO - [2025-11-08T14:57:07.157-0500] {credentials.py:1278} INFO - Found credentials in shared credentials file: ~/.aws/credentials
[2025-11-08T14:57:07.955-0500] {processor.py:840} INFO - DAG(s) 'ocr_pipeline_dag' retrieved from /opt/airflow/dags/ocr_pipeline_dag.py
[2025-11-08T14:57:07.984-0500] {logging_mixin.py:188} INFO - [2025-11-08T14:57:07.984-0500] {dag.py:3089} INFO - Sync 1 DAGs
[2025-11-08T14:57:07.998-0500] {logging_mixin.py:188} INFO - [2025-11-08T14:57:07.998-0500] {dag.py:3947} INFO - Setting next_dagrun for ocr_pipeline_dag to None, run_after=None
[2025-11-08T14:57:08.030-0500] {processor.py:183} INFO - Processing /opt/airflow/dags/ocr_pipeline_dag.py took 1.192 seconds
[2025-11-08T14:57:38.226-0500] {processor.py:161} INFO - Started process (PID=1955) to work on /opt/airflow/dags/ocr_pipeline_dag.py
[2025-11-08T14:57:38.228-0500] {processor.py:830} INFO - Processing file /opt/airflow/dags/ocr_pipeline_dag.py for tasks to queue
[2025-11-08T14:57:38.233-0500] {logging_mixin.py:188} INFO - [2025-11-08T14:57:38.232-0500] {dagbag.py:545} INFO - Filling up the DagBag from /opt/airflow/dags/ocr_pipeline_dag.py
[2025-11-08T14:57:38.256-0500] {logging_mixin.py:188} INFO - 📂 Using project root: /opt/project
[2025-11-08T14:57:38.549-0500] {logging_mixin.py:188} INFO - [2025-11-08T14:57:38.548-0500] {credentials.py:1278} INFO - Found credentials in shared credentials file: ~/.aws/credentials
[2025-11-08T14:57:39.765-0500] {processor.py:840} INFO - DAG(s) 'ocr_pipeline_dag' retrieved from /opt/airflow/dags/ocr_pipeline_dag.py
[2025-11-08T14:57:39.801-0500] {logging_mixin.py:188} INFO - [2025-11-08T14:57:39.801-0500] {dag.py:3089} INFO - Sync 1 DAGs
[2025-11-08T14:57:39.817-0500] {logging_mixin.py:188} INFO - [2025-11-08T14:57:39.817-0500] {dag.py:3947} INFO - Setting next_dagrun for ocr_pipeline_dag to None, run_after=None
[2025-11-08T14:57:39.844-0500] {processor.py:183} INFO - Processing /opt/airflow/dags/ocr_pipeline_dag.py took 1.634 seconds
[2025-11-08T14:58:10.091-0500] {processor.py:161} INFO - Started process (PID=1961) to work on /opt/airflow/dags/ocr_pipeline_dag.py
[2025-11-08T14:58:10.093-0500] {processor.py:830} INFO - Processing file /opt/airflow/dags/ocr_pipeline_dag.py for tasks to queue
[2025-11-08T14:58:10.096-0500] {logging_mixin.py:188} INFO - [2025-11-08T14:58:10.096-0500] {dagbag.py:545} INFO - Filling up the DagBag from /opt/airflow/dags/ocr_pipeline_dag.py
[2025-11-08T14:58:10.122-0500] {logging_mixin.py:188} INFO - 📂 Using project root: /opt/project
[2025-11-08T14:58:10.372-0500] {logging_mixin.py:188} INFO - [2025-11-08T14:58:10.371-0500] {credentials.py:1278} INFO - Found credentials in shared credentials file: ~/.aws/credentials
[2025-11-08T14:58:11.472-0500] {processor.py:840} INFO - DAG(s) 'ocr_pipeline_dag' retrieved from /opt/airflow/dags/ocr_pipeline_dag.py
[2025-11-08T14:58:11.515-0500] {logging_mixin.py:188} INFO - [2025-11-08T14:58:11.515-0500] {dag.py:3089} INFO - Sync 1 DAGs
[2025-11-08T14:58:11.533-0500] {logging_mixin.py:188} INFO - [2025-11-08T14:58:11.533-0500] {dag.py:3947} INFO - Setting next_dagrun for ocr_pipeline_dag to None, run_after=None
[2025-11-08T14:58:11.557-0500] {processor.py:183} INFO - Processing /opt/airflow/dags/ocr_pipeline_dag.py took 1.477 seconds
[2025-11-08T14:58:41.746-0500] {processor.py:161} INFO - Started process (PID=1967) to work on /opt/airflow/dags/ocr_pipeline_dag.py
[2025-11-08T14:58:41.751-0500] {processor.py:830} INFO - Processing file /opt/airflow/dags/ocr_pipeline_dag.py for tasks to queue
[2025-11-08T14:58:41.761-0500] {logging_mixin.py:188} INFO - [2025-11-08T14:58:41.760-0500] {dagbag.py:545} INFO - Filling up the DagBag from /opt/airflow/dags/ocr_pipeline_dag.py
[2025-11-08T14:58:41.802-0500] {logging_mixin.py:188} INFO - 📂 Using project root: /opt/project
[2025-11-08T14:58:42.193-0500] {logging_mixin.py:188} INFO - [2025-11-08T14:58:42.192-0500] {credentials.py:1278} INFO - Found credentials in shared credentials file: ~/.aws/credentials
[2025-11-08T14:58:44.190-0500] {processor.py:840} INFO - DAG(s) 'ocr_pipeline_dag' retrieved from /opt/airflow/dags/ocr_pipeline_dag.py
[2025-11-08T14:58:44.287-0500] {logging_mixin.py:188} INFO - [2025-11-08T14:58:44.286-0500] {dag.py:3089} INFO - Sync 1 DAGs
[2025-11-08T14:58:44.333-0500] {logging_mixin.py:188} INFO - [2025-11-08T14:58:44.332-0500] {dag.py:3947} INFO - Setting next_dagrun for ocr_pipeline_dag to None, run_after=None
[2025-11-08T14:58:44.405-0500] {processor.py:183} INFO - Processing /opt/airflow/dags/ocr_pipeline_dag.py took 2.694 seconds
[2025-11-08T14:59:14.677-0500] {processor.py:161} INFO - Started process (PID=1973) to work on /opt/airflow/dags/ocr_pipeline_dag.py
[2025-11-08T14:59:14.683-0500] {processor.py:830} INFO - Processing file /opt/airflow/dags/ocr_pipeline_dag.py for tasks to queue
[2025-11-08T14:59:14.690-0500] {logging_mixin.py:188} INFO - [2025-11-08T14:59:14.689-0500] {dagbag.py:545} INFO - Filling up the DagBag from /opt/airflow/dags/ocr_pipeline_dag.py
[2025-11-08T14:59:14.772-0500] {logging_mixin.py:188} INFO - 📂 Using project root: /opt/project
[2025-11-08T14:59:15.205-0500] {logging_mixin.py:188} INFO - [2025-11-08T14:59:15.205-0500] {credentials.py:1278} INFO - Found credentials in shared credentials file: ~/.aws/credentials
[2025-11-08T14:59:16.877-0500] {processor.py:840} INFO - DAG(s) 'ocr_pipeline_dag' retrieved from /opt/airflow/dags/ocr_pipeline_dag.py
[2025-11-08T14:59:16.957-0500] {logging_mixin.py:188} INFO - [2025-11-08T14:59:16.956-0500] {dag.py:3089} INFO - Sync 1 DAGs
[2025-11-08T14:59:17.003-0500] {logging_mixin.py:188} INFO - [2025-11-08T14:59:17.003-0500] {dag.py:3947} INFO - Setting next_dagrun for ocr_pipeline_dag to None, run_after=None
[2025-11-08T14:59:17.064-0500] {processor.py:183} INFO - Processing /opt/airflow/dags/ocr_pipeline_dag.py took 2.412 seconds
[2025-11-08T14:59:47.326-0500] {processor.py:161} INFO - Started process (PID=1979) to work on /opt/airflow/dags/ocr_pipeline_dag.py
[2025-11-08T14:59:47.328-0500] {processor.py:830} INFO - Processing file /opt/airflow/dags/ocr_pipeline_dag.py for tasks to queue
[2025-11-08T14:59:47.334-0500] {logging_mixin.py:188} INFO - [2025-11-08T14:59:47.333-0500] {dagbag.py:545} INFO - Filling up the DagBag from /opt/airflow/dags/ocr_pipeline_dag.py
[2025-11-08T14:59:47.361-0500] {logging_mixin.py:188} INFO - 📂 Using project root: /opt/project
[2025-11-08T14:59:47.742-0500] {logging_mixin.py:188} INFO - [2025-11-08T14:59:47.742-0500] {credentials.py:1278} INFO - Found credentials in shared credentials file: ~/.aws/credentials
[2025-11-08T14:59:49.823-0500] {processor.py:840} INFO - DAG(s) 'ocr_pipeline_dag' retrieved from /opt/airflow/dags/ocr_pipeline_dag.py
[2025-11-08T14:59:49.881-0500] {logging_mixin.py:188} INFO - [2025-11-08T14:59:49.881-0500] {dag.py:3089} INFO - Sync 1 DAGs
[2025-11-08T14:59:49.923-0500] {logging_mixin.py:188} INFO - [2025-11-08T14:59:49.922-0500] {dag.py:3947} INFO - Setting next_dagrun for ocr_pipeline_dag to None, run_after=None
[2025-11-08T14:59:49.996-0500] {processor.py:183} INFO - Processing /opt/airflow/dags/ocr_pipeline_dag.py took 2.684 seconds
[2025-11-08T15:00:20.178-0500] {processor.py:161} INFO - Started process (PID=1985) to work on /opt/airflow/dags/ocr_pipeline_dag.py
[2025-11-08T15:00:20.180-0500] {processor.py:830} INFO - Processing file /opt/airflow/dags/ocr_pipeline_dag.py for tasks to queue
[2025-11-08T15:00:20.185-0500] {logging_mixin.py:188} INFO - [2025-11-08T15:00:20.184-0500] {dagbag.py:545} INFO - Filling up the DagBag from /opt/airflow/dags/ocr_pipeline_dag.py
[2025-11-08T15:00:20.210-0500] {logging_mixin.py:188} INFO - 📂 Using project root: /opt/project
[2025-11-08T15:00:20.550-0500] {logging_mixin.py:188} INFO - [2025-11-08T15:00:20.550-0500] {credentials.py:1278} INFO - Found credentials in shared credentials file: ~/.aws/credentials
[2025-11-08T15:00:22.331-0500] {processor.py:840} INFO - DAG(s) 'ocr_pipeline_dag' retrieved from /opt/airflow/dags/ocr_pipeline_dag.py
[2025-11-08T15:00:22.378-0500] {logging_mixin.py:188} INFO - [2025-11-08T15:00:22.377-0500] {dag.py:3089} INFO - Sync 1 DAGs
[2025-11-08T15:00:22.400-0500] {logging_mixin.py:188} INFO - [2025-11-08T15:00:22.400-0500] {dag.py:3947} INFO - Setting next_dagrun for ocr_pipeline_dag to None, run_after=None
[2025-11-08T15:00:22.433-0500] {processor.py:183} INFO - Processing /opt/airflow/dags/ocr_pipeline_dag.py took 1.451 seconds
[2025-11-08T15:00:53.011-0500] {processor.py:161} INFO - Started process (PID=1991) to work on /opt/airflow/dags/ocr_pipeline_dag.py
[2025-11-08T15:00:53.013-0500] {processor.py:830} INFO - Processing file /opt/airflow/dags/ocr_pipeline_dag.py for tasks to queue
[2025-11-08T15:00:53.018-0500] {logging_mixin.py:188} INFO - [2025-11-08T15:00:53.017-0500] {dagbag.py:545} INFO - Filling up the DagBag from /opt/airflow/dags/ocr_pipeline_dag.py
[2025-11-08T15:00:53.041-0500] {logging_mixin.py:188} INFO - 📂 Using project root: /opt/project
[2025-11-08T15:00:53.277-0500] {logging_mixin.py:188} INFO - [2025-11-08T15:00:53.277-0500] {credentials.py:1278} INFO - Found credentials in shared credentials file: ~/.aws/credentials
[2025-11-08T15:00:54.403-0500] {processor.py:840} INFO - DAG(s) 'ocr_pipeline_dag' retrieved from /opt/airflow/dags/ocr_pipeline_dag.py
[2025-11-08T15:00:54.452-0500] {logging_mixin.py:188} INFO - [2025-11-08T15:00:54.451-0500] {dag.py:3089} INFO - Sync 1 DAGs
[2025-11-08T15:00:54.480-0500] {logging_mixin.py:188} INFO - [2025-11-08T15:00:54.479-0500] {dag.py:3947} INFO - Setting next_dagrun for ocr_pipeline_dag to None, run_after=None
[2025-11-08T15:00:54.508-0500] {processor.py:183} INFO - Processing /opt/airflow/dags/ocr_pipeline_dag.py took 1.507 seconds
[2025-11-08T15:01:24.710-0500] {processor.py:161} INFO - Started process (PID=1997) to work on /opt/airflow/dags/ocr_pipeline_dag.py
[2025-11-08T15:01:24.713-0500] {processor.py:830} INFO - Processing file /opt/airflow/dags/ocr_pipeline_dag.py for tasks to queue
[2025-11-08T15:01:24.718-0500] {logging_mixin.py:188} INFO - [2025-11-08T15:01:24.717-0500] {dagbag.py:545} INFO - Filling up the DagBag from /opt/airflow/dags/ocr_pipeline_dag.py
[2025-11-08T15:01:24.747-0500] {logging_mixin.py:188} INFO - 📂 Using project root: /opt/project
[2025-11-08T15:01:25.111-0500] {logging_mixin.py:188} INFO - [2025-11-08T15:01:25.111-0500] {credentials.py:1278} INFO - Found credentials in shared credentials file: ~/.aws/credentials
[2025-11-08T15:01:26.903-0500] {processor.py:840} INFO - DAG(s) 'ocr_pipeline_dag' retrieved from /opt/airflow/dags/ocr_pipeline_dag.py
[2025-11-08T15:01:26.980-0500] {logging_mixin.py:188} INFO - [2025-11-08T15:01:26.979-0500] {dag.py:3089} INFO - Sync 1 DAGs
[2025-11-08T15:01:27.010-0500] {logging_mixin.py:188} INFO - [2025-11-08T15:01:27.010-0500] {dag.py:3947} INFO - Setting next_dagrun for ocr_pipeline_dag to None, run_after=None
[2025-11-08T15:01:27.046-0500] {processor.py:183} INFO - Processing /opt/airflow/dags/ocr_pipeline_dag.py took 2.353 seconds
[2025-11-08T15:01:57.166-0500] {processor.py:161} INFO - Started process (PID=2003) to work on /opt/airflow/dags/ocr_pipeline_dag.py
[2025-11-08T15:01:57.167-0500] {processor.py:830} INFO - Processing file /opt/airflow/dags/ocr_pipeline_dag.py for tasks to queue
[2025-11-08T15:01:57.172-0500] {logging_mixin.py:188} INFO - [2025-11-08T15:01:57.171-0500] {dagbag.py:545} INFO - Filling up the DagBag from /opt/airflow/dags/ocr_pipeline_dag.py
[2025-11-08T15:01:57.193-0500] {logging_mixin.py:188} INFO - 📂 Using project root: /opt/project
[2025-11-08T15:01:57.416-0500] {logging_mixin.py:188} INFO - [2025-11-08T15:01:57.416-0500] {credentials.py:1278} INFO - Found credentials in shared credentials file: ~/.aws/credentials
[2025-11-08T15:01:58.286-0500] {processor.py:840} INFO - DAG(s) 'ocr_pipeline_dag' retrieved from /opt/airflow/dags/ocr_pipeline_dag.py
[2025-11-08T15:01:58.327-0500] {logging_mixin.py:188} INFO - [2025-11-08T15:01:58.326-0500] {dag.py:3089} INFO - Sync 1 DAGs
[2025-11-08T15:01:58.345-0500] {logging_mixin.py:188} INFO - [2025-11-08T15:01:58.345-0500] {dag.py:3947} INFO - Setting next_dagrun for ocr_pipeline_dag to None, run_after=None
[2025-11-08T15:01:58.373-0500] {processor.py:183} INFO - Processing /opt/airflow/dags/ocr_pipeline_dag.py took 1.218 seconds
[2025-11-08T15:02:28.499-0500] {processor.py:161} INFO - Started process (PID=2009) to work on /opt/airflow/dags/ocr_pipeline_dag.py
[2025-11-08T15:02:28.501-0500] {processor.py:830} INFO - Processing file /opt/airflow/dags/ocr_pipeline_dag.py for tasks to queue
[2025-11-08T15:02:28.505-0500] {logging_mixin.py:188} INFO - [2025-11-08T15:02:28.504-0500] {dagbag.py:545} INFO - Filling up the DagBag from /opt/airflow/dags/ocr_pipeline_dag.py
[2025-11-08T15:02:28.527-0500] {logging_mixin.py:188} INFO - 📂 Using project root: /opt/project
[2025-11-08T15:02:28.800-0500] {logging_mixin.py:188} INFO - [2025-11-08T15:02:28.800-0500] {credentials.py:1278} INFO - Found credentials in shared credentials file: ~/.aws/credentials
[2025-11-08T15:02:29.967-0500] {processor.py:840} INFO - DAG(s) 'ocr_pipeline_dag' retrieved from /opt/airflow/dags/ocr_pipeline_dag.py
[2025-11-08T15:02:30.007-0500] {logging_mixin.py:188} INFO - [2025-11-08T15:02:30.006-0500] {dag.py:3089} INFO - Sync 1 DAGs
[2025-11-08T15:02:30.024-0500] {logging_mixin.py:188} INFO - [2025-11-08T15:02:30.024-0500] {dag.py:3947} INFO - Setting next_dagrun for ocr_pipeline_dag to None, run_after=None
[2025-11-08T15:02:30.065-0500] {processor.py:183} INFO - Processing /opt/airflow/dags/ocr_pipeline_dag.py took 1.579 seconds
[2025-11-08T15:03:00.957-0500] {processor.py:161} INFO - Started process (PID=2015) to work on /opt/airflow/dags/ocr_pipeline_dag.py
[2025-11-08T15:03:00.960-0500] {processor.py:830} INFO - Processing file /opt/airflow/dags/ocr_pipeline_dag.py for tasks to queue
[2025-11-08T15:03:00.963-0500] {logging_mixin.py:188} INFO - [2025-11-08T15:03:00.962-0500] {dagbag.py:545} INFO - Filling up the DagBag from /opt/airflow/dags/ocr_pipeline_dag.py
[2025-11-08T15:03:00.985-0500] {logging_mixin.py:188} INFO - 📂 Using project root: /opt/project
[2025-11-08T15:03:01.292-0500] {logging_mixin.py:188} INFO - [2025-11-08T15:03:01.292-0500] {credentials.py:1278} INFO - Found credentials in shared credentials file: ~/.aws/credentials
[2025-11-08T15:03:02.121-0500] {processor.py:840} INFO - DAG(s) 'ocr_pipeline_dag' retrieved from /opt/airflow/dags/ocr_pipeline_dag.py
[2025-11-08T15:03:02.164-0500] {logging_mixin.py:188} INFO - [2025-11-08T15:03:02.163-0500] {dag.py:3089} INFO - Sync 1 DAGs
[2025-11-08T15:03:02.180-0500] {logging_mixin.py:188} INFO - [2025-11-08T15:03:02.179-0500] {dag.py:3947} INFO - Setting next_dagrun for ocr_pipeline_dag to None, run_after=None
[2025-11-08T15:03:02.207-0500] {processor.py:183} INFO - Processing /opt/airflow/dags/ocr_pipeline_dag.py took 1.259 seconds
[2025-11-08T15:03:32.719-0500] {processor.py:161} INFO - Started process (PID=2021) to work on /opt/airflow/dags/ocr_pipeline_dag.py
[2025-11-08T15:03:32.721-0500] {processor.py:830} INFO - Processing file /opt/airflow/dags/ocr_pipeline_dag.py for tasks to queue
[2025-11-08T15:03:32.726-0500] {logging_mixin.py:188} INFO - [2025-11-08T15:03:32.725-0500] {dagbag.py:545} INFO - Filling up the DagBag from /opt/airflow/dags/ocr_pipeline_dag.py
[2025-11-08T15:03:32.751-0500] {logging_mixin.py:188} INFO - 📂 Using project root: /opt/project
[2025-11-08T15:03:33.015-0500] {logging_mixin.py:188} INFO - [2025-11-08T15:03:33.015-0500] {credentials.py:1278} INFO - Found credentials in shared credentials file: ~/.aws/credentials
[2025-11-08T15:03:34.133-0500] {processor.py:840} INFO - DAG(s) 'ocr_pipeline_dag' retrieved from /opt/airflow/dags/ocr_pipeline_dag.py
[2025-11-08T15:03:34.179-0500] {logging_mixin.py:188} INFO - [2025-11-08T15:03:34.179-0500] {dag.py:3089} INFO - Sync 1 DAGs
[2025-11-08T15:03:34.195-0500] {logging_mixin.py:188} INFO - [2025-11-08T15:03:34.195-0500] {dag.py:3947} INFO - Setting next_dagrun for ocr_pipeline_dag to None, run_after=None
[2025-11-08T15:03:34.217-0500] {processor.py:183} INFO - Processing /opt/airflow/dags/ocr_pipeline_dag.py took 1.513 seconds
[2025-11-08T15:04:04.462-0500] {processor.py:161} INFO - Started process (PID=2027) to work on /opt/airflow/dags/ocr_pipeline_dag.py
[2025-11-08T15:04:04.464-0500] {processor.py:830} INFO - Processing file /opt/airflow/dags/ocr_pipeline_dag.py for tasks to queue
[2025-11-08T15:04:04.467-0500] {logging_mixin.py:188} INFO - [2025-11-08T15:04:04.466-0500] {dagbag.py:545} INFO - Filling up the DagBag from /opt/airflow/dags/ocr_pipeline_dag.py
[2025-11-08T15:04:04.489-0500] {logging_mixin.py:188} INFO - 📂 Using project root: /opt/project
[2025-11-08T15:04:04.709-0500] {logging_mixin.py:188} INFO - [2025-11-08T15:04:04.709-0500] {credentials.py:1278} INFO - Found credentials in shared credentials file: ~/.aws/credentials
[2025-11-08T15:04:05.546-0500] {processor.py:840} INFO - DAG(s) 'ocr_pipeline_dag' retrieved from /opt/airflow/dags/ocr_pipeline_dag.py
[2025-11-08T15:04:05.581-0500] {logging_mixin.py:188} INFO - [2025-11-08T15:04:05.580-0500] {dag.py:3089} INFO - Sync 1 DAGs
[2025-11-08T15:04:05.597-0500] {logging_mixin.py:188} INFO - [2025-11-08T15:04:05.597-0500] {dag.py:3947} INFO - Setting next_dagrun for ocr_pipeline_dag to None, run_after=None
[2025-11-08T15:04:05.623-0500] {processor.py:183} INFO - Processing /opt/airflow/dags/ocr_pipeline_dag.py took 1.171 seconds
[2025-11-08T15:04:35.973-0500] {processor.py:161} INFO - Started process (PID=2033) to work on /opt/airflow/dags/ocr_pipeline_dag.py
[2025-11-08T15:04:35.975-0500] {processor.py:830} INFO - Processing file /opt/airflow/dags/ocr_pipeline_dag.py for tasks to queue
[2025-11-08T15:04:35.979-0500] {logging_mixin.py:188} INFO - [2025-11-08T15:04:35.979-0500] {dagbag.py:545} INFO - Filling up the DagBag from /opt/airflow/dags/ocr_pipeline_dag.py
[2025-11-08T15:04:36.003-0500] {logging_mixin.py:188} INFO - 📂 Using project root: /opt/project
[2025-11-08T15:04:36.247-0500] {logging_mixin.py:188} INFO - [2025-11-08T15:04:36.247-0500] {credentials.py:1278} INFO - Found credentials in shared credentials file: ~/.aws/credentials
[2025-11-08T15:04:37.394-0500] {processor.py:840} INFO - DAG(s) 'ocr_pipeline_dag' retrieved from /opt/airflow/dags/ocr_pipeline_dag.py
[2025-11-08T15:04:37.432-0500] {logging_mixin.py:188} INFO - [2025-11-08T15:04:37.431-0500] {dag.py:3089} INFO - Sync 1 DAGs
[2025-11-08T15:04:37.446-0500] {logging_mixin.py:188} INFO - [2025-11-08T15:04:37.446-0500] {dag.py:3947} INFO - Setting next_dagrun for ocr_pipeline_dag to None, run_after=None
[2025-11-08T15:04:37.470-0500] {processor.py:183} INFO - Processing /opt/airflow/dags/ocr_pipeline_dag.py took 1.510 seconds
[2025-11-08T15:05:07.594-0500] {processor.py:161} INFO - Started process (PID=2039) to work on /opt/airflow/dags/ocr_pipeline_dag.py
[2025-11-08T15:05:07.595-0500] {processor.py:830} INFO - Processing file /opt/airflow/dags/ocr_pipeline_dag.py for tasks to queue
[2025-11-08T15:05:07.598-0500] {logging_mixin.py:188} INFO - [2025-11-08T15:05:07.598-0500] {dagbag.py:545} INFO - Filling up the DagBag from /opt/airflow/dags/ocr_pipeline_dag.py
[2025-11-08T15:05:07.619-0500] {logging_mixin.py:188} INFO - 📂 Using project root: /opt/project
[2025-11-08T15:05:07.830-0500] {logging_mixin.py:188} INFO - [2025-11-08T15:05:07.830-0500] {credentials.py:1278} INFO - Found credentials in shared credentials file: ~/.aws/credentials
[2025-11-08T15:05:08.723-0500] {processor.py:840} INFO - DAG(s) 'ocr_pipeline_dag' retrieved from /opt/airflow/dags/ocr_pipeline_dag.py
[2025-11-08T15:05:08.761-0500] {logging_mixin.py:188} INFO - [2025-11-08T15:05:08.761-0500] {dag.py:3089} INFO - Sync 1 DAGs
[2025-11-08T15:05:08.776-0500] {logging_mixin.py:188} INFO - [2025-11-08T15:05:08.776-0500] {dag.py:3947} INFO - Setting next_dagrun for ocr_pipeline_dag to None, run_after=None
[2025-11-08T15:05:08.801-0500] {processor.py:183} INFO - Processing /opt/airflow/dags/ocr_pipeline_dag.py took 1.216 seconds
[2025-11-08T15:05:39.270-0500] {processor.py:161} INFO - Started process (PID=2045) to work on /opt/airflow/dags/ocr_pipeline_dag.py
[2025-11-08T15:05:39.278-0500] {processor.py:830} INFO - Processing file /opt/airflow/dags/ocr_pipeline_dag.py for tasks to queue
[2025-11-08T15:05:39.295-0500] {logging_mixin.py:188} INFO - [2025-11-08T15:05:39.294-0500] {dagbag.py:545} INFO - Filling up the DagBag from /opt/airflow/dags/ocr_pipeline_dag.py
[2025-11-08T15:05:39.406-0500] {logging_mixin.py:188} INFO - 📂 Using project root: /opt/project
[2025-11-08T15:05:40.454-0500] {logging_mixin.py:188} INFO - [2025-11-08T15:05:40.453-0500] {credentials.py:1278} INFO - Found credentials in shared credentials file: ~/.aws/credentials
[2025-11-08T15:05:43.163-0500] {processor.py:840} INFO - DAG(s) 'ocr_pipeline_dag' retrieved from /opt/airflow/dags/ocr_pipeline_dag.py
[2025-11-08T15:05:43.323-0500] {logging_mixin.py:188} INFO - [2025-11-08T15:05:43.321-0500] {dag.py:3089} INFO - Sync 1 DAGs
[2025-11-08T15:05:43.402-0500] {logging_mixin.py:188} INFO - [2025-11-08T15:05:43.394-0500] {dag.py:3947} INFO - Setting next_dagrun for ocr_pipeline_dag to None, run_after=None
[2025-11-08T15:05:43.473-0500] {processor.py:183} INFO - Processing /opt/airflow/dags/ocr_pipeline_dag.py took 4.235 seconds
[2025-11-08T15:06:13.911-0500] {processor.py:161} INFO - Started process (PID=2051) to work on /opt/airflow/dags/ocr_pipeline_dag.py
[2025-11-08T15:06:13.919-0500] {processor.py:830} INFO - Processing file /opt/airflow/dags/ocr_pipeline_dag.py for tasks to queue
[2025-11-08T15:06:13.926-0500] {logging_mixin.py:188} INFO - [2025-11-08T15:06:13.925-0500] {dagbag.py:545} INFO - Filling up the DagBag from /opt/airflow/dags/ocr_pipeline_dag.py
[2025-11-08T15:06:13.990-0500] {logging_mixin.py:188} INFO - 📂 Using project root: /opt/project
[2025-11-08T15:06:14.491-0500] {logging_mixin.py:188} INFO - [2025-11-08T15:06:14.490-0500] {credentials.py:1278} INFO - Found credentials in shared credentials file: ~/.aws/credentials
[2025-11-08T15:06:17.091-0500] {processor.py:840} INFO - DAG(s) 'ocr_pipeline_dag' retrieved from /opt/airflow/dags/ocr_pipeline_dag.py
[2025-11-08T15:06:17.182-0500] {logging_mixin.py:188} INFO - [2025-11-08T15:06:17.181-0500] {dag.py:3089} INFO - Sync 1 DAGs
[2025-11-08T15:06:17.231-0500] {logging_mixin.py:188} INFO - [2025-11-08T15:06:17.230-0500] {dag.py:3947} INFO - Setting next_dagrun for ocr_pipeline_dag to None, run_after=None
[2025-11-08T15:06:17.347-0500] {processor.py:183} INFO - Processing /opt/airflow/dags/ocr_pipeline_dag.py took 3.462 seconds
[2025-11-08T15:06:47.946-0500] {processor.py:161} INFO - Started process (PID=2057) to work on /opt/airflow/dags/ocr_pipeline_dag.py
[2025-11-08T15:06:47.960-0500] {processor.py:830} INFO - Processing file /opt/airflow/dags/ocr_pipeline_dag.py for tasks to queue
[2025-11-08T15:06:47.982-0500] {logging_mixin.py:188} INFO - [2025-11-08T15:06:47.980-0500] {dagbag.py:545} INFO - Filling up the DagBag from /opt/airflow/dags/ocr_pipeline_dag.py
[2025-11-08T15:06:48.021-0500] {logging_mixin.py:188} INFO - 📂 Using project root: /opt/project
[2025-11-08T15:06:49.016-0500] {logging_mixin.py:188} INFO - [2025-11-08T15:06:49.015-0500] {credentials.py:1278} INFO - Found credentials in shared credentials file: ~/.aws/credentials
[2025-11-08T15:06:54.041-0500] {processor.py:840} INFO - DAG(s) 'ocr_pipeline_dag' retrieved from /opt/airflow/dags/ocr_pipeline_dag.py
[2025-11-08T15:06:54.127-0500] {logging_mixin.py:188} INFO - [2025-11-08T15:06:54.126-0500] {dag.py:3089} INFO - Sync 1 DAGs
[2025-11-08T15:06:54.173-0500] {logging_mixin.py:188} INFO - [2025-11-08T15:06:54.172-0500] {dag.py:3947} INFO - Setting next_dagrun for ocr_pipeline_dag to None, run_after=None
[2025-11-08T15:06:54.220-0500] {processor.py:183} INFO - Processing /opt/airflow/dags/ocr_pipeline_dag.py took 6.399 seconds
[2025-11-08T15:07:24.360-0500] {processor.py:161} INFO - Started process (PID=2063) to work on /opt/airflow/dags/ocr_pipeline_dag.py
[2025-11-08T15:07:24.361-0500] {processor.py:830} INFO - Processing file /opt/airflow/dags/ocr_pipeline_dag.py for tasks to queue
[2025-11-08T15:07:24.368-0500] {logging_mixin.py:188} INFO - [2025-11-08T15:07:24.364-0500] {dagbag.py:545} INFO - Filling up the DagBag from /opt/airflow/dags/ocr_pipeline_dag.py
[2025-11-08T15:07:24.387-0500] {logging_mixin.py:188} INFO - 📂 Using project root: /opt/project
[2025-11-08T15:07:24.642-0500] {logging_mixin.py:188} INFO - [2025-11-08T15:07:24.641-0500] {credentials.py:1278} INFO - Found credentials in shared credentials file: ~/.aws/credentials
[2025-11-08T15:07:25.721-0500] {processor.py:840} INFO - DAG(s) 'ocr_pipeline_dag' retrieved from /opt/airflow/dags/ocr_pipeline_dag.py
[2025-11-08T15:07:25.759-0500] {logging_mixin.py:188} INFO - [2025-11-08T15:07:25.758-0500] {dag.py:3089} INFO - Sync 1 DAGs
[2025-11-08T15:07:25.777-0500] {logging_mixin.py:188} INFO - [2025-11-08T15:07:25.776-0500] {dag.py:3947} INFO - Setting next_dagrun for ocr_pipeline_dag to None, run_after=None
[2025-11-08T15:07:25.803-0500] {processor.py:183} INFO - Processing /opt/airflow/dags/ocr_pipeline_dag.py took 1.455 seconds
[2025-11-08T15:07:55.938-0500] {processor.py:161} INFO - Started process (PID=2069) to work on /opt/airflow/dags/ocr_pipeline_dag.py
[2025-11-08T15:07:55.940-0500] {processor.py:830} INFO - Processing file /opt/airflow/dags/ocr_pipeline_dag.py for tasks to queue
[2025-11-08T15:07:55.945-0500] {logging_mixin.py:188} INFO - [2025-11-08T15:07:55.944-0500] {dagbag.py:545} INFO - Filling up the DagBag from /opt/airflow/dags/ocr_pipeline_dag.py
[2025-11-08T15:07:55.981-0500] {logging_mixin.py:188} INFO - 📂 Using project root: /opt/project
[2025-11-08T15:07:56.627-0500] {logging_mixin.py:188} INFO - [2025-11-08T15:07:56.626-0500] {credentials.py:1278} INFO - Found credentials in shared credentials file: ~/.aws/credentials
[2025-11-08T15:07:58.069-0500] {processor.py:840} INFO - DAG(s) 'ocr_pipeline_dag' retrieved from /opt/airflow/dags/ocr_pipeline_dag.py
[2025-11-08T15:07:58.116-0500] {logging_mixin.py:188} INFO - [2025-11-08T15:07:58.115-0500] {dag.py:3089} INFO - Sync 1 DAGs
[2025-11-08T15:07:58.139-0500] {logging_mixin.py:188} INFO - [2025-11-08T15:07:58.139-0500] {dag.py:3947} INFO - Setting next_dagrun for ocr_pipeline_dag to None, run_after=None
[2025-11-08T15:07:58.187-0500] {processor.py:183} INFO - Processing /opt/airflow/dags/ocr_pipeline_dag.py took 2.264 seconds
[2025-11-08T15:08:28.476-0500] {processor.py:161} INFO - Started process (PID=2075) to work on /opt/airflow/dags/ocr_pipeline_dag.py
[2025-11-08T15:08:28.509-0500] {processor.py:830} INFO - Processing file /opt/airflow/dags/ocr_pipeline_dag.py for tasks to queue
[2025-11-08T15:08:28.520-0500] {logging_mixin.py:188} INFO - [2025-11-08T15:08:28.519-0500] {dagbag.py:545} INFO - Filling up the DagBag from /opt/airflow/dags/ocr_pipeline_dag.py
[2025-11-08T15:08:28.546-0500] {logging_mixin.py:188} INFO - 📂 Using project root: /opt/project
[2025-11-08T15:08:28.856-0500] {logging_mixin.py:188} INFO - [2025-11-08T15:08:28.856-0500] {credentials.py:1278} INFO - Found credentials in shared credentials file: ~/.aws/credentials
[2025-11-08T15:08:29.898-0500] {processor.py:840} INFO - DAG(s) 'ocr_pipeline_dag' retrieved from /opt/airflow/dags/ocr_pipeline_dag.py
[2025-11-08T15:08:29.935-0500] {logging_mixin.py:188} INFO - [2025-11-08T15:08:29.934-0500] {dag.py:3089} INFO - Sync 1 DAGs
[2025-11-08T15:08:29.950-0500] {logging_mixin.py:188} INFO - [2025-11-08T15:08:29.950-0500] {dag.py:3947} INFO - Setting next_dagrun for ocr_pipeline_dag to None, run_after=None
[2025-11-08T15:08:29.977-0500] {processor.py:183} INFO - Processing /opt/airflow/dags/ocr_pipeline_dag.py took 1.557 seconds
[2025-11-08T15:09:01.058-0500] {processor.py:161} INFO - Started process (PID=2081) to work on /opt/airflow/dags/ocr_pipeline_dag.py
[2025-11-08T15:09:01.059-0500] {processor.py:830} INFO - Processing file /opt/airflow/dags/ocr_pipeline_dag.py for tasks to queue
[2025-11-08T15:09:01.063-0500] {logging_mixin.py:188} INFO - [2025-11-08T15:09:01.062-0500] {dagbag.py:545} INFO - Filling up the DagBag from /opt/airflow/dags/ocr_pipeline_dag.py
[2025-11-08T15:09:01.087-0500] {logging_mixin.py:188} INFO - 📂 Using project root: /opt/project
[2025-11-08T15:09:01.287-0500] {logging_mixin.py:188} INFO - [2025-11-08T15:09:01.286-0500] {credentials.py:1278} INFO - Found credentials in shared credentials file: ~/.aws/credentials
[2025-11-08T15:09:02.054-0500] {processor.py:840} INFO - DAG(s) 'ocr_pipeline_dag' retrieved from /opt/airflow/dags/ocr_pipeline_dag.py
[2025-11-08T15:09:02.085-0500] {logging_mixin.py:188} INFO - [2025-11-08T15:09:02.085-0500] {dag.py:3089} INFO - Sync 1 DAGs
[2025-11-08T15:09:02.099-0500] {logging_mixin.py:188} INFO - [2025-11-08T15:09:02.098-0500] {dag.py:3947} INFO - Setting next_dagrun for ocr_pipeline_dag to None, run_after=None
[2025-11-08T15:09:02.123-0500] {processor.py:183} INFO - Processing /opt/airflow/dags/ocr_pipeline_dag.py took 1.081 seconds
[2025-11-08T15:09:32.267-0500] {processor.py:161} INFO - Started process (PID=2087) to work on /opt/airflow/dags/ocr_pipeline_dag.py
[2025-11-08T15:09:32.269-0500] {processor.py:830} INFO - Processing file /opt/airflow/dags/ocr_pipeline_dag.py for tasks to queue
[2025-11-08T15:09:32.271-0500] {logging_mixin.py:188} INFO - [2025-11-08T15:09:32.270-0500] {dagbag.py:545} INFO - Filling up the DagBag from /opt/airflow/dags/ocr_pipeline_dag.py
[2025-11-08T15:09:32.286-0500] {logging_mixin.py:188} INFO - 📂 Using project root: /opt/project
[2025-11-08T15:09:32.449-0500] {logging_mixin.py:188} INFO - [2025-11-08T15:09:32.448-0500] {credentials.py:1278} INFO - Found credentials in shared credentials file: ~/.aws/credentials
[2025-11-08T15:09:33.105-0500] {processor.py:840} INFO - DAG(s) 'ocr_pipeline_dag' retrieved from /opt/airflow/dags/ocr_pipeline_dag.py
[2025-11-08T15:09:33.138-0500] {logging_mixin.py:188} INFO - [2025-11-08T15:09:33.137-0500] {dag.py:3089} INFO - Sync 1 DAGs
[2025-11-08T15:09:33.151-0500] {logging_mixin.py:188} INFO - [2025-11-08T15:09:33.150-0500] {dag.py:3947} INFO - Setting next_dagrun for ocr_pipeline_dag to None, run_after=None
[2025-11-08T15:09:33.173-0500] {processor.py:183} INFO - Processing /opt/airflow/dags/ocr_pipeline_dag.py took 0.912 seconds
[2025-11-08T15:10:03.431-0500] {processor.py:161} INFO - Started process (PID=2093) to work on /opt/airflow/dags/ocr_pipeline_dag.py
[2025-11-08T15:10:03.433-0500] {processor.py:830} INFO - Processing file /opt/airflow/dags/ocr_pipeline_dag.py for tasks to queue
[2025-11-08T15:10:03.439-0500] {logging_mixin.py:188} INFO - [2025-11-08T15:10:03.438-0500] {dagbag.py:545} INFO - Filling up the DagBag from /opt/airflow/dags/ocr_pipeline_dag.py
[2025-11-08T15:10:03.474-0500] {logging_mixin.py:188} INFO - 📂 Using project root: /opt/project
[2025-11-08T15:10:03.796-0500] {logging_mixin.py:188} INFO - [2025-11-08T15:10:03.796-0500] {credentials.py:1278} INFO - Found credentials in shared credentials file: ~/.aws/credentials
[2025-11-08T15:10:05.716-0500] {processor.py:840} INFO - DAG(s) 'ocr_pipeline_dag' retrieved from /opt/airflow/dags/ocr_pipeline_dag.py
[2025-11-08T15:10:05.799-0500] {logging_mixin.py:188} INFO - [2025-11-08T15:10:05.798-0500] {dag.py:3089} INFO - Sync 1 DAGs
[2025-11-08T15:10:05.835-0500] {logging_mixin.py:188} INFO - [2025-11-08T15:10:05.835-0500] {dag.py:3947} INFO - Setting next_dagrun for ocr_pipeline_dag to None, run_after=None
[2025-11-08T15:10:05.912-0500] {processor.py:183} INFO - Processing /opt/airflow/dags/ocr_pipeline_dag.py took 2.498 seconds
[2025-11-08T15:10:36.316-0500] {processor.py:161} INFO - Started process (PID=2099) to work on /opt/airflow/dags/ocr_pipeline_dag.py
[2025-11-08T15:10:36.323-0500] {processor.py:830} INFO - Processing file /opt/airflow/dags/ocr_pipeline_dag.py for tasks to queue
[2025-11-08T15:10:36.332-0500] {logging_mixin.py:188} INFO - [2025-11-08T15:10:36.331-0500] {dagbag.py:545} INFO - Filling up the DagBag from /opt/airflow/dags/ocr_pipeline_dag.py
[2025-11-08T15:10:36.390-0500] {logging_mixin.py:188} INFO - 📂 Using project root: /opt/project
[2025-11-08T15:10:37.007-0500] {logging_mixin.py:188} INFO - [2025-11-08T15:10:37.006-0500] {credentials.py:1278} INFO - Found credentials in shared credentials file: ~/.aws/credentials
[2025-11-08T15:10:39.179-0500] {processor.py:840} INFO - DAG(s) 'ocr_pipeline_dag' retrieved from /opt/airflow/dags/ocr_pipeline_dag.py
[2025-11-08T15:10:39.253-0500] {logging_mixin.py:188} INFO - [2025-11-08T15:10:39.252-0500] {dag.py:3089} INFO - Sync 1 DAGs
[2025-11-08T15:10:39.283-0500] {logging_mixin.py:188} INFO - [2025-11-08T15:10:39.282-0500] {dag.py:3947} INFO - Setting next_dagrun for ocr_pipeline_dag to None, run_after=None
[2025-11-08T15:10:39.326-0500] {processor.py:183} INFO - Processing /opt/airflow/dags/ocr_pipeline_dag.py took 2.203 seconds
[2025-11-08T15:11:10.215-0500] {processor.py:161} INFO - Started process (PID=2105) to work on /opt/airflow/dags/ocr_pipeline_dag.py
[2025-11-08T15:11:10.216-0500] {processor.py:830} INFO - Processing file /opt/airflow/dags/ocr_pipeline_dag.py for tasks to queue
[2025-11-08T15:11:10.221-0500] {logging_mixin.py:188} INFO - [2025-11-08T15:11:10.220-0500] {dagbag.py:545} INFO - Filling up the DagBag from /opt/airflow/dags/ocr_pipeline_dag.py
[2025-11-08T15:11:10.242-0500] {logging_mixin.py:188} INFO - 📂 Using project root: /opt/project
[2025-11-08T15:11:10.449-0500] {logging_mixin.py:188} INFO - [2025-11-08T15:11:10.448-0500] {credentials.py:1278} INFO - Found credentials in shared credentials file: ~/.aws/credentials
[2025-11-08T15:11:11.292-0500] {processor.py:840} INFO - DAG(s) 'ocr_pipeline_dag' retrieved from /opt/airflow/dags/ocr_pipeline_dag.py
[2025-11-08T15:11:11.324-0500] {logging_mixin.py:188} INFO - [2025-11-08T15:11:11.324-0500] {dag.py:3089} INFO - Sync 1 DAGs
[2025-11-08T15:11:11.340-0500] {logging_mixin.py:188} INFO - [2025-11-08T15:11:11.339-0500] {dag.py:3947} INFO - Setting next_dagrun for ocr_pipeline_dag to None, run_after=None
[2025-11-08T15:11:11.367-0500] {processor.py:183} INFO - Processing /opt/airflow/dags/ocr_pipeline_dag.py took 1.162 seconds
[2025-11-08T15:11:41.608-0500] {processor.py:161} INFO - Started process (PID=2111) to work on /opt/airflow/dags/ocr_pipeline_dag.py
[2025-11-08T15:11:41.611-0500] {processor.py:830} INFO - Processing file /opt/airflow/dags/ocr_pipeline_dag.py for tasks to queue
[2025-11-08T15:11:41.616-0500] {logging_mixin.py:188} INFO - [2025-11-08T15:11:41.615-0500] {dagbag.py:545} INFO - Filling up the DagBag from /opt/airflow/dags/ocr_pipeline_dag.py
[2025-11-08T15:11:41.653-0500] {logging_mixin.py:188} INFO - 📂 Using project root: /opt/project
[2025-11-08T15:11:41.897-0500] {logging_mixin.py:188} INFO - [2025-11-08T15:11:41.897-0500] {credentials.py:1278} INFO - Found credentials in shared credentials file: ~/.aws/credentials
[2025-11-08T15:11:42.654-0500] {processor.py:840} INFO - DAG(s) 'ocr_pipeline_dag' retrieved from /opt/airflow/dags/ocr_pipeline_dag.py
[2025-11-08T15:11:42.683-0500] {logging_mixin.py:188} INFO - [2025-11-08T15:11:42.683-0500] {dag.py:3089} INFO - Sync 1 DAGs
[2025-11-08T15:11:42.695-0500] {logging_mixin.py:188} INFO - [2025-11-08T15:11:42.695-0500] {dag.py:3947} INFO - Setting next_dagrun for ocr_pipeline_dag to None, run_after=None
[2025-11-08T15:11:42.716-0500] {processor.py:183} INFO - Processing /opt/airflow/dags/ocr_pipeline_dag.py took 1.133 seconds
[2025-11-08T15:12:12.924-0500] {processor.py:161} INFO - Started process (PID=2117) to work on /opt/airflow/dags/ocr_pipeline_dag.py
[2025-11-08T15:12:12.925-0500] {processor.py:830} INFO - Processing file /opt/airflow/dags/ocr_pipeline_dag.py for tasks to queue
[2025-11-08T15:12:12.929-0500] {logging_mixin.py:188} INFO - [2025-11-08T15:12:12.928-0500] {dagbag.py:545} INFO - Filling up the DagBag from /opt/airflow/dags/ocr_pipeline_dag.py
[2025-11-08T15:12:12.952-0500] {logging_mixin.py:188} INFO - 📂 Using project root: /opt/project
[2025-11-08T15:12:13.172-0500] {logging_mixin.py:188} INFO - [2025-11-08T15:12:13.172-0500] {credentials.py:1278} INFO - Found credentials in shared credentials file: ~/.aws/credentials
[2025-11-08T15:12:14.046-0500] {processor.py:840} INFO - DAG(s) 'ocr_pipeline_dag' retrieved from /opt/airflow/dags/ocr_pipeline_dag.py
[2025-11-08T15:12:14.076-0500] {logging_mixin.py:188} INFO - [2025-11-08T15:12:14.075-0500] {dag.py:3089} INFO - Sync 1 DAGs
[2025-11-08T15:12:14.088-0500] {logging_mixin.py:188} INFO - [2025-11-08T15:12:14.087-0500] {dag.py:3947} INFO - Setting next_dagrun for ocr_pipeline_dag to None, run_after=None
[2025-11-08T15:12:14.109-0500] {processor.py:183} INFO - Processing /opt/airflow/dags/ocr_pipeline_dag.py took 1.194 seconds
[2025-11-08T15:12:44.350-0500] {processor.py:161} INFO - Started process (PID=2123) to work on /opt/airflow/dags/ocr_pipeline_dag.py
[2025-11-08T15:12:44.352-0500] {processor.py:830} INFO - Processing file /opt/airflow/dags/ocr_pipeline_dag.py for tasks to queue
[2025-11-08T15:12:44.356-0500] {logging_mixin.py:188} INFO - [2025-11-08T15:12:44.356-0500] {dagbag.py:545} INFO - Filling up the DagBag from /opt/airflow/dags/ocr_pipeline_dag.py
[2025-11-08T15:12:44.376-0500] {logging_mixin.py:188} INFO - 📂 Using project root: /opt/project
[2025-11-08T15:12:44.601-0500] {logging_mixin.py:188} INFO - [2025-11-08T15:12:44.600-0500] {credentials.py:1278} INFO - Found credentials in shared credentials file: ~/.aws/credentials
[2025-11-08T15:12:45.649-0500] {processor.py:840} INFO - DAG(s) 'ocr_pipeline_dag' retrieved from /opt/airflow/dags/ocr_pipeline_dag.py
[2025-11-08T15:12:45.698-0500] {logging_mixin.py:188} INFO - [2025-11-08T15:12:45.698-0500] {dag.py:3089} INFO - Sync 1 DAGs
[2025-11-08T15:12:45.728-0500] {logging_mixin.py:188} INFO - [2025-11-08T15:12:45.728-0500] {dag.py:3947} INFO - Setting next_dagrun for ocr_pipeline_dag to None, run_after=None
[2025-11-08T15:12:45.773-0500] {processor.py:183} INFO - Processing /opt/airflow/dags/ocr_pipeline_dag.py took 1.436 seconds
[2025-11-08T15:13:16.146-0500] {processor.py:161} INFO - Started process (PID=2129) to work on /opt/airflow/dags/ocr_pipeline_dag.py
[2025-11-08T15:13:16.149-0500] {processor.py:830} INFO - Processing file /opt/airflow/dags/ocr_pipeline_dag.py for tasks to queue
[2025-11-08T15:13:16.156-0500] {logging_mixin.py:188} INFO - [2025-11-08T15:13:16.154-0500] {dagbag.py:545} INFO - Filling up the DagBag from /opt/airflow/dags/ocr_pipeline_dag.py
[2025-11-08T15:13:16.211-0500] {logging_mixin.py:188} INFO - 📂 Using project root: /opt/project
[2025-11-08T15:13:16.760-0500] {logging_mixin.py:188} INFO - [2025-11-08T15:13:16.759-0500] {credentials.py:1278} INFO - Found credentials in shared credentials file: ~/.aws/credentials
[2025-11-08T15:13:19.973-0500] {processor.py:840} INFO - DAG(s) 'ocr_pipeline_dag' retrieved from /opt/airflow/dags/ocr_pipeline_dag.py
[2025-11-08T15:13:20.105-0500] {logging_mixin.py:188} INFO - [2025-11-08T15:13:20.104-0500] {dag.py:3089} INFO - Sync 1 DAGs
[2025-11-08T15:13:20.182-0500] {logging_mixin.py:188} INFO - [2025-11-08T15:13:20.181-0500] {dag.py:3947} INFO - Setting next_dagrun for ocr_pipeline_dag to None, run_after=None
[2025-11-08T15:13:20.265-0500] {processor.py:183} INFO - Processing /opt/airflow/dags/ocr_pipeline_dag.py took 4.146 seconds
[2025-11-08T15:13:50.454-0500] {processor.py:161} INFO - Started process (PID=2135) to work on /opt/airflow/dags/ocr_pipeline_dag.py
[2025-11-08T15:13:50.456-0500] {processor.py:830} INFO - Processing file /opt/airflow/dags/ocr_pipeline_dag.py for tasks to queue
[2025-11-08T15:13:50.460-0500] {logging_mixin.py:188} INFO - [2025-11-08T15:13:50.459-0500] {dagbag.py:545} INFO - Filling up the DagBag from /opt/airflow/dags/ocr_pipeline_dag.py
[2025-11-08T15:13:50.488-0500] {logging_mixin.py:188} INFO - 📂 Using project root: /opt/project
[2025-11-08T15:13:50.847-0500] {logging_mixin.py:188} INFO - [2025-11-08T15:13:50.847-0500] {credentials.py:1278} INFO - Found credentials in shared credentials file: ~/.aws/credentials
[2025-11-08T15:13:52.250-0500] {processor.py:840} INFO - DAG(s) 'ocr_pipeline_dag' retrieved from /opt/airflow/dags/ocr_pipeline_dag.py
[2025-11-08T15:13:52.290-0500] {logging_mixin.py:188} INFO - [2025-11-08T15:13:52.290-0500] {dag.py:3089} INFO - Sync 1 DAGs
[2025-11-08T15:13:52.307-0500] {logging_mixin.py:188} INFO - [2025-11-08T15:13:52.307-0500] {dag.py:3947} INFO - Setting next_dagrun for ocr_pipeline_dag to None, run_after=None
[2025-11-08T15:13:52.334-0500] {processor.py:183} INFO - Processing /opt/airflow/dags/ocr_pipeline_dag.py took 1.891 seconds
[2025-11-08T15:14:22.551-0500] {processor.py:161} INFO - Started process (PID=2141) to work on /opt/airflow/dags/ocr_pipeline_dag.py
[2025-11-08T15:14:22.553-0500] {processor.py:830} INFO - Processing file /opt/airflow/dags/ocr_pipeline_dag.py for tasks to queue
[2025-11-08T15:14:22.559-0500] {logging_mixin.py:188} INFO - [2025-11-08T15:14:22.558-0500] {dagbag.py:545} INFO - Filling up the DagBag from /opt/airflow/dags/ocr_pipeline_dag.py
[2025-11-08T15:14:22.605-0500] {logging_mixin.py:188} INFO - 📂 Using project root: /opt/project
[2025-11-08T15:14:23.009-0500] {logging_mixin.py:188} INFO - [2025-11-08T15:14:23.009-0500] {credentials.py:1278} INFO - Found credentials in shared credentials file: ~/.aws/credentials
[2025-11-08T15:14:24.023-0500] {processor.py:840} INFO - DAG(s) 'ocr_pipeline_dag' retrieved from /opt/airflow/dags/ocr_pipeline_dag.py
[2025-11-08T15:14:24.094-0500] {logging_mixin.py:188} INFO - [2025-11-08T15:14:24.094-0500] {dag.py:3089} INFO - Sync 1 DAGs
[2025-11-08T15:14:24.124-0500] {logging_mixin.py:188} INFO - [2025-11-08T15:14:24.124-0500] {dag.py:3947} INFO - Setting next_dagrun for ocr_pipeline_dag to None, run_after=None
[2025-11-08T15:14:24.157-0500] {processor.py:183} INFO - Processing /opt/airflow/dags/ocr_pipeline_dag.py took 1.622 seconds
[2025-11-08T15:14:54.323-0500] {processor.py:161} INFO - Started process (PID=2147) to work on /opt/airflow/dags/ocr_pipeline_dag.py
[2025-11-08T15:14:54.325-0500] {processor.py:830} INFO - Processing file /opt/airflow/dags/ocr_pipeline_dag.py for tasks to queue
[2025-11-08T15:14:54.329-0500] {logging_mixin.py:188} INFO - [2025-11-08T15:14:54.328-0500] {dagbag.py:545} INFO - Filling up the DagBag from /opt/airflow/dags/ocr_pipeline_dag.py
[2025-11-08T15:14:54.351-0500] {logging_mixin.py:188} INFO - 📂 Using project root: /opt/project
[2025-11-08T15:14:54.559-0500] {logging_mixin.py:188} INFO - [2025-11-08T15:14:54.559-0500] {credentials.py:1278} INFO - Found credentials in shared credentials file: ~/.aws/credentials
[2025-11-08T15:14:55.575-0500] {processor.py:840} INFO - DAG(s) 'ocr_pipeline_dag' retrieved from /opt/airflow/dags/ocr_pipeline_dag.py
[2025-11-08T15:14:55.633-0500] {logging_mixin.py:188} INFO - [2025-11-08T15:14:55.632-0500] {dag.py:3089} INFO - Sync 1 DAGs
[2025-11-08T15:14:55.651-0500] {logging_mixin.py:188} INFO - [2025-11-08T15:14:55.651-0500] {dag.py:3947} INFO - Setting next_dagrun for ocr_pipeline_dag to None, run_after=None
[2025-11-08T15:14:55.687-0500] {processor.py:183} INFO - Processing /opt/airflow/dags/ocr_pipeline_dag.py took 1.377 seconds
[2025-11-08T15:15:25.819-0500] {processor.py:161} INFO - Started process (PID=2153) to work on /opt/airflow/dags/ocr_pipeline_dag.py
[2025-11-08T15:15:25.822-0500] {processor.py:830} INFO - Processing file /opt/airflow/dags/ocr_pipeline_dag.py for tasks to queue
[2025-11-08T15:15:25.826-0500] {logging_mixin.py:188} INFO - [2025-11-08T15:15:25.825-0500] {dagbag.py:545} INFO - Filling up the DagBag from /opt/airflow/dags/ocr_pipeline_dag.py
[2025-11-08T15:15:25.853-0500] {logging_mixin.py:188} INFO - 📂 Using project root: /opt/project
[2025-11-08T15:15:26.102-0500] {logging_mixin.py:188} INFO - [2025-11-08T15:15:26.101-0500] {credentials.py:1278} INFO - Found credentials in shared credentials file: ~/.aws/credentials
[2025-11-08T15:15:27.379-0500] {processor.py:840} INFO - DAG(s) 'ocr_pipeline_dag' retrieved from /opt/airflow/dags/ocr_pipeline_dag.py
[2025-11-08T15:15:27.432-0500] {logging_mixin.py:188} INFO - [2025-11-08T15:15:27.431-0500] {dag.py:3089} INFO - Sync 1 DAGs
[2025-11-08T15:15:27.457-0500] {logging_mixin.py:188} INFO - [2025-11-08T15:15:27.457-0500] {dag.py:3947} INFO - Setting next_dagrun for ocr_pipeline_dag to None, run_after=None
[2025-11-08T15:15:27.489-0500] {processor.py:183} INFO - Processing /opt/airflow/dags/ocr_pipeline_dag.py took 1.682 seconds
[2025-11-08T15:15:57.666-0500] {processor.py:161} INFO - Started process (PID=2159) to work on /opt/airflow/dags/ocr_pipeline_dag.py
[2025-11-08T15:15:57.668-0500] {processor.py:830} INFO - Processing file /opt/airflow/dags/ocr_pipeline_dag.py for tasks to queue
[2025-11-08T15:15:57.672-0500] {logging_mixin.py:188} INFO - [2025-11-08T15:15:57.672-0500] {dagbag.py:545} INFO - Filling up the DagBag from /opt/airflow/dags/ocr_pipeline_dag.py
[2025-11-08T15:15:57.697-0500] {logging_mixin.py:188} INFO - 📂 Using project root: /opt/project
[2025-11-08T15:15:57.931-0500] {logging_mixin.py:188} INFO - [2025-11-08T15:15:57.930-0500] {credentials.py:1278} INFO - Found credentials in shared credentials file: ~/.aws/credentials
[2025-11-08T15:15:59.135-0500] {processor.py:840} INFO - DAG(s) 'ocr_pipeline_dag' retrieved from /opt/airflow/dags/ocr_pipeline_dag.py
[2025-11-08T15:15:59.256-0500] {logging_mixin.py:188} INFO - [2025-11-08T15:15:59.255-0500] {dag.py:3089} INFO - Sync 1 DAGs
[2025-11-08T15:15:59.281-0500] {logging_mixin.py:188} INFO - [2025-11-08T15:15:59.281-0500] {dag.py:3947} INFO - Setting next_dagrun for ocr_pipeline_dag to None, run_after=None
[2025-11-08T15:15:59.337-0500] {processor.py:183} INFO - Processing /opt/airflow/dags/ocr_pipeline_dag.py took 1.685 seconds
[2025-11-08T15:16:29.556-0500] {processor.py:161} INFO - Started process (PID=2165) to work on /opt/airflow/dags/ocr_pipeline_dag.py
[2025-11-08T15:16:29.558-0500] {processor.py:830} INFO - Processing file /opt/airflow/dags/ocr_pipeline_dag.py for tasks to queue
[2025-11-08T15:16:29.561-0500] {logging_mixin.py:188} INFO - [2025-11-08T15:16:29.560-0500] {dagbag.py:545} INFO - Filling up the DagBag from /opt/airflow/dags/ocr_pipeline_dag.py
[2025-11-08T15:16:29.582-0500] {logging_mixin.py:188} INFO - 📂 Using project root: /opt/project
[2025-11-08T15:16:29.800-0500] {logging_mixin.py:188} INFO - [2025-11-08T15:16:29.800-0500] {credentials.py:1278} INFO - Found credentials in shared credentials file: ~/.aws/credentials
[2025-11-08T15:16:30.639-0500] {processor.py:840} INFO - DAG(s) 'ocr_pipeline_dag' retrieved from /opt/airflow/dags/ocr_pipeline_dag.py
[2025-11-08T15:16:30.674-0500] {logging_mixin.py:188} INFO - [2025-11-08T15:16:30.673-0500] {dag.py:3089} INFO - Sync 1 DAGs
[2025-11-08T15:16:30.687-0500] {logging_mixin.py:188} INFO - [2025-11-08T15:16:30.687-0500] {dag.py:3947} INFO - Setting next_dagrun for ocr_pipeline_dag to None, run_after=None
[2025-11-08T15:16:30.710-0500] {processor.py:183} INFO - Processing /opt/airflow/dags/ocr_pipeline_dag.py took 1.165 seconds
[2025-11-08T15:17:00.843-0500] {processor.py:161} INFO - Started process (PID=2171) to work on /opt/airflow/dags/ocr_pipeline_dag.py
[2025-11-08T15:17:00.844-0500] {processor.py:830} INFO - Processing file /opt/airflow/dags/ocr_pipeline_dag.py for tasks to queue
[2025-11-08T15:17:00.847-0500] {logging_mixin.py:188} INFO - [2025-11-08T15:17:00.847-0500] {dagbag.py:545} INFO - Filling up the DagBag from /opt/airflow/dags/ocr_pipeline_dag.py
[2025-11-08T15:17:00.867-0500] {logging_mixin.py:188} INFO - 📂 Using project root: /opt/project
[2025-11-08T15:17:01.063-0500] {logging_mixin.py:188} INFO - [2025-11-08T15:17:01.063-0500] {credentials.py:1278} INFO - Found credentials in shared credentials file: ~/.aws/credentials
[2025-11-08T15:17:01.867-0500] {processor.py:840} INFO - DAG(s) 'ocr_pipeline_dag' retrieved from /opt/airflow/dags/ocr_pipeline_dag.py
[2025-11-08T15:17:01.901-0500] {logging_mixin.py:188} INFO - [2025-11-08T15:17:01.900-0500] {dag.py:3089} INFO - Sync 1 DAGs
[2025-11-08T15:17:01.914-0500] {logging_mixin.py:188} INFO - [2025-11-08T15:17:01.914-0500] {dag.py:3947} INFO - Setting next_dagrun for ocr_pipeline_dag to None, run_after=None
[2025-11-08T15:17:01.938-0500] {processor.py:183} INFO - Processing /opt/airflow/dags/ocr_pipeline_dag.py took 1.105 seconds
[2025-11-08T15:17:32.148-0500] {processor.py:161} INFO - Started process (PID=2177) to work on /opt/airflow/dags/ocr_pipeline_dag.py
[2025-11-08T15:17:32.157-0500] {processor.py:830} INFO - Processing file /opt/airflow/dags/ocr_pipeline_dag.py for tasks to queue
[2025-11-08T15:17:32.166-0500] {logging_mixin.py:188} INFO - [2025-11-08T15:17:32.163-0500] {dagbag.py:545} INFO - Filling up the DagBag from /opt/airflow/dags/ocr_pipeline_dag.py
[2025-11-08T15:17:32.204-0500] {logging_mixin.py:188} INFO - 📂 Using project root: /opt/project
[2025-11-08T15:17:32.727-0500] {logging_mixin.py:188} INFO - [2025-11-08T15:17:32.726-0500] {credentials.py:1278} INFO - Found credentials in shared credentials file: ~/.aws/credentials
[2025-11-08T15:17:34.945-0500] {processor.py:840} INFO - DAG(s) 'ocr_pipeline_dag' retrieved from /opt/airflow/dags/ocr_pipeline_dag.py
[2025-11-08T15:17:35.060-0500] {logging_mixin.py:188} INFO - [2025-11-08T15:17:35.059-0500] {dag.py:3089} INFO - Sync 1 DAGs
[2025-11-08T15:17:35.110-0500] {logging_mixin.py:188} INFO - [2025-11-08T15:17:35.109-0500] {dag.py:3947} INFO - Setting next_dagrun for ocr_pipeline_dag to None, run_after=None
[2025-11-08T15:17:35.188-0500] {processor.py:183} INFO - Processing /opt/airflow/dags/ocr_pipeline_dag.py took 3.069 seconds
[2025-11-08T15:18:05.474-0500] {processor.py:161} INFO - Started process (PID=2183) to work on /opt/airflow/dags/ocr_pipeline_dag.py
[2025-11-08T15:18:05.476-0500] {processor.py:830} INFO - Processing file /opt/airflow/dags/ocr_pipeline_dag.py for tasks to queue
[2025-11-08T15:18:05.481-0500] {logging_mixin.py:188} INFO - [2025-11-08T15:18:05.480-0500] {dagbag.py:545} INFO - Filling up the DagBag from /opt/airflow/dags/ocr_pipeline_dag.py
[2025-11-08T15:18:05.502-0500] {logging_mixin.py:188} INFO - 📂 Using project root: /opt/project
[2025-11-08T15:18:05.737-0500] {logging_mixin.py:188} INFO - [2025-11-08T15:18:05.737-0500] {credentials.py:1278} INFO - Found credentials in shared credentials file: ~/.aws/credentials
[2025-11-08T15:18:06.601-0500] {processor.py:840} INFO - DAG(s) 'ocr_pipeline_dag' retrieved from /opt/airflow/dags/ocr_pipeline_dag.py
[2025-11-08T15:18:06.640-0500] {logging_mixin.py:188} INFO - [2025-11-08T15:18:06.639-0500] {dag.py:3089} INFO - Sync 1 DAGs
[2025-11-08T15:18:06.655-0500] {logging_mixin.py:188} INFO - [2025-11-08T15:18:06.655-0500] {dag.py:3947} INFO - Setting next_dagrun for ocr_pipeline_dag to None, run_after=None
[2025-11-08T15:18:06.684-0500] {processor.py:183} INFO - Processing /opt/airflow/dags/ocr_pipeline_dag.py took 1.220 seconds
[2025-11-08T15:18:36.881-0500] {processor.py:161} INFO - Started process (PID=2189) to work on /opt/airflow/dags/ocr_pipeline_dag.py
[2025-11-08T15:18:36.883-0500] {processor.py:830} INFO - Processing file /opt/airflow/dags/ocr_pipeline_dag.py for tasks to queue
[2025-11-08T15:18:36.887-0500] {logging_mixin.py:188} INFO - [2025-11-08T15:18:36.886-0500] {dagbag.py:545} INFO - Filling up the DagBag from /opt/airflow/dags/ocr_pipeline_dag.py
[2025-11-08T15:18:36.929-0500] {logging_mixin.py:188} INFO - 📂 Using project root: /opt/project
[2025-11-08T15:18:37.302-0500] {logging_mixin.py:188} INFO - [2025-11-08T15:18:37.302-0500] {credentials.py:1278} INFO - Found credentials in shared credentials file: ~/.aws/credentials
[2025-11-08T15:18:38.154-0500] {processor.py:840} INFO - DAG(s) 'ocr_pipeline_dag' retrieved from /opt/airflow/dags/ocr_pipeline_dag.py
[2025-11-08T15:18:38.187-0500] {logging_mixin.py:188} INFO - [2025-11-08T15:18:38.187-0500] {dag.py:3089} INFO - Sync 1 DAGs
[2025-11-08T15:18:38.208-0500] {logging_mixin.py:188} INFO - [2025-11-08T15:18:38.208-0500] {dag.py:3947} INFO - Setting next_dagrun for ocr_pipeline_dag to None, run_after=None
[2025-11-08T15:18:38.230-0500] {processor.py:183} INFO - Processing /opt/airflow/dags/ocr_pipeline_dag.py took 1.360 seconds
[2025-11-08T15:19:08.467-0500] {processor.py:161} INFO - Started process (PID=2195) to work on /opt/airflow/dags/ocr_pipeline_dag.py
[2025-11-08T15:19:08.469-0500] {processor.py:830} INFO - Processing file /opt/airflow/dags/ocr_pipeline_dag.py for tasks to queue
[2025-11-08T15:19:08.472-0500] {logging_mixin.py:188} INFO - [2025-11-08T15:19:08.472-0500] {dagbag.py:545} INFO - Filling up the DagBag from /opt/airflow/dags/ocr_pipeline_dag.py
[2025-11-08T15:19:08.496-0500] {logging_mixin.py:188} INFO - 📂 Using project root: /opt/project
[2025-11-08T15:19:08.800-0500] {logging_mixin.py:188} INFO - [2025-11-08T15:19:08.799-0500] {credentials.py:1278} INFO - Found credentials in shared credentials file: ~/.aws/credentials
[2025-11-08T15:19:10.642-0500] {processor.py:840} INFO - DAG(s) 'ocr_pipeline_dag' retrieved from /opt/airflow/dags/ocr_pipeline_dag.py
[2025-11-08T15:19:10.715-0500] {logging_mixin.py:188} INFO - [2025-11-08T15:19:10.714-0500] {dag.py:3089} INFO - Sync 1 DAGs
[2025-11-08T15:19:10.749-0500] {logging_mixin.py:188} INFO - [2025-11-08T15:19:10.748-0500] {dag.py:3947} INFO - Setting next_dagrun for ocr_pipeline_dag to None, run_after=None
[2025-11-08T15:19:10.800-0500] {processor.py:183} INFO - Processing /opt/airflow/dags/ocr_pipeline_dag.py took 2.356 seconds
[2025-11-08T15:19:41.168-0500] {processor.py:161} INFO - Started process (PID=2201) to work on /opt/airflow/dags/ocr_pipeline_dag.py
[2025-11-08T15:19:41.171-0500] {processor.py:830} INFO - Processing file /opt/airflow/dags/ocr_pipeline_dag.py for tasks to queue
[2025-11-08T15:19:41.177-0500] {logging_mixin.py:188} INFO - [2025-11-08T15:19:41.176-0500] {dagbag.py:545} INFO - Filling up the DagBag from /opt/airflow/dags/ocr_pipeline_dag.py
[2025-11-08T15:19:41.206-0500] {logging_mixin.py:188} INFO - 📂 Using project root: /opt/project
[2025-11-08T15:19:41.453-0500] {logging_mixin.py:188} INFO - [2025-11-08T15:19:41.452-0500] {credentials.py:1278} INFO - Found credentials in shared credentials file: ~/.aws/credentials
[2025-11-08T15:19:42.590-0500] {processor.py:840} INFO - DAG(s) 'ocr_pipeline_dag' retrieved from /opt/airflow/dags/ocr_pipeline_dag.py
[2025-11-08T15:19:42.637-0500] {logging_mixin.py:188} INFO - [2025-11-08T15:19:42.636-0500] {dag.py:3089} INFO - Sync 1 DAGs
[2025-11-08T15:19:42.656-0500] {logging_mixin.py:188} INFO - [2025-11-08T15:19:42.655-0500] {dag.py:3947} INFO - Setting next_dagrun for ocr_pipeline_dag to None, run_after=None
[2025-11-08T15:19:42.683-0500] {processor.py:183} INFO - Processing /opt/airflow/dags/ocr_pipeline_dag.py took 1.536 seconds
[2025-11-08T15:20:12.881-0500] {processor.py:161} INFO - Started process (PID=2207) to work on /opt/airflow/dags/ocr_pipeline_dag.py
[2025-11-08T15:20:12.886-0500] {processor.py:830} INFO - Processing file /opt/airflow/dags/ocr_pipeline_dag.py for tasks to queue
[2025-11-08T15:20:12.891-0500] {logging_mixin.py:188} INFO - [2025-11-08T15:20:12.890-0500] {dagbag.py:545} INFO - Filling up the DagBag from /opt/airflow/dags/ocr_pipeline_dag.py
[2025-11-08T15:20:12.926-0500] {logging_mixin.py:188} INFO - 📂 Using project root: /opt/project
[2025-11-08T15:20:13.204-0500] {logging_mixin.py:188} INFO - [2025-11-08T15:20:13.203-0500] {credentials.py:1278} INFO - Found credentials in shared credentials file: ~/.aws/credentials
[2025-11-08T15:20:14.825-0500] {processor.py:840} INFO - DAG(s) 'ocr_pipeline_dag' retrieved from /opt/airflow/dags/ocr_pipeline_dag.py
[2025-11-08T15:20:14.970-0500] {logging_mixin.py:188} INFO - [2025-11-08T15:20:14.968-0500] {dag.py:3089} INFO - Sync 1 DAGs
[2025-11-08T15:20:15.039-0500] {logging_mixin.py:188} INFO - [2025-11-08T15:20:15.037-0500] {dag.py:3947} INFO - Setting next_dagrun for ocr_pipeline_dag to None, run_after=None
[2025-11-08T15:20:15.136-0500] {processor.py:183} INFO - Processing /opt/airflow/dags/ocr_pipeline_dag.py took 2.279 seconds
[2025-11-08T15:20:45.383-0500] {processor.py:161} INFO - Started process (PID=2213) to work on /opt/airflow/dags/ocr_pipeline_dag.py
[2025-11-08T15:20:45.386-0500] {processor.py:830} INFO - Processing file /opt/airflow/dags/ocr_pipeline_dag.py for tasks to queue
[2025-11-08T15:20:45.390-0500] {logging_mixin.py:188} INFO - [2025-11-08T15:20:45.389-0500] {dagbag.py:545} INFO - Filling up the DagBag from /opt/airflow/dags/ocr_pipeline_dag.py
[2025-11-08T15:20:45.417-0500] {logging_mixin.py:188} INFO - 📂 Using project root: /opt/project
[2025-11-08T15:20:45.710-0500] {logging_mixin.py:188} INFO - [2025-11-08T15:20:45.710-0500] {credentials.py:1278} INFO - Found credentials in shared credentials file: ~/.aws/credentials
[2025-11-08T15:20:47.581-0500] {processor.py:840} INFO - DAG(s) 'ocr_pipeline_dag' retrieved from /opt/airflow/dags/ocr_pipeline_dag.py
[2025-11-08T15:20:47.661-0500] {logging_mixin.py:188} INFO - [2025-11-08T15:20:47.660-0500] {dag.py:3089} INFO - Sync 1 DAGs
[2025-11-08T15:20:47.700-0500] {logging_mixin.py:188} INFO - [2025-11-08T15:20:47.699-0500] {dag.py:3947} INFO - Setting next_dagrun for ocr_pipeline_dag to None, run_after=None
[2025-11-08T15:20:47.758-0500] {processor.py:183} INFO - Processing /opt/airflow/dags/ocr_pipeline_dag.py took 2.390 seconds
[2025-11-08T15:21:18.002-0500] {processor.py:161} INFO - Started process (PID=2219) to work on /opt/airflow/dags/ocr_pipeline_dag.py
[2025-11-08T15:21:18.004-0500] {processor.py:830} INFO - Processing file /opt/airflow/dags/ocr_pipeline_dag.py for tasks to queue
[2025-11-08T15:21:18.008-0500] {logging_mixin.py:188} INFO - [2025-11-08T15:21:18.008-0500] {dagbag.py:545} INFO - Filling up the DagBag from /opt/airflow/dags/ocr_pipeline_dag.py
[2025-11-08T15:21:18.028-0500] {logging_mixin.py:188} INFO - 📂 Using project root: /opt/project
[2025-11-08T15:21:18.288-0500] {logging_mixin.py:188} INFO - [2025-11-08T15:21:18.288-0500] {credentials.py:1278} INFO - Found credentials in shared credentials file: ~/.aws/credentials
[2025-11-08T15:21:19.287-0500] {processor.py:840} INFO - DAG(s) 'ocr_pipeline_dag' retrieved from /opt/airflow/dags/ocr_pipeline_dag.py
[2025-11-08T15:21:19.327-0500] {logging_mixin.py:188} INFO - [2025-11-08T15:21:19.327-0500] {dag.py:3089} INFO - Sync 1 DAGs
[2025-11-08T15:21:19.343-0500] {logging_mixin.py:188} INFO - [2025-11-08T15:21:19.343-0500] {dag.py:3947} INFO - Setting next_dagrun for ocr_pipeline_dag to None, run_after=None
[2025-11-08T15:21:19.383-0500] {processor.py:183} INFO - Processing /opt/airflow/dags/ocr_pipeline_dag.py took 1.395 seconds
[2025-11-08T15:21:49.611-0500] {processor.py:161} INFO - Started process (PID=2225) to work on /opt/airflow/dags/ocr_pipeline_dag.py
[2025-11-08T15:21:49.614-0500] {processor.py:830} INFO - Processing file /opt/airflow/dags/ocr_pipeline_dag.py for tasks to queue
[2025-11-08T15:21:49.618-0500] {logging_mixin.py:188} INFO - [2025-11-08T15:21:49.617-0500] {dagbag.py:545} INFO - Filling up the DagBag from /opt/airflow/dags/ocr_pipeline_dag.py
[2025-11-08T15:21:49.640-0500] {logging_mixin.py:188} INFO - 📂 Using project root: /opt/project
[2025-11-08T15:21:49.926-0500] {logging_mixin.py:188} INFO - [2025-11-08T15:21:49.926-0500] {credentials.py:1278} INFO - Found credentials in shared credentials file: ~/.aws/credentials
[2025-11-08T15:21:51.252-0500] {processor.py:840} INFO - DAG(s) 'ocr_pipeline_dag' retrieved from /opt/airflow/dags/ocr_pipeline_dag.py
[2025-11-08T15:21:51.325-0500] {logging_mixin.py:188} INFO - [2025-11-08T15:21:51.324-0500] {dag.py:3089} INFO - Sync 1 DAGs
[2025-11-08T15:21:51.353-0500] {logging_mixin.py:188} INFO - [2025-11-08T15:21:51.352-0500] {dag.py:3947} INFO - Setting next_dagrun for ocr_pipeline_dag to None, run_after=None
[2025-11-08T15:21:51.402-0500] {processor.py:183} INFO - Processing /opt/airflow/dags/ocr_pipeline_dag.py took 1.805 seconds
[2025-11-08T15:22:21.584-0500] {processor.py:161} INFO - Started process (PID=2231) to work on /opt/airflow/dags/ocr_pipeline_dag.py
[2025-11-08T15:22:21.585-0500] {processor.py:830} INFO - Processing file /opt/airflow/dags/ocr_pipeline_dag.py for tasks to queue
[2025-11-08T15:22:21.588-0500] {logging_mixin.py:188} INFO - [2025-11-08T15:22:21.588-0500] {dagbag.py:545} INFO - Filling up the DagBag from /opt/airflow/dags/ocr_pipeline_dag.py
[2025-11-08T15:22:21.611-0500] {logging_mixin.py:188} INFO - 📂 Using project root: /opt/project
[2025-11-08T15:22:21.840-0500] {logging_mixin.py:188} INFO - [2025-11-08T15:22:21.839-0500] {credentials.py:1278} INFO - Found credentials in shared credentials file: ~/.aws/credentials
[2025-11-08T15:22:22.748-0500] {processor.py:840} INFO - DAG(s) 'ocr_pipeline_dag' retrieved from /opt/airflow/dags/ocr_pipeline_dag.py
[2025-11-08T15:22:22.791-0500] {logging_mixin.py:188} INFO - [2025-11-08T15:22:22.790-0500] {dag.py:3089} INFO - Sync 1 DAGs
[2025-11-08T15:22:22.808-0500] {logging_mixin.py:188} INFO - [2025-11-08T15:22:22.808-0500] {dag.py:3947} INFO - Setting next_dagrun for ocr_pipeline_dag to None, run_after=None
[2025-11-08T15:22:22.836-0500] {processor.py:183} INFO - Processing /opt/airflow/dags/ocr_pipeline_dag.py took 1.261 seconds
[2025-11-08T15:22:52.988-0500] {processor.py:161} INFO - Started process (PID=2237) to work on /opt/airflow/dags/ocr_pipeline_dag.py
[2025-11-08T15:22:52.990-0500] {processor.py:830} INFO - Processing file /opt/airflow/dags/ocr_pipeline_dag.py for tasks to queue
[2025-11-08T15:22:52.993-0500] {logging_mixin.py:188} INFO - [2025-11-08T15:22:52.993-0500] {dagbag.py:545} INFO - Filling up the DagBag from /opt/airflow/dags/ocr_pipeline_dag.py
[2025-11-08T15:22:53.016-0500] {logging_mixin.py:188} INFO - 📂 Using project root: /opt/project
[2025-11-08T15:22:53.234-0500] {logging_mixin.py:188} INFO - [2025-11-08T15:22:53.233-0500] {credentials.py:1278} INFO - Found credentials in shared credentials file: ~/.aws/credentials
[2025-11-08T15:22:54.240-0500] {processor.py:840} INFO - DAG(s) 'ocr_pipeline_dag' retrieved from /opt/airflow/dags/ocr_pipeline_dag.py
[2025-11-08T15:22:54.279-0500] {logging_mixin.py:188} INFO - [2025-11-08T15:22:54.279-0500] {dag.py:3089} INFO - Sync 1 DAGs
[2025-11-08T15:22:54.296-0500] {logging_mixin.py:188} INFO - [2025-11-08T15:22:54.296-0500] {dag.py:3947} INFO - Setting next_dagrun for ocr_pipeline_dag to None, run_after=None
[2025-11-08T15:22:54.330-0500] {processor.py:183} INFO - Processing /opt/airflow/dags/ocr_pipeline_dag.py took 1.357 seconds
[2025-11-08T15:23:24.593-0500] {processor.py:161} INFO - Started process (PID=2243) to work on /opt/airflow/dags/ocr_pipeline_dag.py
[2025-11-08T15:23:24.594-0500] {processor.py:830} INFO - Processing file /opt/airflow/dags/ocr_pipeline_dag.py for tasks to queue
[2025-11-08T15:23:24.600-0500] {logging_mixin.py:188} INFO - [2025-11-08T15:23:24.599-0500] {dagbag.py:545} INFO - Filling up the DagBag from /opt/airflow/dags/ocr_pipeline_dag.py
[2025-11-08T15:23:24.626-0500] {logging_mixin.py:188} INFO - 📂 Using project root: /opt/project
[2025-11-08T15:23:24.859-0500] {logging_mixin.py:188} INFO - [2025-11-08T15:23:24.859-0500] {credentials.py:1278} INFO - Found credentials in shared credentials file: ~/.aws/credentials
[2025-11-08T15:23:25.704-0500] {processor.py:840} INFO - DAG(s) 'ocr_pipeline_dag' retrieved from /opt/airflow/dags/ocr_pipeline_dag.py
[2025-11-08T15:23:25.732-0500] {logging_mixin.py:188} INFO - [2025-11-08T15:23:25.731-0500] {dag.py:3089} INFO - Sync 1 DAGs
[2025-11-08T15:23:25.743-0500] {logging_mixin.py:188} INFO - [2025-11-08T15:23:25.743-0500] {dag.py:3947} INFO - Setting next_dagrun for ocr_pipeline_dag to None, run_after=None
[2025-11-08T15:23:25.764-0500] {processor.py:183} INFO - Processing /opt/airflow/dags/ocr_pipeline_dag.py took 1.187 seconds
[2025-11-08T15:23:56.078-0500] {processor.py:161} INFO - Started process (PID=2249) to work on /opt/airflow/dags/ocr_pipeline_dag.py
[2025-11-08T15:23:56.084-0500] {processor.py:830} INFO - Processing file /opt/airflow/dags/ocr_pipeline_dag.py for tasks to queue
[2025-11-08T15:23:56.095-0500] {logging_mixin.py:188} INFO - [2025-11-08T15:23:56.094-0500] {dagbag.py:545} INFO - Filling up the DagBag from /opt/airflow/dags/ocr_pipeline_dag.py
[2025-11-08T15:23:56.120-0500] {logging_mixin.py:188} INFO - 📂 Using project root: /opt/project
[2025-11-08T15:23:56.467-0500] {logging_mixin.py:188} INFO - [2025-11-08T15:23:56.466-0500] {credentials.py:1278} INFO - Found credentials in shared credentials file: ~/.aws/credentials
[2025-11-08T15:23:57.279-0500] {processor.py:840} INFO - DAG(s) 'ocr_pipeline_dag' retrieved from /opt/airflow/dags/ocr_pipeline_dag.py
[2025-11-08T15:23:57.306-0500] {logging_mixin.py:188} INFO - [2025-11-08T15:23:57.306-0500] {dag.py:3089} INFO - Sync 1 DAGs
[2025-11-08T15:23:57.318-0500] {logging_mixin.py:188} INFO - [2025-11-08T15:23:57.318-0500] {dag.py:3947} INFO - Setting next_dagrun for ocr_pipeline_dag to None, run_after=None
[2025-11-08T15:23:57.339-0500] {processor.py:183} INFO - Processing /opt/airflow/dags/ocr_pipeline_dag.py took 1.275 seconds
[2025-11-08T15:24:27.588-0500] {processor.py:161} INFO - Started process (PID=2255) to work on /opt/airflow/dags/ocr_pipeline_dag.py
[2025-11-08T15:24:27.590-0500] {processor.py:830} INFO - Processing file /opt/airflow/dags/ocr_pipeline_dag.py for tasks to queue
[2025-11-08T15:24:27.593-0500] {logging_mixin.py:188} INFO - [2025-11-08T15:24:27.593-0500] {dagbag.py:545} INFO - Filling up the DagBag from /opt/airflow/dags/ocr_pipeline_dag.py
[2025-11-08T15:24:27.615-0500] {logging_mixin.py:188} INFO - 📂 Using project root: /opt/project
[2025-11-08T15:24:27.820-0500] {logging_mixin.py:188} INFO - [2025-11-08T15:24:27.820-0500] {credentials.py:1278} INFO - Found credentials in shared credentials file: ~/.aws/credentials
[2025-11-08T15:24:28.653-0500] {processor.py:840} INFO - DAG(s) 'ocr_pipeline_dag' retrieved from /opt/airflow/dags/ocr_pipeline_dag.py
[2025-11-08T15:24:28.693-0500] {logging_mixin.py:188} INFO - [2025-11-08T15:24:28.692-0500] {dag.py:3089} INFO - Sync 1 DAGs
[2025-11-08T15:24:28.708-0500] {logging_mixin.py:188} INFO - [2025-11-08T15:24:28.708-0500] {dag.py:3947} INFO - Setting next_dagrun for ocr_pipeline_dag to None, run_after=None
[2025-11-08T15:24:28.751-0500] {processor.py:183} INFO - Processing /opt/airflow/dags/ocr_pipeline_dag.py took 1.183 seconds
[2025-11-08T15:24:59.009-0500] {processor.py:161} INFO - Started process (PID=2261) to work on /opt/airflow/dags/ocr_pipeline_dag.py
[2025-11-08T15:24:59.011-0500] {processor.py:830} INFO - Processing file /opt/airflow/dags/ocr_pipeline_dag.py for tasks to queue
[2025-11-08T15:24:59.015-0500] {logging_mixin.py:188} INFO - [2025-11-08T15:24:59.014-0500] {dagbag.py:545} INFO - Filling up the DagBag from /opt/airflow/dags/ocr_pipeline_dag.py
[2025-11-08T15:24:59.038-0500] {logging_mixin.py:188} INFO - 📂 Using project root: /opt/project
[2025-11-08T15:24:59.285-0500] {logging_mixin.py:188} INFO - [2025-11-08T15:24:59.285-0500] {credentials.py:1278} INFO - Found credentials in shared credentials file: ~/.aws/credentials
[2025-11-08T15:25:00.185-0500] {processor.py:840} INFO - DAG(s) 'ocr_pipeline_dag' retrieved from /opt/airflow/dags/ocr_pipeline_dag.py
[2025-11-08T15:25:00.222-0500] {logging_mixin.py:188} INFO - [2025-11-08T15:25:00.221-0500] {dag.py:3089} INFO - Sync 1 DAGs
[2025-11-08T15:25:00.236-0500] {logging_mixin.py:188} INFO - [2025-11-08T15:25:00.235-0500] {dag.py:3947} INFO - Setting next_dagrun for ocr_pipeline_dag to None, run_after=None
[2025-11-08T15:25:00.259-0500] {processor.py:183} INFO - Processing /opt/airflow/dags/ocr_pipeline_dag.py took 1.300 seconds
