[2025-11-11T19:31:08.882-0500] {processor.py:161} INFO - Started process (PID=7478) to work on /opt/airflow/dags/ocr_pipeline_dag.py
[2025-11-11T19:31:08.915-0500] {processor.py:830} INFO - Processing file /opt/airflow/dags/ocr_pipeline_dag.py for tasks to queue
[2025-11-11T19:31:09.028-0500] {logging_mixin.py:188} INFO - [2025-11-11T19:31:08.964-0500] {dagbag.py:545} INFO - Filling up the DagBag from /opt/airflow/dags/ocr_pipeline_dag.py
[2025-11-11T19:31:09.467-0500] {logging_mixin.py:188} INFO - 📂 Using project root: /opt/project
[2025-11-11T19:31:14.212-0500] {logging_mixin.py:188} INFO - [2025-11-11T19:31:14.210-0500] {credentials.py:1278} INFO - Found credentials in shared credentials file: ~/.aws/credentials
[2025-11-11T19:31:23.493-0500] {processor.py:840} INFO - DAG(s) 'ocr_pipeline_dag' retrieved from /opt/airflow/dags/ocr_pipeline_dag.py
[2025-11-11T19:31:23.591-0500] {logging_mixin.py:188} INFO - [2025-11-11T19:31:23.591-0500] {dag.py:3089} INFO - Sync 1 DAGs
[2025-11-11T19:31:23.612-0500] {logging_mixin.py:188} INFO - [2025-11-11T19:31:23.612-0500] {dag.py:3947} INFO - Setting next_dagrun for ocr_pipeline_dag to None, run_after=None
[2025-11-11T19:31:23.642-0500] {processor.py:183} INFO - Processing /opt/airflow/dags/ocr_pipeline_dag.py took 16.689 seconds
[2025-11-11T19:31:54.349-0500] {processor.py:161} INFO - Started process (PID=7484) to work on /opt/airflow/dags/ocr_pipeline_dag.py
[2025-11-11T19:31:54.351-0500] {processor.py:830} INFO - Processing file /opt/airflow/dags/ocr_pipeline_dag.py for tasks to queue
[2025-11-11T19:31:54.353-0500] {logging_mixin.py:188} INFO - [2025-11-11T19:31:54.352-0500] {dagbag.py:545} INFO - Filling up the DagBag from /opt/airflow/dags/ocr_pipeline_dag.py
[2025-11-11T19:31:54.373-0500] {logging_mixin.py:188} INFO - 📂 Using project root: /opt/project
[2025-11-11T19:31:54.627-0500] {logging_mixin.py:188} INFO - [2025-11-11T19:31:54.626-0500] {credentials.py:1278} INFO - Found credentials in shared credentials file: ~/.aws/credentials
[2025-11-11T19:31:55.707-0500] {processor.py:840} INFO - DAG(s) 'ocr_pipeline_dag' retrieved from /opt/airflow/dags/ocr_pipeline_dag.py
[2025-11-11T19:31:55.747-0500] {logging_mixin.py:188} INFO - [2025-11-11T19:31:55.747-0500] {dag.py:3089} INFO - Sync 1 DAGs
[2025-11-11T19:31:55.766-0500] {logging_mixin.py:188} INFO - [2025-11-11T19:31:55.766-0500] {dag.py:3947} INFO - Setting next_dagrun for ocr_pipeline_dag to None, run_after=None
[2025-11-11T19:31:55.794-0500] {processor.py:183} INFO - Processing /opt/airflow/dags/ocr_pipeline_dag.py took 1.455 seconds
[2025-11-11T19:32:26.585-0500] {processor.py:161} INFO - Started process (PID=7490) to work on /opt/airflow/dags/ocr_pipeline_dag.py
[2025-11-11T19:32:26.588-0500] {processor.py:830} INFO - Processing file /opt/airflow/dags/ocr_pipeline_dag.py for tasks to queue
[2025-11-11T19:32:26.593-0500] {logging_mixin.py:188} INFO - [2025-11-11T19:32:26.591-0500] {dagbag.py:545} INFO - Filling up the DagBag from /opt/airflow/dags/ocr_pipeline_dag.py
[2025-11-11T19:32:26.622-0500] {logging_mixin.py:188} INFO - 📂 Using project root: /opt/project
[2025-11-11T19:32:26.971-0500] {logging_mixin.py:188} INFO - [2025-11-11T19:32:26.971-0500] {credentials.py:1278} INFO - Found credentials in shared credentials file: ~/.aws/credentials
[2025-11-11T19:32:28.371-0500] {processor.py:840} INFO - DAG(s) 'ocr_pipeline_dag' retrieved from /opt/airflow/dags/ocr_pipeline_dag.py
[2025-11-11T19:32:28.430-0500] {logging_mixin.py:188} INFO - [2025-11-11T19:32:28.429-0500] {dag.py:3089} INFO - Sync 1 DAGs
[2025-11-11T19:32:28.449-0500] {logging_mixin.py:188} INFO - [2025-11-11T19:32:28.449-0500] {dag.py:3947} INFO - Setting next_dagrun for ocr_pipeline_dag to None, run_after=None
[2025-11-11T19:32:28.480-0500] {processor.py:183} INFO - Processing /opt/airflow/dags/ocr_pipeline_dag.py took 1.925 seconds
[2025-11-11T19:32:59.185-0500] {processor.py:161} INFO - Started process (PID=7496) to work on /opt/airflow/dags/ocr_pipeline_dag.py
[2025-11-11T19:32:59.189-0500] {processor.py:830} INFO - Processing file /opt/airflow/dags/ocr_pipeline_dag.py for tasks to queue
[2025-11-11T19:32:59.191-0500] {logging_mixin.py:188} INFO - [2025-11-11T19:32:59.190-0500] {dagbag.py:545} INFO - Filling up the DagBag from /opt/airflow/dags/ocr_pipeline_dag.py
[2025-11-11T19:32:59.218-0500] {logging_mixin.py:188} INFO - 📂 Using project root: /opt/project
[2025-11-11T19:32:59.552-0500] {logging_mixin.py:188} INFO - [2025-11-11T19:32:59.551-0500] {credentials.py:1278} INFO - Found credentials in shared credentials file: ~/.aws/credentials
[2025-11-11T19:33:00.555-0500] {processor.py:840} INFO - DAG(s) 'ocr_pipeline_dag' retrieved from /opt/airflow/dags/ocr_pipeline_dag.py
[2025-11-11T19:33:00.774-0500] {logging_mixin.py:188} INFO - [2025-11-11T19:33:00.773-0500] {dag.py:3089} INFO - Sync 1 DAGs
[2025-11-11T19:33:00.787-0500] {logging_mixin.py:188} INFO - [2025-11-11T19:33:00.787-0500] {dag.py:3947} INFO - Setting next_dagrun for ocr_pipeline_dag to None, run_after=None
[2025-11-11T19:33:00.979-0500] {processor.py:183} INFO - Processing /opt/airflow/dags/ocr_pipeline_dag.py took 1.805 seconds
[2025-11-11T19:33:31.331-0500] {processor.py:161} INFO - Started process (PID=7502) to work on /opt/airflow/dags/ocr_pipeline_dag.py
[2025-11-11T19:33:31.333-0500] {processor.py:830} INFO - Processing file /opt/airflow/dags/ocr_pipeline_dag.py for tasks to queue
[2025-11-11T19:33:31.335-0500] {logging_mixin.py:188} INFO - [2025-11-11T19:33:31.334-0500] {dagbag.py:545} INFO - Filling up the DagBag from /opt/airflow/dags/ocr_pipeline_dag.py
[2025-11-11T19:33:31.355-0500] {logging_mixin.py:188} INFO - 📂 Using project root: /opt/project
[2025-11-11T19:33:31.594-0500] {logging_mixin.py:188} INFO - [2025-11-11T19:33:31.594-0500] {credentials.py:1278} INFO - Found credentials in shared credentials file: ~/.aws/credentials
[2025-11-11T19:33:32.318-0500] {processor.py:840} INFO - DAG(s) 'ocr_pipeline_dag' retrieved from /opt/airflow/dags/ocr_pipeline_dag.py
[2025-11-11T19:33:32.363-0500] {logging_mixin.py:188} INFO - [2025-11-11T19:33:32.362-0500] {dag.py:3089} INFO - Sync 1 DAGs
[2025-11-11T19:33:32.375-0500] {logging_mixin.py:188} INFO - [2025-11-11T19:33:32.375-0500] {dag.py:3947} INFO - Setting next_dagrun for ocr_pipeline_dag to None, run_after=None
[2025-11-11T19:33:32.406-0500] {processor.py:183} INFO - Processing /opt/airflow/dags/ocr_pipeline_dag.py took 1.086 seconds
[2025-11-11T19:34:02.636-0500] {processor.py:161} INFO - Started process (PID=7508) to work on /opt/airflow/dags/ocr_pipeline_dag.py
[2025-11-11T19:34:02.639-0500] {processor.py:830} INFO - Processing file /opt/airflow/dags/ocr_pipeline_dag.py for tasks to queue
[2025-11-11T19:34:02.642-0500] {logging_mixin.py:188} INFO - [2025-11-11T19:34:02.641-0500] {dagbag.py:545} INFO - Filling up the DagBag from /opt/airflow/dags/ocr_pipeline_dag.py
[2025-11-11T19:34:02.676-0500] {logging_mixin.py:188} INFO - 📂 Using project root: /opt/project
[2025-11-11T19:34:02.894-0500] {logging_mixin.py:188} INFO - [2025-11-11T19:34:02.894-0500] {credentials.py:1278} INFO - Found credentials in shared credentials file: ~/.aws/credentials
[2025-11-11T19:34:03.601-0500] {processor.py:840} INFO - DAG(s) 'ocr_pipeline_dag' retrieved from /opt/airflow/dags/ocr_pipeline_dag.py
[2025-11-11T19:34:03.633-0500] {logging_mixin.py:188} INFO - [2025-11-11T19:34:03.633-0500] {dag.py:3089} INFO - Sync 1 DAGs
[2025-11-11T19:34:03.645-0500] {logging_mixin.py:188} INFO - [2025-11-11T19:34:03.645-0500] {dag.py:3947} INFO - Setting next_dagrun for ocr_pipeline_dag to None, run_after=None
[2025-11-11T19:34:03.665-0500] {processor.py:183} INFO - Processing /opt/airflow/dags/ocr_pipeline_dag.py took 1.039 seconds
[2025-11-11T19:34:34.034-0500] {processor.py:161} INFO - Started process (PID=7514) to work on /opt/airflow/dags/ocr_pipeline_dag.py
[2025-11-11T19:34:34.043-0500] {processor.py:830} INFO - Processing file /opt/airflow/dags/ocr_pipeline_dag.py for tasks to queue
[2025-11-11T19:34:34.050-0500] {logging_mixin.py:188} INFO - [2025-11-11T19:34:34.045-0500] {dagbag.py:545} INFO - Filling up the DagBag from /opt/airflow/dags/ocr_pipeline_dag.py
[2025-11-11T19:34:34.108-0500] {logging_mixin.py:188} INFO - 📂 Using project root: /opt/project
[2025-11-11T19:34:34.367-0500] {logging_mixin.py:188} INFO - [2025-11-11T19:34:34.367-0500] {credentials.py:1278} INFO - Found credentials in shared credentials file: ~/.aws/credentials
[2025-11-11T19:34:35.086-0500] {processor.py:840} INFO - DAG(s) 'ocr_pipeline_dag' retrieved from /opt/airflow/dags/ocr_pipeline_dag.py
[2025-11-11T19:34:35.144-0500] {logging_mixin.py:188} INFO - [2025-11-11T19:34:35.144-0500] {dag.py:3089} INFO - Sync 1 DAGs
[2025-11-11T19:34:35.160-0500] {logging_mixin.py:188} INFO - [2025-11-11T19:34:35.160-0500] {dag.py:3947} INFO - Setting next_dagrun for ocr_pipeline_dag to None, run_after=None
[2025-11-11T19:34:35.183-0500] {processor.py:183} INFO - Processing /opt/airflow/dags/ocr_pipeline_dag.py took 1.191 seconds
[2025-11-11T19:35:05.383-0500] {processor.py:161} INFO - Started process (PID=7520) to work on /opt/airflow/dags/ocr_pipeline_dag.py
[2025-11-11T19:35:05.388-0500] {processor.py:830} INFO - Processing file /opt/airflow/dags/ocr_pipeline_dag.py for tasks to queue
[2025-11-11T19:35:05.389-0500] {logging_mixin.py:188} INFO - [2025-11-11T19:35:05.389-0500] {dagbag.py:545} INFO - Filling up the DagBag from /opt/airflow/dags/ocr_pipeline_dag.py
[2025-11-11T19:35:05.412-0500] {logging_mixin.py:188} INFO - 📂 Using project root: /opt/project
[2025-11-11T19:35:05.589-0500] {logging_mixin.py:188} INFO - [2025-11-11T19:35:05.589-0500] {credentials.py:1278} INFO - Found credentials in shared credentials file: ~/.aws/credentials
[2025-11-11T19:35:06.291-0500] {processor.py:840} INFO - DAG(s) 'ocr_pipeline_dag' retrieved from /opt/airflow/dags/ocr_pipeline_dag.py
[2025-11-11T19:35:06.329-0500] {logging_mixin.py:188} INFO - [2025-11-11T19:35:06.328-0500] {dag.py:3089} INFO - Sync 1 DAGs
[2025-11-11T19:35:06.347-0500] {logging_mixin.py:188} INFO - [2025-11-11T19:35:06.346-0500] {dag.py:3947} INFO - Setting next_dagrun for ocr_pipeline_dag to None, run_after=None
[2025-11-11T19:35:06.369-0500] {processor.py:183} INFO - Processing /opt/airflow/dags/ocr_pipeline_dag.py took 0.996 seconds
[2025-11-11T19:35:36.890-0500] {processor.py:161} INFO - Started process (PID=7526) to work on /opt/airflow/dags/ocr_pipeline_dag.py
[2025-11-11T19:35:36.894-0500] {processor.py:830} INFO - Processing file /opt/airflow/dags/ocr_pipeline_dag.py for tasks to queue
[2025-11-11T19:35:36.898-0500] {logging_mixin.py:188} INFO - [2025-11-11T19:35:36.896-0500] {dagbag.py:545} INFO - Filling up the DagBag from /opt/airflow/dags/ocr_pipeline_dag.py
[2025-11-11T19:35:36.928-0500] {logging_mixin.py:188} INFO - 📂 Using project root: /opt/project
[2025-11-11T19:35:37.307-0500] {logging_mixin.py:188} INFO - [2025-11-11T19:35:37.306-0500] {credentials.py:1278} INFO - Found credentials in shared credentials file: ~/.aws/credentials
[2025-11-11T19:35:38.795-0500] {processor.py:840} INFO - DAG(s) 'ocr_pipeline_dag' retrieved from /opt/airflow/dags/ocr_pipeline_dag.py
[2025-11-11T19:35:38.862-0500] {logging_mixin.py:188} INFO - [2025-11-11T19:35:38.862-0500] {dag.py:3089} INFO - Sync 1 DAGs
[2025-11-11T19:35:38.881-0500] {logging_mixin.py:188} INFO - [2025-11-11T19:35:38.880-0500] {dag.py:3947} INFO - Setting next_dagrun for ocr_pipeline_dag to None, run_after=None
[2025-11-11T19:35:38.905-0500] {processor.py:183} INFO - Processing /opt/airflow/dags/ocr_pipeline_dag.py took 2.042 seconds
[2025-11-11T19:36:09.257-0500] {processor.py:161} INFO - Started process (PID=7532) to work on /opt/airflow/dags/ocr_pipeline_dag.py
[2025-11-11T19:36:09.259-0500] {processor.py:830} INFO - Processing file /opt/airflow/dags/ocr_pipeline_dag.py for tasks to queue
[2025-11-11T19:36:09.260-0500] {logging_mixin.py:188} INFO - [2025-11-11T19:36:09.260-0500] {dagbag.py:545} INFO - Filling up the DagBag from /opt/airflow/dags/ocr_pipeline_dag.py
[2025-11-11T19:36:09.280-0500] {logging_mixin.py:188} INFO - 📂 Using project root: /opt/project
[2025-11-11T19:36:09.472-0500] {logging_mixin.py:188} INFO - [2025-11-11T19:36:09.472-0500] {credentials.py:1278} INFO - Found credentials in shared credentials file: ~/.aws/credentials
[2025-11-11T19:36:10.255-0500] {processor.py:840} INFO - DAG(s) 'ocr_pipeline_dag' retrieved from /opt/airflow/dags/ocr_pipeline_dag.py
[2025-11-11T19:36:10.304-0500] {logging_mixin.py:188} INFO - [2025-11-11T19:36:10.304-0500] {dag.py:3089} INFO - Sync 1 DAGs
[2025-11-11T19:36:10.320-0500] {logging_mixin.py:188} INFO - [2025-11-11T19:36:10.319-0500] {dag.py:3947} INFO - Setting next_dagrun for ocr_pipeline_dag to None, run_after=None
[2025-11-11T19:36:10.344-0500] {processor.py:183} INFO - Processing /opt/airflow/dags/ocr_pipeline_dag.py took 1.095 seconds
[2025-11-11T19:36:40.568-0500] {processor.py:161} INFO - Started process (PID=7538) to work on /opt/airflow/dags/ocr_pipeline_dag.py
[2025-11-11T19:36:40.571-0500] {processor.py:830} INFO - Processing file /opt/airflow/dags/ocr_pipeline_dag.py for tasks to queue
[2025-11-11T19:36:40.574-0500] {logging_mixin.py:188} INFO - [2025-11-11T19:36:40.573-0500] {dagbag.py:545} INFO - Filling up the DagBag from /opt/airflow/dags/ocr_pipeline_dag.py
[2025-11-11T19:36:40.597-0500] {logging_mixin.py:188} INFO - 📂 Using project root: /opt/project
[2025-11-11T19:36:40.821-0500] {logging_mixin.py:188} INFO - [2025-11-11T19:36:40.820-0500] {credentials.py:1278} INFO - Found credentials in shared credentials file: ~/.aws/credentials
[2025-11-11T19:36:41.776-0500] {processor.py:840} INFO - DAG(s) 'ocr_pipeline_dag' retrieved from /opt/airflow/dags/ocr_pipeline_dag.py
[2025-11-11T19:36:41.890-0500] {logging_mixin.py:188} INFO - [2025-11-11T19:36:41.890-0500] {dag.py:3089} INFO - Sync 1 DAGs
[2025-11-11T19:36:41.911-0500] {logging_mixin.py:188} INFO - [2025-11-11T19:36:41.910-0500] {dag.py:3947} INFO - Setting next_dagrun for ocr_pipeline_dag to None, run_after=None
[2025-11-11T19:36:42.109-0500] {processor.py:183} INFO - Processing /opt/airflow/dags/ocr_pipeline_dag.py took 1.555 seconds
[2025-11-11T19:37:12.621-0500] {processor.py:161} INFO - Started process (PID=7544) to work on /opt/airflow/dags/ocr_pipeline_dag.py
[2025-11-11T19:37:12.623-0500] {processor.py:830} INFO - Processing file /opt/airflow/dags/ocr_pipeline_dag.py for tasks to queue
[2025-11-11T19:37:12.625-0500] {logging_mixin.py:188} INFO - [2025-11-11T19:37:12.625-0500] {dagbag.py:545} INFO - Filling up the DagBag from /opt/airflow/dags/ocr_pipeline_dag.py
[2025-11-11T19:37:12.650-0500] {logging_mixin.py:188} INFO - 📂 Using project root: /opt/project
[2025-11-11T19:37:12.978-0500] {logging_mixin.py:188} INFO - [2025-11-11T19:37:12.977-0500] {credentials.py:1278} INFO - Found credentials in shared credentials file: ~/.aws/credentials
[2025-11-11T19:37:14.616-0500] {processor.py:840} INFO - DAG(s) 'ocr_pipeline_dag' retrieved from /opt/airflow/dags/ocr_pipeline_dag.py
[2025-11-11T19:37:14.690-0500] {logging_mixin.py:188} INFO - [2025-11-11T19:37:14.688-0500] {dag.py:3089} INFO - Sync 1 DAGs
[2025-11-11T19:37:14.727-0500] {logging_mixin.py:188} INFO - [2025-11-11T19:37:14.726-0500] {dag.py:3947} INFO - Setting next_dagrun for ocr_pipeline_dag to None, run_after=None
[2025-11-11T19:37:14.781-0500] {processor.py:183} INFO - Processing /opt/airflow/dags/ocr_pipeline_dag.py took 2.186 seconds
[2025-11-11T19:37:45.240-0500] {processor.py:161} INFO - Started process (PID=7550) to work on /opt/airflow/dags/ocr_pipeline_dag.py
[2025-11-11T19:37:45.245-0500] {processor.py:830} INFO - Processing file /opt/airflow/dags/ocr_pipeline_dag.py for tasks to queue
[2025-11-11T19:37:45.247-0500] {logging_mixin.py:188} INFO - [2025-11-11T19:37:45.246-0500] {dagbag.py:545} INFO - Filling up the DagBag from /opt/airflow/dags/ocr_pipeline_dag.py
[2025-11-11T19:37:45.276-0500] {logging_mixin.py:188} INFO - 📂 Using project root: /opt/project
[2025-11-11T19:37:45.577-0500] {logging_mixin.py:188} INFO - [2025-11-11T19:37:45.576-0500] {credentials.py:1278} INFO - Found credentials in shared credentials file: ~/.aws/credentials
[2025-11-11T19:37:46.866-0500] {processor.py:840} INFO - DAG(s) 'ocr_pipeline_dag' retrieved from /opt/airflow/dags/ocr_pipeline_dag.py
[2025-11-11T19:37:46.959-0500] {logging_mixin.py:188} INFO - [2025-11-11T19:37:46.958-0500] {dag.py:3089} INFO - Sync 1 DAGs
[2025-11-11T19:37:46.991-0500] {logging_mixin.py:188} INFO - [2025-11-11T19:37:46.990-0500] {dag.py:3947} INFO - Setting next_dagrun for ocr_pipeline_dag to None, run_after=None
[2025-11-11T19:37:47.025-0500] {processor.py:183} INFO - Processing /opt/airflow/dags/ocr_pipeline_dag.py took 1.813 seconds
[2025-11-11T19:38:17.363-0500] {processor.py:161} INFO - Started process (PID=7556) to work on /opt/airflow/dags/ocr_pipeline_dag.py
[2025-11-11T19:38:17.365-0500] {processor.py:830} INFO - Processing file /opt/airflow/dags/ocr_pipeline_dag.py for tasks to queue
[2025-11-11T19:38:17.366-0500] {logging_mixin.py:188} INFO - [2025-11-11T19:38:17.366-0500] {dagbag.py:545} INFO - Filling up the DagBag from /opt/airflow/dags/ocr_pipeline_dag.py
[2025-11-11T19:38:17.384-0500] {logging_mixin.py:188} INFO - 📂 Using project root: /opt/project
[2025-11-11T19:38:17.563-0500] {logging_mixin.py:188} INFO - [2025-11-11T19:38:17.562-0500] {credentials.py:1278} INFO - Found credentials in shared credentials file: ~/.aws/credentials
[2025-11-11T19:38:18.336-0500] {processor.py:840} INFO - DAG(s) 'ocr_pipeline_dag' retrieved from /opt/airflow/dags/ocr_pipeline_dag.py
[2025-11-11T19:38:18.368-0500] {logging_mixin.py:188} INFO - [2025-11-11T19:38:18.367-0500] {dag.py:3089} INFO - Sync 1 DAGs
[2025-11-11T19:38:18.383-0500] {logging_mixin.py:188} INFO - [2025-11-11T19:38:18.383-0500] {dag.py:3947} INFO - Setting next_dagrun for ocr_pipeline_dag to None, run_after=None
[2025-11-11T19:38:18.409-0500] {processor.py:183} INFO - Processing /opt/airflow/dags/ocr_pipeline_dag.py took 1.054 seconds
[2025-11-11T19:38:48.717-0500] {processor.py:161} INFO - Started process (PID=7562) to work on /opt/airflow/dags/ocr_pipeline_dag.py
[2025-11-11T19:38:48.719-0500] {processor.py:830} INFO - Processing file /opt/airflow/dags/ocr_pipeline_dag.py for tasks to queue
[2025-11-11T19:38:48.720-0500] {logging_mixin.py:188} INFO - [2025-11-11T19:38:48.720-0500] {dagbag.py:545} INFO - Filling up the DagBag from /opt/airflow/dags/ocr_pipeline_dag.py
[2025-11-11T19:38:48.740-0500] {logging_mixin.py:188} INFO - 📂 Using project root: /opt/project
[2025-11-11T19:38:48.916-0500] {logging_mixin.py:188} INFO - [2025-11-11T19:38:48.916-0500] {credentials.py:1278} INFO - Found credentials in shared credentials file: ~/.aws/credentials
[2025-11-11T19:38:49.605-0500] {processor.py:840} INFO - DAG(s) 'ocr_pipeline_dag' retrieved from /opt/airflow/dags/ocr_pipeline_dag.py
[2025-11-11T19:38:49.665-0500] {logging_mixin.py:188} INFO - [2025-11-11T19:38:49.664-0500] {dag.py:3089} INFO - Sync 1 DAGs
[2025-11-11T19:38:49.702-0500] {logging_mixin.py:188} INFO - [2025-11-11T19:38:49.701-0500] {dag.py:3947} INFO - Setting next_dagrun for ocr_pipeline_dag to None, run_after=None
[2025-11-11T19:38:49.764-0500] {processor.py:183} INFO - Processing /opt/airflow/dags/ocr_pipeline_dag.py took 1.053 seconds
[2025-11-11T19:39:20.002-0500] {processor.py:161} INFO - Started process (PID=7568) to work on /opt/airflow/dags/ocr_pipeline_dag.py
[2025-11-11T19:39:20.003-0500] {processor.py:830} INFO - Processing file /opt/airflow/dags/ocr_pipeline_dag.py for tasks to queue
[2025-11-11T19:39:20.005-0500] {logging_mixin.py:188} INFO - [2025-11-11T19:39:20.004-0500] {dagbag.py:545} INFO - Filling up the DagBag from /opt/airflow/dags/ocr_pipeline_dag.py
[2025-11-11T19:39:20.032-0500] {logging_mixin.py:188} INFO - 📂 Using project root: /opt/project
[2025-11-11T19:39:20.327-0500] {logging_mixin.py:188} INFO - [2025-11-11T19:39:20.327-0500] {credentials.py:1278} INFO - Found credentials in shared credentials file: ~/.aws/credentials
[2025-11-11T19:39:21.373-0500] {processor.py:840} INFO - DAG(s) 'ocr_pipeline_dag' retrieved from /opt/airflow/dags/ocr_pipeline_dag.py
[2025-11-11T19:39:21.418-0500] {logging_mixin.py:188} INFO - [2025-11-11T19:39:21.417-0500] {dag.py:3089} INFO - Sync 1 DAGs
[2025-11-11T19:39:21.435-0500] {logging_mixin.py:188} INFO - [2025-11-11T19:39:21.435-0500] {dag.py:3947} INFO - Setting next_dagrun for ocr_pipeline_dag to None, run_after=None
[2025-11-11T19:39:21.466-0500] {processor.py:183} INFO - Processing /opt/airflow/dags/ocr_pipeline_dag.py took 1.475 seconds
[2025-11-11T19:39:51.780-0500] {processor.py:161} INFO - Started process (PID=7574) to work on /opt/airflow/dags/ocr_pipeline_dag.py
[2025-11-11T19:39:51.781-0500] {processor.py:830} INFO - Processing file /opt/airflow/dags/ocr_pipeline_dag.py for tasks to queue
[2025-11-11T19:39:51.782-0500] {logging_mixin.py:188} INFO - [2025-11-11T19:39:51.782-0500] {dagbag.py:545} INFO - Filling up the DagBag from /opt/airflow/dags/ocr_pipeline_dag.py
[2025-11-11T19:39:51.809-0500] {logging_mixin.py:188} INFO - 📂 Using project root: /opt/project
[2025-11-11T19:39:51.991-0500] {logging_mixin.py:188} INFO - [2025-11-11T19:39:51.990-0500] {credentials.py:1278} INFO - Found credentials in shared credentials file: ~/.aws/credentials
[2025-11-11T19:39:52.896-0500] {processor.py:840} INFO - DAG(s) 'ocr_pipeline_dag' retrieved from /opt/airflow/dags/ocr_pipeline_dag.py
[2025-11-11T19:39:52.932-0500] {logging_mixin.py:188} INFO - [2025-11-11T19:39:52.931-0500] {dag.py:3089} INFO - Sync 1 DAGs
[2025-11-11T19:39:52.947-0500] {logging_mixin.py:188} INFO - [2025-11-11T19:39:52.947-0500] {dag.py:3947} INFO - Setting next_dagrun for ocr_pipeline_dag to None, run_after=None
[2025-11-11T19:39:52.975-0500] {processor.py:183} INFO - Processing /opt/airflow/dags/ocr_pipeline_dag.py took 1.204 seconds
[2025-11-11T19:40:23.236-0500] {processor.py:161} INFO - Started process (PID=7580) to work on /opt/airflow/dags/ocr_pipeline_dag.py
[2025-11-11T19:40:23.237-0500] {processor.py:830} INFO - Processing file /opt/airflow/dags/ocr_pipeline_dag.py for tasks to queue
[2025-11-11T19:40:23.239-0500] {logging_mixin.py:188} INFO - [2025-11-11T19:40:23.238-0500] {dagbag.py:545} INFO - Filling up the DagBag from /opt/airflow/dags/ocr_pipeline_dag.py
[2025-11-11T19:40:23.257-0500] {logging_mixin.py:188} INFO - 📂 Using project root: /opt/project
[2025-11-11T19:40:23.467-0500] {logging_mixin.py:188} INFO - [2025-11-11T19:40:23.467-0500] {credentials.py:1278} INFO - Found credentials in shared credentials file: ~/.aws/credentials
[2025-11-11T19:40:24.332-0500] {processor.py:840} INFO - DAG(s) 'ocr_pipeline_dag' retrieved from /opt/airflow/dags/ocr_pipeline_dag.py
[2025-11-11T19:40:24.377-0500] {logging_mixin.py:188} INFO - [2025-11-11T19:40:24.376-0500] {dag.py:3089} INFO - Sync 1 DAGs
[2025-11-11T19:40:24.392-0500] {logging_mixin.py:188} INFO - [2025-11-11T19:40:24.392-0500] {dag.py:3947} INFO - Setting next_dagrun for ocr_pipeline_dag to None, run_after=None
[2025-11-11T19:40:24.420-0500] {processor.py:183} INFO - Processing /opt/airflow/dags/ocr_pipeline_dag.py took 1.192 seconds
[2025-11-11T19:40:54.571-0500] {processor.py:161} INFO - Started process (PID=7586) to work on /opt/airflow/dags/ocr_pipeline_dag.py
[2025-11-11T19:40:54.573-0500] {processor.py:830} INFO - Processing file /opt/airflow/dags/ocr_pipeline_dag.py for tasks to queue
[2025-11-11T19:40:54.577-0500] {logging_mixin.py:188} INFO - [2025-11-11T19:40:54.576-0500] {dagbag.py:545} INFO - Filling up the DagBag from /opt/airflow/dags/ocr_pipeline_dag.py
[2025-11-11T19:40:54.611-0500] {logging_mixin.py:188} INFO - 📂 Using project root: /opt/project
[2025-11-11T19:40:54.924-0500] {logging_mixin.py:188} INFO - [2025-11-11T19:40:54.923-0500] {credentials.py:1278} INFO - Found credentials in shared credentials file: ~/.aws/credentials
[2025-11-11T19:40:56.093-0500] {processor.py:840} INFO - DAG(s) 'ocr_pipeline_dag' retrieved from /opt/airflow/dags/ocr_pipeline_dag.py
[2025-11-11T19:40:56.149-0500] {logging_mixin.py:188} INFO - [2025-11-11T19:40:56.148-0500] {dag.py:3089} INFO - Sync 1 DAGs
[2025-11-11T19:40:56.174-0500] {logging_mixin.py:188} INFO - [2025-11-11T19:40:56.173-0500] {dag.py:3947} INFO - Setting next_dagrun for ocr_pipeline_dag to None, run_after=None
[2025-11-11T19:40:56.209-0500] {processor.py:183} INFO - Processing /opt/airflow/dags/ocr_pipeline_dag.py took 1.650 seconds
[2025-11-11T19:41:26.609-0500] {processor.py:161} INFO - Started process (PID=7592) to work on /opt/airflow/dags/ocr_pipeline_dag.py
[2025-11-11T19:41:26.611-0500] {processor.py:830} INFO - Processing file /opt/airflow/dags/ocr_pipeline_dag.py for tasks to queue
[2025-11-11T19:41:26.614-0500] {logging_mixin.py:188} INFO - [2025-11-11T19:41:26.613-0500] {dagbag.py:545} INFO - Filling up the DagBag from /opt/airflow/dags/ocr_pipeline_dag.py
[2025-11-11T19:41:26.638-0500] {logging_mixin.py:188} INFO - 📂 Using project root: /opt/project
[2025-11-11T19:41:26.896-0500] {logging_mixin.py:188} INFO - [2025-11-11T19:41:26.896-0500] {credentials.py:1278} INFO - Found credentials in shared credentials file: ~/.aws/credentials
[2025-11-11T19:41:27.932-0500] {processor.py:840} INFO - DAG(s) 'ocr_pipeline_dag' retrieved from /opt/airflow/dags/ocr_pipeline_dag.py
[2025-11-11T19:41:27.972-0500] {logging_mixin.py:188} INFO - [2025-11-11T19:41:27.972-0500] {dag.py:3089} INFO - Sync 1 DAGs
[2025-11-11T19:41:27.989-0500] {logging_mixin.py:188} INFO - [2025-11-11T19:41:27.988-0500] {dag.py:3947} INFO - Setting next_dagrun for ocr_pipeline_dag to None, run_after=None
[2025-11-11T19:41:28.016-0500] {processor.py:183} INFO - Processing /opt/airflow/dags/ocr_pipeline_dag.py took 1.420 seconds
[2025-11-11T19:41:58.218-0500] {processor.py:161} INFO - Started process (PID=7598) to work on /opt/airflow/dags/ocr_pipeline_dag.py
[2025-11-11T19:41:58.220-0500] {processor.py:830} INFO - Processing file /opt/airflow/dags/ocr_pipeline_dag.py for tasks to queue
[2025-11-11T19:41:58.223-0500] {logging_mixin.py:188} INFO - [2025-11-11T19:41:58.222-0500] {dagbag.py:545} INFO - Filling up the DagBag from /opt/airflow/dags/ocr_pipeline_dag.py
[2025-11-11T19:41:58.251-0500] {logging_mixin.py:188} INFO - 📂 Using project root: /opt/project
[2025-11-11T19:41:58.541-0500] {logging_mixin.py:188} INFO - [2025-11-11T19:41:58.540-0500] {credentials.py:1278} INFO - Found credentials in shared credentials file: ~/.aws/credentials
[2025-11-11T19:41:59.661-0500] {processor.py:840} INFO - DAG(s) 'ocr_pipeline_dag' retrieved from /opt/airflow/dags/ocr_pipeline_dag.py
[2025-11-11T19:41:59.715-0500] {logging_mixin.py:188} INFO - [2025-11-11T19:41:59.714-0500] {dag.py:3089} INFO - Sync 1 DAGs
[2025-11-11T19:41:59.738-0500] {logging_mixin.py:188} INFO - [2025-11-11T19:41:59.738-0500] {dag.py:3947} INFO - Setting next_dagrun for ocr_pipeline_dag to None, run_after=None
[2025-11-11T19:41:59.783-0500] {processor.py:183} INFO - Processing /opt/airflow/dags/ocr_pipeline_dag.py took 1.577 seconds
[2025-11-11T19:42:30.138-0500] {processor.py:161} INFO - Started process (PID=7604) to work on /opt/airflow/dags/ocr_pipeline_dag.py
[2025-11-11T19:42:30.140-0500] {processor.py:830} INFO - Processing file /opt/airflow/dags/ocr_pipeline_dag.py for tasks to queue
[2025-11-11T19:42:30.142-0500] {logging_mixin.py:188} INFO - [2025-11-11T19:42:30.141-0500] {dagbag.py:545} INFO - Filling up the DagBag from /opt/airflow/dags/ocr_pipeline_dag.py
[2025-11-11T19:42:30.164-0500] {logging_mixin.py:188} INFO - 📂 Using project root: /opt/project
[2025-11-11T19:42:30.423-0500] {logging_mixin.py:188} INFO - [2025-11-11T19:42:30.423-0500] {credentials.py:1278} INFO - Found credentials in shared credentials file: ~/.aws/credentials
[2025-11-11T19:42:31.451-0500] {processor.py:840} INFO - DAG(s) 'ocr_pipeline_dag' retrieved from /opt/airflow/dags/ocr_pipeline_dag.py
[2025-11-11T19:42:31.504-0500] {logging_mixin.py:188} INFO - [2025-11-11T19:42:31.503-0500] {dag.py:3089} INFO - Sync 1 DAGs
[2025-11-11T19:42:31.522-0500] {logging_mixin.py:188} INFO - [2025-11-11T19:42:31.522-0500] {dag.py:3947} INFO - Setting next_dagrun for ocr_pipeline_dag to None, run_after=None
[2025-11-11T19:42:31.552-0500] {processor.py:183} INFO - Processing /opt/airflow/dags/ocr_pipeline_dag.py took 1.424 seconds
[2025-11-11T19:43:01.815-0500] {processor.py:161} INFO - Started process (PID=7610) to work on /opt/airflow/dags/ocr_pipeline_dag.py
[2025-11-11T19:43:32.519-0500] {processor.py:161} INFO - Started process (PID=7615) to work on /opt/airflow/dags/ocr_pipeline_dag.py
[2025-11-11T19:43:32.521-0500] {processor.py:830} INFO - Processing file /opt/airflow/dags/ocr_pipeline_dag.py for tasks to queue
[2025-11-11T19:43:32.524-0500] {logging_mixin.py:188} INFO - [2025-11-11T19:43:32.523-0500] {dagbag.py:545} INFO - Filling up the DagBag from /opt/airflow/dags/ocr_pipeline_dag.py
[2025-11-11T19:43:32.553-0500] {logging_mixin.py:188} INFO - 📂 Using project root: /opt/project
[2025-11-11T19:43:32.857-0500] {logging_mixin.py:188} INFO - [2025-11-11T19:43:32.857-0500] {credentials.py:1278} INFO - Found credentials in shared credentials file: ~/.aws/credentials
[2025-11-11T19:43:33.878-0500] {processor.py:840} INFO - DAG(s) 'ocr_pipeline_dag' retrieved from /opt/airflow/dags/ocr_pipeline_dag.py
[2025-11-11T19:43:33.921-0500] {logging_mixin.py:188} INFO - [2025-11-11T19:43:33.920-0500] {dag.py:3089} INFO - Sync 1 DAGs
[2025-11-11T19:43:33.939-0500] {logging_mixin.py:188} INFO - [2025-11-11T19:43:33.938-0500] {dag.py:3947} INFO - Setting next_dagrun for ocr_pipeline_dag to None, run_after=None
[2025-11-11T19:43:33.969-0500] {processor.py:183} INFO - Processing /opt/airflow/dags/ocr_pipeline_dag.py took 1.468 seconds
[2025-11-11T19:44:04.269-0500] {processor.py:161} INFO - Started process (PID=7621) to work on /opt/airflow/dags/ocr_pipeline_dag.py
[2025-11-11T19:44:04.271-0500] {processor.py:830} INFO - Processing file /opt/airflow/dags/ocr_pipeline_dag.py for tasks to queue
[2025-11-11T19:44:04.273-0500] {logging_mixin.py:188} INFO - [2025-11-11T19:44:04.272-0500] {dagbag.py:545} INFO - Filling up the DagBag from /opt/airflow/dags/ocr_pipeline_dag.py
[2025-11-11T19:44:04.306-0500] {logging_mixin.py:188} INFO - 📂 Using project root: /opt/project
[2025-11-11T19:44:04.593-0500] {logging_mixin.py:188} INFO - [2025-11-11T19:44:04.593-0500] {credentials.py:1278} INFO - Found credentials in shared credentials file: ~/.aws/credentials
[2025-11-11T19:44:05.724-0500] {processor.py:840} INFO - DAG(s) 'ocr_pipeline_dag' retrieved from /opt/airflow/dags/ocr_pipeline_dag.py
[2025-11-11T19:44:05.786-0500] {logging_mixin.py:188} INFO - [2025-11-11T19:44:05.785-0500] {dag.py:3089} INFO - Sync 1 DAGs
[2025-11-11T19:44:05.808-0500] {logging_mixin.py:188} INFO - [2025-11-11T19:44:05.808-0500] {dag.py:3947} INFO - Setting next_dagrun for ocr_pipeline_dag to None, run_after=None
[2025-11-11T19:44:05.845-0500] {processor.py:183} INFO - Processing /opt/airflow/dags/ocr_pipeline_dag.py took 1.591 seconds
[2025-11-11T19:44:36.154-0500] {processor.py:161} INFO - Started process (PID=7627) to work on /opt/airflow/dags/ocr_pipeline_dag.py
[2025-11-11T19:44:36.156-0500] {processor.py:830} INFO - Processing file /opt/airflow/dags/ocr_pipeline_dag.py for tasks to queue
[2025-11-11T19:44:36.158-0500] {logging_mixin.py:188} INFO - [2025-11-11T19:44:36.157-0500] {dagbag.py:545} INFO - Filling up the DagBag from /opt/airflow/dags/ocr_pipeline_dag.py
[2025-11-11T19:44:36.184-0500] {logging_mixin.py:188} INFO - 📂 Using project root: /opt/project
[2025-11-11T19:44:36.433-0500] {logging_mixin.py:188} INFO - [2025-11-11T19:44:36.432-0500] {credentials.py:1278} INFO - Found credentials in shared credentials file: ~/.aws/credentials
[2025-11-11T19:44:37.389-0500] {processor.py:840} INFO - DAG(s) 'ocr_pipeline_dag' retrieved from /opt/airflow/dags/ocr_pipeline_dag.py
[2025-11-11T19:44:37.431-0500] {logging_mixin.py:188} INFO - [2025-11-11T19:44:37.430-0500] {dag.py:3089} INFO - Sync 1 DAGs
[2025-11-11T19:44:37.453-0500] {logging_mixin.py:188} INFO - [2025-11-11T19:44:37.452-0500] {dag.py:3947} INFO - Setting next_dagrun for ocr_pipeline_dag to None, run_after=None
[2025-11-11T19:44:37.492-0500] {processor.py:183} INFO - Processing /opt/airflow/dags/ocr_pipeline_dag.py took 1.347 seconds
[2025-11-11T19:45:07.840-0500] {processor.py:161} INFO - Started process (PID=7633) to work on /opt/airflow/dags/ocr_pipeline_dag.py
[2025-11-11T19:45:07.842-0500] {processor.py:830} INFO - Processing file /opt/airflow/dags/ocr_pipeline_dag.py for tasks to queue
[2025-11-11T19:48:12.670-0500] {processor.py:161} INFO - Started process (PID=7663) to work on /opt/airflow/dags/ocr_pipeline_dag.py
[2025-11-11T19:48:12.673-0500] {processor.py:830} INFO - Processing file /opt/airflow/dags/ocr_pipeline_dag.py for tasks to queue
[2025-11-11T19:48:12.676-0500] {logging_mixin.py:188} INFO - [2025-11-11T19:48:12.676-0500] {dagbag.py:545} INFO - Filling up the DagBag from /opt/airflow/dags/ocr_pipeline_dag.py
[2025-11-11T19:48:12.701-0500] {logging_mixin.py:188} INFO - 📂 Using project root: /opt/project
[2025-11-11T19:48:12.959-0500] {logging_mixin.py:188} INFO - [2025-11-11T19:48:12.957-0500] {credentials.py:1278} INFO - Found credentials in shared credentials file: ~/.aws/credentials
[2025-11-11T19:48:13.740-0500] {processor.py:840} INFO - DAG(s) 'ocr_pipeline_dag' retrieved from /opt/airflow/dags/ocr_pipeline_dag.py
[2025-11-11T19:48:14.150-0500] {logging_mixin.py:188} INFO - [2025-11-11T19:48:14.149-0500] {dag.py:3089} INFO - Sync 1 DAGs
[2025-11-11T19:48:14.162-0500] {logging_mixin.py:188} INFO - [2025-11-11T19:48:14.162-0500] {dag.py:3947} INFO - Setting next_dagrun for ocr_pipeline_dag to None, run_after=None
[2025-11-11T19:48:14.195-0500] {processor.py:183} INFO - Processing /opt/airflow/dags/ocr_pipeline_dag.py took 1.535 seconds
[2025-11-11T19:48:44.686-0500] {processor.py:161} INFO - Started process (PID=7669) to work on /opt/airflow/dags/ocr_pipeline_dag.py
[2025-11-11T19:48:44.688-0500] {processor.py:830} INFO - Processing file /opt/airflow/dags/ocr_pipeline_dag.py for tasks to queue
[2025-11-11T19:48:44.689-0500] {logging_mixin.py:188} INFO - [2025-11-11T19:48:44.689-0500] {dagbag.py:545} INFO - Filling up the DagBag from /opt/airflow/dags/ocr_pipeline_dag.py
[2025-11-11T19:48:44.708-0500] {logging_mixin.py:188} INFO - 📂 Using project root: /opt/project
[2025-11-11T19:48:44.899-0500] {logging_mixin.py:188} INFO - [2025-11-11T19:48:44.898-0500] {credentials.py:1278} INFO - Found credentials in shared credentials file: ~/.aws/credentials
[2025-11-11T19:48:45.636-0500] {processor.py:840} INFO - DAG(s) 'ocr_pipeline_dag' retrieved from /opt/airflow/dags/ocr_pipeline_dag.py
[2025-11-11T19:48:45.666-0500] {logging_mixin.py:188} INFO - [2025-11-11T19:48:45.666-0500] {dag.py:3089} INFO - Sync 1 DAGs
[2025-11-11T19:48:45.678-0500] {logging_mixin.py:188} INFO - [2025-11-11T19:48:45.678-0500] {dag.py:3947} INFO - Setting next_dagrun for ocr_pipeline_dag to None, run_after=None
[2025-11-11T19:48:45.702-0500] {processor.py:183} INFO - Processing /opt/airflow/dags/ocr_pipeline_dag.py took 1.023 seconds
[2025-11-11T19:49:15.927-0500] {processor.py:161} INFO - Started process (PID=7675) to work on /opt/airflow/dags/ocr_pipeline_dag.py
[2025-11-11T19:49:15.929-0500] {processor.py:830} INFO - Processing file /opt/airflow/dags/ocr_pipeline_dag.py for tasks to queue
[2025-11-11T19:49:15.931-0500] {logging_mixin.py:188} INFO - [2025-11-11T19:49:15.930-0500] {dagbag.py:545} INFO - Filling up the DagBag from /opt/airflow/dags/ocr_pipeline_dag.py
[2025-11-11T19:49:15.948-0500] {logging_mixin.py:188} INFO - 📂 Using project root: /opt/project
[2025-11-11T19:49:16.132-0500] {logging_mixin.py:188} INFO - [2025-11-11T19:49:16.131-0500] {credentials.py:1278} INFO - Found credentials in shared credentials file: ~/.aws/credentials
[2025-11-11T19:49:16.848-0500] {processor.py:840} INFO - DAG(s) 'ocr_pipeline_dag' retrieved from /opt/airflow/dags/ocr_pipeline_dag.py
[2025-11-11T19:49:16.878-0500] {logging_mixin.py:188} INFO - [2025-11-11T19:49:16.878-0500] {dag.py:3089} INFO - Sync 1 DAGs
[2025-11-11T19:49:16.891-0500] {logging_mixin.py:188} INFO - [2025-11-11T19:49:16.891-0500] {dag.py:3947} INFO - Setting next_dagrun for ocr_pipeline_dag to None, run_after=None
[2025-11-11T19:49:16.916-0500] {processor.py:183} INFO - Processing /opt/airflow/dags/ocr_pipeline_dag.py took 0.996 seconds
[2025-11-11T19:49:47.208-0500] {processor.py:161} INFO - Started process (PID=7681) to work on /opt/airflow/dags/ocr_pipeline_dag.py
[2025-11-11T19:49:47.209-0500] {processor.py:830} INFO - Processing file /opt/airflow/dags/ocr_pipeline_dag.py for tasks to queue
[2025-11-11T19:49:47.210-0500] {logging_mixin.py:188} INFO - [2025-11-11T19:49:47.210-0500] {dagbag.py:545} INFO - Filling up the DagBag from /opt/airflow/dags/ocr_pipeline_dag.py
[2025-11-11T19:49:47.227-0500] {logging_mixin.py:188} INFO - 📂 Using project root: /opt/project
[2025-11-11T19:49:47.380-0500] {logging_mixin.py:188} INFO - [2025-11-11T19:49:47.379-0500] {credentials.py:1278} INFO - Found credentials in shared credentials file: ~/.aws/credentials
[2025-11-11T19:49:48.035-0500] {processor.py:840} INFO - DAG(s) 'ocr_pipeline_dag' retrieved from /opt/airflow/dags/ocr_pipeline_dag.py
[2025-11-11T19:49:48.076-0500] {logging_mixin.py:188} INFO - [2025-11-11T19:49:48.076-0500] {dag.py:3089} INFO - Sync 1 DAGs
[2025-11-11T19:49:48.096-0500] {logging_mixin.py:188} INFO - [2025-11-11T19:49:48.095-0500] {dag.py:3947} INFO - Setting next_dagrun for ocr_pipeline_dag to None, run_after=None
[2025-11-11T19:49:48.125-0500] {processor.py:183} INFO - Processing /opt/airflow/dags/ocr_pipeline_dag.py took 0.923 seconds
[2025-11-11T19:50:18.428-0500] {processor.py:161} INFO - Started process (PID=7687) to work on /opt/airflow/dags/ocr_pipeline_dag.py
[2025-11-11T19:50:18.429-0500] {processor.py:830} INFO - Processing file /opt/airflow/dags/ocr_pipeline_dag.py for tasks to queue
[2025-11-11T19:50:18.431-0500] {logging_mixin.py:188} INFO - [2025-11-11T19:50:18.430-0500] {dagbag.py:545} INFO - Filling up the DagBag from /opt/airflow/dags/ocr_pipeline_dag.py
[2025-11-11T19:50:18.446-0500] {logging_mixin.py:188} INFO - 📂 Using project root: /opt/project
[2025-11-11T19:50:18.614-0500] {logging_mixin.py:188} INFO - [2025-11-11T19:50:18.614-0500] {credentials.py:1278} INFO - Found credentials in shared credentials file: ~/.aws/credentials
[2025-11-11T19:50:19.236-0500] {processor.py:840} INFO - DAG(s) 'ocr_pipeline_dag' retrieved from /opt/airflow/dags/ocr_pipeline_dag.py
[2025-11-11T19:50:19.267-0500] {logging_mixin.py:188} INFO - [2025-11-11T19:50:19.266-0500] {dag.py:3089} INFO - Sync 1 DAGs
[2025-11-11T19:50:19.278-0500] {logging_mixin.py:188} INFO - [2025-11-11T19:50:19.278-0500] {dag.py:3947} INFO - Setting next_dagrun for ocr_pipeline_dag to None, run_after=None
[2025-11-11T19:50:19.300-0500] {processor.py:183} INFO - Processing /opt/airflow/dags/ocr_pipeline_dag.py took 0.879 seconds
[2025-11-11T19:50:49.635-0500] {processor.py:161} INFO - Started process (PID=7693) to work on /opt/airflow/dags/ocr_pipeline_dag.py
[2025-11-11T19:50:49.636-0500] {processor.py:830} INFO - Processing file /opt/airflow/dags/ocr_pipeline_dag.py for tasks to queue
[2025-11-11T19:50:49.638-0500] {logging_mixin.py:188} INFO - [2025-11-11T19:50:49.637-0500] {dagbag.py:545} INFO - Filling up the DagBag from /opt/airflow/dags/ocr_pipeline_dag.py
[2025-11-11T19:50:49.655-0500] {logging_mixin.py:188} INFO - 📂 Using project root: /opt/project
[2025-11-11T19:50:49.803-0500] {logging_mixin.py:188} INFO - [2025-11-11T19:50:49.802-0500] {credentials.py:1278} INFO - Found credentials in shared credentials file: ~/.aws/credentials
[2025-11-11T19:50:50.451-0500] {processor.py:840} INFO - DAG(s) 'ocr_pipeline_dag' retrieved from /opt/airflow/dags/ocr_pipeline_dag.py
[2025-11-11T19:50:50.480-0500] {logging_mixin.py:188} INFO - [2025-11-11T19:50:50.479-0500] {dag.py:3089} INFO - Sync 1 DAGs
[2025-11-11T19:50:50.491-0500] {logging_mixin.py:188} INFO - [2025-11-11T19:50:50.490-0500] {dag.py:3947} INFO - Setting next_dagrun for ocr_pipeline_dag to None, run_after=None
[2025-11-11T19:50:50.511-0500] {processor.py:183} INFO - Processing /opt/airflow/dags/ocr_pipeline_dag.py took 0.882 seconds
[2025-11-11T19:51:20.839-0500] {processor.py:161} INFO - Started process (PID=7699) to work on /opt/airflow/dags/ocr_pipeline_dag.py
[2025-11-11T19:51:20.840-0500] {processor.py:830} INFO - Processing file /opt/airflow/dags/ocr_pipeline_dag.py for tasks to queue
[2025-11-11T19:51:20.841-0500] {logging_mixin.py:188} INFO - [2025-11-11T19:51:20.841-0500] {dagbag.py:545} INFO - Filling up the DagBag from /opt/airflow/dags/ocr_pipeline_dag.py
[2025-11-11T19:51:20.862-0500] {logging_mixin.py:188} INFO - 📂 Using project root: /opt/project
[2025-11-11T19:51:21.054-0500] {logging_mixin.py:188} INFO - [2025-11-11T19:51:21.054-0500] {credentials.py:1278} INFO - Found credentials in shared credentials file: ~/.aws/credentials
[2025-11-11T19:51:21.734-0500] {processor.py:840} INFO - DAG(s) 'ocr_pipeline_dag' retrieved from /opt/airflow/dags/ocr_pipeline_dag.py
[2025-11-11T19:51:21.771-0500] {logging_mixin.py:188} INFO - [2025-11-11T19:51:21.770-0500] {dag.py:3089} INFO - Sync 1 DAGs
[2025-11-11T19:51:21.783-0500] {logging_mixin.py:188} INFO - [2025-11-11T19:51:21.783-0500] {dag.py:3947} INFO - Setting next_dagrun for ocr_pipeline_dag to None, run_after=None
[2025-11-11T19:51:21.826-0500] {processor.py:183} INFO - Processing /opt/airflow/dags/ocr_pipeline_dag.py took 0.994 seconds
[2025-11-11T19:51:52.053-0500] {processor.py:161} INFO - Started process (PID=7705) to work on /opt/airflow/dags/ocr_pipeline_dag.py
[2025-11-11T19:51:52.055-0500] {processor.py:830} INFO - Processing file /opt/airflow/dags/ocr_pipeline_dag.py for tasks to queue
[2025-11-11T19:51:52.056-0500] {logging_mixin.py:188} INFO - [2025-11-11T19:51:52.056-0500] {dagbag.py:545} INFO - Filling up the DagBag from /opt/airflow/dags/ocr_pipeline_dag.py
[2025-11-11T19:51:52.073-0500] {logging_mixin.py:188} INFO - 📂 Using project root: /opt/project
[2025-11-11T19:51:52.230-0500] {logging_mixin.py:188} INFO - [2025-11-11T19:51:52.229-0500] {credentials.py:1278} INFO - Found credentials in shared credentials file: ~/.aws/credentials
[2025-11-11T19:51:52.927-0500] {processor.py:840} INFO - DAG(s) 'ocr_pipeline_dag' retrieved from /opt/airflow/dags/ocr_pipeline_dag.py
[2025-11-11T19:51:52.957-0500] {logging_mixin.py:188} INFO - [2025-11-11T19:51:52.956-0500] {dag.py:3089} INFO - Sync 1 DAGs
[2025-11-11T19:51:52.969-0500] {logging_mixin.py:188} INFO - [2025-11-11T19:51:52.968-0500] {dag.py:3947} INFO - Setting next_dagrun for ocr_pipeline_dag to None, run_after=None
[2025-11-11T19:51:52.997-0500] {processor.py:183} INFO - Processing /opt/airflow/dags/ocr_pipeline_dag.py took 0.951 seconds
[2025-11-11T19:52:23.285-0500] {processor.py:161} INFO - Started process (PID=7711) to work on /opt/airflow/dags/ocr_pipeline_dag.py
[2025-11-11T19:52:23.286-0500] {processor.py:830} INFO - Processing file /opt/airflow/dags/ocr_pipeline_dag.py for tasks to queue
[2025-11-11T19:52:23.288-0500] {logging_mixin.py:188} INFO - [2025-11-11T19:52:23.287-0500] {dagbag.py:545} INFO - Filling up the DagBag from /opt/airflow/dags/ocr_pipeline_dag.py
[2025-11-11T19:52:23.312-0500] {logging_mixin.py:188} INFO - 📂 Using project root: /opt/project
[2025-11-11T19:52:23.508-0500] {logging_mixin.py:188} INFO - [2025-11-11T19:52:23.507-0500] {credentials.py:1278} INFO - Found credentials in shared credentials file: ~/.aws/credentials
[2025-11-11T19:52:24.185-0500] {processor.py:840} INFO - DAG(s) 'ocr_pipeline_dag' retrieved from /opt/airflow/dags/ocr_pipeline_dag.py
[2025-11-11T19:52:24.213-0500] {logging_mixin.py:188} INFO - [2025-11-11T19:52:24.212-0500] {dag.py:3089} INFO - Sync 1 DAGs
[2025-11-11T19:52:24.224-0500] {logging_mixin.py:188} INFO - [2025-11-11T19:52:24.224-0500] {dag.py:3947} INFO - Setting next_dagrun for ocr_pipeline_dag to None, run_after=None
[2025-11-11T19:52:24.247-0500] {processor.py:183} INFO - Processing /opt/airflow/dags/ocr_pipeline_dag.py took 0.972 seconds
[2025-11-11T19:52:54.535-0500] {processor.py:161} INFO - Started process (PID=7717) to work on /opt/airflow/dags/ocr_pipeline_dag.py
[2025-11-11T19:52:54.536-0500] {processor.py:830} INFO - Processing file /opt/airflow/dags/ocr_pipeline_dag.py for tasks to queue
[2025-11-11T19:52:54.537-0500] {logging_mixin.py:188} INFO - [2025-11-11T19:52:54.537-0500] {dagbag.py:545} INFO - Filling up the DagBag from /opt/airflow/dags/ocr_pipeline_dag.py
[2025-11-11T19:52:54.554-0500] {logging_mixin.py:188} INFO - 📂 Using project root: /opt/project
[2025-11-11T19:52:54.703-0500] {logging_mixin.py:188} INFO - [2025-11-11T19:52:54.703-0500] {credentials.py:1278} INFO - Found credentials in shared credentials file: ~/.aws/credentials
[2025-11-11T19:52:55.309-0500] {processor.py:840} INFO - DAG(s) 'ocr_pipeline_dag' retrieved from /opt/airflow/dags/ocr_pipeline_dag.py
[2025-11-11T19:52:55.336-0500] {logging_mixin.py:188} INFO - [2025-11-11T19:52:55.336-0500] {dag.py:3089} INFO - Sync 1 DAGs
[2025-11-11T19:52:55.348-0500] {logging_mixin.py:188} INFO - [2025-11-11T19:52:55.348-0500] {dag.py:3947} INFO - Setting next_dagrun for ocr_pipeline_dag to None, run_after=None
[2025-11-11T19:52:55.369-0500] {processor.py:183} INFO - Processing /opt/airflow/dags/ocr_pipeline_dag.py took 0.840 seconds
[2025-11-11T19:53:25.692-0500] {processor.py:161} INFO - Started process (PID=7723) to work on /opt/airflow/dags/ocr_pipeline_dag.py
[2025-11-11T19:53:25.694-0500] {processor.py:830} INFO - Processing file /opt/airflow/dags/ocr_pipeline_dag.py for tasks to queue
[2025-11-11T19:53:25.695-0500] {logging_mixin.py:188} INFO - [2025-11-11T19:53:25.695-0500] {dagbag.py:545} INFO - Filling up the DagBag from /opt/airflow/dags/ocr_pipeline_dag.py
[2025-11-11T19:53:25.715-0500] {logging_mixin.py:188} INFO - 📂 Using project root: /opt/project
[2025-11-11T19:53:25.916-0500] {logging_mixin.py:188} INFO - [2025-11-11T19:53:25.915-0500] {credentials.py:1278} INFO - Found credentials in shared credentials file: ~/.aws/credentials
[2025-11-11T19:53:26.691-0500] {processor.py:840} INFO - DAG(s) 'ocr_pipeline_dag' retrieved from /opt/airflow/dags/ocr_pipeline_dag.py
[2025-11-11T19:53:26.724-0500] {logging_mixin.py:188} INFO - [2025-11-11T19:53:26.724-0500] {dag.py:3089} INFO - Sync 1 DAGs
[2025-11-11T19:53:26.736-0500] {logging_mixin.py:188} INFO - [2025-11-11T19:53:26.735-0500] {dag.py:3947} INFO - Setting next_dagrun for ocr_pipeline_dag to None, run_after=None
[2025-11-11T19:53:26.760-0500] {processor.py:183} INFO - Processing /opt/airflow/dags/ocr_pipeline_dag.py took 1.075 seconds
[2025-11-11T19:53:56.981-0500] {processor.py:161} INFO - Started process (PID=7729) to work on /opt/airflow/dags/ocr_pipeline_dag.py
[2025-11-11T19:53:56.982-0500] {processor.py:830} INFO - Processing file /opt/airflow/dags/ocr_pipeline_dag.py for tasks to queue
[2025-11-11T19:53:56.984-0500] {logging_mixin.py:188} INFO - [2025-11-11T19:53:56.983-0500] {dagbag.py:545} INFO - Filling up the DagBag from /opt/airflow/dags/ocr_pipeline_dag.py
[2025-11-11T19:53:57.003-0500] {logging_mixin.py:188} INFO - 📂 Using project root: /opt/project
[2025-11-11T19:53:57.166-0500] {logging_mixin.py:188} INFO - [2025-11-11T19:53:57.166-0500] {credentials.py:1278} INFO - Found credentials in shared credentials file: ~/.aws/credentials
[2025-11-11T19:53:57.922-0500] {processor.py:840} INFO - DAG(s) 'ocr_pipeline_dag' retrieved from /opt/airflow/dags/ocr_pipeline_dag.py
[2025-11-11T19:53:57.958-0500] {logging_mixin.py:188} INFO - [2025-11-11T19:53:57.958-0500] {dag.py:3089} INFO - Sync 1 DAGs
[2025-11-11T19:53:57.972-0500] {logging_mixin.py:188} INFO - [2025-11-11T19:53:57.972-0500] {dag.py:3947} INFO - Setting next_dagrun for ocr_pipeline_dag to None, run_after=None
[2025-11-11T19:53:57.998-0500] {processor.py:183} INFO - Processing /opt/airflow/dags/ocr_pipeline_dag.py took 1.027 seconds
[2025-11-11T19:54:28.197-0500] {processor.py:161} INFO - Started process (PID=7735) to work on /opt/airflow/dags/ocr_pipeline_dag.py
[2025-11-11T19:54:28.199-0500] {processor.py:830} INFO - Processing file /opt/airflow/dags/ocr_pipeline_dag.py for tasks to queue
[2025-11-11T19:54:28.201-0500] {logging_mixin.py:188} INFO - [2025-11-11T19:54:28.200-0500] {dagbag.py:545} INFO - Filling up the DagBag from /opt/airflow/dags/ocr_pipeline_dag.py
[2025-11-11T19:54:28.218-0500] {logging_mixin.py:188} INFO - 📂 Using project root: /opt/project
[2025-11-11T19:54:28.376-0500] {logging_mixin.py:188} INFO - [2025-11-11T19:54:28.376-0500] {credentials.py:1278} INFO - Found credentials in shared credentials file: ~/.aws/credentials
[2025-11-11T19:54:29.043-0500] {processor.py:840} INFO - DAG(s) 'ocr_pipeline_dag' retrieved from /opt/airflow/dags/ocr_pipeline_dag.py
[2025-11-11T19:54:29.077-0500] {logging_mixin.py:188} INFO - [2025-11-11T19:54:29.076-0500] {dag.py:3089} INFO - Sync 1 DAGs
[2025-11-11T19:54:29.088-0500] {logging_mixin.py:188} INFO - [2025-11-11T19:54:29.087-0500] {dag.py:3947} INFO - Setting next_dagrun for ocr_pipeline_dag to None, run_after=None
[2025-11-11T19:54:29.109-0500] {processor.py:183} INFO - Processing /opt/airflow/dags/ocr_pipeline_dag.py took 0.918 seconds
[2025-11-11T19:54:59.459-0500] {processor.py:161} INFO - Started process (PID=7741) to work on /opt/airflow/dags/ocr_pipeline_dag.py
[2025-11-11T19:54:59.461-0500] {processor.py:830} INFO - Processing file /opt/airflow/dags/ocr_pipeline_dag.py for tasks to queue
[2025-11-11T19:54:59.462-0500] {logging_mixin.py:188} INFO - [2025-11-11T19:54:59.462-0500] {dagbag.py:545} INFO - Filling up the DagBag from /opt/airflow/dags/ocr_pipeline_dag.py
[2025-11-11T19:54:59.484-0500] {logging_mixin.py:188} INFO - 📂 Using project root: /opt/project
[2025-11-11T19:54:59.647-0500] {logging_mixin.py:188} INFO - [2025-11-11T19:54:59.647-0500] {credentials.py:1278} INFO - Found credentials in shared credentials file: ~/.aws/credentials
[2025-11-11T19:55:00.336-0500] {processor.py:840} INFO - DAG(s) 'ocr_pipeline_dag' retrieved from /opt/airflow/dags/ocr_pipeline_dag.py
[2025-11-11T19:55:00.386-0500] {logging_mixin.py:188} INFO - [2025-11-11T19:55:00.386-0500] {dag.py:3089} INFO - Sync 1 DAGs
[2025-11-11T19:55:00.398-0500] {logging_mixin.py:188} INFO - [2025-11-11T19:55:00.398-0500] {dag.py:3947} INFO - Setting next_dagrun for ocr_pipeline_dag to None, run_after=None
[2025-11-11T19:55:00.569-0500] {processor.py:183} INFO - Processing /opt/airflow/dags/ocr_pipeline_dag.py took 1.117 seconds
[2025-11-11T19:55:30.728-0500] {processor.py:161} INFO - Started process (PID=7747) to work on /opt/airflow/dags/ocr_pipeline_dag.py
[2025-11-11T19:55:30.731-0500] {processor.py:830} INFO - Processing file /opt/airflow/dags/ocr_pipeline_dag.py for tasks to queue
[2025-11-11T19:55:30.733-0500] {logging_mixin.py:188} INFO - [2025-11-11T19:55:30.733-0500] {dagbag.py:545} INFO - Filling up the DagBag from /opt/airflow/dags/ocr_pipeline_dag.py
[2025-11-11T19:55:30.757-0500] {logging_mixin.py:188} INFO - 📂 Using project root: /opt/project
[2025-11-11T19:55:30.949-0500] {logging_mixin.py:188} INFO - [2025-11-11T19:55:30.949-0500] {credentials.py:1278} INFO - Found credentials in shared credentials file: ~/.aws/credentials
[2025-11-11T19:55:31.808-0500] {processor.py:840} INFO - DAG(s) 'ocr_pipeline_dag' retrieved from /opt/airflow/dags/ocr_pipeline_dag.py
[2025-11-11T19:55:31.838-0500] {logging_mixin.py:188} INFO - [2025-11-11T19:55:31.837-0500] {dag.py:3089} INFO - Sync 1 DAGs
[2025-11-11T19:55:31.850-0500] {logging_mixin.py:188} INFO - [2025-11-11T19:55:31.850-0500] {dag.py:3947} INFO - Setting next_dagrun for ocr_pipeline_dag to None, run_after=None
[2025-11-11T19:55:31.878-0500] {processor.py:183} INFO - Processing /opt/airflow/dags/ocr_pipeline_dag.py took 1.160 seconds
[2025-11-11T19:56:02.006-0500] {processor.py:161} INFO - Started process (PID=7753) to work on /opt/airflow/dags/ocr_pipeline_dag.py
[2025-11-11T19:56:02.007-0500] {processor.py:830} INFO - Processing file /opt/airflow/dags/ocr_pipeline_dag.py for tasks to queue
[2025-11-11T19:56:02.009-0500] {logging_mixin.py:188} INFO - [2025-11-11T19:56:02.009-0500] {dagbag.py:545} INFO - Filling up the DagBag from /opt/airflow/dags/ocr_pipeline_dag.py
[2025-11-11T19:56:02.030-0500] {logging_mixin.py:188} INFO - 📂 Using project root: /opt/project
[2025-11-11T19:56:02.202-0500] {logging_mixin.py:188} INFO - [2025-11-11T19:56:02.201-0500] {credentials.py:1278} INFO - Found credentials in shared credentials file: ~/.aws/credentials
[2025-11-11T19:56:03.016-0500] {processor.py:840} INFO - DAG(s) 'ocr_pipeline_dag' retrieved from /opt/airflow/dags/ocr_pipeline_dag.py
[2025-11-11T19:56:03.051-0500] {logging_mixin.py:188} INFO - [2025-11-11T19:56:03.049-0500] {dag.py:3089} INFO - Sync 1 DAGs
[2025-11-11T19:56:03.065-0500] {logging_mixin.py:188} INFO - [2025-11-11T19:56:03.065-0500] {dag.py:3947} INFO - Setting next_dagrun for ocr_pipeline_dag to None, run_after=None
[2025-11-11T19:56:03.090-0500] {processor.py:183} INFO - Processing /opt/airflow/dags/ocr_pipeline_dag.py took 1.091 seconds
[2025-11-11T19:56:33.262-0500] {processor.py:161} INFO - Started process (PID=7759) to work on /opt/airflow/dags/ocr_pipeline_dag.py
[2025-11-11T19:56:33.263-0500] {processor.py:830} INFO - Processing file /opt/airflow/dags/ocr_pipeline_dag.py for tasks to queue
[2025-11-11T19:56:33.265-0500] {logging_mixin.py:188} INFO - [2025-11-11T19:56:33.264-0500] {dagbag.py:545} INFO - Filling up the DagBag from /opt/airflow/dags/ocr_pipeline_dag.py
[2025-11-11T19:56:33.291-0500] {logging_mixin.py:188} INFO - 📂 Using project root: /opt/project
[2025-11-11T19:56:33.514-0500] {logging_mixin.py:188} INFO - [2025-11-11T19:56:33.514-0500] {credentials.py:1278} INFO - Found credentials in shared credentials file: ~/.aws/credentials
[2025-11-11T19:56:34.415-0500] {processor.py:840} INFO - DAG(s) 'ocr_pipeline_dag' retrieved from /opt/airflow/dags/ocr_pipeline_dag.py
[2025-11-11T19:56:34.453-0500] {logging_mixin.py:188} INFO - [2025-11-11T19:56:34.452-0500] {dag.py:3089} INFO - Sync 1 DAGs
[2025-11-11T19:56:34.473-0500] {logging_mixin.py:188} INFO - [2025-11-11T19:56:34.472-0500] {dag.py:3947} INFO - Setting next_dagrun for ocr_pipeline_dag to None, run_after=None
[2025-11-11T19:56:34.500-0500] {processor.py:183} INFO - Processing /opt/airflow/dags/ocr_pipeline_dag.py took 1.249 seconds
[2025-11-11T19:57:04.610-0500] {processor.py:161} INFO - Started process (PID=7765) to work on /opt/airflow/dags/ocr_pipeline_dag.py
[2025-11-11T19:57:04.611-0500] {processor.py:830} INFO - Processing file /opt/airflow/dags/ocr_pipeline_dag.py for tasks to queue
[2025-11-11T19:57:04.614-0500] {logging_mixin.py:188} INFO - [2025-11-11T19:57:04.613-0500] {dagbag.py:545} INFO - Filling up the DagBag from /opt/airflow/dags/ocr_pipeline_dag.py
[2025-11-11T19:57:04.634-0500] {logging_mixin.py:188} INFO - 📂 Using project root: /opt/project
[2025-11-11T19:57:04.809-0500] {logging_mixin.py:188} INFO - [2025-11-11T19:57:04.809-0500] {credentials.py:1278} INFO - Found credentials in shared credentials file: ~/.aws/credentials
[2025-11-11T19:57:05.572-0500] {processor.py:840} INFO - DAG(s) 'ocr_pipeline_dag' retrieved from /opt/airflow/dags/ocr_pipeline_dag.py
[2025-11-11T19:57:05.658-0500] {logging_mixin.py:188} INFO - [2025-11-11T19:57:05.658-0500] {dag.py:3089} INFO - Sync 1 DAGs
[2025-11-11T19:57:05.673-0500] {logging_mixin.py:188} INFO - [2025-11-11T19:57:05.672-0500] {dag.py:3947} INFO - Setting next_dagrun for ocr_pipeline_dag to None, run_after=None
[2025-11-11T19:57:05.848-0500] {processor.py:183} INFO - Processing /opt/airflow/dags/ocr_pipeline_dag.py took 1.247 seconds
[2025-11-11T19:57:36.015-0500] {processor.py:161} INFO - Started process (PID=7771) to work on /opt/airflow/dags/ocr_pipeline_dag.py
[2025-11-11T19:57:36.016-0500] {processor.py:830} INFO - Processing file /opt/airflow/dags/ocr_pipeline_dag.py for tasks to queue
[2025-11-11T19:57:36.017-0500] {logging_mixin.py:188} INFO - [2025-11-11T19:57:36.017-0500] {dagbag.py:545} INFO - Filling up the DagBag from /opt/airflow/dags/ocr_pipeline_dag.py
[2025-11-11T19:57:36.040-0500] {logging_mixin.py:188} INFO - 📂 Using project root: /opt/project
[2025-11-11T19:57:36.224-0500] {logging_mixin.py:188} INFO - [2025-11-11T19:57:36.223-0500] {credentials.py:1278} INFO - Found credentials in shared credentials file: ~/.aws/credentials
[2025-11-11T19:57:36.915-0500] {processor.py:840} INFO - DAG(s) 'ocr_pipeline_dag' retrieved from /opt/airflow/dags/ocr_pipeline_dag.py
[2025-11-11T19:57:36.944-0500] {logging_mixin.py:188} INFO - [2025-11-11T19:57:36.944-0500] {dag.py:3089} INFO - Sync 1 DAGs
[2025-11-11T19:57:36.956-0500] {logging_mixin.py:188} INFO - [2025-11-11T19:57:36.955-0500] {dag.py:3947} INFO - Setting next_dagrun for ocr_pipeline_dag to None, run_after=None
[2025-11-11T19:57:36.976-0500] {processor.py:183} INFO - Processing /opt/airflow/dags/ocr_pipeline_dag.py took 0.968 seconds
[2025-11-11T19:58:07.226-0500] {processor.py:161} INFO - Started process (PID=7777) to work on /opt/airflow/dags/ocr_pipeline_dag.py
[2025-11-11T19:58:07.227-0500] {processor.py:830} INFO - Processing file /opt/airflow/dags/ocr_pipeline_dag.py for tasks to queue
[2025-11-11T19:58:07.228-0500] {logging_mixin.py:188} INFO - [2025-11-11T19:58:07.228-0500] {dagbag.py:545} INFO - Filling up the DagBag from /opt/airflow/dags/ocr_pipeline_dag.py
[2025-11-11T19:58:07.247-0500] {logging_mixin.py:188} INFO - 📂 Using project root: /opt/project
[2025-11-11T19:58:07.405-0500] {logging_mixin.py:188} INFO - [2025-11-11T19:58:07.405-0500] {credentials.py:1278} INFO - Found credentials in shared credentials file: ~/.aws/credentials
[2025-11-11T19:58:08.062-0500] {processor.py:840} INFO - DAG(s) 'ocr_pipeline_dag' retrieved from /opt/airflow/dags/ocr_pipeline_dag.py
[2025-11-11T19:58:08.090-0500] {logging_mixin.py:188} INFO - [2025-11-11T19:58:08.089-0500] {dag.py:3089} INFO - Sync 1 DAGs
[2025-11-11T19:58:08.102-0500] {logging_mixin.py:188} INFO - [2025-11-11T19:58:08.102-0500] {dag.py:3947} INFO - Setting next_dagrun for ocr_pipeline_dag to None, run_after=None
[2025-11-11T19:58:08.125-0500] {processor.py:183} INFO - Processing /opt/airflow/dags/ocr_pipeline_dag.py took 0.906 seconds
[2025-11-11T19:58:38.441-0500] {processor.py:161} INFO - Started process (PID=7783) to work on /opt/airflow/dags/ocr_pipeline_dag.py
[2025-11-11T19:58:38.442-0500] {processor.py:830} INFO - Processing file /opt/airflow/dags/ocr_pipeline_dag.py for tasks to queue
[2025-11-11T19:58:38.444-0500] {logging_mixin.py:188} INFO - [2025-11-11T19:58:38.443-0500] {dagbag.py:545} INFO - Filling up the DagBag from /opt/airflow/dags/ocr_pipeline_dag.py
[2025-11-11T19:58:38.461-0500] {logging_mixin.py:188} INFO - 📂 Using project root: /opt/project
[2025-11-11T19:58:38.624-0500] {logging_mixin.py:188} INFO - [2025-11-11T19:58:38.624-0500] {credentials.py:1278} INFO - Found credentials in shared credentials file: ~/.aws/credentials
[2025-11-11T19:58:39.468-0500] {processor.py:840} INFO - DAG(s) 'ocr_pipeline_dag' retrieved from /opt/airflow/dags/ocr_pipeline_dag.py
[2025-11-11T19:58:39.510-0500] {logging_mixin.py:188} INFO - [2025-11-11T19:58:39.510-0500] {dag.py:3089} INFO - Sync 1 DAGs
[2025-11-11T19:58:39.528-0500] {logging_mixin.py:188} INFO - [2025-11-11T19:58:39.528-0500] {dag.py:3947} INFO - Setting next_dagrun for ocr_pipeline_dag to None, run_after=None
[2025-11-11T19:58:39.558-0500] {processor.py:183} INFO - Processing /opt/airflow/dags/ocr_pipeline_dag.py took 1.123 seconds
[2025-11-11T19:59:09.689-0500] {processor.py:161} INFO - Started process (PID=7789) to work on /opt/airflow/dags/ocr_pipeline_dag.py
[2025-11-11T19:59:09.691-0500] {processor.py:830} INFO - Processing file /opt/airflow/dags/ocr_pipeline_dag.py for tasks to queue
[2025-11-11T19:59:09.693-0500] {logging_mixin.py:188} INFO - [2025-11-11T19:59:09.693-0500] {dagbag.py:545} INFO - Filling up the DagBag from /opt/airflow/dags/ocr_pipeline_dag.py
[2025-11-11T19:59:09.715-0500] {logging_mixin.py:188} INFO - 📂 Using project root: /opt/project
[2025-11-11T19:59:09.919-0500] {logging_mixin.py:188} INFO - [2025-11-11T19:59:09.919-0500] {credentials.py:1278} INFO - Found credentials in shared credentials file: ~/.aws/credentials
[2025-11-11T19:59:10.808-0500] {processor.py:840} INFO - DAG(s) 'ocr_pipeline_dag' retrieved from /opt/airflow/dags/ocr_pipeline_dag.py
[2025-11-11T19:59:10.849-0500] {logging_mixin.py:188} INFO - [2025-11-11T19:59:10.848-0500] {dag.py:3089} INFO - Sync 1 DAGs
[2025-11-11T19:59:10.862-0500] {logging_mixin.py:188} INFO - [2025-11-11T19:59:10.862-0500] {dag.py:3947} INFO - Setting next_dagrun for ocr_pipeline_dag to None, run_after=None
[2025-11-11T19:59:10.885-0500] {processor.py:183} INFO - Processing /opt/airflow/dags/ocr_pipeline_dag.py took 1.203 seconds
[2025-11-11T19:59:41.047-0500] {processor.py:161} INFO - Started process (PID=7795) to work on /opt/airflow/dags/ocr_pipeline_dag.py
[2025-11-11T19:59:41.048-0500] {processor.py:830} INFO - Processing file /opt/airflow/dags/ocr_pipeline_dag.py for tasks to queue
[2025-11-11T19:59:41.049-0500] {logging_mixin.py:188} INFO - [2025-11-11T19:59:41.049-0500] {dagbag.py:545} INFO - Filling up the DagBag from /opt/airflow/dags/ocr_pipeline_dag.py
[2025-11-11T19:59:41.067-0500] {logging_mixin.py:188} INFO - 📂 Using project root: /opt/project
[2025-11-11T19:59:41.227-0500] {logging_mixin.py:188} INFO - [2025-11-11T19:59:41.227-0500] {credentials.py:1278} INFO - Found credentials in shared credentials file: ~/.aws/credentials
[2025-11-11T19:59:41.922-0500] {processor.py:840} INFO - DAG(s) 'ocr_pipeline_dag' retrieved from /opt/airflow/dags/ocr_pipeline_dag.py
[2025-11-11T19:59:41.949-0500] {logging_mixin.py:188} INFO - [2025-11-11T19:59:41.949-0500] {dag.py:3089} INFO - Sync 1 DAGs
[2025-11-11T19:59:41.961-0500] {logging_mixin.py:188} INFO - [2025-11-11T19:59:41.960-0500] {dag.py:3947} INFO - Setting next_dagrun for ocr_pipeline_dag to None, run_after=None
[2025-11-11T19:59:41.982-0500] {processor.py:183} INFO - Processing /opt/airflow/dags/ocr_pipeline_dag.py took 0.943 seconds
[2025-11-11T20:00:12.291-0500] {processor.py:161} INFO - Started process (PID=7801) to work on /opt/airflow/dags/ocr_pipeline_dag.py
[2025-11-11T20:00:12.292-0500] {processor.py:830} INFO - Processing file /opt/airflow/dags/ocr_pipeline_dag.py for tasks to queue
[2025-11-11T20:00:12.294-0500] {logging_mixin.py:188} INFO - [2025-11-11T20:00:12.293-0500] {dagbag.py:545} INFO - Filling up the DagBag from /opt/airflow/dags/ocr_pipeline_dag.py
[2025-11-11T20:00:12.313-0500] {logging_mixin.py:188} INFO - 📂 Using project root: /opt/project
[2025-11-11T20:00:12.484-0500] {logging_mixin.py:188} INFO - [2025-11-11T20:00:12.484-0500] {credentials.py:1278} INFO - Found credentials in shared credentials file: ~/.aws/credentials
[2025-11-11T20:00:13.221-0500] {processor.py:840} INFO - DAG(s) 'ocr_pipeline_dag' retrieved from /opt/airflow/dags/ocr_pipeline_dag.py
[2025-11-11T20:00:13.260-0500] {logging_mixin.py:188} INFO - [2025-11-11T20:00:13.260-0500] {dag.py:3089} INFO - Sync 1 DAGs
[2025-11-11T20:00:13.275-0500] {logging_mixin.py:188} INFO - [2025-11-11T20:00:13.275-0500] {dag.py:3947} INFO - Setting next_dagrun for ocr_pipeline_dag to None, run_after=None
[2025-11-11T20:00:13.302-0500] {processor.py:183} INFO - Processing /opt/airflow/dags/ocr_pipeline_dag.py took 1.020 seconds
[2025-11-11T20:00:43.607-0500] {processor.py:161} INFO - Started process (PID=7807) to work on /opt/airflow/dags/ocr_pipeline_dag.py
[2025-11-11T20:00:43.608-0500] {processor.py:830} INFO - Processing file /opt/airflow/dags/ocr_pipeline_dag.py for tasks to queue
[2025-11-11T20:00:43.611-0500] {logging_mixin.py:188} INFO - [2025-11-11T20:00:43.611-0500] {dagbag.py:545} INFO - Filling up the DagBag from /opt/airflow/dags/ocr_pipeline_dag.py
[2025-11-11T20:00:43.632-0500] {logging_mixin.py:188} INFO - 📂 Using project root: /opt/project
[2025-11-11T20:00:43.817-0500] {logging_mixin.py:188} INFO - [2025-11-11T20:00:43.817-0500] {credentials.py:1278} INFO - Found credentials in shared credentials file: ~/.aws/credentials
[2025-11-11T20:00:44.590-0500] {processor.py:840} INFO - DAG(s) 'ocr_pipeline_dag' retrieved from /opt/airflow/dags/ocr_pipeline_dag.py
[2025-11-11T20:00:44.622-0500] {logging_mixin.py:188} INFO - [2025-11-11T20:00:44.621-0500] {dag.py:3089} INFO - Sync 1 DAGs
[2025-11-11T20:00:44.637-0500] {logging_mixin.py:188} INFO - [2025-11-11T20:00:44.636-0500] {dag.py:3947} INFO - Setting next_dagrun for ocr_pipeline_dag to None, run_after=None
[2025-11-11T20:00:44.663-0500] {processor.py:183} INFO - Processing /opt/airflow/dags/ocr_pipeline_dag.py took 1.063 seconds
[2025-11-11T20:01:14.829-0500] {processor.py:161} INFO - Started process (PID=7813) to work on /opt/airflow/dags/ocr_pipeline_dag.py
[2025-11-11T20:01:14.830-0500] {processor.py:830} INFO - Processing file /opt/airflow/dags/ocr_pipeline_dag.py for tasks to queue
[2025-11-11T20:01:14.832-0500] {logging_mixin.py:188} INFO - [2025-11-11T20:01:14.831-0500] {dagbag.py:545} INFO - Filling up the DagBag from /opt/airflow/dags/ocr_pipeline_dag.py
[2025-11-11T20:01:14.851-0500] {logging_mixin.py:188} INFO - 📂 Using project root: /opt/project
[2025-11-11T20:01:15.017-0500] {logging_mixin.py:188} INFO - [2025-11-11T20:01:15.017-0500] {credentials.py:1278} INFO - Found credentials in shared credentials file: ~/.aws/credentials
[2025-11-11T20:01:15.709-0500] {processor.py:840} INFO - DAG(s) 'ocr_pipeline_dag' retrieved from /opt/airflow/dags/ocr_pipeline_dag.py
[2025-11-11T20:01:15.740-0500] {logging_mixin.py:188} INFO - [2025-11-11T20:01:15.739-0500] {dag.py:3089} INFO - Sync 1 DAGs
[2025-11-11T20:01:15.752-0500] {logging_mixin.py:188} INFO - [2025-11-11T20:01:15.752-0500] {dag.py:3947} INFO - Setting next_dagrun for ocr_pipeline_dag to None, run_after=None
[2025-11-11T20:01:15.776-0500] {processor.py:183} INFO - Processing /opt/airflow/dags/ocr_pipeline_dag.py took 0.955 seconds
[2025-11-11T20:01:46.146-0500] {processor.py:161} INFO - Started process (PID=7819) to work on /opt/airflow/dags/ocr_pipeline_dag.py
[2025-11-11T20:01:46.147-0500] {processor.py:830} INFO - Processing file /opt/airflow/dags/ocr_pipeline_dag.py for tasks to queue
[2025-11-11T20:01:46.149-0500] {logging_mixin.py:188} INFO - [2025-11-11T20:01:46.148-0500] {dagbag.py:545} INFO - Filling up the DagBag from /opt/airflow/dags/ocr_pipeline_dag.py
[2025-11-11T20:01:46.168-0500] {logging_mixin.py:188} INFO - 📂 Using project root: /opt/project
[2025-11-11T20:01:46.337-0500] {logging_mixin.py:188} INFO - [2025-11-11T20:01:46.337-0500] {credentials.py:1278} INFO - Found credentials in shared credentials file: ~/.aws/credentials
[2025-11-11T20:01:47.071-0500] {processor.py:840} INFO - DAG(s) 'ocr_pipeline_dag' retrieved from /opt/airflow/dags/ocr_pipeline_dag.py
[2025-11-11T20:01:47.097-0500] {logging_mixin.py:188} INFO - [2025-11-11T20:01:47.096-0500] {dag.py:3089} INFO - Sync 1 DAGs
[2025-11-11T20:01:47.111-0500] {logging_mixin.py:188} INFO - [2025-11-11T20:01:47.111-0500] {dag.py:3947} INFO - Setting next_dagrun for ocr_pipeline_dag to None, run_after=None
[2025-11-11T20:01:47.159-0500] {processor.py:183} INFO - Processing /opt/airflow/dags/ocr_pipeline_dag.py took 1.021 seconds
[2025-11-11T20:02:17.420-0500] {processor.py:161} INFO - Started process (PID=7825) to work on /opt/airflow/dags/ocr_pipeline_dag.py
[2025-11-11T20:02:17.422-0500] {processor.py:830} INFO - Processing file /opt/airflow/dags/ocr_pipeline_dag.py for tasks to queue
[2025-11-11T20:02:17.425-0500] {logging_mixin.py:188} INFO - [2025-11-11T20:02:17.424-0500] {dagbag.py:545} INFO - Filling up the DagBag from /opt/airflow/dags/ocr_pipeline_dag.py
[2025-11-11T20:02:17.453-0500] {logging_mixin.py:188} INFO - 📂 Using project root: /opt/project
[2025-11-11T20:02:17.622-0500] {logging_mixin.py:188} INFO - [2025-11-11T20:02:17.622-0500] {credentials.py:1278} INFO - Found credentials in shared credentials file: ~/.aws/credentials
[2025-11-11T20:02:18.315-0500] {processor.py:840} INFO - DAG(s) 'ocr_pipeline_dag' retrieved from /opt/airflow/dags/ocr_pipeline_dag.py
[2025-11-11T20:02:18.355-0500] {logging_mixin.py:188} INFO - [2025-11-11T20:02:18.355-0500] {dag.py:3089} INFO - Sync 1 DAGs
[2025-11-11T20:02:18.370-0500] {logging_mixin.py:188} INFO - [2025-11-11T20:02:18.369-0500] {dag.py:3947} INFO - Setting next_dagrun for ocr_pipeline_dag to None, run_after=None
[2025-11-11T20:02:18.395-0500] {processor.py:183} INFO - Processing /opt/airflow/dags/ocr_pipeline_dag.py took 0.985 seconds
[2025-11-11T20:02:48.704-0500] {processor.py:161} INFO - Started process (PID=7831) to work on /opt/airflow/dags/ocr_pipeline_dag.py
[2025-11-11T20:02:48.706-0500] {processor.py:830} INFO - Processing file /opt/airflow/dags/ocr_pipeline_dag.py for tasks to queue
[2025-11-11T20:02:48.709-0500] {logging_mixin.py:188} INFO - [2025-11-11T20:02:48.708-0500] {dagbag.py:545} INFO - Filling up the DagBag from /opt/airflow/dags/ocr_pipeline_dag.py
[2025-11-11T20:02:48.729-0500] {logging_mixin.py:188} INFO - 📂 Using project root: /opt/project
[2025-11-11T20:02:48.937-0500] {logging_mixin.py:188} INFO - [2025-11-11T20:02:48.936-0500] {credentials.py:1278} INFO - Found credentials in shared credentials file: ~/.aws/credentials
[2025-11-11T20:02:49.852-0500] {processor.py:840} INFO - DAG(s) 'ocr_pipeline_dag' retrieved from /opt/airflow/dags/ocr_pipeline_dag.py
[2025-11-11T20:02:49.888-0500] {logging_mixin.py:188} INFO - [2025-11-11T20:02:49.888-0500] {dag.py:3089} INFO - Sync 1 DAGs
[2025-11-11T20:02:49.904-0500] {logging_mixin.py:188} INFO - [2025-11-11T20:02:49.903-0500] {dag.py:3947} INFO - Setting next_dagrun for ocr_pipeline_dag to None, run_after=None
[2025-11-11T20:02:49.924-0500] {processor.py:183} INFO - Processing /opt/airflow/dags/ocr_pipeline_dag.py took 1.233 seconds
[2025-11-11T20:03:20.086-0500] {processor.py:161} INFO - Started process (PID=7837) to work on /opt/airflow/dags/ocr_pipeline_dag.py
[2025-11-11T20:03:20.090-0500] {processor.py:830} INFO - Processing file /opt/airflow/dags/ocr_pipeline_dag.py for tasks to queue
[2025-11-11T20:03:20.094-0500] {logging_mixin.py:188} INFO - [2025-11-11T20:03:20.092-0500] {dagbag.py:545} INFO - Filling up the DagBag from /opt/airflow/dags/ocr_pipeline_dag.py
[2025-11-11T20:03:20.132-0500] {logging_mixin.py:188} INFO - 📂 Using project root: /opt/project
[2025-11-11T20:03:20.668-0500] {logging_mixin.py:188} INFO - [2025-11-11T20:03:20.667-0500] {credentials.py:1278} INFO - Found credentials in shared credentials file: ~/.aws/credentials
[2025-11-11T20:03:22.929-0500] {processor.py:840} INFO - DAG(s) 'ocr_pipeline_dag' retrieved from /opt/airflow/dags/ocr_pipeline_dag.py
[2025-11-11T20:03:23.055-0500] {logging_mixin.py:188} INFO - [2025-11-11T20:03:23.054-0500] {dag.py:3089} INFO - Sync 1 DAGs
[2025-11-11T20:03:23.090-0500] {logging_mixin.py:188} INFO - [2025-11-11T20:03:23.090-0500] {dag.py:3947} INFO - Setting next_dagrun for ocr_pipeline_dag to None, run_after=None
[2025-11-11T20:03:23.170-0500] {processor.py:183} INFO - Processing /opt/airflow/dags/ocr_pipeline_dag.py took 3.111 seconds
[2025-11-11T20:03:53.751-0500] {processor.py:161} INFO - Started process (PID=7843) to work on /opt/airflow/dags/ocr_pipeline_dag.py
[2025-11-11T20:03:53.754-0500] {processor.py:830} INFO - Processing file /opt/airflow/dags/ocr_pipeline_dag.py for tasks to queue
[2025-11-11T20:03:53.757-0500] {logging_mixin.py:188} INFO - [2025-11-11T20:03:53.755-0500] {dagbag.py:545} INFO - Filling up the DagBag from /opt/airflow/dags/ocr_pipeline_dag.py
[2025-11-11T20:03:53.789-0500] {logging_mixin.py:188} INFO - 📂 Using project root: /opt/project
[2025-11-11T20:03:54.176-0500] {logging_mixin.py:188} INFO - [2025-11-11T20:03:54.174-0500] {credentials.py:1278} INFO - Found credentials in shared credentials file: ~/.aws/credentials
[2025-11-11T20:03:55.917-0500] {processor.py:840} INFO - DAG(s) 'ocr_pipeline_dag' retrieved from /opt/airflow/dags/ocr_pipeline_dag.py
[2025-11-11T20:03:56.011-0500] {logging_mixin.py:188} INFO - [2025-11-11T20:03:56.010-0500] {dag.py:3089} INFO - Sync 1 DAGs
[2025-11-11T20:03:56.043-0500] {logging_mixin.py:188} INFO - [2025-11-11T20:03:56.043-0500] {dag.py:3947} INFO - Setting next_dagrun for ocr_pipeline_dag to None, run_after=None
[2025-11-11T20:03:56.096-0500] {processor.py:183} INFO - Processing /opt/airflow/dags/ocr_pipeline_dag.py took 2.375 seconds
[2025-11-11T20:04:26.558-0500] {processor.py:161} INFO - Started process (PID=7849) to work on /opt/airflow/dags/ocr_pipeline_dag.py
[2025-11-11T20:04:26.561-0500] {processor.py:830} INFO - Processing file /opt/airflow/dags/ocr_pipeline_dag.py for tasks to queue
[2025-11-11T20:04:26.562-0500] {logging_mixin.py:188} INFO - [2025-11-11T20:04:26.562-0500] {dagbag.py:545} INFO - Filling up the DagBag from /opt/airflow/dags/ocr_pipeline_dag.py
[2025-11-11T20:04:26.594-0500] {logging_mixin.py:188} INFO - 📂 Using project root: /opt/project
[2025-11-11T20:04:26.906-0500] {logging_mixin.py:188} INFO - [2025-11-11T20:04:26.905-0500] {credentials.py:1278} INFO - Found credentials in shared credentials file: ~/.aws/credentials
[2025-11-11T20:04:27.891-0500] {processor.py:840} INFO - DAG(s) 'ocr_pipeline_dag' retrieved from /opt/airflow/dags/ocr_pipeline_dag.py
[2025-11-11T20:04:27.935-0500] {logging_mixin.py:188} INFO - [2025-11-11T20:04:27.935-0500] {dag.py:3089} INFO - Sync 1 DAGs
[2025-11-11T20:04:27.962-0500] {logging_mixin.py:188} INFO - [2025-11-11T20:04:27.961-0500] {dag.py:3947} INFO - Setting next_dagrun for ocr_pipeline_dag to None, run_after=None
[2025-11-11T20:04:27.995-0500] {processor.py:183} INFO - Processing /opt/airflow/dags/ocr_pipeline_dag.py took 1.458 seconds
[2025-11-11T20:04:58.949-0500] {processor.py:161} INFO - Started process (PID=7855) to work on /opt/airflow/dags/ocr_pipeline_dag.py
[2025-11-11T20:04:58.951-0500] {processor.py:830} INFO - Processing file /opt/airflow/dags/ocr_pipeline_dag.py for tasks to queue
[2025-11-11T20:04:58.953-0500] {logging_mixin.py:188} INFO - [2025-11-11T20:04:58.952-0500] {dagbag.py:545} INFO - Filling up the DagBag from /opt/airflow/dags/ocr_pipeline_dag.py
[2025-11-11T20:04:58.975-0500] {logging_mixin.py:188} INFO - 📂 Using project root: /opt/project
[2025-11-11T20:04:59.196-0500] {logging_mixin.py:188} INFO - [2025-11-11T20:04:59.195-0500] {credentials.py:1278} INFO - Found credentials in shared credentials file: ~/.aws/credentials
[2025-11-11T20:05:00.105-0500] {processor.py:840} INFO - DAG(s) 'ocr_pipeline_dag' retrieved from /opt/airflow/dags/ocr_pipeline_dag.py
[2025-11-11T20:05:00.182-0500] {logging_mixin.py:188} INFO - [2025-11-11T20:05:00.182-0500] {dag.py:3089} INFO - Sync 1 DAGs
[2025-11-11T20:05:00.205-0500] {logging_mixin.py:188} INFO - [2025-11-11T20:05:00.205-0500] {dag.py:3947} INFO - Setting next_dagrun for ocr_pipeline_dag to None, run_after=None
[2025-11-11T20:05:00.233-0500] {processor.py:183} INFO - Processing /opt/airflow/dags/ocr_pipeline_dag.py took 1.293 seconds
[2025-11-11T20:05:30.561-0500] {processor.py:161} INFO - Started process (PID=7861) to work on /opt/airflow/dags/ocr_pipeline_dag.py
[2025-11-11T20:05:30.563-0500] {processor.py:830} INFO - Processing file /opt/airflow/dags/ocr_pipeline_dag.py for tasks to queue
[2025-11-11T20:05:30.565-0500] {logging_mixin.py:188} INFO - [2025-11-11T20:05:30.564-0500] {dagbag.py:545} INFO - Filling up the DagBag from /opt/airflow/dags/ocr_pipeline_dag.py
[2025-11-11T20:05:30.590-0500] {logging_mixin.py:188} INFO - 📂 Using project root: /opt/project
[2025-11-11T20:05:30.855-0500] {logging_mixin.py:188} INFO - [2025-11-11T20:05:30.854-0500] {credentials.py:1278} INFO - Found credentials in shared credentials file: ~/.aws/credentials
[2025-11-11T20:05:31.874-0500] {processor.py:840} INFO - DAG(s) 'ocr_pipeline_dag' retrieved from /opt/airflow/dags/ocr_pipeline_dag.py
[2025-11-11T20:05:31.917-0500] {logging_mixin.py:188} INFO - [2025-11-11T20:05:31.917-0500] {dag.py:3089} INFO - Sync 1 DAGs
[2025-11-11T20:05:31.933-0500] {logging_mixin.py:188} INFO - [2025-11-11T20:05:31.933-0500] {dag.py:3947} INFO - Setting next_dagrun for ocr_pipeline_dag to None, run_after=None
[2025-11-11T20:05:31.961-0500] {processor.py:183} INFO - Processing /opt/airflow/dags/ocr_pipeline_dag.py took 1.411 seconds
[2025-11-11T20:06:02.285-0500] {processor.py:161} INFO - Started process (PID=7867) to work on /opt/airflow/dags/ocr_pipeline_dag.py
[2025-11-11T20:06:02.287-0500] {processor.py:830} INFO - Processing file /opt/airflow/dags/ocr_pipeline_dag.py for tasks to queue
[2025-11-11T20:06:02.288-0500] {logging_mixin.py:188} INFO - [2025-11-11T20:06:02.288-0500] {dagbag.py:545} INFO - Filling up the DagBag from /opt/airflow/dags/ocr_pipeline_dag.py
[2025-11-11T20:06:02.316-0500] {logging_mixin.py:188} INFO - 📂 Using project root: /opt/project
[2025-11-11T20:06:02.587-0500] {logging_mixin.py:188} INFO - [2025-11-11T20:06:02.587-0500] {credentials.py:1278} INFO - Found credentials in shared credentials file: ~/.aws/credentials
[2025-11-11T20:06:04.089-0500] {processor.py:840} INFO - DAG(s) 'ocr_pipeline_dag' retrieved from /opt/airflow/dags/ocr_pipeline_dag.py
[2025-11-11T20:06:04.155-0500] {logging_mixin.py:188} INFO - [2025-11-11T20:06:04.155-0500] {dag.py:3089} INFO - Sync 1 DAGs
[2025-11-11T20:06:04.185-0500] {logging_mixin.py:188} INFO - [2025-11-11T20:06:04.184-0500] {dag.py:3947} INFO - Setting next_dagrun for ocr_pipeline_dag to None, run_after=None
[2025-11-11T20:06:04.232-0500] {processor.py:183} INFO - Processing /opt/airflow/dags/ocr_pipeline_dag.py took 1.961 seconds
[2025-11-11T20:06:34.653-0500] {processor.py:161} INFO - Started process (PID=7873) to work on /opt/airflow/dags/ocr_pipeline_dag.py
[2025-11-11T20:06:34.658-0500] {processor.py:830} INFO - Processing file /opt/airflow/dags/ocr_pipeline_dag.py for tasks to queue
[2025-11-11T20:06:34.660-0500] {logging_mixin.py:188} INFO - [2025-11-11T20:06:34.660-0500] {dagbag.py:545} INFO - Filling up the DagBag from /opt/airflow/dags/ocr_pipeline_dag.py
[2025-11-11T20:06:34.695-0500] {logging_mixin.py:188} INFO - 📂 Using project root: /opt/project
[2025-11-11T20:06:35.046-0500] {logging_mixin.py:188} INFO - [2025-11-11T20:06:35.045-0500] {credentials.py:1278} INFO - Found credentials in shared credentials file: ~/.aws/credentials
[2025-11-11T20:06:36.853-0500] {processor.py:840} INFO - DAG(s) 'ocr_pipeline_dag' retrieved from /opt/airflow/dags/ocr_pipeline_dag.py
[2025-11-11T20:06:36.939-0500] {logging_mixin.py:188} INFO - [2025-11-11T20:06:36.937-0500] {dag.py:3089} INFO - Sync 1 DAGs
[2025-11-11T20:06:36.980-0500] {logging_mixin.py:188} INFO - [2025-11-11T20:06:36.979-0500] {dag.py:3947} INFO - Setting next_dagrun for ocr_pipeline_dag to None, run_after=None
[2025-11-11T20:06:37.037-0500] {processor.py:183} INFO - Processing /opt/airflow/dags/ocr_pipeline_dag.py took 2.394 seconds
[2025-11-11T20:07:07.425-0500] {processor.py:161} INFO - Started process (PID=7879) to work on /opt/airflow/dags/ocr_pipeline_dag.py
[2025-11-11T20:07:07.427-0500] {processor.py:830} INFO - Processing file /opt/airflow/dags/ocr_pipeline_dag.py for tasks to queue
[2025-11-11T20:07:07.429-0500] {logging_mixin.py:188} INFO - [2025-11-11T20:07:07.428-0500] {dagbag.py:545} INFO - Filling up the DagBag from /opt/airflow/dags/ocr_pipeline_dag.py
[2025-11-11T20:07:07.448-0500] {logging_mixin.py:188} INFO - 📂 Using project root: /opt/project
[2025-11-11T20:07:07.618-0500] {logging_mixin.py:188} INFO - [2025-11-11T20:07:07.618-0500] {credentials.py:1278} INFO - Found credentials in shared credentials file: ~/.aws/credentials
[2025-11-11T20:07:08.691-0500] {processor.py:840} INFO - DAG(s) 'ocr_pipeline_dag' retrieved from /opt/airflow/dags/ocr_pipeline_dag.py
[2025-11-11T20:07:08.732-0500] {logging_mixin.py:188} INFO - [2025-11-11T20:07:08.731-0500] {dag.py:3089} INFO - Sync 1 DAGs
[2025-11-11T20:07:08.749-0500] {logging_mixin.py:188} INFO - [2025-11-11T20:07:08.748-0500] {dag.py:3947} INFO - Setting next_dagrun for ocr_pipeline_dag to None, run_after=None
[2025-11-11T20:07:08.777-0500] {processor.py:183} INFO - Processing /opt/airflow/dags/ocr_pipeline_dag.py took 1.359 seconds
[2025-11-11T20:07:39.181-0500] {processor.py:161} INFO - Started process (PID=7885) to work on /opt/airflow/dags/ocr_pipeline_dag.py
[2025-11-11T20:07:39.188-0500] {processor.py:830} INFO - Processing file /opt/airflow/dags/ocr_pipeline_dag.py for tasks to queue
[2025-11-11T20:07:39.191-0500] {logging_mixin.py:188} INFO - [2025-11-11T20:07:39.190-0500] {dagbag.py:545} INFO - Filling up the DagBag from /opt/airflow/dags/ocr_pipeline_dag.py
[2025-11-11T20:07:39.227-0500] {logging_mixin.py:188} INFO - 📂 Using project root: /opt/project
[2025-11-11T20:07:40.058-0500] {logging_mixin.py:188} INFO - [2025-11-11T20:07:40.057-0500] {credentials.py:1278} INFO - Found credentials in shared credentials file: ~/.aws/credentials
[2025-11-11T20:07:42.520-0500] {processor.py:840} INFO - DAG(s) 'ocr_pipeline_dag' retrieved from /opt/airflow/dags/ocr_pipeline_dag.py
[2025-11-11T20:07:42.577-0500] {logging_mixin.py:188} INFO - [2025-11-11T20:07:42.576-0500] {dag.py:3089} INFO - Sync 1 DAGs
[2025-11-11T20:07:42.607-0500] {logging_mixin.py:188} INFO - [2025-11-11T20:07:42.607-0500] {dag.py:3947} INFO - Setting next_dagrun for ocr_pipeline_dag to None, run_after=None
[2025-11-11T20:07:42.651-0500] {processor.py:183} INFO - Processing /opt/airflow/dags/ocr_pipeline_dag.py took 3.490 seconds
[2025-11-11T20:08:13.193-0500] {processor.py:161} INFO - Started process (PID=7891) to work on /opt/airflow/dags/ocr_pipeline_dag.py
[2025-11-11T20:08:13.196-0500] {processor.py:830} INFO - Processing file /opt/airflow/dags/ocr_pipeline_dag.py for tasks to queue
[2025-11-11T20:08:13.201-0500] {logging_mixin.py:188} INFO - [2025-11-11T20:08:13.200-0500] {dagbag.py:545} INFO - Filling up the DagBag from /opt/airflow/dags/ocr_pipeline_dag.py
[2025-11-11T20:08:13.251-0500] {logging_mixin.py:188} INFO - 📂 Using project root: /opt/project
[2025-11-11T20:08:13.624-0500] {logging_mixin.py:188} INFO - [2025-11-11T20:08:13.624-0500] {credentials.py:1278} INFO - Found credentials in shared credentials file: ~/.aws/credentials
[2025-11-11T20:08:15.630-0500] {processor.py:840} INFO - DAG(s) 'ocr_pipeline_dag' retrieved from /opt/airflow/dags/ocr_pipeline_dag.py
[2025-11-11T20:08:15.756-0500] {logging_mixin.py:188} INFO - [2025-11-11T20:08:15.754-0500] {dag.py:3089} INFO - Sync 1 DAGs
[2025-11-11T20:08:15.808-0500] {logging_mixin.py:188} INFO - [2025-11-11T20:08:15.807-0500] {dag.py:3947} INFO - Setting next_dagrun for ocr_pipeline_dag to None, run_after=None
[2025-11-11T20:08:15.873-0500] {processor.py:183} INFO - Processing /opt/airflow/dags/ocr_pipeline_dag.py took 2.704 seconds
[2025-11-11T20:08:46.326-0500] {processor.py:161} INFO - Started process (PID=7897) to work on /opt/airflow/dags/ocr_pipeline_dag.py
[2025-11-11T20:08:46.328-0500] {processor.py:830} INFO - Processing file /opt/airflow/dags/ocr_pipeline_dag.py for tasks to queue
[2025-11-11T20:08:46.330-0500] {logging_mixin.py:188} INFO - [2025-11-11T20:08:46.329-0500] {dagbag.py:545} INFO - Filling up the DagBag from /opt/airflow/dags/ocr_pipeline_dag.py
[2025-11-11T20:08:46.357-0500] {logging_mixin.py:188} INFO - 📂 Using project root: /opt/project
[2025-11-11T20:08:46.590-0500] {logging_mixin.py:188} INFO - [2025-11-11T20:08:46.590-0500] {credentials.py:1278} INFO - Found credentials in shared credentials file: ~/.aws/credentials
[2025-11-11T20:08:47.632-0500] {processor.py:840} INFO - DAG(s) 'ocr_pipeline_dag' retrieved from /opt/airflow/dags/ocr_pipeline_dag.py
[2025-11-11T20:08:47.666-0500] {logging_mixin.py:188} INFO - [2025-11-11T20:08:47.666-0500] {dag.py:3089} INFO - Sync 1 DAGs
[2025-11-11T20:08:47.681-0500] {logging_mixin.py:188} INFO - [2025-11-11T20:08:47.681-0500] {dag.py:3947} INFO - Setting next_dagrun for ocr_pipeline_dag to None, run_after=None
[2025-11-11T20:08:47.706-0500] {processor.py:183} INFO - Processing /opt/airflow/dags/ocr_pipeline_dag.py took 1.389 seconds
[2025-11-11T20:09:18.050-0500] {processor.py:161} INFO - Started process (PID=7903) to work on /opt/airflow/dags/ocr_pipeline_dag.py
[2025-11-11T20:09:18.051-0500] {processor.py:830} INFO - Processing file /opt/airflow/dags/ocr_pipeline_dag.py for tasks to queue
[2025-11-11T20:09:18.053-0500] {logging_mixin.py:188} INFO - [2025-11-11T20:09:18.053-0500] {dagbag.py:545} INFO - Filling up the DagBag from /opt/airflow/dags/ocr_pipeline_dag.py
[2025-11-11T20:09:18.083-0500] {logging_mixin.py:188} INFO - 📂 Using project root: /opt/project
[2025-11-11T20:09:18.362-0500] {logging_mixin.py:188} INFO - [2025-11-11T20:09:18.361-0500] {credentials.py:1278} INFO - Found credentials in shared credentials file: ~/.aws/credentials
[2025-11-11T20:09:19.444-0500] {processor.py:840} INFO - DAG(s) 'ocr_pipeline_dag' retrieved from /opt/airflow/dags/ocr_pipeline_dag.py
[2025-11-11T20:09:19.490-0500] {logging_mixin.py:188} INFO - [2025-11-11T20:09:19.489-0500] {dag.py:3089} INFO - Sync 1 DAGs
[2025-11-11T20:09:19.510-0500] {logging_mixin.py:188} INFO - [2025-11-11T20:09:19.509-0500] {dag.py:3947} INFO - Setting next_dagrun for ocr_pipeline_dag to None, run_after=None
[2025-11-11T20:09:19.548-0500] {processor.py:183} INFO - Processing /opt/airflow/dags/ocr_pipeline_dag.py took 1.509 seconds
[2025-11-11T20:09:49.944-0500] {processor.py:161} INFO - Started process (PID=7909) to work on /opt/airflow/dags/ocr_pipeline_dag.py
[2025-11-11T20:09:49.945-0500] {processor.py:830} INFO - Processing file /opt/airflow/dags/ocr_pipeline_dag.py for tasks to queue
[2025-11-11T20:09:49.947-0500] {logging_mixin.py:188} INFO - [2025-11-11T20:09:49.946-0500] {dagbag.py:545} INFO - Filling up the DagBag from /opt/airflow/dags/ocr_pipeline_dag.py
[2025-11-11T20:09:49.966-0500] {logging_mixin.py:188} INFO - 📂 Using project root: /opt/project
[2025-11-11T20:09:50.165-0500] {logging_mixin.py:188} INFO - [2025-11-11T20:09:50.165-0500] {credentials.py:1278} INFO - Found credentials in shared credentials file: ~/.aws/credentials
[2025-11-11T20:09:51.644-0500] {processor.py:840} INFO - DAG(s) 'ocr_pipeline_dag' retrieved from /opt/airflow/dags/ocr_pipeline_dag.py
[2025-11-11T20:09:51.689-0500] {logging_mixin.py:188} INFO - [2025-11-11T20:09:51.688-0500] {dag.py:3089} INFO - Sync 1 DAGs
[2025-11-11T20:09:51.708-0500] {logging_mixin.py:188} INFO - [2025-11-11T20:09:51.708-0500] {dag.py:3947} INFO - Setting next_dagrun for ocr_pipeline_dag to None, run_after=None
[2025-11-11T20:09:51.749-0500] {processor.py:183} INFO - Processing /opt/airflow/dags/ocr_pipeline_dag.py took 1.812 seconds
[2025-11-11T20:10:22.058-0500] {processor.py:161} INFO - Started process (PID=7915) to work on /opt/airflow/dags/ocr_pipeline_dag.py
[2025-11-11T20:10:22.059-0500] {processor.py:830} INFO - Processing file /opt/airflow/dags/ocr_pipeline_dag.py for tasks to queue
[2025-11-11T20:10:22.060-0500] {logging_mixin.py:188} INFO - [2025-11-11T20:10:22.060-0500] {dagbag.py:545} INFO - Filling up the DagBag from /opt/airflow/dags/ocr_pipeline_dag.py
[2025-11-11T20:10:22.075-0500] {logging_mixin.py:188} INFO - 📂 Using project root: /opt/project
[2025-11-11T20:10:22.260-0500] {logging_mixin.py:188} INFO - [2025-11-11T20:10:22.259-0500] {credentials.py:1278} INFO - Found credentials in shared credentials file: ~/.aws/credentials
[2025-11-11T20:10:22.978-0500] {processor.py:840} INFO - DAG(s) 'ocr_pipeline_dag' retrieved from /opt/airflow/dags/ocr_pipeline_dag.py
[2025-11-11T20:10:23.014-0500] {logging_mixin.py:188} INFO - [2025-11-11T20:10:23.014-0500] {dag.py:3089} INFO - Sync 1 DAGs
[2025-11-11T20:10:23.029-0500] {logging_mixin.py:188} INFO - [2025-11-11T20:10:23.029-0500] {dag.py:3947} INFO - Setting next_dagrun for ocr_pipeline_dag to None, run_after=None
[2025-11-11T20:10:23.053-0500] {processor.py:183} INFO - Processing /opt/airflow/dags/ocr_pipeline_dag.py took 1.002 seconds
[2025-11-11T20:10:53.364-0500] {processor.py:161} INFO - Started process (PID=7921) to work on /opt/airflow/dags/ocr_pipeline_dag.py
[2025-11-11T20:10:53.365-0500] {processor.py:830} INFO - Processing file /opt/airflow/dags/ocr_pipeline_dag.py for tasks to queue
[2025-11-11T20:10:53.366-0500] {logging_mixin.py:188} INFO - [2025-11-11T20:10:53.366-0500] {dagbag.py:545} INFO - Filling up the DagBag from /opt/airflow/dags/ocr_pipeline_dag.py
[2025-11-11T20:10:53.389-0500] {logging_mixin.py:188} INFO - 📂 Using project root: /opt/project
[2025-11-11T20:10:53.573-0500] {logging_mixin.py:188} INFO - [2025-11-11T20:10:53.573-0500] {credentials.py:1278} INFO - Found credentials in shared credentials file: ~/.aws/credentials
[2025-11-11T20:10:54.232-0500] {processor.py:840} INFO - DAG(s) 'ocr_pipeline_dag' retrieved from /opt/airflow/dags/ocr_pipeline_dag.py
[2025-11-11T20:10:54.257-0500] {logging_mixin.py:188} INFO - [2025-11-11T20:10:54.257-0500] {dag.py:3089} INFO - Sync 1 DAGs
[2025-11-11T20:10:54.269-0500] {logging_mixin.py:188} INFO - [2025-11-11T20:10:54.268-0500] {dag.py:3947} INFO - Setting next_dagrun for ocr_pipeline_dag to None, run_after=None
[2025-11-11T20:10:54.299-0500] {processor.py:183} INFO - Processing /opt/airflow/dags/ocr_pipeline_dag.py took 0.943 seconds
[2025-11-11T20:11:24.611-0500] {processor.py:161} INFO - Started process (PID=7927) to work on /opt/airflow/dags/ocr_pipeline_dag.py
[2025-11-11T20:11:24.612-0500] {processor.py:830} INFO - Processing file /opt/airflow/dags/ocr_pipeline_dag.py for tasks to queue
[2025-11-11T20:11:24.614-0500] {logging_mixin.py:188} INFO - [2025-11-11T20:11:24.613-0500] {dagbag.py:545} INFO - Filling up the DagBag from /opt/airflow/dags/ocr_pipeline_dag.py
[2025-11-11T20:11:24.635-0500] {logging_mixin.py:188} INFO - 📂 Using project root: /opt/project
[2025-11-11T20:11:24.811-0500] {logging_mixin.py:188} INFO - [2025-11-11T20:11:24.810-0500] {credentials.py:1278} INFO - Found credentials in shared credentials file: ~/.aws/credentials
[2025-11-11T20:11:25.550-0500] {processor.py:840} INFO - DAG(s) 'ocr_pipeline_dag' retrieved from /opt/airflow/dags/ocr_pipeline_dag.py
[2025-11-11T20:11:25.583-0500] {logging_mixin.py:188} INFO - [2025-11-11T20:11:25.583-0500] {dag.py:3089} INFO - Sync 1 DAGs
[2025-11-11T20:11:25.597-0500] {logging_mixin.py:188} INFO - [2025-11-11T20:11:25.597-0500] {dag.py:3947} INFO - Setting next_dagrun for ocr_pipeline_dag to None, run_after=None
[2025-11-11T20:11:25.621-0500] {processor.py:183} INFO - Processing /opt/airflow/dags/ocr_pipeline_dag.py took 1.017 seconds
[2025-11-11T20:11:55.879-0500] {processor.py:161} INFO - Started process (PID=7933) to work on /opt/airflow/dags/ocr_pipeline_dag.py
[2025-11-11T20:11:55.886-0500] {processor.py:830} INFO - Processing file /opt/airflow/dags/ocr_pipeline_dag.py for tasks to queue
[2025-11-11T20:11:55.889-0500] {logging_mixin.py:188} INFO - [2025-11-11T20:11:55.888-0500] {dagbag.py:545} INFO - Filling up the DagBag from /opt/airflow/dags/ocr_pipeline_dag.py
[2025-11-11T20:11:55.913-0500] {logging_mixin.py:188} INFO - 📂 Using project root: /opt/project
[2025-11-11T20:11:56.114-0500] {logging_mixin.py:188} INFO - [2025-11-11T20:11:56.114-0500] {credentials.py:1278} INFO - Found credentials in shared credentials file: ~/.aws/credentials
[2025-11-11T20:11:56.787-0500] {processor.py:840} INFO - DAG(s) 'ocr_pipeline_dag' retrieved from /opt/airflow/dags/ocr_pipeline_dag.py
[2025-11-11T20:11:56.823-0500] {logging_mixin.py:188} INFO - [2025-11-11T20:11:56.822-0500] {dag.py:3089} INFO - Sync 1 DAGs
[2025-11-11T20:11:56.835-0500] {logging_mixin.py:188} INFO - [2025-11-11T20:11:56.835-0500] {dag.py:3947} INFO - Setting next_dagrun for ocr_pipeline_dag to None, run_after=None
[2025-11-11T20:11:56.856-0500] {processor.py:183} INFO - Processing /opt/airflow/dags/ocr_pipeline_dag.py took 0.991 seconds
[2025-11-11T20:12:27.245-0500] {processor.py:161} INFO - Started process (PID=7939) to work on /opt/airflow/dags/ocr_pipeline_dag.py
[2025-11-11T20:12:27.247-0500] {processor.py:830} INFO - Processing file /opt/airflow/dags/ocr_pipeline_dag.py for tasks to queue
[2025-11-11T20:12:27.248-0500] {logging_mixin.py:188} INFO - [2025-11-11T20:12:27.248-0500] {dagbag.py:545} INFO - Filling up the DagBag from /opt/airflow/dags/ocr_pipeline_dag.py
[2025-11-11T20:12:27.271-0500] {logging_mixin.py:188} INFO - 📂 Using project root: /opt/project
[2025-11-11T20:12:27.453-0500] {logging_mixin.py:188} INFO - [2025-11-11T20:12:27.453-0500] {credentials.py:1278} INFO - Found credentials in shared credentials file: ~/.aws/credentials
[2025-11-11T20:12:28.186-0500] {processor.py:840} INFO - DAG(s) 'ocr_pipeline_dag' retrieved from /opt/airflow/dags/ocr_pipeline_dag.py
[2025-11-11T20:12:28.220-0500] {logging_mixin.py:188} INFO - [2025-11-11T20:12:28.219-0500] {dag.py:3089} INFO - Sync 1 DAGs
[2025-11-11T20:12:28.232-0500] {logging_mixin.py:188} INFO - [2025-11-11T20:12:28.232-0500] {dag.py:3947} INFO - Setting next_dagrun for ocr_pipeline_dag to None, run_after=None
[2025-11-11T20:12:28.253-0500] {processor.py:183} INFO - Processing /opt/airflow/dags/ocr_pipeline_dag.py took 1.015 seconds
[2025-11-11T20:12:58.538-0500] {processor.py:161} INFO - Started process (PID=7945) to work on /opt/airflow/dags/ocr_pipeline_dag.py
[2025-11-11T20:12:58.540-0500] {processor.py:830} INFO - Processing file /opt/airflow/dags/ocr_pipeline_dag.py for tasks to queue
[2025-11-11T20:12:58.541-0500] {logging_mixin.py:188} INFO - [2025-11-11T20:12:58.541-0500] {dagbag.py:545} INFO - Filling up the DagBag from /opt/airflow/dags/ocr_pipeline_dag.py
[2025-11-11T20:12:58.564-0500] {logging_mixin.py:188} INFO - 📂 Using project root: /opt/project
[2025-11-11T20:12:58.757-0500] {logging_mixin.py:188} INFO - [2025-11-11T20:12:58.756-0500] {credentials.py:1278} INFO - Found credentials in shared credentials file: ~/.aws/credentials
[2025-11-11T20:12:59.461-0500] {processor.py:840} INFO - DAG(s) 'ocr_pipeline_dag' retrieved from /opt/airflow/dags/ocr_pipeline_dag.py
[2025-11-11T20:12:59.508-0500] {logging_mixin.py:188} INFO - [2025-11-11T20:12:59.507-0500] {dag.py:3089} INFO - Sync 1 DAGs
[2025-11-11T20:12:59.522-0500] {logging_mixin.py:188} INFO - [2025-11-11T20:12:59.522-0500] {dag.py:3947} INFO - Setting next_dagrun for ocr_pipeline_dag to None, run_after=None
[2025-11-11T20:12:59.764-0500] {processor.py:183} INFO - Processing /opt/airflow/dags/ocr_pipeline_dag.py took 1.234 seconds
[2025-11-11T20:13:30.451-0500] {processor.py:161} INFO - Started process (PID=7951) to work on /opt/airflow/dags/ocr_pipeline_dag.py
[2025-11-11T20:13:30.453-0500] {processor.py:830} INFO - Processing file /opt/airflow/dags/ocr_pipeline_dag.py for tasks to queue
[2025-11-11T20:13:30.454-0500] {logging_mixin.py:188} INFO - [2025-11-11T20:13:30.454-0500] {dagbag.py:545} INFO - Filling up the DagBag from /opt/airflow/dags/ocr_pipeline_dag.py
[2025-11-11T20:13:30.471-0500] {logging_mixin.py:188} INFO - 📂 Using project root: /opt/project
[2025-11-11T20:13:30.656-0500] {logging_mixin.py:188} INFO - [2025-11-11T20:13:30.656-0500] {credentials.py:1278} INFO - Found credentials in shared credentials file: ~/.aws/credentials
[2025-11-11T20:13:31.392-0500] {processor.py:840} INFO - DAG(s) 'ocr_pipeline_dag' retrieved from /opt/airflow/dags/ocr_pipeline_dag.py
[2025-11-11T20:13:31.425-0500] {logging_mixin.py:188} INFO - [2025-11-11T20:13:31.425-0500] {dag.py:3089} INFO - Sync 1 DAGs
[2025-11-11T20:13:31.441-0500] {logging_mixin.py:188} INFO - [2025-11-11T20:13:31.440-0500] {dag.py:3947} INFO - Setting next_dagrun for ocr_pipeline_dag to None, run_after=None
[2025-11-11T20:13:31.464-0500] {processor.py:183} INFO - Processing /opt/airflow/dags/ocr_pipeline_dag.py took 1.019 seconds
[2025-11-11T20:14:01.725-0500] {processor.py:161} INFO - Started process (PID=7957) to work on /opt/airflow/dags/ocr_pipeline_dag.py
[2025-11-11T20:14:01.726-0500] {processor.py:830} INFO - Processing file /opt/airflow/dags/ocr_pipeline_dag.py for tasks to queue
[2025-11-11T20:14:01.727-0500] {logging_mixin.py:188} INFO - [2025-11-11T20:14:01.727-0500] {dagbag.py:545} INFO - Filling up the DagBag from /opt/airflow/dags/ocr_pipeline_dag.py
[2025-11-11T20:14:01.747-0500] {logging_mixin.py:188} INFO - 📂 Using project root: /opt/project
[2025-11-11T20:14:01.921-0500] {logging_mixin.py:188} INFO - [2025-11-11T20:14:01.920-0500] {credentials.py:1278} INFO - Found credentials in shared credentials file: ~/.aws/credentials
[2025-11-11T20:14:02.588-0500] {processor.py:840} INFO - DAG(s) 'ocr_pipeline_dag' retrieved from /opt/airflow/dags/ocr_pipeline_dag.py
[2025-11-11T20:14:02.617-0500] {logging_mixin.py:188} INFO - [2025-11-11T20:14:02.617-0500] {dag.py:3089} INFO - Sync 1 DAGs
[2025-11-11T20:14:02.631-0500] {logging_mixin.py:188} INFO - [2025-11-11T20:14:02.631-0500] {dag.py:3947} INFO - Setting next_dagrun for ocr_pipeline_dag to None, run_after=None
[2025-11-11T20:14:02.654-0500] {processor.py:183} INFO - Processing /opt/airflow/dags/ocr_pipeline_dag.py took 0.935 seconds
[2025-11-11T20:14:32.969-0500] {processor.py:161} INFO - Started process (PID=7963) to work on /opt/airflow/dags/ocr_pipeline_dag.py
[2025-11-11T20:14:32.970-0500] {processor.py:830} INFO - Processing file /opt/airflow/dags/ocr_pipeline_dag.py for tasks to queue
[2025-11-11T20:14:32.972-0500] {logging_mixin.py:188} INFO - [2025-11-11T20:14:32.971-0500] {dagbag.py:545} INFO - Filling up the DagBag from /opt/airflow/dags/ocr_pipeline_dag.py
[2025-11-11T20:14:32.989-0500] {logging_mixin.py:188} INFO - 📂 Using project root: /opt/project
[2025-11-11T20:14:33.160-0500] {logging_mixin.py:188} INFO - [2025-11-11T20:14:33.160-0500] {credentials.py:1278} INFO - Found credentials in shared credentials file: ~/.aws/credentials
[2025-11-11T20:14:33.818-0500] {processor.py:840} INFO - DAG(s) 'ocr_pipeline_dag' retrieved from /opt/airflow/dags/ocr_pipeline_dag.py
[2025-11-11T20:14:33.849-0500] {logging_mixin.py:188} INFO - [2025-11-11T20:14:33.848-0500] {dag.py:3089} INFO - Sync 1 DAGs
[2025-11-11T20:14:33.861-0500] {logging_mixin.py:188} INFO - [2025-11-11T20:14:33.861-0500] {dag.py:3947} INFO - Setting next_dagrun for ocr_pipeline_dag to None, run_after=None
[2025-11-11T20:14:33.883-0500] {processor.py:183} INFO - Processing /opt/airflow/dags/ocr_pipeline_dag.py took 0.920 seconds
[2025-11-11T20:15:04.219-0500] {processor.py:161} INFO - Started process (PID=7969) to work on /opt/airflow/dags/ocr_pipeline_dag.py
[2025-11-11T20:15:04.220-0500] {processor.py:830} INFO - Processing file /opt/airflow/dags/ocr_pipeline_dag.py for tasks to queue
[2025-11-11T20:15:04.221-0500] {logging_mixin.py:188} INFO - [2025-11-11T20:15:04.221-0500] {dagbag.py:545} INFO - Filling up the DagBag from /opt/airflow/dags/ocr_pipeline_dag.py
[2025-11-11T20:15:04.242-0500] {logging_mixin.py:188} INFO - 📂 Using project root: /opt/project
[2025-11-11T20:15:04.413-0500] {logging_mixin.py:188} INFO - [2025-11-11T20:15:04.413-0500] {credentials.py:1278} INFO - Found credentials in shared credentials file: ~/.aws/credentials
[2025-11-11T20:15:05.112-0500] {processor.py:840} INFO - DAG(s) 'ocr_pipeline_dag' retrieved from /opt/airflow/dags/ocr_pipeline_dag.py
[2025-11-11T20:15:05.150-0500] {logging_mixin.py:188} INFO - [2025-11-11T20:15:05.149-0500] {dag.py:3089} INFO - Sync 1 DAGs
[2025-11-11T20:15:05.165-0500] {logging_mixin.py:188} INFO - [2025-11-11T20:15:05.165-0500] {dag.py:3947} INFO - Setting next_dagrun for ocr_pipeline_dag to None, run_after=None
[2025-11-11T20:15:05.193-0500] {processor.py:183} INFO - Processing /opt/airflow/dags/ocr_pipeline_dag.py took 0.980 seconds
[2025-11-11T20:15:35.474-0500] {processor.py:161} INFO - Started process (PID=7975) to work on /opt/airflow/dags/ocr_pipeline_dag.py
[2025-11-11T20:15:35.475-0500] {processor.py:830} INFO - Processing file /opt/airflow/dags/ocr_pipeline_dag.py for tasks to queue
[2025-11-11T20:15:35.477-0500] {logging_mixin.py:188} INFO - [2025-11-11T20:15:35.476-0500] {dagbag.py:545} INFO - Filling up the DagBag from /opt/airflow/dags/ocr_pipeline_dag.py
[2025-11-11T20:15:35.496-0500] {logging_mixin.py:188} INFO - 📂 Using project root: /opt/project
[2025-11-11T20:15:35.669-0500] {logging_mixin.py:188} INFO - [2025-11-11T20:15:35.669-0500] {credentials.py:1278} INFO - Found credentials in shared credentials file: ~/.aws/credentials
[2025-11-11T20:15:36.378-0500] {processor.py:840} INFO - DAG(s) 'ocr_pipeline_dag' retrieved from /opt/airflow/dags/ocr_pipeline_dag.py
[2025-11-11T20:15:36.407-0500] {logging_mixin.py:188} INFO - [2025-11-11T20:15:36.407-0500] {dag.py:3089} INFO - Sync 1 DAGs
[2025-11-11T20:15:36.420-0500] {logging_mixin.py:188} INFO - [2025-11-11T20:15:36.420-0500] {dag.py:3947} INFO - Setting next_dagrun for ocr_pipeline_dag to None, run_after=None
[2025-11-11T20:15:36.444-0500] {processor.py:183} INFO - Processing /opt/airflow/dags/ocr_pipeline_dag.py took 0.977 seconds
[2025-11-11T20:16:06.791-0500] {processor.py:161} INFO - Started process (PID=7981) to work on /opt/airflow/dags/ocr_pipeline_dag.py
[2025-11-11T20:16:06.793-0500] {processor.py:830} INFO - Processing file /opt/airflow/dags/ocr_pipeline_dag.py for tasks to queue
[2025-11-11T20:16:06.794-0500] {logging_mixin.py:188} INFO - [2025-11-11T20:16:06.794-0500] {dagbag.py:545} INFO - Filling up the DagBag from /opt/airflow/dags/ocr_pipeline_dag.py
[2025-11-11T20:16:06.815-0500] {logging_mixin.py:188} INFO - 📂 Using project root: /opt/project
[2025-11-11T20:16:06.988-0500] {logging_mixin.py:188} INFO - [2025-11-11T20:16:06.988-0500] {credentials.py:1278} INFO - Found credentials in shared credentials file: ~/.aws/credentials
[2025-11-11T20:16:07.651-0500] {processor.py:840} INFO - DAG(s) 'ocr_pipeline_dag' retrieved from /opt/airflow/dags/ocr_pipeline_dag.py
[2025-11-11T20:16:07.680-0500] {logging_mixin.py:188} INFO - [2025-11-11T20:16:07.680-0500] {dag.py:3089} INFO - Sync 1 DAGs
[2025-11-11T20:16:07.693-0500] {logging_mixin.py:188} INFO - [2025-11-11T20:16:07.692-0500] {dag.py:3947} INFO - Setting next_dagrun for ocr_pipeline_dag to None, run_after=None
[2025-11-11T20:16:07.715-0500] {processor.py:183} INFO - Processing /opt/airflow/dags/ocr_pipeline_dag.py took 0.930 seconds
[2025-11-11T20:16:38.038-0500] {processor.py:161} INFO - Started process (PID=7987) to work on /opt/airflow/dags/ocr_pipeline_dag.py
[2025-11-11T20:16:38.040-0500] {processor.py:830} INFO - Processing file /opt/airflow/dags/ocr_pipeline_dag.py for tasks to queue
[2025-11-11T20:16:38.041-0500] {logging_mixin.py:188} INFO - [2025-11-11T20:16:38.040-0500] {dagbag.py:545} INFO - Filling up the DagBag from /opt/airflow/dags/ocr_pipeline_dag.py
[2025-11-11T20:16:38.061-0500] {logging_mixin.py:188} INFO - 📂 Using project root: /opt/project
[2025-11-11T20:16:38.226-0500] {logging_mixin.py:188} INFO - [2025-11-11T20:16:38.226-0500] {credentials.py:1278} INFO - Found credentials in shared credentials file: ~/.aws/credentials
[2025-11-11T20:16:38.907-0500] {processor.py:840} INFO - DAG(s) 'ocr_pipeline_dag' retrieved from /opt/airflow/dags/ocr_pipeline_dag.py
[2025-11-11T20:16:38.937-0500] {logging_mixin.py:188} INFO - [2025-11-11T20:16:38.937-0500] {dag.py:3089} INFO - Sync 1 DAGs
[2025-11-11T20:16:38.951-0500] {logging_mixin.py:188} INFO - [2025-11-11T20:16:38.951-0500] {dag.py:3947} INFO - Setting next_dagrun for ocr_pipeline_dag to None, run_after=None
[2025-11-11T20:16:38.973-0500] {processor.py:183} INFO - Processing /opt/airflow/dags/ocr_pipeline_dag.py took 0.941 seconds
[2025-11-11T20:17:09.253-0500] {processor.py:161} INFO - Started process (PID=7993) to work on /opt/airflow/dags/ocr_pipeline_dag.py
[2025-11-11T20:17:09.254-0500] {processor.py:830} INFO - Processing file /opt/airflow/dags/ocr_pipeline_dag.py for tasks to queue
[2025-11-11T20:17:09.256-0500] {logging_mixin.py:188} INFO - [2025-11-11T20:17:09.255-0500] {dagbag.py:545} INFO - Filling up the DagBag from /opt/airflow/dags/ocr_pipeline_dag.py
[2025-11-11T20:17:09.277-0500] {logging_mixin.py:188} INFO - 📂 Using project root: /opt/project
[2025-11-11T20:17:09.464-0500] {logging_mixin.py:188} INFO - [2025-11-11T20:17:09.464-0500] {credentials.py:1278} INFO - Found credentials in shared credentials file: ~/.aws/credentials
[2025-11-11T20:17:10.138-0500] {processor.py:840} INFO - DAG(s) 'ocr_pipeline_dag' retrieved from /opt/airflow/dags/ocr_pipeline_dag.py
[2025-11-11T20:17:10.169-0500] {logging_mixin.py:188} INFO - [2025-11-11T20:17:10.168-0500] {dag.py:3089} INFO - Sync 1 DAGs
[2025-11-11T20:17:10.181-0500] {logging_mixin.py:188} INFO - [2025-11-11T20:17:10.180-0500] {dag.py:3947} INFO - Setting next_dagrun for ocr_pipeline_dag to None, run_after=None
[2025-11-11T20:17:10.203-0500] {processor.py:183} INFO - Processing /opt/airflow/dags/ocr_pipeline_dag.py took 0.956 seconds
[2025-11-11T20:17:40.487-0500] {processor.py:161} INFO - Started process (PID=7999) to work on /opt/airflow/dags/ocr_pipeline_dag.py
[2025-11-11T20:17:40.489-0500] {processor.py:830} INFO - Processing file /opt/airflow/dags/ocr_pipeline_dag.py for tasks to queue
[2025-11-11T20:17:40.490-0500] {logging_mixin.py:188} INFO - [2025-11-11T20:17:40.489-0500] {dagbag.py:545} INFO - Filling up the DagBag from /opt/airflow/dags/ocr_pipeline_dag.py
[2025-11-11T20:17:40.514-0500] {logging_mixin.py:188} INFO - 📂 Using project root: /opt/project
[2025-11-11T20:17:40.706-0500] {logging_mixin.py:188} INFO - [2025-11-11T20:17:40.706-0500] {credentials.py:1278} INFO - Found credentials in shared credentials file: ~/.aws/credentials
[2025-11-11T20:17:41.426-0500] {processor.py:840} INFO - DAG(s) 'ocr_pipeline_dag' retrieved from /opt/airflow/dags/ocr_pipeline_dag.py
[2025-11-11T20:17:41.464-0500] {logging_mixin.py:188} INFO - [2025-11-11T20:17:41.463-0500] {dag.py:3089} INFO - Sync 1 DAGs
[2025-11-11T20:17:41.480-0500] {logging_mixin.py:188} INFO - [2025-11-11T20:17:41.479-0500] {dag.py:3947} INFO - Setting next_dagrun for ocr_pipeline_dag to None, run_after=None
[2025-11-11T20:17:41.503-0500] {processor.py:183} INFO - Processing /opt/airflow/dags/ocr_pipeline_dag.py took 1.025 seconds
[2025-11-11T20:18:11.735-0500] {processor.py:161} INFO - Started process (PID=8005) to work on /opt/airflow/dags/ocr_pipeline_dag.py
[2025-11-11T20:18:11.737-0500] {processor.py:830} INFO - Processing file /opt/airflow/dags/ocr_pipeline_dag.py for tasks to queue
[2025-11-11T20:18:11.738-0500] {logging_mixin.py:188} INFO - [2025-11-11T20:18:11.738-0500] {dagbag.py:545} INFO - Filling up the DagBag from /opt/airflow/dags/ocr_pipeline_dag.py
[2025-11-11T20:18:11.759-0500] {logging_mixin.py:188} INFO - 📂 Using project root: /opt/project
[2025-11-11T20:18:11.937-0500] {logging_mixin.py:188} INFO - [2025-11-11T20:18:11.936-0500] {credentials.py:1278} INFO - Found credentials in shared credentials file: ~/.aws/credentials
[2025-11-11T20:18:12.612-0500] {processor.py:840} INFO - DAG(s) 'ocr_pipeline_dag' retrieved from /opt/airflow/dags/ocr_pipeline_dag.py
[2025-11-11T20:18:12.643-0500] {logging_mixin.py:188} INFO - [2025-11-11T20:18:12.643-0500] {dag.py:3089} INFO - Sync 1 DAGs
[2025-11-11T20:18:12.655-0500] {logging_mixin.py:188} INFO - [2025-11-11T20:18:12.655-0500] {dag.py:3947} INFO - Setting next_dagrun for ocr_pipeline_dag to None, run_after=None
[2025-11-11T20:18:12.677-0500] {processor.py:183} INFO - Processing /opt/airflow/dags/ocr_pipeline_dag.py took 0.949 seconds
[2025-11-11T20:18:42.970-0500] {processor.py:161} INFO - Started process (PID=8011) to work on /opt/airflow/dags/ocr_pipeline_dag.py
[2025-11-11T20:18:42.971-0500] {processor.py:830} INFO - Processing file /opt/airflow/dags/ocr_pipeline_dag.py for tasks to queue
[2025-11-11T20:18:42.972-0500] {logging_mixin.py:188} INFO - [2025-11-11T20:18:42.972-0500] {dagbag.py:545} INFO - Filling up the DagBag from /opt/airflow/dags/ocr_pipeline_dag.py
[2025-11-11T20:18:42.992-0500] {logging_mixin.py:188} INFO - 📂 Using project root: /opt/project
[2025-11-11T20:18:43.174-0500] {logging_mixin.py:188} INFO - [2025-11-11T20:18:43.173-0500] {credentials.py:1278} INFO - Found credentials in shared credentials file: ~/.aws/credentials
[2025-11-11T20:18:43.974-0500] {processor.py:840} INFO - DAG(s) 'ocr_pipeline_dag' retrieved from /opt/airflow/dags/ocr_pipeline_dag.py
[2025-11-11T20:18:44.006-0500] {logging_mixin.py:188} INFO - [2025-11-11T20:18:44.006-0500] {dag.py:3089} INFO - Sync 1 DAGs
[2025-11-11T20:18:44.019-0500] {logging_mixin.py:188} INFO - [2025-11-11T20:18:44.018-0500] {dag.py:3947} INFO - Setting next_dagrun for ocr_pipeline_dag to None, run_after=None
[2025-11-11T20:18:44.040-0500] {processor.py:183} INFO - Processing /opt/airflow/dags/ocr_pipeline_dag.py took 1.077 seconds
[2025-11-11T20:19:14.233-0500] {processor.py:161} INFO - Started process (PID=8017) to work on /opt/airflow/dags/ocr_pipeline_dag.py
[2025-11-11T20:19:14.234-0500] {processor.py:830} INFO - Processing file /opt/airflow/dags/ocr_pipeline_dag.py for tasks to queue
[2025-11-11T20:19:14.235-0500] {logging_mixin.py:188} INFO - [2025-11-11T20:19:14.235-0500] {dagbag.py:545} INFO - Filling up the DagBag from /opt/airflow/dags/ocr_pipeline_dag.py
[2025-11-11T20:19:14.258-0500] {logging_mixin.py:188} INFO - 📂 Using project root: /opt/project
[2025-11-11T20:19:14.437-0500] {logging_mixin.py:188} INFO - [2025-11-11T20:19:14.436-0500] {credentials.py:1278} INFO - Found credentials in shared credentials file: ~/.aws/credentials
[2025-11-11T20:19:15.151-0500] {processor.py:840} INFO - DAG(s) 'ocr_pipeline_dag' retrieved from /opt/airflow/dags/ocr_pipeline_dag.py
[2025-11-11T20:19:15.181-0500] {logging_mixin.py:188} INFO - [2025-11-11T20:19:15.181-0500] {dag.py:3089} INFO - Sync 1 DAGs
[2025-11-11T20:19:15.197-0500] {logging_mixin.py:188} INFO - [2025-11-11T20:19:15.197-0500] {dag.py:3947} INFO - Setting next_dagrun for ocr_pipeline_dag to None, run_after=None
[2025-11-11T20:19:15.230-0500] {processor.py:183} INFO - Processing /opt/airflow/dags/ocr_pipeline_dag.py took 1.005 seconds
[2025-11-11T20:19:45.453-0500] {processor.py:161} INFO - Started process (PID=8023) to work on /opt/airflow/dags/ocr_pipeline_dag.py
[2025-11-11T20:19:45.454-0500] {processor.py:830} INFO - Processing file /opt/airflow/dags/ocr_pipeline_dag.py for tasks to queue
[2025-11-11T20:19:45.455-0500] {logging_mixin.py:188} INFO - [2025-11-11T20:19:45.455-0500] {dagbag.py:545} INFO - Filling up the DagBag from /opt/airflow/dags/ocr_pipeline_dag.py
[2025-11-11T20:19:45.477-0500] {logging_mixin.py:188} INFO - 📂 Using project root: /opt/project
[2025-11-11T20:19:45.662-0500] {logging_mixin.py:188} INFO - [2025-11-11T20:19:45.661-0500] {credentials.py:1278} INFO - Found credentials in shared credentials file: ~/.aws/credentials
[2025-11-11T20:19:46.354-0500] {processor.py:840} INFO - DAG(s) 'ocr_pipeline_dag' retrieved from /opt/airflow/dags/ocr_pipeline_dag.py
[2025-11-11T20:19:46.392-0500] {logging_mixin.py:188} INFO - [2025-11-11T20:19:46.391-0500] {dag.py:3089} INFO - Sync 1 DAGs
[2025-11-11T20:19:46.411-0500] {logging_mixin.py:188} INFO - [2025-11-11T20:19:46.411-0500] {dag.py:3947} INFO - Setting next_dagrun for ocr_pipeline_dag to None, run_after=None
[2025-11-11T20:19:46.443-0500] {processor.py:183} INFO - Processing /opt/airflow/dags/ocr_pipeline_dag.py took 0.997 seconds
[2025-11-11T20:20:16.741-0500] {processor.py:161} INFO - Started process (PID=8029) to work on /opt/airflow/dags/ocr_pipeline_dag.py
[2025-11-11T20:20:16.743-0500] {processor.py:830} INFO - Processing file /opt/airflow/dags/ocr_pipeline_dag.py for tasks to queue
[2025-11-11T20:20:16.744-0500] {logging_mixin.py:188} INFO - [2025-11-11T20:20:16.744-0500] {dagbag.py:545} INFO - Filling up the DagBag from /opt/airflow/dags/ocr_pipeline_dag.py
[2025-11-11T20:20:16.766-0500] {logging_mixin.py:188} INFO - 📂 Using project root: /opt/project
[2025-11-11T20:20:16.939-0500] {logging_mixin.py:188} INFO - [2025-11-11T20:20:16.939-0500] {credentials.py:1278} INFO - Found credentials in shared credentials file: ~/.aws/credentials
[2025-11-11T20:20:17.594-0500] {processor.py:840} INFO - DAG(s) 'ocr_pipeline_dag' retrieved from /opt/airflow/dags/ocr_pipeline_dag.py
[2025-11-11T20:20:17.631-0500] {logging_mixin.py:188} INFO - [2025-11-11T20:20:17.631-0500] {dag.py:3089} INFO - Sync 1 DAGs
[2025-11-11T20:20:17.643-0500] {logging_mixin.py:188} INFO - [2025-11-11T20:20:17.643-0500] {dag.py:3947} INFO - Setting next_dagrun for ocr_pipeline_dag to None, run_after=None
[2025-11-11T20:20:17.668-0500] {processor.py:183} INFO - Processing /opt/airflow/dags/ocr_pipeline_dag.py took 0.933 seconds
[2025-11-11T20:20:48.028-0500] {processor.py:161} INFO - Started process (PID=8035) to work on /opt/airflow/dags/ocr_pipeline_dag.py
[2025-11-11T20:20:48.030-0500] {processor.py:830} INFO - Processing file /opt/airflow/dags/ocr_pipeline_dag.py for tasks to queue
[2025-11-11T20:20:48.031-0500] {logging_mixin.py:188} INFO - [2025-11-11T20:20:48.031-0500] {dagbag.py:545} INFO - Filling up the DagBag from /opt/airflow/dags/ocr_pipeline_dag.py
[2025-11-11T20:20:48.050-0500] {logging_mixin.py:188} INFO - 📂 Using project root: /opt/project
[2025-11-11T20:20:48.227-0500] {logging_mixin.py:188} INFO - [2025-11-11T20:20:48.227-0500] {credentials.py:1278} INFO - Found credentials in shared credentials file: ~/.aws/credentials
[2025-11-11T20:20:48.912-0500] {processor.py:840} INFO - DAG(s) 'ocr_pipeline_dag' retrieved from /opt/airflow/dags/ocr_pipeline_dag.py
[2025-11-11T20:20:48.947-0500] {logging_mixin.py:188} INFO - [2025-11-11T20:20:48.946-0500] {dag.py:3089} INFO - Sync 1 DAGs
[2025-11-11T20:20:48.959-0500] {logging_mixin.py:188} INFO - [2025-11-11T20:20:48.959-0500] {dag.py:3947} INFO - Setting next_dagrun for ocr_pipeline_dag to None, run_after=None
[2025-11-11T20:20:48.981-0500] {processor.py:183} INFO - Processing /opt/airflow/dags/ocr_pipeline_dag.py took 0.961 seconds
[2025-11-11T20:21:19.342-0500] {processor.py:161} INFO - Started process (PID=8041) to work on /opt/airflow/dags/ocr_pipeline_dag.py
[2025-11-11T20:21:19.344-0500] {processor.py:830} INFO - Processing file /opt/airflow/dags/ocr_pipeline_dag.py for tasks to queue
[2025-11-11T20:21:19.345-0500] {logging_mixin.py:188} INFO - [2025-11-11T20:21:19.345-0500] {dagbag.py:545} INFO - Filling up the DagBag from /opt/airflow/dags/ocr_pipeline_dag.py
[2025-11-11T20:21:19.364-0500] {logging_mixin.py:188} INFO - 📂 Using project root: /opt/project
[2025-11-11T20:21:19.515-0500] {logging_mixin.py:188} INFO - [2025-11-11T20:21:19.515-0500] {credentials.py:1278} INFO - Found credentials in shared credentials file: ~/.aws/credentials
[2025-11-11T20:21:20.164-0500] {processor.py:840} INFO - DAG(s) 'ocr_pipeline_dag' retrieved from /opt/airflow/dags/ocr_pipeline_dag.py
[2025-11-11T20:21:20.191-0500] {logging_mixin.py:188} INFO - [2025-11-11T20:21:20.190-0500] {dag.py:3089} INFO - Sync 1 DAGs
[2025-11-11T20:21:20.201-0500] {logging_mixin.py:188} INFO - [2025-11-11T20:21:20.201-0500] {dag.py:3947} INFO - Setting next_dagrun for ocr_pipeline_dag to None, run_after=None
[2025-11-11T20:21:20.223-0500] {processor.py:183} INFO - Processing /opt/airflow/dags/ocr_pipeline_dag.py took 0.888 seconds
[2025-11-11T20:21:50.730-0500] {processor.py:161} INFO - Started process (PID=8047) to work on /opt/airflow/dags/ocr_pipeline_dag.py
[2025-11-11T20:21:50.731-0500] {processor.py:830} INFO - Processing file /opt/airflow/dags/ocr_pipeline_dag.py for tasks to queue
[2025-11-11T20:21:50.732-0500] {logging_mixin.py:188} INFO - [2025-11-11T20:21:50.732-0500] {dagbag.py:545} INFO - Filling up the DagBag from /opt/airflow/dags/ocr_pipeline_dag.py
[2025-11-11T20:21:50.752-0500] {logging_mixin.py:188} INFO - 📂 Using project root: /opt/project
[2025-11-11T20:21:50.898-0500] {logging_mixin.py:188} INFO - [2025-11-11T20:21:50.898-0500] {credentials.py:1278} INFO - Found credentials in shared credentials file: ~/.aws/credentials
[2025-11-11T20:21:51.549-0500] {processor.py:840} INFO - DAG(s) 'ocr_pipeline_dag' retrieved from /opt/airflow/dags/ocr_pipeline_dag.py
[2025-11-11T20:21:51.580-0500] {logging_mixin.py:188} INFO - [2025-11-11T20:21:51.580-0500] {dag.py:3089} INFO - Sync 1 DAGs
[2025-11-11T20:21:51.593-0500] {logging_mixin.py:188} INFO - [2025-11-11T20:21:51.593-0500] {dag.py:3947} INFO - Setting next_dagrun for ocr_pipeline_dag to None, run_after=None
[2025-11-11T20:21:51.640-0500] {processor.py:183} INFO - Processing /opt/airflow/dags/ocr_pipeline_dag.py took 0.917 seconds
[2025-11-11T20:22:22.177-0500] {processor.py:161} INFO - Started process (PID=8053) to work on /opt/airflow/dags/ocr_pipeline_dag.py
[2025-11-11T20:22:22.179-0500] {processor.py:830} INFO - Processing file /opt/airflow/dags/ocr_pipeline_dag.py for tasks to queue
[2025-11-11T20:22:22.180-0500] {logging_mixin.py:188} INFO - [2025-11-11T20:22:22.180-0500] {dagbag.py:545} INFO - Filling up the DagBag from /opt/airflow/dags/ocr_pipeline_dag.py
[2025-11-11T20:22:22.202-0500] {logging_mixin.py:188} INFO - 📂 Using project root: /opt/project
[2025-11-11T20:22:22.354-0500] {logging_mixin.py:188} INFO - [2025-11-11T20:22:22.354-0500] {credentials.py:1278} INFO - Found credentials in shared credentials file: ~/.aws/credentials
[2025-11-11T20:22:22.958-0500] {processor.py:840} INFO - DAG(s) 'ocr_pipeline_dag' retrieved from /opt/airflow/dags/ocr_pipeline_dag.py
[2025-11-11T20:22:22.982-0500] {logging_mixin.py:188} INFO - [2025-11-11T20:22:22.982-0500] {dag.py:3089} INFO - Sync 1 DAGs
[2025-11-11T20:22:22.994-0500] {logging_mixin.py:188} INFO - [2025-11-11T20:22:22.994-0500] {dag.py:3947} INFO - Setting next_dagrun for ocr_pipeline_dag to None, run_after=None
[2025-11-11T20:22:23.014-0500] {processor.py:183} INFO - Processing /opt/airflow/dags/ocr_pipeline_dag.py took 0.843 seconds
[2025-11-11T20:22:53.650-0500] {processor.py:161} INFO - Started process (PID=8059) to work on /opt/airflow/dags/ocr_pipeline_dag.py
[2025-11-11T20:22:53.651-0500] {processor.py:830} INFO - Processing file /opt/airflow/dags/ocr_pipeline_dag.py for tasks to queue
[2025-11-11T20:22:53.652-0500] {logging_mixin.py:188} INFO - [2025-11-11T20:22:53.652-0500] {dagbag.py:545} INFO - Filling up the DagBag from /opt/airflow/dags/ocr_pipeline_dag.py
[2025-11-11T20:22:53.670-0500] {logging_mixin.py:188} INFO - 📂 Using project root: /opt/project
[2025-11-11T20:22:53.823-0500] {logging_mixin.py:188} INFO - [2025-11-11T20:22:53.823-0500] {credentials.py:1278} INFO - Found credentials in shared credentials file: ~/.aws/credentials
[2025-11-11T20:22:54.433-0500] {processor.py:840} INFO - DAG(s) 'ocr_pipeline_dag' retrieved from /opt/airflow/dags/ocr_pipeline_dag.py
[2025-11-11T20:22:54.466-0500] {logging_mixin.py:188} INFO - [2025-11-11T20:22:54.466-0500] {dag.py:3089} INFO - Sync 1 DAGs
[2025-11-11T20:22:54.481-0500] {logging_mixin.py:188} INFO - [2025-11-11T20:22:54.480-0500] {dag.py:3947} INFO - Setting next_dagrun for ocr_pipeline_dag to None, run_after=None
[2025-11-11T20:22:54.513-0500] {processor.py:183} INFO - Processing /opt/airflow/dags/ocr_pipeline_dag.py took 0.870 seconds
[2025-11-11T20:23:25.129-0500] {processor.py:161} INFO - Started process (PID=8065) to work on /opt/airflow/dags/ocr_pipeline_dag.py
[2025-11-11T20:23:25.130-0500] {processor.py:830} INFO - Processing file /opt/airflow/dags/ocr_pipeline_dag.py for tasks to queue
[2025-11-11T20:23:25.131-0500] {logging_mixin.py:188} INFO - [2025-11-11T20:23:25.131-0500] {dagbag.py:545} INFO - Filling up the DagBag from /opt/airflow/dags/ocr_pipeline_dag.py
[2025-11-11T20:23:25.148-0500] {logging_mixin.py:188} INFO - 📂 Using project root: /opt/project
[2025-11-11T20:23:25.304-0500] {logging_mixin.py:188} INFO - [2025-11-11T20:23:25.304-0500] {credentials.py:1278} INFO - Found credentials in shared credentials file: ~/.aws/credentials
[2025-11-11T20:23:25.918-0500] {processor.py:840} INFO - DAG(s) 'ocr_pipeline_dag' retrieved from /opt/airflow/dags/ocr_pipeline_dag.py
[2025-11-11T20:23:25.943-0500] {logging_mixin.py:188} INFO - [2025-11-11T20:23:25.943-0500] {dag.py:3089} INFO - Sync 1 DAGs
[2025-11-11T20:23:25.955-0500] {logging_mixin.py:188} INFO - [2025-11-11T20:23:25.955-0500] {dag.py:3947} INFO - Setting next_dagrun for ocr_pipeline_dag to None, run_after=None
[2025-11-11T20:23:25.976-0500] {processor.py:183} INFO - Processing /opt/airflow/dags/ocr_pipeline_dag.py took 0.856 seconds
[2025-11-11T20:23:56.538-0500] {processor.py:161} INFO - Started process (PID=8071) to work on /opt/airflow/dags/ocr_pipeline_dag.py
[2025-11-11T20:23:56.541-0500] {processor.py:830} INFO - Processing file /opt/airflow/dags/ocr_pipeline_dag.py for tasks to queue
[2025-11-11T20:23:56.542-0500] {logging_mixin.py:188} INFO - [2025-11-11T20:23:56.542-0500] {dagbag.py:545} INFO - Filling up the DagBag from /opt/airflow/dags/ocr_pipeline_dag.py
[2025-11-11T20:23:56.560-0500] {logging_mixin.py:188} INFO - 📂 Using project root: /opt/project
[2025-11-11T20:23:56.708-0500] {logging_mixin.py:188} INFO - [2025-11-11T20:23:56.707-0500] {credentials.py:1278} INFO - Found credentials in shared credentials file: ~/.aws/credentials
[2025-11-11T20:23:57.343-0500] {processor.py:840} INFO - DAG(s) 'ocr_pipeline_dag' retrieved from /opt/airflow/dags/ocr_pipeline_dag.py
[2025-11-11T20:23:57.384-0500] {logging_mixin.py:188} INFO - [2025-11-11T20:23:57.383-0500] {dag.py:3089} INFO - Sync 1 DAGs
[2025-11-11T20:23:57.399-0500] {logging_mixin.py:188} INFO - [2025-11-11T20:23:57.398-0500] {dag.py:3947} INFO - Setting next_dagrun for ocr_pipeline_dag to None, run_after=None
[2025-11-11T20:23:57.422-0500] {processor.py:183} INFO - Processing /opt/airflow/dags/ocr_pipeline_dag.py took 0.894 seconds
[2025-11-11T20:24:28.013-0500] {processor.py:161} INFO - Started process (PID=8077) to work on /opt/airflow/dags/ocr_pipeline_dag.py
[2025-11-11T20:24:28.015-0500] {processor.py:830} INFO - Processing file /opt/airflow/dags/ocr_pipeline_dag.py for tasks to queue
[2025-11-11T20:24:28.017-0500] {logging_mixin.py:188} INFO - [2025-11-11T20:24:28.016-0500] {dagbag.py:545} INFO - Filling up the DagBag from /opt/airflow/dags/ocr_pipeline_dag.py
[2025-11-11T20:24:28.037-0500] {logging_mixin.py:188} INFO - 📂 Using project root: /opt/project
[2025-11-11T20:24:28.185-0500] {logging_mixin.py:188} INFO - [2025-11-11T20:24:28.185-0500] {credentials.py:1278} INFO - Found credentials in shared credentials file: ~/.aws/credentials
[2025-11-11T20:24:28.806-0500] {processor.py:840} INFO - DAG(s) 'ocr_pipeline_dag' retrieved from /opt/airflow/dags/ocr_pipeline_dag.py
[2025-11-11T20:24:28.837-0500] {logging_mixin.py:188} INFO - [2025-11-11T20:24:28.837-0500] {dag.py:3089} INFO - Sync 1 DAGs
[2025-11-11T20:24:28.848-0500] {logging_mixin.py:188} INFO - [2025-11-11T20:24:28.848-0500] {dag.py:3947} INFO - Setting next_dagrun for ocr_pipeline_dag to None, run_after=None
[2025-11-11T20:24:28.868-0500] {processor.py:183} INFO - Processing /opt/airflow/dags/ocr_pipeline_dag.py took 0.862 seconds
[2025-11-11T20:24:59.492-0500] {processor.py:161} INFO - Started process (PID=8083) to work on /opt/airflow/dags/ocr_pipeline_dag.py
[2025-11-11T20:24:59.494-0500] {processor.py:830} INFO - Processing file /opt/airflow/dags/ocr_pipeline_dag.py for tasks to queue
[2025-11-11T20:24:59.495-0500] {logging_mixin.py:188} INFO - [2025-11-11T20:24:59.495-0500] {dagbag.py:545} INFO - Filling up the DagBag from /opt/airflow/dags/ocr_pipeline_dag.py
[2025-11-11T20:24:59.515-0500] {logging_mixin.py:188} INFO - 📂 Using project root: /opt/project
[2025-11-11T20:24:59.686-0500] {logging_mixin.py:188} INFO - [2025-11-11T20:24:59.685-0500] {credentials.py:1278} INFO - Found credentials in shared credentials file: ~/.aws/credentials
[2025-11-11T20:25:00.322-0500] {processor.py:840} INFO - DAG(s) 'ocr_pipeline_dag' retrieved from /opt/airflow/dags/ocr_pipeline_dag.py
[2025-11-11T20:25:00.348-0500] {logging_mixin.py:188} INFO - [2025-11-11T20:25:00.348-0500] {dag.py:3089} INFO - Sync 1 DAGs
[2025-11-11T20:25:00.359-0500] {logging_mixin.py:188} INFO - [2025-11-11T20:25:00.359-0500] {dag.py:3947} INFO - Setting next_dagrun for ocr_pipeline_dag to None, run_after=None
[2025-11-11T20:25:00.380-0500] {processor.py:183} INFO - Processing /opt/airflow/dags/ocr_pipeline_dag.py took 0.893 seconds
[2025-11-11T20:25:30.939-0500] {processor.py:161} INFO - Started process (PID=8089) to work on /opt/airflow/dags/ocr_pipeline_dag.py
[2025-11-11T20:25:30.941-0500] {processor.py:830} INFO - Processing file /opt/airflow/dags/ocr_pipeline_dag.py for tasks to queue
[2025-11-11T20:25:30.942-0500] {logging_mixin.py:188} INFO - [2025-11-11T20:25:30.942-0500] {dagbag.py:545} INFO - Filling up the DagBag from /opt/airflow/dags/ocr_pipeline_dag.py
[2025-11-11T20:25:30.958-0500] {logging_mixin.py:188} INFO - 📂 Using project root: /opt/project
[2025-11-11T20:25:31.109-0500] {logging_mixin.py:188} INFO - [2025-11-11T20:25:31.109-0500] {credentials.py:1278} INFO - Found credentials in shared credentials file: ~/.aws/credentials
[2025-11-11T20:25:31.840-0500] {processor.py:840} INFO - DAG(s) 'ocr_pipeline_dag' retrieved from /opt/airflow/dags/ocr_pipeline_dag.py
[2025-11-11T20:25:31.873-0500] {logging_mixin.py:188} INFO - [2025-11-11T20:25:31.873-0500] {dag.py:3089} INFO - Sync 1 DAGs
[2025-11-11T20:25:31.886-0500] {logging_mixin.py:188} INFO - [2025-11-11T20:25:31.886-0500] {dag.py:3947} INFO - Setting next_dagrun for ocr_pipeline_dag to None, run_after=None
[2025-11-11T20:25:31.908-0500] {processor.py:183} INFO - Processing /opt/airflow/dags/ocr_pipeline_dag.py took 0.975 seconds
[2025-11-11T20:26:02.331-0500] {processor.py:161} INFO - Started process (PID=8095) to work on /opt/airflow/dags/ocr_pipeline_dag.py
[2025-11-11T20:26:02.332-0500] {processor.py:830} INFO - Processing file /opt/airflow/dags/ocr_pipeline_dag.py for tasks to queue
[2025-11-11T20:26:02.334-0500] {logging_mixin.py:188} INFO - [2025-11-11T20:26:02.333-0500] {dagbag.py:545} INFO - Filling up the DagBag from /opt/airflow/dags/ocr_pipeline_dag.py
[2025-11-11T20:26:02.349-0500] {logging_mixin.py:188} INFO - 📂 Using project root: /opt/project
[2025-11-11T20:26:02.509-0500] {logging_mixin.py:188} INFO - [2025-11-11T20:26:02.509-0500] {credentials.py:1278} INFO - Found credentials in shared credentials file: ~/.aws/credentials
[2025-11-11T20:26:03.164-0500] {processor.py:840} INFO - DAG(s) 'ocr_pipeline_dag' retrieved from /opt/airflow/dags/ocr_pipeline_dag.py
[2025-11-11T20:26:03.197-0500] {logging_mixin.py:188} INFO - [2025-11-11T20:26:03.196-0500] {dag.py:3089} INFO - Sync 1 DAGs
[2025-11-11T20:26:03.211-0500] {logging_mixin.py:188} INFO - [2025-11-11T20:26:03.211-0500] {dag.py:3947} INFO - Setting next_dagrun for ocr_pipeline_dag to None, run_after=None
[2025-11-11T20:26:03.238-0500] {processor.py:183} INFO - Processing /opt/airflow/dags/ocr_pipeline_dag.py took 0.914 seconds
[2025-11-11T20:26:33.789-0500] {processor.py:161} INFO - Started process (PID=8101) to work on /opt/airflow/dags/ocr_pipeline_dag.py
[2025-11-11T20:26:33.791-0500] {processor.py:830} INFO - Processing file /opt/airflow/dags/ocr_pipeline_dag.py for tasks to queue
[2025-11-11T20:26:33.792-0500] {logging_mixin.py:188} INFO - [2025-11-11T20:26:33.792-0500] {dagbag.py:545} INFO - Filling up the DagBag from /opt/airflow/dags/ocr_pipeline_dag.py
[2025-11-11T20:26:33.810-0500] {logging_mixin.py:188} INFO - 📂 Using project root: /opt/project
[2025-11-11T20:26:33.969-0500] {logging_mixin.py:188} INFO - [2025-11-11T20:26:33.969-0500] {credentials.py:1278} INFO - Found credentials in shared credentials file: ~/.aws/credentials
[2025-11-11T20:26:34.638-0500] {processor.py:840} INFO - DAG(s) 'ocr_pipeline_dag' retrieved from /opt/airflow/dags/ocr_pipeline_dag.py
[2025-11-11T20:26:34.670-0500] {logging_mixin.py:188} INFO - [2025-11-11T20:26:34.670-0500] {dag.py:3089} INFO - Sync 1 DAGs
[2025-11-11T20:26:34.685-0500] {logging_mixin.py:188} INFO - [2025-11-11T20:26:34.685-0500] {dag.py:3947} INFO - Setting next_dagrun for ocr_pipeline_dag to None, run_after=None
[2025-11-11T20:26:34.709-0500] {processor.py:183} INFO - Processing /opt/airflow/dags/ocr_pipeline_dag.py took 0.926 seconds
[2025-11-11T20:27:05.249-0500] {processor.py:161} INFO - Started process (PID=8107) to work on /opt/airflow/dags/ocr_pipeline_dag.py
[2025-11-11T20:27:05.250-0500] {processor.py:830} INFO - Processing file /opt/airflow/dags/ocr_pipeline_dag.py for tasks to queue
[2025-11-11T20:27:05.252-0500] {logging_mixin.py:188} INFO - [2025-11-11T20:27:05.251-0500] {dagbag.py:545} INFO - Filling up the DagBag from /opt/airflow/dags/ocr_pipeline_dag.py
[2025-11-11T20:27:05.269-0500] {logging_mixin.py:188} INFO - 📂 Using project root: /opt/project
[2025-11-11T20:27:05.426-0500] {logging_mixin.py:188} INFO - [2025-11-11T20:27:05.426-0500] {credentials.py:1278} INFO - Found credentials in shared credentials file: ~/.aws/credentials
[2025-11-11T20:27:06.046-0500] {processor.py:840} INFO - DAG(s) 'ocr_pipeline_dag' retrieved from /opt/airflow/dags/ocr_pipeline_dag.py
[2025-11-11T20:27:06.073-0500] {logging_mixin.py:188} INFO - [2025-11-11T20:27:06.072-0500] {dag.py:3089} INFO - Sync 1 DAGs
[2025-11-11T20:27:06.084-0500] {logging_mixin.py:188} INFO - [2025-11-11T20:27:06.084-0500] {dag.py:3947} INFO - Setting next_dagrun for ocr_pipeline_dag to None, run_after=None
[2025-11-11T20:27:06.105-0500] {processor.py:183} INFO - Processing /opt/airflow/dags/ocr_pipeline_dag.py took 0.865 seconds
[2025-11-11T20:27:36.624-0500] {processor.py:161} INFO - Started process (PID=8113) to work on /opt/airflow/dags/ocr_pipeline_dag.py
[2025-11-11T20:27:36.626-0500] {processor.py:830} INFO - Processing file /opt/airflow/dags/ocr_pipeline_dag.py for tasks to queue
[2025-11-11T20:27:36.627-0500] {logging_mixin.py:188} INFO - [2025-11-11T20:27:36.627-0500] {dagbag.py:545} INFO - Filling up the DagBag from /opt/airflow/dags/ocr_pipeline_dag.py
[2025-11-11T20:27:36.645-0500] {logging_mixin.py:188} INFO - 📂 Using project root: /opt/project
[2025-11-11T20:27:36.799-0500] {logging_mixin.py:188} INFO - [2025-11-11T20:27:36.799-0500] {credentials.py:1278} INFO - Found credentials in shared credentials file: ~/.aws/credentials
[2025-11-11T20:27:37.491-0500] {processor.py:840} INFO - DAG(s) 'ocr_pipeline_dag' retrieved from /opt/airflow/dags/ocr_pipeline_dag.py
[2025-11-11T20:27:37.517-0500] {logging_mixin.py:188} INFO - [2025-11-11T20:27:37.516-0500] {dag.py:3089} INFO - Sync 1 DAGs
[2025-11-11T20:27:37.528-0500] {logging_mixin.py:188} INFO - [2025-11-11T20:27:37.528-0500] {dag.py:3947} INFO - Setting next_dagrun for ocr_pipeline_dag to None, run_after=None
[2025-11-11T20:27:37.548-0500] {processor.py:183} INFO - Processing /opt/airflow/dags/ocr_pipeline_dag.py took 0.931 seconds
[2025-11-11T20:28:08.160-0500] {processor.py:161} INFO - Started process (PID=8119) to work on /opt/airflow/dags/ocr_pipeline_dag.py
[2025-11-11T20:28:08.162-0500] {processor.py:830} INFO - Processing file /opt/airflow/dags/ocr_pipeline_dag.py for tasks to queue
[2025-11-11T20:28:08.164-0500] {logging_mixin.py:188} INFO - [2025-11-11T20:28:08.163-0500] {dagbag.py:545} INFO - Filling up the DagBag from /opt/airflow/dags/ocr_pipeline_dag.py
[2025-11-11T20:28:08.184-0500] {logging_mixin.py:188} INFO - 📂 Using project root: /opt/project
[2025-11-11T20:28:08.343-0500] {logging_mixin.py:188} INFO - [2025-11-11T20:28:08.343-0500] {credentials.py:1278} INFO - Found credentials in shared credentials file: ~/.aws/credentials
[2025-11-11T20:28:08.962-0500] {processor.py:840} INFO - DAG(s) 'ocr_pipeline_dag' retrieved from /opt/airflow/dags/ocr_pipeline_dag.py
[2025-11-11T20:28:08.988-0500] {logging_mixin.py:188} INFO - [2025-11-11T20:28:08.988-0500] {dag.py:3089} INFO - Sync 1 DAGs
[2025-11-11T20:28:09.000-0500] {logging_mixin.py:188} INFO - [2025-11-11T20:28:09.000-0500] {dag.py:3947} INFO - Setting next_dagrun for ocr_pipeline_dag to None, run_after=None
[2025-11-11T20:28:09.018-0500] {processor.py:183} INFO - Processing /opt/airflow/dags/ocr_pipeline_dag.py took 0.865 seconds
[2025-11-11T20:28:39.535-0500] {processor.py:161} INFO - Started process (PID=8125) to work on /opt/airflow/dags/ocr_pipeline_dag.py
[2025-11-11T20:28:39.537-0500] {processor.py:830} INFO - Processing file /opt/airflow/dags/ocr_pipeline_dag.py for tasks to queue
[2025-11-11T20:28:39.538-0500] {logging_mixin.py:188} INFO - [2025-11-11T20:28:39.538-0500] {dagbag.py:545} INFO - Filling up the DagBag from /opt/airflow/dags/ocr_pipeline_dag.py
[2025-11-11T20:28:39.558-0500] {logging_mixin.py:188} INFO - 📂 Using project root: /opt/project
[2025-11-11T20:28:39.722-0500] {logging_mixin.py:188} INFO - [2025-11-11T20:28:39.722-0500] {credentials.py:1278} INFO - Found credentials in shared credentials file: ~/.aws/credentials
[2025-11-11T20:28:40.369-0500] {processor.py:840} INFO - DAG(s) 'ocr_pipeline_dag' retrieved from /opt/airflow/dags/ocr_pipeline_dag.py
[2025-11-11T20:28:40.398-0500] {logging_mixin.py:188} INFO - [2025-11-11T20:28:40.398-0500] {dag.py:3089} INFO - Sync 1 DAGs
[2025-11-11T20:28:40.411-0500] {logging_mixin.py:188} INFO - [2025-11-11T20:28:40.411-0500] {dag.py:3947} INFO - Setting next_dagrun for ocr_pipeline_dag to None, run_after=None
[2025-11-11T20:28:40.433-0500] {processor.py:183} INFO - Processing /opt/airflow/dags/ocr_pipeline_dag.py took 0.904 seconds
[2025-11-11T20:29:10.984-0500] {processor.py:161} INFO - Started process (PID=8131) to work on /opt/airflow/dags/ocr_pipeline_dag.py
[2025-11-11T20:29:10.985-0500] {processor.py:830} INFO - Processing file /opt/airflow/dags/ocr_pipeline_dag.py for tasks to queue
[2025-11-11T20:29:10.987-0500] {logging_mixin.py:188} INFO - [2025-11-11T20:29:10.986-0500] {dagbag.py:545} INFO - Filling up the DagBag from /opt/airflow/dags/ocr_pipeline_dag.py
[2025-11-11T20:29:11.007-0500] {logging_mixin.py:188} INFO - 📂 Using project root: /opt/project
[2025-11-11T20:29:11.196-0500] {logging_mixin.py:188} INFO - [2025-11-11T20:29:11.196-0500] {credentials.py:1278} INFO - Found credentials in shared credentials file: ~/.aws/credentials
[2025-11-11T20:29:11.881-0500] {processor.py:840} INFO - DAG(s) 'ocr_pipeline_dag' retrieved from /opt/airflow/dags/ocr_pipeline_dag.py
[2025-11-11T20:29:11.910-0500] {logging_mixin.py:188} INFO - [2025-11-11T20:29:11.909-0500] {dag.py:3089} INFO - Sync 1 DAGs
[2025-11-11T20:29:11.922-0500] {logging_mixin.py:188} INFO - [2025-11-11T20:29:11.922-0500] {dag.py:3947} INFO - Setting next_dagrun for ocr_pipeline_dag to None, run_after=None
[2025-11-11T20:29:11.945-0500] {processor.py:183} INFO - Processing /opt/airflow/dags/ocr_pipeline_dag.py took 0.993 seconds
[2025-11-11T20:29:42.314-0500] {processor.py:161} INFO - Started process (PID=8137) to work on /opt/airflow/dags/ocr_pipeline_dag.py
[2025-11-11T20:29:42.316-0500] {processor.py:830} INFO - Processing file /opt/airflow/dags/ocr_pipeline_dag.py for tasks to queue
[2025-11-11T20:29:42.317-0500] {logging_mixin.py:188} INFO - [2025-11-11T20:29:42.316-0500] {dagbag.py:545} INFO - Filling up the DagBag from /opt/airflow/dags/ocr_pipeline_dag.py
[2025-11-11T20:29:42.336-0500] {logging_mixin.py:188} INFO - 📂 Using project root: /opt/project
[2025-11-11T20:29:42.481-0500] {logging_mixin.py:188} INFO - [2025-11-11T20:29:42.480-0500] {credentials.py:1278} INFO - Found credentials in shared credentials file: ~/.aws/credentials
[2025-11-11T20:29:43.148-0500] {processor.py:840} INFO - DAG(s) 'ocr_pipeline_dag' retrieved from /opt/airflow/dags/ocr_pipeline_dag.py
[2025-11-11T20:29:43.181-0500] {logging_mixin.py:188} INFO - [2025-11-11T20:29:43.181-0500] {dag.py:3089} INFO - Sync 1 DAGs
[2025-11-11T20:29:43.195-0500] {logging_mixin.py:188} INFO - [2025-11-11T20:29:43.195-0500] {dag.py:3947} INFO - Setting next_dagrun for ocr_pipeline_dag to None, run_after=None
[2025-11-11T20:29:43.220-0500] {processor.py:183} INFO - Processing /opt/airflow/dags/ocr_pipeline_dag.py took 0.912 seconds
[2025-11-11T20:30:13.812-0500] {processor.py:161} INFO - Started process (PID=8143) to work on /opt/airflow/dags/ocr_pipeline_dag.py
[2025-11-11T20:30:13.813-0500] {processor.py:830} INFO - Processing file /opt/airflow/dags/ocr_pipeline_dag.py for tasks to queue
[2025-11-11T20:30:13.814-0500] {logging_mixin.py:188} INFO - [2025-11-11T20:30:13.814-0500] {dagbag.py:545} INFO - Filling up the DagBag from /opt/airflow/dags/ocr_pipeline_dag.py
[2025-11-11T20:30:13.833-0500] {logging_mixin.py:188} INFO - 📂 Using project root: /opt/project
[2025-11-11T20:30:14.012-0500] {logging_mixin.py:188} INFO - [2025-11-11T20:30:14.012-0500] {credentials.py:1278} INFO - Found credentials in shared credentials file: ~/.aws/credentials
[2025-11-11T20:30:14.698-0500] {processor.py:840} INFO - DAG(s) 'ocr_pipeline_dag' retrieved from /opt/airflow/dags/ocr_pipeline_dag.py
[2025-11-11T20:30:14.734-0500] {logging_mixin.py:188} INFO - [2025-11-11T20:30:14.733-0500] {dag.py:3089} INFO - Sync 1 DAGs
[2025-11-11T20:30:14.745-0500] {logging_mixin.py:188} INFO - [2025-11-11T20:30:14.745-0500] {dag.py:3947} INFO - Setting next_dagrun for ocr_pipeline_dag to None, run_after=None
[2025-11-11T20:30:14.764-0500] {processor.py:183} INFO - Processing /opt/airflow/dags/ocr_pipeline_dag.py took 0.959 seconds
[2025-11-11T20:30:45.268-0500] {processor.py:161} INFO - Started process (PID=8149) to work on /opt/airflow/dags/ocr_pipeline_dag.py
[2025-11-11T20:30:45.269-0500] {processor.py:830} INFO - Processing file /opt/airflow/dags/ocr_pipeline_dag.py for tasks to queue
[2025-11-11T20:30:45.271-0500] {logging_mixin.py:188} INFO - [2025-11-11T20:30:45.270-0500] {dagbag.py:545} INFO - Filling up the DagBag from /opt/airflow/dags/ocr_pipeline_dag.py
[2025-11-11T20:30:45.289-0500] {logging_mixin.py:188} INFO - 📂 Using project root: /opt/project
[2025-11-11T20:30:45.461-0500] {logging_mixin.py:188} INFO - [2025-11-11T20:30:45.460-0500] {credentials.py:1278} INFO - Found credentials in shared credentials file: ~/.aws/credentials
[2025-11-11T20:30:46.163-0500] {processor.py:840} INFO - DAG(s) 'ocr_pipeline_dag' retrieved from /opt/airflow/dags/ocr_pipeline_dag.py
[2025-11-11T20:30:46.193-0500] {logging_mixin.py:188} INFO - [2025-11-11T20:30:46.192-0500] {dag.py:3089} INFO - Sync 1 DAGs
[2025-11-11T20:30:46.204-0500] {logging_mixin.py:188} INFO - [2025-11-11T20:30:46.204-0500] {dag.py:3947} INFO - Setting next_dagrun for ocr_pipeline_dag to None, run_after=None
[2025-11-11T20:30:46.230-0500] {processor.py:183} INFO - Processing /opt/airflow/dags/ocr_pipeline_dag.py took 0.968 seconds
[2025-11-11T20:31:16.687-0500] {processor.py:161} INFO - Started process (PID=8155) to work on /opt/airflow/dags/ocr_pipeline_dag.py
[2025-11-11T20:31:16.689-0500] {processor.py:830} INFO - Processing file /opt/airflow/dags/ocr_pipeline_dag.py for tasks to queue
[2025-11-11T20:31:16.691-0500] {logging_mixin.py:188} INFO - [2025-11-11T20:31:16.691-0500] {dagbag.py:545} INFO - Filling up the DagBag from /opt/airflow/dags/ocr_pipeline_dag.py
[2025-11-11T20:31:16.713-0500] {logging_mixin.py:188} INFO - 📂 Using project root: /opt/project
[2025-11-11T20:31:16.896-0500] {logging_mixin.py:188} INFO - [2025-11-11T20:31:16.895-0500] {credentials.py:1278} INFO - Found credentials in shared credentials file: ~/.aws/credentials
[2025-11-11T20:31:17.553-0500] {processor.py:840} INFO - DAG(s) 'ocr_pipeline_dag' retrieved from /opt/airflow/dags/ocr_pipeline_dag.py
[2025-11-11T20:31:17.585-0500] {logging_mixin.py:188} INFO - [2025-11-11T20:31:17.585-0500] {dag.py:3089} INFO - Sync 1 DAGs
[2025-11-11T20:31:17.598-0500] {logging_mixin.py:188} INFO - [2025-11-11T20:31:17.597-0500] {dag.py:3947} INFO - Setting next_dagrun for ocr_pipeline_dag to None, run_after=None
[2025-11-11T20:31:17.620-0500] {processor.py:183} INFO - Processing /opt/airflow/dags/ocr_pipeline_dag.py took 0.948 seconds
[2025-11-11T20:31:48.144-0500] {processor.py:161} INFO - Started process (PID=8161) to work on /opt/airflow/dags/ocr_pipeline_dag.py
[2025-11-11T20:31:48.145-0500] {processor.py:830} INFO - Processing file /opt/airflow/dags/ocr_pipeline_dag.py for tasks to queue
[2025-11-11T20:31:48.146-0500] {logging_mixin.py:188} INFO - [2025-11-11T20:31:48.146-0500] {dagbag.py:545} INFO - Filling up the DagBag from /opt/airflow/dags/ocr_pipeline_dag.py
[2025-11-11T20:31:48.162-0500] {logging_mixin.py:188} INFO - 📂 Using project root: /opt/project
[2025-11-11T20:31:48.321-0500] {logging_mixin.py:188} INFO - [2025-11-11T20:31:48.321-0500] {credentials.py:1278} INFO - Found credentials in shared credentials file: ~/.aws/credentials
[2025-11-11T20:31:48.947-0500] {processor.py:840} INFO - DAG(s) 'ocr_pipeline_dag' retrieved from /opt/airflow/dags/ocr_pipeline_dag.py
[2025-11-11T20:31:48.972-0500] {logging_mixin.py:188} INFO - [2025-11-11T20:31:48.971-0500] {dag.py:3089} INFO - Sync 1 DAGs
[2025-11-11T20:31:48.984-0500] {logging_mixin.py:188} INFO - [2025-11-11T20:31:48.984-0500] {dag.py:3947} INFO - Setting next_dagrun for ocr_pipeline_dag to None, run_after=None
[2025-11-11T20:31:49.023-0500] {processor.py:183} INFO - Processing /opt/airflow/dags/ocr_pipeline_dag.py took 0.886 seconds
[2025-11-11T20:32:19.577-0500] {processor.py:161} INFO - Started process (PID=8167) to work on /opt/airflow/dags/ocr_pipeline_dag.py
[2025-11-11T20:32:19.578-0500] {processor.py:830} INFO - Processing file /opt/airflow/dags/ocr_pipeline_dag.py for tasks to queue
[2025-11-11T20:32:19.579-0500] {logging_mixin.py:188} INFO - [2025-11-11T20:32:19.579-0500] {dagbag.py:545} INFO - Filling up the DagBag from /opt/airflow/dags/ocr_pipeline_dag.py
[2025-11-11T20:32:19.599-0500] {logging_mixin.py:188} INFO - 📂 Using project root: /opt/project
[2025-11-11T20:32:19.759-0500] {logging_mixin.py:188} INFO - [2025-11-11T20:32:19.758-0500] {credentials.py:1278} INFO - Found credentials in shared credentials file: ~/.aws/credentials
[2025-11-11T20:32:20.378-0500] {processor.py:840} INFO - DAG(s) 'ocr_pipeline_dag' retrieved from /opt/airflow/dags/ocr_pipeline_dag.py
[2025-11-11T20:32:20.401-0500] {logging_mixin.py:188} INFO - [2025-11-11T20:32:20.401-0500] {dag.py:3089} INFO - Sync 1 DAGs
[2025-11-11T20:32:20.413-0500] {logging_mixin.py:188} INFO - [2025-11-11T20:32:20.413-0500] {dag.py:3947} INFO - Setting next_dagrun for ocr_pipeline_dag to None, run_after=None
[2025-11-11T20:32:20.434-0500] {processor.py:183} INFO - Processing /opt/airflow/dags/ocr_pipeline_dag.py took 0.863 seconds
[2025-11-11T20:32:51.011-0500] {processor.py:161} INFO - Started process (PID=8173) to work on /opt/airflow/dags/ocr_pipeline_dag.py
[2025-11-11T20:32:51.013-0500] {processor.py:830} INFO - Processing file /opt/airflow/dags/ocr_pipeline_dag.py for tasks to queue
[2025-11-11T20:32:51.014-0500] {logging_mixin.py:188} INFO - [2025-11-11T20:32:51.013-0500] {dagbag.py:545} INFO - Filling up the DagBag from /opt/airflow/dags/ocr_pipeline_dag.py
[2025-11-11T20:32:51.033-0500] {logging_mixin.py:188} INFO - 📂 Using project root: /opt/project
[2025-11-11T20:32:51.179-0500] {logging_mixin.py:188} INFO - [2025-11-11T20:32:51.179-0500] {credentials.py:1278} INFO - Found credentials in shared credentials file: ~/.aws/credentials
[2025-11-11T20:32:51.851-0500] {processor.py:840} INFO - DAG(s) 'ocr_pipeline_dag' retrieved from /opt/airflow/dags/ocr_pipeline_dag.py
[2025-11-11T20:32:51.876-0500] {logging_mixin.py:188} INFO - [2025-11-11T20:32:51.875-0500] {dag.py:3089} INFO - Sync 1 DAGs
[2025-11-11T20:32:51.886-0500] {logging_mixin.py:188} INFO - [2025-11-11T20:32:51.886-0500] {dag.py:3947} INFO - Setting next_dagrun for ocr_pipeline_dag to None, run_after=None
[2025-11-11T20:32:51.915-0500] {processor.py:183} INFO - Processing /opt/airflow/dags/ocr_pipeline_dag.py took 0.909 seconds
[2025-11-11T20:33:22.523-0500] {processor.py:161} INFO - Started process (PID=8179) to work on /opt/airflow/dags/ocr_pipeline_dag.py
[2025-11-11T20:33:22.525-0500] {processor.py:830} INFO - Processing file /opt/airflow/dags/ocr_pipeline_dag.py for tasks to queue
[2025-11-11T20:33:22.526-0500] {logging_mixin.py:188} INFO - [2025-11-11T20:33:22.526-0500] {dagbag.py:545} INFO - Filling up the DagBag from /opt/airflow/dags/ocr_pipeline_dag.py
[2025-11-11T20:33:22.545-0500] {logging_mixin.py:188} INFO - 📂 Using project root: /opt/project
[2025-11-11T20:33:22.696-0500] {logging_mixin.py:188} INFO - [2025-11-11T20:33:22.696-0500] {credentials.py:1278} INFO - Found credentials in shared credentials file: ~/.aws/credentials
[2025-11-11T20:33:23.345-0500] {processor.py:840} INFO - DAG(s) 'ocr_pipeline_dag' retrieved from /opt/airflow/dags/ocr_pipeline_dag.py
[2025-11-11T20:33:23.379-0500] {logging_mixin.py:188} INFO - [2025-11-11T20:33:23.378-0500] {dag.py:3089} INFO - Sync 1 DAGs
[2025-11-11T20:33:23.390-0500] {logging_mixin.py:188} INFO - [2025-11-11T20:33:23.389-0500] {dag.py:3947} INFO - Setting next_dagrun for ocr_pipeline_dag to None, run_after=None
[2025-11-11T20:33:23.408-0500] {processor.py:183} INFO - Processing /opt/airflow/dags/ocr_pipeline_dag.py took 0.891 seconds
[2025-11-11T20:33:53.961-0500] {processor.py:161} INFO - Started process (PID=8185) to work on /opt/airflow/dags/ocr_pipeline_dag.py
[2025-11-11T20:33:53.962-0500] {processor.py:830} INFO - Processing file /opt/airflow/dags/ocr_pipeline_dag.py for tasks to queue
[2025-11-11T20:33:53.964-0500] {logging_mixin.py:188} INFO - [2025-11-11T20:33:53.963-0500] {dagbag.py:545} INFO - Filling up the DagBag from /opt/airflow/dags/ocr_pipeline_dag.py
[2025-11-11T20:33:53.983-0500] {logging_mixin.py:188} INFO - 📂 Using project root: /opt/project
[2025-11-11T20:33:54.136-0500] {logging_mixin.py:188} INFO - [2025-11-11T20:33:54.136-0500] {credentials.py:1278} INFO - Found credentials in shared credentials file: ~/.aws/credentials
[2025-11-11T20:33:54.762-0500] {processor.py:840} INFO - DAG(s) 'ocr_pipeline_dag' retrieved from /opt/airflow/dags/ocr_pipeline_dag.py
[2025-11-11T20:33:54.785-0500] {logging_mixin.py:188} INFO - [2025-11-11T20:33:54.785-0500] {dag.py:3089} INFO - Sync 1 DAGs
[2025-11-11T20:33:54.796-0500] {logging_mixin.py:188} INFO - [2025-11-11T20:33:54.796-0500] {dag.py:3947} INFO - Setting next_dagrun for ocr_pipeline_dag to None, run_after=None
[2025-11-11T20:33:54.828-0500] {processor.py:183} INFO - Processing /opt/airflow/dags/ocr_pipeline_dag.py took 0.873 seconds
[2025-11-11T20:34:25.388-0500] {processor.py:161} INFO - Started process (PID=8191) to work on /opt/airflow/dags/ocr_pipeline_dag.py
[2025-11-11T20:34:25.390-0500] {processor.py:830} INFO - Processing file /opt/airflow/dags/ocr_pipeline_dag.py for tasks to queue
[2025-11-11T20:34:25.391-0500] {logging_mixin.py:188} INFO - [2025-11-11T20:34:25.391-0500] {dagbag.py:545} INFO - Filling up the DagBag from /opt/airflow/dags/ocr_pipeline_dag.py
[2025-11-11T20:34:25.410-0500] {logging_mixin.py:188} INFO - 📂 Using project root: /opt/project
[2025-11-11T20:34:25.561-0500] {logging_mixin.py:188} INFO - [2025-11-11T20:34:25.561-0500] {credentials.py:1278} INFO - Found credentials in shared credentials file: ~/.aws/credentials
[2025-11-11T20:34:26.160-0500] {processor.py:840} INFO - DAG(s) 'ocr_pipeline_dag' retrieved from /opt/airflow/dags/ocr_pipeline_dag.py
[2025-11-11T20:34:26.197-0500] {logging_mixin.py:188} INFO - [2025-11-11T20:34:26.196-0500] {dag.py:3089} INFO - Sync 1 DAGs
[2025-11-11T20:34:26.210-0500] {logging_mixin.py:188} INFO - [2025-11-11T20:34:26.210-0500] {dag.py:3947} INFO - Setting next_dagrun for ocr_pipeline_dag to None, run_after=None
[2025-11-11T20:34:26.232-0500] {processor.py:183} INFO - Processing /opt/airflow/dags/ocr_pipeline_dag.py took 0.850 seconds
[2025-11-11T20:34:56.786-0500] {processor.py:161} INFO - Started process (PID=8197) to work on /opt/airflow/dags/ocr_pipeline_dag.py
[2025-11-11T20:34:56.788-0500] {processor.py:830} INFO - Processing file /opt/airflow/dags/ocr_pipeline_dag.py for tasks to queue
[2025-11-11T20:34:56.789-0500] {logging_mixin.py:188} INFO - [2025-11-11T20:34:56.788-0500] {dagbag.py:545} INFO - Filling up the DagBag from /opt/airflow/dags/ocr_pipeline_dag.py
[2025-11-11T20:34:56.807-0500] {logging_mixin.py:188} INFO - 📂 Using project root: /opt/project
[2025-11-11T20:34:56.958-0500] {logging_mixin.py:188} INFO - [2025-11-11T20:34:56.958-0500] {credentials.py:1278} INFO - Found credentials in shared credentials file: ~/.aws/credentials
[2025-11-11T20:34:57.572-0500] {processor.py:840} INFO - DAG(s) 'ocr_pipeline_dag' retrieved from /opt/airflow/dags/ocr_pipeline_dag.py
[2025-11-11T20:34:57.604-0500] {logging_mixin.py:188} INFO - [2025-11-11T20:34:57.604-0500] {dag.py:3089} INFO - Sync 1 DAGs
[2025-11-11T20:34:57.614-0500] {logging_mixin.py:188} INFO - [2025-11-11T20:34:57.614-0500] {dag.py:3947} INFO - Setting next_dagrun for ocr_pipeline_dag to None, run_after=None
[2025-11-11T20:34:57.647-0500] {processor.py:183} INFO - Processing /opt/airflow/dags/ocr_pipeline_dag.py took 0.867 seconds
[2025-11-11T20:35:28.261-0500] {processor.py:161} INFO - Started process (PID=8203) to work on /opt/airflow/dags/ocr_pipeline_dag.py
[2025-11-11T20:35:28.262-0500] {processor.py:830} INFO - Processing file /opt/airflow/dags/ocr_pipeline_dag.py for tasks to queue
[2025-11-11T20:35:28.264-0500] {logging_mixin.py:188} INFO - [2025-11-11T20:35:28.263-0500] {dagbag.py:545} INFO - Filling up the DagBag from /opt/airflow/dags/ocr_pipeline_dag.py
[2025-11-11T20:35:28.284-0500] {logging_mixin.py:188} INFO - 📂 Using project root: /opt/project
[2025-11-11T20:35:28.435-0500] {logging_mixin.py:188} INFO - [2025-11-11T20:35:28.435-0500] {credentials.py:1278} INFO - Found credentials in shared credentials file: ~/.aws/credentials
[2025-11-11T20:35:29.051-0500] {processor.py:840} INFO - DAG(s) 'ocr_pipeline_dag' retrieved from /opt/airflow/dags/ocr_pipeline_dag.py
[2025-11-11T20:35:29.077-0500] {logging_mixin.py:188} INFO - [2025-11-11T20:35:29.077-0500] {dag.py:3089} INFO - Sync 1 DAGs
[2025-11-11T20:35:29.088-0500] {logging_mixin.py:188} INFO - [2025-11-11T20:35:29.088-0500] {dag.py:3947} INFO - Setting next_dagrun for ocr_pipeline_dag to None, run_after=None
[2025-11-11T20:35:29.116-0500] {processor.py:183} INFO - Processing /opt/airflow/dags/ocr_pipeline_dag.py took 0.861 seconds
[2025-11-11T20:35:59.738-0500] {processor.py:161} INFO - Started process (PID=8209) to work on /opt/airflow/dags/ocr_pipeline_dag.py
[2025-11-11T20:35:59.740-0500] {processor.py:830} INFO - Processing file /opt/airflow/dags/ocr_pipeline_dag.py for tasks to queue
[2025-11-11T20:35:59.742-0500] {logging_mixin.py:188} INFO - [2025-11-11T20:35:59.741-0500] {dagbag.py:545} INFO - Filling up the DagBag from /opt/airflow/dags/ocr_pipeline_dag.py
[2025-11-11T20:35:59.760-0500] {logging_mixin.py:188} INFO - 📂 Using project root: /opt/project
[2025-11-11T20:35:59.912-0500] {logging_mixin.py:188} INFO - [2025-11-11T20:35:59.911-0500] {credentials.py:1278} INFO - Found credentials in shared credentials file: ~/.aws/credentials
[2025-11-11T20:36:00.590-0500] {processor.py:840} INFO - DAG(s) 'ocr_pipeline_dag' retrieved from /opt/airflow/dags/ocr_pipeline_dag.py
[2025-11-11T20:36:00.618-0500] {logging_mixin.py:188} INFO - [2025-11-11T20:36:00.617-0500] {dag.py:3089} INFO - Sync 1 DAGs
[2025-11-11T20:36:00.629-0500] {logging_mixin.py:188} INFO - [2025-11-11T20:36:00.629-0500] {dag.py:3947} INFO - Setting next_dagrun for ocr_pipeline_dag to None, run_after=None
[2025-11-11T20:36:00.651-0500] {processor.py:183} INFO - Processing /opt/airflow/dags/ocr_pipeline_dag.py took 0.920 seconds
[2025-11-11T20:36:31.246-0500] {processor.py:161} INFO - Started process (PID=8215) to work on /opt/airflow/dags/ocr_pipeline_dag.py
[2025-11-11T20:36:31.247-0500] {processor.py:830} INFO - Processing file /opt/airflow/dags/ocr_pipeline_dag.py for tasks to queue
[2025-11-11T20:36:31.248-0500] {logging_mixin.py:188} INFO - [2025-11-11T20:36:31.248-0500] {dagbag.py:545} INFO - Filling up the DagBag from /opt/airflow/dags/ocr_pipeline_dag.py
[2025-11-11T20:36:31.265-0500] {logging_mixin.py:188} INFO - 📂 Using project root: /opt/project
[2025-11-11T20:36:31.416-0500] {logging_mixin.py:188} INFO - [2025-11-11T20:36:31.416-0500] {credentials.py:1278} INFO - Found credentials in shared credentials file: ~/.aws/credentials
[2025-11-11T20:36:32.035-0500] {processor.py:840} INFO - DAG(s) 'ocr_pipeline_dag' retrieved from /opt/airflow/dags/ocr_pipeline_dag.py
[2025-11-11T20:36:32.062-0500] {logging_mixin.py:188} INFO - [2025-11-11T20:36:32.062-0500] {dag.py:3089} INFO - Sync 1 DAGs
[2025-11-11T20:36:32.074-0500] {logging_mixin.py:188} INFO - [2025-11-11T20:36:32.073-0500] {dag.py:3947} INFO - Setting next_dagrun for ocr_pipeline_dag to None, run_after=None
[2025-11-11T20:36:32.094-0500] {processor.py:183} INFO - Processing /opt/airflow/dags/ocr_pipeline_dag.py took 0.854 seconds
[2025-11-11T20:37:02.661-0500] {processor.py:161} INFO - Started process (PID=8221) to work on /opt/airflow/dags/ocr_pipeline_dag.py
[2025-11-11T20:37:02.662-0500] {processor.py:830} INFO - Processing file /opt/airflow/dags/ocr_pipeline_dag.py for tasks to queue
[2025-11-11T20:37:02.664-0500] {logging_mixin.py:188} INFO - [2025-11-11T20:37:02.663-0500] {dagbag.py:545} INFO - Filling up the DagBag from /opt/airflow/dags/ocr_pipeline_dag.py
[2025-11-11T20:37:02.681-0500] {logging_mixin.py:188} INFO - 📂 Using project root: /opt/project
[2025-11-11T20:37:02.841-0500] {logging_mixin.py:188} INFO - [2025-11-11T20:37:02.841-0500] {credentials.py:1278} INFO - Found credentials in shared credentials file: ~/.aws/credentials
[2025-11-11T20:37:03.503-0500] {processor.py:840} INFO - DAG(s) 'ocr_pipeline_dag' retrieved from /opt/airflow/dags/ocr_pipeline_dag.py
[2025-11-11T20:37:03.528-0500] {logging_mixin.py:188} INFO - [2025-11-11T20:37:03.527-0500] {dag.py:3089} INFO - Sync 1 DAGs
[2025-11-11T20:37:03.538-0500] {logging_mixin.py:188} INFO - [2025-11-11T20:37:03.538-0500] {dag.py:3947} INFO - Setting next_dagrun for ocr_pipeline_dag to None, run_after=None
[2025-11-11T20:37:03.557-0500] {processor.py:183} INFO - Processing /opt/airflow/dags/ocr_pipeline_dag.py took 0.903 seconds
[2025-11-11T20:37:34.201-0500] {processor.py:161} INFO - Started process (PID=8227) to work on /opt/airflow/dags/ocr_pipeline_dag.py
[2025-11-11T20:37:34.203-0500] {processor.py:830} INFO - Processing file /opt/airflow/dags/ocr_pipeline_dag.py for tasks to queue
[2025-11-11T20:37:34.204-0500] {logging_mixin.py:188} INFO - [2025-11-11T20:37:34.204-0500] {dagbag.py:545} INFO - Filling up the DagBag from /opt/airflow/dags/ocr_pipeline_dag.py
[2025-11-11T20:37:34.225-0500] {logging_mixin.py:188} INFO - 📂 Using project root: /opt/project
[2025-11-11T20:37:34.382-0500] {logging_mixin.py:188} INFO - [2025-11-11T20:37:34.382-0500] {credentials.py:1278} INFO - Found credentials in shared credentials file: ~/.aws/credentials
[2025-11-11T20:37:35.051-0500] {processor.py:840} INFO - DAG(s) 'ocr_pipeline_dag' retrieved from /opt/airflow/dags/ocr_pipeline_dag.py
[2025-11-11T20:37:35.079-0500] {logging_mixin.py:188} INFO - [2025-11-11T20:37:35.078-0500] {dag.py:3089} INFO - Sync 1 DAGs
[2025-11-11T20:37:35.091-0500] {logging_mixin.py:188} INFO - [2025-11-11T20:37:35.091-0500] {dag.py:3947} INFO - Setting next_dagrun for ocr_pipeline_dag to None, run_after=None
[2025-11-11T20:37:35.110-0500] {processor.py:183} INFO - Processing /opt/airflow/dags/ocr_pipeline_dag.py took 0.915 seconds
[2025-11-11T20:38:05.719-0500] {processor.py:161} INFO - Started process (PID=8233) to work on /opt/airflow/dags/ocr_pipeline_dag.py
[2025-11-11T20:38:05.720-0500] {processor.py:830} INFO - Processing file /opt/airflow/dags/ocr_pipeline_dag.py for tasks to queue
[2025-11-11T20:38:05.721-0500] {logging_mixin.py:188} INFO - [2025-11-11T20:38:05.721-0500] {dagbag.py:545} INFO - Filling up the DagBag from /opt/airflow/dags/ocr_pipeline_dag.py
[2025-11-11T20:38:05.741-0500] {logging_mixin.py:188} INFO - 📂 Using project root: /opt/project
[2025-11-11T20:38:05.978-0500] {logging_mixin.py:188} INFO - [2025-11-11T20:38:05.977-0500] {credentials.py:1278} INFO - Found credentials in shared credentials file: ~/.aws/credentials
[2025-11-11T20:38:06.633-0500] {processor.py:840} INFO - DAG(s) 'ocr_pipeline_dag' retrieved from /opt/airflow/dags/ocr_pipeline_dag.py
[2025-11-11T20:38:06.657-0500] {logging_mixin.py:188} INFO - [2025-11-11T20:38:06.657-0500] {dag.py:3089} INFO - Sync 1 DAGs
[2025-11-11T20:38:06.668-0500] {logging_mixin.py:188} INFO - [2025-11-11T20:38:06.668-0500] {dag.py:3947} INFO - Setting next_dagrun for ocr_pipeline_dag to None, run_after=None
[2025-11-11T20:38:06.688-0500] {processor.py:183} INFO - Processing /opt/airflow/dags/ocr_pipeline_dag.py took 0.975 seconds
[2025-11-11T20:38:37.373-0500] {processor.py:161} INFO - Started process (PID=8239) to work on /opt/airflow/dags/ocr_pipeline_dag.py
[2025-11-11T20:38:37.374-0500] {processor.py:830} INFO - Processing file /opt/airflow/dags/ocr_pipeline_dag.py for tasks to queue
[2025-11-11T20:38:37.375-0500] {logging_mixin.py:188} INFO - [2025-11-11T20:38:37.375-0500] {dagbag.py:545} INFO - Filling up the DagBag from /opt/airflow/dags/ocr_pipeline_dag.py
[2025-11-11T20:38:37.393-0500] {logging_mixin.py:188} INFO - 📂 Using project root: /opt/project
[2025-11-11T20:38:37.540-0500] {logging_mixin.py:188} INFO - [2025-11-11T20:38:37.539-0500] {credentials.py:1278} INFO - Found credentials in shared credentials file: ~/.aws/credentials
[2025-11-11T20:38:38.177-0500] {processor.py:840} INFO - DAG(s) 'ocr_pipeline_dag' retrieved from /opt/airflow/dags/ocr_pipeline_dag.py
[2025-11-11T20:38:38.203-0500] {logging_mixin.py:188} INFO - [2025-11-11T20:38:38.202-0500] {dag.py:3089} INFO - Sync 1 DAGs
[2025-11-11T20:38:38.213-0500] {logging_mixin.py:188} INFO - [2025-11-11T20:38:38.213-0500] {dag.py:3947} INFO - Setting next_dagrun for ocr_pipeline_dag to None, run_after=None
[2025-11-11T20:38:38.233-0500] {processor.py:183} INFO - Processing /opt/airflow/dags/ocr_pipeline_dag.py took 0.866 seconds
[2025-11-11T20:39:08.833-0500] {processor.py:161} INFO - Started process (PID=8245) to work on /opt/airflow/dags/ocr_pipeline_dag.py
[2025-11-11T20:39:08.834-0500] {processor.py:830} INFO - Processing file /opt/airflow/dags/ocr_pipeline_dag.py for tasks to queue
[2025-11-11T20:39:08.836-0500] {logging_mixin.py:188} INFO - [2025-11-11T20:39:08.835-0500] {dagbag.py:545} INFO - Filling up the DagBag from /opt/airflow/dags/ocr_pipeline_dag.py
[2025-11-11T20:39:08.855-0500] {logging_mixin.py:188} INFO - 📂 Using project root: /opt/project
[2025-11-11T20:39:09.016-0500] {logging_mixin.py:188} INFO - [2025-11-11T20:39:09.015-0500] {credentials.py:1278} INFO - Found credentials in shared credentials file: ~/.aws/credentials
[2025-11-11T20:39:09.687-0500] {processor.py:840} INFO - DAG(s) 'ocr_pipeline_dag' retrieved from /opt/airflow/dags/ocr_pipeline_dag.py
[2025-11-11T20:39:09.716-0500] {logging_mixin.py:188} INFO - [2025-11-11T20:39:09.716-0500] {dag.py:3089} INFO - Sync 1 DAGs
[2025-11-11T20:39:09.729-0500] {logging_mixin.py:188} INFO - [2025-11-11T20:39:09.728-0500] {dag.py:3947} INFO - Setting next_dagrun for ocr_pipeline_dag to None, run_after=None
[2025-11-11T20:39:09.751-0500] {processor.py:183} INFO - Processing /opt/airflow/dags/ocr_pipeline_dag.py took 0.924 seconds
[2025-11-11T20:39:40.389-0500] {processor.py:161} INFO - Started process (PID=8251) to work on /opt/airflow/dags/ocr_pipeline_dag.py
[2025-11-11T20:39:40.391-0500] {processor.py:830} INFO - Processing file /opt/airflow/dags/ocr_pipeline_dag.py for tasks to queue
[2025-11-11T20:39:40.392-0500] {logging_mixin.py:188} INFO - [2025-11-11T20:39:40.392-0500] {dagbag.py:545} INFO - Filling up the DagBag from /opt/airflow/dags/ocr_pipeline_dag.py
[2025-11-11T20:39:40.415-0500] {logging_mixin.py:188} INFO - 📂 Using project root: /opt/project
[2025-11-11T20:39:40.578-0500] {logging_mixin.py:188} INFO - [2025-11-11T20:39:40.578-0500] {credentials.py:1278} INFO - Found credentials in shared credentials file: ~/.aws/credentials
[2025-11-11T20:39:41.194-0500] {processor.py:840} INFO - DAG(s) 'ocr_pipeline_dag' retrieved from /opt/airflow/dags/ocr_pipeline_dag.py
[2025-11-11T20:39:41.227-0500] {logging_mixin.py:188} INFO - [2025-11-11T20:39:41.226-0500] {dag.py:3089} INFO - Sync 1 DAGs
[2025-11-11T20:39:41.238-0500] {logging_mixin.py:188} INFO - [2025-11-11T20:39:41.238-0500] {dag.py:3947} INFO - Setting next_dagrun for ocr_pipeline_dag to None, run_after=None
[2025-11-11T20:39:41.259-0500] {processor.py:183} INFO - Processing /opt/airflow/dags/ocr_pipeline_dag.py took 0.877 seconds
[2025-11-11T20:40:11.796-0500] {processor.py:161} INFO - Started process (PID=8257) to work on /opt/airflow/dags/ocr_pipeline_dag.py
[2025-11-11T20:40:11.797-0500] {processor.py:830} INFO - Processing file /opt/airflow/dags/ocr_pipeline_dag.py for tasks to queue
[2025-11-11T20:40:11.798-0500] {logging_mixin.py:188} INFO - [2025-11-11T20:40:11.798-0500] {dagbag.py:545} INFO - Filling up the DagBag from /opt/airflow/dags/ocr_pipeline_dag.py
[2025-11-11T20:40:11.813-0500] {logging_mixin.py:188} INFO - 📂 Using project root: /opt/project
[2025-11-11T20:40:11.970-0500] {logging_mixin.py:188} INFO - [2025-11-11T20:40:11.969-0500] {credentials.py:1278} INFO - Found credentials in shared credentials file: ~/.aws/credentials
[2025-11-11T20:40:12.629-0500] {processor.py:840} INFO - DAG(s) 'ocr_pipeline_dag' retrieved from /opt/airflow/dags/ocr_pipeline_dag.py
[2025-11-11T20:40:12.654-0500] {logging_mixin.py:188} INFO - [2025-11-11T20:40:12.654-0500] {dag.py:3089} INFO - Sync 1 DAGs
[2025-11-11T20:40:12.666-0500] {logging_mixin.py:188} INFO - [2025-11-11T20:40:12.666-0500] {dag.py:3947} INFO - Setting next_dagrun for ocr_pipeline_dag to None, run_after=None
[2025-11-11T20:40:12.687-0500] {processor.py:183} INFO - Processing /opt/airflow/dags/ocr_pipeline_dag.py took 0.897 seconds
[2025-11-11T20:40:43.298-0500] {processor.py:161} INFO - Started process (PID=8263) to work on /opt/airflow/dags/ocr_pipeline_dag.py
[2025-11-11T20:40:43.300-0500] {processor.py:830} INFO - Processing file /opt/airflow/dags/ocr_pipeline_dag.py for tasks to queue
[2025-11-11T20:40:43.301-0500] {logging_mixin.py:188} INFO - [2025-11-11T20:40:43.301-0500] {dagbag.py:545} INFO - Filling up the DagBag from /opt/airflow/dags/ocr_pipeline_dag.py
[2025-11-11T20:40:43.321-0500] {logging_mixin.py:188} INFO - 📂 Using project root: /opt/project
[2025-11-11T20:40:43.482-0500] {logging_mixin.py:188} INFO - [2025-11-11T20:40:43.481-0500] {credentials.py:1278} INFO - Found credentials in shared credentials file: ~/.aws/credentials
[2025-11-11T20:40:44.141-0500] {processor.py:840} INFO - DAG(s) 'ocr_pipeline_dag' retrieved from /opt/airflow/dags/ocr_pipeline_dag.py
[2025-11-11T20:40:44.167-0500] {logging_mixin.py:188} INFO - [2025-11-11T20:40:44.167-0500] {dag.py:3089} INFO - Sync 1 DAGs
[2025-11-11T20:40:44.180-0500] {logging_mixin.py:188} INFO - [2025-11-11T20:40:44.180-0500] {dag.py:3947} INFO - Setting next_dagrun for ocr_pipeline_dag to None, run_after=None
[2025-11-11T20:40:44.200-0500] {processor.py:183} INFO - Processing /opt/airflow/dags/ocr_pipeline_dag.py took 0.911 seconds
[2025-11-11T20:41:14.786-0500] {processor.py:161} INFO - Started process (PID=8269) to work on /opt/airflow/dags/ocr_pipeline_dag.py
[2025-11-11T20:41:14.788-0500] {processor.py:830} INFO - Processing file /opt/airflow/dags/ocr_pipeline_dag.py for tasks to queue
[2025-11-11T20:41:14.789-0500] {logging_mixin.py:188} INFO - [2025-11-11T20:41:14.789-0500] {dagbag.py:545} INFO - Filling up the DagBag from /opt/airflow/dags/ocr_pipeline_dag.py
[2025-11-11T20:41:14.809-0500] {logging_mixin.py:188} INFO - 📂 Using project root: /opt/project
[2025-11-11T20:41:14.991-0500] {logging_mixin.py:188} INFO - [2025-11-11T20:41:14.990-0500] {credentials.py:1278} INFO - Found credentials in shared credentials file: ~/.aws/credentials
[2025-11-11T20:41:15.693-0500] {processor.py:840} INFO - DAG(s) 'ocr_pipeline_dag' retrieved from /opt/airflow/dags/ocr_pipeline_dag.py
[2025-11-11T20:41:15.720-0500] {logging_mixin.py:188} INFO - [2025-11-11T20:41:15.720-0500] {dag.py:3089} INFO - Sync 1 DAGs
[2025-11-11T20:41:15.731-0500] {logging_mixin.py:188} INFO - [2025-11-11T20:41:15.731-0500] {dag.py:3947} INFO - Setting next_dagrun for ocr_pipeline_dag to None, run_after=None
[2025-11-11T20:41:15.754-0500] {processor.py:183} INFO - Processing /opt/airflow/dags/ocr_pipeline_dag.py took 0.973 seconds
[2025-11-11T20:41:46.321-0500] {processor.py:161} INFO - Started process (PID=8275) to work on /opt/airflow/dags/ocr_pipeline_dag.py
[2025-11-11T20:41:46.322-0500] {processor.py:830} INFO - Processing file /opt/airflow/dags/ocr_pipeline_dag.py for tasks to queue
[2025-11-11T20:41:46.324-0500] {logging_mixin.py:188} INFO - [2025-11-11T20:41:46.323-0500] {dagbag.py:545} INFO - Filling up the DagBag from /opt/airflow/dags/ocr_pipeline_dag.py
[2025-11-11T20:41:46.339-0500] {logging_mixin.py:188} INFO - 📂 Using project root: /opt/project
[2025-11-11T20:41:46.495-0500] {logging_mixin.py:188} INFO - [2025-11-11T20:41:46.494-0500] {credentials.py:1278} INFO - Found credentials in shared credentials file: ~/.aws/credentials
[2025-11-11T20:41:47.128-0500] {processor.py:840} INFO - DAG(s) 'ocr_pipeline_dag' retrieved from /opt/airflow/dags/ocr_pipeline_dag.py
[2025-11-11T20:41:47.156-0500] {logging_mixin.py:188} INFO - [2025-11-11T20:41:47.156-0500] {dag.py:3089} INFO - Sync 1 DAGs
[2025-11-11T20:41:47.168-0500] {logging_mixin.py:188} INFO - [2025-11-11T20:41:47.168-0500] {dag.py:3947} INFO - Setting next_dagrun for ocr_pipeline_dag to None, run_after=None
[2025-11-11T20:41:47.188-0500] {processor.py:183} INFO - Processing /opt/airflow/dags/ocr_pipeline_dag.py took 0.874 seconds
[2025-11-11T20:42:17.696-0500] {processor.py:161} INFO - Started process (PID=8281) to work on /opt/airflow/dags/ocr_pipeline_dag.py
[2025-11-11T20:42:17.698-0500] {processor.py:830} INFO - Processing file /opt/airflow/dags/ocr_pipeline_dag.py for tasks to queue
[2025-11-11T20:42:17.699-0500] {logging_mixin.py:188} INFO - [2025-11-11T20:42:17.699-0500] {dagbag.py:545} INFO - Filling up the DagBag from /opt/airflow/dags/ocr_pipeline_dag.py
[2025-11-11T20:42:17.715-0500] {logging_mixin.py:188} INFO - 📂 Using project root: /opt/project
[2025-11-11T20:42:17.866-0500] {logging_mixin.py:188} INFO - [2025-11-11T20:42:17.866-0500] {credentials.py:1278} INFO - Found credentials in shared credentials file: ~/.aws/credentials
[2025-11-11T20:42:18.488-0500] {processor.py:840} INFO - DAG(s) 'ocr_pipeline_dag' retrieved from /opt/airflow/dags/ocr_pipeline_dag.py
[2025-11-11T20:42:18.522-0500] {logging_mixin.py:188} INFO - [2025-11-11T20:42:18.521-0500] {dag.py:3089} INFO - Sync 1 DAGs
[2025-11-11T20:42:18.532-0500] {logging_mixin.py:188} INFO - [2025-11-11T20:42:18.532-0500] {dag.py:3947} INFO - Setting next_dagrun for ocr_pipeline_dag to None, run_after=None
[2025-11-11T20:42:18.551-0500] {processor.py:183} INFO - Processing /opt/airflow/dags/ocr_pipeline_dag.py took 0.862 seconds
[2025-11-11T20:42:49.073-0500] {processor.py:161} INFO - Started process (PID=8287) to work on /opt/airflow/dags/ocr_pipeline_dag.py
[2025-11-11T20:42:49.074-0500] {processor.py:830} INFO - Processing file /opt/airflow/dags/ocr_pipeline_dag.py for tasks to queue
[2025-11-11T20:42:49.076-0500] {logging_mixin.py:188} INFO - [2025-11-11T20:42:49.075-0500] {dagbag.py:545} INFO - Filling up the DagBag from /opt/airflow/dags/ocr_pipeline_dag.py
[2025-11-11T20:42:49.094-0500] {logging_mixin.py:188} INFO - 📂 Using project root: /opt/project
[2025-11-11T20:42:49.242-0500] {logging_mixin.py:188} INFO - [2025-11-11T20:42:49.242-0500] {credentials.py:1278} INFO - Found credentials in shared credentials file: ~/.aws/credentials
[2025-11-11T20:42:49.836-0500] {processor.py:840} INFO - DAG(s) 'ocr_pipeline_dag' retrieved from /opt/airflow/dags/ocr_pipeline_dag.py
[2025-11-11T20:42:49.860-0500] {logging_mixin.py:188} INFO - [2025-11-11T20:42:49.860-0500] {dag.py:3089} INFO - Sync 1 DAGs
[2025-11-11T20:42:49.870-0500] {logging_mixin.py:188} INFO - [2025-11-11T20:42:49.870-0500] {dag.py:3947} INFO - Setting next_dagrun for ocr_pipeline_dag to None, run_after=None
[2025-11-11T20:42:49.890-0500] {processor.py:183} INFO - Processing /opt/airflow/dags/ocr_pipeline_dag.py took 0.822 seconds
[2025-11-11T20:43:20.436-0500] {processor.py:161} INFO - Started process (PID=8293) to work on /opt/airflow/dags/ocr_pipeline_dag.py
[2025-11-11T20:43:20.438-0500] {processor.py:830} INFO - Processing file /opt/airflow/dags/ocr_pipeline_dag.py for tasks to queue
[2025-11-11T20:43:20.439-0500] {logging_mixin.py:188} INFO - [2025-11-11T20:43:20.438-0500] {dagbag.py:545} INFO - Filling up the DagBag from /opt/airflow/dags/ocr_pipeline_dag.py
[2025-11-11T20:43:20.461-0500] {logging_mixin.py:188} INFO - 📂 Using project root: /opt/project
[2025-11-11T20:43:20.612-0500] {logging_mixin.py:188} INFO - [2025-11-11T20:43:20.611-0500] {credentials.py:1278} INFO - Found credentials in shared credentials file: ~/.aws/credentials
[2025-11-11T20:43:21.232-0500] {processor.py:840} INFO - DAG(s) 'ocr_pipeline_dag' retrieved from /opt/airflow/dags/ocr_pipeline_dag.py
[2025-11-11T20:43:21.256-0500] {logging_mixin.py:188} INFO - [2025-11-11T20:43:21.256-0500] {dag.py:3089} INFO - Sync 1 DAGs
[2025-11-11T20:43:21.268-0500] {logging_mixin.py:188} INFO - [2025-11-11T20:43:21.267-0500] {dag.py:3947} INFO - Setting next_dagrun for ocr_pipeline_dag to None, run_after=None
[2025-11-11T20:43:21.295-0500] {processor.py:183} INFO - Processing /opt/airflow/dags/ocr_pipeline_dag.py took 0.865 seconds
[2025-11-11T20:43:51.928-0500] {processor.py:161} INFO - Started process (PID=8299) to work on /opt/airflow/dags/ocr_pipeline_dag.py
[2025-11-11T20:43:51.929-0500] {processor.py:830} INFO - Processing file /opt/airflow/dags/ocr_pipeline_dag.py for tasks to queue
[2025-11-11T20:43:51.931-0500] {logging_mixin.py:188} INFO - [2025-11-11T20:43:51.930-0500] {dagbag.py:545} INFO - Filling up the DagBag from /opt/airflow/dags/ocr_pipeline_dag.py
[2025-11-11T20:43:51.950-0500] {logging_mixin.py:188} INFO - 📂 Using project root: /opt/project
[2025-11-11T20:43:52.102-0500] {logging_mixin.py:188} INFO - [2025-11-11T20:43:52.102-0500] {credentials.py:1278} INFO - Found credentials in shared credentials file: ~/.aws/credentials
[2025-11-11T20:43:52.731-0500] {processor.py:840} INFO - DAG(s) 'ocr_pipeline_dag' retrieved from /opt/airflow/dags/ocr_pipeline_dag.py
[2025-11-11T20:43:52.763-0500] {logging_mixin.py:188} INFO - [2025-11-11T20:43:52.763-0500] {dag.py:3089} INFO - Sync 1 DAGs
[2025-11-11T20:43:52.775-0500] {logging_mixin.py:188} INFO - [2025-11-11T20:43:52.775-0500] {dag.py:3947} INFO - Setting next_dagrun for ocr_pipeline_dag to None, run_after=None
[2025-11-11T20:43:52.795-0500] {processor.py:183} INFO - Processing /opt/airflow/dags/ocr_pipeline_dag.py took 0.874 seconds
[2025-11-11T20:44:23.363-0500] {processor.py:161} INFO - Started process (PID=8305) to work on /opt/airflow/dags/ocr_pipeline_dag.py
[2025-11-11T20:44:23.364-0500] {processor.py:830} INFO - Processing file /opt/airflow/dags/ocr_pipeline_dag.py for tasks to queue
[2025-11-11T20:44:23.366-0500] {logging_mixin.py:188} INFO - [2025-11-11T20:44:23.365-0500] {dagbag.py:545} INFO - Filling up the DagBag from /opt/airflow/dags/ocr_pipeline_dag.py
[2025-11-11T20:44:23.385-0500] {logging_mixin.py:188} INFO - 📂 Using project root: /opt/project
[2025-11-11T20:44:23.544-0500] {logging_mixin.py:188} INFO - [2025-11-11T20:44:23.544-0500] {credentials.py:1278} INFO - Found credentials in shared credentials file: ~/.aws/credentials
[2025-11-11T20:44:24.133-0500] {processor.py:840} INFO - DAG(s) 'ocr_pipeline_dag' retrieved from /opt/airflow/dags/ocr_pipeline_dag.py
[2025-11-11T20:44:24.157-0500] {logging_mixin.py:188} INFO - [2025-11-11T20:44:24.157-0500] {dag.py:3089} INFO - Sync 1 DAGs
[2025-11-11T20:44:24.168-0500] {logging_mixin.py:188} INFO - [2025-11-11T20:44:24.167-0500] {dag.py:3947} INFO - Setting next_dagrun for ocr_pipeline_dag to None, run_after=None
[2025-11-11T20:44:24.188-0500] {processor.py:183} INFO - Processing /opt/airflow/dags/ocr_pipeline_dag.py took 0.831 seconds
[2025-11-11T20:44:54.737-0500] {processor.py:161} INFO - Started process (PID=8311) to work on /opt/airflow/dags/ocr_pipeline_dag.py
[2025-11-11T20:44:54.739-0500] {processor.py:830} INFO - Processing file /opt/airflow/dags/ocr_pipeline_dag.py for tasks to queue
[2025-11-11T20:44:54.740-0500] {logging_mixin.py:188} INFO - [2025-11-11T20:44:54.740-0500] {dagbag.py:545} INFO - Filling up the DagBag from /opt/airflow/dags/ocr_pipeline_dag.py
[2025-11-11T20:44:54.757-0500] {logging_mixin.py:188} INFO - 📂 Using project root: /opt/project
[2025-11-11T20:44:54.904-0500] {logging_mixin.py:188} INFO - [2025-11-11T20:44:54.904-0500] {credentials.py:1278} INFO - Found credentials in shared credentials file: ~/.aws/credentials
[2025-11-11T20:44:55.541-0500] {processor.py:840} INFO - DAG(s) 'ocr_pipeline_dag' retrieved from /opt/airflow/dags/ocr_pipeline_dag.py
[2025-11-11T20:44:55.571-0500] {logging_mixin.py:188} INFO - [2025-11-11T20:44:55.571-0500] {dag.py:3089} INFO - Sync 1 DAGs
[2025-11-11T20:44:55.584-0500] {logging_mixin.py:188} INFO - [2025-11-11T20:44:55.584-0500] {dag.py:3947} INFO - Setting next_dagrun for ocr_pipeline_dag to None, run_after=None
[2025-11-11T20:44:55.603-0500] {processor.py:183} INFO - Processing /opt/airflow/dags/ocr_pipeline_dag.py took 0.871 seconds
[2025-11-11T20:45:26.228-0500] {processor.py:161} INFO - Started process (PID=8317) to work on /opt/airflow/dags/ocr_pipeline_dag.py
[2025-11-11T20:45:26.229-0500] {processor.py:830} INFO - Processing file /opt/airflow/dags/ocr_pipeline_dag.py for tasks to queue
[2025-11-11T20:45:26.231-0500] {logging_mixin.py:188} INFO - [2025-11-11T20:45:26.230-0500] {dagbag.py:545} INFO - Filling up the DagBag from /opt/airflow/dags/ocr_pipeline_dag.py
[2025-11-11T20:45:26.250-0500] {logging_mixin.py:188} INFO - 📂 Using project root: /opt/project
[2025-11-11T20:45:26.409-0500] {logging_mixin.py:188} INFO - [2025-11-11T20:45:26.409-0500] {credentials.py:1278} INFO - Found credentials in shared credentials file: ~/.aws/credentials
[2025-11-11T20:45:27.070-0500] {processor.py:840} INFO - DAG(s) 'ocr_pipeline_dag' retrieved from /opt/airflow/dags/ocr_pipeline_dag.py
[2025-11-11T20:45:27.093-0500] {logging_mixin.py:188} INFO - [2025-11-11T20:45:27.093-0500] {dag.py:3089} INFO - Sync 1 DAGs
[2025-11-11T20:45:27.104-0500] {logging_mixin.py:188} INFO - [2025-11-11T20:45:27.104-0500] {dag.py:3947} INFO - Setting next_dagrun for ocr_pipeline_dag to None, run_after=None
[2025-11-11T20:45:27.131-0500] {processor.py:183} INFO - Processing /opt/airflow/dags/ocr_pipeline_dag.py took 0.910 seconds
[2025-11-11T20:45:57.723-0500] {processor.py:161} INFO - Started process (PID=8323) to work on /opt/airflow/dags/ocr_pipeline_dag.py
[2025-11-11T20:45:57.724-0500] {processor.py:830} INFO - Processing file /opt/airflow/dags/ocr_pipeline_dag.py for tasks to queue
[2025-11-11T20:45:57.726-0500] {logging_mixin.py:188} INFO - [2025-11-11T20:45:57.725-0500] {dagbag.py:545} INFO - Filling up the DagBag from /opt/airflow/dags/ocr_pipeline_dag.py
[2025-11-11T20:45:57.744-0500] {logging_mixin.py:188} INFO - 📂 Using project root: /opt/project
[2025-11-11T20:45:57.915-0500] {logging_mixin.py:188} INFO - [2025-11-11T20:45:57.914-0500] {credentials.py:1278} INFO - Found credentials in shared credentials file: ~/.aws/credentials
[2025-11-11T20:45:58.609-0500] {processor.py:840} INFO - DAG(s) 'ocr_pipeline_dag' retrieved from /opt/airflow/dags/ocr_pipeline_dag.py
[2025-11-11T20:45:58.635-0500] {logging_mixin.py:188} INFO - [2025-11-11T20:45:58.634-0500] {dag.py:3089} INFO - Sync 1 DAGs
[2025-11-11T20:45:58.645-0500] {logging_mixin.py:188} INFO - [2025-11-11T20:45:58.645-0500] {dag.py:3947} INFO - Setting next_dagrun for ocr_pipeline_dag to None, run_after=None
[2025-11-11T20:45:58.676-0500] {processor.py:183} INFO - Processing /opt/airflow/dags/ocr_pipeline_dag.py took 0.959 seconds
[2025-11-11T20:46:29.164-0500] {processor.py:161} INFO - Started process (PID=8329) to work on /opt/airflow/dags/ocr_pipeline_dag.py
[2025-11-11T20:46:29.165-0500] {processor.py:830} INFO - Processing file /opt/airflow/dags/ocr_pipeline_dag.py for tasks to queue
[2025-11-11T20:46:29.166-0500] {logging_mixin.py:188} INFO - [2025-11-11T20:46:29.166-0500] {dagbag.py:545} INFO - Filling up the DagBag from /opt/airflow/dags/ocr_pipeline_dag.py
[2025-11-11T20:46:29.185-0500] {logging_mixin.py:188} INFO - 📂 Using project root: /opt/project
[2025-11-11T20:46:29.344-0500] {logging_mixin.py:188} INFO - [2025-11-11T20:46:29.344-0500] {credentials.py:1278} INFO - Found credentials in shared credentials file: ~/.aws/credentials
[2025-11-11T20:46:29.978-0500] {processor.py:840} INFO - DAG(s) 'ocr_pipeline_dag' retrieved from /opt/airflow/dags/ocr_pipeline_dag.py
[2025-11-11T20:46:30.001-0500] {logging_mixin.py:188} INFO - [2025-11-11T20:46:30.000-0500] {dag.py:3089} INFO - Sync 1 DAGs
[2025-11-11T20:46:30.013-0500] {logging_mixin.py:188} INFO - [2025-11-11T20:46:30.013-0500] {dag.py:3947} INFO - Setting next_dagrun for ocr_pipeline_dag to None, run_after=None
[2025-11-11T20:46:30.042-0500] {processor.py:183} INFO - Processing /opt/airflow/dags/ocr_pipeline_dag.py took 0.885 seconds
[2025-11-11T20:47:00.552-0500] {processor.py:161} INFO - Started process (PID=8335) to work on /opt/airflow/dags/ocr_pipeline_dag.py
[2025-11-11T20:47:00.554-0500] {processor.py:830} INFO - Processing file /opt/airflow/dags/ocr_pipeline_dag.py for tasks to queue
[2025-11-11T20:47:00.555-0500] {logging_mixin.py:188} INFO - [2025-11-11T20:47:00.554-0500] {dagbag.py:545} INFO - Filling up the DagBag from /opt/airflow/dags/ocr_pipeline_dag.py
[2025-11-11T20:47:00.572-0500] {logging_mixin.py:188} INFO - 📂 Using project root: /opt/project
[2025-11-11T20:47:00.729-0500] {logging_mixin.py:188} INFO - [2025-11-11T20:47:00.728-0500] {credentials.py:1278} INFO - Found credentials in shared credentials file: ~/.aws/credentials
[2025-11-11T20:47:01.359-0500] {processor.py:840} INFO - DAG(s) 'ocr_pipeline_dag' retrieved from /opt/airflow/dags/ocr_pipeline_dag.py
[2025-11-11T20:47:01.387-0500] {logging_mixin.py:188} INFO - [2025-11-11T20:47:01.386-0500] {dag.py:3089} INFO - Sync 1 DAGs
[2025-11-11T20:47:01.398-0500] {logging_mixin.py:188} INFO - [2025-11-11T20:47:01.398-0500] {dag.py:3947} INFO - Setting next_dagrun for ocr_pipeline_dag to None, run_after=None
[2025-11-11T20:47:01.417-0500] {processor.py:183} INFO - Processing /opt/airflow/dags/ocr_pipeline_dag.py took 0.873 seconds
[2025-11-11T22:27:26.138-0500] {processor.py:161} INFO - Started process (PID=8341) to work on /opt/airflow/dags/ocr_pipeline_dag.py
[2025-11-11T22:27:26.144-0500] {processor.py:830} INFO - Processing file /opt/airflow/dags/ocr_pipeline_dag.py for tasks to queue
[2025-11-11T22:27:26.152-0500] {logging_mixin.py:188} INFO - [2025-11-11T22:27:26.151-0500] {dagbag.py:545} INFO - Filling up the DagBag from /opt/airflow/dags/ocr_pipeline_dag.py
[2025-11-11T22:27:26.198-0500] {logging_mixin.py:188} INFO - 📂 Using project root: /opt/project
[2025-11-11T22:27:26.999-0500] {logging_mixin.py:188} INFO - [2025-11-11T22:27:26.998-0500] {credentials.py:1278} INFO - Found credentials in shared credentials file: ~/.aws/credentials
