[2025-11-09T23:05:28.816-0500] {processor.py:161} INFO - Started process (PID=3443) to work on /opt/airflow/dags/ocr_pipeline_dag.py
[2025-11-09T23:05:28.933-0500] {processor.py:830} INFO - Processing file /opt/airflow/dags/ocr_pipeline_dag.py for tasks to queue
[2025-11-09T23:05:29.530-0500] {logging_mixin.py:188} INFO - [2025-11-09T23:05:29.427-0500] {dagbag.py:545} INFO - Filling up the DagBag from /opt/airflow/dags/ocr_pipeline_dag.py
[2025-11-09T23:05:30.214-0500] {logging_mixin.py:188} INFO - 📂 Using project root: /opt/project
[2025-11-09T23:05:40.167-0500] {logging_mixin.py:188} INFO - [2025-11-09T23:05:40.165-0500] {credentials.py:1278} INFO - Found credentials in shared credentials file: ~/.aws/credentials
[2025-11-09T23:06:01.448-0500] {logging_mixin.py:188} INFO - [2025-11-09T23:06:01.443-0500] {timeout.py:68} ERROR - Process timed out, PID: 3443
[2025-11-09T23:06:33.077-0500] {processor.py:161} INFO - Started process (PID=3449) to work on /opt/airflow/dags/ocr_pipeline_dag.py
[2025-11-09T23:06:33.125-0500] {processor.py:830} INFO - Processing file /opt/airflow/dags/ocr_pipeline_dag.py for tasks to queue
[2025-11-09T23:06:33.159-0500] {logging_mixin.py:188} INFO - [2025-11-09T23:06:33.145-0500] {dagbag.py:545} INFO - Filling up the DagBag from /opt/airflow/dags/ocr_pipeline_dag.py
[2025-11-09T23:06:33.314-0500] {logging_mixin.py:188} INFO - 📂 Using project root: /opt/project
[2025-11-09T23:06:34.984-0500] {logging_mixin.py:188} INFO - [2025-11-09T23:06:34.983-0500] {credentials.py:1278} INFO - Found credentials in shared credentials file: ~/.aws/credentials
[2025-11-09T23:06:43.874-0500] {processor.py:840} INFO - DAG(s) 'ocr_pipeline_dag' retrieved from /opt/airflow/dags/ocr_pipeline_dag.py
[2025-11-09T23:06:44.253-0500] {logging_mixin.py:188} INFO - [2025-11-09T23:06:44.252-0500] {dag.py:3089} INFO - Sync 1 DAGs
[2025-11-09T23:06:44.282-0500] {logging_mixin.py:188} INFO - [2025-11-09T23:06:44.282-0500] {dag.py:3947} INFO - Setting next_dagrun for ocr_pipeline_dag to None, run_after=None
[2025-11-09T23:06:44.341-0500] {processor.py:183} INFO - Processing /opt/airflow/dags/ocr_pipeline_dag.py took 11.723 seconds
[2025-11-09T23:07:14.747-0500] {processor.py:161} INFO - Started process (PID=3455) to work on /opt/airflow/dags/ocr_pipeline_dag.py
[2025-11-09T23:07:14.749-0500] {processor.py:830} INFO - Processing file /opt/airflow/dags/ocr_pipeline_dag.py for tasks to queue
[2025-11-09T23:07:14.751-0500] {logging_mixin.py:188} INFO - [2025-11-09T23:07:14.750-0500] {dagbag.py:545} INFO - Filling up the DagBag from /opt/airflow/dags/ocr_pipeline_dag.py
[2025-11-09T23:07:14.783-0500] {logging_mixin.py:188} INFO - 📂 Using project root: /opt/project
[2025-11-09T23:07:15.047-0500] {logging_mixin.py:188} INFO - [2025-11-09T23:07:15.047-0500] {credentials.py:1278} INFO - Found credentials in shared credentials file: ~/.aws/credentials
[2025-11-09T23:07:16.017-0500] {processor.py:840} INFO - DAG(s) 'ocr_pipeline_dag' retrieved from /opt/airflow/dags/ocr_pipeline_dag.py
[2025-11-09T23:07:16.094-0500] {logging_mixin.py:188} INFO - [2025-11-09T23:07:16.094-0500] {dag.py:3089} INFO - Sync 1 DAGs
[2025-11-09T23:07:16.111-0500] {logging_mixin.py:188} INFO - [2025-11-09T23:07:16.111-0500] {dag.py:3947} INFO - Setting next_dagrun for ocr_pipeline_dag to None, run_after=None
[2025-11-09T23:07:16.299-0500] {processor.py:183} INFO - Processing /opt/airflow/dags/ocr_pipeline_dag.py took 1.569 seconds
[2025-11-09T23:07:46.459-0500] {processor.py:161} INFO - Started process (PID=3461) to work on /opt/airflow/dags/ocr_pipeline_dag.py
[2025-11-09T23:07:46.461-0500] {processor.py:830} INFO - Processing file /opt/airflow/dags/ocr_pipeline_dag.py for tasks to queue
[2025-11-09T23:07:46.463-0500] {logging_mixin.py:188} INFO - [2025-11-09T23:07:46.463-0500] {dagbag.py:545} INFO - Filling up the DagBag from /opt/airflow/dags/ocr_pipeline_dag.py
[2025-11-09T23:07:46.486-0500] {logging_mixin.py:188} INFO - 📂 Using project root: /opt/project
[2025-11-09T23:07:46.726-0500] {logging_mixin.py:188} INFO - [2025-11-09T23:07:46.725-0500] {credentials.py:1278} INFO - Found credentials in shared credentials file: ~/.aws/credentials
[2025-11-09T23:07:47.830-0500] {processor.py:840} INFO - DAG(s) 'ocr_pipeline_dag' retrieved from /opt/airflow/dags/ocr_pipeline_dag.py
[2025-11-09T23:07:47.878-0500] {logging_mixin.py:188} INFO - [2025-11-09T23:07:47.878-0500] {dag.py:3089} INFO - Sync 1 DAGs
[2025-11-09T23:07:47.897-0500] {logging_mixin.py:188} INFO - [2025-11-09T23:07:47.897-0500] {dag.py:3947} INFO - Setting next_dagrun for ocr_pipeline_dag to None, run_after=None
[2025-11-09T23:07:47.923-0500] {processor.py:183} INFO - Processing /opt/airflow/dags/ocr_pipeline_dag.py took 1.486 seconds
[2025-11-09T23:08:18.381-0500] {processor.py:161} INFO - Started process (PID=3467) to work on /opt/airflow/dags/ocr_pipeline_dag.py
[2025-11-09T23:08:18.385-0500] {processor.py:830} INFO - Processing file /opt/airflow/dags/ocr_pipeline_dag.py for tasks to queue
[2025-11-09T23:08:18.387-0500] {logging_mixin.py:188} INFO - [2025-11-09T23:08:18.386-0500] {dagbag.py:545} INFO - Filling up the DagBag from /opt/airflow/dags/ocr_pipeline_dag.py
[2025-11-09T23:08:18.440-0500] {logging_mixin.py:188} INFO - 📂 Using project root: /opt/project
[2025-11-09T23:08:18.731-0500] {logging_mixin.py:188} INFO - [2025-11-09T23:08:18.731-0500] {credentials.py:1278} INFO - Found credentials in shared credentials file: ~/.aws/credentials
[2025-11-09T23:08:19.558-0500] {processor.py:840} INFO - DAG(s) 'ocr_pipeline_dag' retrieved from /opt/airflow/dags/ocr_pipeline_dag.py
[2025-11-09T23:08:19.589-0500] {logging_mixin.py:188} INFO - [2025-11-09T23:08:19.588-0500] {dag.py:3089} INFO - Sync 1 DAGs
[2025-11-09T23:08:19.624-0500] {logging_mixin.py:188} INFO - [2025-11-09T23:08:19.623-0500] {dag.py:3947} INFO - Setting next_dagrun for ocr_pipeline_dag to None, run_after=None
[2025-11-09T23:08:19.942-0500] {processor.py:183} INFO - Processing /opt/airflow/dags/ocr_pipeline_dag.py took 1.577 seconds
[2025-11-09T23:08:50.221-0500] {processor.py:161} INFO - Started process (PID=3473) to work on /opt/airflow/dags/ocr_pipeline_dag.py
[2025-11-09T23:08:50.223-0500] {processor.py:830} INFO - Processing file /opt/airflow/dags/ocr_pipeline_dag.py for tasks to queue
[2025-11-09T23:08:50.227-0500] {logging_mixin.py:188} INFO - [2025-11-09T23:08:50.225-0500] {dagbag.py:545} INFO - Filling up the DagBag from /opt/airflow/dags/ocr_pipeline_dag.py
[2025-11-09T23:08:50.292-0500] {logging_mixin.py:188} INFO - 📂 Using project root: /opt/project
[2025-11-09T23:08:50.662-0500] {logging_mixin.py:188} INFO - [2025-11-09T23:08:50.662-0500] {credentials.py:1278} INFO - Found credentials in shared credentials file: ~/.aws/credentials
[2025-11-09T23:08:51.571-0500] {processor.py:840} INFO - DAG(s) 'ocr_pipeline_dag' retrieved from /opt/airflow/dags/ocr_pipeline_dag.py
[2025-11-09T23:08:51.654-0500] {logging_mixin.py:188} INFO - [2025-11-09T23:08:51.654-0500] {dag.py:3089} INFO - Sync 1 DAGs
[2025-11-09T23:08:51.668-0500] {logging_mixin.py:188} INFO - [2025-11-09T23:08:51.667-0500] {dag.py:3947} INFO - Setting next_dagrun for ocr_pipeline_dag to None, run_after=None
[2025-11-09T23:08:51.810-0500] {processor.py:183} INFO - Processing /opt/airflow/dags/ocr_pipeline_dag.py took 1.607 seconds
[2025-11-09T23:09:22.167-0500] {processor.py:161} INFO - Started process (PID=3479) to work on /opt/airflow/dags/ocr_pipeline_dag.py
[2025-11-09T23:09:22.169-0500] {processor.py:830} INFO - Processing file /opt/airflow/dags/ocr_pipeline_dag.py for tasks to queue
[2025-11-09T23:09:22.171-0500] {logging_mixin.py:188} INFO - [2025-11-09T23:09:22.170-0500] {dagbag.py:545} INFO - Filling up the DagBag from /opt/airflow/dags/ocr_pipeline_dag.py
[2025-11-09T23:09:22.197-0500] {logging_mixin.py:188} INFO - 📂 Using project root: /opt/project
[2025-11-09T23:09:22.429-0500] {logging_mixin.py:188} INFO - [2025-11-09T23:09:22.429-0500] {credentials.py:1278} INFO - Found credentials in shared credentials file: ~/.aws/credentials
[2025-11-09T23:09:23.270-0500] {processor.py:840} INFO - DAG(s) 'ocr_pipeline_dag' retrieved from /opt/airflow/dags/ocr_pipeline_dag.py
[2025-11-09T23:09:23.315-0500] {logging_mixin.py:188} INFO - [2025-11-09T23:09:23.315-0500] {dag.py:3089} INFO - Sync 1 DAGs
[2025-11-09T23:09:23.329-0500] {logging_mixin.py:188} INFO - [2025-11-09T23:09:23.328-0500] {dag.py:3947} INFO - Setting next_dagrun for ocr_pipeline_dag to None, run_after=None
[2025-11-09T23:09:23.355-0500] {processor.py:183} INFO - Processing /opt/airflow/dags/ocr_pipeline_dag.py took 1.201 seconds
[2025-11-09T23:09:53.632-0500] {processor.py:161} INFO - Started process (PID=3485) to work on /opt/airflow/dags/ocr_pipeline_dag.py
[2025-11-09T23:09:53.635-0500] {processor.py:830} INFO - Processing file /opt/airflow/dags/ocr_pipeline_dag.py for tasks to queue
[2025-11-09T23:09:53.637-0500] {logging_mixin.py:188} INFO - [2025-11-09T23:09:53.636-0500] {dagbag.py:545} INFO - Filling up the DagBag from /opt/airflow/dags/ocr_pipeline_dag.py
[2025-11-09T23:09:53.657-0500] {logging_mixin.py:188} INFO - 📂 Using project root: /opt/project
[2025-11-09T23:09:53.863-0500] {logging_mixin.py:188} INFO - [2025-11-09T23:09:53.863-0500] {credentials.py:1278} INFO - Found credentials in shared credentials file: ~/.aws/credentials
[2025-11-09T23:09:54.643-0500] {processor.py:840} INFO - DAG(s) 'ocr_pipeline_dag' retrieved from /opt/airflow/dags/ocr_pipeline_dag.py
[2025-11-09T23:09:54.680-0500] {logging_mixin.py:188} INFO - [2025-11-09T23:09:54.680-0500] {dag.py:3089} INFO - Sync 1 DAGs
[2025-11-09T23:09:54.694-0500] {logging_mixin.py:188} INFO - [2025-11-09T23:09:54.694-0500] {dag.py:3947} INFO - Setting next_dagrun for ocr_pipeline_dag to None, run_after=None
[2025-11-09T23:09:54.716-0500] {processor.py:183} INFO - Processing /opt/airflow/dags/ocr_pipeline_dag.py took 1.092 seconds
[2025-11-09T23:10:24.996-0500] {processor.py:161} INFO - Started process (PID=3491) to work on /opt/airflow/dags/ocr_pipeline_dag.py
[2025-11-09T23:10:24.998-0500] {processor.py:830} INFO - Processing file /opt/airflow/dags/ocr_pipeline_dag.py for tasks to queue
[2025-11-09T23:10:24.999-0500] {logging_mixin.py:188} INFO - [2025-11-09T23:10:24.999-0500] {dagbag.py:545} INFO - Filling up the DagBag from /opt/airflow/dags/ocr_pipeline_dag.py
[2025-11-09T23:10:25.024-0500] {logging_mixin.py:188} INFO - 📂 Using project root: /opt/project
[2025-11-09T23:10:25.242-0500] {logging_mixin.py:188} INFO - [2025-11-09T23:10:25.242-0500] {credentials.py:1278} INFO - Found credentials in shared credentials file: ~/.aws/credentials
[2025-11-09T23:10:26.019-0500] {processor.py:840} INFO - DAG(s) 'ocr_pipeline_dag' retrieved from /opt/airflow/dags/ocr_pipeline_dag.py
[2025-11-09T23:10:26.054-0500] {logging_mixin.py:188} INFO - [2025-11-09T23:10:26.054-0500] {dag.py:3089} INFO - Sync 1 DAGs
[2025-11-09T23:10:26.069-0500] {logging_mixin.py:188} INFO - [2025-11-09T23:10:26.068-0500] {dag.py:3947} INFO - Setting next_dagrun for ocr_pipeline_dag to None, run_after=None
[2025-11-09T23:10:26.095-0500] {processor.py:183} INFO - Processing /opt/airflow/dags/ocr_pipeline_dag.py took 1.107 seconds
[2025-11-09T23:10:56.333-0500] {processor.py:161} INFO - Started process (PID=3497) to work on /opt/airflow/dags/ocr_pipeline_dag.py
[2025-11-09T23:10:56.334-0500] {processor.py:830} INFO - Processing file /opt/airflow/dags/ocr_pipeline_dag.py for tasks to queue
[2025-11-09T23:10:56.337-0500] {logging_mixin.py:188} INFO - [2025-11-09T23:10:56.336-0500] {dagbag.py:545} INFO - Filling up the DagBag from /opt/airflow/dags/ocr_pipeline_dag.py
[2025-11-09T23:10:56.356-0500] {logging_mixin.py:188} INFO - 📂 Using project root: /opt/project
[2025-11-09T23:10:56.577-0500] {logging_mixin.py:188} INFO - [2025-11-09T23:10:56.576-0500] {credentials.py:1278} INFO - Found credentials in shared credentials file: ~/.aws/credentials
[2025-11-09T23:10:57.368-0500] {processor.py:840} INFO - DAG(s) 'ocr_pipeline_dag' retrieved from /opt/airflow/dags/ocr_pipeline_dag.py
[2025-11-09T23:10:57.399-0500] {logging_mixin.py:188} INFO - [2025-11-09T23:10:57.398-0500] {dag.py:3089} INFO - Sync 1 DAGs
[2025-11-09T23:10:57.416-0500] {logging_mixin.py:188} INFO - [2025-11-09T23:10:57.416-0500] {dag.py:3947} INFO - Setting next_dagrun for ocr_pipeline_dag to None, run_after=None
[2025-11-09T23:10:57.452-0500] {processor.py:183} INFO - Processing /opt/airflow/dags/ocr_pipeline_dag.py took 1.129 seconds
[2025-11-09T23:11:27.762-0500] {processor.py:161} INFO - Started process (PID=3503) to work on /opt/airflow/dags/ocr_pipeline_dag.py
[2025-11-09T23:11:27.765-0500] {processor.py:830} INFO - Processing file /opt/airflow/dags/ocr_pipeline_dag.py for tasks to queue
[2025-11-09T23:11:27.767-0500] {logging_mixin.py:188} INFO - [2025-11-09T23:11:27.767-0500] {dagbag.py:545} INFO - Filling up the DagBag from /opt/airflow/dags/ocr_pipeline_dag.py
[2025-11-09T23:11:27.793-0500] {logging_mixin.py:188} INFO - 📂 Using project root: /opt/project
[2025-11-09T23:11:28.005-0500] {logging_mixin.py:188} INFO - [2025-11-09T23:11:28.005-0500] {credentials.py:1278} INFO - Found credentials in shared credentials file: ~/.aws/credentials
[2025-11-09T23:11:28.752-0500] {processor.py:840} INFO - DAG(s) 'ocr_pipeline_dag' retrieved from /opt/airflow/dags/ocr_pipeline_dag.py
[2025-11-09T23:11:28.788-0500] {logging_mixin.py:188} INFO - [2025-11-09T23:11:28.787-0500] {dag.py:3089} INFO - Sync 1 DAGs
[2025-11-09T23:11:28.806-0500] {logging_mixin.py:188} INFO - [2025-11-09T23:11:28.805-0500] {dag.py:3947} INFO - Setting next_dagrun for ocr_pipeline_dag to None, run_after=None
[2025-11-09T23:11:28.833-0500] {processor.py:183} INFO - Processing /opt/airflow/dags/ocr_pipeline_dag.py took 1.085 seconds
[2025-11-09T23:11:59.107-0500] {processor.py:161} INFO - Started process (PID=3509) to work on /opt/airflow/dags/ocr_pipeline_dag.py
[2025-11-09T23:11:59.108-0500] {processor.py:830} INFO - Processing file /opt/airflow/dags/ocr_pipeline_dag.py for tasks to queue
[2025-11-09T23:11:59.110-0500] {logging_mixin.py:188} INFO - [2025-11-09T23:11:59.110-0500] {dagbag.py:545} INFO - Filling up the DagBag from /opt/airflow/dags/ocr_pipeline_dag.py
[2025-11-09T23:11:59.134-0500] {logging_mixin.py:188} INFO - 📂 Using project root: /opt/project
[2025-11-09T23:11:59.322-0500] {logging_mixin.py:188} INFO - [2025-11-09T23:11:59.322-0500] {credentials.py:1278} INFO - Found credentials in shared credentials file: ~/.aws/credentials
[2025-11-09T23:12:00.105-0500] {processor.py:840} INFO - DAG(s) 'ocr_pipeline_dag' retrieved from /opt/airflow/dags/ocr_pipeline_dag.py
[2025-11-09T23:12:00.155-0500] {logging_mixin.py:188} INFO - [2025-11-09T23:12:00.155-0500] {dag.py:3089} INFO - Sync 1 DAGs
[2025-11-09T23:12:00.170-0500] {logging_mixin.py:188} INFO - [2025-11-09T23:12:00.170-0500] {dag.py:3947} INFO - Setting next_dagrun for ocr_pipeline_dag to None, run_after=None
[2025-11-09T23:12:00.193-0500] {processor.py:183} INFO - Processing /opt/airflow/dags/ocr_pipeline_dag.py took 1.096 seconds
[2025-11-09T23:12:30.565-0500] {processor.py:161} INFO - Started process (PID=3515) to work on /opt/airflow/dags/ocr_pipeline_dag.py
[2025-11-09T23:12:30.567-0500] {processor.py:830} INFO - Processing file /opt/airflow/dags/ocr_pipeline_dag.py for tasks to queue
[2025-11-09T23:12:30.568-0500] {logging_mixin.py:188} INFO - [2025-11-09T23:12:30.568-0500] {dagbag.py:545} INFO - Filling up the DagBag from /opt/airflow/dags/ocr_pipeline_dag.py
[2025-11-09T23:12:30.587-0500] {logging_mixin.py:188} INFO - 📂 Using project root: /opt/project
[2025-11-09T23:12:30.775-0500] {logging_mixin.py:188} INFO - [2025-11-09T23:12:30.775-0500] {credentials.py:1278} INFO - Found credentials in shared credentials file: ~/.aws/credentials
[2025-11-09T23:12:31.554-0500] {processor.py:840} INFO - DAG(s) 'ocr_pipeline_dag' retrieved from /opt/airflow/dags/ocr_pipeline_dag.py
[2025-11-09T23:12:31.585-0500] {logging_mixin.py:188} INFO - [2025-11-09T23:12:31.585-0500] {dag.py:3089} INFO - Sync 1 DAGs
[2025-11-09T23:12:31.597-0500] {logging_mixin.py:188} INFO - [2025-11-09T23:12:31.597-0500] {dag.py:3947} INFO - Setting next_dagrun for ocr_pipeline_dag to None, run_after=None
[2025-11-09T23:12:31.618-0500] {processor.py:183} INFO - Processing /opt/airflow/dags/ocr_pipeline_dag.py took 1.059 seconds
[2025-11-09T23:13:01.892-0500] {processor.py:161} INFO - Started process (PID=3521) to work on /opt/airflow/dags/ocr_pipeline_dag.py
[2025-11-09T23:13:01.894-0500] {processor.py:830} INFO - Processing file /opt/airflow/dags/ocr_pipeline_dag.py for tasks to queue
[2025-11-09T23:13:01.896-0500] {logging_mixin.py:188} INFO - [2025-11-09T23:13:01.895-0500] {dagbag.py:545} INFO - Filling up the DagBag from /opt/airflow/dags/ocr_pipeline_dag.py
[2025-11-09T23:13:01.921-0500] {logging_mixin.py:188} INFO - 📂 Using project root: /opt/project
[2025-11-09T23:13:02.089-0500] {logging_mixin.py:188} INFO - [2025-11-09T23:13:02.089-0500] {credentials.py:1278} INFO - Found credentials in shared credentials file: ~/.aws/credentials
[2025-11-09T23:13:02.775-0500] {processor.py:840} INFO - DAG(s) 'ocr_pipeline_dag' retrieved from /opt/airflow/dags/ocr_pipeline_dag.py
[2025-11-09T23:13:02.819-0500] {logging_mixin.py:188} INFO - [2025-11-09T23:13:02.818-0500] {dag.py:3089} INFO - Sync 1 DAGs
[2025-11-09T23:13:02.835-0500] {logging_mixin.py:188} INFO - [2025-11-09T23:13:02.835-0500] {dag.py:3947} INFO - Setting next_dagrun for ocr_pipeline_dag to None, run_after=None
[2025-11-09T23:13:02.862-0500] {processor.py:183} INFO - Processing /opt/airflow/dags/ocr_pipeline_dag.py took 0.978 seconds
[2025-11-09T23:13:33.298-0500] {processor.py:161} INFO - Started process (PID=3527) to work on /opt/airflow/dags/ocr_pipeline_dag.py
[2025-11-09T23:13:33.300-0500] {processor.py:830} INFO - Processing file /opt/airflow/dags/ocr_pipeline_dag.py for tasks to queue
[2025-11-09T23:13:33.301-0500] {logging_mixin.py:188} INFO - [2025-11-09T23:13:33.301-0500] {dagbag.py:545} INFO - Filling up the DagBag from /opt/airflow/dags/ocr_pipeline_dag.py
[2025-11-09T23:13:33.325-0500] {logging_mixin.py:188} INFO - 📂 Using project root: /opt/project
[2025-11-09T23:13:33.525-0500] {logging_mixin.py:188} INFO - [2025-11-09T23:13:33.524-0500] {credentials.py:1278} INFO - Found credentials in shared credentials file: ~/.aws/credentials
[2025-11-09T23:13:34.274-0500] {processor.py:840} INFO - DAG(s) 'ocr_pipeline_dag' retrieved from /opt/airflow/dags/ocr_pipeline_dag.py
[2025-11-09T23:13:34.315-0500] {logging_mixin.py:188} INFO - [2025-11-09T23:13:34.314-0500] {dag.py:3089} INFO - Sync 1 DAGs
[2025-11-09T23:13:34.330-0500] {logging_mixin.py:188} INFO - [2025-11-09T23:13:34.330-0500] {dag.py:3947} INFO - Setting next_dagrun for ocr_pipeline_dag to None, run_after=None
[2025-11-09T23:13:34.353-0500] {processor.py:183} INFO - Processing /opt/airflow/dags/ocr_pipeline_dag.py took 1.062 seconds
[2025-11-09T23:14:04.669-0500] {processor.py:161} INFO - Started process (PID=3533) to work on /opt/airflow/dags/ocr_pipeline_dag.py
[2025-11-09T23:14:04.671-0500] {processor.py:830} INFO - Processing file /opt/airflow/dags/ocr_pipeline_dag.py for tasks to queue
[2025-11-09T23:14:04.672-0500] {logging_mixin.py:188} INFO - [2025-11-09T23:14:04.672-0500] {dagbag.py:545} INFO - Filling up the DagBag from /opt/airflow/dags/ocr_pipeline_dag.py
[2025-11-09T23:14:04.694-0500] {logging_mixin.py:188} INFO - 📂 Using project root: /opt/project
[2025-11-09T23:14:04.879-0500] {logging_mixin.py:188} INFO - [2025-11-09T23:14:04.878-0500] {credentials.py:1278} INFO - Found credentials in shared credentials file: ~/.aws/credentials
[2025-11-09T23:14:05.567-0500] {processor.py:840} INFO - DAG(s) 'ocr_pipeline_dag' retrieved from /opt/airflow/dags/ocr_pipeline_dag.py
[2025-11-09T23:14:05.608-0500] {logging_mixin.py:188} INFO - [2025-11-09T23:14:05.608-0500] {dag.py:3089} INFO - Sync 1 DAGs
[2025-11-09T23:14:05.622-0500] {logging_mixin.py:188} INFO - [2025-11-09T23:14:05.622-0500] {dag.py:3947} INFO - Setting next_dagrun for ocr_pipeline_dag to None, run_after=None
[2025-11-09T23:14:05.644-0500] {processor.py:183} INFO - Processing /opt/airflow/dags/ocr_pipeline_dag.py took 0.984 seconds
[2025-11-09T23:14:36.076-0500] {processor.py:161} INFO - Started process (PID=3539) to work on /opt/airflow/dags/ocr_pipeline_dag.py
[2025-11-09T23:14:36.077-0500] {processor.py:830} INFO - Processing file /opt/airflow/dags/ocr_pipeline_dag.py for tasks to queue
[2025-11-09T23:14:36.078-0500] {logging_mixin.py:188} INFO - [2025-11-09T23:14:36.078-0500] {dagbag.py:545} INFO - Filling up the DagBag from /opt/airflow/dags/ocr_pipeline_dag.py
[2025-11-09T23:14:36.096-0500] {logging_mixin.py:188} INFO - 📂 Using project root: /opt/project
[2025-11-09T23:14:36.245-0500] {logging_mixin.py:188} INFO - [2025-11-09T23:14:36.245-0500] {credentials.py:1278} INFO - Found credentials in shared credentials file: ~/.aws/credentials
[2025-11-09T23:14:36.899-0500] {processor.py:840} INFO - DAG(s) 'ocr_pipeline_dag' retrieved from /opt/airflow/dags/ocr_pipeline_dag.py
[2025-11-09T23:14:36.931-0500] {logging_mixin.py:188} INFO - [2025-11-09T23:14:36.931-0500] {dag.py:3089} INFO - Sync 1 DAGs
[2025-11-09T23:14:36.945-0500] {logging_mixin.py:188} INFO - [2025-11-09T23:14:36.945-0500] {dag.py:3947} INFO - Setting next_dagrun for ocr_pipeline_dag to None, run_after=None
[2025-11-09T23:14:36.967-0500] {processor.py:183} INFO - Processing /opt/airflow/dags/ocr_pipeline_dag.py took 0.897 seconds
[2025-11-09T23:15:07.476-0500] {processor.py:161} INFO - Started process (PID=3545) to work on /opt/airflow/dags/ocr_pipeline_dag.py
[2025-11-09T23:15:07.477-0500] {processor.py:830} INFO - Processing file /opt/airflow/dags/ocr_pipeline_dag.py for tasks to queue
[2025-11-09T23:15:07.478-0500] {logging_mixin.py:188} INFO - [2025-11-09T23:15:07.478-0500] {dagbag.py:545} INFO - Filling up the DagBag from /opt/airflow/dags/ocr_pipeline_dag.py
[2025-11-09T23:15:07.495-0500] {logging_mixin.py:188} INFO - 📂 Using project root: /opt/project
[2025-11-09T23:15:07.646-0500] {logging_mixin.py:188} INFO - [2025-11-09T23:15:07.646-0500] {credentials.py:1278} INFO - Found credentials in shared credentials file: ~/.aws/credentials
[2025-11-09T23:15:08.468-0500] {processor.py:840} INFO - DAG(s) 'ocr_pipeline_dag' retrieved from /opt/airflow/dags/ocr_pipeline_dag.py
[2025-11-09T23:15:08.500-0500] {logging_mixin.py:188} INFO - [2025-11-09T23:15:08.499-0500] {dag.py:3089} INFO - Sync 1 DAGs
[2025-11-09T23:15:08.513-0500] {logging_mixin.py:188} INFO - [2025-11-09T23:15:08.512-0500] {dag.py:3947} INFO - Setting next_dagrun for ocr_pipeline_dag to None, run_after=None
[2025-11-09T23:15:08.535-0500] {processor.py:183} INFO - Processing /opt/airflow/dags/ocr_pipeline_dag.py took 1.065 seconds
[2025-11-09T23:15:38.786-0500] {processor.py:161} INFO - Started process (PID=3551) to work on /opt/airflow/dags/ocr_pipeline_dag.py
[2025-11-09T23:15:38.791-0500] {processor.py:830} INFO - Processing file /opt/airflow/dags/ocr_pipeline_dag.py for tasks to queue
[2025-11-09T23:15:38.792-0500] {logging_mixin.py:188} INFO - [2025-11-09T23:15:38.792-0500] {dagbag.py:545} INFO - Filling up the DagBag from /opt/airflow/dags/ocr_pipeline_dag.py
[2025-11-09T23:15:38.810-0500] {logging_mixin.py:188} INFO - 📂 Using project root: /opt/project
[2025-11-09T23:15:39.034-0500] {logging_mixin.py:188} INFO - [2025-11-09T23:15:39.033-0500] {credentials.py:1278} INFO - Found credentials in shared credentials file: ~/.aws/credentials
[2025-11-09T23:15:40.013-0500] {processor.py:840} INFO - DAG(s) 'ocr_pipeline_dag' retrieved from /opt/airflow/dags/ocr_pipeline_dag.py
[2025-11-09T23:15:40.046-0500] {logging_mixin.py:188} INFO - [2025-11-09T23:15:40.045-0500] {dag.py:3089} INFO - Sync 1 DAGs
[2025-11-09T23:15:40.060-0500] {logging_mixin.py:188} INFO - [2025-11-09T23:15:40.060-0500] {dag.py:3947} INFO - Setting next_dagrun for ocr_pipeline_dag to None, run_after=None
[2025-11-09T23:15:40.097-0500] {processor.py:183} INFO - Processing /opt/airflow/dags/ocr_pipeline_dag.py took 1.318 seconds
[2025-11-09T23:16:10.536-0500] {processor.py:161} INFO - Started process (PID=3557) to work on /opt/airflow/dags/ocr_pipeline_dag.py
[2025-11-09T23:16:10.540-0500] {processor.py:830} INFO - Processing file /opt/airflow/dags/ocr_pipeline_dag.py for tasks to queue
[2025-11-09T23:16:10.542-0500] {logging_mixin.py:188} INFO - [2025-11-09T23:16:10.542-0500] {dagbag.py:545} INFO - Filling up the DagBag from /opt/airflow/dags/ocr_pipeline_dag.py
[2025-11-09T23:16:10.584-0500] {logging_mixin.py:188} INFO - 📂 Using project root: /opt/project
[2025-11-09T23:16:11.046-0500] {logging_mixin.py:188} INFO - [2025-11-09T23:16:11.046-0500] {credentials.py:1278} INFO - Found credentials in shared credentials file: ~/.aws/credentials
[2025-11-09T23:16:12.071-0500] {processor.py:840} INFO - DAG(s) 'ocr_pipeline_dag' retrieved from /opt/airflow/dags/ocr_pipeline_dag.py
[2025-11-09T23:16:12.111-0500] {logging_mixin.py:188} INFO - [2025-11-09T23:16:12.111-0500] {dag.py:3089} INFO - Sync 1 DAGs
[2025-11-09T23:16:12.129-0500] {logging_mixin.py:188} INFO - [2025-11-09T23:16:12.128-0500] {dag.py:3947} INFO - Setting next_dagrun for ocr_pipeline_dag to None, run_after=None
[2025-11-09T23:16:12.163-0500] {processor.py:183} INFO - Processing /opt/airflow/dags/ocr_pipeline_dag.py took 1.642 seconds
[2025-11-09T23:16:42.286-0500] {processor.py:161} INFO - Started process (PID=3563) to work on /opt/airflow/dags/ocr_pipeline_dag.py
[2025-11-09T23:16:42.288-0500] {processor.py:830} INFO - Processing file /opt/airflow/dags/ocr_pipeline_dag.py for tasks to queue
[2025-11-09T23:16:42.290-0500] {logging_mixin.py:188} INFO - [2025-11-09T23:16:42.289-0500] {dagbag.py:545} INFO - Filling up the DagBag from /opt/airflow/dags/ocr_pipeline_dag.py
[2025-11-09T23:16:42.312-0500] {logging_mixin.py:188} INFO - 📂 Using project root: /opt/project
[2025-11-09T23:16:42.529-0500] {logging_mixin.py:188} INFO - [2025-11-09T23:16:42.529-0500] {credentials.py:1278} INFO - Found credentials in shared credentials file: ~/.aws/credentials
[2025-11-09T23:16:43.364-0500] {processor.py:840} INFO - DAG(s) 'ocr_pipeline_dag' retrieved from /opt/airflow/dags/ocr_pipeline_dag.py
[2025-11-09T23:16:43.397-0500] {logging_mixin.py:188} INFO - [2025-11-09T23:16:43.396-0500] {dag.py:3089} INFO - Sync 1 DAGs
[2025-11-09T23:16:43.413-0500] {logging_mixin.py:188} INFO - [2025-11-09T23:16:43.413-0500] {dag.py:3947} INFO - Setting next_dagrun for ocr_pipeline_dag to None, run_after=None
[2025-11-09T23:16:43.439-0500] {processor.py:183} INFO - Processing /opt/airflow/dags/ocr_pipeline_dag.py took 1.162 seconds
[2025-11-09T23:17:13.618-0500] {processor.py:161} INFO - Started process (PID=3569) to work on /opt/airflow/dags/ocr_pipeline_dag.py
[2025-11-09T23:17:13.619-0500] {processor.py:830} INFO - Processing file /opt/airflow/dags/ocr_pipeline_dag.py for tasks to queue
[2025-11-09T23:17:13.620-0500] {logging_mixin.py:188} INFO - [2025-11-09T23:17:13.620-0500] {dagbag.py:545} INFO - Filling up the DagBag from /opt/airflow/dags/ocr_pipeline_dag.py
[2025-11-09T23:17:13.645-0500] {logging_mixin.py:188} INFO - 📂 Using project root: /opt/project
[2025-11-09T23:17:13.880-0500] {logging_mixin.py:188} INFO - [2025-11-09T23:17:13.879-0500] {credentials.py:1278} INFO - Found credentials in shared credentials file: ~/.aws/credentials
[2025-11-09T23:17:14.713-0500] {processor.py:840} INFO - DAG(s) 'ocr_pipeline_dag' retrieved from /opt/airflow/dags/ocr_pipeline_dag.py
[2025-11-09T23:17:14.748-0500] {logging_mixin.py:188} INFO - [2025-11-09T23:17:14.748-0500] {dag.py:3089} INFO - Sync 1 DAGs
[2025-11-09T23:17:14.764-0500] {logging_mixin.py:188} INFO - [2025-11-09T23:17:14.764-0500] {dag.py:3947} INFO - Setting next_dagrun for ocr_pipeline_dag to None, run_after=None
[2025-11-09T23:17:14.789-0500] {processor.py:183} INFO - Processing /opt/airflow/dags/ocr_pipeline_dag.py took 1.180 seconds
[2025-11-09T23:17:45.164-0500] {processor.py:161} INFO - Started process (PID=3575) to work on /opt/airflow/dags/ocr_pipeline_dag.py
[2025-11-09T23:17:45.165-0500] {processor.py:830} INFO - Processing file /opt/airflow/dags/ocr_pipeline_dag.py for tasks to queue
[2025-11-09T23:17:45.166-0500] {logging_mixin.py:188} INFO - [2025-11-09T23:17:45.166-0500] {dagbag.py:545} INFO - Filling up the DagBag from /opt/airflow/dags/ocr_pipeline_dag.py
[2025-11-09T23:17:45.185-0500] {logging_mixin.py:188} INFO - 📂 Using project root: /opt/project
[2025-11-09T23:17:45.347-0500] {logging_mixin.py:188} INFO - [2025-11-09T23:17:45.346-0500] {credentials.py:1278} INFO - Found credentials in shared credentials file: ~/.aws/credentials
[2025-11-09T23:17:46.081-0500] {processor.py:840} INFO - DAG(s) 'ocr_pipeline_dag' retrieved from /opt/airflow/dags/ocr_pipeline_dag.py
[2025-11-09T23:17:46.107-0500] {logging_mixin.py:188} INFO - [2025-11-09T23:17:46.107-0500] {dag.py:3089} INFO - Sync 1 DAGs
[2025-11-09T23:17:46.120-0500] {logging_mixin.py:188} INFO - [2025-11-09T23:17:46.119-0500] {dag.py:3947} INFO - Setting next_dagrun for ocr_pipeline_dag to None, run_after=None
[2025-11-09T23:17:46.139-0500] {processor.py:183} INFO - Processing /opt/airflow/dags/ocr_pipeline_dag.py took 0.983 seconds
[2025-11-09T23:18:16.682-0500] {processor.py:161} INFO - Started process (PID=3581) to work on /opt/airflow/dags/ocr_pipeline_dag.py
[2025-11-09T23:18:16.683-0500] {processor.py:830} INFO - Processing file /opt/airflow/dags/ocr_pipeline_dag.py for tasks to queue
[2025-11-09T23:18:16.685-0500] {logging_mixin.py:188} INFO - [2025-11-09T23:18:16.684-0500] {dagbag.py:545} INFO - Filling up the DagBag from /opt/airflow/dags/ocr_pipeline_dag.py
[2025-11-09T23:18:16.700-0500] {logging_mixin.py:188} INFO - 📂 Using project root: /opt/project
[2025-11-09T23:18:16.845-0500] {logging_mixin.py:188} INFO - [2025-11-09T23:18:16.845-0500] {credentials.py:1278} INFO - Found credentials in shared credentials file: ~/.aws/credentials
[2025-11-09T23:18:17.502-0500] {processor.py:840} INFO - DAG(s) 'ocr_pipeline_dag' retrieved from /opt/airflow/dags/ocr_pipeline_dag.py
[2025-11-09T23:18:17.534-0500] {logging_mixin.py:188} INFO - [2025-11-09T23:18:17.533-0500] {dag.py:3089} INFO - Sync 1 DAGs
[2025-11-09T23:18:17.545-0500] {logging_mixin.py:188} INFO - [2025-11-09T23:18:17.545-0500] {dag.py:3947} INFO - Setting next_dagrun for ocr_pipeline_dag to None, run_after=None
[2025-11-09T23:18:17.566-0500] {processor.py:183} INFO - Processing /opt/airflow/dags/ocr_pipeline_dag.py took 0.891 seconds
[2025-11-09T23:18:48.131-0500] {processor.py:161} INFO - Started process (PID=3587) to work on /opt/airflow/dags/ocr_pipeline_dag.py
[2025-11-09T23:18:48.133-0500] {processor.py:830} INFO - Processing file /opt/airflow/dags/ocr_pipeline_dag.py for tasks to queue
[2025-11-09T23:18:48.135-0500] {logging_mixin.py:188} INFO - [2025-11-09T23:18:48.135-0500] {dagbag.py:545} INFO - Filling up the DagBag from /opt/airflow/dags/ocr_pipeline_dag.py
[2025-11-09T23:18:48.164-0500] {logging_mixin.py:188} INFO - 📂 Using project root: /opt/project
[2025-11-09T23:18:48.363-0500] {logging_mixin.py:188} INFO - [2025-11-09T23:18:48.363-0500] {credentials.py:1278} INFO - Found credentials in shared credentials file: ~/.aws/credentials
[2025-11-09T23:18:49.038-0500] {processor.py:840} INFO - DAG(s) 'ocr_pipeline_dag' retrieved from /opt/airflow/dags/ocr_pipeline_dag.py
[2025-11-09T23:18:49.064-0500] {logging_mixin.py:188} INFO - [2025-11-09T23:18:49.064-0500] {dag.py:3089} INFO - Sync 1 DAGs
[2025-11-09T23:18:49.075-0500] {logging_mixin.py:188} INFO - [2025-11-09T23:18:49.074-0500] {dag.py:3947} INFO - Setting next_dagrun for ocr_pipeline_dag to None, run_after=None
[2025-11-09T23:18:49.102-0500] {processor.py:183} INFO - Processing /opt/airflow/dags/ocr_pipeline_dag.py took 0.987 seconds
[2025-11-09T23:19:19.576-0500] {processor.py:161} INFO - Started process (PID=3593) to work on /opt/airflow/dags/ocr_pipeline_dag.py
[2025-11-09T23:19:19.578-0500] {processor.py:830} INFO - Processing file /opt/airflow/dags/ocr_pipeline_dag.py for tasks to queue
[2025-11-09T23:19:19.579-0500] {logging_mixin.py:188} INFO - [2025-11-09T23:19:19.578-0500] {dagbag.py:545} INFO - Filling up the DagBag from /opt/airflow/dags/ocr_pipeline_dag.py
[2025-11-09T23:19:19.606-0500] {logging_mixin.py:188} INFO - 📂 Using project root: /opt/project
[2025-11-09T23:19:19.771-0500] {logging_mixin.py:188} INFO - [2025-11-09T23:19:19.771-0500] {credentials.py:1278} INFO - Found credentials in shared credentials file: ~/.aws/credentials
[2025-11-09T23:19:20.381-0500] {processor.py:840} INFO - DAG(s) 'ocr_pipeline_dag' retrieved from /opt/airflow/dags/ocr_pipeline_dag.py
[2025-11-09T23:19:20.409-0500] {logging_mixin.py:188} INFO - [2025-11-09T23:19:20.408-0500] {dag.py:3089} INFO - Sync 1 DAGs
[2025-11-09T23:19:20.422-0500] {logging_mixin.py:188} INFO - [2025-11-09T23:19:20.422-0500] {dag.py:3947} INFO - Setting next_dagrun for ocr_pipeline_dag to None, run_after=None
[2025-11-09T23:19:20.444-0500] {processor.py:183} INFO - Processing /opt/airflow/dags/ocr_pipeline_dag.py took 0.874 seconds
[2025-11-09T23:19:50.965-0500] {processor.py:161} INFO - Started process (PID=3599) to work on /opt/airflow/dags/ocr_pipeline_dag.py
[2025-11-09T23:19:50.966-0500] {processor.py:830} INFO - Processing file /opt/airflow/dags/ocr_pipeline_dag.py for tasks to queue
[2025-11-09T23:19:50.968-0500] {logging_mixin.py:188} INFO - [2025-11-09T23:19:50.967-0500] {dagbag.py:545} INFO - Filling up the DagBag from /opt/airflow/dags/ocr_pipeline_dag.py
[2025-11-09T23:19:50.990-0500] {logging_mixin.py:188} INFO - 📂 Using project root: /opt/project
[2025-11-09T23:19:51.165-0500] {logging_mixin.py:188} INFO - [2025-11-09T23:19:51.164-0500] {credentials.py:1278} INFO - Found credentials in shared credentials file: ~/.aws/credentials
[2025-11-09T23:19:51.870-0500] {processor.py:840} INFO - DAG(s) 'ocr_pipeline_dag' retrieved from /opt/airflow/dags/ocr_pipeline_dag.py
[2025-11-09T23:19:51.900-0500] {logging_mixin.py:188} INFO - [2025-11-09T23:19:51.899-0500] {dag.py:3089} INFO - Sync 1 DAGs
[2025-11-09T23:19:51.913-0500] {logging_mixin.py:188} INFO - [2025-11-09T23:19:51.913-0500] {dag.py:3947} INFO - Setting next_dagrun for ocr_pipeline_dag to None, run_after=None
[2025-11-09T23:19:51.940-0500] {processor.py:183} INFO - Processing /opt/airflow/dags/ocr_pipeline_dag.py took 0.983 seconds
[2025-11-09T23:20:22.420-0500] {processor.py:161} INFO - Started process (PID=3605) to work on /opt/airflow/dags/ocr_pipeline_dag.py
[2025-11-09T23:20:22.432-0500] {processor.py:830} INFO - Processing file /opt/airflow/dags/ocr_pipeline_dag.py for tasks to queue
[2025-11-09T23:20:22.434-0500] {logging_mixin.py:188} INFO - [2025-11-09T23:20:22.433-0500] {dagbag.py:545} INFO - Filling up the DagBag from /opt/airflow/dags/ocr_pipeline_dag.py
[2025-11-09T23:20:22.457-0500] {logging_mixin.py:188} INFO - 📂 Using project root: /opt/project
[2025-11-09T23:20:22.676-0500] {logging_mixin.py:188} INFO - [2025-11-09T23:20:22.676-0500] {credentials.py:1278} INFO - Found credentials in shared credentials file: ~/.aws/credentials
[2025-11-09T23:20:23.422-0500] {processor.py:840} INFO - DAG(s) 'ocr_pipeline_dag' retrieved from /opt/airflow/dags/ocr_pipeline_dag.py
[2025-11-09T23:20:23.453-0500] {logging_mixin.py:188} INFO - [2025-11-09T23:20:23.452-0500] {dag.py:3089} INFO - Sync 1 DAGs
[2025-11-09T23:20:23.469-0500] {logging_mixin.py:188} INFO - [2025-11-09T23:20:23.469-0500] {dag.py:3947} INFO - Setting next_dagrun for ocr_pipeline_dag to None, run_after=None
[2025-11-09T23:20:23.490-0500] {processor.py:183} INFO - Processing /opt/airflow/dags/ocr_pipeline_dag.py took 1.092 seconds
[2025-11-09T23:20:53.752-0500] {processor.py:161} INFO - Started process (PID=3611) to work on /opt/airflow/dags/ocr_pipeline_dag.py
[2025-11-09T23:20:53.755-0500] {processor.py:830} INFO - Processing file /opt/airflow/dags/ocr_pipeline_dag.py for tasks to queue
[2025-11-09T23:20:53.757-0500] {logging_mixin.py:188} INFO - [2025-11-09T23:20:53.756-0500] {dagbag.py:545} INFO - Filling up the DagBag from /opt/airflow/dags/ocr_pipeline_dag.py
[2025-11-09T23:20:53.781-0500] {logging_mixin.py:188} INFO - 📂 Using project root: /opt/project
[2025-11-09T23:20:54.053-0500] {logging_mixin.py:188} INFO - [2025-11-09T23:20:54.053-0500] {credentials.py:1278} INFO - Found credentials in shared credentials file: ~/.aws/credentials
[2025-11-09T23:20:55.111-0500] {processor.py:840} INFO - DAG(s) 'ocr_pipeline_dag' retrieved from /opt/airflow/dags/ocr_pipeline_dag.py
[2025-11-09T23:20:55.158-0500] {logging_mixin.py:188} INFO - [2025-11-09T23:20:55.157-0500] {dag.py:3089} INFO - Sync 1 DAGs
[2025-11-09T23:20:55.180-0500] {logging_mixin.py:188} INFO - [2025-11-09T23:20:55.180-0500] {dag.py:3947} INFO - Setting next_dagrun for ocr_pipeline_dag to None, run_after=None
[2025-11-09T23:20:55.214-0500] {processor.py:183} INFO - Processing /opt/airflow/dags/ocr_pipeline_dag.py took 1.474 seconds
[2025-11-09T23:21:25.511-0500] {processor.py:161} INFO - Started process (PID=3617) to work on /opt/airflow/dags/ocr_pipeline_dag.py
[2025-11-09T23:21:25.513-0500] {processor.py:830} INFO - Processing file /opt/airflow/dags/ocr_pipeline_dag.py for tasks to queue
[2025-11-09T23:21:25.516-0500] {logging_mixin.py:188} INFO - [2025-11-09T23:21:25.515-0500] {dagbag.py:545} INFO - Filling up the DagBag from /opt/airflow/dags/ocr_pipeline_dag.py
[2025-11-09T23:21:25.541-0500] {logging_mixin.py:188} INFO - 📂 Using project root: /opt/project
[2025-11-09T23:21:25.773-0500] {logging_mixin.py:188} INFO - [2025-11-09T23:21:25.773-0500] {credentials.py:1278} INFO - Found credentials in shared credentials file: ~/.aws/credentials
[2025-11-09T23:21:26.608-0500] {processor.py:840} INFO - DAG(s) 'ocr_pipeline_dag' retrieved from /opt/airflow/dags/ocr_pipeline_dag.py
[2025-11-09T23:21:26.644-0500] {logging_mixin.py:188} INFO - [2025-11-09T23:21:26.643-0500] {dag.py:3089} INFO - Sync 1 DAGs
[2025-11-09T23:21:26.658-0500] {logging_mixin.py:188} INFO - [2025-11-09T23:21:26.658-0500] {dag.py:3947} INFO - Setting next_dagrun for ocr_pipeline_dag to None, run_after=None
[2025-11-09T23:21:26.684-0500] {processor.py:183} INFO - Processing /opt/airflow/dags/ocr_pipeline_dag.py took 1.185 seconds
[2025-11-09T23:21:56.939-0500] {processor.py:161} INFO - Started process (PID=3623) to work on /opt/airflow/dags/ocr_pipeline_dag.py
[2025-11-09T23:21:56.941-0500] {processor.py:830} INFO - Processing file /opt/airflow/dags/ocr_pipeline_dag.py for tasks to queue
[2025-11-09T23:21:56.942-0500] {logging_mixin.py:188} INFO - [2025-11-09T23:21:56.942-0500] {dagbag.py:545} INFO - Filling up the DagBag from /opt/airflow/dags/ocr_pipeline_dag.py
[2025-11-09T23:21:56.964-0500] {logging_mixin.py:188} INFO - 📂 Using project root: /opt/project
[2025-11-09T23:21:57.181-0500] {logging_mixin.py:188} INFO - [2025-11-09T23:21:57.181-0500] {credentials.py:1278} INFO - Found credentials in shared credentials file: ~/.aws/credentials
[2025-11-09T23:21:58.101-0500] {processor.py:840} INFO - DAG(s) 'ocr_pipeline_dag' retrieved from /opt/airflow/dags/ocr_pipeline_dag.py
[2025-11-09T23:21:58.163-0500] {logging_mixin.py:188} INFO - [2025-11-09T23:21:58.162-0500] {dag.py:3089} INFO - Sync 1 DAGs
[2025-11-09T23:21:58.210-0500] {logging_mixin.py:188} INFO - [2025-11-09T23:21:58.209-0500] {dag.py:3947} INFO - Setting next_dagrun for ocr_pipeline_dag to None, run_after=None
[2025-11-09T23:21:58.275-0500] {processor.py:183} INFO - Processing /opt/airflow/dags/ocr_pipeline_dag.py took 1.348 seconds
[2025-11-09T23:22:28.567-0500] {processor.py:161} INFO - Started process (PID=3629) to work on /opt/airflow/dags/ocr_pipeline_dag.py
[2025-11-09T23:22:28.569-0500] {processor.py:830} INFO - Processing file /opt/airflow/dags/ocr_pipeline_dag.py for tasks to queue
[2025-11-09T23:22:28.570-0500] {logging_mixin.py:188} INFO - [2025-11-09T23:22:28.570-0500] {dagbag.py:545} INFO - Filling up the DagBag from /opt/airflow/dags/ocr_pipeline_dag.py
[2025-11-09T23:22:28.592-0500] {logging_mixin.py:188} INFO - 📂 Using project root: /opt/project
[2025-11-09T23:22:28.787-0500] {logging_mixin.py:188} INFO - [2025-11-09T23:22:28.787-0500] {credentials.py:1278} INFO - Found credentials in shared credentials file: ~/.aws/credentials
[2025-11-09T23:22:29.547-0500] {processor.py:840} INFO - DAG(s) 'ocr_pipeline_dag' retrieved from /opt/airflow/dags/ocr_pipeline_dag.py
[2025-11-09T23:22:29.578-0500] {logging_mixin.py:188} INFO - [2025-11-09T23:22:29.577-0500] {dag.py:3089} INFO - Sync 1 DAGs
[2025-11-09T23:22:29.591-0500] {logging_mixin.py:188} INFO - [2025-11-09T23:22:29.591-0500] {dag.py:3947} INFO - Setting next_dagrun for ocr_pipeline_dag to None, run_after=None
[2025-11-09T23:22:29.614-0500] {processor.py:183} INFO - Processing /opt/airflow/dags/ocr_pipeline_dag.py took 1.057 seconds
[2025-11-09T23:22:59.799-0500] {processor.py:161} INFO - Started process (PID=3635) to work on /opt/airflow/dags/ocr_pipeline_dag.py
[2025-11-09T23:22:59.800-0500] {processor.py:830} INFO - Processing file /opt/airflow/dags/ocr_pipeline_dag.py for tasks to queue
[2025-11-09T23:22:59.802-0500] {logging_mixin.py:188} INFO - [2025-11-09T23:22:59.802-0500] {dagbag.py:545} INFO - Filling up the DagBag from /opt/airflow/dags/ocr_pipeline_dag.py
[2025-11-09T23:22:59.826-0500] {logging_mixin.py:188} INFO - 📂 Using project root: /opt/project
[2025-11-09T23:23:00.048-0500] {logging_mixin.py:188} INFO - [2025-11-09T23:23:00.048-0500] {credentials.py:1278} INFO - Found credentials in shared credentials file: ~/.aws/credentials
[2025-11-09T23:23:00.872-0500] {processor.py:840} INFO - DAG(s) 'ocr_pipeline_dag' retrieved from /opt/airflow/dags/ocr_pipeline_dag.py
[2025-11-09T23:23:00.924-0500] {logging_mixin.py:188} INFO - [2025-11-09T23:23:00.923-0500] {dag.py:3089} INFO - Sync 1 DAGs
[2025-11-09T23:23:00.944-0500] {logging_mixin.py:188} INFO - [2025-11-09T23:23:00.944-0500] {dag.py:3947} INFO - Setting next_dagrun for ocr_pipeline_dag to None, run_after=None
[2025-11-09T23:23:00.976-0500] {processor.py:183} INFO - Processing /opt/airflow/dags/ocr_pipeline_dag.py took 1.186 seconds
[2025-11-09T23:23:31.149-0500] {processor.py:161} INFO - Started process (PID=3641) to work on /opt/airflow/dags/ocr_pipeline_dag.py
[2025-11-09T23:23:31.151-0500] {processor.py:830} INFO - Processing file /opt/airflow/dags/ocr_pipeline_dag.py for tasks to queue
[2025-11-09T23:23:31.152-0500] {logging_mixin.py:188} INFO - [2025-11-09T23:23:31.152-0500] {dagbag.py:545} INFO - Filling up the DagBag from /opt/airflow/dags/ocr_pipeline_dag.py
[2025-11-09T23:23:31.170-0500] {logging_mixin.py:188} INFO - 📂 Using project root: /opt/project
[2025-11-09T23:23:31.330-0500] {logging_mixin.py:188} INFO - [2025-11-09T23:23:31.329-0500] {credentials.py:1278} INFO - Found credentials in shared credentials file: ~/.aws/credentials
[2025-11-09T23:23:32.009-0500] {processor.py:840} INFO - DAG(s) 'ocr_pipeline_dag' retrieved from /opt/airflow/dags/ocr_pipeline_dag.py
[2025-11-09T23:23:32.034-0500] {logging_mixin.py:188} INFO - [2025-11-09T23:23:32.033-0500] {dag.py:3089} INFO - Sync 1 DAGs
[2025-11-09T23:23:32.046-0500] {logging_mixin.py:188} INFO - [2025-11-09T23:23:32.046-0500] {dag.py:3947} INFO - Setting next_dagrun for ocr_pipeline_dag to None, run_after=None
[2025-11-09T23:23:32.066-0500] {processor.py:183} INFO - Processing /opt/airflow/dags/ocr_pipeline_dag.py took 0.924 seconds
[2025-11-09T23:24:02.639-0500] {processor.py:161} INFO - Started process (PID=3647) to work on /opt/airflow/dags/ocr_pipeline_dag.py
[2025-11-09T23:24:02.640-0500] {processor.py:830} INFO - Processing file /opt/airflow/dags/ocr_pipeline_dag.py for tasks to queue
[2025-11-09T23:24:02.641-0500] {logging_mixin.py:188} INFO - [2025-11-09T23:24:02.641-0500] {dagbag.py:545} INFO - Filling up the DagBag from /opt/airflow/dags/ocr_pipeline_dag.py
[2025-11-09T23:24:02.661-0500] {logging_mixin.py:188} INFO - 📂 Using project root: /opt/project
[2025-11-09T23:24:02.839-0500] {logging_mixin.py:188} INFO - [2025-11-09T23:24:02.839-0500] {credentials.py:1278} INFO - Found credentials in shared credentials file: ~/.aws/credentials
[2025-11-09T23:24:03.566-0500] {processor.py:840} INFO - DAG(s) 'ocr_pipeline_dag' retrieved from /opt/airflow/dags/ocr_pipeline_dag.py
[2025-11-09T23:24:03.652-0500] {logging_mixin.py:188} INFO - [2025-11-09T23:24:03.650-0500] {dag.py:3089} INFO - Sync 1 DAGs
[2025-11-09T23:24:03.750-0500] {logging_mixin.py:188} INFO - [2025-11-09T23:24:03.749-0500] {dag.py:3947} INFO - Setting next_dagrun for ocr_pipeline_dag to None, run_after=None
[2025-11-09T23:24:03.780-0500] {processor.py:183} INFO - Processing /opt/airflow/dags/ocr_pipeline_dag.py took 1.149 seconds
[2025-11-09T23:24:34.161-0500] {processor.py:161} INFO - Started process (PID=3653) to work on /opt/airflow/dags/ocr_pipeline_dag.py
[2025-11-09T23:24:34.182-0500] {processor.py:830} INFO - Processing file /opt/airflow/dags/ocr_pipeline_dag.py for tasks to queue
[2025-11-09T23:24:34.204-0500] {logging_mixin.py:188} INFO - [2025-11-09T23:24:34.195-0500] {dagbag.py:545} INFO - Filling up the DagBag from /opt/airflow/dags/ocr_pipeline_dag.py
[2025-11-09T23:24:34.220-0500] {logging_mixin.py:188} INFO - 📂 Using project root: /opt/project
[2025-11-09T23:24:34.457-0500] {logging_mixin.py:188} INFO - [2025-11-09T23:24:34.457-0500] {credentials.py:1278} INFO - Found credentials in shared credentials file: ~/.aws/credentials
[2025-11-09T23:24:35.190-0500] {processor.py:840} INFO - DAG(s) 'ocr_pipeline_dag' retrieved from /opt/airflow/dags/ocr_pipeline_dag.py
[2025-11-09T23:24:35.222-0500] {logging_mixin.py:188} INFO - [2025-11-09T23:24:35.221-0500] {dag.py:3089} INFO - Sync 1 DAGs
[2025-11-09T23:24:35.238-0500] {logging_mixin.py:188} INFO - [2025-11-09T23:24:35.238-0500] {dag.py:3947} INFO - Setting next_dagrun for ocr_pipeline_dag to None, run_after=None
[2025-11-09T23:24:35.261-0500] {processor.py:183} INFO - Processing /opt/airflow/dags/ocr_pipeline_dag.py took 1.107 seconds
[2025-11-09T23:25:05.692-0500] {processor.py:161} INFO - Started process (PID=3659) to work on /opt/airflow/dags/ocr_pipeline_dag.py
[2025-11-09T23:25:05.694-0500] {processor.py:830} INFO - Processing file /opt/airflow/dags/ocr_pipeline_dag.py for tasks to queue
[2025-11-09T23:25:05.695-0500] {logging_mixin.py:188} INFO - [2025-11-09T23:25:05.695-0500] {dagbag.py:545} INFO - Filling up the DagBag from /opt/airflow/dags/ocr_pipeline_dag.py
[2025-11-09T23:25:05.712-0500] {logging_mixin.py:188} INFO - 📂 Using project root: /opt/project
[2025-11-09T23:25:05.870-0500] {logging_mixin.py:188} INFO - [2025-11-09T23:25:05.870-0500] {credentials.py:1278} INFO - Found credentials in shared credentials file: ~/.aws/credentials
[2025-11-09T23:25:06.503-0500] {processor.py:840} INFO - DAG(s) 'ocr_pipeline_dag' retrieved from /opt/airflow/dags/ocr_pipeline_dag.py
[2025-11-09T23:25:06.538-0500] {logging_mixin.py:188} INFO - [2025-11-09T23:25:06.538-0500] {dag.py:3089} INFO - Sync 1 DAGs
[2025-11-09T23:25:06.551-0500] {logging_mixin.py:188} INFO - [2025-11-09T23:25:06.551-0500] {dag.py:3947} INFO - Setting next_dagrun for ocr_pipeline_dag to None, run_after=None
[2025-11-09T23:25:06.573-0500] {processor.py:183} INFO - Processing /opt/airflow/dags/ocr_pipeline_dag.py took 0.890 seconds
[2025-11-09T23:25:37.121-0500] {processor.py:161} INFO - Started process (PID=3665) to work on /opt/airflow/dags/ocr_pipeline_dag.py
[2025-11-09T23:25:37.123-0500] {processor.py:830} INFO - Processing file /opt/airflow/dags/ocr_pipeline_dag.py for tasks to queue
[2025-11-09T23:25:37.124-0500] {logging_mixin.py:188} INFO - [2025-11-09T23:25:37.124-0500] {dagbag.py:545} INFO - Filling up the DagBag from /opt/airflow/dags/ocr_pipeline_dag.py
[2025-11-09T23:25:37.146-0500] {logging_mixin.py:188} INFO - 📂 Using project root: /opt/project
[2025-11-09T23:25:37.307-0500] {logging_mixin.py:188} INFO - [2025-11-09T23:25:37.307-0500] {credentials.py:1278} INFO - Found credentials in shared credentials file: ~/.aws/credentials
[2025-11-09T23:25:37.952-0500] {processor.py:840} INFO - DAG(s) 'ocr_pipeline_dag' retrieved from /opt/airflow/dags/ocr_pipeline_dag.py
[2025-11-09T23:25:37.986-0500] {logging_mixin.py:188} INFO - [2025-11-09T23:25:37.986-0500] {dag.py:3089} INFO - Sync 1 DAGs
[2025-11-09T23:25:37.997-0500] {logging_mixin.py:188} INFO - [2025-11-09T23:25:37.997-0500] {dag.py:3947} INFO - Setting next_dagrun for ocr_pipeline_dag to None, run_after=None
[2025-11-09T23:25:38.024-0500] {processor.py:183} INFO - Processing /opt/airflow/dags/ocr_pipeline_dag.py took 0.914 seconds
[2025-11-09T23:26:08.566-0500] {processor.py:161} INFO - Started process (PID=3671) to work on /opt/airflow/dags/ocr_pipeline_dag.py
[2025-11-09T23:26:08.576-0500] {processor.py:830} INFO - Processing file /opt/airflow/dags/ocr_pipeline_dag.py for tasks to queue
[2025-11-09T23:26:08.581-0500] {logging_mixin.py:188} INFO - [2025-11-09T23:26:08.579-0500] {dagbag.py:545} INFO - Filling up the DagBag from /opt/airflow/dags/ocr_pipeline_dag.py
[2025-11-09T23:26:08.611-0500] {logging_mixin.py:188} INFO - 📂 Using project root: /opt/project
[2025-11-09T23:26:08.800-0500] {logging_mixin.py:188} INFO - [2025-11-09T23:26:08.800-0500] {credentials.py:1278} INFO - Found credentials in shared credentials file: ~/.aws/credentials
[2025-11-09T23:26:09.619-0500] {processor.py:840} INFO - DAG(s) 'ocr_pipeline_dag' retrieved from /opt/airflow/dags/ocr_pipeline_dag.py
[2025-11-09T23:26:09.648-0500] {logging_mixin.py:188} INFO - [2025-11-09T23:26:09.648-0500] {dag.py:3089} INFO - Sync 1 DAGs
[2025-11-09T23:26:09.661-0500] {logging_mixin.py:188} INFO - [2025-11-09T23:26:09.661-0500] {dag.py:3947} INFO - Setting next_dagrun for ocr_pipeline_dag to None, run_after=None
[2025-11-09T23:26:09.706-0500] {processor.py:183} INFO - Processing /opt/airflow/dags/ocr_pipeline_dag.py took 1.162 seconds
[2025-11-09T23:26:39.980-0500] {processor.py:161} INFO - Started process (PID=3677) to work on /opt/airflow/dags/ocr_pipeline_dag.py
[2025-11-09T23:26:39.982-0500] {processor.py:830} INFO - Processing file /opt/airflow/dags/ocr_pipeline_dag.py for tasks to queue
[2025-11-09T23:26:39.983-0500] {logging_mixin.py:188} INFO - [2025-11-09T23:26:39.983-0500] {dagbag.py:545} INFO - Filling up the DagBag from /opt/airflow/dags/ocr_pipeline_dag.py
[2025-11-09T23:26:40.003-0500] {logging_mixin.py:188} INFO - 📂 Using project root: /opt/project
[2025-11-09T23:26:40.169-0500] {logging_mixin.py:188} INFO - [2025-11-09T23:26:40.168-0500] {credentials.py:1278} INFO - Found credentials in shared credentials file: ~/.aws/credentials
[2025-11-09T23:26:40.883-0500] {processor.py:840} INFO - DAG(s) 'ocr_pipeline_dag' retrieved from /opt/airflow/dags/ocr_pipeline_dag.py
[2025-11-09T23:26:40.913-0500] {logging_mixin.py:188} INFO - [2025-11-09T23:26:40.912-0500] {dag.py:3089} INFO - Sync 1 DAGs
[2025-11-09T23:26:40.928-0500] {logging_mixin.py:188} INFO - [2025-11-09T23:26:40.928-0500] {dag.py:3947} INFO - Setting next_dagrun for ocr_pipeline_dag to None, run_after=None
[2025-11-09T23:26:40.951-0500] {processor.py:183} INFO - Processing /opt/airflow/dags/ocr_pipeline_dag.py took 0.978 seconds
[2025-11-09T23:27:11.302-0500] {processor.py:161} INFO - Started process (PID=3683) to work on /opt/airflow/dags/ocr_pipeline_dag.py
[2025-11-09T23:27:11.305-0500] {processor.py:830} INFO - Processing file /opt/airflow/dags/ocr_pipeline_dag.py for tasks to queue
[2025-11-09T23:27:11.306-0500] {logging_mixin.py:188} INFO - [2025-11-09T23:27:11.306-0500] {dagbag.py:545} INFO - Filling up the DagBag from /opt/airflow/dags/ocr_pipeline_dag.py
[2025-11-09T23:27:11.327-0500] {logging_mixin.py:188} INFO - 📂 Using project root: /opt/project
[2025-11-09T23:27:11.515-0500] {logging_mixin.py:188} INFO - [2025-11-09T23:27:11.514-0500] {credentials.py:1278} INFO - Found credentials in shared credentials file: ~/.aws/credentials
[2025-11-09T23:27:12.500-0500] {processor.py:840} INFO - DAG(s) 'ocr_pipeline_dag' retrieved from /opt/airflow/dags/ocr_pipeline_dag.py
[2025-11-09T23:27:12.536-0500] {logging_mixin.py:188} INFO - [2025-11-09T23:27:12.536-0500] {dag.py:3089} INFO - Sync 1 DAGs
[2025-11-09T23:27:12.554-0500] {logging_mixin.py:188} INFO - [2025-11-09T23:27:12.554-0500] {dag.py:3947} INFO - Setting next_dagrun for ocr_pipeline_dag to None, run_after=None
[2025-11-09T23:27:12.593-0500] {processor.py:183} INFO - Processing /opt/airflow/dags/ocr_pipeline_dag.py took 1.304 seconds
[2025-11-09T23:27:42.879-0500] {processor.py:161} INFO - Started process (PID=3689) to work on /opt/airflow/dags/ocr_pipeline_dag.py
[2025-11-09T23:27:42.881-0500] {processor.py:830} INFO - Processing file /opt/airflow/dags/ocr_pipeline_dag.py for tasks to queue
[2025-11-09T23:27:42.883-0500] {logging_mixin.py:188} INFO - [2025-11-09T23:27:42.882-0500] {dagbag.py:545} INFO - Filling up the DagBag from /opt/airflow/dags/ocr_pipeline_dag.py
[2025-11-09T23:27:42.907-0500] {logging_mixin.py:188} INFO - 📂 Using project root: /opt/project
[2025-11-09T23:27:43.130-0500] {logging_mixin.py:188} INFO - [2025-11-09T23:27:43.129-0500] {credentials.py:1278} INFO - Found credentials in shared credentials file: ~/.aws/credentials
[2025-11-09T23:27:43.857-0500] {processor.py:840} INFO - DAG(s) 'ocr_pipeline_dag' retrieved from /opt/airflow/dags/ocr_pipeline_dag.py
[2025-11-09T23:27:43.886-0500] {logging_mixin.py:188} INFO - [2025-11-09T23:27:43.885-0500] {dag.py:3089} INFO - Sync 1 DAGs
[2025-11-09T23:27:43.899-0500] {logging_mixin.py:188} INFO - [2025-11-09T23:27:43.899-0500] {dag.py:3947} INFO - Setting next_dagrun for ocr_pipeline_dag to None, run_after=None
[2025-11-09T23:27:44.173-0500] {processor.py:183} INFO - Processing /opt/airflow/dags/ocr_pipeline_dag.py took 1.305 seconds
[2025-11-09T23:28:14.457-0500] {processor.py:161} INFO - Started process (PID=3695) to work on /opt/airflow/dags/ocr_pipeline_dag.py
[2025-11-09T23:28:14.459-0500] {processor.py:830} INFO - Processing file /opt/airflow/dags/ocr_pipeline_dag.py for tasks to queue
[2025-11-09T23:28:14.461-0500] {logging_mixin.py:188} INFO - [2025-11-09T23:28:14.461-0500] {dagbag.py:545} INFO - Filling up the DagBag from /opt/airflow/dags/ocr_pipeline_dag.py
[2025-11-09T23:28:14.484-0500] {logging_mixin.py:188} INFO - 📂 Using project root: /opt/project
[2025-11-09T23:28:14.675-0500] {logging_mixin.py:188} INFO - [2025-11-09T23:28:14.674-0500] {credentials.py:1278} INFO - Found credentials in shared credentials file: ~/.aws/credentials
[2025-11-09T23:28:15.389-0500] {processor.py:840} INFO - DAG(s) 'ocr_pipeline_dag' retrieved from /opt/airflow/dags/ocr_pipeline_dag.py
[2025-11-09T23:28:15.420-0500] {logging_mixin.py:188} INFO - [2025-11-09T23:28:15.419-0500] {dag.py:3089} INFO - Sync 1 DAGs
[2025-11-09T23:28:15.435-0500] {logging_mixin.py:188} INFO - [2025-11-09T23:28:15.435-0500] {dag.py:3947} INFO - Setting next_dagrun for ocr_pipeline_dag to None, run_after=None
[2025-11-09T23:28:15.465-0500] {processor.py:183} INFO - Processing /opt/airflow/dags/ocr_pipeline_dag.py took 1.018 seconds
[2025-11-09T23:28:45.693-0500] {processor.py:161} INFO - Started process (PID=3701) to work on /opt/airflow/dags/ocr_pipeline_dag.py
[2025-11-09T23:28:45.695-0500] {processor.py:830} INFO - Processing file /opt/airflow/dags/ocr_pipeline_dag.py for tasks to queue
[2025-11-09T23:28:45.697-0500] {logging_mixin.py:188} INFO - [2025-11-09T23:28:45.696-0500] {dagbag.py:545} INFO - Filling up the DagBag from /opt/airflow/dags/ocr_pipeline_dag.py
[2025-11-09T23:28:45.719-0500] {logging_mixin.py:188} INFO - 📂 Using project root: /opt/project
[2025-11-09T23:28:45.913-0500] {logging_mixin.py:188} INFO - [2025-11-09T23:28:45.913-0500] {credentials.py:1278} INFO - Found credentials in shared credentials file: ~/.aws/credentials
[2025-11-09T23:28:46.642-0500] {processor.py:840} INFO - DAG(s) 'ocr_pipeline_dag' retrieved from /opt/airflow/dags/ocr_pipeline_dag.py
[2025-11-09T23:28:46.674-0500] {logging_mixin.py:188} INFO - [2025-11-09T23:28:46.673-0500] {dag.py:3089} INFO - Sync 1 DAGs
[2025-11-09T23:28:46.689-0500] {logging_mixin.py:188} INFO - [2025-11-09T23:28:46.689-0500] {dag.py:3947} INFO - Setting next_dagrun for ocr_pipeline_dag to None, run_after=None
[2025-11-09T23:28:46.711-0500] {processor.py:183} INFO - Processing /opt/airflow/dags/ocr_pipeline_dag.py took 1.029 seconds
[2025-11-09T23:29:16.909-0500] {processor.py:161} INFO - Started process (PID=3707) to work on /opt/airflow/dags/ocr_pipeline_dag.py
[2025-11-09T23:29:16.912-0500] {processor.py:830} INFO - Processing file /opt/airflow/dags/ocr_pipeline_dag.py for tasks to queue
[2025-11-09T23:29:16.914-0500] {logging_mixin.py:188} INFO - [2025-11-09T23:29:16.913-0500] {dagbag.py:545} INFO - Filling up the DagBag from /opt/airflow/dags/ocr_pipeline_dag.py
[2025-11-09T23:29:16.936-0500] {logging_mixin.py:188} INFO - 📂 Using project root: /opt/project
[2025-11-09T23:29:17.117-0500] {logging_mixin.py:188} INFO - [2025-11-09T23:29:17.117-0500] {credentials.py:1278} INFO - Found credentials in shared credentials file: ~/.aws/credentials
[2025-11-09T23:29:17.967-0500] {processor.py:840} INFO - DAG(s) 'ocr_pipeline_dag' retrieved from /opt/airflow/dags/ocr_pipeline_dag.py
[2025-11-09T23:29:18.004-0500] {logging_mixin.py:188} INFO - [2025-11-09T23:29:18.004-0500] {dag.py:3089} INFO - Sync 1 DAGs
[2025-11-09T23:29:18.023-0500] {logging_mixin.py:188} INFO - [2025-11-09T23:29:18.022-0500] {dag.py:3947} INFO - Setting next_dagrun for ocr_pipeline_dag to None, run_after=None
[2025-11-09T23:29:18.050-0500] {processor.py:183} INFO - Processing /opt/airflow/dags/ocr_pipeline_dag.py took 1.152 seconds
[2025-11-09T23:29:48.236-0500] {processor.py:161} INFO - Started process (PID=3713) to work on /opt/airflow/dags/ocr_pipeline_dag.py
[2025-11-09T23:29:48.239-0500] {processor.py:830} INFO - Processing file /opt/airflow/dags/ocr_pipeline_dag.py for tasks to queue
[2025-11-09T23:29:48.242-0500] {logging_mixin.py:188} INFO - [2025-11-09T23:29:48.241-0500] {dagbag.py:545} INFO - Filling up the DagBag from /opt/airflow/dags/ocr_pipeline_dag.py
[2025-11-09T23:29:48.265-0500] {logging_mixin.py:188} INFO - 📂 Using project root: /opt/project
[2025-11-09T23:29:48.570-0500] {logging_mixin.py:188} INFO - [2025-11-09T23:29:48.570-0500] {credentials.py:1278} INFO - Found credentials in shared credentials file: ~/.aws/credentials
[2025-11-09T23:29:49.732-0500] {processor.py:840} INFO - DAG(s) 'ocr_pipeline_dag' retrieved from /opt/airflow/dags/ocr_pipeline_dag.py
[2025-11-09T23:29:49.771-0500] {logging_mixin.py:188} INFO - [2025-11-09T23:29:49.771-0500] {dag.py:3089} INFO - Sync 1 DAGs
[2025-11-09T23:29:49.788-0500] {logging_mixin.py:188} INFO - [2025-11-09T23:29:49.788-0500] {dag.py:3947} INFO - Setting next_dagrun for ocr_pipeline_dag to None, run_after=None
[2025-11-09T23:29:49.841-0500] {processor.py:183} INFO - Processing /opt/airflow/dags/ocr_pipeline_dag.py took 1.619 seconds
[2025-11-09T23:30:20.155-0500] {processor.py:161} INFO - Started process (PID=3719) to work on /opt/airflow/dags/ocr_pipeline_dag.py
[2025-11-09T23:30:20.158-0500] {processor.py:830} INFO - Processing file /opt/airflow/dags/ocr_pipeline_dag.py for tasks to queue
[2025-11-09T23:30:20.160-0500] {logging_mixin.py:188} INFO - [2025-11-09T23:30:20.160-0500] {dagbag.py:545} INFO - Filling up the DagBag from /opt/airflow/dags/ocr_pipeline_dag.py
[2025-11-09T23:30:20.188-0500] {logging_mixin.py:188} INFO - 📂 Using project root: /opt/project
[2025-11-09T23:30:20.436-0500] {logging_mixin.py:188} INFO - [2025-11-09T23:30:20.436-0500] {credentials.py:1278} INFO - Found credentials in shared credentials file: ~/.aws/credentials
[2025-11-09T23:30:21.499-0500] {processor.py:840} INFO - DAG(s) 'ocr_pipeline_dag' retrieved from /opt/airflow/dags/ocr_pipeline_dag.py
[2025-11-09T23:30:21.551-0500] {logging_mixin.py:188} INFO - [2025-11-09T23:30:21.550-0500] {dag.py:3089} INFO - Sync 1 DAGs
[2025-11-09T23:30:21.571-0500] {logging_mixin.py:188} INFO - [2025-11-09T23:30:21.570-0500] {dag.py:3947} INFO - Setting next_dagrun for ocr_pipeline_dag to None, run_after=None
[2025-11-09T23:30:21.604-0500] {processor.py:183} INFO - Processing /opt/airflow/dags/ocr_pipeline_dag.py took 1.466 seconds
[2025-11-09T23:30:52.040-0500] {processor.py:161} INFO - Started process (PID=3725) to work on /opt/airflow/dags/ocr_pipeline_dag.py
[2025-11-09T23:30:52.042-0500] {processor.py:830} INFO - Processing file /opt/airflow/dags/ocr_pipeline_dag.py for tasks to queue
[2025-11-09T23:30:52.045-0500] {logging_mixin.py:188} INFO - [2025-11-09T23:30:52.044-0500] {dagbag.py:545} INFO - Filling up the DagBag from /opt/airflow/dags/ocr_pipeline_dag.py
[2025-11-09T23:30:52.153-0500] {logging_mixin.py:188} INFO - 📂 Using project root: /opt/project
[2025-11-09T23:30:52.910-0500] {logging_mixin.py:188} INFO - [2025-11-09T23:30:52.908-0500] {credentials.py:1278} INFO - Found credentials in shared credentials file: ~/.aws/credentials
[2025-11-09T23:30:53.929-0500] {processor.py:840} INFO - DAG(s) 'ocr_pipeline_dag' retrieved from /opt/airflow/dags/ocr_pipeline_dag.py
[2025-11-09T23:30:53.966-0500] {logging_mixin.py:188} INFO - [2025-11-09T23:30:53.965-0500] {dag.py:3089} INFO - Sync 1 DAGs
[2025-11-09T23:30:53.984-0500] {logging_mixin.py:188} INFO - [2025-11-09T23:30:53.983-0500] {dag.py:3947} INFO - Setting next_dagrun for ocr_pipeline_dag to None, run_after=None
[2025-11-09T23:30:54.023-0500] {processor.py:183} INFO - Processing /opt/airflow/dags/ocr_pipeline_dag.py took 2.002 seconds
[2025-11-09T23:31:24.277-0500] {processor.py:161} INFO - Started process (PID=3731) to work on /opt/airflow/dags/ocr_pipeline_dag.py
[2025-11-09T23:31:24.279-0500] {processor.py:830} INFO - Processing file /opt/airflow/dags/ocr_pipeline_dag.py for tasks to queue
[2025-11-09T23:31:24.280-0500] {logging_mixin.py:188} INFO - [2025-11-09T23:31:24.280-0500] {dagbag.py:545} INFO - Filling up the DagBag from /opt/airflow/dags/ocr_pipeline_dag.py
[2025-11-09T23:31:24.304-0500] {logging_mixin.py:188} INFO - 📂 Using project root: /opt/project
[2025-11-09T23:31:24.515-0500] {logging_mixin.py:188} INFO - [2025-11-09T23:31:24.515-0500] {credentials.py:1278} INFO - Found credentials in shared credentials file: ~/.aws/credentials
[2025-11-09T23:31:25.338-0500] {processor.py:840} INFO - DAG(s) 'ocr_pipeline_dag' retrieved from /opt/airflow/dags/ocr_pipeline_dag.py
[2025-11-09T23:31:25.371-0500] {logging_mixin.py:188} INFO - [2025-11-09T23:31:25.371-0500] {dag.py:3089} INFO - Sync 1 DAGs
[2025-11-09T23:31:25.386-0500] {logging_mixin.py:188} INFO - [2025-11-09T23:31:25.386-0500] {dag.py:3947} INFO - Setting next_dagrun for ocr_pipeline_dag to None, run_after=None
[2025-11-09T23:31:25.413-0500] {processor.py:183} INFO - Processing /opt/airflow/dags/ocr_pipeline_dag.py took 1.143 seconds
[2025-11-09T23:31:55.529-0500] {processor.py:161} INFO - Started process (PID=3737) to work on /opt/airflow/dags/ocr_pipeline_dag.py
[2025-11-09T23:31:55.531-0500] {processor.py:830} INFO - Processing file /opt/airflow/dags/ocr_pipeline_dag.py for tasks to queue
[2025-11-09T23:31:55.533-0500] {logging_mixin.py:188} INFO - [2025-11-09T23:31:55.532-0500] {dagbag.py:545} INFO - Filling up the DagBag from /opt/airflow/dags/ocr_pipeline_dag.py
[2025-11-09T23:31:55.558-0500] {logging_mixin.py:188} INFO - 📂 Using project root: /opt/project
[2025-11-09T23:31:55.768-0500] {logging_mixin.py:188} INFO - [2025-11-09T23:31:55.767-0500] {credentials.py:1278} INFO - Found credentials in shared credentials file: ~/.aws/credentials
[2025-11-09T23:31:56.615-0500] {processor.py:840} INFO - DAG(s) 'ocr_pipeline_dag' retrieved from /opt/airflow/dags/ocr_pipeline_dag.py
[2025-11-09T23:31:56.649-0500] {logging_mixin.py:188} INFO - [2025-11-09T23:31:56.649-0500] {dag.py:3089} INFO - Sync 1 DAGs
[2025-11-09T23:31:56.665-0500] {logging_mixin.py:188} INFO - [2025-11-09T23:31:56.665-0500] {dag.py:3947} INFO - Setting next_dagrun for ocr_pipeline_dag to None, run_after=None
[2025-11-09T23:31:56.692-0500] {processor.py:183} INFO - Processing /opt/airflow/dags/ocr_pipeline_dag.py took 1.173 seconds
[2025-11-09T23:32:26.883-0500] {processor.py:161} INFO - Started process (PID=3743) to work on /opt/airflow/dags/ocr_pipeline_dag.py
[2025-11-09T23:32:26.885-0500] {processor.py:830} INFO - Processing file /opt/airflow/dags/ocr_pipeline_dag.py for tasks to queue
[2025-11-09T23:32:26.886-0500] {logging_mixin.py:188} INFO - [2025-11-09T23:32:26.886-0500] {dagbag.py:545} INFO - Filling up the DagBag from /opt/airflow/dags/ocr_pipeline_dag.py
[2025-11-09T23:32:26.909-0500] {logging_mixin.py:188} INFO - 📂 Using project root: /opt/project
[2025-11-09T23:32:27.112-0500] {logging_mixin.py:188} INFO - [2025-11-09T23:32:27.112-0500] {credentials.py:1278} INFO - Found credentials in shared credentials file: ~/.aws/credentials
[2025-11-09T23:32:27.925-0500] {processor.py:840} INFO - DAG(s) 'ocr_pipeline_dag' retrieved from /opt/airflow/dags/ocr_pipeline_dag.py
[2025-11-09T23:32:27.957-0500] {logging_mixin.py:188} INFO - [2025-11-09T23:32:27.956-0500] {dag.py:3089} INFO - Sync 1 DAGs
[2025-11-09T23:32:27.971-0500] {logging_mixin.py:188} INFO - [2025-11-09T23:32:27.971-0500] {dag.py:3947} INFO - Setting next_dagrun for ocr_pipeline_dag to None, run_after=None
[2025-11-09T23:32:27.995-0500] {processor.py:183} INFO - Processing /opt/airflow/dags/ocr_pipeline_dag.py took 1.120 seconds
[2025-11-09T23:32:58.195-0500] {processor.py:161} INFO - Started process (PID=3749) to work on /opt/airflow/dags/ocr_pipeline_dag.py
[2025-11-09T23:32:58.197-0500] {processor.py:830} INFO - Processing file /opt/airflow/dags/ocr_pipeline_dag.py for tasks to queue
[2025-11-09T23:32:58.199-0500] {logging_mixin.py:188} INFO - [2025-11-09T23:32:58.198-0500] {dagbag.py:545} INFO - Filling up the DagBag from /opt/airflow/dags/ocr_pipeline_dag.py
[2025-11-09T23:32:58.220-0500] {logging_mixin.py:188} INFO - 📂 Using project root: /opt/project
[2025-11-09T23:32:58.441-0500] {logging_mixin.py:188} INFO - [2025-11-09T23:32:58.440-0500] {credentials.py:1278} INFO - Found credentials in shared credentials file: ~/.aws/credentials
[2025-11-09T23:32:59.532-0500] {processor.py:840} INFO - DAG(s) 'ocr_pipeline_dag' retrieved from /opt/airflow/dags/ocr_pipeline_dag.py
[2025-11-09T23:32:59.566-0500] {logging_mixin.py:188} INFO - [2025-11-09T23:32:59.566-0500] {dag.py:3089} INFO - Sync 1 DAGs
[2025-11-09T23:32:59.582-0500] {logging_mixin.py:188} INFO - [2025-11-09T23:32:59.581-0500] {dag.py:3947} INFO - Setting next_dagrun for ocr_pipeline_dag to None, run_after=None
[2025-11-09T23:32:59.606-0500] {processor.py:183} INFO - Processing /opt/airflow/dags/ocr_pipeline_dag.py took 1.421 seconds
[2025-11-09T23:33:29.867-0500] {processor.py:161} INFO - Started process (PID=3755) to work on /opt/airflow/dags/ocr_pipeline_dag.py
[2025-11-09T23:33:29.868-0500] {processor.py:830} INFO - Processing file /opt/airflow/dags/ocr_pipeline_dag.py for tasks to queue
[2025-11-09T23:33:29.870-0500] {logging_mixin.py:188} INFO - [2025-11-09T23:33:29.869-0500] {dagbag.py:545} INFO - Filling up the DagBag from /opt/airflow/dags/ocr_pipeline_dag.py
[2025-11-09T23:33:29.889-0500] {logging_mixin.py:188} INFO - 📂 Using project root: /opt/project
[2025-11-09T23:33:30.093-0500] {logging_mixin.py:188} INFO - [2025-11-09T23:33:30.093-0500] {credentials.py:1278} INFO - Found credentials in shared credentials file: ~/.aws/credentials
[2025-11-09T23:33:30.908-0500] {processor.py:840} INFO - DAG(s) 'ocr_pipeline_dag' retrieved from /opt/airflow/dags/ocr_pipeline_dag.py
[2025-11-09T23:33:30.941-0500] {logging_mixin.py:188} INFO - [2025-11-09T23:33:30.940-0500] {dag.py:3089} INFO - Sync 1 DAGs
[2025-11-09T23:33:30.955-0500] {logging_mixin.py:188} INFO - [2025-11-09T23:33:30.955-0500] {dag.py:3947} INFO - Setting next_dagrun for ocr_pipeline_dag to None, run_after=None
[2025-11-09T23:33:30.978-0500] {processor.py:183} INFO - Processing /opt/airflow/dags/ocr_pipeline_dag.py took 1.120 seconds
[2025-11-09T23:34:01.071-0500] {processor.py:161} INFO - Started process (PID=3761) to work on /opt/airflow/dags/ocr_pipeline_dag.py
[2025-11-09T23:34:01.073-0500] {processor.py:830} INFO - Processing file /opt/airflow/dags/ocr_pipeline_dag.py for tasks to queue
[2025-11-09T23:34:01.074-0500] {logging_mixin.py:188} INFO - [2025-11-09T23:34:01.074-0500] {dagbag.py:545} INFO - Filling up the DagBag from /opt/airflow/dags/ocr_pipeline_dag.py
[2025-11-09T23:34:01.097-0500] {logging_mixin.py:188} INFO - 📂 Using project root: /opt/project
[2025-11-09T23:34:01.309-0500] {logging_mixin.py:188} INFO - [2025-11-09T23:34:01.309-0500] {credentials.py:1278} INFO - Found credentials in shared credentials file: ~/.aws/credentials
[2025-11-09T23:34:02.120-0500] {processor.py:840} INFO - DAG(s) 'ocr_pipeline_dag' retrieved from /opt/airflow/dags/ocr_pipeline_dag.py
[2025-11-09T23:34:02.152-0500] {logging_mixin.py:188} INFO - [2025-11-09T23:34:02.152-0500] {dag.py:3089} INFO - Sync 1 DAGs
[2025-11-09T23:34:02.166-0500] {logging_mixin.py:188} INFO - [2025-11-09T23:34:02.166-0500] {dag.py:3947} INFO - Setting next_dagrun for ocr_pipeline_dag to None, run_after=None
[2025-11-09T23:34:02.191-0500] {processor.py:183} INFO - Processing /opt/airflow/dags/ocr_pipeline_dag.py took 1.129 seconds
[2025-11-09T23:34:32.396-0500] {processor.py:161} INFO - Started process (PID=3767) to work on /opt/airflow/dags/ocr_pipeline_dag.py
[2025-11-09T23:34:32.397-0500] {processor.py:830} INFO - Processing file /opt/airflow/dags/ocr_pipeline_dag.py for tasks to queue
[2025-11-09T23:34:32.399-0500] {logging_mixin.py:188} INFO - [2025-11-09T23:34:32.398-0500] {dagbag.py:545} INFO - Filling up the DagBag from /opt/airflow/dags/ocr_pipeline_dag.py
[2025-11-09T23:34:32.421-0500] {logging_mixin.py:188} INFO - 📂 Using project root: /opt/project
[2025-11-09T23:34:32.621-0500] {logging_mixin.py:188} INFO - [2025-11-09T23:34:32.621-0500] {credentials.py:1278} INFO - Found credentials in shared credentials file: ~/.aws/credentials
[2025-11-09T23:34:33.398-0500] {processor.py:840} INFO - DAG(s) 'ocr_pipeline_dag' retrieved from /opt/airflow/dags/ocr_pipeline_dag.py
[2025-11-09T23:34:33.434-0500] {logging_mixin.py:188} INFO - [2025-11-09T23:34:33.434-0500] {dag.py:3089} INFO - Sync 1 DAGs
[2025-11-09T23:34:33.449-0500] {logging_mixin.py:188} INFO - [2025-11-09T23:34:33.449-0500] {dag.py:3947} INFO - Setting next_dagrun for ocr_pipeline_dag to None, run_after=None
[2025-11-09T23:34:33.474-0500] {processor.py:183} INFO - Processing /opt/airflow/dags/ocr_pipeline_dag.py took 1.087 seconds
[2025-11-09T23:35:03.741-0500] {processor.py:161} INFO - Started process (PID=3773) to work on /opt/airflow/dags/ocr_pipeline_dag.py
[2025-11-09T23:35:03.742-0500] {processor.py:830} INFO - Processing file /opt/airflow/dags/ocr_pipeline_dag.py for tasks to queue
[2025-11-09T23:35:03.744-0500] {logging_mixin.py:188} INFO - [2025-11-09T23:35:03.743-0500] {dagbag.py:545} INFO - Filling up the DagBag from /opt/airflow/dags/ocr_pipeline_dag.py
[2025-11-09T23:35:03.763-0500] {logging_mixin.py:188} INFO - 📂 Using project root: /opt/project
[2025-11-09T23:35:03.916-0500] {logging_mixin.py:188} INFO - [2025-11-09T23:35:03.916-0500] {credentials.py:1278} INFO - Found credentials in shared credentials file: ~/.aws/credentials
[2025-11-09T23:35:04.602-0500] {processor.py:840} INFO - DAG(s) 'ocr_pipeline_dag' retrieved from /opt/airflow/dags/ocr_pipeline_dag.py
[2025-11-09T23:35:04.630-0500] {logging_mixin.py:188} INFO - [2025-11-09T23:35:04.630-0500] {dag.py:3089} INFO - Sync 1 DAGs
[2025-11-09T23:35:04.643-0500] {logging_mixin.py:188} INFO - [2025-11-09T23:35:04.643-0500] {dag.py:3947} INFO - Setting next_dagrun for ocr_pipeline_dag to None, run_after=None
[2025-11-09T23:35:04.662-0500] {processor.py:183} INFO - Processing /opt/airflow/dags/ocr_pipeline_dag.py took 0.928 seconds
[2025-11-09T23:35:35.175-0500] {processor.py:161} INFO - Started process (PID=3779) to work on /opt/airflow/dags/ocr_pipeline_dag.py
[2025-11-09T23:35:35.176-0500] {processor.py:830} INFO - Processing file /opt/airflow/dags/ocr_pipeline_dag.py for tasks to queue
[2025-11-09T23:35:35.178-0500] {logging_mixin.py:188} INFO - [2025-11-09T23:35:35.177-0500] {dagbag.py:545} INFO - Filling up the DagBag from /opt/airflow/dags/ocr_pipeline_dag.py
[2025-11-09T23:35:35.196-0500] {logging_mixin.py:188} INFO - 📂 Using project root: /opt/project
[2025-11-09T23:35:35.410-0500] {logging_mixin.py:188} INFO - [2025-11-09T23:35:35.409-0500] {credentials.py:1278} INFO - Found credentials in shared credentials file: ~/.aws/credentials
[2025-11-09T23:35:36.217-0500] {processor.py:840} INFO - DAG(s) 'ocr_pipeline_dag' retrieved from /opt/airflow/dags/ocr_pipeline_dag.py
[2025-11-09T23:35:36.252-0500] {logging_mixin.py:188} INFO - [2025-11-09T23:35:36.252-0500] {dag.py:3089} INFO - Sync 1 DAGs
[2025-11-09T23:35:36.268-0500] {logging_mixin.py:188} INFO - [2025-11-09T23:35:36.268-0500] {dag.py:3947} INFO - Setting next_dagrun for ocr_pipeline_dag to None, run_after=None
[2025-11-09T23:35:36.291-0500] {processor.py:183} INFO - Processing /opt/airflow/dags/ocr_pipeline_dag.py took 1.122 seconds
[2025-11-09T23:36:06.602-0500] {processor.py:161} INFO - Started process (PID=3785) to work on /opt/airflow/dags/ocr_pipeline_dag.py
[2025-11-09T23:36:06.604-0500] {processor.py:830} INFO - Processing file /opt/airflow/dags/ocr_pipeline_dag.py for tasks to queue
[2025-11-09T23:36:06.606-0500] {logging_mixin.py:188} INFO - [2025-11-09T23:36:06.605-0500] {dagbag.py:545} INFO - Filling up the DagBag from /opt/airflow/dags/ocr_pipeline_dag.py
[2025-11-09T23:36:06.629-0500] {logging_mixin.py:188} INFO - 📂 Using project root: /opt/project
[2025-11-09T23:36:06.818-0500] {logging_mixin.py:188} INFO - [2025-11-09T23:36:06.817-0500] {credentials.py:1278} INFO - Found credentials in shared credentials file: ~/.aws/credentials
[2025-11-09T23:36:07.622-0500] {processor.py:840} INFO - DAG(s) 'ocr_pipeline_dag' retrieved from /opt/airflow/dags/ocr_pipeline_dag.py
[2025-11-09T23:36:07.664-0500] {logging_mixin.py:188} INFO - [2025-11-09T23:36:07.663-0500] {dag.py:3089} INFO - Sync 1 DAGs
[2025-11-09T23:36:07.679-0500] {logging_mixin.py:188} INFO - [2025-11-09T23:36:07.679-0500] {dag.py:3947} INFO - Setting next_dagrun for ocr_pipeline_dag to None, run_after=None
[2025-11-09T23:36:07.701-0500] {processor.py:183} INFO - Processing /opt/airflow/dags/ocr_pipeline_dag.py took 1.107 seconds
[2025-11-09T23:36:37.906-0500] {processor.py:161} INFO - Started process (PID=3791) to work on /opt/airflow/dags/ocr_pipeline_dag.py
[2025-11-09T23:36:37.907-0500] {processor.py:830} INFO - Processing file /opt/airflow/dags/ocr_pipeline_dag.py for tasks to queue
[2025-11-09T23:36:37.909-0500] {logging_mixin.py:188} INFO - [2025-11-09T23:36:37.908-0500] {dagbag.py:545} INFO - Filling up the DagBag from /opt/airflow/dags/ocr_pipeline_dag.py
[2025-11-09T23:36:37.929-0500] {logging_mixin.py:188} INFO - 📂 Using project root: /opt/project
[2025-11-09T23:36:38.121-0500] {logging_mixin.py:188} INFO - [2025-11-09T23:36:38.120-0500] {credentials.py:1278} INFO - Found credentials in shared credentials file: ~/.aws/credentials
[2025-11-09T23:36:39.083-0500] {processor.py:840} INFO - DAG(s) 'ocr_pipeline_dag' retrieved from /opt/airflow/dags/ocr_pipeline_dag.py
[2025-11-09T23:36:39.118-0500] {logging_mixin.py:188} INFO - [2025-11-09T23:36:39.118-0500] {dag.py:3089} INFO - Sync 1 DAGs
[2025-11-09T23:36:39.131-0500] {logging_mixin.py:188} INFO - [2025-11-09T23:36:39.131-0500] {dag.py:3947} INFO - Setting next_dagrun for ocr_pipeline_dag to None, run_after=None
[2025-11-09T23:36:39.153-0500] {processor.py:183} INFO - Processing /opt/airflow/dags/ocr_pipeline_dag.py took 1.250 seconds
[2025-11-09T23:37:09.457-0500] {processor.py:161} INFO - Started process (PID=3797) to work on /opt/airflow/dags/ocr_pipeline_dag.py
[2025-11-09T23:37:09.462-0500] {processor.py:830} INFO - Processing file /opt/airflow/dags/ocr_pipeline_dag.py for tasks to queue
[2025-11-09T23:37:09.467-0500] {logging_mixin.py:188} INFO - [2025-11-09T23:37:09.466-0500] {dagbag.py:545} INFO - Filling up the DagBag from /opt/airflow/dags/ocr_pipeline_dag.py
[2025-11-09T23:37:09.507-0500] {logging_mixin.py:188} INFO - 📂 Using project root: /opt/project
[2025-11-09T23:37:09.724-0500] {logging_mixin.py:188} INFO - [2025-11-09T23:37:09.723-0500] {credentials.py:1278} INFO - Found credentials in shared credentials file: ~/.aws/credentials
[2025-11-09T23:37:10.516-0500] {processor.py:840} INFO - DAG(s) 'ocr_pipeline_dag' retrieved from /opt/airflow/dags/ocr_pipeline_dag.py
[2025-11-09T23:37:10.547-0500] {logging_mixin.py:188} INFO - [2025-11-09T23:37:10.547-0500] {dag.py:3089} INFO - Sync 1 DAGs
[2025-11-09T23:37:10.561-0500] {logging_mixin.py:188} INFO - [2025-11-09T23:37:10.561-0500] {dag.py:3947} INFO - Setting next_dagrun for ocr_pipeline_dag to None, run_after=None
[2025-11-09T23:37:10.585-0500] {processor.py:183} INFO - Processing /opt/airflow/dags/ocr_pipeline_dag.py took 1.145 seconds
[2025-11-09T23:37:40.811-0500] {processor.py:161} INFO - Started process (PID=3803) to work on /opt/airflow/dags/ocr_pipeline_dag.py
[2025-11-09T23:37:40.813-0500] {processor.py:830} INFO - Processing file /opt/airflow/dags/ocr_pipeline_dag.py for tasks to queue
[2025-11-09T23:37:40.815-0500] {logging_mixin.py:188} INFO - [2025-11-09T23:37:40.814-0500] {dagbag.py:545} INFO - Filling up the DagBag from /opt/airflow/dags/ocr_pipeline_dag.py
[2025-11-09T23:37:40.835-0500] {logging_mixin.py:188} INFO - 📂 Using project root: /opt/project
[2025-11-09T23:37:41.048-0500] {logging_mixin.py:188} INFO - [2025-11-09T23:37:41.048-0500] {credentials.py:1278} INFO - Found credentials in shared credentials file: ~/.aws/credentials
[2025-11-09T23:37:41.851-0500] {processor.py:840} INFO - DAG(s) 'ocr_pipeline_dag' retrieved from /opt/airflow/dags/ocr_pipeline_dag.py
[2025-11-09T23:37:41.882-0500] {logging_mixin.py:188} INFO - [2025-11-09T23:37:41.881-0500] {dag.py:3089} INFO - Sync 1 DAGs
[2025-11-09T23:37:41.896-0500] {logging_mixin.py:188} INFO - [2025-11-09T23:37:41.896-0500] {dag.py:3947} INFO - Setting next_dagrun for ocr_pipeline_dag to None, run_after=None
[2025-11-09T23:37:41.923-0500] {processor.py:183} INFO - Processing /opt/airflow/dags/ocr_pipeline_dag.py took 1.119 seconds
[2025-11-09T23:38:12.018-0500] {processor.py:161} INFO - Started process (PID=3809) to work on /opt/airflow/dags/ocr_pipeline_dag.py
[2025-11-09T23:38:12.019-0500] {processor.py:830} INFO - Processing file /opt/airflow/dags/ocr_pipeline_dag.py for tasks to queue
[2025-11-09T23:38:12.021-0500] {logging_mixin.py:188} INFO - [2025-11-09T23:38:12.020-0500] {dagbag.py:545} INFO - Filling up the DagBag from /opt/airflow/dags/ocr_pipeline_dag.py
[2025-11-09T23:38:12.039-0500] {logging_mixin.py:188} INFO - 📂 Using project root: /opt/project
[2025-11-09T23:38:12.231-0500] {logging_mixin.py:188} INFO - [2025-11-09T23:38:12.231-0500] {credentials.py:1278} INFO - Found credentials in shared credentials file: ~/.aws/credentials
[2025-11-09T23:38:13.100-0500] {processor.py:840} INFO - DAG(s) 'ocr_pipeline_dag' retrieved from /opt/airflow/dags/ocr_pipeline_dag.py
[2025-11-09T23:38:13.133-0500] {logging_mixin.py:188} INFO - [2025-11-09T23:38:13.132-0500] {dag.py:3089} INFO - Sync 1 DAGs
[2025-11-09T23:38:13.148-0500] {logging_mixin.py:188} INFO - [2025-11-09T23:38:13.148-0500] {dag.py:3947} INFO - Setting next_dagrun for ocr_pipeline_dag to None, run_after=None
[2025-11-09T23:38:13.170-0500] {processor.py:183} INFO - Processing /opt/airflow/dags/ocr_pipeline_dag.py took 1.159 seconds
[2025-11-09T23:38:43.576-0500] {processor.py:161} INFO - Started process (PID=3815) to work on /opt/airflow/dags/ocr_pipeline_dag.py
[2025-11-09T23:38:43.577-0500] {processor.py:830} INFO - Processing file /opt/airflow/dags/ocr_pipeline_dag.py for tasks to queue
[2025-11-09T23:38:43.579-0500] {logging_mixin.py:188} INFO - [2025-11-09T23:38:43.578-0500] {dagbag.py:545} INFO - Filling up the DagBag from /opt/airflow/dags/ocr_pipeline_dag.py
[2025-11-09T23:38:43.594-0500] {logging_mixin.py:188} INFO - 📂 Using project root: /opt/project
[2025-11-09T23:38:43.753-0500] {logging_mixin.py:188} INFO - [2025-11-09T23:38:43.752-0500] {credentials.py:1278} INFO - Found credentials in shared credentials file: ~/.aws/credentials
[2025-11-09T23:38:44.438-0500] {processor.py:840} INFO - DAG(s) 'ocr_pipeline_dag' retrieved from /opt/airflow/dags/ocr_pipeline_dag.py
[2025-11-09T23:38:44.476-0500] {logging_mixin.py:188} INFO - [2025-11-09T23:38:44.476-0500] {dag.py:3089} INFO - Sync 1 DAGs
[2025-11-09T23:38:44.487-0500] {logging_mixin.py:188} INFO - [2025-11-09T23:38:44.487-0500] {dag.py:3947} INFO - Setting next_dagrun for ocr_pipeline_dag to None, run_after=None
[2025-11-09T23:38:44.506-0500] {processor.py:183} INFO - Processing /opt/airflow/dags/ocr_pipeline_dag.py took 0.937 seconds
[2025-11-09T23:39:15.046-0500] {processor.py:161} INFO - Started process (PID=3821) to work on /opt/airflow/dags/ocr_pipeline_dag.py
[2025-11-09T23:39:15.048-0500] {processor.py:830} INFO - Processing file /opt/airflow/dags/ocr_pipeline_dag.py for tasks to queue
[2025-11-09T23:39:15.049-0500] {logging_mixin.py:188} INFO - [2025-11-09T23:39:15.049-0500] {dagbag.py:545} INFO - Filling up the DagBag from /opt/airflow/dags/ocr_pipeline_dag.py
[2025-11-09T23:39:15.068-0500] {logging_mixin.py:188} INFO - 📂 Using project root: /opt/project
[2025-11-09T23:39:15.235-0500] {logging_mixin.py:188} INFO - [2025-11-09T23:39:15.234-0500] {credentials.py:1278} INFO - Found credentials in shared credentials file: ~/.aws/credentials
[2025-11-09T23:39:15.921-0500] {processor.py:840} INFO - DAG(s) 'ocr_pipeline_dag' retrieved from /opt/airflow/dags/ocr_pipeline_dag.py
[2025-11-09T23:39:15.949-0500] {logging_mixin.py:188} INFO - [2025-11-09T23:39:15.948-0500] {dag.py:3089} INFO - Sync 1 DAGs
[2025-11-09T23:39:15.960-0500] {logging_mixin.py:188} INFO - [2025-11-09T23:39:15.960-0500] {dag.py:3947} INFO - Setting next_dagrun for ocr_pipeline_dag to None, run_after=None
[2025-11-09T23:39:15.981-0500] {processor.py:183} INFO - Processing /opt/airflow/dags/ocr_pipeline_dag.py took 0.942 seconds
[2025-11-09T23:39:46.493-0500] {processor.py:161} INFO - Started process (PID=3827) to work on /opt/airflow/dags/ocr_pipeline_dag.py
[2025-11-09T23:39:46.494-0500] {processor.py:830} INFO - Processing file /opt/airflow/dags/ocr_pipeline_dag.py for tasks to queue
[2025-11-09T23:39:46.495-0500] {logging_mixin.py:188} INFO - [2025-11-09T23:39:46.495-0500] {dagbag.py:545} INFO - Filling up the DagBag from /opt/airflow/dags/ocr_pipeline_dag.py
[2025-11-09T23:39:46.516-0500] {logging_mixin.py:188} INFO - 📂 Using project root: /opt/project
[2025-11-09T23:39:46.674-0500] {logging_mixin.py:188} INFO - [2025-11-09T23:39:46.673-0500] {credentials.py:1278} INFO - Found credentials in shared credentials file: ~/.aws/credentials
[2025-11-09T23:39:47.385-0500] {processor.py:840} INFO - DAG(s) 'ocr_pipeline_dag' retrieved from /opt/airflow/dags/ocr_pipeline_dag.py
[2025-11-09T23:39:47.414-0500] {logging_mixin.py:188} INFO - [2025-11-09T23:39:47.414-0500] {dag.py:3089} INFO - Sync 1 DAGs
[2025-11-09T23:39:47.427-0500] {logging_mixin.py:188} INFO - [2025-11-09T23:39:47.426-0500] {dag.py:3947} INFO - Setting next_dagrun for ocr_pipeline_dag to None, run_after=None
[2025-11-09T23:39:47.450-0500] {processor.py:183} INFO - Processing /opt/airflow/dags/ocr_pipeline_dag.py took 0.965 seconds
[2025-11-09T23:40:17.822-0500] {processor.py:161} INFO - Started process (PID=3833) to work on /opt/airflow/dags/ocr_pipeline_dag.py
[2025-11-09T23:40:17.824-0500] {processor.py:830} INFO - Processing file /opt/airflow/dags/ocr_pipeline_dag.py for tasks to queue
[2025-11-09T23:40:17.825-0500] {logging_mixin.py:188} INFO - [2025-11-09T23:40:17.825-0500] {dagbag.py:545} INFO - Filling up the DagBag from /opt/airflow/dags/ocr_pipeline_dag.py
[2025-11-09T23:40:17.845-0500] {logging_mixin.py:188} INFO - 📂 Using project root: /opt/project
[2025-11-09T23:40:18.034-0500] {logging_mixin.py:188} INFO - [2025-11-09T23:40:18.034-0500] {credentials.py:1278} INFO - Found credentials in shared credentials file: ~/.aws/credentials
[2025-11-09T23:40:18.899-0500] {processor.py:840} INFO - DAG(s) 'ocr_pipeline_dag' retrieved from /opt/airflow/dags/ocr_pipeline_dag.py
[2025-11-09T23:40:18.929-0500] {logging_mixin.py:188} INFO - [2025-11-09T23:40:18.929-0500] {dag.py:3089} INFO - Sync 1 DAGs
[2025-11-09T23:40:18.945-0500] {logging_mixin.py:188} INFO - [2025-11-09T23:40:18.944-0500] {dag.py:3947} INFO - Setting next_dagrun for ocr_pipeline_dag to None, run_after=None
[2025-11-09T23:40:18.980-0500] {processor.py:183} INFO - Processing /opt/airflow/dags/ocr_pipeline_dag.py took 1.165 seconds
[2025-11-09T23:40:49.316-0500] {processor.py:161} INFO - Started process (PID=3839) to work on /opt/airflow/dags/ocr_pipeline_dag.py
[2025-11-09T23:40:49.317-0500] {processor.py:830} INFO - Processing file /opt/airflow/dags/ocr_pipeline_dag.py for tasks to queue
[2025-11-09T23:40:49.319-0500] {logging_mixin.py:188} INFO - [2025-11-09T23:40:49.318-0500] {dagbag.py:545} INFO - Filling up the DagBag from /opt/airflow/dags/ocr_pipeline_dag.py
[2025-11-09T23:40:49.334-0500] {logging_mixin.py:188} INFO - 📂 Using project root: /opt/project
[2025-11-09T23:40:49.530-0500] {logging_mixin.py:188} INFO - [2025-11-09T23:40:49.530-0500] {credentials.py:1278} INFO - Found credentials in shared credentials file: ~/.aws/credentials
[2025-11-09T23:40:50.330-0500] {processor.py:840} INFO - DAG(s) 'ocr_pipeline_dag' retrieved from /opt/airflow/dags/ocr_pipeline_dag.py
[2025-11-09T23:40:50.361-0500] {logging_mixin.py:188} INFO - [2025-11-09T23:40:50.361-0500] {dag.py:3089} INFO - Sync 1 DAGs
[2025-11-09T23:40:50.378-0500] {logging_mixin.py:188} INFO - [2025-11-09T23:40:50.377-0500] {dag.py:3947} INFO - Setting next_dagrun for ocr_pipeline_dag to None, run_after=None
[2025-11-09T23:40:50.402-0500] {processor.py:183} INFO - Processing /opt/airflow/dags/ocr_pipeline_dag.py took 1.096 seconds
[2025-11-09T23:41:20.529-0500] {processor.py:161} INFO - Started process (PID=3845) to work on /opt/airflow/dags/ocr_pipeline_dag.py
[2025-11-09T23:41:20.531-0500] {processor.py:830} INFO - Processing file /opt/airflow/dags/ocr_pipeline_dag.py for tasks to queue
[2025-11-09T23:41:20.533-0500] {logging_mixin.py:188} INFO - [2025-11-09T23:41:20.532-0500] {dagbag.py:545} INFO - Filling up the DagBag from /opt/airflow/dags/ocr_pipeline_dag.py
[2025-11-09T23:41:20.555-0500] {logging_mixin.py:188} INFO - 📂 Using project root: /opt/project
[2025-11-09T23:41:20.756-0500] {logging_mixin.py:188} INFO - [2025-11-09T23:41:20.756-0500] {credentials.py:1278} INFO - Found credentials in shared credentials file: ~/.aws/credentials
[2025-11-09T23:41:21.543-0500] {processor.py:840} INFO - DAG(s) 'ocr_pipeline_dag' retrieved from /opt/airflow/dags/ocr_pipeline_dag.py
[2025-11-09T23:41:21.575-0500] {logging_mixin.py:188} INFO - [2025-11-09T23:41:21.575-0500] {dag.py:3089} INFO - Sync 1 DAGs
[2025-11-09T23:41:21.591-0500] {logging_mixin.py:188} INFO - [2025-11-09T23:41:21.591-0500] {dag.py:3947} INFO - Setting next_dagrun for ocr_pipeline_dag to None, run_after=None
[2025-11-09T23:41:21.616-0500] {processor.py:183} INFO - Processing /opt/airflow/dags/ocr_pipeline_dag.py took 1.099 seconds
[2025-11-09T23:41:51.854-0500] {processor.py:161} INFO - Started process (PID=3851) to work on /opt/airflow/dags/ocr_pipeline_dag.py
[2025-11-09T23:41:51.856-0500] {processor.py:830} INFO - Processing file /opt/airflow/dags/ocr_pipeline_dag.py for tasks to queue
[2025-11-09T23:41:51.858-0500] {logging_mixin.py:188} INFO - [2025-11-09T23:41:51.857-0500] {dagbag.py:545} INFO - Filling up the DagBag from /opt/airflow/dags/ocr_pipeline_dag.py
[2025-11-09T23:41:51.883-0500] {logging_mixin.py:188} INFO - 📂 Using project root: /opt/project
[2025-11-09T23:41:52.105-0500] {logging_mixin.py:188} INFO - [2025-11-09T23:41:52.104-0500] {credentials.py:1278} INFO - Found credentials in shared credentials file: ~/.aws/credentials
[2025-11-09T23:41:52.899-0500] {processor.py:840} INFO - DAG(s) 'ocr_pipeline_dag' retrieved from /opt/airflow/dags/ocr_pipeline_dag.py
[2025-11-09T23:41:52.933-0500] {logging_mixin.py:188} INFO - [2025-11-09T23:41:52.933-0500] {dag.py:3089} INFO - Sync 1 DAGs
[2025-11-09T23:41:52.948-0500] {logging_mixin.py:188} INFO - [2025-11-09T23:41:52.947-0500] {dag.py:3947} INFO - Setting next_dagrun for ocr_pipeline_dag to None, run_after=None
[2025-11-09T23:41:52.972-0500] {processor.py:183} INFO - Processing /opt/airflow/dags/ocr_pipeline_dag.py took 1.127 seconds
[2025-11-09T23:42:23.069-0500] {processor.py:161} INFO - Started process (PID=3857) to work on /opt/airflow/dags/ocr_pipeline_dag.py
[2025-11-09T23:42:23.071-0500] {processor.py:830} INFO - Processing file /opt/airflow/dags/ocr_pipeline_dag.py for tasks to queue
[2025-11-09T23:42:23.072-0500] {logging_mixin.py:188} INFO - [2025-11-09T23:42:23.072-0500] {dagbag.py:545} INFO - Filling up the DagBag from /opt/airflow/dags/ocr_pipeline_dag.py
[2025-11-09T23:42:23.095-0500] {logging_mixin.py:188} INFO - 📂 Using project root: /opt/project
[2025-11-09T23:42:23.302-0500] {logging_mixin.py:188} INFO - [2025-11-09T23:42:23.302-0500] {credentials.py:1278} INFO - Found credentials in shared credentials file: ~/.aws/credentials
[2025-11-09T23:42:24.061-0500] {processor.py:840} INFO - DAG(s) 'ocr_pipeline_dag' retrieved from /opt/airflow/dags/ocr_pipeline_dag.py
[2025-11-09T23:42:24.093-0500] {logging_mixin.py:188} INFO - [2025-11-09T23:42:24.092-0500] {dag.py:3089} INFO - Sync 1 DAGs
[2025-11-09T23:42:24.107-0500] {logging_mixin.py:188} INFO - [2025-11-09T23:42:24.107-0500] {dag.py:3947} INFO - Setting next_dagrun for ocr_pipeline_dag to None, run_after=None
[2025-11-09T23:42:24.132-0500] {processor.py:183} INFO - Processing /opt/airflow/dags/ocr_pipeline_dag.py took 1.072 seconds
[2025-11-09T23:42:54.277-0500] {processor.py:161} INFO - Started process (PID=3863) to work on /opt/airflow/dags/ocr_pipeline_dag.py
[2025-11-09T23:42:54.279-0500] {processor.py:830} INFO - Processing file /opt/airflow/dags/ocr_pipeline_dag.py for tasks to queue
[2025-11-09T23:42:54.280-0500] {logging_mixin.py:188} INFO - [2025-11-09T23:42:54.280-0500] {dagbag.py:545} INFO - Filling up the DagBag from /opt/airflow/dags/ocr_pipeline_dag.py
[2025-11-09T23:42:54.303-0500] {logging_mixin.py:188} INFO - 📂 Using project root: /opt/project
[2025-11-09T23:42:54.511-0500] {logging_mixin.py:188} INFO - [2025-11-09T23:42:54.511-0500] {credentials.py:1278} INFO - Found credentials in shared credentials file: ~/.aws/credentials
[2025-11-09T23:42:55.284-0500] {processor.py:840} INFO - DAG(s) 'ocr_pipeline_dag' retrieved from /opt/airflow/dags/ocr_pipeline_dag.py
[2025-11-09T23:42:55.314-0500] {logging_mixin.py:188} INFO - [2025-11-09T23:42:55.314-0500] {dag.py:3089} INFO - Sync 1 DAGs
[2025-11-09T23:42:55.328-0500] {logging_mixin.py:188} INFO - [2025-11-09T23:42:55.328-0500] {dag.py:3947} INFO - Setting next_dagrun for ocr_pipeline_dag to None, run_after=None
[2025-11-09T23:42:55.352-0500] {processor.py:183} INFO - Processing /opt/airflow/dags/ocr_pipeline_dag.py took 1.086 seconds
[2025-11-09T23:43:25.619-0500] {processor.py:161} INFO - Started process (PID=3869) to work on /opt/airflow/dags/ocr_pipeline_dag.py
[2025-11-09T23:43:25.620-0500] {processor.py:830} INFO - Processing file /opt/airflow/dags/ocr_pipeline_dag.py for tasks to queue
[2025-11-09T23:43:25.622-0500] {logging_mixin.py:188} INFO - [2025-11-09T23:43:25.621-0500] {dagbag.py:545} INFO - Filling up the DagBag from /opt/airflow/dags/ocr_pipeline_dag.py
[2025-11-09T23:43:25.645-0500] {logging_mixin.py:188} INFO - 📂 Using project root: /opt/project
[2025-11-09T23:43:25.939-0500] {logging_mixin.py:188} INFO - [2025-11-09T23:43:25.939-0500] {credentials.py:1278} INFO - Found credentials in shared credentials file: ~/.aws/credentials
[2025-11-09T23:43:26.789-0500] {processor.py:840} INFO - DAG(s) 'ocr_pipeline_dag' retrieved from /opt/airflow/dags/ocr_pipeline_dag.py
[2025-11-09T23:43:26.821-0500] {logging_mixin.py:188} INFO - [2025-11-09T23:43:26.820-0500] {dag.py:3089} INFO - Sync 1 DAGs
[2025-11-09T23:43:26.836-0500] {logging_mixin.py:188} INFO - [2025-11-09T23:43:26.836-0500] {dag.py:3947} INFO - Setting next_dagrun for ocr_pipeline_dag to None, run_after=None
[2025-11-09T23:43:26.863-0500] {processor.py:183} INFO - Processing /opt/airflow/dags/ocr_pipeline_dag.py took 1.252 seconds
[2025-11-09T23:43:57.113-0500] {processor.py:161} INFO - Started process (PID=3875) to work on /opt/airflow/dags/ocr_pipeline_dag.py
[2025-11-09T23:43:57.115-0500] {processor.py:830} INFO - Processing file /opt/airflow/dags/ocr_pipeline_dag.py for tasks to queue
[2025-11-09T23:43:57.116-0500] {logging_mixin.py:188} INFO - [2025-11-09T23:43:57.116-0500] {dagbag.py:545} INFO - Filling up the DagBag from /opt/airflow/dags/ocr_pipeline_dag.py
[2025-11-09T23:43:57.139-0500] {logging_mixin.py:188} INFO - 📂 Using project root: /opt/project
[2025-11-09T23:43:57.347-0500] {logging_mixin.py:188} INFO - [2025-11-09T23:43:57.347-0500] {credentials.py:1278} INFO - Found credentials in shared credentials file: ~/.aws/credentials
[2025-11-09T23:43:58.168-0500] {processor.py:840} INFO - DAG(s) 'ocr_pipeline_dag' retrieved from /opt/airflow/dags/ocr_pipeline_dag.py
[2025-11-09T23:43:58.200-0500] {logging_mixin.py:188} INFO - [2025-11-09T23:43:58.199-0500] {dag.py:3089} INFO - Sync 1 DAGs
[2025-11-09T23:43:58.215-0500] {logging_mixin.py:188} INFO - [2025-11-09T23:43:58.215-0500] {dag.py:3947} INFO - Setting next_dagrun for ocr_pipeline_dag to None, run_after=None
[2025-11-09T23:43:58.238-0500] {processor.py:183} INFO - Processing /opt/airflow/dags/ocr_pipeline_dag.py took 1.136 seconds
[2025-11-09T23:44:28.492-0500] {processor.py:161} INFO - Started process (PID=3881) to work on /opt/airflow/dags/ocr_pipeline_dag.py
[2025-11-09T23:44:28.493-0500] {processor.py:830} INFO - Processing file /opt/airflow/dags/ocr_pipeline_dag.py for tasks to queue
[2025-11-09T23:44:28.495-0500] {logging_mixin.py:188} INFO - [2025-11-09T23:44:28.495-0500] {dagbag.py:545} INFO - Filling up the DagBag from /opt/airflow/dags/ocr_pipeline_dag.py
[2025-11-09T23:44:28.518-0500] {logging_mixin.py:188} INFO - 📂 Using project root: /opt/project
[2025-11-09T23:44:28.722-0500] {logging_mixin.py:188} INFO - [2025-11-09T23:44:28.722-0500] {credentials.py:1278} INFO - Found credentials in shared credentials file: ~/.aws/credentials
[2025-11-09T23:44:29.709-0500] {processor.py:840} INFO - DAG(s) 'ocr_pipeline_dag' retrieved from /opt/airflow/dags/ocr_pipeline_dag.py
[2025-11-09T23:44:29.745-0500] {logging_mixin.py:188} INFO - [2025-11-09T23:44:29.745-0500] {dag.py:3089} INFO - Sync 1 DAGs
[2025-11-09T23:44:29.760-0500] {logging_mixin.py:188} INFO - [2025-11-09T23:44:29.760-0500] {dag.py:3947} INFO - Setting next_dagrun for ocr_pipeline_dag to None, run_after=None
[2025-11-09T23:44:29.785-0500] {processor.py:183} INFO - Processing /opt/airflow/dags/ocr_pipeline_dag.py took 1.303 seconds
[2025-11-09T23:45:00.043-0500] {processor.py:161} INFO - Started process (PID=3887) to work on /opt/airflow/dags/ocr_pipeline_dag.py
[2025-11-09T23:45:00.045-0500] {processor.py:830} INFO - Processing file /opt/airflow/dags/ocr_pipeline_dag.py for tasks to queue
[2025-11-09T23:45:00.047-0500] {logging_mixin.py:188} INFO - [2025-11-09T23:45:00.047-0500] {dagbag.py:545} INFO - Filling up the DagBag from /opt/airflow/dags/ocr_pipeline_dag.py
[2025-11-09T23:45:00.072-0500] {logging_mixin.py:188} INFO - 📂 Using project root: /opt/project
[2025-11-09T23:45:00.307-0500] {logging_mixin.py:188} INFO - [2025-11-09T23:45:00.306-0500] {credentials.py:1278} INFO - Found credentials in shared credentials file: ~/.aws/credentials
[2025-11-09T23:45:01.186-0500] {processor.py:840} INFO - DAG(s) 'ocr_pipeline_dag' retrieved from /opt/airflow/dags/ocr_pipeline_dag.py
[2025-11-09T23:45:01.223-0500] {logging_mixin.py:188} INFO - [2025-11-09T23:45:01.222-0500] {dag.py:3089} INFO - Sync 1 DAGs
[2025-11-09T23:45:01.242-0500] {logging_mixin.py:188} INFO - [2025-11-09T23:45:01.242-0500] {dag.py:3947} INFO - Setting next_dagrun for ocr_pipeline_dag to None, run_after=None
[2025-11-09T23:45:01.270-0500] {processor.py:183} INFO - Processing /opt/airflow/dags/ocr_pipeline_dag.py took 1.239 seconds
[2025-11-09T23:45:31.549-0500] {processor.py:161} INFO - Started process (PID=3893) to work on /opt/airflow/dags/ocr_pipeline_dag.py
[2025-11-09T23:45:31.551-0500] {processor.py:830} INFO - Processing file /opt/airflow/dags/ocr_pipeline_dag.py for tasks to queue
[2025-11-09T23:45:31.553-0500] {logging_mixin.py:188} INFO - [2025-11-09T23:45:31.553-0500] {dagbag.py:545} INFO - Filling up the DagBag from /opt/airflow/dags/ocr_pipeline_dag.py
[2025-11-09T23:45:31.576-0500] {logging_mixin.py:188} INFO - 📂 Using project root: /opt/project
[2025-11-09T23:45:31.798-0500] {logging_mixin.py:188} INFO - [2025-11-09T23:45:31.797-0500] {credentials.py:1278} INFO - Found credentials in shared credentials file: ~/.aws/credentials
[2025-11-09T23:45:32.708-0500] {processor.py:840} INFO - DAG(s) 'ocr_pipeline_dag' retrieved from /opt/airflow/dags/ocr_pipeline_dag.py
[2025-11-09T23:45:32.742-0500] {logging_mixin.py:188} INFO - [2025-11-09T23:45:32.741-0500] {dag.py:3089} INFO - Sync 1 DAGs
[2025-11-09T23:45:32.756-0500] {logging_mixin.py:188} INFO - [2025-11-09T23:45:32.756-0500] {dag.py:3947} INFO - Setting next_dagrun for ocr_pipeline_dag to None, run_after=None
[2025-11-09T23:45:32.784-0500] {processor.py:183} INFO - Processing /opt/airflow/dags/ocr_pipeline_dag.py took 1.245 seconds
[2025-11-09T23:46:03.034-0500] {processor.py:161} INFO - Started process (PID=3899) to work on /opt/airflow/dags/ocr_pipeline_dag.py
[2025-11-09T23:46:03.036-0500] {processor.py:830} INFO - Processing file /opt/airflow/dags/ocr_pipeline_dag.py for tasks to queue
[2025-11-09T23:46:03.038-0500] {logging_mixin.py:188} INFO - [2025-11-09T23:46:03.037-0500] {dagbag.py:545} INFO - Filling up the DagBag from /opt/airflow/dags/ocr_pipeline_dag.py
[2025-11-09T23:46:03.061-0500] {logging_mixin.py:188} INFO - 📂 Using project root: /opt/project
[2025-11-09T23:46:03.255-0500] {logging_mixin.py:188} INFO - [2025-11-09T23:46:03.254-0500] {credentials.py:1278} INFO - Found credentials in shared credentials file: ~/.aws/credentials
[2025-11-09T23:46:04.019-0500] {processor.py:840} INFO - DAG(s) 'ocr_pipeline_dag' retrieved from /opt/airflow/dags/ocr_pipeline_dag.py
[2025-11-09T23:46:04.050-0500] {logging_mixin.py:188} INFO - [2025-11-09T23:46:04.049-0500] {dag.py:3089} INFO - Sync 1 DAGs
[2025-11-09T23:46:04.064-0500] {logging_mixin.py:188} INFO - [2025-11-09T23:46:04.064-0500] {dag.py:3947} INFO - Setting next_dagrun for ocr_pipeline_dag to None, run_after=None
[2025-11-09T23:46:04.089-0500] {processor.py:183} INFO - Processing /opt/airflow/dags/ocr_pipeline_dag.py took 1.063 seconds
[2025-11-09T23:46:34.231-0500] {processor.py:161} INFO - Started process (PID=3905) to work on /opt/airflow/dags/ocr_pipeline_dag.py
[2025-11-09T23:46:34.233-0500] {processor.py:830} INFO - Processing file /opt/airflow/dags/ocr_pipeline_dag.py for tasks to queue
[2025-11-09T23:46:34.234-0500] {logging_mixin.py:188} INFO - [2025-11-09T23:46:34.234-0500] {dagbag.py:545} INFO - Filling up the DagBag from /opt/airflow/dags/ocr_pipeline_dag.py
[2025-11-09T23:46:34.257-0500] {logging_mixin.py:188} INFO - 📂 Using project root: /opt/project
[2025-11-09T23:46:34.470-0500] {logging_mixin.py:188} INFO - [2025-11-09T23:46:34.470-0500] {credentials.py:1278} INFO - Found credentials in shared credentials file: ~/.aws/credentials
[2025-11-09T23:46:35.313-0500] {processor.py:840} INFO - DAG(s) 'ocr_pipeline_dag' retrieved from /opt/airflow/dags/ocr_pipeline_dag.py
[2025-11-09T23:46:35.349-0500] {logging_mixin.py:188} INFO - [2025-11-09T23:46:35.348-0500] {dag.py:3089} INFO - Sync 1 DAGs
[2025-11-09T23:46:35.366-0500] {logging_mixin.py:188} INFO - [2025-11-09T23:46:35.366-0500] {dag.py:3947} INFO - Setting next_dagrun for ocr_pipeline_dag to None, run_after=None
[2025-11-09T23:46:35.391-0500] {processor.py:183} INFO - Processing /opt/airflow/dags/ocr_pipeline_dag.py took 1.172 seconds
[2025-11-09T23:47:05.563-0500] {processor.py:161} INFO - Started process (PID=3911) to work on /opt/airflow/dags/ocr_pipeline_dag.py
[2025-11-09T23:47:05.565-0500] {processor.py:830} INFO - Processing file /opt/airflow/dags/ocr_pipeline_dag.py for tasks to queue
[2025-11-09T23:47:05.567-0500] {logging_mixin.py:188} INFO - [2025-11-09T23:47:05.567-0500] {dagbag.py:545} INFO - Filling up the DagBag from /opt/airflow/dags/ocr_pipeline_dag.py
[2025-11-09T23:47:05.594-0500] {logging_mixin.py:188} INFO - 📂 Using project root: /opt/project
[2025-11-09T23:47:05.829-0500] {logging_mixin.py:188} INFO - [2025-11-09T23:47:05.829-0500] {credentials.py:1278} INFO - Found credentials in shared credentials file: ~/.aws/credentials
[2025-11-09T23:47:06.760-0500] {processor.py:840} INFO - DAG(s) 'ocr_pipeline_dag' retrieved from /opt/airflow/dags/ocr_pipeline_dag.py
[2025-11-09T23:47:06.796-0500] {logging_mixin.py:188} INFO - [2025-11-09T23:47:06.795-0500] {dag.py:3089} INFO - Sync 1 DAGs
[2025-11-09T23:47:06.813-0500] {logging_mixin.py:188} INFO - [2025-11-09T23:47:06.812-0500] {dag.py:3947} INFO - Setting next_dagrun for ocr_pipeline_dag to None, run_after=None
[2025-11-09T23:47:06.842-0500] {processor.py:183} INFO - Processing /opt/airflow/dags/ocr_pipeline_dag.py took 1.294 seconds
[2025-11-09T23:47:37.085-0500] {processor.py:161} INFO - Started process (PID=3917) to work on /opt/airflow/dags/ocr_pipeline_dag.py
[2025-11-09T23:47:37.087-0500] {processor.py:830} INFO - Processing file /opt/airflow/dags/ocr_pipeline_dag.py for tasks to queue
[2025-11-09T23:47:37.089-0500] {logging_mixin.py:188} INFO - [2025-11-09T23:47:37.088-0500] {dagbag.py:545} INFO - Filling up the DagBag from /opt/airflow/dags/ocr_pipeline_dag.py
[2025-11-09T23:47:37.112-0500] {logging_mixin.py:188} INFO - 📂 Using project root: /opt/project
[2025-11-09T23:47:37.316-0500] {logging_mixin.py:188} INFO - [2025-11-09T23:47:37.316-0500] {credentials.py:1278} INFO - Found credentials in shared credentials file: ~/.aws/credentials
[2025-11-09T23:47:38.140-0500] {processor.py:840} INFO - DAG(s) 'ocr_pipeline_dag' retrieved from /opt/airflow/dags/ocr_pipeline_dag.py
[2025-11-09T23:47:38.175-0500] {logging_mixin.py:188} INFO - [2025-11-09T23:47:38.175-0500] {dag.py:3089} INFO - Sync 1 DAGs
[2025-11-09T23:47:38.190-0500] {logging_mixin.py:188} INFO - [2025-11-09T23:47:38.190-0500] {dag.py:3947} INFO - Setting next_dagrun for ocr_pipeline_dag to None, run_after=None
[2025-11-09T23:47:38.216-0500] {processor.py:183} INFO - Processing /opt/airflow/dags/ocr_pipeline_dag.py took 1.140 seconds
[2025-11-09T23:48:08.446-0500] {processor.py:161} INFO - Started process (PID=3923) to work on /opt/airflow/dags/ocr_pipeline_dag.py
[2025-11-09T23:48:08.448-0500] {processor.py:830} INFO - Processing file /opt/airflow/dags/ocr_pipeline_dag.py for tasks to queue
[2025-11-09T23:48:08.449-0500] {logging_mixin.py:188} INFO - [2025-11-09T23:48:08.449-0500] {dagbag.py:545} INFO - Filling up the DagBag from /opt/airflow/dags/ocr_pipeline_dag.py
[2025-11-09T23:48:08.471-0500] {logging_mixin.py:188} INFO - 📂 Using project root: /opt/project
[2025-11-09T23:48:08.684-0500] {logging_mixin.py:188} INFO - [2025-11-09T23:48:08.683-0500] {credentials.py:1278} INFO - Found credentials in shared credentials file: ~/.aws/credentials
[2025-11-09T23:48:09.612-0500] {processor.py:840} INFO - DAG(s) 'ocr_pipeline_dag' retrieved from /opt/airflow/dags/ocr_pipeline_dag.py
[2025-11-09T23:48:09.703-0500] {logging_mixin.py:188} INFO - [2025-11-09T23:48:09.702-0500] {dag.py:3089} INFO - Sync 1 DAGs
[2025-11-09T23:48:09.736-0500] {logging_mixin.py:188} INFO - [2025-11-09T23:48:09.736-0500] {dag.py:3947} INFO - Setting next_dagrun for ocr_pipeline_dag to None, run_after=None
[2025-11-09T23:48:09.783-0500] {processor.py:183} INFO - Processing /opt/airflow/dags/ocr_pipeline_dag.py took 1.344 seconds
[2025-11-09T23:48:40.065-0500] {processor.py:161} INFO - Started process (PID=3929) to work on /opt/airflow/dags/ocr_pipeline_dag.py
[2025-11-09T23:48:40.067-0500] {processor.py:830} INFO - Processing file /opt/airflow/dags/ocr_pipeline_dag.py for tasks to queue
[2025-11-09T23:48:40.068-0500] {logging_mixin.py:188} INFO - [2025-11-09T23:48:40.068-0500] {dagbag.py:545} INFO - Filling up the DagBag from /opt/airflow/dags/ocr_pipeline_dag.py
[2025-11-09T23:48:40.090-0500] {logging_mixin.py:188} INFO - 📂 Using project root: /opt/project
[2025-11-09T23:48:40.298-0500] {logging_mixin.py:188} INFO - [2025-11-09T23:48:40.298-0500] {credentials.py:1278} INFO - Found credentials in shared credentials file: ~/.aws/credentials
[2025-11-09T23:48:41.097-0500] {processor.py:840} INFO - DAG(s) 'ocr_pipeline_dag' retrieved from /opt/airflow/dags/ocr_pipeline_dag.py
[2025-11-09T23:48:41.131-0500] {logging_mixin.py:188} INFO - [2025-11-09T23:48:41.131-0500] {dag.py:3089} INFO - Sync 1 DAGs
[2025-11-09T23:48:41.146-0500] {logging_mixin.py:188} INFO - [2025-11-09T23:48:41.146-0500] {dag.py:3947} INFO - Setting next_dagrun for ocr_pipeline_dag to None, run_after=None
[2025-11-09T23:48:41.172-0500] {processor.py:183} INFO - Processing /opt/airflow/dags/ocr_pipeline_dag.py took 1.117 seconds
[2025-11-09T23:49:11.258-0500] {processor.py:161} INFO - Started process (PID=3935) to work on /opt/airflow/dags/ocr_pipeline_dag.py
[2025-11-09T23:49:11.260-0500] {processor.py:830} INFO - Processing file /opt/airflow/dags/ocr_pipeline_dag.py for tasks to queue
[2025-11-09T23:49:11.261-0500] {logging_mixin.py:188} INFO - [2025-11-09T23:49:11.261-0500] {dagbag.py:545} INFO - Filling up the DagBag from /opt/airflow/dags/ocr_pipeline_dag.py
[2025-11-09T23:49:11.290-0500] {logging_mixin.py:188} INFO - 📂 Using project root: /opt/project
[2025-11-09T23:49:11.502-0500] {logging_mixin.py:188} INFO - [2025-11-09T23:49:11.502-0500] {credentials.py:1278} INFO - Found credentials in shared credentials file: ~/.aws/credentials
[2025-11-09T23:49:12.375-0500] {processor.py:840} INFO - DAG(s) 'ocr_pipeline_dag' retrieved from /opt/airflow/dags/ocr_pipeline_dag.py
[2025-11-09T23:49:12.408-0500] {logging_mixin.py:188} INFO - [2025-11-09T23:49:12.408-0500] {dag.py:3089} INFO - Sync 1 DAGs
[2025-11-09T23:49:12.427-0500] {logging_mixin.py:188} INFO - [2025-11-09T23:49:12.426-0500] {dag.py:3947} INFO - Setting next_dagrun for ocr_pipeline_dag to None, run_after=None
[2025-11-09T23:49:12.456-0500] {processor.py:183} INFO - Processing /opt/airflow/dags/ocr_pipeline_dag.py took 1.208 seconds
[2025-11-09T23:49:42.600-0500] {processor.py:161} INFO - Started process (PID=3941) to work on /opt/airflow/dags/ocr_pipeline_dag.py
[2025-11-09T23:49:42.601-0500] {processor.py:830} INFO - Processing file /opt/airflow/dags/ocr_pipeline_dag.py for tasks to queue
[2025-11-09T23:49:42.603-0500] {logging_mixin.py:188} INFO - [2025-11-09T23:49:42.602-0500] {dagbag.py:545} INFO - Filling up the DagBag from /opt/airflow/dags/ocr_pipeline_dag.py
[2025-11-09T23:49:42.625-0500] {logging_mixin.py:188} INFO - 📂 Using project root: /opt/project
[2025-11-09T23:49:42.828-0500] {logging_mixin.py:188} INFO - [2025-11-09T23:49:42.827-0500] {credentials.py:1278} INFO - Found credentials in shared credentials file: ~/.aws/credentials
[2025-11-09T23:49:43.706-0500] {processor.py:840} INFO - DAG(s) 'ocr_pipeline_dag' retrieved from /opt/airflow/dags/ocr_pipeline_dag.py
[2025-11-09T23:49:43.739-0500] {logging_mixin.py:188} INFO - [2025-11-09T23:49:43.739-0500] {dag.py:3089} INFO - Sync 1 DAGs
[2025-11-09T23:49:43.755-0500] {logging_mixin.py:188} INFO - [2025-11-09T23:49:43.755-0500] {dag.py:3947} INFO - Setting next_dagrun for ocr_pipeline_dag to None, run_after=None
[2025-11-09T23:49:43.779-0500] {processor.py:183} INFO - Processing /opt/airflow/dags/ocr_pipeline_dag.py took 1.188 seconds
[2025-11-09T23:50:13.905-0500] {processor.py:161} INFO - Started process (PID=3947) to work on /opt/airflow/dags/ocr_pipeline_dag.py
[2025-11-09T23:50:13.907-0500] {processor.py:830} INFO - Processing file /opt/airflow/dags/ocr_pipeline_dag.py for tasks to queue
[2025-11-09T23:50:13.909-0500] {logging_mixin.py:188} INFO - [2025-11-09T23:50:13.908-0500] {dagbag.py:545} INFO - Filling up the DagBag from /opt/airflow/dags/ocr_pipeline_dag.py
[2025-11-09T23:50:13.932-0500] {logging_mixin.py:188} INFO - 📂 Using project root: /opt/project
[2025-11-09T23:50:14.132-0500] {logging_mixin.py:188} INFO - [2025-11-09T23:50:14.131-0500] {credentials.py:1278} INFO - Found credentials in shared credentials file: ~/.aws/credentials
[2025-11-09T23:50:14.950-0500] {processor.py:840} INFO - DAG(s) 'ocr_pipeline_dag' retrieved from /opt/airflow/dags/ocr_pipeline_dag.py
[2025-11-09T23:50:14.984-0500] {logging_mixin.py:188} INFO - [2025-11-09T23:50:14.984-0500] {dag.py:3089} INFO - Sync 1 DAGs
[2025-11-09T23:50:15.000-0500] {logging_mixin.py:188} INFO - [2025-11-09T23:50:15.000-0500] {dag.py:3947} INFO - Setting next_dagrun for ocr_pipeline_dag to None, run_after=None
[2025-11-09T23:50:15.024-0500] {processor.py:183} INFO - Processing /opt/airflow/dags/ocr_pipeline_dag.py took 1.127 seconds
[2025-11-09T23:50:45.258-0500] {processor.py:161} INFO - Started process (PID=3953) to work on /opt/airflow/dags/ocr_pipeline_dag.py
[2025-11-09T23:50:45.259-0500] {processor.py:830} INFO - Processing file /opt/airflow/dags/ocr_pipeline_dag.py for tasks to queue
[2025-11-09T23:50:45.260-0500] {logging_mixin.py:188} INFO - [2025-11-09T23:50:45.260-0500] {dagbag.py:545} INFO - Filling up the DagBag from /opt/airflow/dags/ocr_pipeline_dag.py
[2025-11-09T23:50:45.280-0500] {logging_mixin.py:188} INFO - 📂 Using project root: /opt/project
[2025-11-09T23:50:45.478-0500] {logging_mixin.py:188} INFO - [2025-11-09T23:50:45.478-0500] {credentials.py:1278} INFO - Found credentials in shared credentials file: ~/.aws/credentials
[2025-11-09T23:50:46.251-0500] {processor.py:840} INFO - DAG(s) 'ocr_pipeline_dag' retrieved from /opt/airflow/dags/ocr_pipeline_dag.py
[2025-11-09T23:50:46.285-0500] {logging_mixin.py:188} INFO - [2025-11-09T23:50:46.284-0500] {dag.py:3089} INFO - Sync 1 DAGs
[2025-11-09T23:50:46.299-0500] {logging_mixin.py:188} INFO - [2025-11-09T23:50:46.298-0500] {dag.py:3947} INFO - Setting next_dagrun for ocr_pipeline_dag to None, run_after=None
[2025-11-09T23:50:46.322-0500] {processor.py:183} INFO - Processing /opt/airflow/dags/ocr_pipeline_dag.py took 1.073 seconds
[2025-11-09T23:51:16.496-0500] {processor.py:161} INFO - Started process (PID=3959) to work on /opt/airflow/dags/ocr_pipeline_dag.py
[2025-11-09T23:51:16.498-0500] {processor.py:830} INFO - Processing file /opt/airflow/dags/ocr_pipeline_dag.py for tasks to queue
[2025-11-09T23:51:16.500-0500] {logging_mixin.py:188} INFO - [2025-11-09T23:51:16.499-0500] {dagbag.py:545} INFO - Filling up the DagBag from /opt/airflow/dags/ocr_pipeline_dag.py
[2025-11-09T23:51:16.523-0500] {logging_mixin.py:188} INFO - 📂 Using project root: /opt/project
[2025-11-09T23:51:16.744-0500] {logging_mixin.py:188} INFO - [2025-11-09T23:51:16.743-0500] {credentials.py:1278} INFO - Found credentials in shared credentials file: ~/.aws/credentials
[2025-11-09T23:51:17.612-0500] {processor.py:840} INFO - DAG(s) 'ocr_pipeline_dag' retrieved from /opt/airflow/dags/ocr_pipeline_dag.py
[2025-11-09T23:51:17.647-0500] {logging_mixin.py:188} INFO - [2025-11-09T23:51:17.646-0500] {dag.py:3089} INFO - Sync 1 DAGs
[2025-11-09T23:51:17.664-0500] {logging_mixin.py:188} INFO - [2025-11-09T23:51:17.664-0500] {dag.py:3947} INFO - Setting next_dagrun for ocr_pipeline_dag to None, run_after=None
[2025-11-09T23:51:17.693-0500] {processor.py:183} INFO - Processing /opt/airflow/dags/ocr_pipeline_dag.py took 1.207 seconds
[2025-11-09T23:51:47.941-0500] {processor.py:161} INFO - Started process (PID=3965) to work on /opt/airflow/dags/ocr_pipeline_dag.py
[2025-11-09T23:51:47.943-0500] {processor.py:830} INFO - Processing file /opt/airflow/dags/ocr_pipeline_dag.py for tasks to queue
[2025-11-09T23:51:47.945-0500] {logging_mixin.py:188} INFO - [2025-11-09T23:51:47.944-0500] {dagbag.py:545} INFO - Filling up the DagBag from /opt/airflow/dags/ocr_pipeline_dag.py
[2025-11-09T23:51:47.966-0500] {logging_mixin.py:188} INFO - 📂 Using project root: /opt/project
[2025-11-09T23:51:48.179-0500] {logging_mixin.py:188} INFO - [2025-11-09T23:51:48.179-0500] {credentials.py:1278} INFO - Found credentials in shared credentials file: ~/.aws/credentials
[2025-11-09T23:51:49.008-0500] {processor.py:840} INFO - DAG(s) 'ocr_pipeline_dag' retrieved from /opt/airflow/dags/ocr_pipeline_dag.py
[2025-11-09T23:51:49.045-0500] {logging_mixin.py:188} INFO - [2025-11-09T23:51:49.044-0500] {dag.py:3089} INFO - Sync 1 DAGs
[2025-11-09T23:51:49.062-0500] {logging_mixin.py:188} INFO - [2025-11-09T23:51:49.062-0500] {dag.py:3947} INFO - Setting next_dagrun for ocr_pipeline_dag to None, run_after=None
[2025-11-09T23:51:49.092-0500] {processor.py:183} INFO - Processing /opt/airflow/dags/ocr_pipeline_dag.py took 1.160 seconds
[2025-11-09T23:52:19.336-0500] {processor.py:161} INFO - Started process (PID=3971) to work on /opt/airflow/dags/ocr_pipeline_dag.py
[2025-11-09T23:52:19.338-0500] {processor.py:830} INFO - Processing file /opt/airflow/dags/ocr_pipeline_dag.py for tasks to queue
[2025-11-09T23:52:19.340-0500] {logging_mixin.py:188} INFO - [2025-11-09T23:52:19.340-0500] {dagbag.py:545} INFO - Filling up the DagBag from /opt/airflow/dags/ocr_pipeline_dag.py
[2025-11-09T23:52:19.362-0500] {logging_mixin.py:188} INFO - 📂 Using project root: /opt/project
[2025-11-09T23:52:19.589-0500] {logging_mixin.py:188} INFO - [2025-11-09T23:52:19.588-0500] {credentials.py:1278} INFO - Found credentials in shared credentials file: ~/.aws/credentials
[2025-11-09T23:52:20.578-0500] {processor.py:840} INFO - DAG(s) 'ocr_pipeline_dag' retrieved from /opt/airflow/dags/ocr_pipeline_dag.py
[2025-11-09T23:52:20.612-0500] {logging_mixin.py:188} INFO - [2025-11-09T23:52:20.611-0500] {dag.py:3089} INFO - Sync 1 DAGs
[2025-11-09T23:52:20.628-0500] {logging_mixin.py:188} INFO - [2025-11-09T23:52:20.628-0500] {dag.py:3947} INFO - Setting next_dagrun for ocr_pipeline_dag to None, run_after=None
[2025-11-09T23:52:20.655-0500] {processor.py:183} INFO - Processing /opt/airflow/dags/ocr_pipeline_dag.py took 1.329 seconds
[2025-11-09T23:52:50.912-0500] {processor.py:161} INFO - Started process (PID=3977) to work on /opt/airflow/dags/ocr_pipeline_dag.py
[2025-11-09T23:52:50.914-0500] {processor.py:830} INFO - Processing file /opt/airflow/dags/ocr_pipeline_dag.py for tasks to queue
[2025-11-09T23:52:50.916-0500] {logging_mixin.py:188} INFO - [2025-11-09T23:52:50.915-0500] {dagbag.py:545} INFO - Filling up the DagBag from /opt/airflow/dags/ocr_pipeline_dag.py
[2025-11-09T23:52:50.939-0500] {logging_mixin.py:188} INFO - 📂 Using project root: /opt/project
[2025-11-09T23:52:51.178-0500] {logging_mixin.py:188} INFO - [2025-11-09T23:52:51.178-0500] {credentials.py:1278} INFO - Found credentials in shared credentials file: ~/.aws/credentials
[2025-11-09T23:52:52.000-0500] {processor.py:840} INFO - DAG(s) 'ocr_pipeline_dag' retrieved from /opt/airflow/dags/ocr_pipeline_dag.py
[2025-11-09T23:52:52.031-0500] {logging_mixin.py:188} INFO - [2025-11-09T23:52:52.031-0500] {dag.py:3089} INFO - Sync 1 DAGs
[2025-11-09T23:52:52.048-0500] {logging_mixin.py:188} INFO - [2025-11-09T23:52:52.048-0500] {dag.py:3947} INFO - Setting next_dagrun for ocr_pipeline_dag to None, run_after=None
[2025-11-09T23:52:52.073-0500] {processor.py:183} INFO - Processing /opt/airflow/dags/ocr_pipeline_dag.py took 1.173 seconds
[2025-11-09T23:53:22.308-0500] {processor.py:161} INFO - Started process (PID=3983) to work on /opt/airflow/dags/ocr_pipeline_dag.py
[2025-11-09T23:53:22.310-0500] {processor.py:830} INFO - Processing file /opt/airflow/dags/ocr_pipeline_dag.py for tasks to queue
[2025-11-09T23:53:22.312-0500] {logging_mixin.py:188} INFO - [2025-11-09T23:53:22.311-0500] {dagbag.py:545} INFO - Filling up the DagBag from /opt/airflow/dags/ocr_pipeline_dag.py
[2025-11-09T23:53:22.342-0500] {logging_mixin.py:188} INFO - 📂 Using project root: /opt/project
[2025-11-09T23:53:22.581-0500] {logging_mixin.py:188} INFO - [2025-11-09T23:53:22.581-0500] {credentials.py:1278} INFO - Found credentials in shared credentials file: ~/.aws/credentials
[2025-11-09T23:53:23.396-0500] {processor.py:840} INFO - DAG(s) 'ocr_pipeline_dag' retrieved from /opt/airflow/dags/ocr_pipeline_dag.py
[2025-11-09T23:53:23.431-0500] {logging_mixin.py:188} INFO - [2025-11-09T23:53:23.430-0500] {dag.py:3089} INFO - Sync 1 DAGs
[2025-11-09T23:53:23.447-0500] {logging_mixin.py:188} INFO - [2025-11-09T23:53:23.446-0500] {dag.py:3947} INFO - Setting next_dagrun for ocr_pipeline_dag to None, run_after=None
[2025-11-09T23:53:23.471-0500] {processor.py:183} INFO - Processing /opt/airflow/dags/ocr_pipeline_dag.py took 1.172 seconds
[2025-11-09T23:53:53.713-0500] {processor.py:161} INFO - Started process (PID=3989) to work on /opt/airflow/dags/ocr_pipeline_dag.py
[2025-11-09T23:53:53.715-0500] {processor.py:830} INFO - Processing file /opt/airflow/dags/ocr_pipeline_dag.py for tasks to queue
[2025-11-09T23:53:53.716-0500] {logging_mixin.py:188} INFO - [2025-11-09T23:53:53.716-0500] {dagbag.py:545} INFO - Filling up the DagBag from /opt/airflow/dags/ocr_pipeline_dag.py
[2025-11-09T23:53:53.736-0500] {logging_mixin.py:188} INFO - 📂 Using project root: /opt/project
[2025-11-09T23:53:53.940-0500] {logging_mixin.py:188} INFO - [2025-11-09T23:53:53.940-0500] {credentials.py:1278} INFO - Found credentials in shared credentials file: ~/.aws/credentials
[2025-11-09T23:53:54.711-0500] {processor.py:840} INFO - DAG(s) 'ocr_pipeline_dag' retrieved from /opt/airflow/dags/ocr_pipeline_dag.py
[2025-11-09T23:53:54.745-0500] {logging_mixin.py:188} INFO - [2025-11-09T23:53:54.745-0500] {dag.py:3089} INFO - Sync 1 DAGs
[2025-11-09T23:53:54.760-0500] {logging_mixin.py:188} INFO - [2025-11-09T23:53:54.759-0500] {dag.py:3947} INFO - Setting next_dagrun for ocr_pipeline_dag to None, run_after=None
[2025-11-09T23:53:54.785-0500] {processor.py:183} INFO - Processing /opt/airflow/dags/ocr_pipeline_dag.py took 1.081 seconds
[2025-11-09T23:54:24.921-0500] {processor.py:161} INFO - Started process (PID=3995) to work on /opt/airflow/dags/ocr_pipeline_dag.py
[2025-11-09T23:54:24.923-0500] {processor.py:830} INFO - Processing file /opt/airflow/dags/ocr_pipeline_dag.py for tasks to queue
[2025-11-09T23:54:24.924-0500] {logging_mixin.py:188} INFO - [2025-11-09T23:54:24.924-0500] {dagbag.py:545} INFO - Filling up the DagBag from /opt/airflow/dags/ocr_pipeline_dag.py
[2025-11-09T23:54:24.946-0500] {logging_mixin.py:188} INFO - 📂 Using project root: /opt/project
[2025-11-09T23:54:25.151-0500] {logging_mixin.py:188} INFO - [2025-11-09T23:54:25.151-0500] {credentials.py:1278} INFO - Found credentials in shared credentials file: ~/.aws/credentials
[2025-11-09T23:54:26.023-0500] {processor.py:840} INFO - DAG(s) 'ocr_pipeline_dag' retrieved from /opt/airflow/dags/ocr_pipeline_dag.py
[2025-11-09T23:54:26.059-0500] {logging_mixin.py:188} INFO - [2025-11-09T23:54:26.059-0500] {dag.py:3089} INFO - Sync 1 DAGs
[2025-11-09T23:54:26.076-0500] {logging_mixin.py:188} INFO - [2025-11-09T23:54:26.075-0500] {dag.py:3947} INFO - Setting next_dagrun for ocr_pipeline_dag to None, run_after=None
[2025-11-09T23:54:26.106-0500] {processor.py:183} INFO - Processing /opt/airflow/dags/ocr_pipeline_dag.py took 1.195 seconds
[2025-11-09T23:54:56.228-0500] {processor.py:161} INFO - Started process (PID=4001) to work on /opt/airflow/dags/ocr_pipeline_dag.py
[2025-11-09T23:54:56.230-0500] {processor.py:830} INFO - Processing file /opt/airflow/dags/ocr_pipeline_dag.py for tasks to queue
[2025-11-09T23:54:56.232-0500] {logging_mixin.py:188} INFO - [2025-11-09T23:54:56.231-0500] {dagbag.py:545} INFO - Filling up the DagBag from /opt/airflow/dags/ocr_pipeline_dag.py
[2025-11-09T23:54:56.252-0500] {logging_mixin.py:188} INFO - 📂 Using project root: /opt/project
[2025-11-09T23:54:56.469-0500] {logging_mixin.py:188} INFO - [2025-11-09T23:54:56.469-0500] {credentials.py:1278} INFO - Found credentials in shared credentials file: ~/.aws/credentials
[2025-11-09T23:54:57.261-0500] {processor.py:840} INFO - DAG(s) 'ocr_pipeline_dag' retrieved from /opt/airflow/dags/ocr_pipeline_dag.py
[2025-11-09T23:54:57.293-0500] {logging_mixin.py:188} INFO - [2025-11-09T23:54:57.293-0500] {dag.py:3089} INFO - Sync 1 DAGs
[2025-11-09T23:54:57.308-0500] {logging_mixin.py:188} INFO - [2025-11-09T23:54:57.307-0500] {dag.py:3947} INFO - Setting next_dagrun for ocr_pipeline_dag to None, run_after=None
[2025-11-09T23:54:57.334-0500] {processor.py:183} INFO - Processing /opt/airflow/dags/ocr_pipeline_dag.py took 1.116 seconds
[2025-11-09T23:55:27.548-0500] {processor.py:161} INFO - Started process (PID=4007) to work on /opt/airflow/dags/ocr_pipeline_dag.py
[2025-11-09T23:55:27.550-0500] {processor.py:830} INFO - Processing file /opt/airflow/dags/ocr_pipeline_dag.py for tasks to queue
[2025-11-09T23:55:27.551-0500] {logging_mixin.py:188} INFO - [2025-11-09T23:55:27.551-0500] {dagbag.py:545} INFO - Filling up the DagBag from /opt/airflow/dags/ocr_pipeline_dag.py
[2025-11-09T23:55:27.572-0500] {logging_mixin.py:188} INFO - 📂 Using project root: /opt/project
[2025-11-09T23:55:27.832-0500] {logging_mixin.py:188} INFO - [2025-11-09T23:55:27.830-0500] {credentials.py:1278} INFO - Found credentials in shared credentials file: ~/.aws/credentials
[2025-11-09T23:55:28.694-0500] {processor.py:840} INFO - DAG(s) 'ocr_pipeline_dag' retrieved from /opt/airflow/dags/ocr_pipeline_dag.py
[2025-11-09T23:55:28.735-0500] {logging_mixin.py:188} INFO - [2025-11-09T23:55:28.735-0500] {dag.py:3089} INFO - Sync 1 DAGs
[2025-11-09T23:55:28.753-0500] {logging_mixin.py:188} INFO - [2025-11-09T23:55:28.753-0500] {dag.py:3947} INFO - Setting next_dagrun for ocr_pipeline_dag to None, run_after=None
[2025-11-09T23:55:28.778-0500] {processor.py:183} INFO - Processing /opt/airflow/dags/ocr_pipeline_dag.py took 1.241 seconds
[2025-11-09T23:55:59.025-0500] {processor.py:161} INFO - Started process (PID=4013) to work on /opt/airflow/dags/ocr_pipeline_dag.py
[2025-11-09T23:55:59.027-0500] {processor.py:830} INFO - Processing file /opt/airflow/dags/ocr_pipeline_dag.py for tasks to queue
[2025-11-09T23:55:59.029-0500] {logging_mixin.py:188} INFO - [2025-11-09T23:55:59.029-0500] {dagbag.py:545} INFO - Filling up the DagBag from /opt/airflow/dags/ocr_pipeline_dag.py
[2025-11-09T23:55:59.055-0500] {logging_mixin.py:188} INFO - 📂 Using project root: /opt/project
[2025-11-09T23:55:59.282-0500] {logging_mixin.py:188} INFO - [2025-11-09T23:55:59.282-0500] {credentials.py:1278} INFO - Found credentials in shared credentials file: ~/.aws/credentials
[2025-11-09T23:56:00.326-0500] {processor.py:840} INFO - DAG(s) 'ocr_pipeline_dag' retrieved from /opt/airflow/dags/ocr_pipeline_dag.py
[2025-11-09T23:56:00.363-0500] {logging_mixin.py:188} INFO - [2025-11-09T23:56:00.362-0500] {dag.py:3089} INFO - Sync 1 DAGs
[2025-11-09T23:56:00.384-0500] {logging_mixin.py:188} INFO - [2025-11-09T23:56:00.384-0500] {dag.py:3947} INFO - Setting next_dagrun for ocr_pipeline_dag to None, run_after=None
[2025-11-09T23:56:00.415-0500] {processor.py:183} INFO - Processing /opt/airflow/dags/ocr_pipeline_dag.py took 1.404 seconds
[2025-11-09T23:56:31.122-0500] {processor.py:161} INFO - Started process (PID=4019) to work on /opt/airflow/dags/ocr_pipeline_dag.py
[2025-11-09T23:56:31.124-0500] {processor.py:830} INFO - Processing file /opt/airflow/dags/ocr_pipeline_dag.py for tasks to queue
[2025-11-09T23:56:31.126-0500] {logging_mixin.py:188} INFO - [2025-11-09T23:56:31.125-0500] {dagbag.py:545} INFO - Filling up the DagBag from /opt/airflow/dags/ocr_pipeline_dag.py
[2025-11-09T23:56:31.140-0500] {logging_mixin.py:188} INFO - 📂 Using project root: /opt/project
[2025-11-09T23:56:31.310-0500] {logging_mixin.py:188} INFO - [2025-11-09T23:56:31.310-0500] {credentials.py:1278} INFO - Found credentials in shared credentials file: ~/.aws/credentials
[2025-11-09T23:56:32.144-0500] {processor.py:840} INFO - DAG(s) 'ocr_pipeline_dag' retrieved from /opt/airflow/dags/ocr_pipeline_dag.py
[2025-11-09T23:56:32.193-0500] {logging_mixin.py:188} INFO - [2025-11-09T23:56:32.193-0500] {dag.py:3089} INFO - Sync 1 DAGs
[2025-11-09T23:56:32.216-0500] {logging_mixin.py:188} INFO - [2025-11-09T23:56:32.216-0500] {dag.py:3947} INFO - Setting next_dagrun for ocr_pipeline_dag to None, run_after=None
[2025-11-09T23:56:32.262-0500] {processor.py:183} INFO - Processing /opt/airflow/dags/ocr_pipeline_dag.py took 1.158 seconds
[2025-11-09T23:57:02.646-0500] {processor.py:161} INFO - Started process (PID=4025) to work on /opt/airflow/dags/ocr_pipeline_dag.py
[2025-11-09T23:57:02.649-0500] {processor.py:830} INFO - Processing file /opt/airflow/dags/ocr_pipeline_dag.py for tasks to queue
[2025-11-09T23:57:02.651-0500] {logging_mixin.py:188} INFO - [2025-11-09T23:57:02.650-0500] {dagbag.py:545} INFO - Filling up the DagBag from /opt/airflow/dags/ocr_pipeline_dag.py
[2025-11-09T23:57:02.674-0500] {logging_mixin.py:188} INFO - 📂 Using project root: /opt/project
[2025-11-09T23:57:02.872-0500] {logging_mixin.py:188} INFO - [2025-11-09T23:57:02.871-0500] {credentials.py:1278} INFO - Found credentials in shared credentials file: ~/.aws/credentials
[2025-11-09T23:57:03.646-0500] {processor.py:840} INFO - DAG(s) 'ocr_pipeline_dag' retrieved from /opt/airflow/dags/ocr_pipeline_dag.py
[2025-11-09T23:57:03.680-0500] {logging_mixin.py:188} INFO - [2025-11-09T23:57:03.680-0500] {dag.py:3089} INFO - Sync 1 DAGs
[2025-11-09T23:57:03.696-0500] {logging_mixin.py:188} INFO - [2025-11-09T23:57:03.695-0500] {dag.py:3947} INFO - Setting next_dagrun for ocr_pipeline_dag to None, run_after=None
[2025-11-09T23:57:03.721-0500] {processor.py:183} INFO - Processing /opt/airflow/dags/ocr_pipeline_dag.py took 1.093 seconds
[2025-11-09T23:57:34.262-0500] {processor.py:161} INFO - Started process (PID=4031) to work on /opt/airflow/dags/ocr_pipeline_dag.py
[2025-11-09T23:57:34.263-0500] {processor.py:830} INFO - Processing file /opt/airflow/dags/ocr_pipeline_dag.py for tasks to queue
[2025-11-09T23:57:34.264-0500] {logging_mixin.py:188} INFO - [2025-11-09T23:57:34.264-0500] {dagbag.py:545} INFO - Filling up the DagBag from /opt/airflow/dags/ocr_pipeline_dag.py
[2025-11-09T23:57:34.281-0500] {logging_mixin.py:188} INFO - 📂 Using project root: /opt/project
[2025-11-09T23:57:34.451-0500] {logging_mixin.py:188} INFO - [2025-11-09T23:57:34.451-0500] {credentials.py:1278} INFO - Found credentials in shared credentials file: ~/.aws/credentials
[2025-11-09T23:57:35.220-0500] {processor.py:840} INFO - DAG(s) 'ocr_pipeline_dag' retrieved from /opt/airflow/dags/ocr_pipeline_dag.py
[2025-11-09T23:57:35.254-0500] {logging_mixin.py:188} INFO - [2025-11-09T23:57:35.253-0500] {dag.py:3089} INFO - Sync 1 DAGs
[2025-11-09T23:57:35.268-0500] {logging_mixin.py:188} INFO - [2025-11-09T23:57:35.268-0500] {dag.py:3947} INFO - Setting next_dagrun for ocr_pipeline_dag to None, run_after=None
[2025-11-09T23:57:35.292-0500] {processor.py:183} INFO - Processing /opt/airflow/dags/ocr_pipeline_dag.py took 1.038 seconds
[2025-11-09T23:58:05.768-0500] {processor.py:161} INFO - Started process (PID=4037) to work on /opt/airflow/dags/ocr_pipeline_dag.py
[2025-11-09T23:58:05.770-0500] {processor.py:830} INFO - Processing file /opt/airflow/dags/ocr_pipeline_dag.py for tasks to queue
[2025-11-09T23:58:05.771-0500] {logging_mixin.py:188} INFO - [2025-11-09T23:58:05.771-0500] {dagbag.py:545} INFO - Filling up the DagBag from /opt/airflow/dags/ocr_pipeline_dag.py
[2025-11-09T23:58:05.789-0500] {logging_mixin.py:188} INFO - 📂 Using project root: /opt/project
[2025-11-09T23:58:05.947-0500] {logging_mixin.py:188} INFO - [2025-11-09T23:58:05.947-0500] {credentials.py:1278} INFO - Found credentials in shared credentials file: ~/.aws/credentials
[2025-11-09T23:58:06.603-0500] {processor.py:840} INFO - DAG(s) 'ocr_pipeline_dag' retrieved from /opt/airflow/dags/ocr_pipeline_dag.py
[2025-11-09T23:58:06.629-0500] {logging_mixin.py:188} INFO - [2025-11-09T23:58:06.629-0500] {dag.py:3089} INFO - Sync 1 DAGs
[2025-11-09T23:58:06.642-0500] {logging_mixin.py:188} INFO - [2025-11-09T23:58:06.642-0500] {dag.py:3947} INFO - Setting next_dagrun for ocr_pipeline_dag to None, run_after=None
[2025-11-09T23:58:06.666-0500] {processor.py:183} INFO - Processing /opt/airflow/dags/ocr_pipeline_dag.py took 0.907 seconds
[2025-11-09T23:58:37.175-0500] {processor.py:161} INFO - Started process (PID=4043) to work on /opt/airflow/dags/ocr_pipeline_dag.py
[2025-11-09T23:58:37.176-0500] {processor.py:830} INFO - Processing file /opt/airflow/dags/ocr_pipeline_dag.py for tasks to queue
[2025-11-09T23:58:37.178-0500] {logging_mixin.py:188} INFO - [2025-11-09T23:58:37.177-0500] {dagbag.py:545} INFO - Filling up the DagBag from /opt/airflow/dags/ocr_pipeline_dag.py
[2025-11-09T23:58:37.196-0500] {logging_mixin.py:188} INFO - 📂 Using project root: /opt/project
[2025-11-09T23:58:37.353-0500] {logging_mixin.py:188} INFO - [2025-11-09T23:58:37.353-0500] {credentials.py:1278} INFO - Found credentials in shared credentials file: ~/.aws/credentials
[2025-11-09T23:58:38.127-0500] {processor.py:840} INFO - DAG(s) 'ocr_pipeline_dag' retrieved from /opt/airflow/dags/ocr_pipeline_dag.py
[2025-11-09T23:58:38.154-0500] {logging_mixin.py:188} INFO - [2025-11-09T23:58:38.154-0500] {dag.py:3089} INFO - Sync 1 DAGs
[2025-11-09T23:58:38.168-0500] {logging_mixin.py:188} INFO - [2025-11-09T23:58:38.168-0500] {dag.py:3947} INFO - Setting next_dagrun for ocr_pipeline_dag to None, run_after=None
[2025-11-09T23:58:38.192-0500] {processor.py:183} INFO - Processing /opt/airflow/dags/ocr_pipeline_dag.py took 1.024 seconds
[2025-11-09T23:59:08.717-0500] {processor.py:161} INFO - Started process (PID=4049) to work on /opt/airflow/dags/ocr_pipeline_dag.py
[2025-11-09T23:59:08.719-0500] {processor.py:830} INFO - Processing file /opt/airflow/dags/ocr_pipeline_dag.py for tasks to queue
[2025-11-09T23:59:08.720-0500] {logging_mixin.py:188} INFO - [2025-11-09T23:59:08.720-0500] {dagbag.py:545} INFO - Filling up the DagBag from /opt/airflow/dags/ocr_pipeline_dag.py
[2025-11-09T23:59:08.739-0500] {logging_mixin.py:188} INFO - 📂 Using project root: /opt/project
[2025-11-09T23:59:08.910-0500] {logging_mixin.py:188} INFO - [2025-11-09T23:59:08.910-0500] {credentials.py:1278} INFO - Found credentials in shared credentials file: ~/.aws/credentials
[2025-11-09T23:59:09.697-0500] {processor.py:840} INFO - DAG(s) 'ocr_pipeline_dag' retrieved from /opt/airflow/dags/ocr_pipeline_dag.py
[2025-11-09T23:59:09.737-0500] {logging_mixin.py:188} INFO - [2025-11-09T23:59:09.737-0500] {dag.py:3089} INFO - Sync 1 DAGs
[2025-11-09T23:59:09.750-0500] {logging_mixin.py:188} INFO - [2025-11-09T23:59:09.749-0500] {dag.py:3947} INFO - Setting next_dagrun for ocr_pipeline_dag to None, run_after=None
[2025-11-09T23:59:09.769-0500] {processor.py:183} INFO - Processing /opt/airflow/dags/ocr_pipeline_dag.py took 1.051 seconds
[2025-11-09T23:59:40.217-0500] {processor.py:161} INFO - Started process (PID=4055) to work on /opt/airflow/dags/ocr_pipeline_dag.py
[2025-11-09T23:59:40.219-0500] {processor.py:830} INFO - Processing file /opt/airflow/dags/ocr_pipeline_dag.py for tasks to queue
[2025-11-09T23:59:40.221-0500] {logging_mixin.py:188} INFO - [2025-11-09T23:59:40.221-0500] {dagbag.py:545} INFO - Filling up the DagBag from /opt/airflow/dags/ocr_pipeline_dag.py
[2025-11-09T23:59:40.248-0500] {logging_mixin.py:188} INFO - 📂 Using project root: /opt/project
[2025-11-09T23:59:40.434-0500] {logging_mixin.py:188} INFO - [2025-11-09T23:59:40.434-0500] {credentials.py:1278} INFO - Found credentials in shared credentials file: ~/.aws/credentials
[2025-11-09T23:59:41.346-0500] {processor.py:840} INFO - DAG(s) 'ocr_pipeline_dag' retrieved from /opt/airflow/dags/ocr_pipeline_dag.py
[2025-11-09T23:59:41.383-0500] {logging_mixin.py:188} INFO - [2025-11-09T23:59:41.383-0500] {dag.py:3089} INFO - Sync 1 DAGs
[2025-11-09T23:59:41.400-0500] {logging_mixin.py:188} INFO - [2025-11-09T23:59:41.399-0500] {dag.py:3947} INFO - Setting next_dagrun for ocr_pipeline_dag to None, run_after=None
[2025-11-09T23:59:41.429-0500] {processor.py:183} INFO - Processing /opt/airflow/dags/ocr_pipeline_dag.py took 1.226 seconds
[2025-11-10T00:00:11.865-0500] {processor.py:161} INFO - Started process (PID=4061) to work on /opt/airflow/dags/ocr_pipeline_dag.py
[2025-11-10T00:00:11.867-0500] {processor.py:830} INFO - Processing file /opt/airflow/dags/ocr_pipeline_dag.py for tasks to queue
[2025-11-10T00:00:11.868-0500] {logging_mixin.py:188} INFO - [2025-11-10T00:00:11.868-0500] {dagbag.py:545} INFO - Filling up the DagBag from /opt/airflow/dags/ocr_pipeline_dag.py
[2025-11-10T00:00:11.887-0500] {logging_mixin.py:188} INFO - 📂 Using project root: /opt/project
[2025-11-10T00:00:12.072-0500] {logging_mixin.py:188} INFO - [2025-11-10T00:00:12.071-0500] {credentials.py:1278} INFO - Found credentials in shared credentials file: ~/.aws/credentials
[2025-11-10T00:00:12.775-0500] {processor.py:840} INFO - DAG(s) 'ocr_pipeline_dag' retrieved from /opt/airflow/dags/ocr_pipeline_dag.py
[2025-11-10T00:00:12.809-0500] {logging_mixin.py:188} INFO - [2025-11-10T00:00:12.808-0500] {dag.py:3089} INFO - Sync 1 DAGs
[2025-11-10T00:00:12.823-0500] {logging_mixin.py:188} INFO - [2025-11-10T00:00:12.823-0500] {dag.py:3947} INFO - Setting next_dagrun for ocr_pipeline_dag to None, run_after=None
[2025-11-10T00:00:12.864-0500] {processor.py:183} INFO - Processing /opt/airflow/dags/ocr_pipeline_dag.py took 1.008 seconds
[2025-11-10T00:00:43.375-0500] {processor.py:161} INFO - Started process (PID=4067) to work on /opt/airflow/dags/ocr_pipeline_dag.py
[2025-11-10T00:00:43.376-0500] {processor.py:830} INFO - Processing file /opt/airflow/dags/ocr_pipeline_dag.py for tasks to queue
[2025-11-10T00:00:43.378-0500] {logging_mixin.py:188} INFO - [2025-11-10T00:00:43.377-0500] {dagbag.py:545} INFO - Filling up the DagBag from /opt/airflow/dags/ocr_pipeline_dag.py
[2025-11-10T00:00:43.393-0500] {logging_mixin.py:188} INFO - 📂 Using project root: /opt/project
[2025-11-10T00:00:43.555-0500] {logging_mixin.py:188} INFO - [2025-11-10T00:00:43.555-0500] {credentials.py:1278} INFO - Found credentials in shared credentials file: ~/.aws/credentials
[2025-11-10T00:00:44.281-0500] {processor.py:840} INFO - DAG(s) 'ocr_pipeline_dag' retrieved from /opt/airflow/dags/ocr_pipeline_dag.py
[2025-11-10T00:00:44.307-0500] {logging_mixin.py:188} INFO - [2025-11-10T00:00:44.307-0500] {dag.py:3089} INFO - Sync 1 DAGs
[2025-11-10T00:00:44.322-0500] {logging_mixin.py:188} INFO - [2025-11-10T00:00:44.322-0500] {dag.py:3947} INFO - Setting next_dagrun for ocr_pipeline_dag to None, run_after=None
[2025-11-10T00:00:44.343-0500] {processor.py:183} INFO - Processing /opt/airflow/dags/ocr_pipeline_dag.py took 0.976 seconds
[2025-11-10T00:01:14.822-0500] {processor.py:161} INFO - Started process (PID=4073) to work on /opt/airflow/dags/ocr_pipeline_dag.py
[2025-11-10T00:01:14.823-0500] {processor.py:830} INFO - Processing file /opt/airflow/dags/ocr_pipeline_dag.py for tasks to queue
[2025-11-10T00:01:14.825-0500] {logging_mixin.py:188} INFO - [2025-11-10T00:01:14.824-0500] {dagbag.py:545} INFO - Filling up the DagBag from /opt/airflow/dags/ocr_pipeline_dag.py
[2025-11-10T00:01:14.841-0500] {logging_mixin.py:188} INFO - 📂 Using project root: /opt/project
[2025-11-10T00:01:15.010-0500] {logging_mixin.py:188} INFO - [2025-11-10T00:01:15.010-0500] {credentials.py:1278} INFO - Found credentials in shared credentials file: ~/.aws/credentials
[2025-11-10T00:01:15.663-0500] {processor.py:840} INFO - DAG(s) 'ocr_pipeline_dag' retrieved from /opt/airflow/dags/ocr_pipeline_dag.py
[2025-11-10T00:01:15.688-0500] {logging_mixin.py:188} INFO - [2025-11-10T00:01:15.688-0500] {dag.py:3089} INFO - Sync 1 DAGs
[2025-11-10T00:01:15.701-0500] {logging_mixin.py:188} INFO - [2025-11-10T00:01:15.701-0500] {dag.py:3947} INFO - Setting next_dagrun for ocr_pipeline_dag to None, run_after=None
[2025-11-10T00:01:15.720-0500] {processor.py:183} INFO - Processing /opt/airflow/dags/ocr_pipeline_dag.py took 0.905 seconds
[2025-11-10T00:01:46.246-0500] {processor.py:161} INFO - Started process (PID=4079) to work on /opt/airflow/dags/ocr_pipeline_dag.py
[2025-11-10T00:01:46.248-0500] {processor.py:830} INFO - Processing file /opt/airflow/dags/ocr_pipeline_dag.py for tasks to queue
[2025-11-10T00:01:46.249-0500] {logging_mixin.py:188} INFO - [2025-11-10T00:01:46.249-0500] {dagbag.py:545} INFO - Filling up the DagBag from /opt/airflow/dags/ocr_pipeline_dag.py
[2025-11-10T00:01:46.267-0500] {logging_mixin.py:188} INFO - 📂 Using project root: /opt/project
[2025-11-10T00:01:46.436-0500] {logging_mixin.py:188} INFO - [2025-11-10T00:01:46.436-0500] {credentials.py:1278} INFO - Found credentials in shared credentials file: ~/.aws/credentials
[2025-11-10T00:01:47.112-0500] {processor.py:840} INFO - DAG(s) 'ocr_pipeline_dag' retrieved from /opt/airflow/dags/ocr_pipeline_dag.py
[2025-11-10T00:01:47.137-0500] {logging_mixin.py:188} INFO - [2025-11-10T00:01:47.137-0500] {dag.py:3089} INFO - Sync 1 DAGs
[2025-11-10T00:01:47.150-0500] {logging_mixin.py:188} INFO - [2025-11-10T00:01:47.150-0500] {dag.py:3947} INFO - Setting next_dagrun for ocr_pipeline_dag to None, run_after=None
[2025-11-10T00:01:47.170-0500] {processor.py:183} INFO - Processing /opt/airflow/dags/ocr_pipeline_dag.py took 0.931 seconds
[2025-11-10T00:02:17.737-0500] {processor.py:161} INFO - Started process (PID=4085) to work on /opt/airflow/dags/ocr_pipeline_dag.py
[2025-11-10T00:02:17.738-0500] {processor.py:830} INFO - Processing file /opt/airflow/dags/ocr_pipeline_dag.py for tasks to queue
[2025-11-10T00:02:17.739-0500] {logging_mixin.py:188} INFO - [2025-11-10T00:02:17.739-0500] {dagbag.py:545} INFO - Filling up the DagBag from /opt/airflow/dags/ocr_pipeline_dag.py
[2025-11-10T00:02:17.758-0500] {logging_mixin.py:188} INFO - 📂 Using project root: /opt/project
[2025-11-10T00:02:17.915-0500] {logging_mixin.py:188} INFO - [2025-11-10T00:02:17.915-0500] {credentials.py:1278} INFO - Found credentials in shared credentials file: ~/.aws/credentials
[2025-11-10T00:02:18.587-0500] {processor.py:840} INFO - DAG(s) 'ocr_pipeline_dag' retrieved from /opt/airflow/dags/ocr_pipeline_dag.py
[2025-11-10T00:02:18.616-0500] {logging_mixin.py:188} INFO - [2025-11-10T00:02:18.615-0500] {dag.py:3089} INFO - Sync 1 DAGs
[2025-11-10T00:02:18.627-0500] {logging_mixin.py:188} INFO - [2025-11-10T00:02:18.627-0500] {dag.py:3947} INFO - Setting next_dagrun for ocr_pipeline_dag to None, run_after=None
[2025-11-10T00:02:18.648-0500] {processor.py:183} INFO - Processing /opt/airflow/dags/ocr_pipeline_dag.py took 0.916 seconds
[2025-11-10T00:02:49.192-0500] {processor.py:161} INFO - Started process (PID=4091) to work on /opt/airflow/dags/ocr_pipeline_dag.py
[2025-11-10T00:02:49.193-0500] {processor.py:830} INFO - Processing file /opt/airflow/dags/ocr_pipeline_dag.py for tasks to queue
[2025-11-10T00:02:49.194-0500] {logging_mixin.py:188} INFO - [2025-11-10T00:02:49.194-0500] {dagbag.py:545} INFO - Filling up the DagBag from /opt/airflow/dags/ocr_pipeline_dag.py
[2025-11-10T00:02:49.213-0500] {logging_mixin.py:188} INFO - 📂 Using project root: /opt/project
[2025-11-10T00:02:49.379-0500] {logging_mixin.py:188} INFO - [2025-11-10T00:02:49.379-0500] {credentials.py:1278} INFO - Found credentials in shared credentials file: ~/.aws/credentials
[2025-11-10T00:02:50.037-0500] {processor.py:840} INFO - DAG(s) 'ocr_pipeline_dag' retrieved from /opt/airflow/dags/ocr_pipeline_dag.py
[2025-11-10T00:02:50.065-0500] {logging_mixin.py:188} INFO - [2025-11-10T00:02:50.065-0500] {dag.py:3089} INFO - Sync 1 DAGs
[2025-11-10T00:02:50.077-0500] {logging_mixin.py:188} INFO - [2025-11-10T00:02:50.077-0500] {dag.py:3947} INFO - Setting next_dagrun for ocr_pipeline_dag to None, run_after=None
[2025-11-10T00:02:50.099-0500] {processor.py:183} INFO - Processing /opt/airflow/dags/ocr_pipeline_dag.py took 0.913 seconds
[2025-11-10T00:03:20.654-0500] {processor.py:161} INFO - Started process (PID=4097) to work on /opt/airflow/dags/ocr_pipeline_dag.py
[2025-11-10T00:03:20.655-0500] {processor.py:830} INFO - Processing file /opt/airflow/dags/ocr_pipeline_dag.py for tasks to queue
[2025-11-10T00:03:20.657-0500] {logging_mixin.py:188} INFO - [2025-11-10T00:03:20.656-0500] {dagbag.py:545} INFO - Filling up the DagBag from /opt/airflow/dags/ocr_pipeline_dag.py
[2025-11-10T00:03:20.675-0500] {logging_mixin.py:188} INFO - 📂 Using project root: /opt/project
[2025-11-10T00:03:20.838-0500] {logging_mixin.py:188} INFO - [2025-11-10T00:03:20.838-0500] {credentials.py:1278} INFO - Found credentials in shared credentials file: ~/.aws/credentials
[2025-11-10T00:03:21.664-0500] {processor.py:840} INFO - DAG(s) 'ocr_pipeline_dag' retrieved from /opt/airflow/dags/ocr_pipeline_dag.py
[2025-11-10T00:03:21.690-0500] {logging_mixin.py:188} INFO - [2025-11-10T00:03:21.690-0500] {dag.py:3089} INFO - Sync 1 DAGs
[2025-11-10T00:03:21.701-0500] {logging_mixin.py:188} INFO - [2025-11-10T00:03:21.701-0500] {dag.py:3947} INFO - Setting next_dagrun for ocr_pipeline_dag to None, run_after=None
[2025-11-10T00:03:21.721-0500] {processor.py:183} INFO - Processing /opt/airflow/dags/ocr_pipeline_dag.py took 1.073 seconds
[2025-11-10T01:31:25.966-0500] {processor.py:161} INFO - Started process (PID=4103) to work on /opt/airflow/dags/ocr_pipeline_dag.py
[2025-11-10T01:31:25.978-0500] {processor.py:830} INFO - Processing file /opt/airflow/dags/ocr_pipeline_dag.py for tasks to queue
[2025-11-10T01:31:25.997-0500] {logging_mixin.py:188} INFO - [2025-11-10T01:31:25.996-0500] {dagbag.py:545} INFO - Filling up the DagBag from /opt/airflow/dags/ocr_pipeline_dag.py
[2025-11-10T01:31:26.232-0500] {logging_mixin.py:188} INFO - 📂 Using project root: /opt/project
[2025-11-10T08:30:55.146-0500] {processor.py:161} INFO - Started process (PID=4106) to work on /opt/airflow/dags/ocr_pipeline_dag.py
[2025-11-10T08:30:55.154-0500] {processor.py:830} INFO - Processing file /opt/airflow/dags/ocr_pipeline_dag.py for tasks to queue
[2025-11-10T08:30:55.159-0500] {logging_mixin.py:188} INFO - [2025-11-10T08:30:55.157-0500] {dagbag.py:545} INFO - Filling up the DagBag from /opt/airflow/dags/ocr_pipeline_dag.py
[2025-11-10T08:30:55.195-0500] {logging_mixin.py:188} INFO - 📂 Using project root: /opt/project
[2025-11-10T08:30:55.633-0500] {logging_mixin.py:188} INFO - [2025-11-10T08:30:55.630-0500] {credentials.py:1278} INFO - Found credentials in shared credentials file: ~/.aws/credentials
[2025-11-10T08:31:01.888-0500] {processor.py:840} INFO - DAG(s) 'ocr_pipeline_dag' retrieved from /opt/airflow/dags/ocr_pipeline_dag.py
[2025-11-10T08:31:02.309-0500] {logging_mixin.py:188} INFO - [2025-11-10T08:31:02.308-0500] {dag.py:3089} INFO - Sync 1 DAGs
[2025-11-10T08:31:02.323-0500] {logging_mixin.py:188} INFO - [2025-11-10T08:31:02.323-0500] {dag.py:3947} INFO - Setting next_dagrun for ocr_pipeline_dag to None, run_after=None
[2025-11-10T08:31:02.350-0500] {processor.py:183} INFO - Processing /opt/airflow/dags/ocr_pipeline_dag.py took 7.234 seconds
[2025-11-10T08:31:32.614-0500] {processor.py:161} INFO - Started process (PID=4112) to work on /opt/airflow/dags/ocr_pipeline_dag.py
[2025-11-10T08:31:32.618-0500] {processor.py:830} INFO - Processing file /opt/airflow/dags/ocr_pipeline_dag.py for tasks to queue
[2025-11-10T08:31:32.625-0500] {logging_mixin.py:188} INFO - [2025-11-10T08:31:32.620-0500] {dagbag.py:545} INFO - Filling up the DagBag from /opt/airflow/dags/ocr_pipeline_dag.py
[2025-11-10T08:31:32.658-0500] {logging_mixin.py:188} INFO - 📂 Using project root: /opt/project
[2025-11-10T08:31:33.086-0500] {logging_mixin.py:188} INFO - [2025-11-10T08:31:33.085-0500] {credentials.py:1278} INFO - Found credentials in shared credentials file: ~/.aws/credentials
[2025-11-10T08:31:34.703-0500] {processor.py:840} INFO - DAG(s) 'ocr_pipeline_dag' retrieved from /opt/airflow/dags/ocr_pipeline_dag.py
[2025-11-10T08:31:35.179-0500] {logging_mixin.py:188} INFO - [2025-11-10T08:31:35.178-0500] {dag.py:3089} INFO - Sync 1 DAGs
[2025-11-10T08:31:35.228-0500] {logging_mixin.py:188} INFO - [2025-11-10T08:31:35.228-0500] {dag.py:3947} INFO - Setting next_dagrun for ocr_pipeline_dag to None, run_after=None
[2025-11-10T08:31:35.299-0500] {processor.py:183} INFO - Processing /opt/airflow/dags/ocr_pipeline_dag.py took 2.708 seconds
[2025-11-10T08:32:05.799-0500] {processor.py:161} INFO - Started process (PID=4118) to work on /opt/airflow/dags/ocr_pipeline_dag.py
[2025-11-10T08:32:05.801-0500] {processor.py:830} INFO - Processing file /opt/airflow/dags/ocr_pipeline_dag.py for tasks to queue
[2025-11-10T08:32:05.803-0500] {logging_mixin.py:188} INFO - [2025-11-10T08:32:05.802-0500] {dagbag.py:545} INFO - Filling up the DagBag from /opt/airflow/dags/ocr_pipeline_dag.py
[2025-11-10T08:32:05.824-0500] {logging_mixin.py:188} INFO - 📂 Using project root: /opt/project
[2025-11-10T08:32:06.010-0500] {logging_mixin.py:188} INFO - [2025-11-10T08:32:06.010-0500] {credentials.py:1278} INFO - Found credentials in shared credentials file: ~/.aws/credentials
[2025-11-10T08:32:06.783-0500] {processor.py:840} INFO - DAG(s) 'ocr_pipeline_dag' retrieved from /opt/airflow/dags/ocr_pipeline_dag.py
[2025-11-10T08:32:06.813-0500] {logging_mixin.py:188} INFO - [2025-11-10T08:32:06.813-0500] {dag.py:3089} INFO - Sync 1 DAGs
[2025-11-10T08:32:06.830-0500] {logging_mixin.py:188} INFO - [2025-11-10T08:32:06.830-0500] {dag.py:3947} INFO - Setting next_dagrun for ocr_pipeline_dag to None, run_after=None
[2025-11-10T08:32:06.863-0500] {processor.py:183} INFO - Processing /opt/airflow/dags/ocr_pipeline_dag.py took 1.074 seconds
[2025-11-10T08:32:37.121-0500] {processor.py:161} INFO - Started process (PID=4124) to work on /opt/airflow/dags/ocr_pipeline_dag.py
[2025-11-10T08:32:37.123-0500] {processor.py:830} INFO - Processing file /opt/airflow/dags/ocr_pipeline_dag.py for tasks to queue
[2025-11-10T08:32:37.126-0500] {logging_mixin.py:188} INFO - [2025-11-10T08:32:37.125-0500] {dagbag.py:545} INFO - Filling up the DagBag from /opt/airflow/dags/ocr_pipeline_dag.py
[2025-11-10T08:32:37.147-0500] {logging_mixin.py:188} INFO - 📂 Using project root: /opt/project
[2025-11-10T08:32:37.385-0500] {logging_mixin.py:188} INFO - [2025-11-10T08:32:37.384-0500] {credentials.py:1278} INFO - Found credentials in shared credentials file: ~/.aws/credentials
[2025-11-10T08:32:39.498-0500] {processor.py:840} INFO - DAG(s) 'ocr_pipeline_dag' retrieved from /opt/airflow/dags/ocr_pipeline_dag.py
[2025-11-10T08:32:39.569-0500] {logging_mixin.py:188} INFO - [2025-11-10T08:32:39.569-0500] {dag.py:3089} INFO - Sync 1 DAGs
[2025-11-10T08:32:39.602-0500] {logging_mixin.py:188} INFO - [2025-11-10T08:32:39.602-0500] {dag.py:3947} INFO - Setting next_dagrun for ocr_pipeline_dag to None, run_after=None
[2025-11-10T08:32:39.630-0500] {processor.py:183} INFO - Processing /opt/airflow/dags/ocr_pipeline_dag.py took 2.520 seconds
[2025-11-10T08:33:10.144-0500] {processor.py:161} INFO - Started process (PID=4130) to work on /opt/airflow/dags/ocr_pipeline_dag.py
[2025-11-10T08:33:10.145-0500] {processor.py:830} INFO - Processing file /opt/airflow/dags/ocr_pipeline_dag.py for tasks to queue
[2025-11-10T08:33:10.147-0500] {logging_mixin.py:188} INFO - [2025-11-10T08:33:10.146-0500] {dagbag.py:545} INFO - Filling up the DagBag from /opt/airflow/dags/ocr_pipeline_dag.py
[2025-11-10T08:33:10.164-0500] {logging_mixin.py:188} INFO - 📂 Using project root: /opt/project
[2025-11-10T08:33:10.326-0500] {logging_mixin.py:188} INFO - [2025-11-10T08:33:10.326-0500] {credentials.py:1278} INFO - Found credentials in shared credentials file: ~/.aws/credentials
[2025-11-10T08:33:11.088-0500] {processor.py:840} INFO - DAG(s) 'ocr_pipeline_dag' retrieved from /opt/airflow/dags/ocr_pipeline_dag.py
[2025-11-10T08:33:11.299-0500] {logging_mixin.py:188} INFO - [2025-11-10T08:33:11.298-0500] {dag.py:3089} INFO - Sync 1 DAGs
[2025-11-10T08:33:11.394-0500] {logging_mixin.py:188} INFO - [2025-11-10T08:33:11.393-0500] {dag.py:3947} INFO - Setting next_dagrun for ocr_pipeline_dag to None, run_after=None
[2025-11-10T08:33:11.440-0500] {processor.py:183} INFO - Processing /opt/airflow/dags/ocr_pipeline_dag.py took 1.303 seconds
[2025-11-10T08:33:41.632-0500] {processor.py:161} INFO - Started process (PID=4136) to work on /opt/airflow/dags/ocr_pipeline_dag.py
[2025-11-10T08:33:41.634-0500] {processor.py:830} INFO - Processing file /opt/airflow/dags/ocr_pipeline_dag.py for tasks to queue
[2025-11-10T08:33:41.635-0500] {logging_mixin.py:188} INFO - [2025-11-10T08:33:41.635-0500] {dagbag.py:545} INFO - Filling up the DagBag from /opt/airflow/dags/ocr_pipeline_dag.py
[2025-11-10T08:33:41.654-0500] {logging_mixin.py:188} INFO - 📂 Using project root: /opt/project
[2025-11-10T08:33:41.849-0500] {logging_mixin.py:188} INFO - [2025-11-10T08:33:41.849-0500] {credentials.py:1278} INFO - Found credentials in shared credentials file: ~/.aws/credentials
[2025-11-10T08:33:42.535-0500] {processor.py:840} INFO - DAG(s) 'ocr_pipeline_dag' retrieved from /opt/airflow/dags/ocr_pipeline_dag.py
[2025-11-10T08:33:42.560-0500] {logging_mixin.py:188} INFO - [2025-11-10T08:33:42.559-0500] {dag.py:3089} INFO - Sync 1 DAGs
[2025-11-10T08:33:42.573-0500] {logging_mixin.py:188} INFO - [2025-11-10T08:33:42.573-0500] {dag.py:3947} INFO - Setting next_dagrun for ocr_pipeline_dag to None, run_after=None
[2025-11-10T08:33:42.595-0500] {processor.py:183} INFO - Processing /opt/airflow/dags/ocr_pipeline_dag.py took 0.986 seconds
[2025-11-10T08:34:13.150-0500] {processor.py:161} INFO - Started process (PID=4142) to work on /opt/airflow/dags/ocr_pipeline_dag.py
[2025-11-10T08:34:13.151-0500] {processor.py:830} INFO - Processing file /opt/airflow/dags/ocr_pipeline_dag.py for tasks to queue
[2025-11-10T08:34:13.153-0500] {logging_mixin.py:188} INFO - [2025-11-10T08:34:13.152-0500] {dagbag.py:545} INFO - Filling up the DagBag from /opt/airflow/dags/ocr_pipeline_dag.py
[2025-11-10T08:34:13.171-0500] {logging_mixin.py:188} INFO - 📂 Using project root: /opt/project
[2025-11-10T08:34:13.325-0500] {logging_mixin.py:188} INFO - [2025-11-10T08:34:13.324-0500] {credentials.py:1278} INFO - Found credentials in shared credentials file: ~/.aws/credentials
[2025-11-10T08:34:13.948-0500] {processor.py:840} INFO - DAG(s) 'ocr_pipeline_dag' retrieved from /opt/airflow/dags/ocr_pipeline_dag.py
[2025-11-10T08:34:13.975-0500] {logging_mixin.py:188} INFO - [2025-11-10T08:34:13.974-0500] {dag.py:3089} INFO - Sync 1 DAGs
[2025-11-10T08:34:13.987-0500] {logging_mixin.py:188} INFO - [2025-11-10T08:34:13.987-0500] {dag.py:3947} INFO - Setting next_dagrun for ocr_pipeline_dag to None, run_after=None
[2025-11-10T08:34:14.015-0500] {processor.py:183} INFO - Processing /opt/airflow/dags/ocr_pipeline_dag.py took 0.871 seconds
[2025-11-10T08:34:44.606-0500] {processor.py:161} INFO - Started process (PID=4148) to work on /opt/airflow/dags/ocr_pipeline_dag.py
[2025-11-10T08:34:44.607-0500] {processor.py:830} INFO - Processing file /opt/airflow/dags/ocr_pipeline_dag.py for tasks to queue
[2025-11-10T08:34:44.611-0500] {logging_mixin.py:188} INFO - [2025-11-10T08:34:44.608-0500] {dagbag.py:545} INFO - Filling up the DagBag from /opt/airflow/dags/ocr_pipeline_dag.py
[2025-11-10T08:34:44.641-0500] {logging_mixin.py:188} INFO - 📂 Using project root: /opt/project
[2025-11-10T08:34:44.834-0500] {logging_mixin.py:188} INFO - [2025-11-10T08:34:44.834-0500] {credentials.py:1278} INFO - Found credentials in shared credentials file: ~/.aws/credentials
[2025-11-10T08:34:45.491-0500] {processor.py:840} INFO - DAG(s) 'ocr_pipeline_dag' retrieved from /opt/airflow/dags/ocr_pipeline_dag.py
[2025-11-10T08:34:45.527-0500] {logging_mixin.py:188} INFO - [2025-11-10T08:34:45.526-0500] {dag.py:3089} INFO - Sync 1 DAGs
[2025-11-10T08:34:45.542-0500] {logging_mixin.py:188} INFO - [2025-11-10T08:34:45.542-0500] {dag.py:3947} INFO - Setting next_dagrun for ocr_pipeline_dag to None, run_after=None
[2025-11-10T08:34:45.564-0500] {processor.py:183} INFO - Processing /opt/airflow/dags/ocr_pipeline_dag.py took 0.966 seconds
[2025-11-10T08:35:16.176-0500] {processor.py:161} INFO - Started process (PID=4154) to work on /opt/airflow/dags/ocr_pipeline_dag.py
[2025-11-10T08:35:16.179-0500] {processor.py:830} INFO - Processing file /opt/airflow/dags/ocr_pipeline_dag.py for tasks to queue
[2025-11-10T08:35:16.182-0500] {logging_mixin.py:188} INFO - [2025-11-10T08:35:16.181-0500] {dagbag.py:545} INFO - Filling up the DagBag from /opt/airflow/dags/ocr_pipeline_dag.py
[2025-11-10T08:35:16.218-0500] {logging_mixin.py:188} INFO - 📂 Using project root: /opt/project
[2025-11-10T08:35:16.439-0500] {logging_mixin.py:188} INFO - [2025-11-10T08:35:16.438-0500] {credentials.py:1278} INFO - Found credentials in shared credentials file: ~/.aws/credentials
[2025-11-10T08:35:17.294-0500] {processor.py:840} INFO - DAG(s) 'ocr_pipeline_dag' retrieved from /opt/airflow/dags/ocr_pipeline_dag.py
[2025-11-10T08:35:17.322-0500] {logging_mixin.py:188} INFO - [2025-11-10T08:35:17.321-0500] {dag.py:3089} INFO - Sync 1 DAGs
[2025-11-10T08:35:17.336-0500] {logging_mixin.py:188} INFO - [2025-11-10T08:35:17.335-0500] {dag.py:3947} INFO - Setting next_dagrun for ocr_pipeline_dag to None, run_after=None
[2025-11-10T08:35:17.361-0500] {processor.py:183} INFO - Processing /opt/airflow/dags/ocr_pipeline_dag.py took 1.200 seconds
[2025-11-10T08:35:47.845-0500] {processor.py:161} INFO - Started process (PID=4160) to work on /opt/airflow/dags/ocr_pipeline_dag.py
[2025-11-10T08:35:47.846-0500] {processor.py:830} INFO - Processing file /opt/airflow/dags/ocr_pipeline_dag.py for tasks to queue
[2025-11-10T08:35:47.848-0500] {logging_mixin.py:188} INFO - [2025-11-10T08:35:47.847-0500] {dagbag.py:545} INFO - Filling up the DagBag from /opt/airflow/dags/ocr_pipeline_dag.py
[2025-11-10T08:35:47.865-0500] {logging_mixin.py:188} INFO - 📂 Using project root: /opt/project
[2025-11-10T08:35:48.020-0500] {logging_mixin.py:188} INFO - [2025-11-10T08:35:48.020-0500] {credentials.py:1278} INFO - Found credentials in shared credentials file: ~/.aws/credentials
[2025-11-10T08:35:48.719-0500] {processor.py:840} INFO - DAG(s) 'ocr_pipeline_dag' retrieved from /opt/airflow/dags/ocr_pipeline_dag.py
[2025-11-10T08:35:48.744-0500] {logging_mixin.py:188} INFO - [2025-11-10T08:35:48.744-0500] {dag.py:3089} INFO - Sync 1 DAGs
[2025-11-10T08:35:48.757-0500] {logging_mixin.py:188} INFO - [2025-11-10T08:35:48.757-0500] {dag.py:3947} INFO - Setting next_dagrun for ocr_pipeline_dag to None, run_after=None
[2025-11-10T08:35:48.778-0500] {processor.py:183} INFO - Processing /opt/airflow/dags/ocr_pipeline_dag.py took 0.939 seconds
[2025-11-10T08:36:19.351-0500] {processor.py:161} INFO - Started process (PID=4166) to work on /opt/airflow/dags/ocr_pipeline_dag.py
[2025-11-10T08:36:19.354-0500] {processor.py:830} INFO - Processing file /opt/airflow/dags/ocr_pipeline_dag.py for tasks to queue
[2025-11-10T08:36:19.356-0500] {logging_mixin.py:188} INFO - [2025-11-10T08:36:19.355-0500] {dagbag.py:545} INFO - Filling up the DagBag from /opt/airflow/dags/ocr_pipeline_dag.py
[2025-11-10T08:36:19.381-0500] {logging_mixin.py:188} INFO - 📂 Using project root: /opt/project
[2025-11-10T08:36:19.611-0500] {logging_mixin.py:188} INFO - [2025-11-10T08:36:19.610-0500] {credentials.py:1278} INFO - Found credentials in shared credentials file: ~/.aws/credentials
[2025-11-10T08:36:20.678-0500] {processor.py:840} INFO - DAG(s) 'ocr_pipeline_dag' retrieved from /opt/airflow/dags/ocr_pipeline_dag.py
[2025-11-10T08:36:20.726-0500] {logging_mixin.py:188} INFO - [2025-11-10T08:36:20.725-0500] {dag.py:3089} INFO - Sync 1 DAGs
[2025-11-10T08:36:20.750-0500] {logging_mixin.py:188} INFO - [2025-11-10T08:36:20.749-0500] {dag.py:3947} INFO - Setting next_dagrun for ocr_pipeline_dag to None, run_after=None
[2025-11-10T08:36:20.796-0500] {processor.py:183} INFO - Processing /opt/airflow/dags/ocr_pipeline_dag.py took 1.454 seconds
[2025-11-10T08:36:51.305-0500] {processor.py:161} INFO - Started process (PID=4172) to work on /opt/airflow/dags/ocr_pipeline_dag.py
[2025-11-10T08:36:51.306-0500] {processor.py:830} INFO - Processing file /opt/airflow/dags/ocr_pipeline_dag.py for tasks to queue
[2025-11-10T08:36:51.308-0500] {logging_mixin.py:188} INFO - [2025-11-10T08:36:51.307-0500] {dagbag.py:545} INFO - Filling up the DagBag from /opt/airflow/dags/ocr_pipeline_dag.py
[2025-11-10T08:36:51.327-0500] {logging_mixin.py:188} INFO - 📂 Using project root: /opt/project
[2025-11-10T08:36:51.488-0500] {logging_mixin.py:188} INFO - [2025-11-10T08:36:51.488-0500] {credentials.py:1278} INFO - Found credentials in shared credentials file: ~/.aws/credentials
[2025-11-10T08:36:52.159-0500] {processor.py:840} INFO - DAG(s) 'ocr_pipeline_dag' retrieved from /opt/airflow/dags/ocr_pipeline_dag.py
[2025-11-10T08:36:52.186-0500] {logging_mixin.py:188} INFO - [2025-11-10T08:36:52.185-0500] {dag.py:3089} INFO - Sync 1 DAGs
[2025-11-10T08:36:52.199-0500] {logging_mixin.py:188} INFO - [2025-11-10T08:36:52.199-0500] {dag.py:3947} INFO - Setting next_dagrun for ocr_pipeline_dag to None, run_after=None
[2025-11-10T08:36:52.223-0500] {processor.py:183} INFO - Processing /opt/airflow/dags/ocr_pipeline_dag.py took 0.925 seconds
[2025-11-10T08:37:22.391-0500] {processor.py:161} INFO - Started process (PID=4178) to work on /opt/airflow/dags/ocr_pipeline_dag.py
[2025-11-10T08:37:22.392-0500] {processor.py:830} INFO - Processing file /opt/airflow/dags/ocr_pipeline_dag.py for tasks to queue
[2025-11-10T08:37:22.393-0500] {logging_mixin.py:188} INFO - [2025-11-10T08:37:22.393-0500] {dagbag.py:545} INFO - Filling up the DagBag from /opt/airflow/dags/ocr_pipeline_dag.py
[2025-11-10T08:37:22.412-0500] {logging_mixin.py:188} INFO - 📂 Using project root: /opt/project
[2025-11-10T08:37:22.585-0500] {logging_mixin.py:188} INFO - [2025-11-10T08:37:22.585-0500] {credentials.py:1278} INFO - Found credentials in shared credentials file: ~/.aws/credentials
[2025-11-10T08:37:23.255-0500] {processor.py:840} INFO - DAG(s) 'ocr_pipeline_dag' retrieved from /opt/airflow/dags/ocr_pipeline_dag.py
[2025-11-10T08:37:23.290-0500] {logging_mixin.py:188} INFO - [2025-11-10T08:37:23.289-0500] {dag.py:3089} INFO - Sync 1 DAGs
[2025-11-10T08:37:23.302-0500] {logging_mixin.py:188} INFO - [2025-11-10T08:37:23.302-0500] {dag.py:3947} INFO - Setting next_dagrun for ocr_pipeline_dag to None, run_after=None
[2025-11-10T08:37:23.325-0500] {processor.py:183} INFO - Processing /opt/airflow/dags/ocr_pipeline_dag.py took 0.942 seconds
[2025-11-10T08:37:53.903-0500] {processor.py:161} INFO - Started process (PID=4184) to work on /opt/airflow/dags/ocr_pipeline_dag.py
[2025-11-10T08:37:53.904-0500] {processor.py:830} INFO - Processing file /opt/airflow/dags/ocr_pipeline_dag.py for tasks to queue
[2025-11-10T08:37:53.906-0500] {logging_mixin.py:188} INFO - [2025-11-10T08:37:53.905-0500] {dagbag.py:545} INFO - Filling up the DagBag from /opt/airflow/dags/ocr_pipeline_dag.py
[2025-11-10T08:37:53.923-0500] {logging_mixin.py:188} INFO - 📂 Using project root: /opt/project
[2025-11-10T08:37:54.080-0500] {logging_mixin.py:188} INFO - [2025-11-10T08:37:54.079-0500] {credentials.py:1278} INFO - Found credentials in shared credentials file: ~/.aws/credentials
[2025-11-10T08:37:54.735-0500] {processor.py:840} INFO - DAG(s) 'ocr_pipeline_dag' retrieved from /opt/airflow/dags/ocr_pipeline_dag.py
[2025-11-10T08:37:54.765-0500] {logging_mixin.py:188} INFO - [2025-11-10T08:37:54.764-0500] {dag.py:3089} INFO - Sync 1 DAGs
[2025-11-10T08:37:54.778-0500] {logging_mixin.py:188} INFO - [2025-11-10T08:37:54.778-0500] {dag.py:3947} INFO - Setting next_dagrun for ocr_pipeline_dag to None, run_after=None
[2025-11-10T08:37:54.800-0500] {processor.py:183} INFO - Processing /opt/airflow/dags/ocr_pipeline_dag.py took 0.905 seconds
[2025-11-10T08:38:25.389-0500] {processor.py:161} INFO - Started process (PID=4190) to work on /opt/airflow/dags/ocr_pipeline_dag.py
[2025-11-10T08:38:25.390-0500] {processor.py:830} INFO - Processing file /opt/airflow/dags/ocr_pipeline_dag.py for tasks to queue
[2025-11-10T08:38:25.392-0500] {logging_mixin.py:188} INFO - [2025-11-10T08:38:25.392-0500] {dagbag.py:545} INFO - Filling up the DagBag from /opt/airflow/dags/ocr_pipeline_dag.py
[2025-11-10T08:38:25.408-0500] {logging_mixin.py:188} INFO - 📂 Using project root: /opt/project
[2025-11-10T08:38:25.568-0500] {logging_mixin.py:188} INFO - [2025-11-10T08:38:25.568-0500] {credentials.py:1278} INFO - Found credentials in shared credentials file: ~/.aws/credentials
[2025-11-10T08:38:26.228-0500] {processor.py:840} INFO - DAG(s) 'ocr_pipeline_dag' retrieved from /opt/airflow/dags/ocr_pipeline_dag.py
[2025-11-10T08:38:26.253-0500] {logging_mixin.py:188} INFO - [2025-11-10T08:38:26.253-0500] {dag.py:3089} INFO - Sync 1 DAGs
[2025-11-10T08:38:26.265-0500] {logging_mixin.py:188} INFO - [2025-11-10T08:38:26.265-0500] {dag.py:3947} INFO - Setting next_dagrun for ocr_pipeline_dag to None, run_after=None
[2025-11-10T08:38:26.288-0500] {processor.py:183} INFO - Processing /opt/airflow/dags/ocr_pipeline_dag.py took 0.906 seconds
[2025-11-10T08:38:56.902-0500] {processor.py:161} INFO - Started process (PID=4196) to work on /opt/airflow/dags/ocr_pipeline_dag.py
[2025-11-10T08:38:56.904-0500] {processor.py:830} INFO - Processing file /opt/airflow/dags/ocr_pipeline_dag.py for tasks to queue
[2025-11-10T08:38:56.905-0500] {logging_mixin.py:188} INFO - [2025-11-10T08:38:56.905-0500] {dagbag.py:545} INFO - Filling up the DagBag from /opt/airflow/dags/ocr_pipeline_dag.py
[2025-11-10T08:38:56.926-0500] {logging_mixin.py:188} INFO - 📂 Using project root: /opt/project
[2025-11-10T08:38:57.099-0500] {logging_mixin.py:188} INFO - [2025-11-10T08:38:57.098-0500] {credentials.py:1278} INFO - Found credentials in shared credentials file: ~/.aws/credentials
[2025-11-10T08:38:57.891-0500] {processor.py:840} INFO - DAG(s) 'ocr_pipeline_dag' retrieved from /opt/airflow/dags/ocr_pipeline_dag.py
[2025-11-10T08:38:57.916-0500] {logging_mixin.py:188} INFO - [2025-11-10T08:38:57.916-0500] {dag.py:3089} INFO - Sync 1 DAGs
[2025-11-10T08:38:57.928-0500] {logging_mixin.py:188} INFO - [2025-11-10T08:38:57.927-0500] {dag.py:3947} INFO - Setting next_dagrun for ocr_pipeline_dag to None, run_after=None
[2025-11-10T08:38:57.947-0500] {processor.py:183} INFO - Processing /opt/airflow/dags/ocr_pipeline_dag.py took 1.055 seconds
[2025-11-10T08:39:28.390-0500] {processor.py:161} INFO - Started process (PID=4202) to work on /opt/airflow/dags/ocr_pipeline_dag.py
[2025-11-10T08:39:28.392-0500] {processor.py:830} INFO - Processing file /opt/airflow/dags/ocr_pipeline_dag.py for tasks to queue
[2025-11-10T08:39:28.393-0500] {logging_mixin.py:188} INFO - [2025-11-10T08:39:28.393-0500] {dagbag.py:545} INFO - Filling up the DagBag from /opt/airflow/dags/ocr_pipeline_dag.py
[2025-11-10T08:39:28.411-0500] {logging_mixin.py:188} INFO - 📂 Using project root: /opt/project
[2025-11-10T08:39:28.815-0500] {logging_mixin.py:188} INFO - [2025-11-10T08:39:28.814-0500] {credentials.py:1278} INFO - Found credentials in shared credentials file: ~/.aws/credentials
[2025-11-10T08:39:30.805-0500] {processor.py:840} INFO - DAG(s) 'ocr_pipeline_dag' retrieved from /opt/airflow/dags/ocr_pipeline_dag.py
[2025-11-10T08:39:30.836-0500] {logging_mixin.py:188} INFO - [2025-11-10T08:39:30.836-0500] {dag.py:3089} INFO - Sync 1 DAGs
[2025-11-10T08:39:30.848-0500] {logging_mixin.py:188} INFO - [2025-11-10T08:39:30.848-0500] {dag.py:3947} INFO - Setting next_dagrun for ocr_pipeline_dag to None, run_after=None
[2025-11-10T08:39:30.868-0500] {processor.py:183} INFO - Processing /opt/airflow/dags/ocr_pipeline_dag.py took 1.975 seconds
[2025-11-10T08:40:01.170-0500] {processor.py:161} INFO - Started process (PID=4208) to work on /opt/airflow/dags/ocr_pipeline_dag.py
[2025-11-10T08:40:01.171-0500] {processor.py:830} INFO - Processing file /opt/airflow/dags/ocr_pipeline_dag.py for tasks to queue
[2025-11-10T08:40:01.173-0500] {logging_mixin.py:188} INFO - [2025-11-10T08:40:01.172-0500] {dagbag.py:545} INFO - Filling up the DagBag from /opt/airflow/dags/ocr_pipeline_dag.py
[2025-11-10T08:40:01.188-0500] {logging_mixin.py:188} INFO - 📂 Using project root: /opt/project
[2025-11-10T08:40:01.338-0500] {logging_mixin.py:188} INFO - [2025-11-10T08:40:01.338-0500] {credentials.py:1278} INFO - Found credentials in shared credentials file: ~/.aws/credentials
[2025-11-10T08:40:02.056-0500] {processor.py:840} INFO - DAG(s) 'ocr_pipeline_dag' retrieved from /opt/airflow/dags/ocr_pipeline_dag.py
[2025-11-10T08:40:02.084-0500] {logging_mixin.py:188} INFO - [2025-11-10T08:40:02.084-0500] {dag.py:3089} INFO - Sync 1 DAGs
[2025-11-10T08:40:02.099-0500] {logging_mixin.py:188} INFO - [2025-11-10T08:40:02.099-0500] {dag.py:3947} INFO - Setting next_dagrun for ocr_pipeline_dag to None, run_after=None
[2025-11-10T08:40:02.120-0500] {processor.py:183} INFO - Processing /opt/airflow/dags/ocr_pipeline_dag.py took 0.956 seconds
[2025-11-10T08:40:32.730-0500] {processor.py:161} INFO - Started process (PID=4214) to work on /opt/airflow/dags/ocr_pipeline_dag.py
[2025-11-10T08:40:32.731-0500] {processor.py:830} INFO - Processing file /opt/airflow/dags/ocr_pipeline_dag.py for tasks to queue
[2025-11-10T08:40:32.732-0500] {logging_mixin.py:188} INFO - [2025-11-10T08:40:32.732-0500] {dagbag.py:545} INFO - Filling up the DagBag from /opt/airflow/dags/ocr_pipeline_dag.py
[2025-11-10T08:40:32.750-0500] {logging_mixin.py:188} INFO - 📂 Using project root: /opt/project
[2025-11-10T08:40:32.916-0500] {logging_mixin.py:188} INFO - [2025-11-10T08:40:32.916-0500] {credentials.py:1278} INFO - Found credentials in shared credentials file: ~/.aws/credentials
[2025-11-10T08:40:33.643-0500] {processor.py:840} INFO - DAG(s) 'ocr_pipeline_dag' retrieved from /opt/airflow/dags/ocr_pipeline_dag.py
[2025-11-10T08:40:33.673-0500] {logging_mixin.py:188} INFO - [2025-11-10T08:40:33.672-0500] {dag.py:3089} INFO - Sync 1 DAGs
[2025-11-10T08:40:33.687-0500] {logging_mixin.py:188} INFO - [2025-11-10T08:40:33.686-0500] {dag.py:3947} INFO - Setting next_dagrun for ocr_pipeline_dag to None, run_after=None
[2025-11-10T08:40:33.709-0500] {processor.py:183} INFO - Processing /opt/airflow/dags/ocr_pipeline_dag.py took 0.986 seconds
[2025-11-10T08:41:04.206-0500] {processor.py:161} INFO - Started process (PID=4220) to work on /opt/airflow/dags/ocr_pipeline_dag.py
[2025-11-10T08:41:04.207-0500] {processor.py:830} INFO - Processing file /opt/airflow/dags/ocr_pipeline_dag.py for tasks to queue
[2025-11-10T08:41:04.208-0500] {logging_mixin.py:188} INFO - [2025-11-10T08:41:04.208-0500] {dagbag.py:545} INFO - Filling up the DagBag from /opt/airflow/dags/ocr_pipeline_dag.py
[2025-11-10T08:41:04.227-0500] {logging_mixin.py:188} INFO - 📂 Using project root: /opt/project
[2025-11-10T08:41:04.401-0500] {logging_mixin.py:188} INFO - [2025-11-10T08:41:04.401-0500] {credentials.py:1278} INFO - Found credentials in shared credentials file: ~/.aws/credentials
[2025-11-10T08:41:05.116-0500] {processor.py:840} INFO - DAG(s) 'ocr_pipeline_dag' retrieved from /opt/airflow/dags/ocr_pipeline_dag.py
[2025-11-10T08:41:05.145-0500] {logging_mixin.py:188} INFO - [2025-11-10T08:41:05.145-0500] {dag.py:3089} INFO - Sync 1 DAGs
[2025-11-10T08:41:05.159-0500] {logging_mixin.py:188} INFO - [2025-11-10T08:41:05.158-0500] {dag.py:3947} INFO - Setting next_dagrun for ocr_pipeline_dag to None, run_after=None
[2025-11-10T08:41:05.194-0500] {processor.py:183} INFO - Processing /opt/airflow/dags/ocr_pipeline_dag.py took 0.994 seconds
[2025-11-10T08:41:35.699-0500] {processor.py:161} INFO - Started process (PID=4226) to work on /opt/airflow/dags/ocr_pipeline_dag.py
[2025-11-10T08:41:35.701-0500] {processor.py:830} INFO - Processing file /opt/airflow/dags/ocr_pipeline_dag.py for tasks to queue
[2025-11-10T08:41:35.702-0500] {logging_mixin.py:188} INFO - [2025-11-10T08:41:35.702-0500] {dagbag.py:545} INFO - Filling up the DagBag from /opt/airflow/dags/ocr_pipeline_dag.py
[2025-11-10T08:41:35.721-0500] {logging_mixin.py:188} INFO - 📂 Using project root: /opt/project
[2025-11-10T08:41:35.877-0500] {logging_mixin.py:188} INFO - [2025-11-10T08:41:35.876-0500] {credentials.py:1278} INFO - Found credentials in shared credentials file: ~/.aws/credentials
[2025-11-10T08:41:36.634-0500] {processor.py:840} INFO - DAG(s) 'ocr_pipeline_dag' retrieved from /opt/airflow/dags/ocr_pipeline_dag.py
[2025-11-10T08:41:36.683-0500] {logging_mixin.py:188} INFO - [2025-11-10T08:41:36.681-0500] {dag.py:3089} INFO - Sync 1 DAGs
[2025-11-10T08:41:36.715-0500] {logging_mixin.py:188} INFO - [2025-11-10T08:41:36.714-0500] {dag.py:3947} INFO - Setting next_dagrun for ocr_pipeline_dag to None, run_after=None
[2025-11-10T08:41:36.774-0500] {processor.py:183} INFO - Processing /opt/airflow/dags/ocr_pipeline_dag.py took 1.083 seconds
[2025-11-10T08:42:07.190-0500] {processor.py:161} INFO - Started process (PID=4232) to work on /opt/airflow/dags/ocr_pipeline_dag.py
[2025-11-10T08:42:07.192-0500] {processor.py:830} INFO - Processing file /opt/airflow/dags/ocr_pipeline_dag.py for tasks to queue
[2025-11-10T08:42:07.193-0500] {logging_mixin.py:188} INFO - [2025-11-10T08:42:07.193-0500] {dagbag.py:545} INFO - Filling up the DagBag from /opt/airflow/dags/ocr_pipeline_dag.py
[2025-11-10T08:42:07.218-0500] {logging_mixin.py:188} INFO - 📂 Using project root: /opt/project
[2025-11-10T08:42:07.511-0500] {logging_mixin.py:188} INFO - [2025-11-10T08:42:07.511-0500] {credentials.py:1278} INFO - Found credentials in shared credentials file: ~/.aws/credentials
[2025-11-10T08:42:08.218-0500] {processor.py:840} INFO - DAG(s) 'ocr_pipeline_dag' retrieved from /opt/airflow/dags/ocr_pipeline_dag.py
[2025-11-10T08:42:08.256-0500] {logging_mixin.py:188} INFO - [2025-11-10T08:42:08.256-0500] {dag.py:3089} INFO - Sync 1 DAGs
[2025-11-10T08:42:08.269-0500] {logging_mixin.py:188} INFO - [2025-11-10T08:42:08.268-0500] {dag.py:3947} INFO - Setting next_dagrun for ocr_pipeline_dag to None, run_after=None
[2025-11-10T08:42:08.290-0500] {processor.py:183} INFO - Processing /opt/airflow/dags/ocr_pipeline_dag.py took 1.110 seconds
[2025-11-10T08:42:38.854-0500] {processor.py:161} INFO - Started process (PID=4238) to work on /opt/airflow/dags/ocr_pipeline_dag.py
[2025-11-10T08:42:38.855-0500] {processor.py:830} INFO - Processing file /opt/airflow/dags/ocr_pipeline_dag.py for tasks to queue
[2025-11-10T08:42:38.856-0500] {logging_mixin.py:188} INFO - [2025-11-10T08:42:38.856-0500] {dagbag.py:545} INFO - Filling up the DagBag from /opt/airflow/dags/ocr_pipeline_dag.py
[2025-11-10T08:42:38.875-0500] {logging_mixin.py:188} INFO - 📂 Using project root: /opt/project
[2025-11-10T08:42:39.035-0500] {logging_mixin.py:188} INFO - [2025-11-10T08:42:39.035-0500] {credentials.py:1278} INFO - Found credentials in shared credentials file: ~/.aws/credentials
[2025-11-10T08:42:39.730-0500] {processor.py:840} INFO - DAG(s) 'ocr_pipeline_dag' retrieved from /opt/airflow/dags/ocr_pipeline_dag.py
[2025-11-10T08:42:39.763-0500] {logging_mixin.py:188} INFO - [2025-11-10T08:42:39.762-0500] {dag.py:3089} INFO - Sync 1 DAGs
[2025-11-10T08:42:39.775-0500] {logging_mixin.py:188} INFO - [2025-11-10T08:42:39.775-0500] {dag.py:3947} INFO - Setting next_dagrun for ocr_pipeline_dag to None, run_after=None
[2025-11-10T08:42:39.797-0500] {processor.py:183} INFO - Processing /opt/airflow/dags/ocr_pipeline_dag.py took 0.954 seconds
[2025-11-10T08:43:10.358-0500] {processor.py:161} INFO - Started process (PID=4244) to work on /opt/airflow/dags/ocr_pipeline_dag.py
[2025-11-10T08:43:10.360-0500] {processor.py:830} INFO - Processing file /opt/airflow/dags/ocr_pipeline_dag.py for tasks to queue
[2025-11-10T08:43:10.361-0500] {logging_mixin.py:188} INFO - [2025-11-10T08:43:10.361-0500] {dagbag.py:545} INFO - Filling up the DagBag from /opt/airflow/dags/ocr_pipeline_dag.py
[2025-11-10T08:43:10.379-0500] {logging_mixin.py:188} INFO - 📂 Using project root: /opt/project
[2025-11-10T08:43:10.533-0500] {logging_mixin.py:188} INFO - [2025-11-10T08:43:10.532-0500] {credentials.py:1278} INFO - Found credentials in shared credentials file: ~/.aws/credentials
[2025-11-10T08:43:11.196-0500] {processor.py:840} INFO - DAG(s) 'ocr_pipeline_dag' retrieved from /opt/airflow/dags/ocr_pipeline_dag.py
[2025-11-10T08:43:11.220-0500] {logging_mixin.py:188} INFO - [2025-11-10T08:43:11.220-0500] {dag.py:3089} INFO - Sync 1 DAGs
[2025-11-10T08:43:11.232-0500] {logging_mixin.py:188} INFO - [2025-11-10T08:43:11.232-0500] {dag.py:3947} INFO - Setting next_dagrun for ocr_pipeline_dag to None, run_after=None
[2025-11-10T08:43:11.252-0500] {processor.py:183} INFO - Processing /opt/airflow/dags/ocr_pipeline_dag.py took 0.904 seconds
[2025-11-10T08:43:41.825-0500] {processor.py:161} INFO - Started process (PID=4250) to work on /opt/airflow/dags/ocr_pipeline_dag.py
[2025-11-10T08:43:41.826-0500] {processor.py:830} INFO - Processing file /opt/airflow/dags/ocr_pipeline_dag.py for tasks to queue
[2025-11-10T08:43:41.827-0500] {logging_mixin.py:188} INFO - [2025-11-10T08:43:41.827-0500] {dagbag.py:545} INFO - Filling up the DagBag from /opt/airflow/dags/ocr_pipeline_dag.py
[2025-11-10T08:43:41.847-0500] {logging_mixin.py:188} INFO - 📂 Using project root: /opt/project
[2025-11-10T08:43:42.012-0500] {logging_mixin.py:188} INFO - [2025-11-10T08:43:42.012-0500] {credentials.py:1278} INFO - Found credentials in shared credentials file: ~/.aws/credentials
[2025-11-10T08:43:42.673-0500] {processor.py:840} INFO - DAG(s) 'ocr_pipeline_dag' retrieved from /opt/airflow/dags/ocr_pipeline_dag.py
[2025-11-10T08:43:42.700-0500] {logging_mixin.py:188} INFO - [2025-11-10T08:43:42.700-0500] {dag.py:3089} INFO - Sync 1 DAGs
[2025-11-10T08:43:42.713-0500] {logging_mixin.py:188} INFO - [2025-11-10T08:43:42.713-0500] {dag.py:3947} INFO - Setting next_dagrun for ocr_pipeline_dag to None, run_after=None
[2025-11-10T08:43:42.735-0500] {processor.py:183} INFO - Processing /opt/airflow/dags/ocr_pipeline_dag.py took 0.917 seconds
[2025-11-10T08:44:13.292-0500] {processor.py:161} INFO - Started process (PID=4256) to work on /opt/airflow/dags/ocr_pipeline_dag.py
[2025-11-10T08:44:13.293-0500] {processor.py:830} INFO - Processing file /opt/airflow/dags/ocr_pipeline_dag.py for tasks to queue
[2025-11-10T08:44:13.294-0500] {logging_mixin.py:188} INFO - [2025-11-10T08:44:13.294-0500] {dagbag.py:545} INFO - Filling up the DagBag from /opt/airflow/dags/ocr_pipeline_dag.py
[2025-11-10T08:44:13.312-0500] {logging_mixin.py:188} INFO - 📂 Using project root: /opt/project
[2025-11-10T08:44:13.469-0500] {logging_mixin.py:188} INFO - [2025-11-10T08:44:13.469-0500] {credentials.py:1278} INFO - Found credentials in shared credentials file: ~/.aws/credentials
[2025-11-10T08:44:14.153-0500] {processor.py:840} INFO - DAG(s) 'ocr_pipeline_dag' retrieved from /opt/airflow/dags/ocr_pipeline_dag.py
[2025-11-10T08:44:14.179-0500] {logging_mixin.py:188} INFO - [2025-11-10T08:44:14.178-0500] {dag.py:3089} INFO - Sync 1 DAGs
[2025-11-10T08:44:14.190-0500] {logging_mixin.py:188} INFO - [2025-11-10T08:44:14.189-0500] {dag.py:3947} INFO - Setting next_dagrun for ocr_pipeline_dag to None, run_after=None
[2025-11-10T08:44:14.209-0500] {processor.py:183} INFO - Processing /opt/airflow/dags/ocr_pipeline_dag.py took 0.924 seconds
[2025-11-10T08:44:44.823-0500] {processor.py:161} INFO - Started process (PID=4262) to work on /opt/airflow/dags/ocr_pipeline_dag.py
[2025-11-10T08:44:44.824-0500] {processor.py:830} INFO - Processing file /opt/airflow/dags/ocr_pipeline_dag.py for tasks to queue
[2025-11-10T08:44:44.826-0500] {logging_mixin.py:188} INFO - [2025-11-10T08:44:44.825-0500] {dagbag.py:545} INFO - Filling up the DagBag from /opt/airflow/dags/ocr_pipeline_dag.py
[2025-11-10T08:44:44.855-0500] {logging_mixin.py:188} INFO - 📂 Using project root: /opt/project
[2025-11-10T08:44:45.091-0500] {logging_mixin.py:188} INFO - [2025-11-10T08:44:45.091-0500] {credentials.py:1278} INFO - Found credentials in shared credentials file: ~/.aws/credentials
[2025-11-10T08:44:45.885-0500] {processor.py:840} INFO - DAG(s) 'ocr_pipeline_dag' retrieved from /opt/airflow/dags/ocr_pipeline_dag.py
[2025-11-10T08:44:45.916-0500] {logging_mixin.py:188} INFO - [2025-11-10T08:44:45.915-0500] {dag.py:3089} INFO - Sync 1 DAGs
[2025-11-10T08:44:45.927-0500] {logging_mixin.py:188} INFO - [2025-11-10T08:44:45.926-0500] {dag.py:3947} INFO - Setting next_dagrun for ocr_pipeline_dag to None, run_after=None
[2025-11-10T08:44:45.949-0500] {processor.py:183} INFO - Processing /opt/airflow/dags/ocr_pipeline_dag.py took 1.038 seconds
[2025-11-10T08:45:16.419-0500] {processor.py:161} INFO - Started process (PID=4268) to work on /opt/airflow/dags/ocr_pipeline_dag.py
[2025-11-10T08:45:16.421-0500] {processor.py:830} INFO - Processing file /opt/airflow/dags/ocr_pipeline_dag.py for tasks to queue
[2025-11-10T08:45:16.422-0500] {logging_mixin.py:188} INFO - [2025-11-10T08:45:16.422-0500] {dagbag.py:545} INFO - Filling up the DagBag from /opt/airflow/dags/ocr_pipeline_dag.py
[2025-11-10T08:45:16.440-0500] {logging_mixin.py:188} INFO - 📂 Using project root: /opt/project
[2025-11-10T08:45:16.696-0500] {logging_mixin.py:188} INFO - [2025-11-10T08:45:16.696-0500] {credentials.py:1278} INFO - Found credentials in shared credentials file: ~/.aws/credentials
[2025-11-10T08:45:17.847-0500] {processor.py:840} INFO - DAG(s) 'ocr_pipeline_dag' retrieved from /opt/airflow/dags/ocr_pipeline_dag.py
[2025-11-10T08:45:17.890-0500] {logging_mixin.py:188} INFO - [2025-11-10T08:45:17.889-0500] {dag.py:3089} INFO - Sync 1 DAGs
[2025-11-10T08:45:17.906-0500] {logging_mixin.py:188} INFO - [2025-11-10T08:45:17.905-0500] {dag.py:3947} INFO - Setting next_dagrun for ocr_pipeline_dag to None, run_after=None
[2025-11-10T08:45:17.933-0500] {processor.py:183} INFO - Processing /opt/airflow/dags/ocr_pipeline_dag.py took 1.527 seconds
[2025-11-10T08:45:48.629-0500] {processor.py:161} INFO - Started process (PID=4274) to work on /opt/airflow/dags/ocr_pipeline_dag.py
[2025-11-10T08:45:48.631-0500] {processor.py:830} INFO - Processing file /opt/airflow/dags/ocr_pipeline_dag.py for tasks to queue
[2025-11-10T08:45:48.632-0500] {logging_mixin.py:188} INFO - [2025-11-10T08:45:48.632-0500] {dagbag.py:545} INFO - Filling up the DagBag from /opt/airflow/dags/ocr_pipeline_dag.py
[2025-11-10T08:45:48.651-0500] {logging_mixin.py:188} INFO - 📂 Using project root: /opt/project
[2025-11-10T08:45:48.904-0500] {logging_mixin.py:188} INFO - [2025-11-10T08:45:48.904-0500] {credentials.py:1278} INFO - Found credentials in shared credentials file: ~/.aws/credentials
[2025-11-10T08:45:50.040-0500] {processor.py:840} INFO - DAG(s) 'ocr_pipeline_dag' retrieved from /opt/airflow/dags/ocr_pipeline_dag.py
[2025-11-10T08:45:50.071-0500] {logging_mixin.py:188} INFO - [2025-11-10T08:45:50.071-0500] {dag.py:3089} INFO - Sync 1 DAGs
[2025-11-10T08:45:50.086-0500] {logging_mixin.py:188} INFO - [2025-11-10T08:45:50.086-0500] {dag.py:3947} INFO - Setting next_dagrun for ocr_pipeline_dag to None, run_after=None
[2025-11-10T08:45:50.108-0500] {processor.py:183} INFO - Processing /opt/airflow/dags/ocr_pipeline_dag.py took 1.486 seconds
[2025-11-10T08:46:20.345-0500] {processor.py:161} INFO - Started process (PID=4280) to work on /opt/airflow/dags/ocr_pipeline_dag.py
[2025-11-10T08:46:20.347-0500] {processor.py:830} INFO - Processing file /opt/airflow/dags/ocr_pipeline_dag.py for tasks to queue
[2025-11-10T08:46:20.349-0500] {logging_mixin.py:188} INFO - [2025-11-10T08:46:20.348-0500] {dagbag.py:545} INFO - Filling up the DagBag from /opt/airflow/dags/ocr_pipeline_dag.py
[2025-11-10T08:46:20.371-0500] {logging_mixin.py:188} INFO - 📂 Using project root: /opt/project
[2025-11-10T08:46:20.588-0500] {logging_mixin.py:188} INFO - [2025-11-10T08:46:20.587-0500] {credentials.py:1278} INFO - Found credentials in shared credentials file: ~/.aws/credentials
[2025-11-10T08:46:21.482-0500] {processor.py:840} INFO - DAG(s) 'ocr_pipeline_dag' retrieved from /opt/airflow/dags/ocr_pipeline_dag.py
[2025-11-10T08:46:21.522-0500] {logging_mixin.py:188} INFO - [2025-11-10T08:46:21.521-0500] {dag.py:3089} INFO - Sync 1 DAGs
[2025-11-10T08:46:21.537-0500] {logging_mixin.py:188} INFO - [2025-11-10T08:46:21.537-0500] {dag.py:3947} INFO - Setting next_dagrun for ocr_pipeline_dag to None, run_after=None
[2025-11-10T08:46:21.564-0500] {processor.py:183} INFO - Processing /opt/airflow/dags/ocr_pipeline_dag.py took 1.230 seconds
[2025-11-10T08:46:51.933-0500] {processor.py:161} INFO - Started process (PID=4286) to work on /opt/airflow/dags/ocr_pipeline_dag.py
[2025-11-10T08:46:51.935-0500] {processor.py:830} INFO - Processing file /opt/airflow/dags/ocr_pipeline_dag.py for tasks to queue
[2025-11-10T08:46:51.936-0500] {logging_mixin.py:188} INFO - [2025-11-10T08:46:51.936-0500] {dagbag.py:545} INFO - Filling up the DagBag from /opt/airflow/dags/ocr_pipeline_dag.py
[2025-11-10T08:46:51.959-0500] {logging_mixin.py:188} INFO - 📂 Using project root: /opt/project
[2025-11-10T08:46:52.185-0500] {logging_mixin.py:188} INFO - [2025-11-10T08:46:52.184-0500] {credentials.py:1278} INFO - Found credentials in shared credentials file: ~/.aws/credentials
[2025-11-10T08:46:53.063-0500] {processor.py:840} INFO - DAG(s) 'ocr_pipeline_dag' retrieved from /opt/airflow/dags/ocr_pipeline_dag.py
[2025-11-10T08:46:53.113-0500] {logging_mixin.py:188} INFO - [2025-11-10T08:46:53.113-0500] {dag.py:3089} INFO - Sync 1 DAGs
[2025-11-10T08:46:53.131-0500] {logging_mixin.py:188} INFO - [2025-11-10T08:46:53.131-0500] {dag.py:3947} INFO - Setting next_dagrun for ocr_pipeline_dag to None, run_after=None
[2025-11-10T08:46:53.176-0500] {processor.py:183} INFO - Processing /opt/airflow/dags/ocr_pipeline_dag.py took 1.252 seconds
[2025-11-10T08:47:23.531-0500] {processor.py:161} INFO - Started process (PID=4292) to work on /opt/airflow/dags/ocr_pipeline_dag.py
[2025-11-10T08:47:23.533-0500] {processor.py:830} INFO - Processing file /opt/airflow/dags/ocr_pipeline_dag.py for tasks to queue
[2025-11-10T08:47:23.535-0500] {logging_mixin.py:188} INFO - [2025-11-10T08:47:23.534-0500] {dagbag.py:545} INFO - Filling up the DagBag from /opt/airflow/dags/ocr_pipeline_dag.py
[2025-11-10T08:47:23.552-0500] {logging_mixin.py:188} INFO - 📂 Using project root: /opt/project
[2025-11-10T08:47:23.734-0500] {logging_mixin.py:188} INFO - [2025-11-10T08:47:23.734-0500] {credentials.py:1278} INFO - Found credentials in shared credentials file: ~/.aws/credentials
[2025-11-10T08:47:24.596-0500] {processor.py:840} INFO - DAG(s) 'ocr_pipeline_dag' retrieved from /opt/airflow/dags/ocr_pipeline_dag.py
[2025-11-10T08:47:24.629-0500] {logging_mixin.py:188} INFO - [2025-11-10T08:47:24.628-0500] {dag.py:3089} INFO - Sync 1 DAGs
[2025-11-10T08:47:24.644-0500] {logging_mixin.py:188} INFO - [2025-11-10T08:47:24.643-0500] {dag.py:3947} INFO - Setting next_dagrun for ocr_pipeline_dag to None, run_after=None
[2025-11-10T08:47:24.669-0500] {processor.py:183} INFO - Processing /opt/airflow/dags/ocr_pipeline_dag.py took 1.146 seconds
[2025-11-10T08:47:55.157-0500] {processor.py:161} INFO - Started process (PID=4298) to work on /opt/airflow/dags/ocr_pipeline_dag.py
[2025-11-10T08:47:55.158-0500] {processor.py:830} INFO - Processing file /opt/airflow/dags/ocr_pipeline_dag.py for tasks to queue
[2025-11-10T08:47:55.160-0500] {logging_mixin.py:188} INFO - [2025-11-10T08:47:55.160-0500] {dagbag.py:545} INFO - Filling up the DagBag from /opt/airflow/dags/ocr_pipeline_dag.py
[2025-11-10T08:47:55.180-0500] {logging_mixin.py:188} INFO - 📂 Using project root: /opt/project
[2025-11-10T08:47:55.366-0500] {logging_mixin.py:188} INFO - [2025-11-10T08:47:55.366-0500] {credentials.py:1278} INFO - Found credentials in shared credentials file: ~/.aws/credentials
[2025-11-10T08:47:56.128-0500] {processor.py:840} INFO - DAG(s) 'ocr_pipeline_dag' retrieved from /opt/airflow/dags/ocr_pipeline_dag.py
[2025-11-10T08:47:56.160-0500] {logging_mixin.py:188} INFO - [2025-11-10T08:47:56.160-0500] {dag.py:3089} INFO - Sync 1 DAGs
[2025-11-10T08:47:56.172-0500] {logging_mixin.py:188} INFO - [2025-11-10T08:47:56.172-0500] {dag.py:3947} INFO - Setting next_dagrun for ocr_pipeline_dag to None, run_after=None
[2025-11-10T08:47:56.195-0500] {processor.py:183} INFO - Processing /opt/airflow/dags/ocr_pipeline_dag.py took 1.046 seconds
[2025-11-10T08:48:26.676-0500] {processor.py:161} INFO - Started process (PID=4304) to work on /opt/airflow/dags/ocr_pipeline_dag.py
[2025-11-10T08:48:26.677-0500] {processor.py:830} INFO - Processing file /opt/airflow/dags/ocr_pipeline_dag.py for tasks to queue
[2025-11-10T08:48:26.679-0500] {logging_mixin.py:188} INFO - [2025-11-10T08:48:26.678-0500] {dagbag.py:545} INFO - Filling up the DagBag from /opt/airflow/dags/ocr_pipeline_dag.py
[2025-11-10T08:48:26.694-0500] {logging_mixin.py:188} INFO - 📂 Using project root: /opt/project
[2025-11-10T08:48:26.849-0500] {logging_mixin.py:188} INFO - [2025-11-10T08:48:26.849-0500] {credentials.py:1278} INFO - Found credentials in shared credentials file: ~/.aws/credentials
[2025-11-10T08:48:27.678-0500] {processor.py:840} INFO - DAG(s) 'ocr_pipeline_dag' retrieved from /opt/airflow/dags/ocr_pipeline_dag.py
[2025-11-10T08:48:27.746-0500] {logging_mixin.py:188} INFO - [2025-11-10T08:48:27.745-0500] {dag.py:3089} INFO - Sync 1 DAGs
[2025-11-10T08:48:27.765-0500] {logging_mixin.py:188} INFO - [2025-11-10T08:48:27.764-0500] {dag.py:3947} INFO - Setting next_dagrun for ocr_pipeline_dag to None, run_after=None
[2025-11-10T08:48:27.799-0500] {processor.py:183} INFO - Processing /opt/airflow/dags/ocr_pipeline_dag.py took 1.132 seconds
[2025-11-10T08:48:58.183-0500] {processor.py:161} INFO - Started process (PID=4310) to work on /opt/airflow/dags/ocr_pipeline_dag.py
[2025-11-10T08:48:58.185-0500] {processor.py:830} INFO - Processing file /opt/airflow/dags/ocr_pipeline_dag.py for tasks to queue
[2025-11-10T08:48:58.186-0500] {logging_mixin.py:188} INFO - [2025-11-10T08:48:58.186-0500] {dagbag.py:545} INFO - Filling up the DagBag from /opt/airflow/dags/ocr_pipeline_dag.py
[2025-11-10T08:48:58.208-0500] {logging_mixin.py:188} INFO - 📂 Using project root: /opt/project
[2025-11-10T08:48:58.378-0500] {logging_mixin.py:188} INFO - [2025-11-10T08:48:58.378-0500] {credentials.py:1278} INFO - Found credentials in shared credentials file: ~/.aws/credentials
[2025-11-10T08:48:59.159-0500] {processor.py:840} INFO - DAG(s) 'ocr_pipeline_dag' retrieved from /opt/airflow/dags/ocr_pipeline_dag.py
[2025-11-10T08:48:59.186-0500] {logging_mixin.py:188} INFO - [2025-11-10T08:48:59.186-0500] {dag.py:3089} INFO - Sync 1 DAGs
[2025-11-10T08:48:59.199-0500] {logging_mixin.py:188} INFO - [2025-11-10T08:48:59.199-0500] {dag.py:3947} INFO - Setting next_dagrun for ocr_pipeline_dag to None, run_after=None
[2025-11-10T08:48:59.221-0500] {processor.py:183} INFO - Processing /opt/airflow/dags/ocr_pipeline_dag.py took 1.044 seconds
[2025-11-10T08:49:29.759-0500] {processor.py:161} INFO - Started process (PID=4316) to work on /opt/airflow/dags/ocr_pipeline_dag.py
[2025-11-10T08:49:29.764-0500] {processor.py:830} INFO - Processing file /opt/airflow/dags/ocr_pipeline_dag.py for tasks to queue
[2025-11-10T08:49:29.770-0500] {logging_mixin.py:188} INFO - [2025-11-10T08:49:29.767-0500] {dagbag.py:545} INFO - Filling up the DagBag from /opt/airflow/dags/ocr_pipeline_dag.py
[2025-11-10T08:49:29.815-0500] {logging_mixin.py:188} INFO - 📂 Using project root: /opt/project
[2025-11-10T08:49:30.416-0500] {logging_mixin.py:188} INFO - [2025-11-10T08:49:30.415-0500] {credentials.py:1278} INFO - Found credentials in shared credentials file: ~/.aws/credentials
[2025-11-10T08:49:31.272-0500] {processor.py:840} INFO - DAG(s) 'ocr_pipeline_dag' retrieved from /opt/airflow/dags/ocr_pipeline_dag.py
[2025-11-10T08:49:31.309-0500] {logging_mixin.py:188} INFO - [2025-11-10T08:49:31.308-0500] {dag.py:3089} INFO - Sync 1 DAGs
[2025-11-10T08:49:31.325-0500] {logging_mixin.py:188} INFO - [2025-11-10T08:49:31.325-0500] {dag.py:3947} INFO - Setting next_dagrun for ocr_pipeline_dag to None, run_after=None
[2025-11-10T08:49:31.732-0500] {processor.py:183} INFO - Processing /opt/airflow/dags/ocr_pipeline_dag.py took 2.008 seconds
[2025-11-10T08:50:02.194-0500] {processor.py:161} INFO - Started process (PID=4322) to work on /opt/airflow/dags/ocr_pipeline_dag.py
[2025-11-10T08:50:02.196-0500] {processor.py:830} INFO - Processing file /opt/airflow/dags/ocr_pipeline_dag.py for tasks to queue
[2025-11-10T08:50:02.197-0500] {logging_mixin.py:188} INFO - [2025-11-10T08:50:02.197-0500] {dagbag.py:545} INFO - Filling up the DagBag from /opt/airflow/dags/ocr_pipeline_dag.py
[2025-11-10T08:50:02.215-0500] {logging_mixin.py:188} INFO - 📂 Using project root: /opt/project
[2025-11-10T08:50:02.378-0500] {logging_mixin.py:188} INFO - [2025-11-10T08:50:02.378-0500] {credentials.py:1278} INFO - Found credentials in shared credentials file: ~/.aws/credentials
[2025-11-10T08:50:03.037-0500] {processor.py:840} INFO - DAG(s) 'ocr_pipeline_dag' retrieved from /opt/airflow/dags/ocr_pipeline_dag.py
[2025-11-10T08:50:03.063-0500] {logging_mixin.py:188} INFO - [2025-11-10T08:50:03.063-0500] {dag.py:3089} INFO - Sync 1 DAGs
[2025-11-10T08:50:03.075-0500] {logging_mixin.py:188} INFO - [2025-11-10T08:50:03.075-0500] {dag.py:3947} INFO - Setting next_dagrun for ocr_pipeline_dag to None, run_after=None
[2025-11-10T08:50:03.119-0500] {processor.py:183} INFO - Processing /opt/airflow/dags/ocr_pipeline_dag.py took 0.932 seconds
[2025-11-10T08:50:33.786-0500] {processor.py:161} INFO - Started process (PID=4328) to work on /opt/airflow/dags/ocr_pipeline_dag.py
[2025-11-10T08:50:33.788-0500] {processor.py:830} INFO - Processing file /opt/airflow/dags/ocr_pipeline_dag.py for tasks to queue
[2025-11-10T08:50:33.791-0500] {logging_mixin.py:188} INFO - [2025-11-10T08:50:33.790-0500] {dagbag.py:545} INFO - Filling up the DagBag from /opt/airflow/dags/ocr_pipeline_dag.py
[2025-11-10T08:50:33.820-0500] {logging_mixin.py:188} INFO - 📂 Using project root: /opt/project
[2025-11-10T08:50:34.051-0500] {logging_mixin.py:188} INFO - [2025-11-10T08:50:34.050-0500] {credentials.py:1278} INFO - Found credentials in shared credentials file: ~/.aws/credentials
[2025-11-10T08:50:34.939-0500] {processor.py:840} INFO - DAG(s) 'ocr_pipeline_dag' retrieved from /opt/airflow/dags/ocr_pipeline_dag.py
[2025-11-10T08:50:34.969-0500] {logging_mixin.py:188} INFO - [2025-11-10T08:50:34.968-0500] {dag.py:3089} INFO - Sync 1 DAGs
[2025-11-10T08:50:34.981-0500] {logging_mixin.py:188} INFO - [2025-11-10T08:50:34.981-0500] {dag.py:3947} INFO - Setting next_dagrun for ocr_pipeline_dag to None, run_after=None
[2025-11-10T08:50:35.006-0500] {processor.py:183} INFO - Processing /opt/airflow/dags/ocr_pipeline_dag.py took 1.230 seconds
[2025-11-10T08:51:05.320-0500] {processor.py:161} INFO - Started process (PID=4334) to work on /opt/airflow/dags/ocr_pipeline_dag.py
[2025-11-10T08:51:05.322-0500] {processor.py:830} INFO - Processing file /opt/airflow/dags/ocr_pipeline_dag.py for tasks to queue
[2025-11-10T08:51:05.323-0500] {logging_mixin.py:188} INFO - [2025-11-10T08:51:05.323-0500] {dagbag.py:545} INFO - Filling up the DagBag from /opt/airflow/dags/ocr_pipeline_dag.py
[2025-11-10T08:51:05.342-0500] {logging_mixin.py:188} INFO - 📂 Using project root: /opt/project
[2025-11-10T08:51:05.513-0500] {logging_mixin.py:188} INFO - [2025-11-10T08:51:05.513-0500] {credentials.py:1278} INFO - Found credentials in shared credentials file: ~/.aws/credentials
[2025-11-10T08:51:06.207-0500] {processor.py:840} INFO - DAG(s) 'ocr_pipeline_dag' retrieved from /opt/airflow/dags/ocr_pipeline_dag.py
[2025-11-10T08:51:06.238-0500] {logging_mixin.py:188} INFO - [2025-11-10T08:51:06.238-0500] {dag.py:3089} INFO - Sync 1 DAGs
[2025-11-10T08:51:06.250-0500] {logging_mixin.py:188} INFO - [2025-11-10T08:51:06.249-0500] {dag.py:3947} INFO - Setting next_dagrun for ocr_pipeline_dag to None, run_after=None
[2025-11-10T08:51:06.272-0500] {processor.py:183} INFO - Processing /opt/airflow/dags/ocr_pipeline_dag.py took 0.960 seconds
[2025-11-10T08:51:36.973-0500] {processor.py:161} INFO - Started process (PID=4340) to work on /opt/airflow/dags/ocr_pipeline_dag.py
[2025-11-10T08:51:36.975-0500] {processor.py:830} INFO - Processing file /opt/airflow/dags/ocr_pipeline_dag.py for tasks to queue
[2025-11-10T08:51:36.977-0500] {logging_mixin.py:188} INFO - [2025-11-10T08:51:36.977-0500] {dagbag.py:545} INFO - Filling up the DagBag from /opt/airflow/dags/ocr_pipeline_dag.py
[2025-11-10T08:51:37.000-0500] {logging_mixin.py:188} INFO - 📂 Using project root: /opt/project
[2025-11-10T08:51:37.256-0500] {logging_mixin.py:188} INFO - [2025-11-10T08:51:37.256-0500] {credentials.py:1278} INFO - Found credentials in shared credentials file: ~/.aws/credentials
[2025-11-10T08:51:38.044-0500] {processor.py:840} INFO - DAG(s) 'ocr_pipeline_dag' retrieved from /opt/airflow/dags/ocr_pipeline_dag.py
[2025-11-10T08:51:38.070-0500] {logging_mixin.py:188} INFO - [2025-11-10T08:51:38.070-0500] {dag.py:3089} INFO - Sync 1 DAGs
[2025-11-10T08:51:38.082-0500] {logging_mixin.py:188} INFO - [2025-11-10T08:51:38.081-0500] {dag.py:3947} INFO - Setting next_dagrun for ocr_pipeline_dag to None, run_after=None
[2025-11-10T08:51:38.102-0500] {processor.py:183} INFO - Processing /opt/airflow/dags/ocr_pipeline_dag.py took 1.138 seconds
[2025-11-10T08:52:08.608-0500] {processor.py:161} INFO - Started process (PID=4346) to work on /opt/airflow/dags/ocr_pipeline_dag.py
[2025-11-10T08:52:08.609-0500] {processor.py:830} INFO - Processing file /opt/airflow/dags/ocr_pipeline_dag.py for tasks to queue
[2025-11-10T08:52:08.611-0500] {logging_mixin.py:188} INFO - [2025-11-10T08:52:08.610-0500] {dagbag.py:545} INFO - Filling up the DagBag from /opt/airflow/dags/ocr_pipeline_dag.py
[2025-11-10T08:52:08.626-0500] {logging_mixin.py:188} INFO - 📂 Using project root: /opt/project
[2025-11-10T08:52:08.775-0500] {logging_mixin.py:188} INFO - [2025-11-10T08:52:08.774-0500] {credentials.py:1278} INFO - Found credentials in shared credentials file: ~/.aws/credentials
[2025-11-10T08:52:09.409-0500] {processor.py:840} INFO - DAG(s) 'ocr_pipeline_dag' retrieved from /opt/airflow/dags/ocr_pipeline_dag.py
[2025-11-10T08:52:09.433-0500] {logging_mixin.py:188} INFO - [2025-11-10T08:52:09.433-0500] {dag.py:3089} INFO - Sync 1 DAGs
[2025-11-10T08:52:09.445-0500] {logging_mixin.py:188} INFO - [2025-11-10T08:52:09.445-0500] {dag.py:3947} INFO - Setting next_dagrun for ocr_pipeline_dag to None, run_after=None
[2025-11-10T08:52:09.463-0500] {processor.py:183} INFO - Processing /opt/airflow/dags/ocr_pipeline_dag.py took 0.864 seconds
[2025-11-10T08:52:40.083-0500] {processor.py:161} INFO - Started process (PID=4352) to work on /opt/airflow/dags/ocr_pipeline_dag.py
[2025-11-10T08:52:40.085-0500] {processor.py:830} INFO - Processing file /opt/airflow/dags/ocr_pipeline_dag.py for tasks to queue
[2025-11-10T08:52:40.086-0500] {logging_mixin.py:188} INFO - [2025-11-10T08:52:40.086-0500] {dagbag.py:545} INFO - Filling up the DagBag from /opt/airflow/dags/ocr_pipeline_dag.py
[2025-11-10T08:52:40.106-0500] {logging_mixin.py:188} INFO - 📂 Using project root: /opt/project
[2025-11-10T08:52:40.330-0500] {logging_mixin.py:188} INFO - [2025-11-10T08:52:40.329-0500] {credentials.py:1278} INFO - Found credentials in shared credentials file: ~/.aws/credentials
[2025-11-10T08:52:41.133-0500] {processor.py:840} INFO - DAG(s) 'ocr_pipeline_dag' retrieved from /opt/airflow/dags/ocr_pipeline_dag.py
[2025-11-10T08:52:41.171-0500] {logging_mixin.py:188} INFO - [2025-11-10T08:52:41.170-0500] {dag.py:3089} INFO - Sync 1 DAGs
[2025-11-10T08:52:41.188-0500] {logging_mixin.py:188} INFO - [2025-11-10T08:52:41.187-0500] {dag.py:3947} INFO - Setting next_dagrun for ocr_pipeline_dag to None, run_after=None
[2025-11-10T08:52:41.213-0500] {processor.py:183} INFO - Processing /opt/airflow/dags/ocr_pipeline_dag.py took 1.148 seconds
[2025-11-10T08:53:11.794-0500] {processor.py:161} INFO - Started process (PID=4358) to work on /opt/airflow/dags/ocr_pipeline_dag.py
[2025-11-10T08:53:11.795-0500] {processor.py:830} INFO - Processing file /opt/airflow/dags/ocr_pipeline_dag.py for tasks to queue
[2025-11-10T08:53:11.797-0500] {logging_mixin.py:188} INFO - [2025-11-10T08:53:11.796-0500] {dagbag.py:545} INFO - Filling up the DagBag from /opt/airflow/dags/ocr_pipeline_dag.py
[2025-11-10T08:53:11.815-0500] {logging_mixin.py:188} INFO - 📂 Using project root: /opt/project
[2025-11-10T08:53:12.002-0500] {logging_mixin.py:188} INFO - [2025-11-10T08:53:12.001-0500] {credentials.py:1278} INFO - Found credentials in shared credentials file: ~/.aws/credentials
[2025-11-10T08:53:12.753-0500] {processor.py:840} INFO - DAG(s) 'ocr_pipeline_dag' retrieved from /opt/airflow/dags/ocr_pipeline_dag.py
[2025-11-10T08:53:12.792-0500] {logging_mixin.py:188} INFO - [2025-11-10T08:53:12.791-0500] {dag.py:3089} INFO - Sync 1 DAGs
[2025-11-10T08:53:12.807-0500] {logging_mixin.py:188} INFO - [2025-11-10T08:53:12.807-0500] {dag.py:3947} INFO - Setting next_dagrun for ocr_pipeline_dag to None, run_after=None
[2025-11-10T08:53:12.831-0500] {processor.py:183} INFO - Processing /opt/airflow/dags/ocr_pipeline_dag.py took 1.045 seconds
[2025-11-10T08:53:43.344-0500] {processor.py:161} INFO - Started process (PID=4364) to work on /opt/airflow/dags/ocr_pipeline_dag.py
[2025-11-10T08:53:43.345-0500] {processor.py:830} INFO - Processing file /opt/airflow/dags/ocr_pipeline_dag.py for tasks to queue
[2025-11-10T08:53:43.347-0500] {logging_mixin.py:188} INFO - [2025-11-10T08:53:43.346-0500] {dagbag.py:545} INFO - Filling up the DagBag from /opt/airflow/dags/ocr_pipeline_dag.py
[2025-11-10T08:53:43.369-0500] {logging_mixin.py:188} INFO - 📂 Using project root: /opt/project
[2025-11-10T08:53:43.550-0500] {logging_mixin.py:188} INFO - [2025-11-10T08:53:43.550-0500] {credentials.py:1278} INFO - Found credentials in shared credentials file: ~/.aws/credentials
[2025-11-10T08:53:44.348-0500] {processor.py:840} INFO - DAG(s) 'ocr_pipeline_dag' retrieved from /opt/airflow/dags/ocr_pipeline_dag.py
[2025-11-10T08:53:44.376-0500] {logging_mixin.py:188} INFO - [2025-11-10T08:53:44.376-0500] {dag.py:3089} INFO - Sync 1 DAGs
[2025-11-10T08:53:44.388-0500] {logging_mixin.py:188} INFO - [2025-11-10T08:53:44.388-0500] {dag.py:3947} INFO - Setting next_dagrun for ocr_pipeline_dag to None, run_after=None
[2025-11-10T08:53:44.410-0500] {processor.py:183} INFO - Processing /opt/airflow/dags/ocr_pipeline_dag.py took 1.075 seconds
[2025-11-10T08:54:14.921-0500] {processor.py:161} INFO - Started process (PID=4370) to work on /opt/airflow/dags/ocr_pipeline_dag.py
[2025-11-10T08:54:14.923-0500] {processor.py:830} INFO - Processing file /opt/airflow/dags/ocr_pipeline_dag.py for tasks to queue
[2025-11-10T08:54:14.924-0500] {logging_mixin.py:188} INFO - [2025-11-10T08:54:14.924-0500] {dagbag.py:545} INFO - Filling up the DagBag from /opt/airflow/dags/ocr_pipeline_dag.py
[2025-11-10T08:54:14.943-0500] {logging_mixin.py:188} INFO - 📂 Using project root: /opt/project
[2025-11-10T08:54:15.118-0500] {logging_mixin.py:188} INFO - [2025-11-10T08:54:15.117-0500] {credentials.py:1278} INFO - Found credentials in shared credentials file: ~/.aws/credentials
[2025-11-10T08:54:16.053-0500] {processor.py:840} INFO - DAG(s) 'ocr_pipeline_dag' retrieved from /opt/airflow/dags/ocr_pipeline_dag.py
[2025-11-10T08:54:16.091-0500] {logging_mixin.py:188} INFO - [2025-11-10T08:54:16.091-0500] {dag.py:3089} INFO - Sync 1 DAGs
[2025-11-10T08:54:16.112-0500] {logging_mixin.py:188} INFO - [2025-11-10T08:54:16.112-0500] {dag.py:3947} INFO - Setting next_dagrun for ocr_pipeline_dag to None, run_after=None
[2025-11-10T08:54:16.167-0500] {processor.py:183} INFO - Processing /opt/airflow/dags/ocr_pipeline_dag.py took 1.256 seconds
[2025-11-10T08:54:46.558-0500] {processor.py:161} INFO - Started process (PID=4376) to work on /opt/airflow/dags/ocr_pipeline_dag.py
[2025-11-10T08:54:46.560-0500] {processor.py:830} INFO - Processing file /opt/airflow/dags/ocr_pipeline_dag.py for tasks to queue
[2025-11-10T08:54:46.562-0500] {logging_mixin.py:188} INFO - [2025-11-10T08:54:46.561-0500] {dagbag.py:545} INFO - Filling up the DagBag from /opt/airflow/dags/ocr_pipeline_dag.py
[2025-11-10T08:54:46.583-0500] {logging_mixin.py:188} INFO - 📂 Using project root: /opt/project
[2025-11-10T08:54:46.821-0500] {logging_mixin.py:188} INFO - [2025-11-10T08:54:46.821-0500] {credentials.py:1278} INFO - Found credentials in shared credentials file: ~/.aws/credentials
[2025-11-10T08:54:47.684-0500] {processor.py:840} INFO - DAG(s) 'ocr_pipeline_dag' retrieved from /opt/airflow/dags/ocr_pipeline_dag.py
[2025-11-10T08:54:47.729-0500] {logging_mixin.py:188} INFO - [2025-11-10T08:54:47.728-0500] {dag.py:3089} INFO - Sync 1 DAGs
[2025-11-10T08:54:47.746-0500] {logging_mixin.py:188} INFO - [2025-11-10T08:54:47.746-0500] {dag.py:3947} INFO - Setting next_dagrun for ocr_pipeline_dag to None, run_after=None
[2025-11-10T08:54:47.785-0500] {processor.py:183} INFO - Processing /opt/airflow/dags/ocr_pipeline_dag.py took 1.237 seconds
[2025-11-10T08:55:18.457-0500] {processor.py:161} INFO - Started process (PID=4382) to work on /opt/airflow/dags/ocr_pipeline_dag.py
[2025-11-10T08:55:18.458-0500] {processor.py:830} INFO - Processing file /opt/airflow/dags/ocr_pipeline_dag.py for tasks to queue
[2025-11-10T08:55:18.460-0500] {logging_mixin.py:188} INFO - [2025-11-10T08:55:18.459-0500] {dagbag.py:545} INFO - Filling up the DagBag from /opt/airflow/dags/ocr_pipeline_dag.py
[2025-11-10T08:55:18.478-0500] {logging_mixin.py:188} INFO - 📂 Using project root: /opt/project
[2025-11-10T08:55:18.648-0500] {logging_mixin.py:188} INFO - [2025-11-10T08:55:18.648-0500] {credentials.py:1278} INFO - Found credentials in shared credentials file: ~/.aws/credentials
[2025-11-10T08:55:19.398-0500] {processor.py:840} INFO - DAG(s) 'ocr_pipeline_dag' retrieved from /opt/airflow/dags/ocr_pipeline_dag.py
[2025-11-10T08:55:19.434-0500] {logging_mixin.py:188} INFO - [2025-11-10T08:55:19.433-0500] {dag.py:3089} INFO - Sync 1 DAGs
[2025-11-10T08:55:19.450-0500] {logging_mixin.py:188} INFO - [2025-11-10T08:55:19.450-0500] {dag.py:3947} INFO - Setting next_dagrun for ocr_pipeline_dag to None, run_after=None
[2025-11-10T08:55:19.484-0500] {processor.py:183} INFO - Processing /opt/airflow/dags/ocr_pipeline_dag.py took 1.035 seconds
[2025-11-10T08:55:50.115-0500] {processor.py:161} INFO - Started process (PID=4388) to work on /opt/airflow/dags/ocr_pipeline_dag.py
[2025-11-10T08:55:50.116-0500] {processor.py:830} INFO - Processing file /opt/airflow/dags/ocr_pipeline_dag.py for tasks to queue
[2025-11-10T08:55:50.118-0500] {logging_mixin.py:188} INFO - [2025-11-10T08:55:50.118-0500] {dagbag.py:545} INFO - Filling up the DagBag from /opt/airflow/dags/ocr_pipeline_dag.py
[2025-11-10T08:55:50.144-0500] {logging_mixin.py:188} INFO - 📂 Using project root: /opt/project
[2025-11-10T08:55:50.365-0500] {logging_mixin.py:188} INFO - [2025-11-10T08:55:50.364-0500] {credentials.py:1278} INFO - Found credentials in shared credentials file: ~/.aws/credentials
[2025-11-10T08:55:51.174-0500] {processor.py:840} INFO - DAG(s) 'ocr_pipeline_dag' retrieved from /opt/airflow/dags/ocr_pipeline_dag.py
[2025-11-10T08:55:51.201-0500] {logging_mixin.py:188} INFO - [2025-11-10T08:55:51.201-0500] {dag.py:3089} INFO - Sync 1 DAGs
[2025-11-10T08:55:51.214-0500] {logging_mixin.py:188} INFO - [2025-11-10T08:55:51.214-0500] {dag.py:3947} INFO - Setting next_dagrun for ocr_pipeline_dag to None, run_after=None
[2025-11-10T08:55:51.235-0500] {processor.py:183} INFO - Processing /opt/airflow/dags/ocr_pipeline_dag.py took 1.133 seconds
[2025-11-10T08:56:21.678-0500] {processor.py:161} INFO - Started process (PID=4394) to work on /opt/airflow/dags/ocr_pipeline_dag.py
[2025-11-10T08:56:21.680-0500] {processor.py:830} INFO - Processing file /opt/airflow/dags/ocr_pipeline_dag.py for tasks to queue
[2025-11-10T08:56:21.681-0500] {logging_mixin.py:188} INFO - [2025-11-10T08:56:21.681-0500] {dagbag.py:545} INFO - Filling up the DagBag from /opt/airflow/dags/ocr_pipeline_dag.py
[2025-11-10T08:56:21.699-0500] {logging_mixin.py:188} INFO - 📂 Using project root: /opt/project
[2025-11-10T08:56:21.862-0500] {logging_mixin.py:188} INFO - [2025-11-10T08:56:21.862-0500] {credentials.py:1278} INFO - Found credentials in shared credentials file: ~/.aws/credentials
[2025-11-10T08:56:22.618-0500] {processor.py:840} INFO - DAG(s) 'ocr_pipeline_dag' retrieved from /opt/airflow/dags/ocr_pipeline_dag.py
[2025-11-10T08:56:22.653-0500] {logging_mixin.py:188} INFO - [2025-11-10T08:56:22.653-0500] {dag.py:3089} INFO - Sync 1 DAGs
[2025-11-10T08:56:22.695-0500] {logging_mixin.py:188} INFO - [2025-11-10T08:56:22.695-0500] {dag.py:3947} INFO - Setting next_dagrun for ocr_pipeline_dag to None, run_after=None
[2025-11-10T08:56:22.719-0500] {processor.py:183} INFO - Processing /opt/airflow/dags/ocr_pipeline_dag.py took 1.048 seconds
[2025-11-10T08:56:53.278-0500] {processor.py:161} INFO - Started process (PID=4400) to work on /opt/airflow/dags/ocr_pipeline_dag.py
[2025-11-10T08:56:53.279-0500] {processor.py:830} INFO - Processing file /opt/airflow/dags/ocr_pipeline_dag.py for tasks to queue
[2025-11-10T08:56:53.281-0500] {logging_mixin.py:188} INFO - [2025-11-10T08:56:53.281-0500] {dagbag.py:545} INFO - Filling up the DagBag from /opt/airflow/dags/ocr_pipeline_dag.py
[2025-11-10T08:56:53.301-0500] {logging_mixin.py:188} INFO - 📂 Using project root: /opt/project
[2025-11-10T08:56:53.489-0500] {logging_mixin.py:188} INFO - [2025-11-10T08:56:53.488-0500] {credentials.py:1278} INFO - Found credentials in shared credentials file: ~/.aws/credentials
[2025-11-10T08:56:54.326-0500] {processor.py:840} INFO - DAG(s) 'ocr_pipeline_dag' retrieved from /opt/airflow/dags/ocr_pipeline_dag.py
[2025-11-10T08:56:54.358-0500] {logging_mixin.py:188} INFO - [2025-11-10T08:56:54.358-0500] {dag.py:3089} INFO - Sync 1 DAGs
[2025-11-10T08:56:54.374-0500] {logging_mixin.py:188} INFO - [2025-11-10T08:56:54.373-0500] {dag.py:3947} INFO - Setting next_dagrun for ocr_pipeline_dag to None, run_after=None
[2025-11-10T08:56:54.400-0500] {processor.py:183} INFO - Processing /opt/airflow/dags/ocr_pipeline_dag.py took 1.131 seconds
[2025-11-10T08:57:24.863-0500] {processor.py:161} INFO - Started process (PID=4406) to work on /opt/airflow/dags/ocr_pipeline_dag.py
[2025-11-10T08:57:24.865-0500] {processor.py:830} INFO - Processing file /opt/airflow/dags/ocr_pipeline_dag.py for tasks to queue
[2025-11-10T08:57:24.868-0500] {logging_mixin.py:188} INFO - [2025-11-10T08:57:24.867-0500] {dagbag.py:545} INFO - Filling up the DagBag from /opt/airflow/dags/ocr_pipeline_dag.py
[2025-11-10T08:57:24.894-0500] {logging_mixin.py:188} INFO - 📂 Using project root: /opt/project
[2025-11-10T08:57:25.129-0500] {logging_mixin.py:188} INFO - [2025-11-10T08:57:25.128-0500] {credentials.py:1278} INFO - Found credentials in shared credentials file: ~/.aws/credentials
[2025-11-10T08:57:26.086-0500] {processor.py:840} INFO - DAG(s) 'ocr_pipeline_dag' retrieved from /opt/airflow/dags/ocr_pipeline_dag.py
[2025-11-10T08:57:26.130-0500] {logging_mixin.py:188} INFO - [2025-11-10T08:57:26.129-0500] {dag.py:3089} INFO - Sync 1 DAGs
[2025-11-10T08:57:26.146-0500] {logging_mixin.py:188} INFO - [2025-11-10T08:57:26.145-0500] {dag.py:3947} INFO - Setting next_dagrun for ocr_pipeline_dag to None, run_after=None
[2025-11-10T08:57:26.176-0500] {processor.py:183} INFO - Processing /opt/airflow/dags/ocr_pipeline_dag.py took 1.325 seconds
[2025-11-10T08:57:56.463-0500] {processor.py:161} INFO - Started process (PID=4412) to work on /opt/airflow/dags/ocr_pipeline_dag.py
[2025-11-10T08:57:56.464-0500] {processor.py:830} INFO - Processing file /opt/airflow/dags/ocr_pipeline_dag.py for tasks to queue
[2025-11-10T08:57:56.465-0500] {logging_mixin.py:188} INFO - [2025-11-10T08:57:56.465-0500] {dagbag.py:545} INFO - Filling up the DagBag from /opt/airflow/dags/ocr_pipeline_dag.py
[2025-11-10T08:57:56.482-0500] {logging_mixin.py:188} INFO - 📂 Using project root: /opt/project
[2025-11-10T08:57:56.644-0500] {logging_mixin.py:188} INFO - [2025-11-10T08:57:56.644-0500] {credentials.py:1278} INFO - Found credentials in shared credentials file: ~/.aws/credentials
[2025-11-10T08:57:57.391-0500] {processor.py:840} INFO - DAG(s) 'ocr_pipeline_dag' retrieved from /opt/airflow/dags/ocr_pipeline_dag.py
[2025-11-10T08:57:57.431-0500] {logging_mixin.py:188} INFO - [2025-11-10T08:57:57.431-0500] {dag.py:3089} INFO - Sync 1 DAGs
[2025-11-10T08:57:57.448-0500] {logging_mixin.py:188} INFO - [2025-11-10T08:57:57.447-0500] {dag.py:3947} INFO - Setting next_dagrun for ocr_pipeline_dag to None, run_after=None
[2025-11-10T08:57:57.476-0500] {processor.py:183} INFO - Processing /opt/airflow/dags/ocr_pipeline_dag.py took 1.020 seconds
[2025-11-10T08:58:28.041-0500] {processor.py:161} INFO - Started process (PID=4418) to work on /opt/airflow/dags/ocr_pipeline_dag.py
[2025-11-10T08:58:28.043-0500] {processor.py:830} INFO - Processing file /opt/airflow/dags/ocr_pipeline_dag.py for tasks to queue
[2025-11-10T08:58:28.045-0500] {logging_mixin.py:188} INFO - [2025-11-10T08:58:28.044-0500] {dagbag.py:545} INFO - Filling up the DagBag from /opt/airflow/dags/ocr_pipeline_dag.py
[2025-11-10T08:58:28.066-0500] {logging_mixin.py:188} INFO - 📂 Using project root: /opt/project
[2025-11-10T08:58:28.385-0500] {logging_mixin.py:188} INFO - [2025-11-10T08:58:28.385-0500] {credentials.py:1278} INFO - Found credentials in shared credentials file: ~/.aws/credentials
[2025-11-10T08:58:29.194-0500] {processor.py:840} INFO - DAG(s) 'ocr_pipeline_dag' retrieved from /opt/airflow/dags/ocr_pipeline_dag.py
[2025-11-10T08:58:29.252-0500] {logging_mixin.py:188} INFO - [2025-11-10T08:58:29.251-0500] {dag.py:3089} INFO - Sync 1 DAGs
[2025-11-10T08:58:29.268-0500] {logging_mixin.py:188} INFO - [2025-11-10T08:58:29.268-0500] {dag.py:3947} INFO - Setting next_dagrun for ocr_pipeline_dag to None, run_after=None
[2025-11-10T08:58:29.292-0500] {processor.py:183} INFO - Processing /opt/airflow/dags/ocr_pipeline_dag.py took 1.257 seconds
[2025-11-10T08:58:59.609-0500] {processor.py:161} INFO - Started process (PID=4424) to work on /opt/airflow/dags/ocr_pipeline_dag.py
[2025-11-10T08:58:59.611-0500] {processor.py:830} INFO - Processing file /opt/airflow/dags/ocr_pipeline_dag.py for tasks to queue
[2025-11-10T08:58:59.612-0500] {logging_mixin.py:188} INFO - [2025-11-10T08:58:59.612-0500] {dagbag.py:545} INFO - Filling up the DagBag from /opt/airflow/dags/ocr_pipeline_dag.py
[2025-11-10T08:58:59.636-0500] {logging_mixin.py:188} INFO - 📂 Using project root: /opt/project
[2025-11-10T08:58:59.849-0500] {logging_mixin.py:188} INFO - [2025-11-10T08:58:59.848-0500] {credentials.py:1278} INFO - Found credentials in shared credentials file: ~/.aws/credentials
[2025-11-10T08:59:00.666-0500] {processor.py:840} INFO - DAG(s) 'ocr_pipeline_dag' retrieved from /opt/airflow/dags/ocr_pipeline_dag.py
[2025-11-10T08:59:00.693-0500] {logging_mixin.py:188} INFO - [2025-11-10T08:59:00.693-0500] {dag.py:3089} INFO - Sync 1 DAGs
[2025-11-10T08:59:00.706-0500] {logging_mixin.py:188} INFO - [2025-11-10T08:59:00.706-0500] {dag.py:3947} INFO - Setting next_dagrun for ocr_pipeline_dag to None, run_after=None
[2025-11-10T08:59:00.727-0500] {processor.py:183} INFO - Processing /opt/airflow/dags/ocr_pipeline_dag.py took 1.129 seconds
[2025-11-10T08:59:31.217-0500] {processor.py:161} INFO - Started process (PID=4430) to work on /opt/airflow/dags/ocr_pipeline_dag.py
[2025-11-10T08:59:31.218-0500] {processor.py:830} INFO - Processing file /opt/airflow/dags/ocr_pipeline_dag.py for tasks to queue
[2025-11-10T08:59:31.219-0500] {logging_mixin.py:188} INFO - [2025-11-10T08:59:31.219-0500] {dagbag.py:545} INFO - Filling up the DagBag from /opt/airflow/dags/ocr_pipeline_dag.py
[2025-11-10T08:59:31.237-0500] {logging_mixin.py:188} INFO - 📂 Using project root: /opt/project
[2025-11-10T08:59:31.420-0500] {logging_mixin.py:188} INFO - [2025-11-10T08:59:31.420-0500] {credentials.py:1278} INFO - Found credentials in shared credentials file: ~/.aws/credentials
[2025-11-10T08:59:32.142-0500] {processor.py:840} INFO - DAG(s) 'ocr_pipeline_dag' retrieved from /opt/airflow/dags/ocr_pipeline_dag.py
[2025-11-10T08:59:32.173-0500] {logging_mixin.py:188} INFO - [2025-11-10T08:59:32.172-0500] {dag.py:3089} INFO - Sync 1 DAGs
[2025-11-10T08:59:32.186-0500] {logging_mixin.py:188} INFO - [2025-11-10T08:59:32.185-0500] {dag.py:3947} INFO - Setting next_dagrun for ocr_pipeline_dag to None, run_after=None
[2025-11-10T08:59:32.209-0500] {processor.py:183} INFO - Processing /opt/airflow/dags/ocr_pipeline_dag.py took 0.999 seconds
[2025-11-10T09:00:02.754-0500] {processor.py:161} INFO - Started process (PID=4436) to work on /opt/airflow/dags/ocr_pipeline_dag.py
[2025-11-10T09:00:02.755-0500] {processor.py:830} INFO - Processing file /opt/airflow/dags/ocr_pipeline_dag.py for tasks to queue
[2025-11-10T09:00:02.756-0500] {logging_mixin.py:188} INFO - [2025-11-10T09:00:02.756-0500] {dagbag.py:545} INFO - Filling up the DagBag from /opt/airflow/dags/ocr_pipeline_dag.py
[2025-11-10T09:00:02.775-0500] {logging_mixin.py:188} INFO - 📂 Using project root: /opt/project
[2025-11-10T09:00:02.928-0500] {logging_mixin.py:188} INFO - [2025-11-10T09:00:02.928-0500] {credentials.py:1278} INFO - Found credentials in shared credentials file: ~/.aws/credentials
[2025-11-10T09:00:03.566-0500] {processor.py:840} INFO - DAG(s) 'ocr_pipeline_dag' retrieved from /opt/airflow/dags/ocr_pipeline_dag.py
[2025-11-10T09:00:03.593-0500] {logging_mixin.py:188} INFO - [2025-11-10T09:00:03.593-0500] {dag.py:3089} INFO - Sync 1 DAGs
[2025-11-10T09:00:03.609-0500] {logging_mixin.py:188} INFO - [2025-11-10T09:00:03.609-0500] {dag.py:3947} INFO - Setting next_dagrun for ocr_pipeline_dag to None, run_after=None
[2025-11-10T09:00:03.643-0500] {processor.py:183} INFO - Processing /opt/airflow/dags/ocr_pipeline_dag.py took 0.896 seconds
[2025-11-10T09:00:34.247-0500] {processor.py:161} INFO - Started process (PID=4442) to work on /opt/airflow/dags/ocr_pipeline_dag.py
[2025-11-10T09:00:34.248-0500] {processor.py:830} INFO - Processing file /opt/airflow/dags/ocr_pipeline_dag.py for tasks to queue
[2025-11-10T09:00:34.250-0500] {logging_mixin.py:188} INFO - [2025-11-10T09:00:34.249-0500] {dagbag.py:545} INFO - Filling up the DagBag from /opt/airflow/dags/ocr_pipeline_dag.py
[2025-11-10T09:00:34.268-0500] {logging_mixin.py:188} INFO - 📂 Using project root: /opt/project
[2025-11-10T09:00:34.468-0500] {logging_mixin.py:188} INFO - [2025-11-10T09:00:34.468-0500] {credentials.py:1278} INFO - Found credentials in shared credentials file: ~/.aws/credentials
[2025-11-10T09:00:35.225-0500] {processor.py:840} INFO - DAG(s) 'ocr_pipeline_dag' retrieved from /opt/airflow/dags/ocr_pipeline_dag.py
[2025-11-10T09:00:35.252-0500] {logging_mixin.py:188} INFO - [2025-11-10T09:00:35.252-0500] {dag.py:3089} INFO - Sync 1 DAGs
[2025-11-10T09:00:35.264-0500] {logging_mixin.py:188} INFO - [2025-11-10T09:00:35.264-0500] {dag.py:3947} INFO - Setting next_dagrun for ocr_pipeline_dag to None, run_after=None
[2025-11-10T09:00:35.286-0500] {processor.py:183} INFO - Processing /opt/airflow/dags/ocr_pipeline_dag.py took 1.048 seconds
[2025-11-10T09:01:05.786-0500] {processor.py:161} INFO - Started process (PID=4448) to work on /opt/airflow/dags/ocr_pipeline_dag.py
[2025-11-10T09:01:05.788-0500] {processor.py:830} INFO - Processing file /opt/airflow/dags/ocr_pipeline_dag.py for tasks to queue
[2025-11-10T09:01:05.789-0500] {logging_mixin.py:188} INFO - [2025-11-10T09:01:05.789-0500] {dagbag.py:545} INFO - Filling up the DagBag from /opt/airflow/dags/ocr_pipeline_dag.py
[2025-11-10T09:01:05.809-0500] {logging_mixin.py:188} INFO - 📂 Using project root: /opt/project
[2025-11-10T09:01:05.973-0500] {logging_mixin.py:188} INFO - [2025-11-10T09:01:05.973-0500] {credentials.py:1278} INFO - Found credentials in shared credentials file: ~/.aws/credentials
[2025-11-10T09:01:06.666-0500] {processor.py:840} INFO - DAG(s) 'ocr_pipeline_dag' retrieved from /opt/airflow/dags/ocr_pipeline_dag.py
[2025-11-10T09:01:06.693-0500] {logging_mixin.py:188} INFO - [2025-11-10T09:01:06.693-0500] {dag.py:3089} INFO - Sync 1 DAGs
[2025-11-10T09:01:06.706-0500] {logging_mixin.py:188} INFO - [2025-11-10T09:01:06.705-0500] {dag.py:3947} INFO - Setting next_dagrun for ocr_pipeline_dag to None, run_after=None
[2025-11-10T09:01:06.728-0500] {processor.py:183} INFO - Processing /opt/airflow/dags/ocr_pipeline_dag.py took 0.949 seconds
[2025-11-10T09:01:37.378-0500] {processor.py:161} INFO - Started process (PID=4454) to work on /opt/airflow/dags/ocr_pipeline_dag.py
[2025-11-10T09:01:37.380-0500] {processor.py:830} INFO - Processing file /opt/airflow/dags/ocr_pipeline_dag.py for tasks to queue
[2025-11-10T09:01:37.383-0500] {logging_mixin.py:188} INFO - [2025-11-10T09:01:37.382-0500] {dagbag.py:545} INFO - Filling up the DagBag from /opt/airflow/dags/ocr_pipeline_dag.py
[2025-11-10T09:01:37.409-0500] {logging_mixin.py:188} INFO - 📂 Using project root: /opt/project
[2025-11-10T09:01:37.705-0500] {logging_mixin.py:188} INFO - [2025-11-10T09:01:37.705-0500] {credentials.py:1278} INFO - Found credentials in shared credentials file: ~/.aws/credentials
[2025-11-10T09:01:38.901-0500] {processor.py:840} INFO - DAG(s) 'ocr_pipeline_dag' retrieved from /opt/airflow/dags/ocr_pipeline_dag.py
[2025-11-10T09:01:38.939-0500] {logging_mixin.py:188} INFO - [2025-11-10T09:01:38.939-0500] {dag.py:3089} INFO - Sync 1 DAGs
[2025-11-10T09:01:38.955-0500] {logging_mixin.py:188} INFO - [2025-11-10T09:01:38.955-0500] {dag.py:3947} INFO - Setting next_dagrun for ocr_pipeline_dag to None, run_after=None
[2025-11-10T09:01:38.978-0500] {processor.py:183} INFO - Processing /opt/airflow/dags/ocr_pipeline_dag.py took 1.616 seconds
[2025-11-10T09:02:09.554-0500] {processor.py:161} INFO - Started process (PID=4460) to work on /opt/airflow/dags/ocr_pipeline_dag.py
[2025-11-10T09:02:09.555-0500] {processor.py:830} INFO - Processing file /opt/airflow/dags/ocr_pipeline_dag.py for tasks to queue
[2025-11-10T09:02:09.557-0500] {logging_mixin.py:188} INFO - [2025-11-10T09:02:09.556-0500] {dagbag.py:545} INFO - Filling up the DagBag from /opt/airflow/dags/ocr_pipeline_dag.py
[2025-11-10T09:02:09.574-0500] {logging_mixin.py:188} INFO - 📂 Using project root: /opt/project
[2025-11-10T09:02:09.731-0500] {logging_mixin.py:188} INFO - [2025-11-10T09:02:09.731-0500] {credentials.py:1278} INFO - Found credentials in shared credentials file: ~/.aws/credentials
[2025-11-10T09:02:10.501-0500] {processor.py:840} INFO - DAG(s) 'ocr_pipeline_dag' retrieved from /opt/airflow/dags/ocr_pipeline_dag.py
[2025-11-10T09:02:10.542-0500] {logging_mixin.py:188} INFO - [2025-11-10T09:02:10.541-0500] {dag.py:3089} INFO - Sync 1 DAGs
[2025-11-10T09:02:10.558-0500] {logging_mixin.py:188} INFO - [2025-11-10T09:02:10.558-0500] {dag.py:3947} INFO - Setting next_dagrun for ocr_pipeline_dag to None, run_after=None
[2025-11-10T09:02:10.594-0500] {processor.py:183} INFO - Processing /opt/airflow/dags/ocr_pipeline_dag.py took 1.048 seconds
[2025-11-10T09:02:41.113-0500] {processor.py:161} INFO - Started process (PID=4466) to work on /opt/airflow/dags/ocr_pipeline_dag.py
[2025-11-10T09:02:41.117-0500] {processor.py:830} INFO - Processing file /opt/airflow/dags/ocr_pipeline_dag.py for tasks to queue
[2025-11-10T09:02:41.121-0500] {logging_mixin.py:188} INFO - [2025-11-10T09:02:41.120-0500] {dagbag.py:545} INFO - Filling up the DagBag from /opt/airflow/dags/ocr_pipeline_dag.py
[2025-11-10T09:02:41.156-0500] {logging_mixin.py:188} INFO - 📂 Using project root: /opt/project
[2025-11-10T09:02:41.483-0500] {logging_mixin.py:188} INFO - [2025-11-10T09:02:41.483-0500] {credentials.py:1278} INFO - Found credentials in shared credentials file: ~/.aws/credentials
[2025-11-10T09:02:42.402-0500] {processor.py:840} INFO - DAG(s) 'ocr_pipeline_dag' retrieved from /opt/airflow/dags/ocr_pipeline_dag.py
[2025-11-10T09:02:42.434-0500] {logging_mixin.py:188} INFO - [2025-11-10T09:02:42.434-0500] {dag.py:3089} INFO - Sync 1 DAGs
[2025-11-10T09:02:42.448-0500] {logging_mixin.py:188} INFO - [2025-11-10T09:02:42.448-0500] {dag.py:3947} INFO - Setting next_dagrun for ocr_pipeline_dag to None, run_after=None
[2025-11-10T09:02:42.577-0500] {processor.py:183} INFO - Processing /opt/airflow/dags/ocr_pipeline_dag.py took 1.483 seconds
[2025-11-10T09:03:13.148-0500] {processor.py:161} INFO - Started process (PID=4472) to work on /opt/airflow/dags/ocr_pipeline_dag.py
[2025-11-10T09:03:13.150-0500] {processor.py:830} INFO - Processing file /opt/airflow/dags/ocr_pipeline_dag.py for tasks to queue
[2025-11-10T09:03:13.151-0500] {logging_mixin.py:188} INFO - [2025-11-10T09:03:13.151-0500] {dagbag.py:545} INFO - Filling up the DagBag from /opt/airflow/dags/ocr_pipeline_dag.py
[2025-11-10T09:03:13.171-0500] {logging_mixin.py:188} INFO - 📂 Using project root: /opt/project
[2025-11-10T09:03:13.357-0500] {logging_mixin.py:188} INFO - [2025-11-10T09:03:13.357-0500] {credentials.py:1278} INFO - Found credentials in shared credentials file: ~/.aws/credentials
[2025-11-10T09:03:14.117-0500] {processor.py:840} INFO - DAG(s) 'ocr_pipeline_dag' retrieved from /opt/airflow/dags/ocr_pipeline_dag.py
[2025-11-10T09:03:14.147-0500] {logging_mixin.py:188} INFO - [2025-11-10T09:03:14.146-0500] {dag.py:3089} INFO - Sync 1 DAGs
[2025-11-10T09:03:14.160-0500] {logging_mixin.py:188} INFO - [2025-11-10T09:03:14.160-0500] {dag.py:3947} INFO - Setting next_dagrun for ocr_pipeline_dag to None, run_after=None
[2025-11-10T09:03:14.185-0500] {processor.py:183} INFO - Processing /opt/airflow/dags/ocr_pipeline_dag.py took 1.048 seconds
[2025-11-10T09:03:44.713-0500] {processor.py:161} INFO - Started process (PID=4478) to work on /opt/airflow/dags/ocr_pipeline_dag.py
[2025-11-10T09:03:44.714-0500] {processor.py:830} INFO - Processing file /opt/airflow/dags/ocr_pipeline_dag.py for tasks to queue
[2025-11-10T09:03:44.715-0500] {logging_mixin.py:188} INFO - [2025-11-10T09:03:44.715-0500] {dagbag.py:545} INFO - Filling up the DagBag from /opt/airflow/dags/ocr_pipeline_dag.py
[2025-11-10T09:03:44.736-0500] {logging_mixin.py:188} INFO - 📂 Using project root: /opt/project
[2025-11-10T09:03:44.926-0500] {logging_mixin.py:188} INFO - [2025-11-10T09:03:44.925-0500] {credentials.py:1278} INFO - Found credentials in shared credentials file: ~/.aws/credentials
[2025-11-10T09:03:45.664-0500] {processor.py:840} INFO - DAG(s) 'ocr_pipeline_dag' retrieved from /opt/airflow/dags/ocr_pipeline_dag.py
[2025-11-10T09:03:45.695-0500] {logging_mixin.py:188} INFO - [2025-11-10T09:03:45.694-0500] {dag.py:3089} INFO - Sync 1 DAGs
[2025-11-10T09:03:45.711-0500] {logging_mixin.py:188} INFO - [2025-11-10T09:03:45.711-0500] {dag.py:3947} INFO - Setting next_dagrun for ocr_pipeline_dag to None, run_after=None
[2025-11-10T09:03:45.735-0500] {processor.py:183} INFO - Processing /opt/airflow/dags/ocr_pipeline_dag.py took 1.039 seconds
[2025-11-10T09:04:16.261-0500] {processor.py:161} INFO - Started process (PID=4484) to work on /opt/airflow/dags/ocr_pipeline_dag.py
[2025-11-10T09:04:16.262-0500] {processor.py:830} INFO - Processing file /opt/airflow/dags/ocr_pipeline_dag.py for tasks to queue
[2025-11-10T09:04:16.263-0500] {logging_mixin.py:188} INFO - [2025-11-10T09:04:16.263-0500] {dagbag.py:545} INFO - Filling up the DagBag from /opt/airflow/dags/ocr_pipeline_dag.py
[2025-11-10T09:04:16.280-0500] {logging_mixin.py:188} INFO - 📂 Using project root: /opt/project
[2025-11-10T09:04:16.541-0500] {logging_mixin.py:188} INFO - [2025-11-10T09:04:16.541-0500] {credentials.py:1278} INFO - Found credentials in shared credentials file: ~/.aws/credentials
[2025-11-10T09:04:17.219-0500] {processor.py:840} INFO - DAG(s) 'ocr_pipeline_dag' retrieved from /opt/airflow/dags/ocr_pipeline_dag.py
[2025-11-10T09:04:17.255-0500] {logging_mixin.py:188} INFO - [2025-11-10T09:04:17.254-0500] {dag.py:3089} INFO - Sync 1 DAGs
[2025-11-10T09:04:17.312-0500] {logging_mixin.py:188} INFO - [2025-11-10T09:04:17.312-0500] {dag.py:3947} INFO - Setting next_dagrun for ocr_pipeline_dag to None, run_after=None
[2025-11-10T09:04:17.419-0500] {processor.py:183} INFO - Processing /opt/airflow/dags/ocr_pipeline_dag.py took 1.164 seconds
[2025-11-10T09:04:47.965-0500] {processor.py:161} INFO - Started process (PID=4490) to work on /opt/airflow/dags/ocr_pipeline_dag.py
[2025-11-10T09:04:47.966-0500] {processor.py:830} INFO - Processing file /opt/airflow/dags/ocr_pipeline_dag.py for tasks to queue
[2025-11-10T09:04:47.968-0500] {logging_mixin.py:188} INFO - [2025-11-10T09:04:47.967-0500] {dagbag.py:545} INFO - Filling up the DagBag from /opt/airflow/dags/ocr_pipeline_dag.py
[2025-11-10T09:04:47.984-0500] {logging_mixin.py:188} INFO - 📂 Using project root: /opt/project
[2025-11-10T09:04:48.231-0500] {logging_mixin.py:188} INFO - [2025-11-10T09:04:48.230-0500] {credentials.py:1278} INFO - Found credentials in shared credentials file: ~/.aws/credentials
[2025-11-10T09:04:49.016-0500] {processor.py:840} INFO - DAG(s) 'ocr_pipeline_dag' retrieved from /opt/airflow/dags/ocr_pipeline_dag.py
[2025-11-10T09:04:49.052-0500] {logging_mixin.py:188} INFO - [2025-11-10T09:04:49.052-0500] {dag.py:3089} INFO - Sync 1 DAGs
[2025-11-10T09:04:49.067-0500] {logging_mixin.py:188} INFO - [2025-11-10T09:04:49.066-0500] {dag.py:3947} INFO - Setting next_dagrun for ocr_pipeline_dag to None, run_after=None
[2025-11-10T09:04:49.093-0500] {processor.py:183} INFO - Processing /opt/airflow/dags/ocr_pipeline_dag.py took 1.249 seconds
[2025-11-10T09:05:19.507-0500] {processor.py:161} INFO - Started process (PID=4496) to work on /opt/airflow/dags/ocr_pipeline_dag.py
[2025-11-10T09:05:19.509-0500] {processor.py:830} INFO - Processing file /opt/airflow/dags/ocr_pipeline_dag.py for tasks to queue
[2025-11-10T09:05:19.511-0500] {logging_mixin.py:188} INFO - [2025-11-10T09:05:19.510-0500] {dagbag.py:545} INFO - Filling up the DagBag from /opt/airflow/dags/ocr_pipeline_dag.py
[2025-11-10T09:05:19.530-0500] {logging_mixin.py:188} INFO - 📂 Using project root: /opt/project
[2025-11-10T09:05:19.690-0500] {logging_mixin.py:188} INFO - [2025-11-10T09:05:19.689-0500] {credentials.py:1278} INFO - Found credentials in shared credentials file: ~/.aws/credentials
[2025-11-10T09:05:20.345-0500] {processor.py:840} INFO - DAG(s) 'ocr_pipeline_dag' retrieved from /opt/airflow/dags/ocr_pipeline_dag.py
[2025-11-10T09:05:20.378-0500] {logging_mixin.py:188} INFO - [2025-11-10T09:05:20.378-0500] {dag.py:3089} INFO - Sync 1 DAGs
[2025-11-10T09:05:20.399-0500] {logging_mixin.py:188} INFO - [2025-11-10T09:05:20.398-0500] {dag.py:3947} INFO - Setting next_dagrun for ocr_pipeline_dag to None, run_after=None
[2025-11-10T09:05:20.430-0500] {processor.py:183} INFO - Processing /opt/airflow/dags/ocr_pipeline_dag.py took 0.935 seconds
[2025-11-10T09:05:51.008-0500] {processor.py:161} INFO - Started process (PID=4502) to work on /opt/airflow/dags/ocr_pipeline_dag.py
[2025-11-10T09:05:51.010-0500] {processor.py:830} INFO - Processing file /opt/airflow/dags/ocr_pipeline_dag.py for tasks to queue
[2025-11-10T09:05:51.012-0500] {logging_mixin.py:188} INFO - [2025-11-10T09:05:51.011-0500] {dagbag.py:545} INFO - Filling up the DagBag from /opt/airflow/dags/ocr_pipeline_dag.py
[2025-11-10T09:05:51.030-0500] {logging_mixin.py:188} INFO - 📂 Using project root: /opt/project
[2025-11-10T09:05:51.256-0500] {logging_mixin.py:188} INFO - [2025-11-10T09:05:51.255-0500] {credentials.py:1278} INFO - Found credentials in shared credentials file: ~/.aws/credentials
[2025-11-10T09:05:52.240-0500] {processor.py:840} INFO - DAG(s) 'ocr_pipeline_dag' retrieved from /opt/airflow/dags/ocr_pipeline_dag.py
[2025-11-10T09:05:52.270-0500] {logging_mixin.py:188} INFO - [2025-11-10T09:05:52.269-0500] {dag.py:3089} INFO - Sync 1 DAGs
[2025-11-10T09:05:52.282-0500] {logging_mixin.py:188} INFO - [2025-11-10T09:05:52.282-0500] {dag.py:3947} INFO - Setting next_dagrun for ocr_pipeline_dag to None, run_after=None
[2025-11-10T09:05:52.306-0500] {processor.py:183} INFO - Processing /opt/airflow/dags/ocr_pipeline_dag.py took 1.125 seconds
[2025-11-10T09:06:22.878-0500] {processor.py:161} INFO - Started process (PID=4508) to work on /opt/airflow/dags/ocr_pipeline_dag.py
[2025-11-10T09:06:22.880-0500] {processor.py:830} INFO - Processing file /opt/airflow/dags/ocr_pipeline_dag.py for tasks to queue
[2025-11-10T09:06:22.881-0500] {logging_mixin.py:188} INFO - [2025-11-10T09:06:22.881-0500] {dagbag.py:545} INFO - Filling up the DagBag from /opt/airflow/dags/ocr_pipeline_dag.py
[2025-11-10T09:06:22.904-0500] {logging_mixin.py:188} INFO - 📂 Using project root: /opt/project
[2025-11-10T09:06:23.107-0500] {logging_mixin.py:188} INFO - [2025-11-10T09:06:23.106-0500] {credentials.py:1278} INFO - Found credentials in shared credentials file: ~/.aws/credentials
[2025-11-10T09:06:23.876-0500] {processor.py:840} INFO - DAG(s) 'ocr_pipeline_dag' retrieved from /opt/airflow/dags/ocr_pipeline_dag.py
[2025-11-10T09:06:23.905-0500] {logging_mixin.py:188} INFO - [2025-11-10T09:06:23.905-0500] {dag.py:3089} INFO - Sync 1 DAGs
[2025-11-10T09:06:23.918-0500] {logging_mixin.py:188} INFO - [2025-11-10T09:06:23.918-0500] {dag.py:3947} INFO - Setting next_dagrun for ocr_pipeline_dag to None, run_after=None
[2025-11-10T09:06:23.945-0500] {processor.py:183} INFO - Processing /opt/airflow/dags/ocr_pipeline_dag.py took 1.075 seconds
[2025-11-10T09:06:54.464-0500] {processor.py:161} INFO - Started process (PID=4514) to work on /opt/airflow/dags/ocr_pipeline_dag.py
[2025-11-10T09:06:54.467-0500] {processor.py:830} INFO - Processing file /opt/airflow/dags/ocr_pipeline_dag.py for tasks to queue
[2025-11-10T09:06:54.469-0500] {logging_mixin.py:188} INFO - [2025-11-10T09:06:54.468-0500] {dagbag.py:545} INFO - Filling up the DagBag from /opt/airflow/dags/ocr_pipeline_dag.py
[2025-11-10T09:06:54.497-0500] {logging_mixin.py:188} INFO - 📂 Using project root: /opt/project
[2025-11-10T09:06:54.805-0500] {logging_mixin.py:188} INFO - [2025-11-10T09:06:54.805-0500] {credentials.py:1278} INFO - Found credentials in shared credentials file: ~/.aws/credentials
[2025-11-10T09:06:55.752-0500] {processor.py:840} INFO - DAG(s) 'ocr_pipeline_dag' retrieved from /opt/airflow/dags/ocr_pipeline_dag.py
[2025-11-10T09:06:55.806-0500] {logging_mixin.py:188} INFO - [2025-11-10T09:06:55.805-0500] {dag.py:3089} INFO - Sync 1 DAGs
[2025-11-10T09:06:55.822-0500] {logging_mixin.py:188} INFO - [2025-11-10T09:06:55.822-0500] {dag.py:3947} INFO - Setting next_dagrun for ocr_pipeline_dag to None, run_after=None
[2025-11-10T09:06:55.964-0500] {processor.py:183} INFO - Processing /opt/airflow/dags/ocr_pipeline_dag.py took 1.515 seconds
[2025-11-10T09:07:26.550-0500] {processor.py:161} INFO - Started process (PID=4520) to work on /opt/airflow/dags/ocr_pipeline_dag.py
[2025-11-10T09:07:26.552-0500] {processor.py:830} INFO - Processing file /opt/airflow/dags/ocr_pipeline_dag.py for tasks to queue
[2025-11-10T09:07:26.554-0500] {logging_mixin.py:188} INFO - [2025-11-10T09:07:26.553-0500] {dagbag.py:545} INFO - Filling up the DagBag from /opt/airflow/dags/ocr_pipeline_dag.py
[2025-11-10T09:07:26.570-0500] {logging_mixin.py:188} INFO - 📂 Using project root: /opt/project
[2025-11-10T09:07:26.725-0500] {logging_mixin.py:188} INFO - [2025-11-10T09:07:26.724-0500] {credentials.py:1278} INFO - Found credentials in shared credentials file: ~/.aws/credentials
[2025-11-10T09:07:27.512-0500] {processor.py:840} INFO - DAG(s) 'ocr_pipeline_dag' retrieved from /opt/airflow/dags/ocr_pipeline_dag.py
[2025-11-10T09:07:27.538-0500] {logging_mixin.py:188} INFO - [2025-11-10T09:07:27.538-0500] {dag.py:3089} INFO - Sync 1 DAGs
[2025-11-10T09:07:27.559-0500] {logging_mixin.py:188} INFO - [2025-11-10T09:07:27.558-0500] {dag.py:3947} INFO - Setting next_dagrun for ocr_pipeline_dag to None, run_after=None
[2025-11-10T09:07:27.598-0500] {processor.py:183} INFO - Processing /opt/airflow/dags/ocr_pipeline_dag.py took 1.054 seconds
[2025-11-10T09:07:58.153-0500] {processor.py:161} INFO - Started process (PID=4526) to work on /opt/airflow/dags/ocr_pipeline_dag.py
[2025-11-10T09:07:58.155-0500] {processor.py:830} INFO - Processing file /opt/airflow/dags/ocr_pipeline_dag.py for tasks to queue
[2025-11-10T09:07:58.157-0500] {logging_mixin.py:188} INFO - [2025-11-10T09:07:58.156-0500] {dagbag.py:545} INFO - Filling up the DagBag from /opt/airflow/dags/ocr_pipeline_dag.py
[2025-11-10T09:07:58.178-0500] {logging_mixin.py:188} INFO - 📂 Using project root: /opt/project
[2025-11-10T09:07:58.344-0500] {logging_mixin.py:188} INFO - [2025-11-10T09:07:58.343-0500] {credentials.py:1278} INFO - Found credentials in shared credentials file: ~/.aws/credentials
[2025-11-10T09:07:59.118-0500] {processor.py:840} INFO - DAG(s) 'ocr_pipeline_dag' retrieved from /opt/airflow/dags/ocr_pipeline_dag.py
[2025-11-10T09:07:59.154-0500] {logging_mixin.py:188} INFO - [2025-11-10T09:07:59.153-0500] {dag.py:3089} INFO - Sync 1 DAGs
[2025-11-10T09:07:59.170-0500] {logging_mixin.py:188} INFO - [2025-11-10T09:07:59.169-0500] {dag.py:3947} INFO - Setting next_dagrun for ocr_pipeline_dag to None, run_after=None
[2025-11-10T09:07:59.189-0500] {processor.py:183} INFO - Processing /opt/airflow/dags/ocr_pipeline_dag.py took 1.049 seconds
[2025-11-10T09:08:29.683-0500] {processor.py:161} INFO - Started process (PID=4532) to work on /opt/airflow/dags/ocr_pipeline_dag.py
[2025-11-10T09:08:29.685-0500] {processor.py:830} INFO - Processing file /opt/airflow/dags/ocr_pipeline_dag.py for tasks to queue
[2025-11-10T09:08:29.686-0500] {logging_mixin.py:188} INFO - [2025-11-10T09:08:29.686-0500] {dagbag.py:545} INFO - Filling up the DagBag from /opt/airflow/dags/ocr_pipeline_dag.py
[2025-11-10T09:08:29.704-0500] {logging_mixin.py:188} INFO - 📂 Using project root: /opt/project
[2025-11-10T09:08:29.872-0500] {logging_mixin.py:188} INFO - [2025-11-10T09:08:29.871-0500] {credentials.py:1278} INFO - Found credentials in shared credentials file: ~/.aws/credentials
[2025-11-10T09:08:30.551-0500] {processor.py:840} INFO - DAG(s) 'ocr_pipeline_dag' retrieved from /opt/airflow/dags/ocr_pipeline_dag.py
[2025-11-10T09:08:30.580-0500] {logging_mixin.py:188} INFO - [2025-11-10T09:08:30.580-0500] {dag.py:3089} INFO - Sync 1 DAGs
[2025-11-10T09:08:30.592-0500] {logging_mixin.py:188} INFO - [2025-11-10T09:08:30.592-0500] {dag.py:3947} INFO - Setting next_dagrun for ocr_pipeline_dag to None, run_after=None
[2025-11-10T09:08:30.614-0500] {processor.py:183} INFO - Processing /opt/airflow/dags/ocr_pipeline_dag.py took 0.938 seconds
[2025-11-10T09:09:01.328-0500] {processor.py:161} INFO - Started process (PID=4538) to work on /opt/airflow/dags/ocr_pipeline_dag.py
[2025-11-10T09:09:01.329-0500] {processor.py:830} INFO - Processing file /opt/airflow/dags/ocr_pipeline_dag.py for tasks to queue
[2025-11-10T09:09:01.330-0500] {logging_mixin.py:188} INFO - [2025-11-10T09:09:01.330-0500] {dagbag.py:545} INFO - Filling up the DagBag from /opt/airflow/dags/ocr_pipeline_dag.py
[2025-11-10T09:09:01.348-0500] {logging_mixin.py:188} INFO - 📂 Using project root: /opt/project
[2025-11-10T09:09:01.500-0500] {logging_mixin.py:188} INFO - [2025-11-10T09:09:01.500-0500] {credentials.py:1278} INFO - Found credentials in shared credentials file: ~/.aws/credentials
[2025-11-10T09:09:02.212-0500] {processor.py:840} INFO - DAG(s) 'ocr_pipeline_dag' retrieved from /opt/airflow/dags/ocr_pipeline_dag.py
[2025-11-10T09:09:02.248-0500] {logging_mixin.py:188} INFO - [2025-11-10T09:09:02.247-0500] {dag.py:3089} INFO - Sync 1 DAGs
[2025-11-10T09:09:02.264-0500] {logging_mixin.py:188} INFO - [2025-11-10T09:09:02.264-0500] {dag.py:3947} INFO - Setting next_dagrun for ocr_pipeline_dag to None, run_after=None
[2025-11-10T09:09:02.304-0500] {processor.py:183} INFO - Processing /opt/airflow/dags/ocr_pipeline_dag.py took 0.982 seconds
[2025-11-10T09:09:32.958-0500] {processor.py:161} INFO - Started process (PID=4544) to work on /opt/airflow/dags/ocr_pipeline_dag.py
[2025-11-10T09:09:32.959-0500] {processor.py:830} INFO - Processing file /opt/airflow/dags/ocr_pipeline_dag.py for tasks to queue
[2025-11-10T09:09:32.961-0500] {logging_mixin.py:188} INFO - [2025-11-10T09:09:32.960-0500] {dagbag.py:545} INFO - Filling up the DagBag from /opt/airflow/dags/ocr_pipeline_dag.py
[2025-11-10T09:09:32.980-0500] {logging_mixin.py:188} INFO - 📂 Using project root: /opt/project
[2025-11-10T09:09:33.142-0500] {logging_mixin.py:188} INFO - [2025-11-10T09:09:33.141-0500] {credentials.py:1278} INFO - Found credentials in shared credentials file: ~/.aws/credentials
[2025-11-10T09:09:33.822-0500] {processor.py:840} INFO - DAG(s) 'ocr_pipeline_dag' retrieved from /opt/airflow/dags/ocr_pipeline_dag.py
[2025-11-10T09:09:33.855-0500] {logging_mixin.py:188} INFO - [2025-11-10T09:09:33.854-0500] {dag.py:3089} INFO - Sync 1 DAGs
[2025-11-10T09:09:33.866-0500] {logging_mixin.py:188} INFO - [2025-11-10T09:09:33.866-0500] {dag.py:3947} INFO - Setting next_dagrun for ocr_pipeline_dag to None, run_after=None
[2025-11-10T09:09:33.886-0500] {processor.py:183} INFO - Processing /opt/airflow/dags/ocr_pipeline_dag.py took 0.935 seconds
[2025-11-10T09:10:04.612-0500] {processor.py:161} INFO - Started process (PID=4550) to work on /opt/airflow/dags/ocr_pipeline_dag.py
[2025-11-10T09:10:04.613-0500] {processor.py:830} INFO - Processing file /opt/airflow/dags/ocr_pipeline_dag.py for tasks to queue
[2025-11-10T09:10:04.614-0500] {logging_mixin.py:188} INFO - [2025-11-10T09:10:04.614-0500] {dagbag.py:545} INFO - Filling up the DagBag from /opt/airflow/dags/ocr_pipeline_dag.py
[2025-11-10T09:10:04.633-0500] {logging_mixin.py:188} INFO - 📂 Using project root: /opt/project
[2025-11-10T09:10:04.791-0500] {logging_mixin.py:188} INFO - [2025-11-10T09:10:04.791-0500] {credentials.py:1278} INFO - Found credentials in shared credentials file: ~/.aws/credentials
[2025-11-10T09:10:05.461-0500] {processor.py:840} INFO - DAG(s) 'ocr_pipeline_dag' retrieved from /opt/airflow/dags/ocr_pipeline_dag.py
[2025-11-10T09:10:05.491-0500] {logging_mixin.py:188} INFO - [2025-11-10T09:10:05.491-0500] {dag.py:3089} INFO - Sync 1 DAGs
[2025-11-10T09:10:05.505-0500] {logging_mixin.py:188} INFO - [2025-11-10T09:10:05.505-0500] {dag.py:3947} INFO - Setting next_dagrun for ocr_pipeline_dag to None, run_after=None
[2025-11-10T09:10:05.542-0500] {processor.py:183} INFO - Processing /opt/airflow/dags/ocr_pipeline_dag.py took 0.937 seconds
[2025-11-10T09:10:36.319-0500] {processor.py:161} INFO - Started process (PID=4556) to work on /opt/airflow/dags/ocr_pipeline_dag.py
[2025-11-10T09:10:36.320-0500] {processor.py:830} INFO - Processing file /opt/airflow/dags/ocr_pipeline_dag.py for tasks to queue
[2025-11-10T09:10:36.322-0500] {logging_mixin.py:188} INFO - [2025-11-10T09:10:36.321-0500] {dagbag.py:545} INFO - Filling up the DagBag from /opt/airflow/dags/ocr_pipeline_dag.py
[2025-11-10T09:10:36.339-0500] {logging_mixin.py:188} INFO - 📂 Using project root: /opt/project
[2025-11-10T09:10:36.492-0500] {logging_mixin.py:188} INFO - [2025-11-10T09:10:36.491-0500] {credentials.py:1278} INFO - Found credentials in shared credentials file: ~/.aws/credentials
[2025-11-10T09:10:37.316-0500] {processor.py:840} INFO - DAG(s) 'ocr_pipeline_dag' retrieved from /opt/airflow/dags/ocr_pipeline_dag.py
[2025-11-10T09:10:37.343-0500] {logging_mixin.py:188} INFO - [2025-11-10T09:10:37.343-0500] {dag.py:3089} INFO - Sync 1 DAGs
[2025-11-10T09:10:37.356-0500] {logging_mixin.py:188} INFO - [2025-11-10T09:10:37.356-0500] {dag.py:3947} INFO - Setting next_dagrun for ocr_pipeline_dag to None, run_after=None
[2025-11-10T09:10:37.376-0500] {processor.py:183} INFO - Processing /opt/airflow/dags/ocr_pipeline_dag.py took 1.063 seconds
[2025-11-10T09:11:08.011-0500] {processor.py:161} INFO - Started process (PID=4562) to work on /opt/airflow/dags/ocr_pipeline_dag.py
[2025-11-10T09:11:08.012-0500] {processor.py:830} INFO - Processing file /opt/airflow/dags/ocr_pipeline_dag.py for tasks to queue
[2025-11-10T09:11:08.014-0500] {logging_mixin.py:188} INFO - [2025-11-10T09:11:08.013-0500] {dagbag.py:545} INFO - Filling up the DagBag from /opt/airflow/dags/ocr_pipeline_dag.py
[2025-11-10T09:11:08.032-0500] {logging_mixin.py:188} INFO - 📂 Using project root: /opt/project
[2025-11-10T09:11:08.253-0500] {logging_mixin.py:188} INFO - [2025-11-10T09:11:08.253-0500] {credentials.py:1278} INFO - Found credentials in shared credentials file: ~/.aws/credentials
[2025-11-10T09:11:09.076-0500] {processor.py:840} INFO - DAG(s) 'ocr_pipeline_dag' retrieved from /opt/airflow/dags/ocr_pipeline_dag.py
[2025-11-10T09:11:09.109-0500] {logging_mixin.py:188} INFO - [2025-11-10T09:11:09.108-0500] {dag.py:3089} INFO - Sync 1 DAGs
[2025-11-10T09:11:09.120-0500] {logging_mixin.py:188} INFO - [2025-11-10T09:11:09.120-0500] {dag.py:3947} INFO - Setting next_dagrun for ocr_pipeline_dag to None, run_after=None
[2025-11-10T09:11:09.141-0500] {processor.py:183} INFO - Processing /opt/airflow/dags/ocr_pipeline_dag.py took 1.137 seconds
[2025-11-10T09:11:39.666-0500] {processor.py:161} INFO - Started process (PID=4568) to work on /opt/airflow/dags/ocr_pipeline_dag.py
[2025-11-10T09:11:39.668-0500] {processor.py:830} INFO - Processing file /opt/airflow/dags/ocr_pipeline_dag.py for tasks to queue
[2025-11-10T09:11:39.669-0500] {logging_mixin.py:188} INFO - [2025-11-10T09:11:39.669-0500] {dagbag.py:545} INFO - Filling up the DagBag from /opt/airflow/dags/ocr_pipeline_dag.py
[2025-11-10T09:11:39.686-0500] {logging_mixin.py:188} INFO - 📂 Using project root: /opt/project
[2025-11-10T09:11:39.839-0500] {logging_mixin.py:188} INFO - [2025-11-10T09:11:39.838-0500] {credentials.py:1278} INFO - Found credentials in shared credentials file: ~/.aws/credentials
[2025-11-10T09:11:40.498-0500] {processor.py:840} INFO - DAG(s) 'ocr_pipeline_dag' retrieved from /opt/airflow/dags/ocr_pipeline_dag.py
[2025-11-10T09:11:40.524-0500] {logging_mixin.py:188} INFO - [2025-11-10T09:11:40.523-0500] {dag.py:3089} INFO - Sync 1 DAGs
[2025-11-10T09:11:40.535-0500] {logging_mixin.py:188} INFO - [2025-11-10T09:11:40.534-0500] {dag.py:3947} INFO - Setting next_dagrun for ocr_pipeline_dag to None, run_after=None
[2025-11-10T09:11:40.556-0500] {processor.py:183} INFO - Processing /opt/airflow/dags/ocr_pipeline_dag.py took 0.898 seconds
[2025-11-10T09:12:11.302-0500] {processor.py:161} INFO - Started process (PID=4574) to work on /opt/airflow/dags/ocr_pipeline_dag.py
[2025-11-10T09:12:11.303-0500] {processor.py:830} INFO - Processing file /opt/airflow/dags/ocr_pipeline_dag.py for tasks to queue
[2025-11-10T09:12:11.304-0500] {logging_mixin.py:188} INFO - [2025-11-10T09:12:11.304-0500] {dagbag.py:545} INFO - Filling up the DagBag from /opt/airflow/dags/ocr_pipeline_dag.py
[2025-11-10T09:12:11.323-0500] {logging_mixin.py:188} INFO - 📂 Using project root: /opt/project
[2025-11-10T09:12:11.490-0500] {logging_mixin.py:188} INFO - [2025-11-10T09:12:11.490-0500] {credentials.py:1278} INFO - Found credentials in shared credentials file: ~/.aws/credentials
[2025-11-10T09:12:12.201-0500] {processor.py:840} INFO - DAG(s) 'ocr_pipeline_dag' retrieved from /opt/airflow/dags/ocr_pipeline_dag.py
[2025-11-10T09:12:12.227-0500] {logging_mixin.py:188} INFO - [2025-11-10T09:12:12.227-0500] {dag.py:3089} INFO - Sync 1 DAGs
[2025-11-10T09:12:12.239-0500] {logging_mixin.py:188} INFO - [2025-11-10T09:12:12.239-0500] {dag.py:3947} INFO - Setting next_dagrun for ocr_pipeline_dag to None, run_after=None
[2025-11-10T09:12:12.277-0500] {processor.py:183} INFO - Processing /opt/airflow/dags/ocr_pipeline_dag.py took 0.981 seconds
[2025-11-10T09:12:42.930-0500] {processor.py:161} INFO - Started process (PID=4580) to work on /opt/airflow/dags/ocr_pipeline_dag.py
[2025-11-10T09:12:42.931-0500] {processor.py:830} INFO - Processing file /opt/airflow/dags/ocr_pipeline_dag.py for tasks to queue
[2025-11-10T09:12:42.933-0500] {logging_mixin.py:188} INFO - [2025-11-10T09:12:42.932-0500] {dagbag.py:545} INFO - Filling up the DagBag from /opt/airflow/dags/ocr_pipeline_dag.py
[2025-11-10T09:12:42.950-0500] {logging_mixin.py:188} INFO - 📂 Using project root: /opt/project
[2025-11-10T09:12:43.147-0500] {logging_mixin.py:188} INFO - [2025-11-10T09:12:43.147-0500] {credentials.py:1278} INFO - Found credentials in shared credentials file: ~/.aws/credentials
[2025-11-10T09:12:44.433-0500] {processor.py:840} INFO - DAG(s) 'ocr_pipeline_dag' retrieved from /opt/airflow/dags/ocr_pipeline_dag.py
[2025-11-10T09:12:44.483-0500] {logging_mixin.py:188} INFO - [2025-11-10T09:12:44.481-0500] {dag.py:3089} INFO - Sync 1 DAGs
[2025-11-10T09:12:44.508-0500] {logging_mixin.py:188} INFO - [2025-11-10T09:12:44.507-0500] {dag.py:3947} INFO - Setting next_dagrun for ocr_pipeline_dag to None, run_after=None
[2025-11-10T09:12:44.557-0500] {processor.py:183} INFO - Processing /opt/airflow/dags/ocr_pipeline_dag.py took 1.633 seconds
[2025-11-10T09:13:15.178-0500] {processor.py:161} INFO - Started process (PID=4586) to work on /opt/airflow/dags/ocr_pipeline_dag.py
[2025-11-10T09:13:15.180-0500] {processor.py:830} INFO - Processing file /opt/airflow/dags/ocr_pipeline_dag.py for tasks to queue
[2025-11-10T09:13:15.181-0500] {logging_mixin.py:188} INFO - [2025-11-10T09:13:15.181-0500] {dagbag.py:545} INFO - Filling up the DagBag from /opt/airflow/dags/ocr_pipeline_dag.py
[2025-11-10T09:13:15.196-0500] {logging_mixin.py:188} INFO - 📂 Using project root: /opt/project
[2025-11-10T09:13:15.360-0500] {logging_mixin.py:188} INFO - [2025-11-10T09:13:15.360-0500] {credentials.py:1278} INFO - Found credentials in shared credentials file: ~/.aws/credentials
[2025-11-10T09:13:16.032-0500] {processor.py:840} INFO - DAG(s) 'ocr_pipeline_dag' retrieved from /opt/airflow/dags/ocr_pipeline_dag.py
[2025-11-10T09:13:16.059-0500] {logging_mixin.py:188} INFO - [2025-11-10T09:13:16.059-0500] {dag.py:3089} INFO - Sync 1 DAGs
[2025-11-10T09:13:16.072-0500] {logging_mixin.py:188} INFO - [2025-11-10T09:13:16.072-0500] {dag.py:3947} INFO - Setting next_dagrun for ocr_pipeline_dag to None, run_after=None
[2025-11-10T09:13:16.091-0500] {processor.py:183} INFO - Processing /opt/airflow/dags/ocr_pipeline_dag.py took 0.920 seconds
[2025-11-10T09:13:46.702-0500] {processor.py:161} INFO - Started process (PID=4592) to work on /opt/airflow/dags/ocr_pipeline_dag.py
[2025-11-10T09:13:46.703-0500] {processor.py:830} INFO - Processing file /opt/airflow/dags/ocr_pipeline_dag.py for tasks to queue
[2025-11-10T09:13:46.705-0500] {logging_mixin.py:188} INFO - [2025-11-10T09:13:46.704-0500] {dagbag.py:545} INFO - Filling up the DagBag from /opt/airflow/dags/ocr_pipeline_dag.py
[2025-11-10T09:13:46.723-0500] {logging_mixin.py:188} INFO - 📂 Using project root: /opt/project
[2025-11-10T09:13:46.877-0500] {logging_mixin.py:188} INFO - [2025-11-10T09:13:46.877-0500] {credentials.py:1278} INFO - Found credentials in shared credentials file: ~/.aws/credentials
[2025-11-10T09:13:47.671-0500] {processor.py:840} INFO - DAG(s) 'ocr_pipeline_dag' retrieved from /opt/airflow/dags/ocr_pipeline_dag.py
[2025-11-10T09:13:47.700-0500] {logging_mixin.py:188} INFO - [2025-11-10T09:13:47.699-0500] {dag.py:3089} INFO - Sync 1 DAGs
[2025-11-10T09:13:47.711-0500] {logging_mixin.py:188} INFO - [2025-11-10T09:13:47.711-0500] {dag.py:3947} INFO - Setting next_dagrun for ocr_pipeline_dag to None, run_after=None
[2025-11-10T09:13:47.733-0500] {processor.py:183} INFO - Processing /opt/airflow/dags/ocr_pipeline_dag.py took 1.044 seconds
[2025-11-10T09:14:18.273-0500] {processor.py:161} INFO - Started process (PID=4598) to work on /opt/airflow/dags/ocr_pipeline_dag.py
[2025-11-10T09:14:18.275-0500] {processor.py:830} INFO - Processing file /opt/airflow/dags/ocr_pipeline_dag.py for tasks to queue
[2025-11-10T09:14:18.277-0500] {logging_mixin.py:188} INFO - [2025-11-10T09:14:18.277-0500] {dagbag.py:545} INFO - Filling up the DagBag from /opt/airflow/dags/ocr_pipeline_dag.py
[2025-11-10T09:14:18.309-0500] {logging_mixin.py:188} INFO - 📂 Using project root: /opt/project
[2025-11-10T09:14:18.497-0500] {logging_mixin.py:188} INFO - [2025-11-10T09:14:18.496-0500] {credentials.py:1278} INFO - Found credentials in shared credentials file: ~/.aws/credentials
[2025-11-10T09:14:19.348-0500] {processor.py:840} INFO - DAG(s) 'ocr_pipeline_dag' retrieved from /opt/airflow/dags/ocr_pipeline_dag.py
[2025-11-10T09:14:19.383-0500] {logging_mixin.py:188} INFO - [2025-11-10T09:14:19.383-0500] {dag.py:3089} INFO - Sync 1 DAGs
[2025-11-10T09:14:19.398-0500] {logging_mixin.py:188} INFO - [2025-11-10T09:14:19.398-0500] {dag.py:3947} INFO - Setting next_dagrun for ocr_pipeline_dag to None, run_after=None
[2025-11-10T09:14:19.420-0500] {processor.py:183} INFO - Processing /opt/airflow/dags/ocr_pipeline_dag.py took 1.158 seconds
[2025-11-10T09:14:49.837-0500] {processor.py:161} INFO - Started process (PID=4604) to work on /opt/airflow/dags/ocr_pipeline_dag.py
[2025-11-10T09:14:49.839-0500] {processor.py:830} INFO - Processing file /opt/airflow/dags/ocr_pipeline_dag.py for tasks to queue
[2025-11-10T09:14:49.840-0500] {logging_mixin.py:188} INFO - [2025-11-10T09:14:49.840-0500] {dagbag.py:545} INFO - Filling up the DagBag from /opt/airflow/dags/ocr_pipeline_dag.py
[2025-11-10T09:14:49.857-0500] {logging_mixin.py:188} INFO - 📂 Using project root: /opt/project
[2025-11-10T09:14:50.007-0500] {logging_mixin.py:188} INFO - [2025-11-10T09:14:50.007-0500] {credentials.py:1278} INFO - Found credentials in shared credentials file: ~/.aws/credentials
[2025-11-10T09:14:50.673-0500] {processor.py:840} INFO - DAG(s) 'ocr_pipeline_dag' retrieved from /opt/airflow/dags/ocr_pipeline_dag.py
[2025-11-10T09:14:50.701-0500] {logging_mixin.py:188} INFO - [2025-11-10T09:14:50.701-0500] {dag.py:3089} INFO - Sync 1 DAGs
[2025-11-10T09:14:50.712-0500] {logging_mixin.py:188} INFO - [2025-11-10T09:14:50.712-0500] {dag.py:3947} INFO - Setting next_dagrun for ocr_pipeline_dag to None, run_after=None
[2025-11-10T09:14:50.732-0500] {processor.py:183} INFO - Processing /opt/airflow/dags/ocr_pipeline_dag.py took 0.901 seconds
[2025-11-10T09:15:21.446-0500] {processor.py:161} INFO - Started process (PID=4610) to work on /opt/airflow/dags/ocr_pipeline_dag.py
[2025-11-10T09:15:21.447-0500] {processor.py:830} INFO - Processing file /opt/airflow/dags/ocr_pipeline_dag.py for tasks to queue
[2025-11-10T09:15:21.449-0500] {logging_mixin.py:188} INFO - [2025-11-10T09:15:21.448-0500] {dagbag.py:545} INFO - Filling up the DagBag from /opt/airflow/dags/ocr_pipeline_dag.py
[2025-11-10T09:15:21.465-0500] {logging_mixin.py:188} INFO - 📂 Using project root: /opt/project
[2025-11-10T09:15:21.621-0500] {logging_mixin.py:188} INFO - [2025-11-10T09:15:21.621-0500] {credentials.py:1278} INFO - Found credentials in shared credentials file: ~/.aws/credentials
[2025-11-10T09:15:22.250-0500] {processor.py:840} INFO - DAG(s) 'ocr_pipeline_dag' retrieved from /opt/airflow/dags/ocr_pipeline_dag.py
[2025-11-10T09:15:22.285-0500] {logging_mixin.py:188} INFO - [2025-11-10T09:15:22.285-0500] {dag.py:3089} INFO - Sync 1 DAGs
[2025-11-10T09:15:22.296-0500] {logging_mixin.py:188} INFO - [2025-11-10T09:15:22.296-0500] {dag.py:3947} INFO - Setting next_dagrun for ocr_pipeline_dag to None, run_after=None
[2025-11-10T09:15:22.319-0500] {processor.py:183} INFO - Processing /opt/airflow/dags/ocr_pipeline_dag.py took 0.880 seconds
[2025-11-10T09:15:53.009-0500] {processor.py:161} INFO - Started process (PID=4616) to work on /opt/airflow/dags/ocr_pipeline_dag.py
[2025-11-10T09:15:53.010-0500] {processor.py:830} INFO - Processing file /opt/airflow/dags/ocr_pipeline_dag.py for tasks to queue
[2025-11-10T09:15:53.011-0500] {logging_mixin.py:188} INFO - [2025-11-10T09:15:53.011-0500] {dagbag.py:545} INFO - Filling up the DagBag from /opt/airflow/dags/ocr_pipeline_dag.py
[2025-11-10T09:15:53.028-0500] {logging_mixin.py:188} INFO - 📂 Using project root: /opt/project
[2025-11-10T09:15:53.200-0500] {logging_mixin.py:188} INFO - [2025-11-10T09:15:53.199-0500] {credentials.py:1278} INFO - Found credentials in shared credentials file: ~/.aws/credentials
[2025-11-10T09:15:53.844-0500] {processor.py:840} INFO - DAG(s) 'ocr_pipeline_dag' retrieved from /opt/airflow/dags/ocr_pipeline_dag.py
[2025-11-10T09:15:53.868-0500] {logging_mixin.py:188} INFO - [2025-11-10T09:15:53.868-0500] {dag.py:3089} INFO - Sync 1 DAGs
[2025-11-10T09:15:53.880-0500] {logging_mixin.py:188} INFO - [2025-11-10T09:15:53.880-0500] {dag.py:3947} INFO - Setting next_dagrun for ocr_pipeline_dag to None, run_after=None
[2025-11-10T09:15:53.909-0500] {processor.py:183} INFO - Processing /opt/airflow/dags/ocr_pipeline_dag.py took 0.907 seconds
[2025-11-10T09:16:24.565-0500] {processor.py:161} INFO - Started process (PID=4622) to work on /opt/airflow/dags/ocr_pipeline_dag.py
[2025-11-10T09:16:24.567-0500] {processor.py:830} INFO - Processing file /opt/airflow/dags/ocr_pipeline_dag.py for tasks to queue
[2025-11-10T09:16:24.568-0500] {logging_mixin.py:188} INFO - [2025-11-10T09:16:24.568-0500] {dagbag.py:545} INFO - Filling up the DagBag from /opt/airflow/dags/ocr_pipeline_dag.py
[2025-11-10T09:16:24.583-0500] {logging_mixin.py:188} INFO - 📂 Using project root: /opt/project
[2025-11-10T09:16:24.732-0500] {logging_mixin.py:188} INFO - [2025-11-10T09:16:24.731-0500] {credentials.py:1278} INFO - Found credentials in shared credentials file: ~/.aws/credentials
[2025-11-10T09:16:25.421-0500] {processor.py:840} INFO - DAG(s) 'ocr_pipeline_dag' retrieved from /opt/airflow/dags/ocr_pipeline_dag.py
[2025-11-10T09:16:25.449-0500] {logging_mixin.py:188} INFO - [2025-11-10T09:16:25.448-0500] {dag.py:3089} INFO - Sync 1 DAGs
[2025-11-10T09:16:25.462-0500] {logging_mixin.py:188} INFO - [2025-11-10T09:16:25.462-0500] {dag.py:3947} INFO - Setting next_dagrun for ocr_pipeline_dag to None, run_after=None
[2025-11-10T09:16:25.481-0500] {processor.py:183} INFO - Processing /opt/airflow/dags/ocr_pipeline_dag.py took 0.921 seconds
[2025-11-10T09:16:56.296-0500] {processor.py:161} INFO - Started process (PID=4628) to work on /opt/airflow/dags/ocr_pipeline_dag.py
[2025-11-10T09:16:56.297-0500] {processor.py:830} INFO - Processing file /opt/airflow/dags/ocr_pipeline_dag.py for tasks to queue
[2025-11-10T09:16:56.298-0500] {logging_mixin.py:188} INFO - [2025-11-10T09:16:56.298-0500] {dagbag.py:545} INFO - Filling up the DagBag from /opt/airflow/dags/ocr_pipeline_dag.py
[2025-11-10T09:16:56.316-0500] {logging_mixin.py:188} INFO - 📂 Using project root: /opt/project
[2025-11-10T09:16:56.469-0500] {logging_mixin.py:188} INFO - [2025-11-10T09:16:56.469-0500] {credentials.py:1278} INFO - Found credentials in shared credentials file: ~/.aws/credentials
[2025-11-10T09:16:57.115-0500] {processor.py:840} INFO - DAG(s) 'ocr_pipeline_dag' retrieved from /opt/airflow/dags/ocr_pipeline_dag.py
[2025-11-10T09:16:57.148-0500] {logging_mixin.py:188} INFO - [2025-11-10T09:16:57.148-0500] {dag.py:3089} INFO - Sync 1 DAGs
[2025-11-10T09:16:57.160-0500] {logging_mixin.py:188} INFO - [2025-11-10T09:16:57.160-0500] {dag.py:3947} INFO - Setting next_dagrun for ocr_pipeline_dag to None, run_after=None
[2025-11-10T09:16:57.181-0500] {processor.py:183} INFO - Processing /opt/airflow/dags/ocr_pipeline_dag.py took 0.892 seconds
[2025-11-10T09:17:27.862-0500] {processor.py:161} INFO - Started process (PID=4634) to work on /opt/airflow/dags/ocr_pipeline_dag.py
[2025-11-10T09:17:27.863-0500] {processor.py:830} INFO - Processing file /opt/airflow/dags/ocr_pipeline_dag.py for tasks to queue
[2025-11-10T09:17:27.864-0500] {logging_mixin.py:188} INFO - [2025-11-10T09:17:27.864-0500] {dagbag.py:545} INFO - Filling up the DagBag from /opt/airflow/dags/ocr_pipeline_dag.py
[2025-11-10T09:17:27.880-0500] {logging_mixin.py:188} INFO - 📂 Using project root: /opt/project
[2025-11-10T09:17:28.038-0500] {logging_mixin.py:188} INFO - [2025-11-10T09:17:28.038-0500] {credentials.py:1278} INFO - Found credentials in shared credentials file: ~/.aws/credentials
[2025-11-10T09:17:28.772-0500] {processor.py:840} INFO - DAG(s) 'ocr_pipeline_dag' retrieved from /opt/airflow/dags/ocr_pipeline_dag.py
[2025-11-10T09:17:28.799-0500] {logging_mixin.py:188} INFO - [2025-11-10T09:17:28.799-0500] {dag.py:3089} INFO - Sync 1 DAGs
[2025-11-10T09:17:28.811-0500] {logging_mixin.py:188} INFO - [2025-11-10T09:17:28.811-0500] {dag.py:3947} INFO - Setting next_dagrun for ocr_pipeline_dag to None, run_after=None
[2025-11-10T09:17:28.848-0500] {processor.py:183} INFO - Processing /opt/airflow/dags/ocr_pipeline_dag.py took 0.994 seconds
[2025-11-10T09:17:59.357-0500] {processor.py:161} INFO - Started process (PID=4640) to work on /opt/airflow/dags/ocr_pipeline_dag.py
[2025-11-10T09:17:59.359-0500] {processor.py:830} INFO - Processing file /opt/airflow/dags/ocr_pipeline_dag.py for tasks to queue
[2025-11-10T09:17:59.362-0500] {logging_mixin.py:188} INFO - [2025-11-10T09:17:59.361-0500] {dagbag.py:545} INFO - Filling up the DagBag from /opt/airflow/dags/ocr_pipeline_dag.py
[2025-11-10T09:17:59.386-0500] {logging_mixin.py:188} INFO - 📂 Using project root: /opt/project
[2025-11-10T09:17:59.542-0500] {logging_mixin.py:188} INFO - [2025-11-10T09:17:59.541-0500] {credentials.py:1278} INFO - Found credentials in shared credentials file: ~/.aws/credentials
[2025-11-10T09:18:00.191-0500] {processor.py:840} INFO - DAG(s) 'ocr_pipeline_dag' retrieved from /opt/airflow/dags/ocr_pipeline_dag.py
[2025-11-10T09:18:00.218-0500] {logging_mixin.py:188} INFO - [2025-11-10T09:18:00.217-0500] {dag.py:3089} INFO - Sync 1 DAGs
[2025-11-10T09:18:00.231-0500] {logging_mixin.py:188} INFO - [2025-11-10T09:18:00.231-0500] {dag.py:3947} INFO - Setting next_dagrun for ocr_pipeline_dag to None, run_after=None
[2025-11-10T09:18:00.255-0500] {processor.py:183} INFO - Processing /opt/airflow/dags/ocr_pipeline_dag.py took 0.917 seconds
[2025-11-10T09:18:30.814-0500] {processor.py:161} INFO - Started process (PID=4646) to work on /opt/airflow/dags/ocr_pipeline_dag.py
[2025-11-10T09:18:30.815-0500] {processor.py:830} INFO - Processing file /opt/airflow/dags/ocr_pipeline_dag.py for tasks to queue
[2025-11-10T09:18:30.817-0500] {logging_mixin.py:188} INFO - [2025-11-10T09:18:30.816-0500] {dagbag.py:545} INFO - Filling up the DagBag from /opt/airflow/dags/ocr_pipeline_dag.py
[2025-11-10T09:18:30.843-0500] {logging_mixin.py:188} INFO - 📂 Using project root: /opt/project
[2025-11-10T09:18:31.030-0500] {logging_mixin.py:188} INFO - [2025-11-10T09:18:31.030-0500] {credentials.py:1278} INFO - Found credentials in shared credentials file: ~/.aws/credentials
[2025-11-10T09:18:31.752-0500] {processor.py:840} INFO - DAG(s) 'ocr_pipeline_dag' retrieved from /opt/airflow/dags/ocr_pipeline_dag.py
[2025-11-10T09:18:31.779-0500] {logging_mixin.py:188} INFO - [2025-11-10T09:18:31.779-0500] {dag.py:3089} INFO - Sync 1 DAGs
[2025-11-10T09:18:31.792-0500] {logging_mixin.py:188} INFO - [2025-11-10T09:18:31.792-0500] {dag.py:3947} INFO - Setting next_dagrun for ocr_pipeline_dag to None, run_after=None
[2025-11-10T09:18:31.817-0500] {processor.py:183} INFO - Processing /opt/airflow/dags/ocr_pipeline_dag.py took 1.010 seconds
[2025-11-10T09:19:02.358-0500] {processor.py:161} INFO - Started process (PID=4652) to work on /opt/airflow/dags/ocr_pipeline_dag.py
[2025-11-10T09:19:02.362-0500] {processor.py:830} INFO - Processing file /opt/airflow/dags/ocr_pipeline_dag.py for tasks to queue
[2025-11-10T09:19:02.366-0500] {logging_mixin.py:188} INFO - [2025-11-10T09:19:02.365-0500] {dagbag.py:545} INFO - Filling up the DagBag from /opt/airflow/dags/ocr_pipeline_dag.py
[2025-11-10T09:19:02.390-0500] {logging_mixin.py:188} INFO - 📂 Using project root: /opt/project
[2025-11-10T09:19:02.592-0500] {logging_mixin.py:188} INFO - [2025-11-10T09:19:02.591-0500] {credentials.py:1278} INFO - Found credentials in shared credentials file: ~/.aws/credentials
[2025-11-10T09:19:03.430-0500] {processor.py:840} INFO - DAG(s) 'ocr_pipeline_dag' retrieved from /opt/airflow/dags/ocr_pipeline_dag.py
[2025-11-10T09:19:03.469-0500] {logging_mixin.py:188} INFO - [2025-11-10T09:19:03.468-0500] {dag.py:3089} INFO - Sync 1 DAGs
[2025-11-10T09:19:03.488-0500] {logging_mixin.py:188} INFO - [2025-11-10T09:19:03.487-0500] {dag.py:3947} INFO - Setting next_dagrun for ocr_pipeline_dag to None, run_after=None
[2025-11-10T09:19:03.515-0500] {processor.py:183} INFO - Processing /opt/airflow/dags/ocr_pipeline_dag.py took 1.166 seconds
[2025-11-10T09:19:33.991-0500] {processor.py:161} INFO - Started process (PID=4658) to work on /opt/airflow/dags/ocr_pipeline_dag.py
[2025-11-10T09:19:33.993-0500] {processor.py:830} INFO - Processing file /opt/airflow/dags/ocr_pipeline_dag.py for tasks to queue
[2025-11-10T09:19:33.994-0500] {logging_mixin.py:188} INFO - [2025-11-10T09:19:33.994-0500] {dagbag.py:545} INFO - Filling up the DagBag from /opt/airflow/dags/ocr_pipeline_dag.py
[2025-11-10T09:19:34.011-0500] {logging_mixin.py:188} INFO - 📂 Using project root: /opt/project
[2025-11-10T09:19:34.188-0500] {logging_mixin.py:188} INFO - [2025-11-10T09:19:34.187-0500] {credentials.py:1278} INFO - Found credentials in shared credentials file: ~/.aws/credentials
[2025-11-10T09:19:34.843-0500] {processor.py:840} INFO - DAG(s) 'ocr_pipeline_dag' retrieved from /opt/airflow/dags/ocr_pipeline_dag.py
[2025-11-10T09:19:34.877-0500] {logging_mixin.py:188} INFO - [2025-11-10T09:19:34.877-0500] {dag.py:3089} INFO - Sync 1 DAGs
[2025-11-10T09:19:34.891-0500] {logging_mixin.py:188} INFO - [2025-11-10T09:19:34.891-0500] {dag.py:3947} INFO - Setting next_dagrun for ocr_pipeline_dag to None, run_after=None
[2025-11-10T09:19:34.912-0500] {processor.py:183} INFO - Processing /opt/airflow/dags/ocr_pipeline_dag.py took 0.930 seconds
[2025-11-10T09:20:05.567-0500] {processor.py:161} INFO - Started process (PID=4664) to work on /opt/airflow/dags/ocr_pipeline_dag.py
[2025-11-10T09:20:05.569-0500] {processor.py:830} INFO - Processing file /opt/airflow/dags/ocr_pipeline_dag.py for tasks to queue
[2025-11-10T09:20:05.570-0500] {logging_mixin.py:188} INFO - [2025-11-10T09:20:05.569-0500] {dagbag.py:545} INFO - Filling up the DagBag from /opt/airflow/dags/ocr_pipeline_dag.py
[2025-11-10T09:20:05.591-0500] {logging_mixin.py:188} INFO - 📂 Using project root: /opt/project
[2025-11-10T09:20:05.745-0500] {logging_mixin.py:188} INFO - [2025-11-10T09:20:05.744-0500] {credentials.py:1278} INFO - Found credentials in shared credentials file: ~/.aws/credentials
[2025-11-10T09:20:06.534-0500] {processor.py:840} INFO - DAG(s) 'ocr_pipeline_dag' retrieved from /opt/airflow/dags/ocr_pipeline_dag.py
[2025-11-10T09:20:06.562-0500] {logging_mixin.py:188} INFO - [2025-11-10T09:20:06.561-0500] {dag.py:3089} INFO - Sync 1 DAGs
[2025-11-10T09:20:06.572-0500] {logging_mixin.py:188} INFO - [2025-11-10T09:20:06.572-0500] {dag.py:3947} INFO - Setting next_dagrun for ocr_pipeline_dag to None, run_after=None
[2025-11-10T09:20:06.593-0500] {processor.py:183} INFO - Processing /opt/airflow/dags/ocr_pipeline_dag.py took 1.036 seconds
[2025-11-10T09:20:37.280-0500] {processor.py:161} INFO - Started process (PID=4670) to work on /opt/airflow/dags/ocr_pipeline_dag.py
[2025-11-10T09:20:37.281-0500] {processor.py:830} INFO - Processing file /opt/airflow/dags/ocr_pipeline_dag.py for tasks to queue
[2025-11-10T09:20:37.282-0500] {logging_mixin.py:188} INFO - [2025-11-10T09:20:37.282-0500] {dagbag.py:545} INFO - Filling up the DagBag from /opt/airflow/dags/ocr_pipeline_dag.py
[2025-11-10T09:20:37.298-0500] {logging_mixin.py:188} INFO - 📂 Using project root: /opt/project
[2025-11-10T09:20:37.465-0500] {logging_mixin.py:188} INFO - [2025-11-10T09:20:37.465-0500] {credentials.py:1278} INFO - Found credentials in shared credentials file: ~/.aws/credentials
[2025-11-10T09:20:38.157-0500] {processor.py:840} INFO - DAG(s) 'ocr_pipeline_dag' retrieved from /opt/airflow/dags/ocr_pipeline_dag.py
[2025-11-10T09:20:38.186-0500] {logging_mixin.py:188} INFO - [2025-11-10T09:20:38.185-0500] {dag.py:3089} INFO - Sync 1 DAGs
[2025-11-10T09:20:38.198-0500] {logging_mixin.py:188} INFO - [2025-11-10T09:20:38.197-0500] {dag.py:3947} INFO - Setting next_dagrun for ocr_pipeline_dag to None, run_after=None
[2025-11-10T09:20:38.218-0500] {processor.py:183} INFO - Processing /opt/airflow/dags/ocr_pipeline_dag.py took 0.945 seconds
[2025-11-10T09:21:08.871-0500] {processor.py:161} INFO - Started process (PID=4676) to work on /opt/airflow/dags/ocr_pipeline_dag.py
[2025-11-10T09:21:08.873-0500] {processor.py:830} INFO - Processing file /opt/airflow/dags/ocr_pipeline_dag.py for tasks to queue
[2025-11-10T09:21:08.875-0500] {logging_mixin.py:188} INFO - [2025-11-10T09:21:08.874-0500] {dagbag.py:545} INFO - Filling up the DagBag from /opt/airflow/dags/ocr_pipeline_dag.py
[2025-11-10T09:21:08.900-0500] {logging_mixin.py:188} INFO - 📂 Using project root: /opt/project
[2025-11-10T09:21:09.070-0500] {logging_mixin.py:188} INFO - [2025-11-10T09:21:09.070-0500] {credentials.py:1278} INFO - Found credentials in shared credentials file: ~/.aws/credentials
[2025-11-10T09:21:09.866-0500] {processor.py:840} INFO - DAG(s) 'ocr_pipeline_dag' retrieved from /opt/airflow/dags/ocr_pipeline_dag.py
[2025-11-10T09:21:09.892-0500] {logging_mixin.py:188} INFO - [2025-11-10T09:21:09.891-0500] {dag.py:3089} INFO - Sync 1 DAGs
[2025-11-10T09:21:09.902-0500] {logging_mixin.py:188} INFO - [2025-11-10T09:21:09.902-0500] {dag.py:3947} INFO - Setting next_dagrun for ocr_pipeline_dag to None, run_after=None
[2025-11-10T09:21:09.927-0500] {processor.py:183} INFO - Processing /opt/airflow/dags/ocr_pipeline_dag.py took 1.069 seconds
[2025-11-10T09:21:40.525-0500] {processor.py:161} INFO - Started process (PID=4682) to work on /opt/airflow/dags/ocr_pipeline_dag.py
[2025-11-10T09:21:40.527-0500] {processor.py:830} INFO - Processing file /opt/airflow/dags/ocr_pipeline_dag.py for tasks to queue
[2025-11-10T09:21:40.529-0500] {logging_mixin.py:188} INFO - [2025-11-10T09:21:40.528-0500] {dagbag.py:545} INFO - Filling up the DagBag from /opt/airflow/dags/ocr_pipeline_dag.py
[2025-11-10T09:21:40.548-0500] {logging_mixin.py:188} INFO - 📂 Using project root: /opt/project
[2025-11-10T09:21:40.703-0500] {logging_mixin.py:188} INFO - [2025-11-10T09:21:40.703-0500] {credentials.py:1278} INFO - Found credentials in shared credentials file: ~/.aws/credentials
[2025-11-10T09:21:41.335-0500] {processor.py:840} INFO - DAG(s) 'ocr_pipeline_dag' retrieved from /opt/airflow/dags/ocr_pipeline_dag.py
[2025-11-10T09:21:41.362-0500] {logging_mixin.py:188} INFO - [2025-11-10T09:21:41.361-0500] {dag.py:3089} INFO - Sync 1 DAGs
[2025-11-10T09:21:41.375-0500] {logging_mixin.py:188} INFO - [2025-11-10T09:21:41.374-0500] {dag.py:3947} INFO - Setting next_dagrun for ocr_pipeline_dag to None, run_after=None
[2025-11-10T09:21:41.403-0500] {processor.py:183} INFO - Processing /opt/airflow/dags/ocr_pipeline_dag.py took 0.885 seconds
[2025-11-10T09:22:12.064-0500] {processor.py:161} INFO - Started process (PID=4688) to work on /opt/airflow/dags/ocr_pipeline_dag.py
[2025-11-10T09:22:12.066-0500] {processor.py:830} INFO - Processing file /opt/airflow/dags/ocr_pipeline_dag.py for tasks to queue
[2025-11-10T09:22:12.068-0500] {logging_mixin.py:188} INFO - [2025-11-10T09:22:12.068-0500] {dagbag.py:545} INFO - Filling up the DagBag from /opt/airflow/dags/ocr_pipeline_dag.py
[2025-11-10T09:22:12.084-0500] {logging_mixin.py:188} INFO - 📂 Using project root: /opt/project
[2025-11-10T09:22:12.229-0500] {logging_mixin.py:188} INFO - [2025-11-10T09:22:12.229-0500] {credentials.py:1278} INFO - Found credentials in shared credentials file: ~/.aws/credentials
[2025-11-10T09:22:12.899-0500] {processor.py:840} INFO - DAG(s) 'ocr_pipeline_dag' retrieved from /opt/airflow/dags/ocr_pipeline_dag.py
[2025-11-10T09:22:12.925-0500] {logging_mixin.py:188} INFO - [2025-11-10T09:22:12.925-0500] {dag.py:3089} INFO - Sync 1 DAGs
[2025-11-10T09:22:12.938-0500] {logging_mixin.py:188} INFO - [2025-11-10T09:22:12.937-0500] {dag.py:3947} INFO - Setting next_dagrun for ocr_pipeline_dag to None, run_after=None
[2025-11-10T09:22:12.957-0500] {processor.py:183} INFO - Processing /opt/airflow/dags/ocr_pipeline_dag.py took 0.903 seconds
[2025-11-10T09:22:43.571-0500] {processor.py:161} INFO - Started process (PID=4694) to work on /opt/airflow/dags/ocr_pipeline_dag.py
[2025-11-10T09:22:43.573-0500] {processor.py:830} INFO - Processing file /opt/airflow/dags/ocr_pipeline_dag.py for tasks to queue
[2025-11-10T09:22:43.574-0500] {logging_mixin.py:188} INFO - [2025-11-10T09:22:43.573-0500] {dagbag.py:545} INFO - Filling up the DagBag from /opt/airflow/dags/ocr_pipeline_dag.py
[2025-11-10T09:22:43.593-0500] {logging_mixin.py:188} INFO - 📂 Using project root: /opt/project
[2025-11-10T09:22:43.752-0500] {logging_mixin.py:188} INFO - [2025-11-10T09:22:43.752-0500] {credentials.py:1278} INFO - Found credentials in shared credentials file: ~/.aws/credentials
[2025-11-10T09:22:44.377-0500] {processor.py:840} INFO - DAG(s) 'ocr_pipeline_dag' retrieved from /opt/airflow/dags/ocr_pipeline_dag.py
[2025-11-10T09:22:44.401-0500] {logging_mixin.py:188} INFO - [2025-11-10T09:22:44.401-0500] {dag.py:3089} INFO - Sync 1 DAGs
[2025-11-10T09:22:44.412-0500] {logging_mixin.py:188} INFO - [2025-11-10T09:22:44.412-0500] {dag.py:3947} INFO - Setting next_dagrun for ocr_pipeline_dag to None, run_after=None
[2025-11-10T09:22:44.432-0500] {processor.py:183} INFO - Processing /opt/airflow/dags/ocr_pipeline_dag.py took 0.867 seconds
[2025-11-10T09:23:15.087-0500] {processor.py:161} INFO - Started process (PID=4700) to work on /opt/airflow/dags/ocr_pipeline_dag.py
[2025-11-10T09:23:15.088-0500] {processor.py:830} INFO - Processing file /opt/airflow/dags/ocr_pipeline_dag.py for tasks to queue
[2025-11-10T09:23:15.090-0500] {logging_mixin.py:188} INFO - [2025-11-10T09:23:15.089-0500] {dagbag.py:545} INFO - Filling up the DagBag from /opt/airflow/dags/ocr_pipeline_dag.py
[2025-11-10T09:23:15.107-0500] {logging_mixin.py:188} INFO - 📂 Using project root: /opt/project
[2025-11-10T09:23:15.261-0500] {logging_mixin.py:188} INFO - [2025-11-10T09:23:15.260-0500] {credentials.py:1278} INFO - Found credentials in shared credentials file: ~/.aws/credentials
[2025-11-10T09:23:15.904-0500] {processor.py:840} INFO - DAG(s) 'ocr_pipeline_dag' retrieved from /opt/airflow/dags/ocr_pipeline_dag.py
[2025-11-10T09:23:15.931-0500] {logging_mixin.py:188} INFO - [2025-11-10T09:23:15.930-0500] {dag.py:3089} INFO - Sync 1 DAGs
[2025-11-10T09:23:15.942-0500] {logging_mixin.py:188} INFO - [2025-11-10T09:23:15.942-0500] {dag.py:3947} INFO - Setting next_dagrun for ocr_pipeline_dag to None, run_after=None
[2025-11-10T09:23:15.977-0500] {processor.py:183} INFO - Processing /opt/airflow/dags/ocr_pipeline_dag.py took 0.897 seconds
[2025-11-10T09:23:46.685-0500] {processor.py:161} INFO - Started process (PID=4706) to work on /opt/airflow/dags/ocr_pipeline_dag.py
[2025-11-10T09:23:46.687-0500] {processor.py:830} INFO - Processing file /opt/airflow/dags/ocr_pipeline_dag.py for tasks to queue
[2025-11-10T09:23:46.688-0500] {logging_mixin.py:188} INFO - [2025-11-10T09:23:46.687-0500] {dagbag.py:545} INFO - Filling up the DagBag from /opt/airflow/dags/ocr_pipeline_dag.py
[2025-11-10T09:23:46.705-0500] {logging_mixin.py:188} INFO - 📂 Using project root: /opt/project
[2025-11-10T09:23:46.850-0500] {logging_mixin.py:188} INFO - [2025-11-10T09:23:46.850-0500] {credentials.py:1278} INFO - Found credentials in shared credentials file: ~/.aws/credentials
[2025-11-10T09:23:47.523-0500] {processor.py:840} INFO - DAG(s) 'ocr_pipeline_dag' retrieved from /opt/airflow/dags/ocr_pipeline_dag.py
[2025-11-10T09:23:47.548-0500] {logging_mixin.py:188} INFO - [2025-11-10T09:23:47.547-0500] {dag.py:3089} INFO - Sync 1 DAGs
[2025-11-10T09:23:47.559-0500] {logging_mixin.py:188} INFO - [2025-11-10T09:23:47.559-0500] {dag.py:3947} INFO - Setting next_dagrun for ocr_pipeline_dag to None, run_after=None
[2025-11-10T09:23:47.605-0500] {processor.py:183} INFO - Processing /opt/airflow/dags/ocr_pipeline_dag.py took 0.926 seconds
[2025-11-10T09:24:18.239-0500] {processor.py:161} INFO - Started process (PID=4712) to work on /opt/airflow/dags/ocr_pipeline_dag.py
[2025-11-10T09:24:18.240-0500] {processor.py:830} INFO - Processing file /opt/airflow/dags/ocr_pipeline_dag.py for tasks to queue
[2025-11-10T09:24:18.241-0500] {logging_mixin.py:188} INFO - [2025-11-10T09:24:18.241-0500] {dagbag.py:545} INFO - Filling up the DagBag from /opt/airflow/dags/ocr_pipeline_dag.py
[2025-11-10T09:24:18.257-0500] {logging_mixin.py:188} INFO - 📂 Using project root: /opt/project
[2025-11-10T09:24:18.409-0500] {logging_mixin.py:188} INFO - [2025-11-10T09:24:18.408-0500] {credentials.py:1278} INFO - Found credentials in shared credentials file: ~/.aws/credentials
[2025-11-10T09:24:19.138-0500] {processor.py:840} INFO - DAG(s) 'ocr_pipeline_dag' retrieved from /opt/airflow/dags/ocr_pipeline_dag.py
[2025-11-10T09:24:19.161-0500] {logging_mixin.py:188} INFO - [2025-11-10T09:24:19.161-0500] {dag.py:3089} INFO - Sync 1 DAGs
[2025-11-10T09:24:19.187-0500] {logging_mixin.py:188} INFO - [2025-11-10T09:24:19.187-0500] {dag.py:3947} INFO - Setting next_dagrun for ocr_pipeline_dag to None, run_after=None
[2025-11-10T09:24:19.217-0500] {processor.py:183} INFO - Processing /opt/airflow/dags/ocr_pipeline_dag.py took 0.986 seconds
[2025-11-10T09:24:49.891-0500] {processor.py:161} INFO - Started process (PID=4718) to work on /opt/airflow/dags/ocr_pipeline_dag.py
[2025-11-10T09:24:49.892-0500] {processor.py:830} INFO - Processing file /opt/airflow/dags/ocr_pipeline_dag.py for tasks to queue
[2025-11-10T09:24:49.893-0500] {logging_mixin.py:188} INFO - [2025-11-10T09:24:49.893-0500] {dagbag.py:545} INFO - Filling up the DagBag from /opt/airflow/dags/ocr_pipeline_dag.py
[2025-11-10T09:24:49.908-0500] {logging_mixin.py:188} INFO - 📂 Using project root: /opt/project
[2025-11-10T09:24:50.064-0500] {logging_mixin.py:188} INFO - [2025-11-10T09:24:50.063-0500] {credentials.py:1278} INFO - Found credentials in shared credentials file: ~/.aws/credentials
[2025-11-10T09:24:50.708-0500] {processor.py:840} INFO - DAG(s) 'ocr_pipeline_dag' retrieved from /opt/airflow/dags/ocr_pipeline_dag.py
[2025-11-10T09:24:50.734-0500] {logging_mixin.py:188} INFO - [2025-11-10T09:24:50.734-0500] {dag.py:3089} INFO - Sync 1 DAGs
[2025-11-10T09:24:50.746-0500] {logging_mixin.py:188} INFO - [2025-11-10T09:24:50.746-0500] {dag.py:3947} INFO - Setting next_dagrun for ocr_pipeline_dag to None, run_after=None
[2025-11-10T09:24:50.766-0500] {processor.py:183} INFO - Processing /opt/airflow/dags/ocr_pipeline_dag.py took 0.882 seconds
[2025-11-10T09:25:21.409-0500] {processor.py:161} INFO - Started process (PID=4724) to work on /opt/airflow/dags/ocr_pipeline_dag.py
[2025-11-10T09:25:21.410-0500] {processor.py:830} INFO - Processing file /opt/airflow/dags/ocr_pipeline_dag.py for tasks to queue
[2025-11-10T09:25:21.411-0500] {logging_mixin.py:188} INFO - [2025-11-10T09:25:21.411-0500] {dagbag.py:545} INFO - Filling up the DagBag from /opt/airflow/dags/ocr_pipeline_dag.py
[2025-11-10T09:25:21.426-0500] {logging_mixin.py:188} INFO - 📂 Using project root: /opt/project
[2025-11-10T09:25:21.589-0500] {logging_mixin.py:188} INFO - [2025-11-10T09:25:21.589-0500] {credentials.py:1278} INFO - Found credentials in shared credentials file: ~/.aws/credentials
[2025-11-10T09:25:22.277-0500] {processor.py:840} INFO - DAG(s) 'ocr_pipeline_dag' retrieved from /opt/airflow/dags/ocr_pipeline_dag.py
[2025-11-10T09:25:22.302-0500] {logging_mixin.py:188} INFO - [2025-11-10T09:25:22.302-0500] {dag.py:3089} INFO - Sync 1 DAGs
[2025-11-10T09:25:22.315-0500] {logging_mixin.py:188} INFO - [2025-11-10T09:25:22.314-0500] {dag.py:3947} INFO - Setting next_dagrun for ocr_pipeline_dag to None, run_after=None
[2025-11-10T09:25:22.334-0500] {processor.py:183} INFO - Processing /opt/airflow/dags/ocr_pipeline_dag.py took 0.931 seconds
[2025-11-10T09:25:53.105-0500] {processor.py:161} INFO - Started process (PID=4730) to work on /opt/airflow/dags/ocr_pipeline_dag.py
[2025-11-10T09:25:53.106-0500] {processor.py:830} INFO - Processing file /opt/airflow/dags/ocr_pipeline_dag.py for tasks to queue
[2025-11-10T09:25:53.107-0500] {logging_mixin.py:188} INFO - [2025-11-10T09:25:53.107-0500] {dagbag.py:545} INFO - Filling up the DagBag from /opt/airflow/dags/ocr_pipeline_dag.py
[2025-11-10T09:25:53.124-0500] {logging_mixin.py:188} INFO - 📂 Using project root: /opt/project
[2025-11-10T09:25:53.262-0500] {logging_mixin.py:188} INFO - [2025-11-10T09:25:53.261-0500] {credentials.py:1278} INFO - Found credentials in shared credentials file: ~/.aws/credentials
[2025-11-10T09:25:53.885-0500] {processor.py:840} INFO - DAG(s) 'ocr_pipeline_dag' retrieved from /opt/airflow/dags/ocr_pipeline_dag.py
[2025-11-10T09:25:53.912-0500] {logging_mixin.py:188} INFO - [2025-11-10T09:25:53.911-0500] {dag.py:3089} INFO - Sync 1 DAGs
[2025-11-10T09:25:53.923-0500] {logging_mixin.py:188} INFO - [2025-11-10T09:25:53.923-0500] {dag.py:3947} INFO - Setting next_dagrun for ocr_pipeline_dag to None, run_after=None
[2025-11-10T09:25:53.944-0500] {processor.py:183} INFO - Processing /opt/airflow/dags/ocr_pipeline_dag.py took 0.845 seconds
[2025-11-10T09:26:24.605-0500] {processor.py:161} INFO - Started process (PID=4736) to work on /opt/airflow/dags/ocr_pipeline_dag.py
[2025-11-10T09:26:24.606-0500] {processor.py:830} INFO - Processing file /opt/airflow/dags/ocr_pipeline_dag.py for tasks to queue
[2025-11-10T09:26:24.607-0500] {logging_mixin.py:188} INFO - [2025-11-10T09:26:24.607-0500] {dagbag.py:545} INFO - Filling up the DagBag from /opt/airflow/dags/ocr_pipeline_dag.py
[2025-11-10T09:26:24.623-0500] {logging_mixin.py:188} INFO - 📂 Using project root: /opt/project
[2025-11-10T09:26:24.771-0500] {logging_mixin.py:188} INFO - [2025-11-10T09:26:24.770-0500] {credentials.py:1278} INFO - Found credentials in shared credentials file: ~/.aws/credentials
[2025-11-10T09:26:25.423-0500] {processor.py:840} INFO - DAG(s) 'ocr_pipeline_dag' retrieved from /opt/airflow/dags/ocr_pipeline_dag.py
[2025-11-10T09:26:25.462-0500] {logging_mixin.py:188} INFO - [2025-11-10T09:26:25.461-0500] {dag.py:3089} INFO - Sync 1 DAGs
[2025-11-10T09:26:25.474-0500] {logging_mixin.py:188} INFO - [2025-11-10T09:26:25.474-0500] {dag.py:3947} INFO - Setting next_dagrun for ocr_pipeline_dag to None, run_after=None
[2025-11-10T09:26:25.495-0500] {processor.py:183} INFO - Processing /opt/airflow/dags/ocr_pipeline_dag.py took 0.896 seconds
[2025-11-10T09:26:56.175-0500] {processor.py:161} INFO - Started process (PID=4742) to work on /opt/airflow/dags/ocr_pipeline_dag.py
[2025-11-10T09:26:56.176-0500] {processor.py:830} INFO - Processing file /opt/airflow/dags/ocr_pipeline_dag.py for tasks to queue
[2025-11-10T09:26:56.178-0500] {logging_mixin.py:188} INFO - [2025-11-10T09:26:56.177-0500] {dagbag.py:545} INFO - Filling up the DagBag from /opt/airflow/dags/ocr_pipeline_dag.py
[2025-11-10T09:26:56.195-0500] {logging_mixin.py:188} INFO - 📂 Using project root: /opt/project
[2025-11-10T09:26:56.352-0500] {logging_mixin.py:188} INFO - [2025-11-10T09:26:56.351-0500] {credentials.py:1278} INFO - Found credentials in shared credentials file: ~/.aws/credentials
[2025-11-10T09:26:56.994-0500] {processor.py:840} INFO - DAG(s) 'ocr_pipeline_dag' retrieved from /opt/airflow/dags/ocr_pipeline_dag.py
[2025-11-10T09:26:57.023-0500] {logging_mixin.py:188} INFO - [2025-11-10T09:26:57.023-0500] {dag.py:3089} INFO - Sync 1 DAGs
[2025-11-10T09:26:57.034-0500] {logging_mixin.py:188} INFO - [2025-11-10T09:26:57.034-0500] {dag.py:3947} INFO - Setting next_dagrun for ocr_pipeline_dag to None, run_after=None
[2025-11-10T09:26:57.054-0500] {processor.py:183} INFO - Processing /opt/airflow/dags/ocr_pipeline_dag.py took 0.887 seconds
[2025-11-10T09:27:27.495-0500] {processor.py:161} INFO - Started process (PID=4748) to work on /opt/airflow/dags/ocr_pipeline_dag.py
[2025-11-10T09:27:27.497-0500] {processor.py:830} INFO - Processing file /opt/airflow/dags/ocr_pipeline_dag.py for tasks to queue
[2025-11-10T09:27:27.499-0500] {logging_mixin.py:188} INFO - [2025-11-10T09:27:27.498-0500] {dagbag.py:545} INFO - Filling up the DagBag from /opt/airflow/dags/ocr_pipeline_dag.py
[2025-11-10T09:27:27.521-0500] {logging_mixin.py:188} INFO - 📂 Using project root: /opt/project
[2025-11-10T09:27:27.750-0500] {logging_mixin.py:188} INFO - [2025-11-10T09:27:27.750-0500] {credentials.py:1278} INFO - Found credentials in shared credentials file: ~/.aws/credentials
[2025-11-10T09:27:28.768-0500] {processor.py:840} INFO - DAG(s) 'ocr_pipeline_dag' retrieved from /opt/airflow/dags/ocr_pipeline_dag.py
[2025-11-10T09:27:28.803-0500] {logging_mixin.py:188} INFO - [2025-11-10T09:27:28.803-0500] {dag.py:3089} INFO - Sync 1 DAGs
[2025-11-10T09:27:28.818-0500] {logging_mixin.py:188} INFO - [2025-11-10T09:27:28.817-0500] {dag.py:3947} INFO - Setting next_dagrun for ocr_pipeline_dag to None, run_after=None
[2025-11-10T09:27:28.843-0500] {processor.py:183} INFO - Processing /opt/airflow/dags/ocr_pipeline_dag.py took 1.236 seconds
[2025-11-10T09:27:59.066-0500] {processor.py:161} INFO - Started process (PID=4754) to work on /opt/airflow/dags/ocr_pipeline_dag.py
[2025-11-10T09:27:59.068-0500] {processor.py:830} INFO - Processing file /opt/airflow/dags/ocr_pipeline_dag.py for tasks to queue
[2025-11-10T09:27:59.070-0500] {logging_mixin.py:188} INFO - [2025-11-10T09:27:59.069-0500] {dagbag.py:545} INFO - Filling up the DagBag from /opt/airflow/dags/ocr_pipeline_dag.py
[2025-11-10T09:27:59.095-0500] {logging_mixin.py:188} INFO - 📂 Using project root: /opt/project
[2025-11-10T09:27:59.341-0500] {logging_mixin.py:188} INFO - [2025-11-10T09:27:59.341-0500] {credentials.py:1278} INFO - Found credentials in shared credentials file: ~/.aws/credentials
[2025-11-10T09:28:00.196-0500] {processor.py:840} INFO - DAG(s) 'ocr_pipeline_dag' retrieved from /opt/airflow/dags/ocr_pipeline_dag.py
[2025-11-10T09:28:00.228-0500] {logging_mixin.py:188} INFO - [2025-11-10T09:28:00.228-0500] {dag.py:3089} INFO - Sync 1 DAGs
[2025-11-10T09:28:00.249-0500] {logging_mixin.py:188} INFO - [2025-11-10T09:28:00.249-0500] {dag.py:3947} INFO - Setting next_dagrun for ocr_pipeline_dag to None, run_after=None
[2025-11-10T09:28:00.286-0500] {processor.py:183} INFO - Processing /opt/airflow/dags/ocr_pipeline_dag.py took 1.231 seconds
[2025-11-10T09:28:30.610-0500] {processor.py:161} INFO - Started process (PID=4760) to work on /opt/airflow/dags/ocr_pipeline_dag.py
[2025-11-10T09:28:30.611-0500] {processor.py:830} INFO - Processing file /opt/airflow/dags/ocr_pipeline_dag.py for tasks to queue
[2025-11-10T09:28:30.613-0500] {logging_mixin.py:188} INFO - [2025-11-10T09:28:30.612-0500] {dagbag.py:545} INFO - Filling up the DagBag from /opt/airflow/dags/ocr_pipeline_dag.py
[2025-11-10T09:28:30.637-0500] {logging_mixin.py:188} INFO - 📂 Using project root: /opt/project
[2025-11-10T09:28:30.824-0500] {logging_mixin.py:188} INFO - [2025-11-10T09:28:30.823-0500] {credentials.py:1278} INFO - Found credentials in shared credentials file: ~/.aws/credentials
[2025-11-10T09:28:31.598-0500] {processor.py:840} INFO - DAG(s) 'ocr_pipeline_dag' retrieved from /opt/airflow/dags/ocr_pipeline_dag.py
[2025-11-10T09:28:31.629-0500] {logging_mixin.py:188} INFO - [2025-11-10T09:28:31.628-0500] {dag.py:3089} INFO - Sync 1 DAGs
[2025-11-10T09:28:31.644-0500] {logging_mixin.py:188} INFO - [2025-11-10T09:28:31.644-0500] {dag.py:3947} INFO - Setting next_dagrun for ocr_pipeline_dag to None, run_after=None
[2025-11-10T09:28:31.671-0500] {processor.py:183} INFO - Processing /opt/airflow/dags/ocr_pipeline_dag.py took 1.070 seconds
[2025-11-10T09:29:02.112-0500] {processor.py:161} INFO - Started process (PID=4766) to work on /opt/airflow/dags/ocr_pipeline_dag.py
[2025-11-10T09:29:02.113-0500] {processor.py:830} INFO - Processing file /opt/airflow/dags/ocr_pipeline_dag.py for tasks to queue
[2025-11-10T09:29:02.115-0500] {logging_mixin.py:188} INFO - [2025-11-10T09:29:02.114-0500] {dagbag.py:545} INFO - Filling up the DagBag from /opt/airflow/dags/ocr_pipeline_dag.py
[2025-11-10T09:29:02.135-0500] {logging_mixin.py:188} INFO - 📂 Using project root: /opt/project
[2025-11-10T09:29:02.323-0500] {logging_mixin.py:188} INFO - [2025-11-10T09:29:02.322-0500] {credentials.py:1278} INFO - Found credentials in shared credentials file: ~/.aws/credentials
[2025-11-10T09:29:03.083-0500] {processor.py:840} INFO - DAG(s) 'ocr_pipeline_dag' retrieved from /opt/airflow/dags/ocr_pipeline_dag.py
[2025-11-10T09:29:03.115-0500] {logging_mixin.py:188} INFO - [2025-11-10T09:29:03.115-0500] {dag.py:3089} INFO - Sync 1 DAGs
[2025-11-10T09:29:03.127-0500] {logging_mixin.py:188} INFO - [2025-11-10T09:29:03.127-0500] {dag.py:3947} INFO - Setting next_dagrun for ocr_pipeline_dag to None, run_after=None
[2025-11-10T09:29:03.151-0500] {processor.py:183} INFO - Processing /opt/airflow/dags/ocr_pipeline_dag.py took 1.048 seconds
[2025-11-10T09:29:33.509-0500] {processor.py:161} INFO - Started process (PID=4772) to work on /opt/airflow/dags/ocr_pipeline_dag.py
[2025-11-10T09:29:33.511-0500] {processor.py:830} INFO - Processing file /opt/airflow/dags/ocr_pipeline_dag.py for tasks to queue
[2025-11-10T09:29:33.513-0500] {logging_mixin.py:188} INFO - [2025-11-10T09:29:33.513-0500] {dagbag.py:545} INFO - Filling up the DagBag from /opt/airflow/dags/ocr_pipeline_dag.py
[2025-11-10T09:29:33.533-0500] {logging_mixin.py:188} INFO - 📂 Using project root: /opt/project
[2025-11-10T09:29:33.726-0500] {logging_mixin.py:188} INFO - [2025-11-10T09:29:33.726-0500] {credentials.py:1278} INFO - Found credentials in shared credentials file: ~/.aws/credentials
[2025-11-10T09:29:34.477-0500] {processor.py:840} INFO - DAG(s) 'ocr_pipeline_dag' retrieved from /opt/airflow/dags/ocr_pipeline_dag.py
[2025-11-10T09:29:34.508-0500] {logging_mixin.py:188} INFO - [2025-11-10T09:29:34.507-0500] {dag.py:3089} INFO - Sync 1 DAGs
[2025-11-10T09:29:34.522-0500] {logging_mixin.py:188} INFO - [2025-11-10T09:29:34.522-0500] {dag.py:3947} INFO - Setting next_dagrun for ocr_pipeline_dag to None, run_after=None
[2025-11-10T09:29:34.546-0500] {processor.py:183} INFO - Processing /opt/airflow/dags/ocr_pipeline_dag.py took 1.046 seconds
[2025-11-10T09:30:04.928-0500] {processor.py:161} INFO - Started process (PID=4778) to work on /opt/airflow/dags/ocr_pipeline_dag.py
[2025-11-10T09:30:04.929-0500] {processor.py:830} INFO - Processing file /opt/airflow/dags/ocr_pipeline_dag.py for tasks to queue
[2025-11-10T09:30:04.931-0500] {logging_mixin.py:188} INFO - [2025-11-10T09:30:04.930-0500] {dagbag.py:545} INFO - Filling up the DagBag from /opt/airflow/dags/ocr_pipeline_dag.py
[2025-11-10T09:30:04.953-0500] {logging_mixin.py:188} INFO - 📂 Using project root: /opt/project
[2025-11-10T09:30:05.172-0500] {logging_mixin.py:188} INFO - [2025-11-10T09:30:05.171-0500] {credentials.py:1278} INFO - Found credentials in shared credentials file: ~/.aws/credentials
[2025-11-10T09:30:05.979-0500] {processor.py:840} INFO - DAG(s) 'ocr_pipeline_dag' retrieved from /opt/airflow/dags/ocr_pipeline_dag.py
[2025-11-10T09:30:06.010-0500] {logging_mixin.py:188} INFO - [2025-11-10T09:30:06.009-0500] {dag.py:3089} INFO - Sync 1 DAGs
[2025-11-10T09:30:06.024-0500] {logging_mixin.py:188} INFO - [2025-11-10T09:30:06.024-0500] {dag.py:3947} INFO - Setting next_dagrun for ocr_pipeline_dag to None, run_after=None
[2025-11-10T09:30:06.046-0500] {processor.py:183} INFO - Processing /opt/airflow/dags/ocr_pipeline_dag.py took 1.127 seconds
[2025-11-10T09:30:36.409-0500] {processor.py:161} INFO - Started process (PID=4784) to work on /opt/airflow/dags/ocr_pipeline_dag.py
[2025-11-10T09:30:36.410-0500] {processor.py:830} INFO - Processing file /opt/airflow/dags/ocr_pipeline_dag.py for tasks to queue
[2025-11-10T09:30:36.412-0500] {logging_mixin.py:188} INFO - [2025-11-10T09:30:36.411-0500] {dagbag.py:545} INFO - Filling up the DagBag from /opt/airflow/dags/ocr_pipeline_dag.py
[2025-11-10T09:30:36.433-0500] {logging_mixin.py:188} INFO - 📂 Using project root: /opt/project
[2025-11-10T09:30:36.643-0500] {logging_mixin.py:188} INFO - [2025-11-10T09:30:36.642-0500] {credentials.py:1278} INFO - Found credentials in shared credentials file: ~/.aws/credentials
[2025-11-10T09:30:37.579-0500] {processor.py:840} INFO - DAG(s) 'ocr_pipeline_dag' retrieved from /opt/airflow/dags/ocr_pipeline_dag.py
[2025-11-10T09:30:37.615-0500] {logging_mixin.py:188} INFO - [2025-11-10T09:30:37.615-0500] {dag.py:3089} INFO - Sync 1 DAGs
[2025-11-10T09:30:37.630-0500] {logging_mixin.py:188} INFO - [2025-11-10T09:30:37.629-0500] {dag.py:3947} INFO - Setting next_dagrun for ocr_pipeline_dag to None, run_after=None
[2025-11-10T09:30:37.653-0500] {processor.py:183} INFO - Processing /opt/airflow/dags/ocr_pipeline_dag.py took 1.252 seconds
[2025-11-10T09:31:08.178-0500] {processor.py:161} INFO - Started process (PID=4790) to work on /opt/airflow/dags/ocr_pipeline_dag.py
[2025-11-10T09:31:08.224-0500] {processor.py:830} INFO - Processing file /opt/airflow/dags/ocr_pipeline_dag.py for tasks to queue
[2025-11-10T09:31:08.242-0500] {logging_mixin.py:188} INFO - [2025-11-10T09:31:08.231-0500] {dagbag.py:545} INFO - Filling up the DagBag from /opt/airflow/dags/ocr_pipeline_dag.py
[2025-11-10T09:31:08.339-0500] {logging_mixin.py:188} INFO - 📂 Using project root: /opt/project
[2025-11-10T09:31:09.367-0500] {logging_mixin.py:188} INFO - [2025-11-10T09:31:09.366-0500] {credentials.py:1278} INFO - Found credentials in shared credentials file: ~/.aws/credentials
[2025-11-10T09:31:13.928-0500] {processor.py:840} INFO - DAG(s) 'ocr_pipeline_dag' retrieved from /opt/airflow/dags/ocr_pipeline_dag.py
[2025-11-10T09:31:14.026-0500] {logging_mixin.py:188} INFO - [2025-11-10T09:31:14.025-0500] {dag.py:3089} INFO - Sync 1 DAGs
[2025-11-10T09:31:14.046-0500] {logging_mixin.py:188} INFO - [2025-11-10T09:31:14.045-0500] {dag.py:3947} INFO - Setting next_dagrun for ocr_pipeline_dag to None, run_after=None
[2025-11-10T09:31:14.077-0500] {processor.py:183} INFO - Processing /opt/airflow/dags/ocr_pipeline_dag.py took 6.267 seconds
[2025-11-10T09:31:44.206-0500] {processor.py:161} INFO - Started process (PID=4796) to work on /opt/airflow/dags/ocr_pipeline_dag.py
[2025-11-10T09:31:44.208-0500] {processor.py:830} INFO - Processing file /opt/airflow/dags/ocr_pipeline_dag.py for tasks to queue
[2025-11-10T09:31:44.209-0500] {logging_mixin.py:188} INFO - [2025-11-10T09:31:44.209-0500] {dagbag.py:545} INFO - Filling up the DagBag from /opt/airflow/dags/ocr_pipeline_dag.py
[2025-11-10T09:31:44.231-0500] {logging_mixin.py:188} INFO - 📂 Using project root: /opt/project
[2025-11-10T09:31:44.447-0500] {logging_mixin.py:188} INFO - [2025-11-10T09:31:44.447-0500] {credentials.py:1278} INFO - Found credentials in shared credentials file: ~/.aws/credentials
[2025-11-10T09:31:45.125-0500] {processor.py:840} INFO - DAG(s) 'ocr_pipeline_dag' retrieved from /opt/airflow/dags/ocr_pipeline_dag.py
[2025-11-10T09:31:45.154-0500] {logging_mixin.py:188} INFO - [2025-11-10T09:31:45.153-0500] {dag.py:3089} INFO - Sync 1 DAGs
[2025-11-10T09:31:45.167-0500] {logging_mixin.py:188} INFO - [2025-11-10T09:31:45.167-0500] {dag.py:3947} INFO - Setting next_dagrun for ocr_pipeline_dag to None, run_after=None
[2025-11-10T09:31:45.203-0500] {processor.py:183} INFO - Processing /opt/airflow/dags/ocr_pipeline_dag.py took 1.007 seconds
[2025-11-10T09:32:15.598-0500] {processor.py:161} INFO - Started process (PID=4802) to work on /opt/airflow/dags/ocr_pipeline_dag.py
[2025-11-10T09:32:15.600-0500] {processor.py:830} INFO - Processing file /opt/airflow/dags/ocr_pipeline_dag.py for tasks to queue
[2025-11-10T09:32:15.602-0500] {logging_mixin.py:188} INFO - [2025-11-10T09:32:15.601-0500] {dagbag.py:545} INFO - Filling up the DagBag from /opt/airflow/dags/ocr_pipeline_dag.py
[2025-11-10T09:32:15.625-0500] {logging_mixin.py:188} INFO - 📂 Using project root: /opt/project
[2025-11-10T09:32:15.876-0500] {logging_mixin.py:188} INFO - [2025-11-10T09:32:15.876-0500] {credentials.py:1278} INFO - Found credentials in shared credentials file: ~/.aws/credentials
[2025-11-10T09:32:16.921-0500] {processor.py:840} INFO - DAG(s) 'ocr_pipeline_dag' retrieved from /opt/airflow/dags/ocr_pipeline_dag.py
[2025-11-10T09:32:16.957-0500] {logging_mixin.py:188} INFO - [2025-11-10T09:32:16.957-0500] {dag.py:3089} INFO - Sync 1 DAGs
[2025-11-10T09:32:16.974-0500] {logging_mixin.py:188} INFO - [2025-11-10T09:32:16.974-0500] {dag.py:3947} INFO - Setting next_dagrun for ocr_pipeline_dag to None, run_after=None
[2025-11-10T09:32:17.009-0500] {processor.py:183} INFO - Processing /opt/airflow/dags/ocr_pipeline_dag.py took 1.424 seconds
[2025-11-10T09:32:47.320-0500] {processor.py:161} INFO - Started process (PID=4808) to work on /opt/airflow/dags/ocr_pipeline_dag.py
[2025-11-10T09:32:47.321-0500] {processor.py:830} INFO - Processing file /opt/airflow/dags/ocr_pipeline_dag.py for tasks to queue
[2025-11-10T09:32:47.323-0500] {logging_mixin.py:188} INFO - [2025-11-10T09:32:47.322-0500] {dagbag.py:545} INFO - Filling up the DagBag from /opt/airflow/dags/ocr_pipeline_dag.py
[2025-11-10T09:32:47.342-0500] {logging_mixin.py:188} INFO - 📂 Using project root: /opt/project
[2025-11-10T09:32:47.543-0500] {logging_mixin.py:188} INFO - [2025-11-10T09:32:47.542-0500] {credentials.py:1278} INFO - Found credentials in shared credentials file: ~/.aws/credentials
[2025-11-10T09:32:48.292-0500] {processor.py:840} INFO - DAG(s) 'ocr_pipeline_dag' retrieved from /opt/airflow/dags/ocr_pipeline_dag.py
[2025-11-10T09:32:48.323-0500] {logging_mixin.py:188} INFO - [2025-11-10T09:32:48.323-0500] {dag.py:3089} INFO - Sync 1 DAGs
[2025-11-10T09:32:48.336-0500] {logging_mixin.py:188} INFO - [2025-11-10T09:32:48.336-0500] {dag.py:3947} INFO - Setting next_dagrun for ocr_pipeline_dag to None, run_after=None
[2025-11-10T09:32:48.355-0500] {processor.py:183} INFO - Processing /opt/airflow/dags/ocr_pipeline_dag.py took 1.044 seconds
[2025-11-10T09:33:18.837-0500] {processor.py:161} INFO - Started process (PID=4814) to work on /opt/airflow/dags/ocr_pipeline_dag.py
[2025-11-10T09:33:18.839-0500] {processor.py:830} INFO - Processing file /opt/airflow/dags/ocr_pipeline_dag.py for tasks to queue
[2025-11-10T09:33:18.840-0500] {logging_mixin.py:188} INFO - [2025-11-10T09:33:18.839-0500] {dagbag.py:545} INFO - Filling up the DagBag from /opt/airflow/dags/ocr_pipeline_dag.py
[2025-11-10T09:33:18.857-0500] {logging_mixin.py:188} INFO - 📂 Using project root: /opt/project
[2025-11-10T09:33:19.031-0500] {logging_mixin.py:188} INFO - [2025-11-10T09:33:19.030-0500] {credentials.py:1278} INFO - Found credentials in shared credentials file: ~/.aws/credentials
[2025-11-10T09:33:19.839-0500] {processor.py:840} INFO - DAG(s) 'ocr_pipeline_dag' retrieved from /opt/airflow/dags/ocr_pipeline_dag.py
[2025-11-10T09:33:19.884-0500] {logging_mixin.py:188} INFO - [2025-11-10T09:33:19.883-0500] {dag.py:3089} INFO - Sync 1 DAGs
[2025-11-10T09:33:19.915-0500] {logging_mixin.py:188} INFO - [2025-11-10T09:33:19.915-0500] {dag.py:3947} INFO - Setting next_dagrun for ocr_pipeline_dag to None, run_after=None
[2025-11-10T09:33:19.956-0500] {processor.py:183} INFO - Processing /opt/airflow/dags/ocr_pipeline_dag.py took 1.128 seconds
[2025-11-10T09:33:50.400-0500] {processor.py:161} INFO - Started process (PID=4820) to work on /opt/airflow/dags/ocr_pipeline_dag.py
[2025-11-10T09:33:50.402-0500] {processor.py:830} INFO - Processing file /opt/airflow/dags/ocr_pipeline_dag.py for tasks to queue
[2025-11-10T09:33:50.403-0500] {logging_mixin.py:188} INFO - [2025-11-10T09:33:50.403-0500] {dagbag.py:545} INFO - Filling up the DagBag from /opt/airflow/dags/ocr_pipeline_dag.py
[2025-11-10T09:33:50.421-0500] {logging_mixin.py:188} INFO - 📂 Using project root: /opt/project
[2025-11-10T09:33:50.572-0500] {logging_mixin.py:188} INFO - [2025-11-10T09:33:50.572-0500] {credentials.py:1278} INFO - Found credentials in shared credentials file: ~/.aws/credentials
[2025-11-10T09:33:51.249-0500] {processor.py:840} INFO - DAG(s) 'ocr_pipeline_dag' retrieved from /opt/airflow/dags/ocr_pipeline_dag.py
[2025-11-10T09:33:51.284-0500] {logging_mixin.py:188} INFO - [2025-11-10T09:33:51.283-0500] {dag.py:3089} INFO - Sync 1 DAGs
[2025-11-10T09:33:51.296-0500] {logging_mixin.py:188} INFO - [2025-11-10T09:33:51.296-0500] {dag.py:3947} INFO - Setting next_dagrun for ocr_pipeline_dag to None, run_after=None
[2025-11-10T09:33:51.317-0500] {processor.py:183} INFO - Processing /opt/airflow/dags/ocr_pipeline_dag.py took 0.925 seconds
[2025-11-10T09:34:22.008-0500] {processor.py:161} INFO - Started process (PID=4826) to work on /opt/airflow/dags/ocr_pipeline_dag.py
[2025-11-10T09:34:22.010-0500] {processor.py:830} INFO - Processing file /opt/airflow/dags/ocr_pipeline_dag.py for tasks to queue
[2025-11-10T09:34:22.011-0500] {logging_mixin.py:188} INFO - [2025-11-10T09:34:22.011-0500] {dagbag.py:545} INFO - Filling up the DagBag from /opt/airflow/dags/ocr_pipeline_dag.py
[2025-11-10T09:34:22.028-0500] {logging_mixin.py:188} INFO - 📂 Using project root: /opt/project
[2025-11-10T09:34:22.197-0500] {logging_mixin.py:188} INFO - [2025-11-10T09:34:22.197-0500] {credentials.py:1278} INFO - Found credentials in shared credentials file: ~/.aws/credentials
[2025-11-10T09:34:22.937-0500] {processor.py:840} INFO - DAG(s) 'ocr_pipeline_dag' retrieved from /opt/airflow/dags/ocr_pipeline_dag.py
[2025-11-10T09:34:22.963-0500] {logging_mixin.py:188} INFO - [2025-11-10T09:34:22.962-0500] {dag.py:3089} INFO - Sync 1 DAGs
[2025-11-10T09:34:22.975-0500] {logging_mixin.py:188} INFO - [2025-11-10T09:34:22.975-0500] {dag.py:3947} INFO - Setting next_dagrun for ocr_pipeline_dag to None, run_after=None
[2025-11-10T09:34:23.005-0500] {processor.py:183} INFO - Processing /opt/airflow/dags/ocr_pipeline_dag.py took 1.002 seconds
[2025-11-10T09:34:53.532-0500] {processor.py:161} INFO - Started process (PID=4832) to work on /opt/airflow/dags/ocr_pipeline_dag.py
[2025-11-10T09:34:53.533-0500] {processor.py:830} INFO - Processing file /opt/airflow/dags/ocr_pipeline_dag.py for tasks to queue
[2025-11-10T09:34:53.535-0500] {logging_mixin.py:188} INFO - [2025-11-10T09:34:53.534-0500] {dagbag.py:545} INFO - Filling up the DagBag from /opt/airflow/dags/ocr_pipeline_dag.py
[2025-11-10T09:34:53.552-0500] {logging_mixin.py:188} INFO - 📂 Using project root: /opt/project
[2025-11-10T09:34:53.707-0500] {logging_mixin.py:188} INFO - [2025-11-10T09:34:53.706-0500] {credentials.py:1278} INFO - Found credentials in shared credentials file: ~/.aws/credentials
[2025-11-10T09:34:54.341-0500] {processor.py:840} INFO - DAG(s) 'ocr_pipeline_dag' retrieved from /opt/airflow/dags/ocr_pipeline_dag.py
[2025-11-10T09:34:54.369-0500] {logging_mixin.py:188} INFO - [2025-11-10T09:34:54.369-0500] {dag.py:3089} INFO - Sync 1 DAGs
[2025-11-10T09:34:54.383-0500] {logging_mixin.py:188} INFO - [2025-11-10T09:34:54.382-0500] {dag.py:3947} INFO - Setting next_dagrun for ocr_pipeline_dag to None, run_after=None
[2025-11-10T09:34:54.404-0500] {processor.py:183} INFO - Processing /opt/airflow/dags/ocr_pipeline_dag.py took 0.878 seconds
[2025-11-10T09:35:24.994-0500] {processor.py:161} INFO - Started process (PID=4838) to work on /opt/airflow/dags/ocr_pipeline_dag.py
[2025-11-10T09:35:24.996-0500] {processor.py:830} INFO - Processing file /opt/airflow/dags/ocr_pipeline_dag.py for tasks to queue
[2025-11-10T09:35:24.997-0500] {logging_mixin.py:188} INFO - [2025-11-10T09:35:24.996-0500] {dagbag.py:545} INFO - Filling up the DagBag from /opt/airflow/dags/ocr_pipeline_dag.py
[2025-11-10T09:35:25.013-0500] {logging_mixin.py:188} INFO - 📂 Using project root: /opt/project
[2025-11-10T09:35:25.173-0500] {logging_mixin.py:188} INFO - [2025-11-10T09:35:25.173-0500] {credentials.py:1278} INFO - Found credentials in shared credentials file: ~/.aws/credentials
[2025-11-10T09:35:25.913-0500] {processor.py:840} INFO - DAG(s) 'ocr_pipeline_dag' retrieved from /opt/airflow/dags/ocr_pipeline_dag.py
[2025-11-10T09:35:25.948-0500] {logging_mixin.py:188} INFO - [2025-11-10T09:35:25.947-0500] {dag.py:3089} INFO - Sync 1 DAGs
[2025-11-10T09:35:25.963-0500] {logging_mixin.py:188} INFO - [2025-11-10T09:35:25.962-0500] {dag.py:3947} INFO - Setting next_dagrun for ocr_pipeline_dag to None, run_after=None
[2025-11-10T09:35:25.988-0500] {processor.py:183} INFO - Processing /opt/airflow/dags/ocr_pipeline_dag.py took 1.001 seconds
[2025-11-10T09:35:56.661-0500] {processor.py:161} INFO - Started process (PID=4844) to work on /opt/airflow/dags/ocr_pipeline_dag.py
[2025-11-10T09:35:56.663-0500] {processor.py:830} INFO - Processing file /opt/airflow/dags/ocr_pipeline_dag.py for tasks to queue
[2025-11-10T09:35:56.664-0500] {logging_mixin.py:188} INFO - [2025-11-10T09:35:56.664-0500] {dagbag.py:545} INFO - Filling up the DagBag from /opt/airflow/dags/ocr_pipeline_dag.py
[2025-11-10T09:35:56.679-0500] {logging_mixin.py:188} INFO - 📂 Using project root: /opt/project
[2025-11-10T09:35:56.842-0500] {logging_mixin.py:188} INFO - [2025-11-10T09:35:56.841-0500] {credentials.py:1278} INFO - Found credentials in shared credentials file: ~/.aws/credentials
[2025-11-10T09:35:57.485-0500] {processor.py:840} INFO - DAG(s) 'ocr_pipeline_dag' retrieved from /opt/airflow/dags/ocr_pipeline_dag.py
[2025-11-10T09:35:57.519-0500] {logging_mixin.py:188} INFO - [2025-11-10T09:35:57.519-0500] {dag.py:3089} INFO - Sync 1 DAGs
[2025-11-10T09:35:57.532-0500] {logging_mixin.py:188} INFO - [2025-11-10T09:35:57.531-0500] {dag.py:3947} INFO - Setting next_dagrun for ocr_pipeline_dag to None, run_after=None
[2025-11-10T09:35:57.554-0500] {processor.py:183} INFO - Processing /opt/airflow/dags/ocr_pipeline_dag.py took 0.901 seconds
[2025-11-10T09:36:28.141-0500] {processor.py:161} INFO - Started process (PID=4850) to work on /opt/airflow/dags/ocr_pipeline_dag.py
[2025-11-10T09:36:28.142-0500] {processor.py:830} INFO - Processing file /opt/airflow/dags/ocr_pipeline_dag.py for tasks to queue
[2025-11-10T09:36:28.143-0500] {logging_mixin.py:188} INFO - [2025-11-10T09:36:28.143-0500] {dagbag.py:545} INFO - Filling up the DagBag from /opt/airflow/dags/ocr_pipeline_dag.py
[2025-11-10T09:36:28.158-0500] {logging_mixin.py:188} INFO - 📂 Using project root: /opt/project
[2025-11-10T09:36:28.306-0500] {logging_mixin.py:188} INFO - [2025-11-10T09:36:28.305-0500] {credentials.py:1278} INFO - Found credentials in shared credentials file: ~/.aws/credentials
[2025-11-10T09:36:29.090-0500] {processor.py:840} INFO - DAG(s) 'ocr_pipeline_dag' retrieved from /opt/airflow/dags/ocr_pipeline_dag.py
[2025-11-10T09:36:29.132-0500] {logging_mixin.py:188} INFO - [2025-11-10T09:36:29.132-0500] {dag.py:3089} INFO - Sync 1 DAGs
[2025-11-10T09:36:29.147-0500] {logging_mixin.py:188} INFO - [2025-11-10T09:36:29.147-0500] {dag.py:3947} INFO - Setting next_dagrun for ocr_pipeline_dag to None, run_after=None
[2025-11-10T09:36:29.173-0500] {processor.py:183} INFO - Processing /opt/airflow/dags/ocr_pipeline_dag.py took 1.039 seconds
[2025-11-10T09:36:59.668-0500] {processor.py:161} INFO - Started process (PID=4856) to work on /opt/airflow/dags/ocr_pipeline_dag.py
[2025-11-10T09:36:59.670-0500] {processor.py:830} INFO - Processing file /opt/airflow/dags/ocr_pipeline_dag.py for tasks to queue
[2025-11-10T09:36:59.671-0500] {logging_mixin.py:188} INFO - [2025-11-10T09:36:59.671-0500] {dagbag.py:545} INFO - Filling up the DagBag from /opt/airflow/dags/ocr_pipeline_dag.py
[2025-11-10T09:36:59.685-0500] {logging_mixin.py:188} INFO - 📂 Using project root: /opt/project
[2025-11-10T09:36:59.861-0500] {logging_mixin.py:188} INFO - [2025-11-10T09:36:59.860-0500] {credentials.py:1278} INFO - Found credentials in shared credentials file: ~/.aws/credentials
[2025-11-10T09:37:00.559-0500] {processor.py:840} INFO - DAG(s) 'ocr_pipeline_dag' retrieved from /opt/airflow/dags/ocr_pipeline_dag.py
[2025-11-10T09:37:00.588-0500] {logging_mixin.py:188} INFO - [2025-11-10T09:37:00.588-0500] {dag.py:3089} INFO - Sync 1 DAGs
[2025-11-10T09:37:00.602-0500] {logging_mixin.py:188} INFO - [2025-11-10T09:37:00.602-0500] {dag.py:3947} INFO - Setting next_dagrun for ocr_pipeline_dag to None, run_after=None
[2025-11-10T09:37:00.622-0500] {processor.py:183} INFO - Processing /opt/airflow/dags/ocr_pipeline_dag.py took 0.961 seconds
[2025-11-10T09:37:31.433-0500] {processor.py:161} INFO - Started process (PID=4862) to work on /opt/airflow/dags/ocr_pipeline_dag.py
[2025-11-10T09:37:31.435-0500] {processor.py:830} INFO - Processing file /opt/airflow/dags/ocr_pipeline_dag.py for tasks to queue
[2025-11-10T09:37:31.437-0500] {logging_mixin.py:188} INFO - [2025-11-10T09:37:31.436-0500] {dagbag.py:545} INFO - Filling up the DagBag from /opt/airflow/dags/ocr_pipeline_dag.py
[2025-11-10T09:37:31.460-0500] {logging_mixin.py:188} INFO - 📂 Using project root: /opt/project
[2025-11-10T09:37:31.675-0500] {logging_mixin.py:188} INFO - [2025-11-10T09:37:31.675-0500] {credentials.py:1278} INFO - Found credentials in shared credentials file: ~/.aws/credentials
[2025-11-10T09:37:32.546-0500] {processor.py:840} INFO - DAG(s) 'ocr_pipeline_dag' retrieved from /opt/airflow/dags/ocr_pipeline_dag.py
[2025-11-10T09:37:32.590-0500] {logging_mixin.py:188} INFO - [2025-11-10T09:37:32.589-0500] {dag.py:3089} INFO - Sync 1 DAGs
[2025-11-10T09:37:32.607-0500] {logging_mixin.py:188} INFO - [2025-11-10T09:37:32.607-0500] {dag.py:3947} INFO - Setting next_dagrun for ocr_pipeline_dag to None, run_after=None
[2025-11-10T09:37:32.632-0500] {processor.py:183} INFO - Processing /opt/airflow/dags/ocr_pipeline_dag.py took 1.208 seconds
[2025-11-10T09:38:03.056-0500] {processor.py:161} INFO - Started process (PID=4868) to work on /opt/airflow/dags/ocr_pipeline_dag.py
[2025-11-10T09:38:03.057-0500] {processor.py:830} INFO - Processing file /opt/airflow/dags/ocr_pipeline_dag.py for tasks to queue
[2025-11-10T09:38:03.059-0500] {logging_mixin.py:188} INFO - [2025-11-10T09:38:03.058-0500] {dagbag.py:545} INFO - Filling up the DagBag from /opt/airflow/dags/ocr_pipeline_dag.py
[2025-11-10T09:38:03.079-0500] {logging_mixin.py:188} INFO - 📂 Using project root: /opt/project
[2025-11-10T09:38:03.242-0500] {logging_mixin.py:188} INFO - [2025-11-10T09:38:03.241-0500] {credentials.py:1278} INFO - Found credentials in shared credentials file: ~/.aws/credentials
[2025-11-10T09:38:03.897-0500] {processor.py:840} INFO - DAG(s) 'ocr_pipeline_dag' retrieved from /opt/airflow/dags/ocr_pipeline_dag.py
[2025-11-10T09:38:03.923-0500] {logging_mixin.py:188} INFO - [2025-11-10T09:38:03.923-0500] {dag.py:3089} INFO - Sync 1 DAGs
[2025-11-10T09:38:03.934-0500] {logging_mixin.py:188} INFO - [2025-11-10T09:38:03.934-0500] {dag.py:3947} INFO - Setting next_dagrun for ocr_pipeline_dag to None, run_after=None
[2025-11-10T09:38:03.957-0500] {processor.py:183} INFO - Processing /opt/airflow/dags/ocr_pipeline_dag.py took 0.914 seconds
[2025-11-10T09:38:34.541-0500] {processor.py:161} INFO - Started process (PID=4874) to work on /opt/airflow/dags/ocr_pipeline_dag.py
[2025-11-10T09:38:34.543-0500] {processor.py:830} INFO - Processing file /opt/airflow/dags/ocr_pipeline_dag.py for tasks to queue
[2025-11-10T09:38:34.545-0500] {logging_mixin.py:188} INFO - [2025-11-10T09:38:34.544-0500] {dagbag.py:545} INFO - Filling up the DagBag from /opt/airflow/dags/ocr_pipeline_dag.py
[2025-11-10T09:38:34.567-0500] {logging_mixin.py:188} INFO - 📂 Using project root: /opt/project
[2025-11-10T09:38:34.786-0500] {logging_mixin.py:188} INFO - [2025-11-10T09:38:34.786-0500] {credentials.py:1278} INFO - Found credentials in shared credentials file: ~/.aws/credentials
[2025-11-10T09:38:35.633-0500] {processor.py:840} INFO - DAG(s) 'ocr_pipeline_dag' retrieved from /opt/airflow/dags/ocr_pipeline_dag.py
[2025-11-10T09:38:35.666-0500] {logging_mixin.py:188} INFO - [2025-11-10T09:38:35.666-0500] {dag.py:3089} INFO - Sync 1 DAGs
[2025-11-10T09:38:35.679-0500] {logging_mixin.py:188} INFO - [2025-11-10T09:38:35.679-0500] {dag.py:3947} INFO - Setting next_dagrun for ocr_pipeline_dag to None, run_after=None
[2025-11-10T09:38:35.703-0500] {processor.py:183} INFO - Processing /opt/airflow/dags/ocr_pipeline_dag.py took 1.172 seconds
[2025-11-10T09:39:06.176-0500] {processor.py:161} INFO - Started process (PID=4880) to work on /opt/airflow/dags/ocr_pipeline_dag.py
[2025-11-10T09:39:06.177-0500] {processor.py:830} INFO - Processing file /opt/airflow/dags/ocr_pipeline_dag.py for tasks to queue
[2025-11-10T09:39:06.179-0500] {logging_mixin.py:188} INFO - [2025-11-10T09:39:06.178-0500] {dagbag.py:545} INFO - Filling up the DagBag from /opt/airflow/dags/ocr_pipeline_dag.py
[2025-11-10T09:39:06.196-0500] {logging_mixin.py:188} INFO - 📂 Using project root: /opt/project
[2025-11-10T09:39:06.341-0500] {logging_mixin.py:188} INFO - [2025-11-10T09:39:06.341-0500] {credentials.py:1278} INFO - Found credentials in shared credentials file: ~/.aws/credentials
[2025-11-10T09:39:06.968-0500] {processor.py:840} INFO - DAG(s) 'ocr_pipeline_dag' retrieved from /opt/airflow/dags/ocr_pipeline_dag.py
[2025-11-10T09:39:06.992-0500] {logging_mixin.py:188} INFO - [2025-11-10T09:39:06.992-0500] {dag.py:3089} INFO - Sync 1 DAGs
[2025-11-10T09:39:07.004-0500] {logging_mixin.py:188} INFO - [2025-11-10T09:39:07.004-0500] {dag.py:3947} INFO - Setting next_dagrun for ocr_pipeline_dag to None, run_after=None
[2025-11-10T09:39:07.023-0500] {processor.py:183} INFO - Processing /opt/airflow/dags/ocr_pipeline_dag.py took 0.853 seconds
[2025-11-10T09:39:37.631-0500] {processor.py:161} INFO - Started process (PID=4886) to work on /opt/airflow/dags/ocr_pipeline_dag.py
[2025-11-10T09:39:37.632-0500] {processor.py:830} INFO - Processing file /opt/airflow/dags/ocr_pipeline_dag.py for tasks to queue
[2025-11-10T09:39:37.633-0500] {logging_mixin.py:188} INFO - [2025-11-10T09:39:37.633-0500] {dagbag.py:545} INFO - Filling up the DagBag from /opt/airflow/dags/ocr_pipeline_dag.py
[2025-11-10T09:39:37.654-0500] {logging_mixin.py:188} INFO - 📂 Using project root: /opt/project
[2025-11-10T09:39:37.848-0500] {logging_mixin.py:188} INFO - [2025-11-10T09:39:37.847-0500] {credentials.py:1278} INFO - Found credentials in shared credentials file: ~/.aws/credentials
[2025-11-10T09:39:38.693-0500] {processor.py:840} INFO - DAG(s) 'ocr_pipeline_dag' retrieved from /opt/airflow/dags/ocr_pipeline_dag.py
[2025-11-10T09:39:38.726-0500] {logging_mixin.py:188} INFO - [2025-11-10T09:39:38.725-0500] {dag.py:3089} INFO - Sync 1 DAGs
[2025-11-10T09:39:38.741-0500] {logging_mixin.py:188} INFO - [2025-11-10T09:39:38.741-0500] {dag.py:3947} INFO - Setting next_dagrun for ocr_pipeline_dag to None, run_after=None
[2025-11-10T09:39:38.776-0500] {processor.py:183} INFO - Processing /opt/airflow/dags/ocr_pipeline_dag.py took 1.153 seconds
[2025-11-10T09:40:09.211-0500] {processor.py:161} INFO - Started process (PID=4892) to work on /opt/airflow/dags/ocr_pipeline_dag.py
[2025-11-10T09:40:09.212-0500] {processor.py:830} INFO - Processing file /opt/airflow/dags/ocr_pipeline_dag.py for tasks to queue
[2025-11-10T09:40:09.214-0500] {logging_mixin.py:188} INFO - [2025-11-10T09:40:09.213-0500] {dagbag.py:545} INFO - Filling up the DagBag from /opt/airflow/dags/ocr_pipeline_dag.py
[2025-11-10T09:40:09.230-0500] {logging_mixin.py:188} INFO - 📂 Using project root: /opt/project
[2025-11-10T09:40:09.381-0500] {logging_mixin.py:188} INFO - [2025-11-10T09:40:09.381-0500] {credentials.py:1278} INFO - Found credentials in shared credentials file: ~/.aws/credentials
[2025-11-10T09:40:10.099-0500] {processor.py:840} INFO - DAG(s) 'ocr_pipeline_dag' retrieved from /opt/airflow/dags/ocr_pipeline_dag.py
[2025-11-10T09:40:10.124-0500] {logging_mixin.py:188} INFO - [2025-11-10T09:40:10.123-0500] {dag.py:3089} INFO - Sync 1 DAGs
[2025-11-10T09:40:10.136-0500] {logging_mixin.py:188} INFO - [2025-11-10T09:40:10.136-0500] {dag.py:3947} INFO - Setting next_dagrun for ocr_pipeline_dag to None, run_after=None
[2025-11-10T09:40:10.159-0500] {processor.py:183} INFO - Processing /opt/airflow/dags/ocr_pipeline_dag.py took 0.955 seconds
[2025-11-10T09:40:40.801-0500] {processor.py:161} INFO - Started process (PID=4898) to work on /opt/airflow/dags/ocr_pipeline_dag.py
[2025-11-10T09:40:40.802-0500] {processor.py:830} INFO - Processing file /opt/airflow/dags/ocr_pipeline_dag.py for tasks to queue
[2025-11-10T09:40:40.804-0500] {logging_mixin.py:188} INFO - [2025-11-10T09:40:40.804-0500] {dagbag.py:545} INFO - Filling up the DagBag from /opt/airflow/dags/ocr_pipeline_dag.py
[2025-11-10T09:40:40.823-0500] {logging_mixin.py:188} INFO - 📂 Using project root: /opt/project
[2025-11-10T09:40:41.015-0500] {logging_mixin.py:188} INFO - [2025-11-10T09:40:41.015-0500] {credentials.py:1278} INFO - Found credentials in shared credentials file: ~/.aws/credentials
[2025-11-10T09:40:41.775-0500] {processor.py:840} INFO - DAG(s) 'ocr_pipeline_dag' retrieved from /opt/airflow/dags/ocr_pipeline_dag.py
[2025-11-10T09:40:41.800-0500] {logging_mixin.py:188} INFO - [2025-11-10T09:40:41.800-0500] {dag.py:3089} INFO - Sync 1 DAGs
[2025-11-10T09:40:41.811-0500] {logging_mixin.py:188} INFO - [2025-11-10T09:40:41.810-0500] {dag.py:3947} INFO - Setting next_dagrun for ocr_pipeline_dag to None, run_after=None
[2025-11-10T09:40:41.829-0500] {processor.py:183} INFO - Processing /opt/airflow/dags/ocr_pipeline_dag.py took 1.038 seconds
[2025-11-10T09:41:12.374-0500] {processor.py:161} INFO - Started process (PID=4904) to work on /opt/airflow/dags/ocr_pipeline_dag.py
[2025-11-10T09:41:12.376-0500] {processor.py:830} INFO - Processing file /opt/airflow/dags/ocr_pipeline_dag.py for tasks to queue
[2025-11-10T09:41:12.377-0500] {logging_mixin.py:188} INFO - [2025-11-10T09:41:12.377-0500] {dagbag.py:545} INFO - Filling up the DagBag from /opt/airflow/dags/ocr_pipeline_dag.py
[2025-11-10T09:41:12.392-0500] {logging_mixin.py:188} INFO - 📂 Using project root: /opt/project
[2025-11-10T09:41:12.547-0500] {logging_mixin.py:188} INFO - [2025-11-10T09:41:12.546-0500] {credentials.py:1278} INFO - Found credentials in shared credentials file: ~/.aws/credentials
[2025-11-10T09:41:13.212-0500] {processor.py:840} INFO - DAG(s) 'ocr_pipeline_dag' retrieved from /opt/airflow/dags/ocr_pipeline_dag.py
[2025-11-10T09:41:13.238-0500] {logging_mixin.py:188} INFO - [2025-11-10T09:41:13.237-0500] {dag.py:3089} INFO - Sync 1 DAGs
[2025-11-10T09:41:13.248-0500] {logging_mixin.py:188} INFO - [2025-11-10T09:41:13.248-0500] {dag.py:3947} INFO - Setting next_dagrun for ocr_pipeline_dag to None, run_after=None
[2025-11-10T09:41:13.269-0500] {processor.py:183} INFO - Processing /opt/airflow/dags/ocr_pipeline_dag.py took 0.902 seconds
[2025-11-10T09:41:43.830-0500] {processor.py:161} INFO - Started process (PID=4910) to work on /opt/airflow/dags/ocr_pipeline_dag.py
[2025-11-10T09:41:43.832-0500] {processor.py:830} INFO - Processing file /opt/airflow/dags/ocr_pipeline_dag.py for tasks to queue
[2025-11-10T09:41:43.833-0500] {logging_mixin.py:188} INFO - [2025-11-10T09:41:43.833-0500] {dagbag.py:545} INFO - Filling up the DagBag from /opt/airflow/dags/ocr_pipeline_dag.py
[2025-11-10T09:41:43.851-0500] {logging_mixin.py:188} INFO - 📂 Using project root: /opt/project
[2025-11-10T09:41:44.022-0500] {logging_mixin.py:188} INFO - [2025-11-10T09:41:44.022-0500] {credentials.py:1278} INFO - Found credentials in shared credentials file: ~/.aws/credentials
[2025-11-10T09:41:44.722-0500] {processor.py:840} INFO - DAG(s) 'ocr_pipeline_dag' retrieved from /opt/airflow/dags/ocr_pipeline_dag.py
[2025-11-10T09:41:44.748-0500] {logging_mixin.py:188} INFO - [2025-11-10T09:41:44.747-0500] {dag.py:3089} INFO - Sync 1 DAGs
[2025-11-10T09:41:44.760-0500] {logging_mixin.py:188} INFO - [2025-11-10T09:41:44.760-0500] {dag.py:3947} INFO - Setting next_dagrun for ocr_pipeline_dag to None, run_after=None
[2025-11-10T09:41:44.779-0500] {processor.py:183} INFO - Processing /opt/airflow/dags/ocr_pipeline_dag.py took 0.959 seconds
[2025-11-10T09:42:15.362-0500] {processor.py:161} INFO - Started process (PID=4916) to work on /opt/airflow/dags/ocr_pipeline_dag.py
[2025-11-10T09:42:15.363-0500] {processor.py:830} INFO - Processing file /opt/airflow/dags/ocr_pipeline_dag.py for tasks to queue
[2025-11-10T09:42:15.364-0500] {logging_mixin.py:188} INFO - [2025-11-10T09:42:15.364-0500] {dagbag.py:545} INFO - Filling up the DagBag from /opt/airflow/dags/ocr_pipeline_dag.py
[2025-11-10T09:42:15.381-0500] {logging_mixin.py:188} INFO - 📂 Using project root: /opt/project
[2025-11-10T09:42:15.528-0500] {logging_mixin.py:188} INFO - [2025-11-10T09:42:15.528-0500] {credentials.py:1278} INFO - Found credentials in shared credentials file: ~/.aws/credentials
[2025-11-10T09:42:16.213-0500] {processor.py:840} INFO - DAG(s) 'ocr_pipeline_dag' retrieved from /opt/airflow/dags/ocr_pipeline_dag.py
[2025-11-10T09:42:16.241-0500] {logging_mixin.py:188} INFO - [2025-11-10T09:42:16.240-0500] {dag.py:3089} INFO - Sync 1 DAGs
[2025-11-10T09:42:16.252-0500] {logging_mixin.py:188} INFO - [2025-11-10T09:42:16.252-0500] {dag.py:3947} INFO - Setting next_dagrun for ocr_pipeline_dag to None, run_after=None
[2025-11-10T09:42:16.288-0500] {processor.py:183} INFO - Processing /opt/airflow/dags/ocr_pipeline_dag.py took 0.933 seconds
[2025-11-10T09:42:46.847-0500] {processor.py:161} INFO - Started process (PID=4922) to work on /opt/airflow/dags/ocr_pipeline_dag.py
[2025-11-10T09:42:46.848-0500] {processor.py:830} INFO - Processing file /opt/airflow/dags/ocr_pipeline_dag.py for tasks to queue
[2025-11-10T09:42:46.850-0500] {logging_mixin.py:188} INFO - [2025-11-10T09:42:46.849-0500] {dagbag.py:545} INFO - Filling up the DagBag from /opt/airflow/dags/ocr_pipeline_dag.py
[2025-11-10T09:42:46.869-0500] {logging_mixin.py:188} INFO - 📂 Using project root: /opt/project
[2025-11-10T09:42:47.029-0500] {logging_mixin.py:188} INFO - [2025-11-10T09:42:47.029-0500] {credentials.py:1278} INFO - Found credentials in shared credentials file: ~/.aws/credentials
[2025-11-10T09:42:47.671-0500] {processor.py:840} INFO - DAG(s) 'ocr_pipeline_dag' retrieved from /opt/airflow/dags/ocr_pipeline_dag.py
[2025-11-10T09:42:47.699-0500] {logging_mixin.py:188} INFO - [2025-11-10T09:42:47.699-0500] {dag.py:3089} INFO - Sync 1 DAGs
[2025-11-10T09:42:47.714-0500] {logging_mixin.py:188} INFO - [2025-11-10T09:42:47.714-0500] {dag.py:3947} INFO - Setting next_dagrun for ocr_pipeline_dag to None, run_after=None
[2025-11-10T09:42:47.738-0500] {processor.py:183} INFO - Processing /opt/airflow/dags/ocr_pipeline_dag.py took 0.900 seconds
[2025-11-10T09:43:18.352-0500] {processor.py:161} INFO - Started process (PID=4928) to work on /opt/airflow/dags/ocr_pipeline_dag.py
[2025-11-10T09:43:18.353-0500] {processor.py:830} INFO - Processing file /opt/airflow/dags/ocr_pipeline_dag.py for tasks to queue
[2025-11-10T09:43:18.355-0500] {logging_mixin.py:188} INFO - [2025-11-10T09:43:18.354-0500] {dagbag.py:545} INFO - Filling up the DagBag from /opt/airflow/dags/ocr_pipeline_dag.py
[2025-11-10T09:43:18.374-0500] {logging_mixin.py:188} INFO - 📂 Using project root: /opt/project
[2025-11-10T09:43:18.525-0500] {logging_mixin.py:188} INFO - [2025-11-10T09:43:18.525-0500] {credentials.py:1278} INFO - Found credentials in shared credentials file: ~/.aws/credentials
[2025-11-10T09:43:19.163-0500] {processor.py:840} INFO - DAG(s) 'ocr_pipeline_dag' retrieved from /opt/airflow/dags/ocr_pipeline_dag.py
[2025-11-10T09:43:19.186-0500] {logging_mixin.py:188} INFO - [2025-11-10T09:43:19.186-0500] {dag.py:3089} INFO - Sync 1 DAGs
[2025-11-10T09:43:19.198-0500] {logging_mixin.py:188} INFO - [2025-11-10T09:43:19.198-0500] {dag.py:3947} INFO - Setting next_dagrun for ocr_pipeline_dag to None, run_after=None
[2025-11-10T09:43:19.217-0500] {processor.py:183} INFO - Processing /opt/airflow/dags/ocr_pipeline_dag.py took 0.872 seconds
[2025-11-10T09:43:49.792-0500] {processor.py:161} INFO - Started process (PID=4934) to work on /opt/airflow/dags/ocr_pipeline_dag.py
[2025-11-10T09:43:49.793-0500] {processor.py:830} INFO - Processing file /opt/airflow/dags/ocr_pipeline_dag.py for tasks to queue
[2025-11-10T09:43:49.795-0500] {logging_mixin.py:188} INFO - [2025-11-10T09:43:49.794-0500] {dagbag.py:545} INFO - Filling up the DagBag from /opt/airflow/dags/ocr_pipeline_dag.py
[2025-11-10T09:43:49.810-0500] {logging_mixin.py:188} INFO - 📂 Using project root: /opt/project
[2025-11-10T09:43:49.959-0500] {logging_mixin.py:188} INFO - [2025-11-10T09:43:49.959-0500] {credentials.py:1278} INFO - Found credentials in shared credentials file: ~/.aws/credentials
[2025-11-10T09:43:50.680-0500] {processor.py:840} INFO - DAG(s) 'ocr_pipeline_dag' retrieved from /opt/airflow/dags/ocr_pipeline_dag.py
[2025-11-10T09:43:50.706-0500] {logging_mixin.py:188} INFO - [2025-11-10T09:43:50.705-0500] {dag.py:3089} INFO - Sync 1 DAGs
[2025-11-10T09:43:50.717-0500] {logging_mixin.py:188} INFO - [2025-11-10T09:43:50.716-0500] {dag.py:3947} INFO - Setting next_dagrun for ocr_pipeline_dag to None, run_after=None
[2025-11-10T09:43:50.748-0500] {processor.py:183} INFO - Processing /opt/airflow/dags/ocr_pipeline_dag.py took 0.963 seconds
[2025-11-10T09:44:21.335-0500] {processor.py:161} INFO - Started process (PID=4940) to work on /opt/airflow/dags/ocr_pipeline_dag.py
[2025-11-10T09:44:21.336-0500] {processor.py:830} INFO - Processing file /opt/airflow/dags/ocr_pipeline_dag.py for tasks to queue
[2025-11-10T09:44:21.338-0500] {logging_mixin.py:188} INFO - [2025-11-10T09:44:21.337-0500] {dagbag.py:545} INFO - Filling up the DagBag from /opt/airflow/dags/ocr_pipeline_dag.py
[2025-11-10T09:44:21.355-0500] {logging_mixin.py:188} INFO - 📂 Using project root: /opt/project
[2025-11-10T09:44:21.502-0500] {logging_mixin.py:188} INFO - [2025-11-10T09:44:21.502-0500] {credentials.py:1278} INFO - Found credentials in shared credentials file: ~/.aws/credentials
[2025-11-10T09:44:22.171-0500] {processor.py:840} INFO - DAG(s) 'ocr_pipeline_dag' retrieved from /opt/airflow/dags/ocr_pipeline_dag.py
[2025-11-10T09:44:22.209-0500] {logging_mixin.py:188} INFO - [2025-11-10T09:44:22.209-0500] {dag.py:3089} INFO - Sync 1 DAGs
[2025-11-10T09:44:22.221-0500] {logging_mixin.py:188} INFO - [2025-11-10T09:44:22.221-0500] {dag.py:3947} INFO - Setting next_dagrun for ocr_pipeline_dag to None, run_after=None
[2025-11-10T09:44:22.242-0500] {processor.py:183} INFO - Processing /opt/airflow/dags/ocr_pipeline_dag.py took 0.914 seconds
[2025-11-10T09:44:52.846-0500] {processor.py:161} INFO - Started process (PID=4946) to work on /opt/airflow/dags/ocr_pipeline_dag.py
[2025-11-10T09:44:52.847-0500] {processor.py:830} INFO - Processing file /opt/airflow/dags/ocr_pipeline_dag.py for tasks to queue
[2025-11-10T09:44:52.849-0500] {logging_mixin.py:188} INFO - [2025-11-10T09:44:52.848-0500] {dagbag.py:545} INFO - Filling up the DagBag from /opt/airflow/dags/ocr_pipeline_dag.py
[2025-11-10T09:44:52.871-0500] {logging_mixin.py:188} INFO - 📂 Using project root: /opt/project
[2025-11-10T09:44:53.015-0500] {logging_mixin.py:188} INFO - [2025-11-10T09:44:53.014-0500] {credentials.py:1278} INFO - Found credentials in shared credentials file: ~/.aws/credentials
[2025-11-10T09:44:53.622-0500] {processor.py:840} INFO - DAG(s) 'ocr_pipeline_dag' retrieved from /opt/airflow/dags/ocr_pipeline_dag.py
[2025-11-10T09:44:53.645-0500] {logging_mixin.py:188} INFO - [2025-11-10T09:44:53.645-0500] {dag.py:3089} INFO - Sync 1 DAGs
[2025-11-10T09:44:53.657-0500] {logging_mixin.py:188} INFO - [2025-11-10T09:44:53.656-0500] {dag.py:3947} INFO - Setting next_dagrun for ocr_pipeline_dag to None, run_after=None
[2025-11-10T09:44:53.686-0500] {processor.py:183} INFO - Processing /opt/airflow/dags/ocr_pipeline_dag.py took 0.846 seconds
[2025-11-10T09:45:24.304-0500] {processor.py:161} INFO - Started process (PID=4952) to work on /opt/airflow/dags/ocr_pipeline_dag.py
[2025-11-10T09:45:24.305-0500] {processor.py:830} INFO - Processing file /opt/airflow/dags/ocr_pipeline_dag.py for tasks to queue
[2025-11-10T09:45:24.306-0500] {logging_mixin.py:188} INFO - [2025-11-10T09:45:24.306-0500] {dagbag.py:545} INFO - Filling up the DagBag from /opt/airflow/dags/ocr_pipeline_dag.py
[2025-11-10T09:45:24.322-0500] {logging_mixin.py:188} INFO - 📂 Using project root: /opt/project
[2025-11-10T09:45:24.465-0500] {logging_mixin.py:188} INFO - [2025-11-10T09:45:24.465-0500] {credentials.py:1278} INFO - Found credentials in shared credentials file: ~/.aws/credentials
[2025-11-10T09:45:25.123-0500] {processor.py:840} INFO - DAG(s) 'ocr_pipeline_dag' retrieved from /opt/airflow/dags/ocr_pipeline_dag.py
[2025-11-10T09:45:25.146-0500] {logging_mixin.py:188} INFO - [2025-11-10T09:45:25.146-0500] {dag.py:3089} INFO - Sync 1 DAGs
[2025-11-10T09:45:25.157-0500] {logging_mixin.py:188} INFO - [2025-11-10T09:45:25.157-0500] {dag.py:3947} INFO - Setting next_dagrun for ocr_pipeline_dag to None, run_after=None
[2025-11-10T09:45:25.176-0500] {processor.py:183} INFO - Processing /opt/airflow/dags/ocr_pipeline_dag.py took 0.879 seconds
[2025-11-10T09:45:55.795-0500] {processor.py:161} INFO - Started process (PID=4958) to work on /opt/airflow/dags/ocr_pipeline_dag.py
[2025-11-10T09:45:55.796-0500] {processor.py:830} INFO - Processing file /opt/airflow/dags/ocr_pipeline_dag.py for tasks to queue
[2025-11-10T09:45:55.797-0500] {logging_mixin.py:188} INFO - [2025-11-10T09:45:55.797-0500] {dagbag.py:545} INFO - Filling up the DagBag from /opt/airflow/dags/ocr_pipeline_dag.py
[2025-11-10T09:45:55.813-0500] {logging_mixin.py:188} INFO - 📂 Using project root: /opt/project
[2025-11-10T09:45:55.981-0500] {logging_mixin.py:188} INFO - [2025-11-10T09:45:55.980-0500] {credentials.py:1278} INFO - Found credentials in shared credentials file: ~/.aws/credentials
[2025-11-10T09:45:56.649-0500] {processor.py:840} INFO - DAG(s) 'ocr_pipeline_dag' retrieved from /opt/airflow/dags/ocr_pipeline_dag.py
[2025-11-10T09:45:56.675-0500] {logging_mixin.py:188} INFO - [2025-11-10T09:45:56.674-0500] {dag.py:3089} INFO - Sync 1 DAGs
[2025-11-10T09:45:56.688-0500] {logging_mixin.py:188} INFO - [2025-11-10T09:45:56.688-0500] {dag.py:3947} INFO - Setting next_dagrun for ocr_pipeline_dag to None, run_after=None
[2025-11-10T09:45:56.712-0500] {processor.py:183} INFO - Processing /opt/airflow/dags/ocr_pipeline_dag.py took 0.924 seconds
[2025-11-10T09:46:27.194-0500] {processor.py:161} INFO - Started process (PID=4964) to work on /opt/airflow/dags/ocr_pipeline_dag.py
[2025-11-10T09:46:27.195-0500] {processor.py:830} INFO - Processing file /opt/airflow/dags/ocr_pipeline_dag.py for tasks to queue
[2025-11-10T09:46:27.197-0500] {logging_mixin.py:188} INFO - [2025-11-10T09:46:27.196-0500] {dagbag.py:545} INFO - Filling up the DagBag from /opt/airflow/dags/ocr_pipeline_dag.py
[2025-11-10T09:46:27.212-0500] {logging_mixin.py:188} INFO - 📂 Using project root: /opt/project
[2025-11-10T09:46:27.357-0500] {logging_mixin.py:188} INFO - [2025-11-10T09:46:27.356-0500] {credentials.py:1278} INFO - Found credentials in shared credentials file: ~/.aws/credentials
[2025-11-10T09:46:27.993-0500] {processor.py:840} INFO - DAG(s) 'ocr_pipeline_dag' retrieved from /opt/airflow/dags/ocr_pipeline_dag.py
[2025-11-10T09:46:28.017-0500] {logging_mixin.py:188} INFO - [2025-11-10T09:46:28.016-0500] {dag.py:3089} INFO - Sync 1 DAGs
[2025-11-10T09:46:28.030-0500] {logging_mixin.py:188} INFO - [2025-11-10T09:46:28.029-0500] {dag.py:3947} INFO - Setting next_dagrun for ocr_pipeline_dag to None, run_after=None
[2025-11-10T09:46:28.064-0500] {processor.py:183} INFO - Processing /opt/airflow/dags/ocr_pipeline_dag.py took 0.876 seconds
[2025-11-10T09:46:58.612-0500] {processor.py:161} INFO - Started process (PID=4970) to work on /opt/airflow/dags/ocr_pipeline_dag.py
[2025-11-10T09:46:58.613-0500] {processor.py:830} INFO - Processing file /opt/airflow/dags/ocr_pipeline_dag.py for tasks to queue
[2025-11-10T09:46:58.615-0500] {logging_mixin.py:188} INFO - [2025-11-10T09:46:58.614-0500] {dagbag.py:545} INFO - Filling up the DagBag from /opt/airflow/dags/ocr_pipeline_dag.py
[2025-11-10T09:46:58.631-0500] {logging_mixin.py:188} INFO - 📂 Using project root: /opt/project
[2025-11-10T09:46:58.785-0500] {logging_mixin.py:188} INFO - [2025-11-10T09:46:58.785-0500] {credentials.py:1278} INFO - Found credentials in shared credentials file: ~/.aws/credentials
[2025-11-10T09:46:59.414-0500] {processor.py:840} INFO - DAG(s) 'ocr_pipeline_dag' retrieved from /opt/airflow/dags/ocr_pipeline_dag.py
[2025-11-10T09:46:59.442-0500] {logging_mixin.py:188} INFO - [2025-11-10T09:46:59.441-0500] {dag.py:3089} INFO - Sync 1 DAGs
[2025-11-10T09:46:59.456-0500] {logging_mixin.py:188} INFO - [2025-11-10T09:46:59.456-0500] {dag.py:3947} INFO - Setting next_dagrun for ocr_pipeline_dag to None, run_after=None
[2025-11-10T09:46:59.479-0500] {processor.py:183} INFO - Processing /opt/airflow/dags/ocr_pipeline_dag.py took 0.873 seconds
[2025-11-10T09:47:30.127-0500] {processor.py:161} INFO - Started process (PID=4976) to work on /opt/airflow/dags/ocr_pipeline_dag.py
[2025-11-10T09:47:30.129-0500] {processor.py:830} INFO - Processing file /opt/airflow/dags/ocr_pipeline_dag.py for tasks to queue
[2025-11-10T09:47:30.130-0500] {logging_mixin.py:188} INFO - [2025-11-10T09:47:30.130-0500] {dagbag.py:545} INFO - Filling up the DagBag from /opt/airflow/dags/ocr_pipeline_dag.py
[2025-11-10T09:47:30.149-0500] {logging_mixin.py:188} INFO - 📂 Using project root: /opt/project
[2025-11-10T09:47:30.311-0500] {logging_mixin.py:188} INFO - [2025-11-10T09:47:30.311-0500] {credentials.py:1278} INFO - Found credentials in shared credentials file: ~/.aws/credentials
[2025-11-10T09:47:30.975-0500] {processor.py:840} INFO - DAG(s) 'ocr_pipeline_dag' retrieved from /opt/airflow/dags/ocr_pipeline_dag.py
[2025-11-10T09:47:31.005-0500] {logging_mixin.py:188} INFO - [2025-11-10T09:47:31.005-0500] {dag.py:3089} INFO - Sync 1 DAGs
[2025-11-10T09:47:31.017-0500] {logging_mixin.py:188} INFO - [2025-11-10T09:47:31.016-0500] {dag.py:3947} INFO - Setting next_dagrun for ocr_pipeline_dag to None, run_after=None
[2025-11-10T09:47:31.037-0500] {processor.py:183} INFO - Processing /opt/airflow/dags/ocr_pipeline_dag.py took 0.918 seconds
[2025-11-10T09:48:01.629-0500] {processor.py:161} INFO - Started process (PID=4982) to work on /opt/airflow/dags/ocr_pipeline_dag.py
[2025-11-10T09:48:01.630-0500] {processor.py:830} INFO - Processing file /opt/airflow/dags/ocr_pipeline_dag.py for tasks to queue
[2025-11-10T09:48:01.631-0500] {logging_mixin.py:188} INFO - [2025-11-10T09:48:01.631-0500] {dagbag.py:545} INFO - Filling up the DagBag from /opt/airflow/dags/ocr_pipeline_dag.py
[2025-11-10T09:48:01.647-0500] {logging_mixin.py:188} INFO - 📂 Using project root: /opt/project
[2025-11-10T09:48:01.783-0500] {logging_mixin.py:188} INFO - [2025-11-10T09:48:01.783-0500] {credentials.py:1278} INFO - Found credentials in shared credentials file: ~/.aws/credentials
[2025-11-10T09:48:02.402-0500] {processor.py:840} INFO - DAG(s) 'ocr_pipeline_dag' retrieved from /opt/airflow/dags/ocr_pipeline_dag.py
[2025-11-10T09:48:02.427-0500] {logging_mixin.py:188} INFO - [2025-11-10T09:48:02.427-0500] {dag.py:3089} INFO - Sync 1 DAGs
[2025-11-10T09:48:02.450-0500] {logging_mixin.py:188} INFO - [2025-11-10T09:48:02.449-0500] {dag.py:3947} INFO - Setting next_dagrun for ocr_pipeline_dag to None, run_after=None
[2025-11-10T09:48:02.471-0500] {processor.py:183} INFO - Processing /opt/airflow/dags/ocr_pipeline_dag.py took 0.849 seconds
[2025-11-10T09:48:33.068-0500] {processor.py:161} INFO - Started process (PID=4988) to work on /opt/airflow/dags/ocr_pipeline_dag.py
[2025-11-10T09:48:33.069-0500] {processor.py:830} INFO - Processing file /opt/airflow/dags/ocr_pipeline_dag.py for tasks to queue
[2025-11-10T09:48:33.070-0500] {logging_mixin.py:188} INFO - [2025-11-10T09:48:33.070-0500] {dagbag.py:545} INFO - Filling up the DagBag from /opt/airflow/dags/ocr_pipeline_dag.py
[2025-11-10T09:48:33.090-0500] {logging_mixin.py:188} INFO - 📂 Using project root: /opt/project
[2025-11-10T09:48:33.323-0500] {logging_mixin.py:188} INFO - [2025-11-10T09:48:33.323-0500] {credentials.py:1278} INFO - Found credentials in shared credentials file: ~/.aws/credentials
[2025-11-10T09:48:34.014-0500] {processor.py:840} INFO - DAG(s) 'ocr_pipeline_dag' retrieved from /opt/airflow/dags/ocr_pipeline_dag.py
[2025-11-10T09:48:34.039-0500] {logging_mixin.py:188} INFO - [2025-11-10T09:48:34.038-0500] {dag.py:3089} INFO - Sync 1 DAGs
[2025-11-10T09:48:34.051-0500] {logging_mixin.py:188} INFO - [2025-11-10T09:48:34.051-0500] {dag.py:3947} INFO - Setting next_dagrun for ocr_pipeline_dag to None, run_after=None
[2025-11-10T09:48:34.081-0500] {processor.py:183} INFO - Processing /opt/airflow/dags/ocr_pipeline_dag.py took 0.930 seconds
[2025-11-10T09:49:04.667-0500] {processor.py:161} INFO - Started process (PID=4994) to work on /opt/airflow/dags/ocr_pipeline_dag.py
[2025-11-10T09:49:04.669-0500] {processor.py:830} INFO - Processing file /opt/airflow/dags/ocr_pipeline_dag.py for tasks to queue
[2025-11-10T09:49:04.670-0500] {logging_mixin.py:188} INFO - [2025-11-10T09:49:04.670-0500] {dagbag.py:545} INFO - Filling up the DagBag from /opt/airflow/dags/ocr_pipeline_dag.py
[2025-11-10T09:49:04.688-0500] {logging_mixin.py:188} INFO - 📂 Using project root: /opt/project
[2025-11-10T09:49:04.831-0500] {logging_mixin.py:188} INFO - [2025-11-10T09:49:04.831-0500] {credentials.py:1278} INFO - Found credentials in shared credentials file: ~/.aws/credentials
[2025-11-10T09:49:05.524-0500] {processor.py:840} INFO - DAG(s) 'ocr_pipeline_dag' retrieved from /opt/airflow/dags/ocr_pipeline_dag.py
[2025-11-10T09:49:05.555-0500] {logging_mixin.py:188} INFO - [2025-11-10T09:49:05.555-0500] {dag.py:3089} INFO - Sync 1 DAGs
[2025-11-10T09:49:05.572-0500] {logging_mixin.py:188} INFO - [2025-11-10T09:49:05.571-0500] {dag.py:3947} INFO - Setting next_dagrun for ocr_pipeline_dag to None, run_after=None
[2025-11-10T09:49:05.595-0500] {processor.py:183} INFO - Processing /opt/airflow/dags/ocr_pipeline_dag.py took 0.936 seconds
[2025-11-10T09:49:36.225-0500] {processor.py:161} INFO - Started process (PID=5000) to work on /opt/airflow/dags/ocr_pipeline_dag.py
[2025-11-10T09:49:36.227-0500] {processor.py:830} INFO - Processing file /opt/airflow/dags/ocr_pipeline_dag.py for tasks to queue
[2025-11-10T09:49:36.229-0500] {logging_mixin.py:188} INFO - [2025-11-10T09:49:36.228-0500] {dagbag.py:545} INFO - Filling up the DagBag from /opt/airflow/dags/ocr_pipeline_dag.py
[2025-11-10T09:49:36.245-0500] {logging_mixin.py:188} INFO - 📂 Using project root: /opt/project
[2025-11-10T09:49:36.391-0500] {logging_mixin.py:188} INFO - [2025-11-10T09:49:36.391-0500] {credentials.py:1278} INFO - Found credentials in shared credentials file: ~/.aws/credentials
[2025-11-10T09:49:37.051-0500] {processor.py:840} INFO - DAG(s) 'ocr_pipeline_dag' retrieved from /opt/airflow/dags/ocr_pipeline_dag.py
[2025-11-10T09:49:37.078-0500] {logging_mixin.py:188} INFO - [2025-11-10T09:49:37.078-0500] {dag.py:3089} INFO - Sync 1 DAGs
[2025-11-10T09:49:37.091-0500] {logging_mixin.py:188} INFO - [2025-11-10T09:49:37.091-0500] {dag.py:3947} INFO - Setting next_dagrun for ocr_pipeline_dag to None, run_after=None
[2025-11-10T09:49:37.111-0500] {processor.py:183} INFO - Processing /opt/airflow/dags/ocr_pipeline_dag.py took 0.894 seconds
[2025-11-10T09:50:07.650-0500] {processor.py:161} INFO - Started process (PID=5006) to work on /opt/airflow/dags/ocr_pipeline_dag.py
[2025-11-10T09:50:07.651-0500] {processor.py:830} INFO - Processing file /opt/airflow/dags/ocr_pipeline_dag.py for tasks to queue
[2025-11-10T09:50:07.653-0500] {logging_mixin.py:188} INFO - [2025-11-10T09:50:07.652-0500] {dagbag.py:545} INFO - Filling up the DagBag from /opt/airflow/dags/ocr_pipeline_dag.py
[2025-11-10T09:50:07.669-0500] {logging_mixin.py:188} INFO - 📂 Using project root: /opt/project
[2025-11-10T09:50:07.858-0500] {logging_mixin.py:188} INFO - [2025-11-10T09:50:07.857-0500] {credentials.py:1278} INFO - Found credentials in shared credentials file: ~/.aws/credentials
[2025-11-10T09:50:08.525-0500] {processor.py:840} INFO - DAG(s) 'ocr_pipeline_dag' retrieved from /opt/airflow/dags/ocr_pipeline_dag.py
[2025-11-10T09:50:08.549-0500] {logging_mixin.py:188} INFO - [2025-11-10T09:50:08.548-0500] {dag.py:3089} INFO - Sync 1 DAGs
[2025-11-10T09:50:08.560-0500] {logging_mixin.py:188} INFO - [2025-11-10T09:50:08.559-0500] {dag.py:3947} INFO - Setting next_dagrun for ocr_pipeline_dag to None, run_after=None
[2025-11-10T09:50:08.589-0500] {processor.py:183} INFO - Processing /opt/airflow/dags/ocr_pipeline_dag.py took 0.946 seconds
[2025-11-10T09:50:39.253-0500] {processor.py:161} INFO - Started process (PID=5012) to work on /opt/airflow/dags/ocr_pipeline_dag.py
[2025-11-10T09:50:39.254-0500] {processor.py:830} INFO - Processing file /opt/airflow/dags/ocr_pipeline_dag.py for tasks to queue
[2025-11-10T09:50:39.256-0500] {logging_mixin.py:188} INFO - [2025-11-10T09:50:39.255-0500] {dagbag.py:545} INFO - Filling up the DagBag from /opt/airflow/dags/ocr_pipeline_dag.py
[2025-11-10T09:50:39.272-0500] {logging_mixin.py:188} INFO - 📂 Using project root: /opt/project
[2025-11-10T09:50:39.437-0500] {logging_mixin.py:188} INFO - [2025-11-10T09:50:39.437-0500] {credentials.py:1278} INFO - Found credentials in shared credentials file: ~/.aws/credentials
[2025-11-10T09:50:40.098-0500] {processor.py:840} INFO - DAG(s) 'ocr_pipeline_dag' retrieved from /opt/airflow/dags/ocr_pipeline_dag.py
[2025-11-10T09:50:40.132-0500] {logging_mixin.py:188} INFO - [2025-11-10T09:50:40.131-0500] {dag.py:3089} INFO - Sync 1 DAGs
[2025-11-10T09:50:40.144-0500] {logging_mixin.py:188} INFO - [2025-11-10T09:50:40.144-0500] {dag.py:3947} INFO - Setting next_dagrun for ocr_pipeline_dag to None, run_after=None
[2025-11-10T09:50:40.167-0500] {processor.py:183} INFO - Processing /opt/airflow/dags/ocr_pipeline_dag.py took 0.923 seconds
[2025-11-10T09:51:10.777-0500] {processor.py:161} INFO - Started process (PID=5018) to work on /opt/airflow/dags/ocr_pipeline_dag.py
[2025-11-10T09:51:10.778-0500] {processor.py:830} INFO - Processing file /opt/airflow/dags/ocr_pipeline_dag.py for tasks to queue
[2025-11-10T09:51:10.780-0500] {logging_mixin.py:188} INFO - [2025-11-10T09:51:10.779-0500] {dagbag.py:545} INFO - Filling up the DagBag from /opt/airflow/dags/ocr_pipeline_dag.py
[2025-11-10T09:51:10.811-0500] {logging_mixin.py:188} INFO - 📂 Using project root: /opt/project
[2025-11-10T09:51:10.990-0500] {logging_mixin.py:188} INFO - [2025-11-10T09:51:10.990-0500] {credentials.py:1278} INFO - Found credentials in shared credentials file: ~/.aws/credentials
[2025-11-10T09:51:11.680-0500] {processor.py:840} INFO - DAG(s) 'ocr_pipeline_dag' retrieved from /opt/airflow/dags/ocr_pipeline_dag.py
[2025-11-10T09:51:11.708-0500] {logging_mixin.py:188} INFO - [2025-11-10T09:51:11.707-0500] {dag.py:3089} INFO - Sync 1 DAGs
[2025-11-10T09:51:11.720-0500] {logging_mixin.py:188} INFO - [2025-11-10T09:51:11.720-0500] {dag.py:3947} INFO - Setting next_dagrun for ocr_pipeline_dag to None, run_after=None
[2025-11-10T09:51:11.740-0500] {processor.py:183} INFO - Processing /opt/airflow/dags/ocr_pipeline_dag.py took 0.971 seconds
[2025-11-10T09:51:42.334-0500] {processor.py:161} INFO - Started process (PID=5024) to work on /opt/airflow/dags/ocr_pipeline_dag.py
[2025-11-10T09:51:42.336-0500] {processor.py:830} INFO - Processing file /opt/airflow/dags/ocr_pipeline_dag.py for tasks to queue
[2025-11-10T09:51:42.337-0500] {logging_mixin.py:188} INFO - [2025-11-10T09:51:42.337-0500] {dagbag.py:545} INFO - Filling up the DagBag from /opt/airflow/dags/ocr_pipeline_dag.py
[2025-11-10T09:51:42.353-0500] {logging_mixin.py:188} INFO - 📂 Using project root: /opt/project
[2025-11-10T09:51:42.501-0500] {logging_mixin.py:188} INFO - [2025-11-10T09:51:42.501-0500] {credentials.py:1278} INFO - Found credentials in shared credentials file: ~/.aws/credentials
[2025-11-10T09:51:43.143-0500] {processor.py:840} INFO - DAG(s) 'ocr_pipeline_dag' retrieved from /opt/airflow/dags/ocr_pipeline_dag.py
[2025-11-10T09:51:43.178-0500] {logging_mixin.py:188} INFO - [2025-11-10T09:51:43.177-0500] {dag.py:3089} INFO - Sync 1 DAGs
[2025-11-10T09:51:43.191-0500] {logging_mixin.py:188} INFO - [2025-11-10T09:51:43.191-0500] {dag.py:3947} INFO - Setting next_dagrun for ocr_pipeline_dag to None, run_after=None
[2025-11-10T09:51:43.214-0500] {processor.py:183} INFO - Processing /opt/airflow/dags/ocr_pipeline_dag.py took 0.886 seconds
[2025-11-10T09:52:13.844-0500] {processor.py:161} INFO - Started process (PID=5030) to work on /opt/airflow/dags/ocr_pipeline_dag.py
[2025-11-10T09:52:13.846-0500] {processor.py:830} INFO - Processing file /opt/airflow/dags/ocr_pipeline_dag.py for tasks to queue
[2025-11-10T09:52:13.847-0500] {logging_mixin.py:188} INFO - [2025-11-10T09:52:13.847-0500] {dagbag.py:545} INFO - Filling up the DagBag from /opt/airflow/dags/ocr_pipeline_dag.py
[2025-11-10T09:52:13.860-0500] {logging_mixin.py:188} INFO - 📂 Using project root: /opt/project
[2025-11-10T09:52:13.995-0500] {logging_mixin.py:188} INFO - [2025-11-10T09:52:13.994-0500] {credentials.py:1278} INFO - Found credentials in shared credentials file: ~/.aws/credentials
[2025-11-10T09:52:14.612-0500] {processor.py:840} INFO - DAG(s) 'ocr_pipeline_dag' retrieved from /opt/airflow/dags/ocr_pipeline_dag.py
[2025-11-10T09:52:14.645-0500] {logging_mixin.py:188} INFO - [2025-11-10T09:52:14.645-0500] {dag.py:3089} INFO - Sync 1 DAGs
[2025-11-10T09:52:14.658-0500] {logging_mixin.py:188} INFO - [2025-11-10T09:52:14.658-0500] {dag.py:3947} INFO - Setting next_dagrun for ocr_pipeline_dag to None, run_after=None
[2025-11-10T09:52:14.679-0500] {processor.py:183} INFO - Processing /opt/airflow/dags/ocr_pipeline_dag.py took 0.841 seconds
[2025-11-10T09:52:45.294-0500] {processor.py:161} INFO - Started process (PID=5036) to work on /opt/airflow/dags/ocr_pipeline_dag.py
[2025-11-10T09:52:45.295-0500] {processor.py:830} INFO - Processing file /opt/airflow/dags/ocr_pipeline_dag.py for tasks to queue
[2025-11-10T09:52:45.296-0500] {logging_mixin.py:188} INFO - [2025-11-10T09:52:45.296-0500] {dagbag.py:545} INFO - Filling up the DagBag from /opt/airflow/dags/ocr_pipeline_dag.py
[2025-11-10T09:52:45.317-0500] {logging_mixin.py:188} INFO - 📂 Using project root: /opt/project
[2025-11-10T09:52:45.470-0500] {logging_mixin.py:188} INFO - [2025-11-10T09:52:45.470-0500] {credentials.py:1278} INFO - Found credentials in shared credentials file: ~/.aws/credentials
[2025-11-10T09:52:46.117-0500] {processor.py:840} INFO - DAG(s) 'ocr_pipeline_dag' retrieved from /opt/airflow/dags/ocr_pipeline_dag.py
[2025-11-10T09:52:46.143-0500] {logging_mixin.py:188} INFO - [2025-11-10T09:52:46.142-0500] {dag.py:3089} INFO - Sync 1 DAGs
[2025-11-10T09:52:46.154-0500] {logging_mixin.py:188} INFO - [2025-11-10T09:52:46.154-0500] {dag.py:3947} INFO - Setting next_dagrun for ocr_pipeline_dag to None, run_after=None
[2025-11-10T09:52:46.182-0500] {processor.py:183} INFO - Processing /opt/airflow/dags/ocr_pipeline_dag.py took 0.902 seconds
[2025-11-10T09:53:16.764-0500] {processor.py:161} INFO - Started process (PID=5042) to work on /opt/airflow/dags/ocr_pipeline_dag.py
[2025-11-10T09:53:16.766-0500] {processor.py:830} INFO - Processing file /opt/airflow/dags/ocr_pipeline_dag.py for tasks to queue
[2025-11-10T09:53:16.768-0500] {logging_mixin.py:188} INFO - [2025-11-10T09:53:16.767-0500] {dagbag.py:545} INFO - Filling up the DagBag from /opt/airflow/dags/ocr_pipeline_dag.py
[2025-11-10T09:53:16.785-0500] {logging_mixin.py:188} INFO - 📂 Using project root: /opt/project
[2025-11-10T09:53:16.940-0500] {logging_mixin.py:188} INFO - [2025-11-10T09:53:16.940-0500] {credentials.py:1278} INFO - Found credentials in shared credentials file: ~/.aws/credentials
[2025-11-10T09:53:17.636-0500] {processor.py:840} INFO - DAG(s) 'ocr_pipeline_dag' retrieved from /opt/airflow/dags/ocr_pipeline_dag.py
[2025-11-10T09:53:17.663-0500] {logging_mixin.py:188} INFO - [2025-11-10T09:53:17.663-0500] {dag.py:3089} INFO - Sync 1 DAGs
[2025-11-10T09:53:17.675-0500] {logging_mixin.py:188} INFO - [2025-11-10T09:53:17.675-0500] {dag.py:3947} INFO - Setting next_dagrun for ocr_pipeline_dag to None, run_after=None
[2025-11-10T09:53:17.694-0500] {processor.py:183} INFO - Processing /opt/airflow/dags/ocr_pipeline_dag.py took 0.940 seconds
[2025-11-10T09:53:48.324-0500] {processor.py:161} INFO - Started process (PID=5048) to work on /opt/airflow/dags/ocr_pipeline_dag.py
[2025-11-10T09:53:48.326-0500] {processor.py:830} INFO - Processing file /opt/airflow/dags/ocr_pipeline_dag.py for tasks to queue
[2025-11-10T09:53:48.327-0500] {logging_mixin.py:188} INFO - [2025-11-10T09:53:48.327-0500] {dagbag.py:545} INFO - Filling up the DagBag from /opt/airflow/dags/ocr_pipeline_dag.py
[2025-11-10T09:53:48.347-0500] {logging_mixin.py:188} INFO - 📂 Using project root: /opt/project
[2025-11-10T09:53:48.494-0500] {logging_mixin.py:188} INFO - [2025-11-10T09:53:48.493-0500] {credentials.py:1278} INFO - Found credentials in shared credentials file: ~/.aws/credentials
[2025-11-10T09:53:49.128-0500] {processor.py:840} INFO - DAG(s) 'ocr_pipeline_dag' retrieved from /opt/airflow/dags/ocr_pipeline_dag.py
[2025-11-10T09:53:49.154-0500] {logging_mixin.py:188} INFO - [2025-11-10T09:53:49.153-0500] {dag.py:3089} INFO - Sync 1 DAGs
[2025-11-10T09:53:49.165-0500] {logging_mixin.py:188} INFO - [2025-11-10T09:53:49.165-0500] {dag.py:3947} INFO - Setting next_dagrun for ocr_pipeline_dag to None, run_after=None
[2025-11-10T09:53:49.187-0500] {processor.py:183} INFO - Processing /opt/airflow/dags/ocr_pipeline_dag.py took 0.870 seconds
[2025-11-10T09:54:19.784-0500] {processor.py:161} INFO - Started process (PID=5054) to work on /opt/airflow/dags/ocr_pipeline_dag.py
[2025-11-10T09:54:19.786-0500] {processor.py:830} INFO - Processing file /opt/airflow/dags/ocr_pipeline_dag.py for tasks to queue
[2025-11-10T09:54:19.788-0500] {logging_mixin.py:188} INFO - [2025-11-10T09:54:19.787-0500] {dagbag.py:545} INFO - Filling up the DagBag from /opt/airflow/dags/ocr_pipeline_dag.py
[2025-11-10T09:54:19.805-0500] {logging_mixin.py:188} INFO - 📂 Using project root: /opt/project
[2025-11-10T09:54:19.963-0500] {logging_mixin.py:188} INFO - [2025-11-10T09:54:19.962-0500] {credentials.py:1278} INFO - Found credentials in shared credentials file: ~/.aws/credentials
[2025-11-10T09:54:20.627-0500] {processor.py:840} INFO - DAG(s) 'ocr_pipeline_dag' retrieved from /opt/airflow/dags/ocr_pipeline_dag.py
[2025-11-10T09:54:20.657-0500] {logging_mixin.py:188} INFO - [2025-11-10T09:54:20.656-0500] {dag.py:3089} INFO - Sync 1 DAGs
[2025-11-10T09:54:20.669-0500] {logging_mixin.py:188} INFO - [2025-11-10T09:54:20.668-0500] {dag.py:3947} INFO - Setting next_dagrun for ocr_pipeline_dag to None, run_after=None
[2025-11-10T09:54:20.685-0500] {processor.py:183} INFO - Processing /opt/airflow/dags/ocr_pipeline_dag.py took 0.910 seconds
[2025-11-10T09:54:51.312-0500] {processor.py:161} INFO - Started process (PID=5060) to work on /opt/airflow/dags/ocr_pipeline_dag.py
[2025-11-10T09:54:51.313-0500] {processor.py:830} INFO - Processing file /opt/airflow/dags/ocr_pipeline_dag.py for tasks to queue
[2025-11-10T09:54:51.314-0500] {logging_mixin.py:188} INFO - [2025-11-10T09:54:51.314-0500] {dagbag.py:545} INFO - Filling up the DagBag from /opt/airflow/dags/ocr_pipeline_dag.py
[2025-11-10T09:54:51.332-0500] {logging_mixin.py:188} INFO - 📂 Using project root: /opt/project
[2025-11-10T09:54:51.472-0500] {logging_mixin.py:188} INFO - [2025-11-10T09:54:51.472-0500] {credentials.py:1278} INFO - Found credentials in shared credentials file: ~/.aws/credentials
[2025-11-10T09:54:52.079-0500] {processor.py:840} INFO - DAG(s) 'ocr_pipeline_dag' retrieved from /opt/airflow/dags/ocr_pipeline_dag.py
[2025-11-10T09:54:52.103-0500] {logging_mixin.py:188} INFO - [2025-11-10T09:54:52.102-0500] {dag.py:3089} INFO - Sync 1 DAGs
[2025-11-10T09:54:52.115-0500] {logging_mixin.py:188} INFO - [2025-11-10T09:54:52.115-0500] {dag.py:3947} INFO - Setting next_dagrun for ocr_pipeline_dag to None, run_after=None
[2025-11-10T09:54:52.134-0500] {processor.py:183} INFO - Processing /opt/airflow/dags/ocr_pipeline_dag.py took 0.829 seconds
[2025-11-10T09:55:22.713-0500] {processor.py:161} INFO - Started process (PID=5066) to work on /opt/airflow/dags/ocr_pipeline_dag.py
[2025-11-10T09:55:22.714-0500] {processor.py:830} INFO - Processing file /opt/airflow/dags/ocr_pipeline_dag.py for tasks to queue
[2025-11-10T09:55:22.716-0500] {logging_mixin.py:188} INFO - [2025-11-10T09:55:22.715-0500] {dagbag.py:545} INFO - Filling up the DagBag from /opt/airflow/dags/ocr_pipeline_dag.py
[2025-11-10T09:55:22.732-0500] {logging_mixin.py:188} INFO - 📂 Using project root: /opt/project
[2025-11-10T09:55:22.881-0500] {logging_mixin.py:188} INFO - [2025-11-10T09:55:22.880-0500] {credentials.py:1278} INFO - Found credentials in shared credentials file: ~/.aws/credentials
[2025-11-10T09:55:23.573-0500] {processor.py:840} INFO - DAG(s) 'ocr_pipeline_dag' retrieved from /opt/airflow/dags/ocr_pipeline_dag.py
[2025-11-10T09:55:23.604-0500] {logging_mixin.py:188} INFO - [2025-11-10T09:55:23.603-0500] {dag.py:3089} INFO - Sync 1 DAGs
[2025-11-10T09:55:23.621-0500] {logging_mixin.py:188} INFO - [2025-11-10T09:55:23.621-0500] {dag.py:3947} INFO - Setting next_dagrun for ocr_pipeline_dag to None, run_after=None
[2025-11-10T09:55:23.661-0500] {processor.py:183} INFO - Processing /opt/airflow/dags/ocr_pipeline_dag.py took 0.955 seconds
[2025-11-10T09:55:54.375-0500] {processor.py:161} INFO - Started process (PID=5072) to work on /opt/airflow/dags/ocr_pipeline_dag.py
[2025-11-10T09:55:54.377-0500] {processor.py:830} INFO - Processing file /opt/airflow/dags/ocr_pipeline_dag.py for tasks to queue
[2025-11-10T09:55:54.378-0500] {logging_mixin.py:188} INFO - [2025-11-10T09:55:54.378-0500] {dagbag.py:545} INFO - Filling up the DagBag from /opt/airflow/dags/ocr_pipeline_dag.py
[2025-11-10T09:55:54.395-0500] {logging_mixin.py:188} INFO - 📂 Using project root: /opt/project
[2025-11-10T09:55:54.550-0500] {logging_mixin.py:188} INFO - [2025-11-10T09:55:54.550-0500] {credentials.py:1278} INFO - Found credentials in shared credentials file: ~/.aws/credentials
[2025-11-10T09:55:55.187-0500] {processor.py:840} INFO - DAG(s) 'ocr_pipeline_dag' retrieved from /opt/airflow/dags/ocr_pipeline_dag.py
[2025-11-10T09:55:55.213-0500] {logging_mixin.py:188} INFO - [2025-11-10T09:55:55.213-0500] {dag.py:3089} INFO - Sync 1 DAGs
[2025-11-10T09:55:55.225-0500] {logging_mixin.py:188} INFO - [2025-11-10T09:55:55.224-0500] {dag.py:3947} INFO - Setting next_dagrun for ocr_pipeline_dag to None, run_after=None
[2025-11-10T09:55:55.244-0500] {processor.py:183} INFO - Processing /opt/airflow/dags/ocr_pipeline_dag.py took 0.877 seconds
[2025-11-10T09:56:25.851-0500] {processor.py:161} INFO - Started process (PID=5078) to work on /opt/airflow/dags/ocr_pipeline_dag.py
[2025-11-10T09:56:25.853-0500] {processor.py:830} INFO - Processing file /opt/airflow/dags/ocr_pipeline_dag.py for tasks to queue
[2025-11-10T09:56:25.854-0500] {logging_mixin.py:188} INFO - [2025-11-10T09:56:25.854-0500] {dagbag.py:545} INFO - Filling up the DagBag from /opt/airflow/dags/ocr_pipeline_dag.py
[2025-11-10T09:56:25.872-0500] {logging_mixin.py:188} INFO - 📂 Using project root: /opt/project
[2025-11-10T09:56:26.012-0500] {logging_mixin.py:188} INFO - [2025-11-10T09:56:26.012-0500] {credentials.py:1278} INFO - Found credentials in shared credentials file: ~/.aws/credentials
[2025-11-10T09:56:26.661-0500] {processor.py:840} INFO - DAG(s) 'ocr_pipeline_dag' retrieved from /opt/airflow/dags/ocr_pipeline_dag.py
[2025-11-10T09:56:26.693-0500] {logging_mixin.py:188} INFO - [2025-11-10T09:56:26.693-0500] {dag.py:3089} INFO - Sync 1 DAGs
[2025-11-10T09:56:26.708-0500] {logging_mixin.py:188} INFO - [2025-11-10T09:56:26.708-0500] {dag.py:3947} INFO - Setting next_dagrun for ocr_pipeline_dag to None, run_after=None
[2025-11-10T09:56:26.741-0500] {processor.py:183} INFO - Processing /opt/airflow/dags/ocr_pipeline_dag.py took 0.897 seconds
[2025-11-10T09:56:57.324-0500] {processor.py:161} INFO - Started process (PID=5084) to work on /opt/airflow/dags/ocr_pipeline_dag.py
[2025-11-10T09:56:57.326-0500] {processor.py:830} INFO - Processing file /opt/airflow/dags/ocr_pipeline_dag.py for tasks to queue
[2025-11-10T09:56:57.327-0500] {logging_mixin.py:188} INFO - [2025-11-10T09:56:57.327-0500] {dagbag.py:545} INFO - Filling up the DagBag from /opt/airflow/dags/ocr_pipeline_dag.py
[2025-11-10T09:56:57.345-0500] {logging_mixin.py:188} INFO - 📂 Using project root: /opt/project
[2025-11-10T09:56:57.497-0500] {logging_mixin.py:188} INFO - [2025-11-10T09:56:57.497-0500] {credentials.py:1278} INFO - Found credentials in shared credentials file: ~/.aws/credentials
[2025-11-10T09:56:58.110-0500] {processor.py:840} INFO - DAG(s) 'ocr_pipeline_dag' retrieved from /opt/airflow/dags/ocr_pipeline_dag.py
[2025-11-10T09:56:58.135-0500] {logging_mixin.py:188} INFO - [2025-11-10T09:56:58.135-0500] {dag.py:3089} INFO - Sync 1 DAGs
[2025-11-10T09:56:58.147-0500] {logging_mixin.py:188} INFO - [2025-11-10T09:56:58.146-0500] {dag.py:3947} INFO - Setting next_dagrun for ocr_pipeline_dag to None, run_after=None
[2025-11-10T09:56:58.164-0500] {processor.py:183} INFO - Processing /opt/airflow/dags/ocr_pipeline_dag.py took 0.848 seconds
[2025-11-10T09:57:28.673-0500] {processor.py:161} INFO - Started process (PID=5090) to work on /opt/airflow/dags/ocr_pipeline_dag.py
[2025-11-10T09:57:28.674-0500] {processor.py:830} INFO - Processing file /opt/airflow/dags/ocr_pipeline_dag.py for tasks to queue
[2025-11-10T09:57:28.675-0500] {logging_mixin.py:188} INFO - [2025-11-10T09:57:28.675-0500] {dagbag.py:545} INFO - Filling up the DagBag from /opt/airflow/dags/ocr_pipeline_dag.py
[2025-11-10T09:57:28.693-0500] {logging_mixin.py:188} INFO - 📂 Using project root: /opt/project
[2025-11-10T09:57:28.844-0500] {logging_mixin.py:188} INFO - [2025-11-10T09:57:28.843-0500] {credentials.py:1278} INFO - Found credentials in shared credentials file: ~/.aws/credentials
[2025-11-10T09:57:29.496-0500] {processor.py:840} INFO - DAG(s) 'ocr_pipeline_dag' retrieved from /opt/airflow/dags/ocr_pipeline_dag.py
[2025-11-10T09:57:29.521-0500] {logging_mixin.py:188} INFO - [2025-11-10T09:57:29.520-0500] {dag.py:3089} INFO - Sync 1 DAGs
[2025-11-10T09:57:29.532-0500] {logging_mixin.py:188} INFO - [2025-11-10T09:57:29.532-0500] {dag.py:3947} INFO - Setting next_dagrun for ocr_pipeline_dag to None, run_after=None
[2025-11-10T09:57:29.554-0500] {processor.py:183} INFO - Processing /opt/airflow/dags/ocr_pipeline_dag.py took 0.890 seconds
[2025-11-10T09:58:00.195-0500] {processor.py:161} INFO - Started process (PID=5096) to work on /opt/airflow/dags/ocr_pipeline_dag.py
[2025-11-10T09:58:00.197-0500] {processor.py:830} INFO - Processing file /opt/airflow/dags/ocr_pipeline_dag.py for tasks to queue
[2025-11-10T09:58:00.198-0500] {logging_mixin.py:188} INFO - [2025-11-10T09:58:00.198-0500] {dagbag.py:545} INFO - Filling up the DagBag from /opt/airflow/dags/ocr_pipeline_dag.py
[2025-11-10T09:58:00.215-0500] {logging_mixin.py:188} INFO - 📂 Using project root: /opt/project
[2025-11-10T09:58:00.364-0500] {logging_mixin.py:188} INFO - [2025-11-10T09:58:00.363-0500] {credentials.py:1278} INFO - Found credentials in shared credentials file: ~/.aws/credentials
[2025-11-10T09:58:01.042-0500] {processor.py:840} INFO - DAG(s) 'ocr_pipeline_dag' retrieved from /opt/airflow/dags/ocr_pipeline_dag.py
[2025-11-10T09:58:01.096-0500] {logging_mixin.py:188} INFO - [2025-11-10T09:58:01.096-0500] {dag.py:3089} INFO - Sync 1 DAGs
[2025-11-10T09:58:01.114-0500] {logging_mixin.py:188} INFO - [2025-11-10T09:58:01.114-0500] {dag.py:3947} INFO - Setting next_dagrun for ocr_pipeline_dag to None, run_after=None
[2025-11-10T09:58:01.137-0500] {processor.py:183} INFO - Processing /opt/airflow/dags/ocr_pipeline_dag.py took 0.952 seconds
[2025-11-10T09:58:31.709-0500] {processor.py:161} INFO - Started process (PID=5102) to work on /opt/airflow/dags/ocr_pipeline_dag.py
[2025-11-10T09:58:31.711-0500] {processor.py:830} INFO - Processing file /opt/airflow/dags/ocr_pipeline_dag.py for tasks to queue
[2025-11-10T09:58:31.713-0500] {logging_mixin.py:188} INFO - [2025-11-10T09:58:31.712-0500] {dagbag.py:545} INFO - Filling up the DagBag from /opt/airflow/dags/ocr_pipeline_dag.py
[2025-11-10T09:58:31.731-0500] {logging_mixin.py:188} INFO - 📂 Using project root: /opt/project
[2025-11-10T09:58:31.892-0500] {logging_mixin.py:188} INFO - [2025-11-10T09:58:31.891-0500] {credentials.py:1278} INFO - Found credentials in shared credentials file: ~/.aws/credentials
[2025-11-10T09:58:32.552-0500] {processor.py:840} INFO - DAG(s) 'ocr_pipeline_dag' retrieved from /opt/airflow/dags/ocr_pipeline_dag.py
[2025-11-10T09:58:32.583-0500] {logging_mixin.py:188} INFO - [2025-11-10T09:58:32.583-0500] {dag.py:3089} INFO - Sync 1 DAGs
[2025-11-10T09:58:32.596-0500] {logging_mixin.py:188} INFO - [2025-11-10T09:58:32.596-0500] {dag.py:3947} INFO - Setting next_dagrun for ocr_pipeline_dag to None, run_after=None
[2025-11-10T09:58:32.629-0500] {processor.py:183} INFO - Processing /opt/airflow/dags/ocr_pipeline_dag.py took 0.931 seconds
[2025-11-10T09:59:03.286-0500] {processor.py:161} INFO - Started process (PID=5108) to work on /opt/airflow/dags/ocr_pipeline_dag.py
[2025-11-10T09:59:03.287-0500] {processor.py:830} INFO - Processing file /opt/airflow/dags/ocr_pipeline_dag.py for tasks to queue
[2025-11-10T09:59:03.288-0500] {logging_mixin.py:188} INFO - [2025-11-10T09:59:03.288-0500] {dagbag.py:545} INFO - Filling up the DagBag from /opt/airflow/dags/ocr_pipeline_dag.py
[2025-11-10T09:59:03.305-0500] {logging_mixin.py:188} INFO - 📂 Using project root: /opt/project
[2025-11-10T09:59:03.450-0500] {logging_mixin.py:188} INFO - [2025-11-10T09:59:03.450-0500] {credentials.py:1278} INFO - Found credentials in shared credentials file: ~/.aws/credentials
[2025-11-10T09:59:04.258-0500] {processor.py:840} INFO - DAG(s) 'ocr_pipeline_dag' retrieved from /opt/airflow/dags/ocr_pipeline_dag.py
[2025-11-10T09:59:04.289-0500] {logging_mixin.py:188} INFO - [2025-11-10T09:59:04.289-0500] {dag.py:3089} INFO - Sync 1 DAGs
[2025-11-10T09:59:04.303-0500] {logging_mixin.py:188} INFO - [2025-11-10T09:59:04.303-0500] {dag.py:3947} INFO - Setting next_dagrun for ocr_pipeline_dag to None, run_after=None
[2025-11-10T09:59:04.323-0500] {processor.py:183} INFO - Processing /opt/airflow/dags/ocr_pipeline_dag.py took 1.047 seconds
[2025-11-10T09:59:34.728-0500] {processor.py:161} INFO - Started process (PID=5114) to work on /opt/airflow/dags/ocr_pipeline_dag.py
[2025-11-10T09:59:34.730-0500] {processor.py:830} INFO - Processing file /opt/airflow/dags/ocr_pipeline_dag.py for tasks to queue
[2025-11-10T09:59:34.731-0500] {logging_mixin.py:188} INFO - [2025-11-10T09:59:34.731-0500] {dagbag.py:545} INFO - Filling up the DagBag from /opt/airflow/dags/ocr_pipeline_dag.py
[2025-11-10T09:59:34.746-0500] {logging_mixin.py:188} INFO - 📂 Using project root: /opt/project
[2025-11-10T09:59:34.891-0500] {logging_mixin.py:188} INFO - [2025-11-10T09:59:34.891-0500] {credentials.py:1278} INFO - Found credentials in shared credentials file: ~/.aws/credentials
[2025-11-10T09:59:35.646-0500] {processor.py:840} INFO - DAG(s) 'ocr_pipeline_dag' retrieved from /opt/airflow/dags/ocr_pipeline_dag.py
[2025-11-10T09:59:35.672-0500] {logging_mixin.py:188} INFO - [2025-11-10T09:59:35.672-0500] {dag.py:3089} INFO - Sync 1 DAGs
[2025-11-10T09:59:35.683-0500] {logging_mixin.py:188} INFO - [2025-11-10T09:59:35.683-0500] {dag.py:3947} INFO - Setting next_dagrun for ocr_pipeline_dag to None, run_after=None
[2025-11-10T09:59:35.702-0500] {processor.py:183} INFO - Processing /opt/airflow/dags/ocr_pipeline_dag.py took 0.895 seconds
[2025-11-10T10:00:06.203-0500] {processor.py:161} INFO - Started process (PID=5120) to work on /opt/airflow/dags/ocr_pipeline_dag.py
[2025-11-10T10:00:06.205-0500] {processor.py:830} INFO - Processing file /opt/airflow/dags/ocr_pipeline_dag.py for tasks to queue
[2025-11-10T10:00:06.206-0500] {logging_mixin.py:188} INFO - [2025-11-10T10:00:06.206-0500] {dagbag.py:545} INFO - Filling up the DagBag from /opt/airflow/dags/ocr_pipeline_dag.py
[2025-11-10T10:00:06.224-0500] {logging_mixin.py:188} INFO - 📂 Using project root: /opt/project
[2025-11-10T10:00:06.387-0500] {logging_mixin.py:188} INFO - [2025-11-10T10:00:06.387-0500] {credentials.py:1278} INFO - Found credentials in shared credentials file: ~/.aws/credentials
[2025-11-10T10:00:07.038-0500] {processor.py:840} INFO - DAG(s) 'ocr_pipeline_dag' retrieved from /opt/airflow/dags/ocr_pipeline_dag.py
[2025-11-10T10:00:07.095-0500] {logging_mixin.py:188} INFO - [2025-11-10T10:00:07.094-0500] {dag.py:3089} INFO - Sync 1 DAGs
[2025-11-10T10:00:07.106-0500] {logging_mixin.py:188} INFO - [2025-11-10T10:00:07.106-0500] {dag.py:3947} INFO - Setting next_dagrun for ocr_pipeline_dag to None, run_after=None
[2025-11-10T10:00:07.127-0500] {processor.py:183} INFO - Processing /opt/airflow/dags/ocr_pipeline_dag.py took 0.932 seconds
[2025-11-10T10:00:37.698-0500] {processor.py:161} INFO - Started process (PID=5126) to work on /opt/airflow/dags/ocr_pipeline_dag.py
[2025-11-10T10:00:37.699-0500] {processor.py:830} INFO - Processing file /opt/airflow/dags/ocr_pipeline_dag.py for tasks to queue
[2025-11-10T10:00:37.701-0500] {logging_mixin.py:188} INFO - [2025-11-10T10:00:37.700-0500] {dagbag.py:545} INFO - Filling up the DagBag from /opt/airflow/dags/ocr_pipeline_dag.py
[2025-11-10T10:00:37.716-0500] {logging_mixin.py:188} INFO - 📂 Using project root: /opt/project
[2025-11-10T10:00:37.862-0500] {logging_mixin.py:188} INFO - [2025-11-10T10:00:37.861-0500] {credentials.py:1278} INFO - Found credentials in shared credentials file: ~/.aws/credentials
[2025-11-10T10:00:38.558-0500] {processor.py:840} INFO - DAG(s) 'ocr_pipeline_dag' retrieved from /opt/airflow/dags/ocr_pipeline_dag.py
[2025-11-10T10:00:38.591-0500] {logging_mixin.py:188} INFO - [2025-11-10T10:00:38.590-0500] {dag.py:3089} INFO - Sync 1 DAGs
[2025-11-10T10:00:38.605-0500] {logging_mixin.py:188} INFO - [2025-11-10T10:00:38.604-0500] {dag.py:3947} INFO - Setting next_dagrun for ocr_pipeline_dag to None, run_after=None
[2025-11-10T10:00:38.628-0500] {processor.py:183} INFO - Processing /opt/airflow/dags/ocr_pipeline_dag.py took 0.936 seconds
[2025-11-10T10:01:09.179-0500] {processor.py:161} INFO - Started process (PID=5132) to work on /opt/airflow/dags/ocr_pipeline_dag.py
[2025-11-10T10:01:09.180-0500] {processor.py:830} INFO - Processing file /opt/airflow/dags/ocr_pipeline_dag.py for tasks to queue
[2025-11-10T10:01:09.182-0500] {logging_mixin.py:188} INFO - [2025-11-10T10:01:09.181-0500] {dagbag.py:545} INFO - Filling up the DagBag from /opt/airflow/dags/ocr_pipeline_dag.py
[2025-11-10T10:01:09.200-0500] {logging_mixin.py:188} INFO - 📂 Using project root: /opt/project
[2025-11-10T10:01:09.363-0500] {logging_mixin.py:188} INFO - [2025-11-10T10:01:09.362-0500] {credentials.py:1278} INFO - Found credentials in shared credentials file: ~/.aws/credentials
[2025-11-10T10:01:10.027-0500] {processor.py:840} INFO - DAG(s) 'ocr_pipeline_dag' retrieved from /opt/airflow/dags/ocr_pipeline_dag.py
[2025-11-10T10:01:10.053-0500] {logging_mixin.py:188} INFO - [2025-11-10T10:01:10.053-0500] {dag.py:3089} INFO - Sync 1 DAGs
[2025-11-10T10:01:10.067-0500] {logging_mixin.py:188} INFO - [2025-11-10T10:01:10.066-0500] {dag.py:3947} INFO - Setting next_dagrun for ocr_pipeline_dag to None, run_after=None
[2025-11-10T10:01:10.094-0500] {processor.py:183} INFO - Processing /opt/airflow/dags/ocr_pipeline_dag.py took 0.923 seconds
[2025-11-10T10:01:40.677-0500] {processor.py:161} INFO - Started process (PID=5138) to work on /opt/airflow/dags/ocr_pipeline_dag.py
[2025-11-10T10:01:40.678-0500] {processor.py:830} INFO - Processing file /opt/airflow/dags/ocr_pipeline_dag.py for tasks to queue
[2025-11-10T10:01:40.680-0500] {logging_mixin.py:188} INFO - [2025-11-10T10:01:40.679-0500] {dagbag.py:545} INFO - Filling up the DagBag from /opt/airflow/dags/ocr_pipeline_dag.py
[2025-11-10T10:01:40.698-0500] {logging_mixin.py:188} INFO - 📂 Using project root: /opt/project
[2025-11-10T10:01:40.848-0500] {logging_mixin.py:188} INFO - [2025-11-10T10:01:40.848-0500] {credentials.py:1278} INFO - Found credentials in shared credentials file: ~/.aws/credentials
[2025-11-10T10:01:41.624-0500] {processor.py:840} INFO - DAG(s) 'ocr_pipeline_dag' retrieved from /opt/airflow/dags/ocr_pipeline_dag.py
[2025-11-10T10:01:41.652-0500] {logging_mixin.py:188} INFO - [2025-11-10T10:01:41.651-0500] {dag.py:3089} INFO - Sync 1 DAGs
[2025-11-10T10:01:41.665-0500] {logging_mixin.py:188} INFO - [2025-11-10T10:01:41.665-0500] {dag.py:3947} INFO - Setting next_dagrun for ocr_pipeline_dag to None, run_after=None
[2025-11-10T10:01:41.687-0500] {processor.py:183} INFO - Processing /opt/airflow/dags/ocr_pipeline_dag.py took 1.016 seconds
[2025-11-10T10:02:12.189-0500] {processor.py:161} INFO - Started process (PID=5144) to work on /opt/airflow/dags/ocr_pipeline_dag.py
[2025-11-10T10:02:12.190-0500] {processor.py:830} INFO - Processing file /opt/airflow/dags/ocr_pipeline_dag.py for tasks to queue
[2025-11-10T10:02:12.192-0500] {logging_mixin.py:188} INFO - [2025-11-10T10:02:12.191-0500] {dagbag.py:545} INFO - Filling up the DagBag from /opt/airflow/dags/ocr_pipeline_dag.py
[2025-11-10T10:02:12.218-0500] {logging_mixin.py:188} INFO - 📂 Using project root: /opt/project
[2025-11-10T10:02:12.385-0500] {logging_mixin.py:188} INFO - [2025-11-10T10:02:12.385-0500] {credentials.py:1278} INFO - Found credentials in shared credentials file: ~/.aws/credentials
[2025-11-10T10:02:13.049-0500] {processor.py:840} INFO - DAG(s) 'ocr_pipeline_dag' retrieved from /opt/airflow/dags/ocr_pipeline_dag.py
[2025-11-10T10:02:13.075-0500] {logging_mixin.py:188} INFO - [2025-11-10T10:02:13.075-0500] {dag.py:3089} INFO - Sync 1 DAGs
[2025-11-10T10:02:13.086-0500] {logging_mixin.py:188} INFO - [2025-11-10T10:02:13.086-0500] {dag.py:3947} INFO - Setting next_dagrun for ocr_pipeline_dag to None, run_after=None
[2025-11-10T10:02:13.114-0500] {processor.py:183} INFO - Processing /opt/airflow/dags/ocr_pipeline_dag.py took 0.932 seconds
[2025-11-10T10:02:43.671-0500] {processor.py:161} INFO - Started process (PID=5150) to work on /opt/airflow/dags/ocr_pipeline_dag.py
[2025-11-10T10:02:43.673-0500] {processor.py:830} INFO - Processing file /opt/airflow/dags/ocr_pipeline_dag.py for tasks to queue
[2025-11-10T10:02:43.674-0500] {logging_mixin.py:188} INFO - [2025-11-10T10:02:43.674-0500] {dagbag.py:545} INFO - Filling up the DagBag from /opt/airflow/dags/ocr_pipeline_dag.py
[2025-11-10T10:02:43.691-0500] {logging_mixin.py:188} INFO - 📂 Using project root: /opt/project
[2025-11-10T10:02:43.876-0500] {logging_mixin.py:188} INFO - [2025-11-10T10:02:43.875-0500] {credentials.py:1278} INFO - Found credentials in shared credentials file: ~/.aws/credentials
[2025-11-10T10:02:44.581-0500] {processor.py:840} INFO - DAG(s) 'ocr_pipeline_dag' retrieved from /opt/airflow/dags/ocr_pipeline_dag.py
[2025-11-10T10:02:44.610-0500] {logging_mixin.py:188} INFO - [2025-11-10T10:02:44.610-0500] {dag.py:3089} INFO - Sync 1 DAGs
[2025-11-10T10:02:44.622-0500] {logging_mixin.py:188} INFO - [2025-11-10T10:02:44.622-0500] {dag.py:3947} INFO - Setting next_dagrun for ocr_pipeline_dag to None, run_after=None
[2025-11-10T10:02:44.643-0500] {processor.py:183} INFO - Processing /opt/airflow/dags/ocr_pipeline_dag.py took 0.980 seconds
[2025-11-10T10:03:15.243-0500] {processor.py:161} INFO - Started process (PID=5156) to work on /opt/airflow/dags/ocr_pipeline_dag.py
[2025-11-10T10:03:15.244-0500] {processor.py:830} INFO - Processing file /opt/airflow/dags/ocr_pipeline_dag.py for tasks to queue
[2025-11-10T10:03:15.246-0500] {logging_mixin.py:188} INFO - [2025-11-10T10:03:15.245-0500] {dagbag.py:545} INFO - Filling up the DagBag from /opt/airflow/dags/ocr_pipeline_dag.py
[2025-11-10T10:03:15.261-0500] {logging_mixin.py:188} INFO - 📂 Using project root: /opt/project
[2025-11-10T10:03:15.409-0500] {logging_mixin.py:188} INFO - [2025-11-10T10:03:15.409-0500] {credentials.py:1278} INFO - Found credentials in shared credentials file: ~/.aws/credentials
[2025-11-10T10:03:16.073-0500] {processor.py:840} INFO - DAG(s) 'ocr_pipeline_dag' retrieved from /opt/airflow/dags/ocr_pipeline_dag.py
[2025-11-10T10:03:16.103-0500] {logging_mixin.py:188} INFO - [2025-11-10T10:03:16.102-0500] {dag.py:3089} INFO - Sync 1 DAGs
[2025-11-10T10:03:16.117-0500] {logging_mixin.py:188} INFO - [2025-11-10T10:03:16.117-0500] {dag.py:3947} INFO - Setting next_dagrun for ocr_pipeline_dag to None, run_after=None
[2025-11-10T10:03:16.148-0500] {processor.py:183} INFO - Processing /opt/airflow/dags/ocr_pipeline_dag.py took 0.911 seconds
[2025-11-10T10:03:46.691-0500] {processor.py:161} INFO - Started process (PID=5162) to work on /opt/airflow/dags/ocr_pipeline_dag.py
[2025-11-10T10:03:46.692-0500] {processor.py:830} INFO - Processing file /opt/airflow/dags/ocr_pipeline_dag.py for tasks to queue
[2025-11-10T10:03:46.694-0500] {logging_mixin.py:188} INFO - [2025-11-10T10:03:46.693-0500] {dagbag.py:545} INFO - Filling up the DagBag from /opt/airflow/dags/ocr_pipeline_dag.py
[2025-11-10T10:03:46.715-0500] {logging_mixin.py:188} INFO - 📂 Using project root: /opt/project
[2025-11-10T10:03:46.873-0500] {logging_mixin.py:188} INFO - [2025-11-10T10:03:46.872-0500] {credentials.py:1278} INFO - Found credentials in shared credentials file: ~/.aws/credentials
[2025-11-10T10:03:47.538-0500] {processor.py:840} INFO - DAG(s) 'ocr_pipeline_dag' retrieved from /opt/airflow/dags/ocr_pipeline_dag.py
[2025-11-10T10:03:47.562-0500] {logging_mixin.py:188} INFO - [2025-11-10T10:03:47.562-0500] {dag.py:3089} INFO - Sync 1 DAGs
[2025-11-10T10:03:47.574-0500] {logging_mixin.py:188} INFO - [2025-11-10T10:03:47.574-0500] {dag.py:3947} INFO - Setting next_dagrun for ocr_pipeline_dag to None, run_after=None
[2025-11-10T10:03:47.601-0500] {processor.py:183} INFO - Processing /opt/airflow/dags/ocr_pipeline_dag.py took 0.917 seconds
[2025-11-10T10:04:18.219-0500] {processor.py:161} INFO - Started process (PID=5168) to work on /opt/airflow/dags/ocr_pipeline_dag.py
[2025-11-10T10:04:18.220-0500] {processor.py:830} INFO - Processing file /opt/airflow/dags/ocr_pipeline_dag.py for tasks to queue
[2025-11-10T10:04:18.221-0500] {logging_mixin.py:188} INFO - [2025-11-10T10:04:18.221-0500] {dagbag.py:545} INFO - Filling up the DagBag from /opt/airflow/dags/ocr_pipeline_dag.py
[2025-11-10T10:04:18.238-0500] {logging_mixin.py:188} INFO - 📂 Using project root: /opt/project
[2025-11-10T10:04:18.396-0500] {logging_mixin.py:188} INFO - [2025-11-10T10:04:18.396-0500] {credentials.py:1278} INFO - Found credentials in shared credentials file: ~/.aws/credentials
[2025-11-10T10:04:19.048-0500] {processor.py:840} INFO - DAG(s) 'ocr_pipeline_dag' retrieved from /opt/airflow/dags/ocr_pipeline_dag.py
[2025-11-10T10:04:19.075-0500] {logging_mixin.py:188} INFO - [2025-11-10T10:04:19.074-0500] {dag.py:3089} INFO - Sync 1 DAGs
[2025-11-10T10:04:19.088-0500] {logging_mixin.py:188} INFO - [2025-11-10T10:04:19.088-0500] {dag.py:3947} INFO - Setting next_dagrun for ocr_pipeline_dag to None, run_after=None
[2025-11-10T10:04:19.124-0500] {processor.py:183} INFO - Processing /opt/airflow/dags/ocr_pipeline_dag.py took 0.912 seconds
[2025-11-10T10:04:49.671-0500] {processor.py:161} INFO - Started process (PID=5174) to work on /opt/airflow/dags/ocr_pipeline_dag.py
[2025-11-10T10:04:49.672-0500] {processor.py:830} INFO - Processing file /opt/airflow/dags/ocr_pipeline_dag.py for tasks to queue
[2025-11-10T10:04:49.674-0500] {logging_mixin.py:188} INFO - [2025-11-10T10:04:49.673-0500] {dagbag.py:545} INFO - Filling up the DagBag from /opt/airflow/dags/ocr_pipeline_dag.py
[2025-11-10T10:04:49.695-0500] {logging_mixin.py:188} INFO - 📂 Using project root: /opt/project
[2025-11-10T10:04:49.902-0500] {logging_mixin.py:188} INFO - [2025-11-10T10:04:49.902-0500] {credentials.py:1278} INFO - Found credentials in shared credentials file: ~/.aws/credentials
[2025-11-10T10:04:50.624-0500] {processor.py:840} INFO - DAG(s) 'ocr_pipeline_dag' retrieved from /opt/airflow/dags/ocr_pipeline_dag.py
[2025-11-10T10:04:50.653-0500] {logging_mixin.py:188} INFO - [2025-11-10T10:04:50.652-0500] {dag.py:3089} INFO - Sync 1 DAGs
[2025-11-10T10:04:50.665-0500] {logging_mixin.py:188} INFO - [2025-11-10T10:04:50.664-0500] {dag.py:3947} INFO - Setting next_dagrun for ocr_pipeline_dag to None, run_after=None
[2025-11-10T10:04:50.688-0500] {processor.py:183} INFO - Processing /opt/airflow/dags/ocr_pipeline_dag.py took 1.024 seconds
[2025-11-10T10:05:21.219-0500] {processor.py:161} INFO - Started process (PID=5180) to work on /opt/airflow/dags/ocr_pipeline_dag.py
[2025-11-10T10:05:21.221-0500] {processor.py:830} INFO - Processing file /opt/airflow/dags/ocr_pipeline_dag.py for tasks to queue
[2025-11-10T10:05:21.223-0500] {logging_mixin.py:188} INFO - [2025-11-10T10:05:21.222-0500] {dagbag.py:545} INFO - Filling up the DagBag from /opt/airflow/dags/ocr_pipeline_dag.py
[2025-11-10T10:05:21.244-0500] {logging_mixin.py:188} INFO - 📂 Using project root: /opt/project
[2025-11-10T10:05:21.451-0500] {logging_mixin.py:188} INFO - [2025-11-10T10:05:21.451-0500] {credentials.py:1278} INFO - Found credentials in shared credentials file: ~/.aws/credentials
[2025-11-10T10:05:22.540-0500] {processor.py:840} INFO - DAG(s) 'ocr_pipeline_dag' retrieved from /opt/airflow/dags/ocr_pipeline_dag.py
[2025-11-10T10:05:22.578-0500] {logging_mixin.py:188} INFO - [2025-11-10T10:05:22.578-0500] {dag.py:3089} INFO - Sync 1 DAGs
[2025-11-10T10:05:22.599-0500] {logging_mixin.py:188} INFO - [2025-11-10T10:05:22.599-0500] {dag.py:3947} INFO - Setting next_dagrun for ocr_pipeline_dag to None, run_after=None
[2025-11-10T10:05:22.637-0500] {processor.py:183} INFO - Processing /opt/airflow/dags/ocr_pipeline_dag.py took 1.428 seconds
[2025-11-10T10:05:53.188-0500] {processor.py:161} INFO - Started process (PID=5186) to work on /opt/airflow/dags/ocr_pipeline_dag.py
[2025-11-10T10:05:53.190-0500] {processor.py:830} INFO - Processing file /opt/airflow/dags/ocr_pipeline_dag.py for tasks to queue
[2025-11-10T10:05:53.191-0500] {logging_mixin.py:188} INFO - [2025-11-10T10:05:53.191-0500] {dagbag.py:545} INFO - Filling up the DagBag from /opt/airflow/dags/ocr_pipeline_dag.py
[2025-11-10T10:05:53.209-0500] {logging_mixin.py:188} INFO - 📂 Using project root: /opt/project
[2025-11-10T10:05:53.390-0500] {logging_mixin.py:188} INFO - [2025-11-10T10:05:53.390-0500] {credentials.py:1278} INFO - Found credentials in shared credentials file: ~/.aws/credentials
[2025-11-10T10:05:54.100-0500] {processor.py:840} INFO - DAG(s) 'ocr_pipeline_dag' retrieved from /opt/airflow/dags/ocr_pipeline_dag.py
[2025-11-10T10:05:54.127-0500] {logging_mixin.py:188} INFO - [2025-11-10T10:05:54.126-0500] {dag.py:3089} INFO - Sync 1 DAGs
[2025-11-10T10:05:54.139-0500] {logging_mixin.py:188} INFO - [2025-11-10T10:05:54.138-0500] {dag.py:3947} INFO - Setting next_dagrun for ocr_pipeline_dag to None, run_after=None
[2025-11-10T10:05:54.172-0500] {processor.py:183} INFO - Processing /opt/airflow/dags/ocr_pipeline_dag.py took 0.991 seconds
[2025-11-10T10:06:24.799-0500] {processor.py:161} INFO - Started process (PID=5192) to work on /opt/airflow/dags/ocr_pipeline_dag.py
[2025-11-10T10:06:24.801-0500] {processor.py:830} INFO - Processing file /opt/airflow/dags/ocr_pipeline_dag.py for tasks to queue
[2025-11-10T10:06:24.803-0500] {logging_mixin.py:188} INFO - [2025-11-10T10:06:24.802-0500] {dagbag.py:545} INFO - Filling up the DagBag from /opt/airflow/dags/ocr_pipeline_dag.py
[2025-11-10T10:06:24.819-0500] {logging_mixin.py:188} INFO - 📂 Using project root: /opt/project
[2025-11-10T10:06:24.968-0500] {logging_mixin.py:188} INFO - [2025-11-10T10:06:24.968-0500] {credentials.py:1278} INFO - Found credentials in shared credentials file: ~/.aws/credentials
[2025-11-10T10:06:25.647-0500] {processor.py:840} INFO - DAG(s) 'ocr_pipeline_dag' retrieved from /opt/airflow/dags/ocr_pipeline_dag.py
[2025-11-10T10:06:25.672-0500] {logging_mixin.py:188} INFO - [2025-11-10T10:06:25.672-0500] {dag.py:3089} INFO - Sync 1 DAGs
[2025-11-10T10:06:25.684-0500] {logging_mixin.py:188} INFO - [2025-11-10T10:06:25.684-0500] {dag.py:3947} INFO - Setting next_dagrun for ocr_pipeline_dag to None, run_after=None
[2025-11-10T10:06:25.706-0500] {processor.py:183} INFO - Processing /opt/airflow/dags/ocr_pipeline_dag.py took 0.915 seconds
[2025-11-10T10:06:56.334-0500] {processor.py:161} INFO - Started process (PID=5198) to work on /opt/airflow/dags/ocr_pipeline_dag.py
[2025-11-10T10:06:56.335-0500] {processor.py:830} INFO - Processing file /opt/airflow/dags/ocr_pipeline_dag.py for tasks to queue
[2025-11-10T10:06:56.336-0500] {logging_mixin.py:188} INFO - [2025-11-10T10:06:56.336-0500] {dagbag.py:545} INFO - Filling up the DagBag from /opt/airflow/dags/ocr_pipeline_dag.py
[2025-11-10T10:06:56.353-0500] {logging_mixin.py:188} INFO - 📂 Using project root: /opt/project
[2025-11-10T10:06:56.513-0500] {logging_mixin.py:188} INFO - [2025-11-10T10:06:56.512-0500] {credentials.py:1278} INFO - Found credentials in shared credentials file: ~/.aws/credentials
[2025-11-10T10:06:57.169-0500] {processor.py:840} INFO - DAG(s) 'ocr_pipeline_dag' retrieved from /opt/airflow/dags/ocr_pipeline_dag.py
[2025-11-10T10:06:57.196-0500] {logging_mixin.py:188} INFO - [2025-11-10T10:06:57.195-0500] {dag.py:3089} INFO - Sync 1 DAGs
[2025-11-10T10:06:57.208-0500] {logging_mixin.py:188} INFO - [2025-11-10T10:06:57.208-0500] {dag.py:3947} INFO - Setting next_dagrun for ocr_pipeline_dag to None, run_after=None
[2025-11-10T10:06:57.229-0500] {processor.py:183} INFO - Processing /opt/airflow/dags/ocr_pipeline_dag.py took 0.902 seconds
[2025-11-10T10:07:27.813-0500] {processor.py:161} INFO - Started process (PID=5204) to work on /opt/airflow/dags/ocr_pipeline_dag.py
[2025-11-10T10:07:27.814-0500] {processor.py:830} INFO - Processing file /opt/airflow/dags/ocr_pipeline_dag.py for tasks to queue
[2025-11-10T10:07:27.815-0500] {logging_mixin.py:188} INFO - [2025-11-10T10:07:27.815-0500] {dagbag.py:545} INFO - Filling up the DagBag from /opt/airflow/dags/ocr_pipeline_dag.py
[2025-11-10T10:07:27.832-0500] {logging_mixin.py:188} INFO - 📂 Using project root: /opt/project
[2025-11-10T10:07:27.988-0500] {logging_mixin.py:188} INFO - [2025-11-10T10:07:27.988-0500] {credentials.py:1278} INFO - Found credentials in shared credentials file: ~/.aws/credentials
[2025-11-10T10:07:28.626-0500] {processor.py:840} INFO - DAG(s) 'ocr_pipeline_dag' retrieved from /opt/airflow/dags/ocr_pipeline_dag.py
[2025-11-10T10:07:28.651-0500] {logging_mixin.py:188} INFO - [2025-11-10T10:07:28.650-0500] {dag.py:3089} INFO - Sync 1 DAGs
[2025-11-10T10:07:28.662-0500] {logging_mixin.py:188} INFO - [2025-11-10T10:07:28.662-0500] {dag.py:3947} INFO - Setting next_dagrun for ocr_pipeline_dag to None, run_after=None
[2025-11-10T10:07:28.689-0500] {processor.py:183} INFO - Processing /opt/airflow/dags/ocr_pipeline_dag.py took 0.883 seconds
[2025-11-10T10:07:59.198-0500] {processor.py:161} INFO - Started process (PID=5210) to work on /opt/airflow/dags/ocr_pipeline_dag.py
[2025-11-10T10:07:59.200-0500] {processor.py:830} INFO - Processing file /opt/airflow/dags/ocr_pipeline_dag.py for tasks to queue
[2025-11-10T10:07:59.201-0500] {logging_mixin.py:188} INFO - [2025-11-10T10:07:59.201-0500] {dagbag.py:545} INFO - Filling up the DagBag from /opt/airflow/dags/ocr_pipeline_dag.py
[2025-11-10T10:07:59.218-0500] {logging_mixin.py:188} INFO - 📂 Using project root: /opt/project
[2025-11-10T10:07:59.380-0500] {logging_mixin.py:188} INFO - [2025-11-10T10:07:59.380-0500] {credentials.py:1278} INFO - Found credentials in shared credentials file: ~/.aws/credentials
[2025-11-10T10:08:00.034-0500] {processor.py:840} INFO - DAG(s) 'ocr_pipeline_dag' retrieved from /opt/airflow/dags/ocr_pipeline_dag.py
[2025-11-10T10:08:00.060-0500] {logging_mixin.py:188} INFO - [2025-11-10T10:08:00.060-0500] {dag.py:3089} INFO - Sync 1 DAGs
[2025-11-10T10:08:00.071-0500] {logging_mixin.py:188} INFO - [2025-11-10T10:08:00.071-0500] {dag.py:3947} INFO - Setting next_dagrun for ocr_pipeline_dag to None, run_after=None
[2025-11-10T10:08:00.090-0500] {processor.py:183} INFO - Processing /opt/airflow/dags/ocr_pipeline_dag.py took 0.903 seconds
[2025-11-10T10:08:30.683-0500] {processor.py:161} INFO - Started process (PID=5216) to work on /opt/airflow/dags/ocr_pipeline_dag.py
[2025-11-10T10:08:30.684-0500] {processor.py:830} INFO - Processing file /opt/airflow/dags/ocr_pipeline_dag.py for tasks to queue
[2025-11-10T10:08:30.685-0500] {logging_mixin.py:188} INFO - [2025-11-10T10:08:30.685-0500] {dagbag.py:545} INFO - Filling up the DagBag from /opt/airflow/dags/ocr_pipeline_dag.py
[2025-11-10T10:08:30.702-0500] {logging_mixin.py:188} INFO - 📂 Using project root: /opt/project
[2025-11-10T10:08:30.856-0500] {logging_mixin.py:188} INFO - [2025-11-10T10:08:30.855-0500] {credentials.py:1278} INFO - Found credentials in shared credentials file: ~/.aws/credentials
[2025-11-10T10:08:31.584-0500] {processor.py:840} INFO - DAG(s) 'ocr_pipeline_dag' retrieved from /opt/airflow/dags/ocr_pipeline_dag.py
[2025-11-10T10:08:31.610-0500] {logging_mixin.py:188} INFO - [2025-11-10T10:08:31.610-0500] {dag.py:3089} INFO - Sync 1 DAGs
[2025-11-10T10:08:31.622-0500] {logging_mixin.py:188} INFO - [2025-11-10T10:08:31.622-0500] {dag.py:3947} INFO - Setting next_dagrun for ocr_pipeline_dag to None, run_after=None
[2025-11-10T10:08:31.642-0500] {processor.py:183} INFO - Processing /opt/airflow/dags/ocr_pipeline_dag.py took 0.965 seconds
[2025-11-10T10:09:02.180-0500] {processor.py:161} INFO - Started process (PID=5222) to work on /opt/airflow/dags/ocr_pipeline_dag.py
[2025-11-10T10:09:02.182-0500] {processor.py:830} INFO - Processing file /opt/airflow/dags/ocr_pipeline_dag.py for tasks to queue
[2025-11-10T10:09:02.183-0500] {logging_mixin.py:188} INFO - [2025-11-10T10:09:02.183-0500] {dagbag.py:545} INFO - Filling up the DagBag from /opt/airflow/dags/ocr_pipeline_dag.py
[2025-11-10T10:09:02.199-0500] {logging_mixin.py:188} INFO - 📂 Using project root: /opt/project
[2025-11-10T10:09:02.351-0500] {logging_mixin.py:188} INFO - [2025-11-10T10:09:02.351-0500] {credentials.py:1278} INFO - Found credentials in shared credentials file: ~/.aws/credentials
[2025-11-10T10:09:02.979-0500] {processor.py:840} INFO - DAG(s) 'ocr_pipeline_dag' retrieved from /opt/airflow/dags/ocr_pipeline_dag.py
[2025-11-10T10:09:03.007-0500] {logging_mixin.py:188} INFO - [2025-11-10T10:09:03.006-0500] {dag.py:3089} INFO - Sync 1 DAGs
[2025-11-10T10:09:03.018-0500] {logging_mixin.py:188} INFO - [2025-11-10T10:09:03.018-0500] {dag.py:3947} INFO - Setting next_dagrun for ocr_pipeline_dag to None, run_after=None
[2025-11-10T10:09:03.040-0500] {processor.py:183} INFO - Processing /opt/airflow/dags/ocr_pipeline_dag.py took 0.869 seconds
[2025-11-10T10:09:33.619-0500] {processor.py:161} INFO - Started process (PID=5228) to work on /opt/airflow/dags/ocr_pipeline_dag.py
[2025-11-10T10:09:33.621-0500] {processor.py:830} INFO - Processing file /opt/airflow/dags/ocr_pipeline_dag.py for tasks to queue
[2025-11-10T10:09:33.622-0500] {logging_mixin.py:188} INFO - [2025-11-10T10:09:33.622-0500] {dagbag.py:545} INFO - Filling up the DagBag from /opt/airflow/dags/ocr_pipeline_dag.py
[2025-11-10T10:09:33.640-0500] {logging_mixin.py:188} INFO - 📂 Using project root: /opt/project
[2025-11-10T10:09:33.802-0500] {logging_mixin.py:188} INFO - [2025-11-10T10:09:33.801-0500] {credentials.py:1278} INFO - Found credentials in shared credentials file: ~/.aws/credentials
[2025-11-10T10:09:34.468-0500] {processor.py:840} INFO - DAG(s) 'ocr_pipeline_dag' retrieved from /opt/airflow/dags/ocr_pipeline_dag.py
[2025-11-10T10:09:34.500-0500] {logging_mixin.py:188} INFO - [2025-11-10T10:09:34.500-0500] {dag.py:3089} INFO - Sync 1 DAGs
[2025-11-10T10:09:34.511-0500] {logging_mixin.py:188} INFO - [2025-11-10T10:09:34.511-0500] {dag.py:3947} INFO - Setting next_dagrun for ocr_pipeline_dag to None, run_after=None
[2025-11-10T10:09:34.533-0500] {processor.py:183} INFO - Processing /opt/airflow/dags/ocr_pipeline_dag.py took 0.921 seconds
[2025-11-10T10:10:05.090-0500] {processor.py:161} INFO - Started process (PID=5234) to work on /opt/airflow/dags/ocr_pipeline_dag.py
[2025-11-10T10:10:05.092-0500] {processor.py:830} INFO - Processing file /opt/airflow/dags/ocr_pipeline_dag.py for tasks to queue
[2025-11-10T10:10:05.093-0500] {logging_mixin.py:188} INFO - [2025-11-10T10:10:05.093-0500] {dagbag.py:545} INFO - Filling up the DagBag from /opt/airflow/dags/ocr_pipeline_dag.py
[2025-11-10T10:10:05.110-0500] {logging_mixin.py:188} INFO - 📂 Using project root: /opt/project
[2025-11-10T10:10:05.263-0500] {logging_mixin.py:188} INFO - [2025-11-10T10:10:05.263-0500] {credentials.py:1278} INFO - Found credentials in shared credentials file: ~/.aws/credentials
[2025-11-10T10:10:05.877-0500] {processor.py:840} INFO - DAG(s) 'ocr_pipeline_dag' retrieved from /opt/airflow/dags/ocr_pipeline_dag.py
[2025-11-10T10:10:05.900-0500] {logging_mixin.py:188} INFO - [2025-11-10T10:10:05.900-0500] {dag.py:3089} INFO - Sync 1 DAGs
[2025-11-10T10:10:05.913-0500] {logging_mixin.py:188} INFO - [2025-11-10T10:10:05.913-0500] {dag.py:3947} INFO - Setting next_dagrun for ocr_pipeline_dag to None, run_after=None
[2025-11-10T10:10:05.959-0500] {processor.py:183} INFO - Processing /opt/airflow/dags/ocr_pipeline_dag.py took 0.874 seconds
[2025-11-10T10:10:36.649-0500] {processor.py:161} INFO - Started process (PID=5240) to work on /opt/airflow/dags/ocr_pipeline_dag.py
[2025-11-10T10:10:36.650-0500] {processor.py:830} INFO - Processing file /opt/airflow/dags/ocr_pipeline_dag.py for tasks to queue
[2025-11-10T10:10:36.652-0500] {logging_mixin.py:188} INFO - [2025-11-10T10:10:36.651-0500] {dagbag.py:545} INFO - Filling up the DagBag from /opt/airflow/dags/ocr_pipeline_dag.py
[2025-11-10T10:10:36.668-0500] {logging_mixin.py:188} INFO - 📂 Using project root: /opt/project
[2025-11-10T10:10:36.818-0500] {logging_mixin.py:188} INFO - [2025-11-10T10:10:36.818-0500] {credentials.py:1278} INFO - Found credentials in shared credentials file: ~/.aws/credentials
[2025-11-10T10:10:37.575-0500] {processor.py:840} INFO - DAG(s) 'ocr_pipeline_dag' retrieved from /opt/airflow/dags/ocr_pipeline_dag.py
[2025-11-10T10:10:37.602-0500] {logging_mixin.py:188} INFO - [2025-11-10T10:10:37.601-0500] {dag.py:3089} INFO - Sync 1 DAGs
[2025-11-10T10:10:37.616-0500] {logging_mixin.py:188} INFO - [2025-11-10T10:10:37.616-0500] {dag.py:3947} INFO - Setting next_dagrun for ocr_pipeline_dag to None, run_after=None
[2025-11-10T10:10:37.637-0500] {processor.py:183} INFO - Processing /opt/airflow/dags/ocr_pipeline_dag.py took 0.922 seconds
[2025-11-10T10:11:08.180-0500] {processor.py:161} INFO - Started process (PID=5246) to work on /opt/airflow/dags/ocr_pipeline_dag.py
[2025-11-10T10:11:08.181-0500] {processor.py:830} INFO - Processing file /opt/airflow/dags/ocr_pipeline_dag.py for tasks to queue
[2025-11-10T10:11:08.182-0500] {logging_mixin.py:188} INFO - [2025-11-10T10:11:08.182-0500] {dagbag.py:545} INFO - Filling up the DagBag from /opt/airflow/dags/ocr_pipeline_dag.py
[2025-11-10T10:11:08.197-0500] {logging_mixin.py:188} INFO - 📂 Using project root: /opt/project
[2025-11-10T10:11:08.347-0500] {logging_mixin.py:188} INFO - [2025-11-10T10:11:08.347-0500] {credentials.py:1278} INFO - Found credentials in shared credentials file: ~/.aws/credentials
[2025-11-10T10:11:08.973-0500] {processor.py:840} INFO - DAG(s) 'ocr_pipeline_dag' retrieved from /opt/airflow/dags/ocr_pipeline_dag.py
[2025-11-10T10:11:09.005-0500] {logging_mixin.py:188} INFO - [2025-11-10T10:11:09.004-0500] {dag.py:3089} INFO - Sync 1 DAGs
[2025-11-10T10:11:09.016-0500] {logging_mixin.py:188} INFO - [2025-11-10T10:11:09.015-0500] {dag.py:3947} INFO - Setting next_dagrun for ocr_pipeline_dag to None, run_after=None
[2025-11-10T10:11:09.035-0500] {processor.py:183} INFO - Processing /opt/airflow/dags/ocr_pipeline_dag.py took 0.861 seconds
[2025-11-10T11:43:07.218-0500] {processor.py:161} INFO - Started process (PID=5255) to work on /opt/airflow/dags/ocr_pipeline_dag.py
[2025-11-10T11:43:07.237-0500] {processor.py:830} INFO - Processing file /opt/airflow/dags/ocr_pipeline_dag.py for tasks to queue
[2025-11-10T11:43:07.355-0500] {logging_mixin.py:188} INFO - [2025-11-10T11:43:07.299-0500] {dagbag.py:545} INFO - Filling up the DagBag from /opt/airflow/dags/ocr_pipeline_dag.py
[2025-11-10T11:43:07.581-0500] {logging_mixin.py:188} INFO - 📂 Using project root: /opt/project
[2025-11-10T11:43:12.343-0500] {logging_mixin.py:188} INFO - [2025-11-10T11:43:12.338-0500] {credentials.py:1278} INFO - Found credentials in shared credentials file: ~/.aws/credentials
[2025-11-10T11:43:25.839-0500] {processor.py:840} INFO - DAG(s) 'ocr_pipeline_dag' retrieved from /opt/airflow/dags/ocr_pipeline_dag.py
[2025-11-10T11:43:25.952-0500] {logging_mixin.py:188} INFO - [2025-11-10T11:43:25.951-0500] {dag.py:3089} INFO - Sync 1 DAGs
[2025-11-10T11:43:25.983-0500] {logging_mixin.py:188} INFO - [2025-11-10T11:43:25.983-0500] {dag.py:3947} INFO - Setting next_dagrun for ocr_pipeline_dag to None, run_after=None
[2025-11-10T11:43:26.023-0500] {processor.py:183} INFO - Processing /opt/airflow/dags/ocr_pipeline_dag.py took 19.434 seconds
[2025-11-10T11:43:56.750-0500] {processor.py:161} INFO - Started process (PID=5261) to work on /opt/airflow/dags/ocr_pipeline_dag.py
[2025-11-10T11:43:56.758-0500] {processor.py:830} INFO - Processing file /opt/airflow/dags/ocr_pipeline_dag.py for tasks to queue
[2025-11-10T11:43:56.766-0500] {logging_mixin.py:188} INFO - [2025-11-10T11:43:56.764-0500] {dagbag.py:545} INFO - Filling up the DagBag from /opt/airflow/dags/ocr_pipeline_dag.py
[2025-11-10T11:43:56.859-0500] {logging_mixin.py:188} INFO - 📂 Using project root: /opt/project
[2025-11-10T11:43:57.808-0500] {logging_mixin.py:188} INFO - [2025-11-10T11:43:57.807-0500] {credentials.py:1278} INFO - Found credentials in shared credentials file: ~/.aws/credentials
[2025-11-10T11:43:59.680-0500] {processor.py:840} INFO - DAG(s) 'ocr_pipeline_dag' retrieved from /opt/airflow/dags/ocr_pipeline_dag.py
[2025-11-10T11:43:59.793-0500] {logging_mixin.py:188} INFO - [2025-11-10T11:43:59.792-0500] {dag.py:3089} INFO - Sync 1 DAGs
[2025-11-10T11:43:59.830-0500] {logging_mixin.py:188} INFO - [2025-11-10T11:43:59.829-0500] {dag.py:3947} INFO - Setting next_dagrun for ocr_pipeline_dag to None, run_after=None
[2025-11-10T11:43:59.890-0500] {processor.py:183} INFO - Processing /opt/airflow/dags/ocr_pipeline_dag.py took 3.189 seconds
[2025-11-10T11:44:30.370-0500] {processor.py:161} INFO - Started process (PID=5267) to work on /opt/airflow/dags/ocr_pipeline_dag.py
[2025-11-10T11:44:30.377-0500] {processor.py:830} INFO - Processing file /opt/airflow/dags/ocr_pipeline_dag.py for tasks to queue
[2025-11-10T11:44:30.382-0500] {logging_mixin.py:188} INFO - [2025-11-10T11:44:30.381-0500] {dagbag.py:545} INFO - Filling up the DagBag from /opt/airflow/dags/ocr_pipeline_dag.py
[2025-11-10T11:44:30.465-0500] {logging_mixin.py:188} INFO - 📂 Using project root: /opt/project
[2025-11-10T11:44:31.279-0500] {logging_mixin.py:188} INFO - [2025-11-10T11:44:31.278-0500] {credentials.py:1278} INFO - Found credentials in shared credentials file: ~/.aws/credentials
[2025-11-10T11:44:32.841-0500] {processor.py:840} INFO - DAG(s) 'ocr_pipeline_dag' retrieved from /opt/airflow/dags/ocr_pipeline_dag.py
[2025-11-10T11:44:33.065-0500] {logging_mixin.py:188} INFO - [2025-11-10T11:44:33.064-0500] {dag.py:3089} INFO - Sync 1 DAGs
[2025-11-10T11:44:33.119-0500] {logging_mixin.py:188} INFO - [2025-11-10T11:44:33.118-0500] {dag.py:3947} INFO - Setting next_dagrun for ocr_pipeline_dag to None, run_after=None
[2025-11-10T11:44:33.202-0500] {processor.py:183} INFO - Processing /opt/airflow/dags/ocr_pipeline_dag.py took 2.864 seconds
[2025-11-10T11:45:04.051-0500] {processor.py:161} INFO - Started process (PID=5273) to work on /opt/airflow/dags/ocr_pipeline_dag.py
[2025-11-10T11:45:04.057-0500] {processor.py:830} INFO - Processing file /opt/airflow/dags/ocr_pipeline_dag.py for tasks to queue
[2025-11-10T11:45:04.062-0500] {logging_mixin.py:188} INFO - [2025-11-10T11:45:04.061-0500] {dagbag.py:545} INFO - Filling up the DagBag from /opt/airflow/dags/ocr_pipeline_dag.py
[2025-11-10T11:45:04.139-0500] {logging_mixin.py:188} INFO - 📂 Using project root: /opt/project
[2025-11-10T11:45:04.859-0500] {logging_mixin.py:188} INFO - [2025-11-10T11:45:04.858-0500] {credentials.py:1278} INFO - Found credentials in shared credentials file: ~/.aws/credentials
[2025-11-10T11:45:06.930-0500] {processor.py:840} INFO - DAG(s) 'ocr_pipeline_dag' retrieved from /opt/airflow/dags/ocr_pipeline_dag.py
[2025-11-10T11:45:07.015-0500] {logging_mixin.py:188} INFO - [2025-11-10T11:45:07.014-0500] {dag.py:3089} INFO - Sync 1 DAGs
[2025-11-10T11:45:07.114-0500] {logging_mixin.py:188} INFO - [2025-11-10T11:45:07.113-0500] {dag.py:3947} INFO - Setting next_dagrun for ocr_pipeline_dag to None, run_after=None
[2025-11-10T11:45:07.316-0500] {processor.py:183} INFO - Processing /opt/airflow/dags/ocr_pipeline_dag.py took 3.294 seconds
[2025-11-10T11:45:38.081-0500] {processor.py:161} INFO - Started process (PID=5279) to work on /opt/airflow/dags/ocr_pipeline_dag.py
[2025-11-10T11:45:38.098-0500] {processor.py:830} INFO - Processing file /opt/airflow/dags/ocr_pipeline_dag.py for tasks to queue
[2025-11-10T11:45:38.108-0500] {logging_mixin.py:188} INFO - [2025-11-10T11:45:38.104-0500] {dagbag.py:545} INFO - Filling up the DagBag from /opt/airflow/dags/ocr_pipeline_dag.py
[2025-11-10T11:45:38.221-0500] {logging_mixin.py:188} INFO - 📂 Using project root: /opt/project
[2025-11-10T11:45:39.111-0500] {logging_mixin.py:188} INFO - [2025-11-10T11:45:39.109-0500] {credentials.py:1278} INFO - Found credentials in shared credentials file: ~/.aws/credentials
[2025-11-10T11:45:40.944-0500] {processor.py:840} INFO - DAG(s) 'ocr_pipeline_dag' retrieved from /opt/airflow/dags/ocr_pipeline_dag.py
[2025-11-10T11:45:41.002-0500] {logging_mixin.py:188} INFO - [2025-11-10T11:45:41.001-0500] {dag.py:3089} INFO - Sync 1 DAGs
[2025-11-10T11:45:41.037-0500] {logging_mixin.py:188} INFO - [2025-11-10T11:45:41.036-0500] {dag.py:3947} INFO - Setting next_dagrun for ocr_pipeline_dag to None, run_after=None
[2025-11-10T11:45:41.153-0500] {processor.py:183} INFO - Processing /opt/airflow/dags/ocr_pipeline_dag.py took 3.130 seconds
[2025-11-10T11:46:11.843-0500] {processor.py:161} INFO - Started process (PID=5285) to work on /opt/airflow/dags/ocr_pipeline_dag.py
[2025-11-10T11:46:11.849-0500] {processor.py:830} INFO - Processing file /opt/airflow/dags/ocr_pipeline_dag.py for tasks to queue
[2025-11-10T11:46:11.855-0500] {logging_mixin.py:188} INFO - [2025-11-10T11:46:11.853-0500] {dagbag.py:545} INFO - Filling up the DagBag from /opt/airflow/dags/ocr_pipeline_dag.py
[2025-11-10T11:46:11.985-0500] {logging_mixin.py:188} INFO - 📂 Using project root: /opt/project
[2025-11-10T11:46:12.578-0500] {logging_mixin.py:188} INFO - [2025-11-10T11:46:12.577-0500] {credentials.py:1278} INFO - Found credentials in shared credentials file: ~/.aws/credentials
[2025-11-10T11:46:14.405-0500] {processor.py:840} INFO - DAG(s) 'ocr_pipeline_dag' retrieved from /opt/airflow/dags/ocr_pipeline_dag.py
[2025-11-10T11:46:14.566-0500] {logging_mixin.py:188} INFO - [2025-11-10T11:46:14.564-0500] {dag.py:3089} INFO - Sync 1 DAGs
[2025-11-10T11:46:14.610-0500] {logging_mixin.py:188} INFO - [2025-11-10T11:46:14.610-0500] {dag.py:3947} INFO - Setting next_dagrun for ocr_pipeline_dag to None, run_after=None
[2025-11-10T11:46:14.672-0500] {processor.py:183} INFO - Processing /opt/airflow/dags/ocr_pipeline_dag.py took 2.862 seconds
[2025-11-10T11:46:45.445-0500] {processor.py:161} INFO - Started process (PID=5291) to work on /opt/airflow/dags/ocr_pipeline_dag.py
[2025-11-10T11:46:45.447-0500] {processor.py:830} INFO - Processing file /opt/airflow/dags/ocr_pipeline_dag.py for tasks to queue
[2025-11-10T11:46:45.451-0500] {logging_mixin.py:188} INFO - [2025-11-10T11:46:45.450-0500] {dagbag.py:545} INFO - Filling up the DagBag from /opt/airflow/dags/ocr_pipeline_dag.py
[2025-11-10T11:46:45.490-0500] {logging_mixin.py:188} INFO - 📂 Using project root: /opt/project
[2025-11-10T11:46:46.020-0500] {logging_mixin.py:188} INFO - [2025-11-10T11:46:46.019-0500] {credentials.py:1278} INFO - Found credentials in shared credentials file: ~/.aws/credentials
[2025-11-10T11:46:48.599-0500] {processor.py:840} INFO - DAG(s) 'ocr_pipeline_dag' retrieved from /opt/airflow/dags/ocr_pipeline_dag.py
[2025-11-10T11:46:48.732-0500] {logging_mixin.py:188} INFO - [2025-11-10T11:46:48.730-0500] {dag.py:3089} INFO - Sync 1 DAGs
[2025-11-10T11:46:48.787-0500] {logging_mixin.py:188} INFO - [2025-11-10T11:46:48.785-0500] {dag.py:3947} INFO - Setting next_dagrun for ocr_pipeline_dag to None, run_after=None
[2025-11-10T11:46:48.885-0500] {processor.py:183} INFO - Processing /opt/airflow/dags/ocr_pipeline_dag.py took 3.462 seconds
[2025-11-10T11:47:19.760-0500] {processor.py:161} INFO - Started process (PID=5297) to work on /opt/airflow/dags/ocr_pipeline_dag.py
[2025-11-10T11:47:19.768-0500] {processor.py:830} INFO - Processing file /opt/airflow/dags/ocr_pipeline_dag.py for tasks to queue
[2025-11-10T11:47:19.775-0500] {logging_mixin.py:188} INFO - [2025-11-10T11:47:19.773-0500] {dagbag.py:545} INFO - Filling up the DagBag from /opt/airflow/dags/ocr_pipeline_dag.py
[2025-11-10T11:47:19.906-0500] {logging_mixin.py:188} INFO - 📂 Using project root: /opt/project
[2025-11-10T11:47:20.592-0500] {logging_mixin.py:188} INFO - [2025-11-10T11:47:20.592-0500] {credentials.py:1278} INFO - Found credentials in shared credentials file: ~/.aws/credentials
[2025-11-10T11:47:22.400-0500] {processor.py:840} INFO - DAG(s) 'ocr_pipeline_dag' retrieved from /opt/airflow/dags/ocr_pipeline_dag.py
[2025-11-10T11:47:22.456-0500] {logging_mixin.py:188} INFO - [2025-11-10T11:47:22.455-0500] {dag.py:3089} INFO - Sync 1 DAGs
[2025-11-10T11:47:22.484-0500] {logging_mixin.py:188} INFO - [2025-11-10T11:47:22.484-0500] {dag.py:3947} INFO - Setting next_dagrun for ocr_pipeline_dag to None, run_after=None
[2025-11-10T11:47:22.523-0500] {processor.py:183} INFO - Processing /opt/airflow/dags/ocr_pipeline_dag.py took 2.802 seconds
[2025-11-10T11:47:53.632-0500] {processor.py:161} INFO - Started process (PID=5303) to work on /opt/airflow/dags/ocr_pipeline_dag.py
[2025-11-10T11:47:53.638-0500] {processor.py:830} INFO - Processing file /opt/airflow/dags/ocr_pipeline_dag.py for tasks to queue
[2025-11-10T11:47:53.644-0500] {logging_mixin.py:188} INFO - [2025-11-10T11:47:53.642-0500] {dagbag.py:545} INFO - Filling up the DagBag from /opt/airflow/dags/ocr_pipeline_dag.py
[2025-11-10T11:47:53.730-0500] {logging_mixin.py:188} INFO - 📂 Using project root: /opt/project
[2025-11-10T11:47:54.459-0500] {logging_mixin.py:188} INFO - [2025-11-10T11:47:54.457-0500] {credentials.py:1278} INFO - Found credentials in shared credentials file: ~/.aws/credentials
[2025-11-10T11:47:56.133-0500] {processor.py:840} INFO - DAG(s) 'ocr_pipeline_dag' retrieved from /opt/airflow/dags/ocr_pipeline_dag.py
[2025-11-10T11:47:56.228-0500] {logging_mixin.py:188} INFO - [2025-11-10T11:47:56.227-0500] {dag.py:3089} INFO - Sync 1 DAGs
[2025-11-10T11:47:56.258-0500] {logging_mixin.py:188} INFO - [2025-11-10T11:47:56.258-0500] {dag.py:3947} INFO - Setting next_dagrun for ocr_pipeline_dag to None, run_after=None
[2025-11-10T11:47:56.320-0500] {processor.py:183} INFO - Processing /opt/airflow/dags/ocr_pipeline_dag.py took 2.723 seconds
[2025-11-10T11:48:27.254-0500] {processor.py:161} INFO - Started process (PID=5309) to work on /opt/airflow/dags/ocr_pipeline_dag.py
[2025-11-10T11:48:27.262-0500] {processor.py:830} INFO - Processing file /opt/airflow/dags/ocr_pipeline_dag.py for tasks to queue
[2025-11-10T11:48:27.269-0500] {logging_mixin.py:188} INFO - [2025-11-10T11:48:27.267-0500] {dagbag.py:545} INFO - Filling up the DagBag from /opt/airflow/dags/ocr_pipeline_dag.py
[2025-11-10T11:48:27.389-0500] {logging_mixin.py:188} INFO - 📂 Using project root: /opt/project
[2025-11-10T11:48:28.011-0500] {logging_mixin.py:188} INFO - [2025-11-10T11:48:28.010-0500] {credentials.py:1278} INFO - Found credentials in shared credentials file: ~/.aws/credentials
[2025-11-10T11:48:30.374-0500] {processor.py:840} INFO - DAG(s) 'ocr_pipeline_dag' retrieved from /opt/airflow/dags/ocr_pipeline_dag.py
[2025-11-10T11:48:30.596-0500] {logging_mixin.py:188} INFO - [2025-11-10T11:48:30.594-0500] {dag.py:3089} INFO - Sync 1 DAGs
[2025-11-10T11:48:30.670-0500] {logging_mixin.py:188} INFO - [2025-11-10T11:48:30.669-0500] {dag.py:3947} INFO - Setting next_dagrun for ocr_pipeline_dag to None, run_after=None
[2025-11-10T11:48:30.791-0500] {processor.py:183} INFO - Processing /opt/airflow/dags/ocr_pipeline_dag.py took 3.533 seconds
[2025-11-10T11:49:01.740-0500] {processor.py:161} INFO - Started process (PID=5315) to work on /opt/airflow/dags/ocr_pipeline_dag.py
[2025-11-10T11:49:01.749-0500] {processor.py:830} INFO - Processing file /opt/airflow/dags/ocr_pipeline_dag.py for tasks to queue
[2025-11-10T11:49:01.757-0500] {logging_mixin.py:188} INFO - [2025-11-10T11:49:01.755-0500] {dagbag.py:545} INFO - Filling up the DagBag from /opt/airflow/dags/ocr_pipeline_dag.py
[2025-11-10T11:49:01.861-0500] {logging_mixin.py:188} INFO - 📂 Using project root: /opt/project
[2025-11-10T11:49:02.860-0500] {logging_mixin.py:188} INFO - [2025-11-10T11:49:02.858-0500] {credentials.py:1278} INFO - Found credentials in shared credentials file: ~/.aws/credentials
[2025-11-10T11:49:04.549-0500] {processor.py:840} INFO - DAG(s) 'ocr_pipeline_dag' retrieved from /opt/airflow/dags/ocr_pipeline_dag.py
[2025-11-10T11:49:04.693-0500] {logging_mixin.py:188} INFO - [2025-11-10T11:49:04.691-0500] {dag.py:3089} INFO - Sync 1 DAGs
[2025-11-10T11:49:04.746-0500] {logging_mixin.py:188} INFO - [2025-11-10T11:49:04.744-0500] {dag.py:3947} INFO - Setting next_dagrun for ocr_pipeline_dag to None, run_after=None
[2025-11-10T11:49:04.873-0500] {processor.py:183} INFO - Processing /opt/airflow/dags/ocr_pipeline_dag.py took 3.185 seconds
[2025-11-10T11:49:35.729-0500] {processor.py:161} INFO - Started process (PID=5321) to work on /opt/airflow/dags/ocr_pipeline_dag.py
[2025-11-10T11:49:35.732-0500] {processor.py:830} INFO - Processing file /opt/airflow/dags/ocr_pipeline_dag.py for tasks to queue
[2025-11-10T11:49:35.738-0500] {logging_mixin.py:188} INFO - [2025-11-10T11:49:35.736-0500] {dagbag.py:545} INFO - Filling up the DagBag from /opt/airflow/dags/ocr_pipeline_dag.py
[2025-11-10T11:49:35.781-0500] {logging_mixin.py:188} INFO - 📂 Using project root: /opt/project
[2025-11-10T11:49:36.240-0500] {logging_mixin.py:188} INFO - [2025-11-10T11:49:36.239-0500] {credentials.py:1278} INFO - Found credentials in shared credentials file: ~/.aws/credentials
[2025-11-10T11:49:37.645-0500] {processor.py:840} INFO - DAG(s) 'ocr_pipeline_dag' retrieved from /opt/airflow/dags/ocr_pipeline_dag.py
[2025-11-10T11:49:37.716-0500] {logging_mixin.py:188} INFO - [2025-11-10T11:49:37.715-0500] {dag.py:3089} INFO - Sync 1 DAGs
[2025-11-10T11:49:37.747-0500] {logging_mixin.py:188} INFO - [2025-11-10T11:49:37.747-0500] {dag.py:3947} INFO - Setting next_dagrun for ocr_pipeline_dag to None, run_after=None
[2025-11-10T11:49:37.808-0500] {processor.py:183} INFO - Processing /opt/airflow/dags/ocr_pipeline_dag.py took 2.110 seconds
[2025-11-10T11:50:08.452-0500] {processor.py:161} INFO - Started process (PID=5327) to work on /opt/airflow/dags/ocr_pipeline_dag.py
[2025-11-10T11:50:08.456-0500] {processor.py:830} INFO - Processing file /opt/airflow/dags/ocr_pipeline_dag.py for tasks to queue
[2025-11-10T11:50:08.460-0500] {logging_mixin.py:188} INFO - [2025-11-10T11:50:08.459-0500] {dagbag.py:545} INFO - Filling up the DagBag from /opt/airflow/dags/ocr_pipeline_dag.py
[2025-11-10T11:50:08.507-0500] {logging_mixin.py:188} INFO - 📂 Using project root: /opt/project
[2025-11-10T11:50:09.022-0500] {logging_mixin.py:188} INFO - [2025-11-10T11:50:09.021-0500] {credentials.py:1278} INFO - Found credentials in shared credentials file: ~/.aws/credentials
[2025-11-10T11:50:10.365-0500] {processor.py:840} INFO - DAG(s) 'ocr_pipeline_dag' retrieved from /opt/airflow/dags/ocr_pipeline_dag.py
[2025-11-10T11:50:10.418-0500] {logging_mixin.py:188} INFO - [2025-11-10T11:50:10.417-0500] {dag.py:3089} INFO - Sync 1 DAGs
[2025-11-10T11:50:10.447-0500] {logging_mixin.py:188} INFO - [2025-11-10T11:50:10.446-0500] {dag.py:3947} INFO - Setting next_dagrun for ocr_pipeline_dag to None, run_after=None
[2025-11-10T11:50:10.508-0500] {processor.py:183} INFO - Processing /opt/airflow/dags/ocr_pipeline_dag.py took 2.078 seconds
[2025-11-10T11:50:41.271-0500] {processor.py:161} INFO - Started process (PID=5333) to work on /opt/airflow/dags/ocr_pipeline_dag.py
[2025-11-10T11:50:41.278-0500] {processor.py:830} INFO - Processing file /opt/airflow/dags/ocr_pipeline_dag.py for tasks to queue
[2025-11-10T11:50:41.286-0500] {logging_mixin.py:188} INFO - [2025-11-10T11:50:41.282-0500] {dagbag.py:545} INFO - Filling up the DagBag from /opt/airflow/dags/ocr_pipeline_dag.py
[2025-11-10T11:50:41.372-0500] {logging_mixin.py:188} INFO - 📂 Using project root: /opt/project
[2025-11-10T11:50:42.197-0500] {logging_mixin.py:188} INFO - [2025-11-10T11:50:42.197-0500] {credentials.py:1278} INFO - Found credentials in shared credentials file: ~/.aws/credentials
[2025-11-10T11:50:43.964-0500] {processor.py:840} INFO - DAG(s) 'ocr_pipeline_dag' retrieved from /opt/airflow/dags/ocr_pipeline_dag.py
[2025-11-10T11:50:44.086-0500] {logging_mixin.py:188} INFO - [2025-11-10T11:50:44.084-0500] {dag.py:3089} INFO - Sync 1 DAGs
[2025-11-10T11:50:44.138-0500] {logging_mixin.py:188} INFO - [2025-11-10T11:50:44.137-0500] {dag.py:3947} INFO - Setting next_dagrun for ocr_pipeline_dag to None, run_after=None
[2025-11-10T11:50:44.278-0500] {processor.py:183} INFO - Processing /opt/airflow/dags/ocr_pipeline_dag.py took 3.053 seconds
[2025-11-10T11:51:15.042-0500] {processor.py:161} INFO - Started process (PID=5339) to work on /opt/airflow/dags/ocr_pipeline_dag.py
[2025-11-10T11:51:15.048-0500] {processor.py:830} INFO - Processing file /opt/airflow/dags/ocr_pipeline_dag.py for tasks to queue
[2025-11-10T11:51:15.055-0500] {logging_mixin.py:188} INFO - [2025-11-10T11:51:15.053-0500] {dagbag.py:545} INFO - Filling up the DagBag from /opt/airflow/dags/ocr_pipeline_dag.py
[2025-11-10T11:51:15.113-0500] {logging_mixin.py:188} INFO - 📂 Using project root: /opt/project
[2025-11-10T11:51:15.765-0500] {logging_mixin.py:188} INFO - [2025-11-10T11:51:15.764-0500] {credentials.py:1278} INFO - Found credentials in shared credentials file: ~/.aws/credentials
[2025-11-10T11:51:17.262-0500] {processor.py:840} INFO - DAG(s) 'ocr_pipeline_dag' retrieved from /opt/airflow/dags/ocr_pipeline_dag.py
[2025-11-10T11:51:17.370-0500] {logging_mixin.py:188} INFO - [2025-11-10T11:51:17.369-0500] {dag.py:3089} INFO - Sync 1 DAGs
[2025-11-10T11:51:17.398-0500] {logging_mixin.py:188} INFO - [2025-11-10T11:51:17.398-0500] {dag.py:3947} INFO - Setting next_dagrun for ocr_pipeline_dag to None, run_after=None
[2025-11-10T11:51:17.472-0500] {processor.py:183} INFO - Processing /opt/airflow/dags/ocr_pipeline_dag.py took 2.465 seconds
[2025-11-10T11:51:48.278-0500] {processor.py:161} INFO - Started process (PID=5345) to work on /opt/airflow/dags/ocr_pipeline_dag.py
[2025-11-10T11:51:48.284-0500] {processor.py:830} INFO - Processing file /opt/airflow/dags/ocr_pipeline_dag.py for tasks to queue
[2025-11-10T11:51:48.290-0500] {logging_mixin.py:188} INFO - [2025-11-10T11:51:48.288-0500] {dagbag.py:545} INFO - Filling up the DagBag from /opt/airflow/dags/ocr_pipeline_dag.py
[2025-11-10T11:51:48.424-0500] {logging_mixin.py:188} INFO - 📂 Using project root: /opt/project
[2025-11-10T11:51:49.114-0500] {logging_mixin.py:188} INFO - [2025-11-10T11:51:49.113-0500] {credentials.py:1278} INFO - Found credentials in shared credentials file: ~/.aws/credentials
[2025-11-10T11:51:51.970-0500] {processor.py:840} INFO - DAG(s) 'ocr_pipeline_dag' retrieved from /opt/airflow/dags/ocr_pipeline_dag.py
[2025-11-10T11:51:52.056-0500] {logging_mixin.py:188} INFO - [2025-11-10T11:51:52.054-0500] {dag.py:3089} INFO - Sync 1 DAGs
[2025-11-10T11:51:52.092-0500] {logging_mixin.py:188} INFO - [2025-11-10T11:51:52.091-0500] {dag.py:3947} INFO - Setting next_dagrun for ocr_pipeline_dag to None, run_after=None
[2025-11-10T11:51:52.147-0500] {processor.py:183} INFO - Processing /opt/airflow/dags/ocr_pipeline_dag.py took 3.909 seconds
[2025-11-10T11:52:23.041-0500] {processor.py:161} INFO - Started process (PID=5351) to work on /opt/airflow/dags/ocr_pipeline_dag.py
[2025-11-10T11:52:23.056-0500] {processor.py:830} INFO - Processing file /opt/airflow/dags/ocr_pipeline_dag.py for tasks to queue
[2025-11-10T11:52:23.063-0500] {logging_mixin.py:188} INFO - [2025-11-10T11:52:23.061-0500] {dagbag.py:545} INFO - Filling up the DagBag from /opt/airflow/dags/ocr_pipeline_dag.py
[2025-11-10T11:52:23.154-0500] {logging_mixin.py:188} INFO - 📂 Using project root: /opt/project
[2025-11-10T11:52:23.942-0500] {logging_mixin.py:188} INFO - [2025-11-10T11:52:23.941-0500] {credentials.py:1278} INFO - Found credentials in shared credentials file: ~/.aws/credentials
[2025-11-10T11:52:25.672-0500] {processor.py:840} INFO - DAG(s) 'ocr_pipeline_dag' retrieved from /opt/airflow/dags/ocr_pipeline_dag.py
[2025-11-10T11:52:25.849-0500] {logging_mixin.py:188} INFO - [2025-11-10T11:52:25.848-0500] {dag.py:3089} INFO - Sync 1 DAGs
[2025-11-10T11:52:25.914-0500] {logging_mixin.py:188} INFO - [2025-11-10T11:52:25.913-0500] {dag.py:3947} INFO - Setting next_dagrun for ocr_pipeline_dag to None, run_after=None
[2025-11-10T11:52:26.015-0500] {processor.py:183} INFO - Processing /opt/airflow/dags/ocr_pipeline_dag.py took 3.010 seconds
[2025-11-10T11:52:56.829-0500] {processor.py:161} INFO - Started process (PID=5357) to work on /opt/airflow/dags/ocr_pipeline_dag.py
[2025-11-10T11:52:56.836-0500] {processor.py:830} INFO - Processing file /opt/airflow/dags/ocr_pipeline_dag.py for tasks to queue
[2025-11-10T11:52:56.842-0500] {logging_mixin.py:188} INFO - [2025-11-10T11:52:56.840-0500] {dagbag.py:545} INFO - Filling up the DagBag from /opt/airflow/dags/ocr_pipeline_dag.py
[2025-11-10T11:52:56.937-0500] {logging_mixin.py:188} INFO - 📂 Using project root: /opt/project
[2025-11-10T11:52:57.756-0500] {logging_mixin.py:188} INFO - [2025-11-10T11:52:57.755-0500] {credentials.py:1278} INFO - Found credentials in shared credentials file: ~/.aws/credentials
[2025-11-10T11:52:59.318-0500] {processor.py:840} INFO - DAG(s) 'ocr_pipeline_dag' retrieved from /opt/airflow/dags/ocr_pipeline_dag.py
[2025-11-10T11:52:59.378-0500] {logging_mixin.py:188} INFO - [2025-11-10T11:52:59.377-0500] {dag.py:3089} INFO - Sync 1 DAGs
[2025-11-10T11:52:59.411-0500] {logging_mixin.py:188} INFO - [2025-11-10T11:52:59.410-0500] {dag.py:3947} INFO - Setting next_dagrun for ocr_pipeline_dag to None, run_after=None
[2025-11-10T11:52:59.617-0500] {processor.py:183} INFO - Processing /opt/airflow/dags/ocr_pipeline_dag.py took 2.820 seconds
[2025-11-10T11:53:30.430-0500] {processor.py:161} INFO - Started process (PID=5363) to work on /opt/airflow/dags/ocr_pipeline_dag.py
[2025-11-10T11:53:30.435-0500] {processor.py:830} INFO - Processing file /opt/airflow/dags/ocr_pipeline_dag.py for tasks to queue
[2025-11-10T11:53:30.440-0500] {logging_mixin.py:188} INFO - [2025-11-10T11:53:30.438-0500] {dagbag.py:545} INFO - Filling up the DagBag from /opt/airflow/dags/ocr_pipeline_dag.py
[2025-11-10T11:53:30.514-0500] {logging_mixin.py:188} INFO - 📂 Using project root: /opt/project
[2025-11-10T11:53:31.361-0500] {logging_mixin.py:188} INFO - [2025-11-10T11:53:31.360-0500] {credentials.py:1278} INFO - Found credentials in shared credentials file: ~/.aws/credentials
[2025-11-10T11:53:33.579-0500] {processor.py:840} INFO - DAG(s) 'ocr_pipeline_dag' retrieved from /opt/airflow/dags/ocr_pipeline_dag.py
[2025-11-10T11:53:33.638-0500] {logging_mixin.py:188} INFO - [2025-11-10T11:53:33.637-0500] {dag.py:3089} INFO - Sync 1 DAGs
[2025-11-10T11:53:33.672-0500] {logging_mixin.py:188} INFO - [2025-11-10T11:53:33.671-0500] {dag.py:3947} INFO - Setting next_dagrun for ocr_pipeline_dag to None, run_after=None
[2025-11-10T11:53:33.727-0500] {processor.py:183} INFO - Processing /opt/airflow/dags/ocr_pipeline_dag.py took 3.268 seconds
[2025-11-10T11:54:04.161-0500] {processor.py:161} INFO - Started process (PID=5369) to work on /opt/airflow/dags/ocr_pipeline_dag.py
[2025-11-10T11:54:04.167-0500] {processor.py:830} INFO - Processing file /opt/airflow/dags/ocr_pipeline_dag.py for tasks to queue
[2025-11-10T11:54:04.176-0500] {logging_mixin.py:188} INFO - [2025-11-10T11:54:04.173-0500] {dagbag.py:545} INFO - Filling up the DagBag from /opt/airflow/dags/ocr_pipeline_dag.py
[2025-11-10T11:54:04.263-0500] {logging_mixin.py:188} INFO - 📂 Using project root: /opt/project
[2025-11-10T11:54:05.002-0500] {logging_mixin.py:188} INFO - [2025-11-10T11:54:05.000-0500] {credentials.py:1278} INFO - Found credentials in shared credentials file: ~/.aws/credentials
[2025-11-10T11:54:06.981-0500] {processor.py:840} INFO - DAG(s) 'ocr_pipeline_dag' retrieved from /opt/airflow/dags/ocr_pipeline_dag.py
[2025-11-10T11:54:07.053-0500] {logging_mixin.py:188} INFO - [2025-11-10T11:54:07.052-0500] {dag.py:3089} INFO - Sync 1 DAGs
[2025-11-10T11:54:07.086-0500] {logging_mixin.py:188} INFO - [2025-11-10T11:54:07.085-0500] {dag.py:3947} INFO - Setting next_dagrun for ocr_pipeline_dag to None, run_after=None
[2025-11-10T11:54:07.145-0500] {processor.py:183} INFO - Processing /opt/airflow/dags/ocr_pipeline_dag.py took 3.030 seconds
[2025-11-10T11:54:37.782-0500] {processor.py:161} INFO - Started process (PID=5375) to work on /opt/airflow/dags/ocr_pipeline_dag.py
[2025-11-10T11:54:37.785-0500] {processor.py:830} INFO - Processing file /opt/airflow/dags/ocr_pipeline_dag.py for tasks to queue
[2025-11-10T11:54:37.789-0500] {logging_mixin.py:188} INFO - [2025-11-10T11:54:37.788-0500] {dagbag.py:545} INFO - Filling up the DagBag from /opt/airflow/dags/ocr_pipeline_dag.py
[2025-11-10T11:54:37.834-0500] {logging_mixin.py:188} INFO - 📂 Using project root: /opt/project
[2025-11-10T11:54:38.434-0500] {logging_mixin.py:188} INFO - [2025-11-10T11:54:38.433-0500] {credentials.py:1278} INFO - Found credentials in shared credentials file: ~/.aws/credentials
[2025-11-10T11:54:40.098-0500] {processor.py:840} INFO - DAG(s) 'ocr_pipeline_dag' retrieved from /opt/airflow/dags/ocr_pipeline_dag.py
[2025-11-10T11:54:40.155-0500] {logging_mixin.py:188} INFO - [2025-11-10T11:54:40.155-0500] {dag.py:3089} INFO - Sync 1 DAGs
[2025-11-10T11:54:40.183-0500] {logging_mixin.py:188} INFO - [2025-11-10T11:54:40.183-0500] {dag.py:3947} INFO - Setting next_dagrun for ocr_pipeline_dag to None, run_after=None
[2025-11-10T11:54:40.230-0500] {processor.py:183} INFO - Processing /opt/airflow/dags/ocr_pipeline_dag.py took 2.463 seconds
[2025-11-10T11:55:10.940-0500] {processor.py:161} INFO - Started process (PID=5381) to work on /opt/airflow/dags/ocr_pipeline_dag.py
[2025-11-10T11:55:10.946-0500] {processor.py:830} INFO - Processing file /opt/airflow/dags/ocr_pipeline_dag.py for tasks to queue
[2025-11-10T11:55:10.952-0500] {logging_mixin.py:188} INFO - [2025-11-10T11:55:10.950-0500] {dagbag.py:545} INFO - Filling up the DagBag from /opt/airflow/dags/ocr_pipeline_dag.py
[2025-11-10T11:55:11.041-0500] {logging_mixin.py:188} INFO - 📂 Using project root: /opt/project
[2025-11-10T11:55:11.891-0500] {logging_mixin.py:188} INFO - [2025-11-10T11:55:11.890-0500] {credentials.py:1278} INFO - Found credentials in shared credentials file: ~/.aws/credentials
[2025-11-10T11:55:13.594-0500] {processor.py:840} INFO - DAG(s) 'ocr_pipeline_dag' retrieved from /opt/airflow/dags/ocr_pipeline_dag.py
[2025-11-10T11:55:13.764-0500] {logging_mixin.py:188} INFO - [2025-11-10T11:55:13.762-0500] {dag.py:3089} INFO - Sync 1 DAGs
[2025-11-10T11:55:13.816-0500] {logging_mixin.py:188} INFO - [2025-11-10T11:55:13.816-0500] {dag.py:3947} INFO - Setting next_dagrun for ocr_pipeline_dag to None, run_after=None
[2025-11-10T11:55:13.897-0500] {processor.py:183} INFO - Processing /opt/airflow/dags/ocr_pipeline_dag.py took 2.996 seconds
[2025-11-10T11:55:44.497-0500] {processor.py:161} INFO - Started process (PID=5387) to work on /opt/airflow/dags/ocr_pipeline_dag.py
[2025-11-10T11:55:44.500-0500] {processor.py:830} INFO - Processing file /opt/airflow/dags/ocr_pipeline_dag.py for tasks to queue
[2025-11-10T11:55:44.503-0500] {logging_mixin.py:188} INFO - [2025-11-10T11:55:44.502-0500] {dagbag.py:545} INFO - Filling up the DagBag from /opt/airflow/dags/ocr_pipeline_dag.py
[2025-11-10T11:55:44.550-0500] {logging_mixin.py:188} INFO - 📂 Using project root: /opt/project
[2025-11-10T11:55:44.946-0500] {logging_mixin.py:188} INFO - [2025-11-10T11:55:44.945-0500] {credentials.py:1278} INFO - Found credentials in shared credentials file: ~/.aws/credentials
[2025-11-10T11:55:46.678-0500] {processor.py:840} INFO - DAG(s) 'ocr_pipeline_dag' retrieved from /opt/airflow/dags/ocr_pipeline_dag.py
[2025-11-10T11:55:46.788-0500] {logging_mixin.py:188} INFO - [2025-11-10T11:55:46.787-0500] {dag.py:3089} INFO - Sync 1 DAGs
[2025-11-10T11:55:46.826-0500] {logging_mixin.py:188} INFO - [2025-11-10T11:55:46.826-0500] {dag.py:3947} INFO - Setting next_dagrun for ocr_pipeline_dag to None, run_after=None
[2025-11-10T11:55:46.929-0500] {processor.py:183} INFO - Processing /opt/airflow/dags/ocr_pipeline_dag.py took 2.450 seconds
[2025-11-10T11:56:17.222-0500] {processor.py:161} INFO - Started process (PID=5393) to work on /opt/airflow/dags/ocr_pipeline_dag.py
[2025-11-10T11:56:17.227-0500] {processor.py:830} INFO - Processing file /opt/airflow/dags/ocr_pipeline_dag.py for tasks to queue
[2025-11-10T11:56:17.232-0500] {logging_mixin.py:188} INFO - [2025-11-10T11:56:17.231-0500] {dagbag.py:545} INFO - Filling up the DagBag from /opt/airflow/dags/ocr_pipeline_dag.py
[2025-11-10T11:56:17.310-0500] {logging_mixin.py:188} INFO - 📂 Using project root: /opt/project
[2025-11-10T11:56:17.943-0500] {logging_mixin.py:188} INFO - [2025-11-10T11:56:17.942-0500] {credentials.py:1278} INFO - Found credentials in shared credentials file: ~/.aws/credentials
[2025-11-10T11:56:19.340-0500] {processor.py:840} INFO - DAG(s) 'ocr_pipeline_dag' retrieved from /opt/airflow/dags/ocr_pipeline_dag.py
[2025-11-10T11:56:19.398-0500] {logging_mixin.py:188} INFO - [2025-11-10T11:56:19.397-0500] {dag.py:3089} INFO - Sync 1 DAGs
[2025-11-10T11:56:19.428-0500] {logging_mixin.py:188} INFO - [2025-11-10T11:56:19.427-0500] {dag.py:3947} INFO - Setting next_dagrun for ocr_pipeline_dag to None, run_after=None
[2025-11-10T11:56:19.478-0500] {processor.py:183} INFO - Processing /opt/airflow/dags/ocr_pipeline_dag.py took 2.288 seconds
[2025-11-10T11:56:49.682-0500] {processor.py:161} INFO - Started process (PID=5399) to work on /opt/airflow/dags/ocr_pipeline_dag.py
[2025-11-10T11:56:49.684-0500] {processor.py:830} INFO - Processing file /opt/airflow/dags/ocr_pipeline_dag.py for tasks to queue
[2025-11-10T11:56:49.687-0500] {logging_mixin.py:188} INFO - [2025-11-10T11:56:49.686-0500] {dagbag.py:545} INFO - Filling up the DagBag from /opt/airflow/dags/ocr_pipeline_dag.py
[2025-11-10T11:56:49.728-0500] {logging_mixin.py:188} INFO - 📂 Using project root: /opt/project
[2025-11-10T11:56:50.153-0500] {logging_mixin.py:188} INFO - [2025-11-10T11:56:50.152-0500] {credentials.py:1278} INFO - Found credentials in shared credentials file: ~/.aws/credentials
[2025-11-10T11:56:51.974-0500] {processor.py:840} INFO - DAG(s) 'ocr_pipeline_dag' retrieved from /opt/airflow/dags/ocr_pipeline_dag.py
[2025-11-10T11:56:52.091-0500] {logging_mixin.py:188} INFO - [2025-11-10T11:56:52.089-0500] {dag.py:3089} INFO - Sync 1 DAGs
[2025-11-10T11:56:52.183-0500] {logging_mixin.py:188} INFO - [2025-11-10T11:56:52.181-0500] {dag.py:3947} INFO - Setting next_dagrun for ocr_pipeline_dag to None, run_after=None
[2025-11-10T11:56:52.257-0500] {processor.py:183} INFO - Processing /opt/airflow/dags/ocr_pipeline_dag.py took 2.590 seconds
[2025-11-10T11:57:22.739-0500] {processor.py:161} INFO - Started process (PID=5405) to work on /opt/airflow/dags/ocr_pipeline_dag.py
[2025-11-10T11:57:22.744-0500] {processor.py:830} INFO - Processing file /opt/airflow/dags/ocr_pipeline_dag.py for tasks to queue
[2025-11-10T11:57:22.749-0500] {logging_mixin.py:188} INFO - [2025-11-10T11:57:22.748-0500] {dagbag.py:545} INFO - Filling up the DagBag from /opt/airflow/dags/ocr_pipeline_dag.py
[2025-11-10T11:57:22.821-0500] {logging_mixin.py:188} INFO - 📂 Using project root: /opt/project
[2025-11-10T11:57:23.448-0500] {logging_mixin.py:188} INFO - [2025-11-10T11:57:23.447-0500] {credentials.py:1278} INFO - Found credentials in shared credentials file: ~/.aws/credentials
[2025-11-10T11:57:25.043-0500] {processor.py:840} INFO - DAG(s) 'ocr_pipeline_dag' retrieved from /opt/airflow/dags/ocr_pipeline_dag.py
[2025-11-10T11:57:25.159-0500] {logging_mixin.py:188} INFO - [2025-11-10T11:57:25.158-0500] {dag.py:3089} INFO - Sync 1 DAGs
[2025-11-10T11:57:25.215-0500] {logging_mixin.py:188} INFO - [2025-11-10T11:57:25.214-0500] {dag.py:3947} INFO - Setting next_dagrun for ocr_pipeline_dag to None, run_after=None
[2025-11-10T11:57:25.288-0500] {processor.py:183} INFO - Processing /opt/airflow/dags/ocr_pipeline_dag.py took 2.585 seconds
[2025-11-10T11:57:56.157-0500] {processor.py:161} INFO - Started process (PID=5411) to work on /opt/airflow/dags/ocr_pipeline_dag.py
[2025-11-10T11:57:56.160-0500] {processor.py:830} INFO - Processing file /opt/airflow/dags/ocr_pipeline_dag.py for tasks to queue
[2025-11-10T11:57:56.163-0500] {logging_mixin.py:188} INFO - [2025-11-10T11:57:56.162-0500] {dagbag.py:545} INFO - Filling up the DagBag from /opt/airflow/dags/ocr_pipeline_dag.py
[2025-11-10T11:57:56.192-0500] {logging_mixin.py:188} INFO - 📂 Using project root: /opt/project
[2025-11-10T11:57:56.692-0500] {logging_mixin.py:188} INFO - [2025-11-10T11:57:56.690-0500] {credentials.py:1278} INFO - Found credentials in shared credentials file: ~/.aws/credentials
[2025-11-10T11:57:58.325-0500] {processor.py:840} INFO - DAG(s) 'ocr_pipeline_dag' retrieved from /opt/airflow/dags/ocr_pipeline_dag.py
[2025-11-10T11:57:58.403-0500] {logging_mixin.py:188} INFO - [2025-11-10T11:57:58.403-0500] {dag.py:3089} INFO - Sync 1 DAGs
[2025-11-10T11:57:58.453-0500] {logging_mixin.py:188} INFO - [2025-11-10T11:57:58.452-0500] {dag.py:3947} INFO - Setting next_dagrun for ocr_pipeline_dag to None, run_after=None
[2025-11-10T11:57:58.516-0500] {processor.py:183} INFO - Processing /opt/airflow/dags/ocr_pipeline_dag.py took 2.376 seconds
[2025-11-10T11:58:28.918-0500] {processor.py:161} INFO - Started process (PID=5417) to work on /opt/airflow/dags/ocr_pipeline_dag.py
[2025-11-10T11:58:28.922-0500] {processor.py:830} INFO - Processing file /opt/airflow/dags/ocr_pipeline_dag.py for tasks to queue
[2025-11-10T11:58:28.926-0500] {logging_mixin.py:188} INFO - [2025-11-10T11:58:28.925-0500] {dagbag.py:545} INFO - Filling up the DagBag from /opt/airflow/dags/ocr_pipeline_dag.py
[2025-11-10T11:58:28.972-0500] {logging_mixin.py:188} INFO - 📂 Using project root: /opt/project
[2025-11-10T11:58:29.405-0500] {logging_mixin.py:188} INFO - [2025-11-10T11:58:29.404-0500] {credentials.py:1278} INFO - Found credentials in shared credentials file: ~/.aws/credentials
[2025-11-10T11:58:30.853-0500] {processor.py:840} INFO - DAG(s) 'ocr_pipeline_dag' retrieved from /opt/airflow/dags/ocr_pipeline_dag.py
[2025-11-10T11:58:30.901-0500] {logging_mixin.py:188} INFO - [2025-11-10T11:58:30.900-0500] {dag.py:3089} INFO - Sync 1 DAGs
[2025-11-10T11:58:30.931-0500] {logging_mixin.py:188} INFO - [2025-11-10T11:58:30.930-0500] {dag.py:3947} INFO - Setting next_dagrun for ocr_pipeline_dag to None, run_after=None
[2025-11-10T11:58:30.975-0500] {processor.py:183} INFO - Processing /opt/airflow/dags/ocr_pipeline_dag.py took 2.082 seconds
[2025-11-10T11:59:01.587-0500] {processor.py:161} INFO - Started process (PID=5423) to work on /opt/airflow/dags/ocr_pipeline_dag.py
[2025-11-10T11:59:01.591-0500] {processor.py:830} INFO - Processing file /opt/airflow/dags/ocr_pipeline_dag.py for tasks to queue
[2025-11-10T11:59:01.595-0500] {logging_mixin.py:188} INFO - [2025-11-10T11:59:01.593-0500] {dagbag.py:545} INFO - Filling up the DagBag from /opt/airflow/dags/ocr_pipeline_dag.py
[2025-11-10T11:59:01.641-0500] {logging_mixin.py:188} INFO - 📂 Using project root: /opt/project
[2025-11-10T11:59:02.108-0500] {logging_mixin.py:188} INFO - [2025-11-10T11:59:02.107-0500] {credentials.py:1278} INFO - Found credentials in shared credentials file: ~/.aws/credentials
[2025-11-10T11:59:03.477-0500] {processor.py:840} INFO - DAG(s) 'ocr_pipeline_dag' retrieved from /opt/airflow/dags/ocr_pipeline_dag.py
[2025-11-10T11:59:03.548-0500] {logging_mixin.py:188} INFO - [2025-11-10T11:59:03.547-0500] {dag.py:3089} INFO - Sync 1 DAGs
[2025-11-10T11:59:03.580-0500] {logging_mixin.py:188} INFO - [2025-11-10T11:59:03.579-0500] {dag.py:3947} INFO - Setting next_dagrun for ocr_pipeline_dag to None, run_after=None
[2025-11-10T11:59:03.659-0500] {processor.py:183} INFO - Processing /opt/airflow/dags/ocr_pipeline_dag.py took 2.096 seconds
[2025-11-10T11:59:34.242-0500] {processor.py:161} INFO - Started process (PID=5429) to work on /opt/airflow/dags/ocr_pipeline_dag.py
[2025-11-10T11:59:34.248-0500] {processor.py:830} INFO - Processing file /opt/airflow/dags/ocr_pipeline_dag.py for tasks to queue
[2025-11-10T11:59:34.256-0500] {logging_mixin.py:188} INFO - [2025-11-10T11:59:34.254-0500] {dagbag.py:545} INFO - Filling up the DagBag from /opt/airflow/dags/ocr_pipeline_dag.py
[2025-11-10T11:59:34.390-0500] {logging_mixin.py:188} INFO - 📂 Using project root: /opt/project
[2025-11-10T11:59:35.080-0500] {logging_mixin.py:188} INFO - [2025-11-10T11:59:35.080-0500] {credentials.py:1278} INFO - Found credentials in shared credentials file: ~/.aws/credentials
[2025-11-10T11:59:36.514-0500] {processor.py:840} INFO - DAG(s) 'ocr_pipeline_dag' retrieved from /opt/airflow/dags/ocr_pipeline_dag.py
[2025-11-10T11:59:36.651-0500] {logging_mixin.py:188} INFO - [2025-11-10T11:59:36.649-0500] {dag.py:3089} INFO - Sync 1 DAGs
[2025-11-10T11:59:36.703-0500] {logging_mixin.py:188} INFO - [2025-11-10T11:59:36.702-0500] {dag.py:3947} INFO - Setting next_dagrun for ocr_pipeline_dag to None, run_after=None
[2025-11-10T11:59:36.788-0500] {processor.py:183} INFO - Processing /opt/airflow/dags/ocr_pipeline_dag.py took 2.583 seconds
[2025-11-10T12:00:07.427-0500] {processor.py:161} INFO - Started process (PID=5435) to work on /opt/airflow/dags/ocr_pipeline_dag.py
[2025-11-10T12:00:07.430-0500] {processor.py:830} INFO - Processing file /opt/airflow/dags/ocr_pipeline_dag.py for tasks to queue
[2025-11-10T12:00:07.433-0500] {logging_mixin.py:188} INFO - [2025-11-10T12:00:07.432-0500] {dagbag.py:545} INFO - Filling up the DagBag from /opt/airflow/dags/ocr_pipeline_dag.py
[2025-11-10T12:00:07.478-0500] {logging_mixin.py:188} INFO - 📂 Using project root: /opt/project
[2025-11-10T12:00:07.932-0500] {logging_mixin.py:188} INFO - [2025-11-10T12:00:07.931-0500] {credentials.py:1278} INFO - Found credentials in shared credentials file: ~/.aws/credentials
[2025-11-10T12:00:09.431-0500] {processor.py:840} INFO - DAG(s) 'ocr_pipeline_dag' retrieved from /opt/airflow/dags/ocr_pipeline_dag.py
[2025-11-10T12:00:09.491-0500] {logging_mixin.py:188} INFO - [2025-11-10T12:00:09.490-0500] {dag.py:3089} INFO - Sync 1 DAGs
[2025-11-10T12:00:09.519-0500] {logging_mixin.py:188} INFO - [2025-11-10T12:00:09.519-0500] {dag.py:3947} INFO - Setting next_dagrun for ocr_pipeline_dag to None, run_after=None
[2025-11-10T12:00:09.565-0500] {processor.py:183} INFO - Processing /opt/airflow/dags/ocr_pipeline_dag.py took 2.158 seconds
[2025-11-10T12:00:40.246-0500] {processor.py:161} INFO - Started process (PID=5441) to work on /opt/airflow/dags/ocr_pipeline_dag.py
[2025-11-10T12:00:40.252-0500] {processor.py:830} INFO - Processing file /opt/airflow/dags/ocr_pipeline_dag.py for tasks to queue
[2025-11-10T12:00:40.259-0500] {logging_mixin.py:188} INFO - [2025-11-10T12:00:40.257-0500] {dagbag.py:545} INFO - Filling up the DagBag from /opt/airflow/dags/ocr_pipeline_dag.py
[2025-11-10T12:00:40.348-0500] {logging_mixin.py:188} INFO - 📂 Using project root: /opt/project
[2025-11-10T12:00:41.145-0500] {logging_mixin.py:188} INFO - [2025-11-10T12:00:41.143-0500] {credentials.py:1278} INFO - Found credentials in shared credentials file: ~/.aws/credentials
[2025-11-10T12:00:42.934-0500] {processor.py:840} INFO - DAG(s) 'ocr_pipeline_dag' retrieved from /opt/airflow/dags/ocr_pipeline_dag.py
[2025-11-10T12:00:42.998-0500] {logging_mixin.py:188} INFO - [2025-11-10T12:00:42.997-0500] {dag.py:3089} INFO - Sync 1 DAGs
[2025-11-10T12:00:43.047-0500] {logging_mixin.py:188} INFO - [2025-11-10T12:00:43.047-0500] {dag.py:3947} INFO - Setting next_dagrun for ocr_pipeline_dag to None, run_after=None
[2025-11-10T12:00:43.176-0500] {processor.py:183} INFO - Processing /opt/airflow/dags/ocr_pipeline_dag.py took 2.980 seconds
[2025-11-10T12:01:13.854-0500] {processor.py:161} INFO - Started process (PID=5447) to work on /opt/airflow/dags/ocr_pipeline_dag.py
[2025-11-10T12:01:13.860-0500] {processor.py:830} INFO - Processing file /opt/airflow/dags/ocr_pipeline_dag.py for tasks to queue
[2025-11-10T12:01:13.865-0500] {logging_mixin.py:188} INFO - [2025-11-10T12:01:13.864-0500] {dagbag.py:545} INFO - Filling up the DagBag from /opt/airflow/dags/ocr_pipeline_dag.py
[2025-11-10T12:01:13.940-0500] {logging_mixin.py:188} INFO - 📂 Using project root: /opt/project
[2025-11-10T12:01:14.593-0500] {logging_mixin.py:188} INFO - [2025-11-10T12:01:14.592-0500] {credentials.py:1278} INFO - Found credentials in shared credentials file: ~/.aws/credentials
[2025-11-10T12:01:16.001-0500] {processor.py:840} INFO - DAG(s) 'ocr_pipeline_dag' retrieved from /opt/airflow/dags/ocr_pipeline_dag.py
[2025-11-10T12:01:16.059-0500] {logging_mixin.py:188} INFO - [2025-11-10T12:01:16.058-0500] {dag.py:3089} INFO - Sync 1 DAGs
[2025-11-10T12:01:16.087-0500] {logging_mixin.py:188} INFO - [2025-11-10T12:01:16.087-0500] {dag.py:3947} INFO - Setting next_dagrun for ocr_pipeline_dag to None, run_after=None
[2025-11-10T12:01:16.170-0500] {processor.py:183} INFO - Processing /opt/airflow/dags/ocr_pipeline_dag.py took 2.351 seconds
[2025-11-10T12:01:46.433-0500] {processor.py:161} INFO - Started process (PID=5453) to work on /opt/airflow/dags/ocr_pipeline_dag.py
[2025-11-10T12:01:46.436-0500] {processor.py:830} INFO - Processing file /opt/airflow/dags/ocr_pipeline_dag.py for tasks to queue
[2025-11-10T12:01:46.439-0500] {logging_mixin.py:188} INFO - [2025-11-10T12:01:46.438-0500] {dagbag.py:545} INFO - Filling up the DagBag from /opt/airflow/dags/ocr_pipeline_dag.py
[2025-11-10T12:01:46.476-0500] {logging_mixin.py:188} INFO - 📂 Using project root: /opt/project
[2025-11-10T12:01:47.032-0500] {logging_mixin.py:188} INFO - [2025-11-10T12:01:47.031-0500] {credentials.py:1278} INFO - Found credentials in shared credentials file: ~/.aws/credentials
[2025-11-10T12:01:48.466-0500] {processor.py:840} INFO - DAG(s) 'ocr_pipeline_dag' retrieved from /opt/airflow/dags/ocr_pipeline_dag.py
[2025-11-10T12:01:48.532-0500] {logging_mixin.py:188} INFO - [2025-11-10T12:01:48.531-0500] {dag.py:3089} INFO - Sync 1 DAGs
[2025-11-10T12:01:48.563-0500] {logging_mixin.py:188} INFO - [2025-11-10T12:01:48.562-0500] {dag.py:3947} INFO - Setting next_dagrun for ocr_pipeline_dag to None, run_after=None
[2025-11-10T12:01:48.611-0500] {processor.py:183} INFO - Processing /opt/airflow/dags/ocr_pipeline_dag.py took 2.195 seconds
[2025-11-10T12:02:19.060-0500] {processor.py:161} INFO - Started process (PID=5459) to work on /opt/airflow/dags/ocr_pipeline_dag.py
[2025-11-10T12:02:19.064-0500] {processor.py:830} INFO - Processing file /opt/airflow/dags/ocr_pipeline_dag.py for tasks to queue
[2025-11-10T12:02:19.069-0500] {logging_mixin.py:188} INFO - [2025-11-10T12:02:19.067-0500] {dagbag.py:545} INFO - Filling up the DagBag from /opt/airflow/dags/ocr_pipeline_dag.py
[2025-11-10T12:02:19.115-0500] {logging_mixin.py:188} INFO - 📂 Using project root: /opt/project
[2025-11-10T12:02:19.723-0500] {logging_mixin.py:188} INFO - [2025-11-10T12:02:19.722-0500] {credentials.py:1278} INFO - Found credentials in shared credentials file: ~/.aws/credentials
[2025-11-10T12:02:22.357-0500] {processor.py:840} INFO - DAG(s) 'ocr_pipeline_dag' retrieved from /opt/airflow/dags/ocr_pipeline_dag.py
[2025-11-10T12:02:22.433-0500] {logging_mixin.py:188} INFO - [2025-11-10T12:02:22.432-0500] {dag.py:3089} INFO - Sync 1 DAGs
[2025-11-10T12:02:22.462-0500] {logging_mixin.py:188} INFO - [2025-11-10T12:02:22.462-0500] {dag.py:3947} INFO - Setting next_dagrun for ocr_pipeline_dag to None, run_after=None
[2025-11-10T12:02:22.507-0500] {processor.py:183} INFO - Processing /opt/airflow/dags/ocr_pipeline_dag.py took 3.472 seconds
[2025-11-10T12:02:52.891-0500] {processor.py:161} INFO - Started process (PID=5465) to work on /opt/airflow/dags/ocr_pipeline_dag.py
[2025-11-10T12:02:52.896-0500] {processor.py:830} INFO - Processing file /opt/airflow/dags/ocr_pipeline_dag.py for tasks to queue
[2025-11-10T12:02:52.901-0500] {logging_mixin.py:188} INFO - [2025-11-10T12:02:52.900-0500] {dagbag.py:545} INFO - Filling up the DagBag from /opt/airflow/dags/ocr_pipeline_dag.py
[2025-11-10T12:02:53.021-0500] {logging_mixin.py:188} INFO - 📂 Using project root: /opt/project
[2025-11-10T12:02:53.803-0500] {logging_mixin.py:188} INFO - [2025-11-10T12:02:53.802-0500] {credentials.py:1278} INFO - Found credentials in shared credentials file: ~/.aws/credentials
[2025-11-10T12:02:55.465-0500] {processor.py:840} INFO - DAG(s) 'ocr_pipeline_dag' retrieved from /opt/airflow/dags/ocr_pipeline_dag.py
[2025-11-10T12:02:55.527-0500] {logging_mixin.py:188} INFO - [2025-11-10T12:02:55.526-0500] {dag.py:3089} INFO - Sync 1 DAGs
[2025-11-10T12:02:55.558-0500] {logging_mixin.py:188} INFO - [2025-11-10T12:02:55.558-0500] {dag.py:3947} INFO - Setting next_dagrun for ocr_pipeline_dag to None, run_after=None
[2025-11-10T12:02:55.604-0500] {processor.py:183} INFO - Processing /opt/airflow/dags/ocr_pipeline_dag.py took 2.743 seconds
[2025-11-10T12:03:25.951-0500] {processor.py:161} INFO - Started process (PID=5471) to work on /opt/airflow/dags/ocr_pipeline_dag.py
[2025-11-10T12:03:25.954-0500] {processor.py:830} INFO - Processing file /opt/airflow/dags/ocr_pipeline_dag.py for tasks to queue
[2025-11-10T12:03:25.957-0500] {logging_mixin.py:188} INFO - [2025-11-10T12:03:25.957-0500] {dagbag.py:545} INFO - Filling up the DagBag from /opt/airflow/dags/ocr_pipeline_dag.py
[2025-11-10T12:03:25.989-0500] {logging_mixin.py:188} INFO - 📂 Using project root: /opt/project
[2025-11-10T12:03:26.457-0500] {logging_mixin.py:188} INFO - [2025-11-10T12:03:26.456-0500] {credentials.py:1278} INFO - Found credentials in shared credentials file: ~/.aws/credentials
[2025-11-10T12:03:29.000-0500] {processor.py:840} INFO - DAG(s) 'ocr_pipeline_dag' retrieved from /opt/airflow/dags/ocr_pipeline_dag.py
[2025-11-10T12:03:29.068-0500] {logging_mixin.py:188} INFO - [2025-11-10T12:03:29.067-0500] {dag.py:3089} INFO - Sync 1 DAGs
[2025-11-10T12:03:29.099-0500] {logging_mixin.py:188} INFO - [2025-11-10T12:03:29.099-0500] {dag.py:3947} INFO - Setting next_dagrun for ocr_pipeline_dag to None, run_after=None
[2025-11-10T12:03:29.155-0500] {processor.py:183} INFO - Processing /opt/airflow/dags/ocr_pipeline_dag.py took 3.223 seconds
[2025-11-10T12:04:00.092-0500] {processor.py:161} INFO - Started process (PID=5477) to work on /opt/airflow/dags/ocr_pipeline_dag.py
[2025-11-10T12:04:00.098-0500] {processor.py:830} INFO - Processing file /opt/airflow/dags/ocr_pipeline_dag.py for tasks to queue
[2025-11-10T12:04:00.106-0500] {logging_mixin.py:188} INFO - [2025-11-10T12:04:00.103-0500] {dagbag.py:545} INFO - Filling up the DagBag from /opt/airflow/dags/ocr_pipeline_dag.py
[2025-11-10T12:04:00.194-0500] {logging_mixin.py:188} INFO - 📂 Using project root: /opt/project
[2025-11-10T12:04:00.988-0500] {logging_mixin.py:188} INFO - [2025-11-10T12:04:00.987-0500] {credentials.py:1278} INFO - Found credentials in shared credentials file: ~/.aws/credentials
[2025-11-10T12:04:02.846-0500] {processor.py:840} INFO - DAG(s) 'ocr_pipeline_dag' retrieved from /opt/airflow/dags/ocr_pipeline_dag.py
[2025-11-10T12:04:03.004-0500] {logging_mixin.py:188} INFO - [2025-11-10T12:04:03.003-0500] {dag.py:3089} INFO - Sync 1 DAGs
[2025-11-10T12:04:03.104-0500] {logging_mixin.py:188} INFO - [2025-11-10T12:04:03.103-0500] {dag.py:3947} INFO - Setting next_dagrun for ocr_pipeline_dag to None, run_after=None
[2025-11-10T12:04:03.189-0500] {processor.py:183} INFO - Processing /opt/airflow/dags/ocr_pipeline_dag.py took 3.166 seconds
[2025-11-10T12:04:33.644-0500] {processor.py:161} INFO - Started process (PID=5483) to work on /opt/airflow/dags/ocr_pipeline_dag.py
[2025-11-10T12:04:33.647-0500] {processor.py:830} INFO - Processing file /opt/airflow/dags/ocr_pipeline_dag.py for tasks to queue
[2025-11-10T12:04:33.650-0500] {logging_mixin.py:188} INFO - [2025-11-10T12:04:33.649-0500] {dagbag.py:545} INFO - Filling up the DagBag from /opt/airflow/dags/ocr_pipeline_dag.py
[2025-11-10T12:04:33.692-0500] {logging_mixin.py:188} INFO - 📂 Using project root: /opt/project
[2025-11-10T12:04:34.786-0500] {logging_mixin.py:188} INFO - [2025-11-10T12:04:34.785-0500] {credentials.py:1278} INFO - Found credentials in shared credentials file: ~/.aws/credentials
[2025-11-10T12:04:35.971-0500] {processor.py:840} INFO - DAG(s) 'ocr_pipeline_dag' retrieved from /opt/airflow/dags/ocr_pipeline_dag.py
[2025-11-10T12:04:36.037-0500] {logging_mixin.py:188} INFO - [2025-11-10T12:04:36.037-0500] {dag.py:3089} INFO - Sync 1 DAGs
[2025-11-10T12:04:36.068-0500] {logging_mixin.py:188} INFO - [2025-11-10T12:04:36.068-0500] {dag.py:3947} INFO - Setting next_dagrun for ocr_pipeline_dag to None, run_after=None
[2025-11-10T12:04:36.137-0500] {processor.py:183} INFO - Processing /opt/airflow/dags/ocr_pipeline_dag.py took 2.510 seconds
[2025-11-10T12:05:06.433-0500] {processor.py:161} INFO - Started process (PID=5489) to work on /opt/airflow/dags/ocr_pipeline_dag.py
[2025-11-10T12:05:06.436-0500] {processor.py:830} INFO - Processing file /opt/airflow/dags/ocr_pipeline_dag.py for tasks to queue
[2025-11-10T12:05:06.440-0500] {logging_mixin.py:188} INFO - [2025-11-10T12:05:06.439-0500] {dagbag.py:545} INFO - Filling up the DagBag from /opt/airflow/dags/ocr_pipeline_dag.py
[2025-11-10T12:05:06.497-0500] {logging_mixin.py:188} INFO - 📂 Using project root: /opt/project
[2025-11-10T12:05:06.855-0500] {logging_mixin.py:188} INFO - [2025-11-10T12:05:06.854-0500] {credentials.py:1278} INFO - Found credentials in shared credentials file: ~/.aws/credentials
[2025-11-10T12:05:08.514-0500] {processor.py:840} INFO - DAG(s) 'ocr_pipeline_dag' retrieved from /opt/airflow/dags/ocr_pipeline_dag.py
[2025-11-10T12:05:08.576-0500] {logging_mixin.py:188} INFO - [2025-11-10T12:05:08.576-0500] {dag.py:3089} INFO - Sync 1 DAGs
[2025-11-10T12:05:08.598-0500] {logging_mixin.py:188} INFO - [2025-11-10T12:05:08.597-0500] {dag.py:3947} INFO - Setting next_dagrun for ocr_pipeline_dag to None, run_after=None
[2025-11-10T12:05:08.646-0500] {processor.py:183} INFO - Processing /opt/airflow/dags/ocr_pipeline_dag.py took 2.242 seconds
[2025-11-10T12:05:39.192-0500] {processor.py:161} INFO - Started process (PID=5495) to work on /opt/airflow/dags/ocr_pipeline_dag.py
[2025-11-10T12:05:39.194-0500] {processor.py:830} INFO - Processing file /opt/airflow/dags/ocr_pipeline_dag.py for tasks to queue
[2025-11-10T12:05:39.197-0500] {logging_mixin.py:188} INFO - [2025-11-10T12:05:39.196-0500] {dagbag.py:545} INFO - Filling up the DagBag from /opt/airflow/dags/ocr_pipeline_dag.py
[2025-11-10T12:05:39.230-0500] {logging_mixin.py:188} INFO - 📂 Using project root: /opt/project
[2025-11-10T12:05:39.581-0500] {logging_mixin.py:188} INFO - [2025-11-10T12:05:39.581-0500] {credentials.py:1278} INFO - Found credentials in shared credentials file: ~/.aws/credentials
[2025-11-10T12:05:41.171-0500] {processor.py:840} INFO - DAG(s) 'ocr_pipeline_dag' retrieved from /opt/airflow/dags/ocr_pipeline_dag.py
[2025-11-10T12:05:41.251-0500] {logging_mixin.py:188} INFO - [2025-11-10T12:05:41.249-0500] {dag.py:3089} INFO - Sync 1 DAGs
[2025-11-10T12:05:41.295-0500] {logging_mixin.py:188} INFO - [2025-11-10T12:05:41.294-0500] {dag.py:3947} INFO - Setting next_dagrun for ocr_pipeline_dag to None, run_after=None
[2025-11-10T12:05:41.521-0500] {processor.py:183} INFO - Processing /opt/airflow/dags/ocr_pipeline_dag.py took 2.344 seconds
[2025-11-10T12:06:11.874-0500] {processor.py:161} INFO - Started process (PID=5501) to work on /opt/airflow/dags/ocr_pipeline_dag.py
[2025-11-10T12:06:11.879-0500] {processor.py:830} INFO - Processing file /opt/airflow/dags/ocr_pipeline_dag.py for tasks to queue
[2025-11-10T12:06:11.884-0500] {logging_mixin.py:188} INFO - [2025-11-10T12:06:11.883-0500] {dagbag.py:545} INFO - Filling up the DagBag from /opt/airflow/dags/ocr_pipeline_dag.py
[2025-11-10T12:06:11.963-0500] {logging_mixin.py:188} INFO - 📂 Using project root: /opt/project
[2025-11-10T12:06:12.705-0500] {logging_mixin.py:188} INFO - [2025-11-10T12:06:12.703-0500] {credentials.py:1278} INFO - Found credentials in shared credentials file: ~/.aws/credentials
[2025-11-10T12:06:14.387-0500] {processor.py:840} INFO - DAG(s) 'ocr_pipeline_dag' retrieved from /opt/airflow/dags/ocr_pipeline_dag.py
[2025-11-10T12:06:14.534-0500] {logging_mixin.py:188} INFO - [2025-11-10T12:06:14.533-0500] {dag.py:3089} INFO - Sync 1 DAGs
[2025-11-10T12:06:14.593-0500] {logging_mixin.py:188} INFO - [2025-11-10T12:06:14.592-0500] {dag.py:3947} INFO - Setting next_dagrun for ocr_pipeline_dag to None, run_after=None
[2025-11-10T12:06:14.682-0500] {processor.py:183} INFO - Processing /opt/airflow/dags/ocr_pipeline_dag.py took 2.842 seconds
[2025-11-10T12:06:45.557-0500] {processor.py:161} INFO - Started process (PID=5507) to work on /opt/airflow/dags/ocr_pipeline_dag.py
[2025-11-10T12:06:45.560-0500] {processor.py:830} INFO - Processing file /opt/airflow/dags/ocr_pipeline_dag.py for tasks to queue
[2025-11-10T12:06:45.562-0500] {logging_mixin.py:188} INFO - [2025-11-10T12:06:45.561-0500] {dagbag.py:545} INFO - Filling up the DagBag from /opt/airflow/dags/ocr_pipeline_dag.py
[2025-11-10T12:06:45.605-0500] {logging_mixin.py:188} INFO - 📂 Using project root: /opt/project
[2025-11-10T12:06:46.291-0500] {logging_mixin.py:188} INFO - [2025-11-10T12:06:46.289-0500] {credentials.py:1278} INFO - Found credentials in shared credentials file: ~/.aws/credentials
[2025-11-10T12:06:48.217-0500] {processor.py:840} INFO - DAG(s) 'ocr_pipeline_dag' retrieved from /opt/airflow/dags/ocr_pipeline_dag.py
[2025-11-10T12:06:48.299-0500] {logging_mixin.py:188} INFO - [2025-11-10T12:06:48.298-0500] {dag.py:3089} INFO - Sync 1 DAGs
[2025-11-10T12:06:48.328-0500] {logging_mixin.py:188} INFO - [2025-11-10T12:06:48.327-0500] {dag.py:3947} INFO - Setting next_dagrun for ocr_pipeline_dag to None, run_after=None
[2025-11-10T12:06:48.379-0500] {processor.py:183} INFO - Processing /opt/airflow/dags/ocr_pipeline_dag.py took 2.838 seconds
[2025-11-10T12:07:19.211-0500] {processor.py:161} INFO - Started process (PID=5513) to work on /opt/airflow/dags/ocr_pipeline_dag.py
[2025-11-10T12:07:19.213-0500] {processor.py:830} INFO - Processing file /opt/airflow/dags/ocr_pipeline_dag.py for tasks to queue
[2025-11-10T12:07:19.215-0500] {logging_mixin.py:188} INFO - [2025-11-10T12:07:19.214-0500] {dagbag.py:545} INFO - Filling up the DagBag from /opt/airflow/dags/ocr_pipeline_dag.py
[2025-11-10T12:07:19.247-0500] {logging_mixin.py:188} INFO - 📂 Using project root: /opt/project
[2025-11-10T12:07:19.641-0500] {logging_mixin.py:188} INFO - [2025-11-10T12:07:19.640-0500] {credentials.py:1278} INFO - Found credentials in shared credentials file: ~/.aws/credentials
[2025-11-10T12:07:21.426-0500] {processor.py:840} INFO - DAG(s) 'ocr_pipeline_dag' retrieved from /opt/airflow/dags/ocr_pipeline_dag.py
[2025-11-10T12:07:21.554-0500] {logging_mixin.py:188} INFO - [2025-11-10T12:07:21.552-0500] {dag.py:3089} INFO - Sync 1 DAGs
[2025-11-10T12:07:21.606-0500] {logging_mixin.py:188} INFO - [2025-11-10T12:07:21.605-0500] {dag.py:3947} INFO - Setting next_dagrun for ocr_pipeline_dag to None, run_after=None
[2025-11-10T12:07:21.741-0500] {processor.py:183} INFO - Processing /opt/airflow/dags/ocr_pipeline_dag.py took 2.542 seconds
[2025-11-10T12:07:52.696-0500] {processor.py:161} INFO - Started process (PID=5519) to work on /opt/airflow/dags/ocr_pipeline_dag.py
[2025-11-10T12:07:52.701-0500] {processor.py:830} INFO - Processing file /opt/airflow/dags/ocr_pipeline_dag.py for tasks to queue
[2025-11-10T12:07:52.707-0500] {logging_mixin.py:188} INFO - [2025-11-10T12:07:52.705-0500] {dagbag.py:545} INFO - Filling up the DagBag from /opt/airflow/dags/ocr_pipeline_dag.py
[2025-11-10T12:07:52.790-0500] {logging_mixin.py:188} INFO - 📂 Using project root: /opt/project
[2025-11-10T12:07:53.465-0500] {logging_mixin.py:188} INFO - [2025-11-10T12:07:53.464-0500] {credentials.py:1278} INFO - Found credentials in shared credentials file: ~/.aws/credentials
[2025-11-10T12:07:55.046-0500] {processor.py:840} INFO - DAG(s) 'ocr_pipeline_dag' retrieved from /opt/airflow/dags/ocr_pipeline_dag.py
[2025-11-10T12:07:55.108-0500] {logging_mixin.py:188} INFO - [2025-11-10T12:07:55.107-0500] {dag.py:3089} INFO - Sync 1 DAGs
[2025-11-10T12:07:55.137-0500] {logging_mixin.py:188} INFO - [2025-11-10T12:07:55.136-0500] {dag.py:3947} INFO - Setting next_dagrun for ocr_pipeline_dag to None, run_after=None
[2025-11-10T12:07:55.183-0500] {processor.py:183} INFO - Processing /opt/airflow/dags/ocr_pipeline_dag.py took 2.523 seconds
[2025-11-10T12:08:25.542-0500] {processor.py:161} INFO - Started process (PID=5525) to work on /opt/airflow/dags/ocr_pipeline_dag.py
[2025-11-10T12:08:25.550-0500] {processor.py:830} INFO - Processing file /opt/airflow/dags/ocr_pipeline_dag.py for tasks to queue
[2025-11-10T12:08:25.560-0500] {logging_mixin.py:188} INFO - [2025-11-10T12:08:25.557-0500] {dagbag.py:545} INFO - Filling up the DagBag from /opt/airflow/dags/ocr_pipeline_dag.py
[2025-11-10T12:08:25.657-0500] {logging_mixin.py:188} INFO - 📂 Using project root: /opt/project
[2025-11-10T12:08:26.205-0500] {logging_mixin.py:188} INFO - [2025-11-10T12:08:26.204-0500] {credentials.py:1278} INFO - Found credentials in shared credentials file: ~/.aws/credentials
[2025-11-10T12:08:28.354-0500] {processor.py:840} INFO - DAG(s) 'ocr_pipeline_dag' retrieved from /opt/airflow/dags/ocr_pipeline_dag.py
[2025-11-10T12:08:28.422-0500] {logging_mixin.py:188} INFO - [2025-11-10T12:08:28.420-0500] {dag.py:3089} INFO - Sync 1 DAGs
[2025-11-10T12:08:28.488-0500] {logging_mixin.py:188} INFO - [2025-11-10T12:08:28.487-0500] {dag.py:3947} INFO - Setting next_dagrun for ocr_pipeline_dag to None, run_after=None
[2025-11-10T12:08:28.604-0500] {processor.py:183} INFO - Processing /opt/airflow/dags/ocr_pipeline_dag.py took 3.126 seconds
[2025-11-10T12:08:58.987-0500] {processor.py:161} INFO - Started process (PID=5531) to work on /opt/airflow/dags/ocr_pipeline_dag.py
[2025-11-10T12:08:58.991-0500] {processor.py:830} INFO - Processing file /opt/airflow/dags/ocr_pipeline_dag.py for tasks to queue
[2025-11-10T12:08:58.996-0500] {logging_mixin.py:188} INFO - [2025-11-10T12:08:58.995-0500] {dagbag.py:545} INFO - Filling up the DagBag from /opt/airflow/dags/ocr_pipeline_dag.py
[2025-11-10T12:08:59.045-0500] {logging_mixin.py:188} INFO - 📂 Using project root: /opt/project
[2025-11-10T12:08:59.573-0500] {logging_mixin.py:188} INFO - [2025-11-10T12:08:59.572-0500] {credentials.py:1278} INFO - Found credentials in shared credentials file: ~/.aws/credentials
[2025-11-10T12:09:01.516-0500] {processor.py:840} INFO - DAG(s) 'ocr_pipeline_dag' retrieved from /opt/airflow/dags/ocr_pipeline_dag.py
[2025-11-10T12:09:01.624-0500] {logging_mixin.py:188} INFO - [2025-11-10T12:09:01.623-0500] {dag.py:3089} INFO - Sync 1 DAGs
[2025-11-10T12:09:01.654-0500] {logging_mixin.py:188} INFO - [2025-11-10T12:09:01.654-0500] {dag.py:3947} INFO - Setting next_dagrun for ocr_pipeline_dag to None, run_after=None
[2025-11-10T12:09:01.703-0500] {processor.py:183} INFO - Processing /opt/airflow/dags/ocr_pipeline_dag.py took 2.739 seconds
[2025-11-10T12:09:31.968-0500] {processor.py:161} INFO - Started process (PID=5537) to work on /opt/airflow/dags/ocr_pipeline_dag.py
[2025-11-10T12:09:31.973-0500] {processor.py:830} INFO - Processing file /opt/airflow/dags/ocr_pipeline_dag.py for tasks to queue
[2025-11-10T12:09:31.981-0500] {logging_mixin.py:188} INFO - [2025-11-10T12:09:31.978-0500] {dagbag.py:545} INFO - Filling up the DagBag from /opt/airflow/dags/ocr_pipeline_dag.py
[2025-11-10T12:09:32.174-0500] {logging_mixin.py:188} INFO - 📂 Using project root: /opt/project
[2025-11-10T12:09:33.077-0500] {logging_mixin.py:188} INFO - [2025-11-10T12:09:33.076-0500] {credentials.py:1278} INFO - Found credentials in shared credentials file: ~/.aws/credentials
[2025-11-10T12:09:35.899-0500] {processor.py:840} INFO - DAG(s) 'ocr_pipeline_dag' retrieved from /opt/airflow/dags/ocr_pipeline_dag.py
[2025-11-10T12:09:36.040-0500] {logging_mixin.py:188} INFO - [2025-11-10T12:09:36.038-0500] {dag.py:3089} INFO - Sync 1 DAGs
[2025-11-10T12:09:36.096-0500] {logging_mixin.py:188} INFO - [2025-11-10T12:09:36.094-0500] {dag.py:3947} INFO - Setting next_dagrun for ocr_pipeline_dag to None, run_after=None
[2025-11-10T12:09:36.197-0500] {processor.py:183} INFO - Processing /opt/airflow/dags/ocr_pipeline_dag.py took 4.208 seconds
[2025-11-10T12:10:06.542-0500] {processor.py:161} INFO - Started process (PID=5543) to work on /opt/airflow/dags/ocr_pipeline_dag.py
[2025-11-10T12:10:06.550-0500] {processor.py:830} INFO - Processing file /opt/airflow/dags/ocr_pipeline_dag.py for tasks to queue
[2025-11-10T12:10:06.553-0500] {logging_mixin.py:188} INFO - [2025-11-10T12:10:06.552-0500] {dagbag.py:545} INFO - Filling up the DagBag from /opt/airflow/dags/ocr_pipeline_dag.py
[2025-11-10T12:10:06.604-0500] {logging_mixin.py:188} INFO - 📂 Using project root: /opt/project
[2025-11-10T12:10:07.000-0500] {logging_mixin.py:188} INFO - [2025-11-10T12:10:06.999-0500] {credentials.py:1278} INFO - Found credentials in shared credentials file: ~/.aws/credentials
[2025-11-10T12:10:08.635-0500] {processor.py:840} INFO - DAG(s) 'ocr_pipeline_dag' retrieved from /opt/airflow/dags/ocr_pipeline_dag.py
[2025-11-10T12:10:08.723-0500] {logging_mixin.py:188} INFO - [2025-11-10T12:10:08.721-0500] {dag.py:3089} INFO - Sync 1 DAGs
[2025-11-10T12:10:08.763-0500] {logging_mixin.py:188} INFO - [2025-11-10T12:10:08.763-0500] {dag.py:3947} INFO - Setting next_dagrun for ocr_pipeline_dag to None, run_after=None
[2025-11-10T12:10:08.820-0500] {processor.py:183} INFO - Processing /opt/airflow/dags/ocr_pipeline_dag.py took 2.308 seconds
[2025-11-10T12:10:39.377-0500] {processor.py:161} INFO - Started process (PID=5549) to work on /opt/airflow/dags/ocr_pipeline_dag.py
[2025-11-10T12:10:39.379-0500] {processor.py:830} INFO - Processing file /opt/airflow/dags/ocr_pipeline_dag.py for tasks to queue
[2025-11-10T12:10:39.381-0500] {logging_mixin.py:188} INFO - [2025-11-10T12:10:39.381-0500] {dagbag.py:545} INFO - Filling up the DagBag from /opt/airflow/dags/ocr_pipeline_dag.py
[2025-11-10T12:10:39.404-0500] {logging_mixin.py:188} INFO - 📂 Using project root: /opt/project
[2025-11-10T12:10:39.899-0500] {logging_mixin.py:188} INFO - [2025-11-10T12:10:39.898-0500] {credentials.py:1278} INFO - Found credentials in shared credentials file: ~/.aws/credentials
[2025-11-10T12:10:41.766-0500] {processor.py:840} INFO - DAG(s) 'ocr_pipeline_dag' retrieved from /opt/airflow/dags/ocr_pipeline_dag.py
[2025-11-10T12:10:41.859-0500] {logging_mixin.py:188} INFO - [2025-11-10T12:10:41.858-0500] {dag.py:3089} INFO - Sync 1 DAGs
[2025-11-10T12:10:41.897-0500] {logging_mixin.py:188} INFO - [2025-11-10T12:10:41.897-0500] {dag.py:3947} INFO - Setting next_dagrun for ocr_pipeline_dag to None, run_after=None
[2025-11-10T12:10:42.011-0500] {processor.py:183} INFO - Processing /opt/airflow/dags/ocr_pipeline_dag.py took 2.648 seconds
[2025-11-10T12:11:12.786-0500] {processor.py:161} INFO - Started process (PID=5555) to work on /opt/airflow/dags/ocr_pipeline_dag.py
[2025-11-10T12:11:12.791-0500] {processor.py:830} INFO - Processing file /opt/airflow/dags/ocr_pipeline_dag.py for tasks to queue
[2025-11-10T12:11:12.797-0500] {logging_mixin.py:188} INFO - [2025-11-10T12:11:12.795-0500] {dagbag.py:545} INFO - Filling up the DagBag from /opt/airflow/dags/ocr_pipeline_dag.py
[2025-11-10T12:11:12.872-0500] {logging_mixin.py:188} INFO - 📂 Using project root: /opt/project
[2025-11-10T12:11:13.349-0500] {logging_mixin.py:188} INFO - [2025-11-10T12:11:13.348-0500] {credentials.py:1278} INFO - Found credentials in shared credentials file: ~/.aws/credentials
[2025-11-10T12:11:14.964-0500] {processor.py:840} INFO - DAG(s) 'ocr_pipeline_dag' retrieved from /opt/airflow/dags/ocr_pipeline_dag.py
[2025-11-10T12:11:15.036-0500] {logging_mixin.py:188} INFO - [2025-11-10T12:11:15.035-0500] {dag.py:3089} INFO - Sync 1 DAGs
[2025-11-10T12:11:15.074-0500] {logging_mixin.py:188} INFO - [2025-11-10T12:11:15.073-0500] {dag.py:3947} INFO - Setting next_dagrun for ocr_pipeline_dag to None, run_after=None
[2025-11-10T12:11:15.123-0500] {processor.py:183} INFO - Processing /opt/airflow/dags/ocr_pipeline_dag.py took 2.371 seconds
[2025-11-10T12:11:45.607-0500] {processor.py:161} INFO - Started process (PID=5561) to work on /opt/airflow/dags/ocr_pipeline_dag.py
[2025-11-10T12:11:45.611-0500] {processor.py:830} INFO - Processing file /opt/airflow/dags/ocr_pipeline_dag.py for tasks to queue
[2025-11-10T12:11:45.615-0500] {logging_mixin.py:188} INFO - [2025-11-10T12:11:45.614-0500] {dagbag.py:545} INFO - Filling up the DagBag from /opt/airflow/dags/ocr_pipeline_dag.py
[2025-11-10T12:11:45.662-0500] {logging_mixin.py:188} INFO - 📂 Using project root: /opt/project
[2025-11-10T12:11:46.559-0500] {logging_mixin.py:188} INFO - [2025-11-10T12:11:46.557-0500] {credentials.py:1278} INFO - Found credentials in shared credentials file: ~/.aws/credentials
[2025-11-10T12:11:48.440-0500] {processor.py:840} INFO - DAG(s) 'ocr_pipeline_dag' retrieved from /opt/airflow/dags/ocr_pipeline_dag.py
[2025-11-10T12:11:48.511-0500] {logging_mixin.py:188} INFO - [2025-11-10T12:11:48.510-0500] {dag.py:3089} INFO - Sync 1 DAGs
[2025-11-10T12:11:48.541-0500] {logging_mixin.py:188} INFO - [2025-11-10T12:11:48.540-0500] {dag.py:3947} INFO - Setting next_dagrun for ocr_pipeline_dag to None, run_after=None
[2025-11-10T12:11:48.608-0500] {processor.py:183} INFO - Processing /opt/airflow/dags/ocr_pipeline_dag.py took 3.041 seconds
[2025-11-10T12:12:19.214-0500] {processor.py:161} INFO - Started process (PID=5567) to work on /opt/airflow/dags/ocr_pipeline_dag.py
[2025-11-10T12:12:19.218-0500] {processor.py:830} INFO - Processing file /opt/airflow/dags/ocr_pipeline_dag.py for tasks to queue
[2025-11-10T12:12:19.231-0500] {logging_mixin.py:188} INFO - [2025-11-10T12:12:19.223-0500] {dagbag.py:545} INFO - Filling up the DagBag from /opt/airflow/dags/ocr_pipeline_dag.py
[2025-11-10T12:12:19.294-0500] {logging_mixin.py:188} INFO - 📂 Using project root: /opt/project
[2025-11-10T12:12:19.656-0500] {logging_mixin.py:188} INFO - [2025-11-10T12:12:19.655-0500] {credentials.py:1278} INFO - Found credentials in shared credentials file: ~/.aws/credentials
[2025-11-10T12:12:21.351-0500] {processor.py:840} INFO - DAG(s) 'ocr_pipeline_dag' retrieved from /opt/airflow/dags/ocr_pipeline_dag.py
[2025-11-10T12:12:21.426-0500] {logging_mixin.py:188} INFO - [2025-11-10T12:12:21.425-0500] {dag.py:3089} INFO - Sync 1 DAGs
[2025-11-10T12:12:21.458-0500] {logging_mixin.py:188} INFO - [2025-11-10T12:12:21.458-0500] {dag.py:3947} INFO - Setting next_dagrun for ocr_pipeline_dag to None, run_after=None
[2025-11-10T12:12:21.518-0500] {processor.py:183} INFO - Processing /opt/airflow/dags/ocr_pipeline_dag.py took 2.327 seconds
[2025-11-10T12:12:52.013-0500] {processor.py:161} INFO - Started process (PID=5573) to work on /opt/airflow/dags/ocr_pipeline_dag.py
[2025-11-10T12:12:52.021-0500] {processor.py:830} INFO - Processing file /opt/airflow/dags/ocr_pipeline_dag.py for tasks to queue
[2025-11-10T12:12:52.029-0500] {logging_mixin.py:188} INFO - [2025-11-10T12:12:52.026-0500] {dagbag.py:545} INFO - Filling up the DagBag from /opt/airflow/dags/ocr_pipeline_dag.py
[2025-11-10T12:12:52.260-0500] {logging_mixin.py:188} INFO - 📂 Using project root: /opt/project
[2025-11-10T12:12:53.228-0500] {logging_mixin.py:188} INFO - [2025-11-10T12:12:53.226-0500] {credentials.py:1278} INFO - Found credentials in shared credentials file: ~/.aws/credentials
[2025-11-10T12:12:55.466-0500] {processor.py:840} INFO - DAG(s) 'ocr_pipeline_dag' retrieved from /opt/airflow/dags/ocr_pipeline_dag.py
[2025-11-10T12:12:55.541-0500] {logging_mixin.py:188} INFO - [2025-11-10T12:12:55.540-0500] {dag.py:3089} INFO - Sync 1 DAGs
[2025-11-10T12:12:55.577-0500] {logging_mixin.py:188} INFO - [2025-11-10T12:12:55.577-0500] {dag.py:3947} INFO - Setting next_dagrun for ocr_pipeline_dag to None, run_after=None
[2025-11-10T12:12:55.645-0500] {processor.py:183} INFO - Processing /opt/airflow/dags/ocr_pipeline_dag.py took 3.677 seconds
[2025-11-10T12:13:26.523-0500] {processor.py:161} INFO - Started process (PID=5579) to work on /opt/airflow/dags/ocr_pipeline_dag.py
[2025-11-10T12:13:26.528-0500] {processor.py:830} INFO - Processing file /opt/airflow/dags/ocr_pipeline_dag.py for tasks to queue
[2025-11-10T12:13:26.533-0500] {logging_mixin.py:188} INFO - [2025-11-10T12:13:26.531-0500] {dagbag.py:545} INFO - Filling up the DagBag from /opt/airflow/dags/ocr_pipeline_dag.py
[2025-11-10T12:13:26.589-0500] {logging_mixin.py:188} INFO - 📂 Using project root: /opt/project
[2025-11-10T12:13:27.641-0500] {logging_mixin.py:188} INFO - [2025-11-10T12:13:27.639-0500] {credentials.py:1278} INFO - Found credentials in shared credentials file: ~/.aws/credentials
[2025-11-10T12:13:29.333-0500] {processor.py:840} INFO - DAG(s) 'ocr_pipeline_dag' retrieved from /opt/airflow/dags/ocr_pipeline_dag.py
[2025-11-10T12:13:29.384-0500] {logging_mixin.py:188} INFO - [2025-11-10T12:13:29.384-0500] {dag.py:3089} INFO - Sync 1 DAGs
[2025-11-10T12:13:29.413-0500] {logging_mixin.py:188} INFO - [2025-11-10T12:13:29.413-0500] {dag.py:3947} INFO - Setting next_dagrun for ocr_pipeline_dag to None, run_after=None
[2025-11-10T12:13:29.507-0500] {processor.py:183} INFO - Processing /opt/airflow/dags/ocr_pipeline_dag.py took 3.085 seconds
[2025-11-10T12:14:00.076-0500] {processor.py:161} INFO - Started process (PID=5585) to work on /opt/airflow/dags/ocr_pipeline_dag.py
[2025-11-10T12:14:00.082-0500] {processor.py:830} INFO - Processing file /opt/airflow/dags/ocr_pipeline_dag.py for tasks to queue
[2025-11-10T12:14:00.090-0500] {logging_mixin.py:188} INFO - [2025-11-10T12:14:00.088-0500] {dagbag.py:545} INFO - Filling up the DagBag from /opt/airflow/dags/ocr_pipeline_dag.py
[2025-11-10T12:14:00.224-0500] {logging_mixin.py:188} INFO - 📂 Using project root: /opt/project
[2025-11-10T12:14:00.928-0500] {logging_mixin.py:188} INFO - [2025-11-10T12:14:00.927-0500] {credentials.py:1278} INFO - Found credentials in shared credentials file: ~/.aws/credentials
[2025-11-10T12:14:02.765-0500] {processor.py:840} INFO - DAG(s) 'ocr_pipeline_dag' retrieved from /opt/airflow/dags/ocr_pipeline_dag.py
[2025-11-10T12:14:02.922-0500] {logging_mixin.py:188} INFO - [2025-11-10T12:14:02.921-0500] {dag.py:3089} INFO - Sync 1 DAGs
[2025-11-10T12:14:02.987-0500] {logging_mixin.py:188} INFO - [2025-11-10T12:14:02.986-0500] {dag.py:3947} INFO - Setting next_dagrun for ocr_pipeline_dag to None, run_after=None
[2025-11-10T12:14:03.067-0500] {processor.py:183} INFO - Processing /opt/airflow/dags/ocr_pipeline_dag.py took 3.043 seconds
[2025-11-10T12:14:33.594-0500] {processor.py:161} INFO - Started process (PID=5591) to work on /opt/airflow/dags/ocr_pipeline_dag.py
[2025-11-10T12:14:33.599-0500] {processor.py:830} INFO - Processing file /opt/airflow/dags/ocr_pipeline_dag.py for tasks to queue
[2025-11-10T12:14:33.605-0500] {logging_mixin.py:188} INFO - [2025-11-10T12:14:33.603-0500] {dagbag.py:545} INFO - Filling up the DagBag from /opt/airflow/dags/ocr_pipeline_dag.py
[2025-11-10T12:14:33.683-0500] {logging_mixin.py:188} INFO - 📂 Using project root: /opt/project
[2025-11-10T12:14:34.500-0500] {logging_mixin.py:188} INFO - [2025-11-10T12:14:34.499-0500] {credentials.py:1278} INFO - Found credentials in shared credentials file: ~/.aws/credentials
[2025-11-10T12:14:36.463-0500] {processor.py:840} INFO - DAG(s) 'ocr_pipeline_dag' retrieved from /opt/airflow/dags/ocr_pipeline_dag.py
[2025-11-10T12:14:36.512-0500] {logging_mixin.py:188} INFO - [2025-11-10T12:14:36.511-0500] {dag.py:3089} INFO - Sync 1 DAGs
[2025-11-10T12:14:36.552-0500] {logging_mixin.py:188} INFO - [2025-11-10T12:14:36.551-0500] {dag.py:3947} INFO - Setting next_dagrun for ocr_pipeline_dag to None, run_after=None
[2025-11-10T12:14:36.602-0500] {processor.py:183} INFO - Processing /opt/airflow/dags/ocr_pipeline_dag.py took 3.040 seconds
[2025-11-10T12:15:07.337-0500] {processor.py:161} INFO - Started process (PID=5597) to work on /opt/airflow/dags/ocr_pipeline_dag.py
[2025-11-10T12:15:07.344-0500] {processor.py:830} INFO - Processing file /opt/airflow/dags/ocr_pipeline_dag.py for tasks to queue
[2025-11-10T12:15:07.350-0500] {logging_mixin.py:188} INFO - [2025-11-10T12:15:07.348-0500] {dagbag.py:545} INFO - Filling up the DagBag from /opt/airflow/dags/ocr_pipeline_dag.py
[2025-11-10T12:15:07.434-0500] {logging_mixin.py:188} INFO - 📂 Using project root: /opt/project
[2025-11-10T12:15:08.237-0500] {logging_mixin.py:188} INFO - [2025-11-10T12:15:08.236-0500] {credentials.py:1278} INFO - Found credentials in shared credentials file: ~/.aws/credentials
[2025-11-10T12:15:09.994-0500] {processor.py:840} INFO - DAG(s) 'ocr_pipeline_dag' retrieved from /opt/airflow/dags/ocr_pipeline_dag.py
[2025-11-10T12:15:10.058-0500] {logging_mixin.py:188} INFO - [2025-11-10T12:15:10.057-0500] {dag.py:3089} INFO - Sync 1 DAGs
[2025-11-10T12:15:10.086-0500] {logging_mixin.py:188} INFO - [2025-11-10T12:15:10.085-0500] {dag.py:3947} INFO - Setting next_dagrun for ocr_pipeline_dag to None, run_after=None
[2025-11-10T12:15:10.140-0500] {processor.py:183} INFO - Processing /opt/airflow/dags/ocr_pipeline_dag.py took 2.838 seconds
[2025-11-10T12:15:40.895-0500] {processor.py:161} INFO - Started process (PID=5603) to work on /opt/airflow/dags/ocr_pipeline_dag.py
[2025-11-10T12:15:40.900-0500] {processor.py:830} INFO - Processing file /opt/airflow/dags/ocr_pipeline_dag.py for tasks to queue
[2025-11-10T12:15:40.907-0500] {logging_mixin.py:188} INFO - [2025-11-10T12:15:40.904-0500] {dagbag.py:545} INFO - Filling up the DagBag from /opt/airflow/dags/ocr_pipeline_dag.py
[2025-11-10T12:15:40.976-0500] {logging_mixin.py:188} INFO - 📂 Using project root: /opt/project
[2025-11-10T12:15:41.650-0500] {logging_mixin.py:188} INFO - [2025-11-10T12:15:41.649-0500] {credentials.py:1278} INFO - Found credentials in shared credentials file: ~/.aws/credentials
[2025-11-10T12:15:43.848-0500] {processor.py:840} INFO - DAG(s) 'ocr_pipeline_dag' retrieved from /opt/airflow/dags/ocr_pipeline_dag.py
[2025-11-10T12:15:43.902-0500] {logging_mixin.py:188} INFO - [2025-11-10T12:15:43.901-0500] {dag.py:3089} INFO - Sync 1 DAGs
[2025-11-10T12:15:43.929-0500] {logging_mixin.py:188} INFO - [2025-11-10T12:15:43.929-0500] {dag.py:3947} INFO - Setting next_dagrun for ocr_pipeline_dag to None, run_after=None
[2025-11-10T12:15:43.970-0500] {processor.py:183} INFO - Processing /opt/airflow/dags/ocr_pipeline_dag.py took 3.105 seconds
[2025-11-10T12:16:14.615-0500] {processor.py:161} INFO - Started process (PID=5609) to work on /opt/airflow/dags/ocr_pipeline_dag.py
[2025-11-10T12:16:14.621-0500] {processor.py:830} INFO - Processing file /opt/airflow/dags/ocr_pipeline_dag.py for tasks to queue
[2025-11-10T12:16:14.627-0500] {logging_mixin.py:188} INFO - [2025-11-10T12:16:14.625-0500] {dagbag.py:545} INFO - Filling up the DagBag from /opt/airflow/dags/ocr_pipeline_dag.py
[2025-11-10T12:16:14.753-0500] {logging_mixin.py:188} INFO - 📂 Using project root: /opt/project
[2025-11-10T12:16:15.189-0500] {logging_mixin.py:188} INFO - [2025-11-10T12:16:15.189-0500] {credentials.py:1278} INFO - Found credentials in shared credentials file: ~/.aws/credentials
[2025-11-10T12:16:16.779-0500] {processor.py:840} INFO - DAG(s) 'ocr_pipeline_dag' retrieved from /opt/airflow/dags/ocr_pipeline_dag.py
[2025-11-10T12:16:16.818-0500] {logging_mixin.py:188} INFO - [2025-11-10T12:16:16.817-0500] {dag.py:3089} INFO - Sync 1 DAGs
[2025-11-10T12:16:16.837-0500] {logging_mixin.py:188} INFO - [2025-11-10T12:16:16.837-0500] {dag.py:3947} INFO - Setting next_dagrun for ocr_pipeline_dag to None, run_after=None
[2025-11-10T12:16:16.889-0500] {processor.py:183} INFO - Processing /opt/airflow/dags/ocr_pipeline_dag.py took 2.315 seconds
[2025-11-10T12:16:47.109-0500] {processor.py:161} INFO - Started process (PID=5615) to work on /opt/airflow/dags/ocr_pipeline_dag.py
[2025-11-10T12:16:47.112-0500] {processor.py:830} INFO - Processing file /opt/airflow/dags/ocr_pipeline_dag.py for tasks to queue
[2025-11-10T12:16:47.115-0500] {logging_mixin.py:188} INFO - [2025-11-10T12:16:47.114-0500] {dagbag.py:545} INFO - Filling up the DagBag from /opt/airflow/dags/ocr_pipeline_dag.py
[2025-11-10T12:16:47.140-0500] {logging_mixin.py:188} INFO - 📂 Using project root: /opt/project
[2025-11-10T12:16:48.415-0500] {logging_mixin.py:188} INFO - [2025-11-10T12:16:48.414-0500] {credentials.py:1278} INFO - Found credentials in shared credentials file: ~/.aws/credentials
[2025-11-10T12:16:49.387-0500] {processor.py:840} INFO - DAG(s) 'ocr_pipeline_dag' retrieved from /opt/airflow/dags/ocr_pipeline_dag.py
[2025-11-10T12:16:49.473-0500] {logging_mixin.py:188} INFO - [2025-11-10T12:16:49.472-0500] {dag.py:3089} INFO - Sync 1 DAGs
[2025-11-10T12:16:49.502-0500] {logging_mixin.py:188} INFO - [2025-11-10T12:16:49.502-0500] {dag.py:3947} INFO - Setting next_dagrun for ocr_pipeline_dag to None, run_after=None
[2025-11-10T12:16:49.555-0500] {processor.py:183} INFO - Processing /opt/airflow/dags/ocr_pipeline_dag.py took 2.460 seconds
[2025-11-10T12:17:20.040-0500] {processor.py:161} INFO - Started process (PID=5621) to work on /opt/airflow/dags/ocr_pipeline_dag.py
[2025-11-10T12:17:20.046-0500] {processor.py:830} INFO - Processing file /opt/airflow/dags/ocr_pipeline_dag.py for tasks to queue
[2025-11-10T12:17:20.052-0500] {logging_mixin.py:188} INFO - [2025-11-10T12:17:20.050-0500] {dagbag.py:545} INFO - Filling up the DagBag from /opt/airflow/dags/ocr_pipeline_dag.py
[2025-11-10T12:17:20.132-0500] {logging_mixin.py:188} INFO - 📂 Using project root: /opt/project
[2025-11-10T12:17:20.979-0500] {logging_mixin.py:188} INFO - [2025-11-10T12:17:20.978-0500] {credentials.py:1278} INFO - Found credentials in shared credentials file: ~/.aws/credentials
[2025-11-10T12:17:22.658-0500] {processor.py:840} INFO - DAG(s) 'ocr_pipeline_dag' retrieved from /opt/airflow/dags/ocr_pipeline_dag.py
[2025-11-10T12:17:22.749-0500] {logging_mixin.py:188} INFO - [2025-11-10T12:17:22.748-0500] {dag.py:3089} INFO - Sync 1 DAGs
[2025-11-10T12:17:22.779-0500] {logging_mixin.py:188} INFO - [2025-11-10T12:17:22.778-0500] {dag.py:3947} INFO - Setting next_dagrun for ocr_pipeline_dag to None, run_after=None
[2025-11-10T12:17:22.838-0500] {processor.py:183} INFO - Processing /opt/airflow/dags/ocr_pipeline_dag.py took 2.833 seconds
[2025-11-10T12:17:53.852-0500] {processor.py:161} INFO - Started process (PID=5627) to work on /opt/airflow/dags/ocr_pipeline_dag.py
[2025-11-10T12:17:53.859-0500] {processor.py:830} INFO - Processing file /opt/airflow/dags/ocr_pipeline_dag.py for tasks to queue
[2025-11-10T12:17:53.865-0500] {logging_mixin.py:188} INFO - [2025-11-10T12:17:53.863-0500] {dagbag.py:545} INFO - Filling up the DagBag from /opt/airflow/dags/ocr_pipeline_dag.py
[2025-11-10T12:17:53.950-0500] {logging_mixin.py:188} INFO - 📂 Using project root: /opt/project
[2025-11-10T12:17:54.584-0500] {logging_mixin.py:188} INFO - [2025-11-10T12:17:54.583-0500] {credentials.py:1278} INFO - Found credentials in shared credentials file: ~/.aws/credentials
[2025-11-10T12:17:57.069-0500] {processor.py:840} INFO - DAG(s) 'ocr_pipeline_dag' retrieved from /opt/airflow/dags/ocr_pipeline_dag.py
[2025-11-10T12:17:57.130-0500] {logging_mixin.py:188} INFO - [2025-11-10T12:17:57.129-0500] {dag.py:3089} INFO - Sync 1 DAGs
[2025-11-10T12:17:57.158-0500] {logging_mixin.py:188} INFO - [2025-11-10T12:17:57.158-0500] {dag.py:3947} INFO - Setting next_dagrun for ocr_pipeline_dag to None, run_after=None
[2025-11-10T12:17:57.247-0500] {processor.py:183} INFO - Processing /opt/airflow/dags/ocr_pipeline_dag.py took 3.434 seconds
[2025-11-10T12:18:27.908-0500] {processor.py:161} INFO - Started process (PID=5633) to work on /opt/airflow/dags/ocr_pipeline_dag.py
[2025-11-10T12:18:27.910-0500] {processor.py:830} INFO - Processing file /opt/airflow/dags/ocr_pipeline_dag.py for tasks to queue
[2025-11-10T12:18:27.912-0500] {logging_mixin.py:188} INFO - [2025-11-10T12:18:27.912-0500] {dagbag.py:545} INFO - Filling up the DagBag from /opt/airflow/dags/ocr_pipeline_dag.py
[2025-11-10T12:18:27.944-0500] {logging_mixin.py:188} INFO - 📂 Using project root: /opt/project
[2025-11-10T12:18:28.356-0500] {logging_mixin.py:188} INFO - [2025-11-10T12:18:28.355-0500] {credentials.py:1278} INFO - Found credentials in shared credentials file: ~/.aws/credentials
[2025-11-10T12:18:30.153-0500] {processor.py:840} INFO - DAG(s) 'ocr_pipeline_dag' retrieved from /opt/airflow/dags/ocr_pipeline_dag.py
[2025-11-10T12:18:30.248-0500] {logging_mixin.py:188} INFO - [2025-11-10T12:18:30.246-0500] {dag.py:3089} INFO - Sync 1 DAGs
[2025-11-10T12:18:30.286-0500] {logging_mixin.py:188} INFO - [2025-11-10T12:18:30.285-0500] {dag.py:3947} INFO - Setting next_dagrun for ocr_pipeline_dag to None, run_after=None
[2025-11-10T12:18:30.385-0500] {processor.py:183} INFO - Processing /opt/airflow/dags/ocr_pipeline_dag.py took 2.494 seconds
[2025-11-10T12:19:00.956-0500] {processor.py:161} INFO - Started process (PID=5639) to work on /opt/airflow/dags/ocr_pipeline_dag.py
[2025-11-10T12:19:00.963-0500] {processor.py:830} INFO - Processing file /opt/airflow/dags/ocr_pipeline_dag.py for tasks to queue
[2025-11-10T12:19:00.969-0500] {logging_mixin.py:188} INFO - [2025-11-10T12:19:00.967-0500] {dagbag.py:545} INFO - Filling up the DagBag from /opt/airflow/dags/ocr_pipeline_dag.py
[2025-11-10T12:19:01.064-0500] {logging_mixin.py:188} INFO - 📂 Using project root: /opt/project
[2025-11-10T12:19:01.597-0500] {logging_mixin.py:188} INFO - [2025-11-10T12:19:01.596-0500] {credentials.py:1278} INFO - Found credentials in shared credentials file: ~/.aws/credentials
[2025-11-10T12:19:03.040-0500] {processor.py:840} INFO - DAG(s) 'ocr_pipeline_dag' retrieved from /opt/airflow/dags/ocr_pipeline_dag.py
[2025-11-10T12:19:03.195-0500] {logging_mixin.py:188} INFO - [2025-11-10T12:19:03.194-0500] {dag.py:3089} INFO - Sync 1 DAGs
[2025-11-10T12:19:03.251-0500] {logging_mixin.py:188} INFO - [2025-11-10T12:19:03.250-0500] {dag.py:3947} INFO - Setting next_dagrun for ocr_pipeline_dag to None, run_after=None
[2025-11-10T12:19:03.387-0500] {processor.py:183} INFO - Processing /opt/airflow/dags/ocr_pipeline_dag.py took 2.403 seconds
[2025-11-10T12:19:33.797-0500] {processor.py:161} INFO - Started process (PID=5645) to work on /opt/airflow/dags/ocr_pipeline_dag.py
[2025-11-10T12:19:33.804-0500] {processor.py:830} INFO - Processing file /opt/airflow/dags/ocr_pipeline_dag.py for tasks to queue
[2025-11-10T12:19:33.810-0500] {logging_mixin.py:188} INFO - [2025-11-10T12:19:33.808-0500] {dagbag.py:545} INFO - Filling up the DagBag from /opt/airflow/dags/ocr_pipeline_dag.py
[2025-11-10T12:19:33.897-0500] {logging_mixin.py:188} INFO - 📂 Using project root: /opt/project
[2025-11-10T12:19:34.834-0500] {logging_mixin.py:188} INFO - [2025-11-10T12:19:34.833-0500] {credentials.py:1278} INFO - Found credentials in shared credentials file: ~/.aws/credentials
[2025-11-10T12:19:36.192-0500] {processor.py:840} INFO - DAG(s) 'ocr_pipeline_dag' retrieved from /opt/airflow/dags/ocr_pipeline_dag.py
[2025-11-10T12:19:36.258-0500] {logging_mixin.py:188} INFO - [2025-11-10T12:19:36.257-0500] {dag.py:3089} INFO - Sync 1 DAGs
[2025-11-10T12:19:36.294-0500] {logging_mixin.py:188} INFO - [2025-11-10T12:19:36.293-0500] {dag.py:3947} INFO - Setting next_dagrun for ocr_pipeline_dag to None, run_after=None
[2025-11-10T12:19:36.346-0500] {processor.py:183} INFO - Processing /opt/airflow/dags/ocr_pipeline_dag.py took 2.587 seconds
[2025-11-10T12:20:06.731-0500] {processor.py:161} INFO - Started process (PID=5651) to work on /opt/airflow/dags/ocr_pipeline_dag.py
[2025-11-10T12:20:06.735-0500] {processor.py:830} INFO - Processing file /opt/airflow/dags/ocr_pipeline_dag.py for tasks to queue
[2025-11-10T12:20:06.739-0500] {logging_mixin.py:188} INFO - [2025-11-10T12:20:06.738-0500] {dagbag.py:545} INFO - Filling up the DagBag from /opt/airflow/dags/ocr_pipeline_dag.py
[2025-11-10T12:20:06.781-0500] {logging_mixin.py:188} INFO - 📂 Using project root: /opt/project
[2025-11-10T12:20:07.324-0500] {logging_mixin.py:188} INFO - [2025-11-10T12:20:07.323-0500] {credentials.py:1278} INFO - Found credentials in shared credentials file: ~/.aws/credentials
[2025-11-10T12:20:08.958-0500] {processor.py:840} INFO - DAG(s) 'ocr_pipeline_dag' retrieved from /opt/airflow/dags/ocr_pipeline_dag.py
[2025-11-10T12:20:09.017-0500] {logging_mixin.py:188} INFO - [2025-11-10T12:20:09.016-0500] {dag.py:3089} INFO - Sync 1 DAGs
[2025-11-10T12:20:09.056-0500] {logging_mixin.py:188} INFO - [2025-11-10T12:20:09.055-0500] {dag.py:3947} INFO - Setting next_dagrun for ocr_pipeline_dag to None, run_after=None
[2025-11-10T12:20:09.171-0500] {processor.py:183} INFO - Processing /opt/airflow/dags/ocr_pipeline_dag.py took 2.472 seconds
[2025-11-10T12:20:39.658-0500] {processor.py:161} INFO - Started process (PID=5657) to work on /opt/airflow/dags/ocr_pipeline_dag.py
[2025-11-10T12:20:39.675-0500] {processor.py:830} INFO - Processing file /opt/airflow/dags/ocr_pipeline_dag.py for tasks to queue
[2025-11-10T12:20:39.683-0500] {logging_mixin.py:188} INFO - [2025-11-10T12:20:39.681-0500] {dagbag.py:545} INFO - Filling up the DagBag from /opt/airflow/dags/ocr_pipeline_dag.py
[2025-11-10T12:20:39.740-0500] {logging_mixin.py:188} INFO - 📂 Using project root: /opt/project
[2025-11-10T12:20:40.349-0500] {logging_mixin.py:188} INFO - [2025-11-10T12:20:40.347-0500] {credentials.py:1278} INFO - Found credentials in shared credentials file: ~/.aws/credentials
[2025-11-10T12:20:42.236-0500] {processor.py:840} INFO - DAG(s) 'ocr_pipeline_dag' retrieved from /opt/airflow/dags/ocr_pipeline_dag.py
[2025-11-10T12:20:42.304-0500] {logging_mixin.py:188} INFO - [2025-11-10T12:20:42.303-0500] {dag.py:3089} INFO - Sync 1 DAGs
[2025-11-10T12:20:42.332-0500] {logging_mixin.py:188} INFO - [2025-11-10T12:20:42.331-0500] {dag.py:3947} INFO - Setting next_dagrun for ocr_pipeline_dag to None, run_after=None
[2025-11-10T12:20:42.382-0500] {processor.py:183} INFO - Processing /opt/airflow/dags/ocr_pipeline_dag.py took 2.803 seconds
[2025-11-10T12:21:13.055-0500] {processor.py:161} INFO - Started process (PID=5663) to work on /opt/airflow/dags/ocr_pipeline_dag.py
[2025-11-10T12:21:13.058-0500] {processor.py:830} INFO - Processing file /opt/airflow/dags/ocr_pipeline_dag.py for tasks to queue
[2025-11-10T12:21:13.061-0500] {logging_mixin.py:188} INFO - [2025-11-10T12:21:13.060-0500] {dagbag.py:545} INFO - Filling up the DagBag from /opt/airflow/dags/ocr_pipeline_dag.py
[2025-11-10T12:21:13.104-0500] {logging_mixin.py:188} INFO - 📂 Using project root: /opt/project
[2025-11-10T12:21:13.509-0500] {logging_mixin.py:188} INFO - [2025-11-10T12:21:13.508-0500] {credentials.py:1278} INFO - Found credentials in shared credentials file: ~/.aws/credentials
[2025-11-10T12:21:15.044-0500] {processor.py:840} INFO - DAG(s) 'ocr_pipeline_dag' retrieved from /opt/airflow/dags/ocr_pipeline_dag.py
[2025-11-10T12:21:15.139-0500] {logging_mixin.py:188} INFO - [2025-11-10T12:21:15.138-0500] {dag.py:3089} INFO - Sync 1 DAGs
[2025-11-10T12:21:15.182-0500] {logging_mixin.py:188} INFO - [2025-11-10T12:21:15.182-0500] {dag.py:3947} INFO - Setting next_dagrun for ocr_pipeline_dag to None, run_after=None
[2025-11-10T12:21:15.248-0500] {processor.py:183} INFO - Processing /opt/airflow/dags/ocr_pipeline_dag.py took 2.212 seconds
[2025-11-10T12:21:45.684-0500] {processor.py:161} INFO - Started process (PID=5669) to work on /opt/airflow/dags/ocr_pipeline_dag.py
[2025-11-10T12:21:45.690-0500] {processor.py:830} INFO - Processing file /opt/airflow/dags/ocr_pipeline_dag.py for tasks to queue
[2025-11-10T12:21:45.698-0500] {logging_mixin.py:188} INFO - [2025-11-10T12:21:45.696-0500] {dagbag.py:545} INFO - Filling up the DagBag from /opt/airflow/dags/ocr_pipeline_dag.py
[2025-11-10T12:21:45.786-0500] {logging_mixin.py:188} INFO - 📂 Using project root: /opt/project
[2025-11-10T12:21:46.414-0500] {logging_mixin.py:188} INFO - [2025-11-10T12:21:46.413-0500] {credentials.py:1278} INFO - Found credentials in shared credentials file: ~/.aws/credentials
[2025-11-10T12:21:48.252-0500] {processor.py:840} INFO - DAG(s) 'ocr_pipeline_dag' retrieved from /opt/airflow/dags/ocr_pipeline_dag.py
[2025-11-10T12:21:48.351-0500] {logging_mixin.py:188} INFO - [2025-11-10T12:21:48.349-0500] {dag.py:3089} INFO - Sync 1 DAGs
[2025-11-10T12:21:48.381-0500] {logging_mixin.py:188} INFO - [2025-11-10T12:21:48.381-0500] {dag.py:3947} INFO - Setting next_dagrun for ocr_pipeline_dag to None, run_after=None
[2025-11-10T12:21:48.490-0500] {processor.py:183} INFO - Processing /opt/airflow/dags/ocr_pipeline_dag.py took 2.841 seconds
[2025-11-10T12:22:19.312-0500] {processor.py:161} INFO - Started process (PID=5675) to work on /opt/airflow/dags/ocr_pipeline_dag.py
[2025-11-10T12:22:19.317-0500] {processor.py:830} INFO - Processing file /opt/airflow/dags/ocr_pipeline_dag.py for tasks to queue
[2025-11-10T12:22:19.322-0500] {logging_mixin.py:188} INFO - [2025-11-10T12:22:19.321-0500] {dagbag.py:545} INFO - Filling up the DagBag from /opt/airflow/dags/ocr_pipeline_dag.py
[2025-11-10T12:22:19.396-0500] {logging_mixin.py:188} INFO - 📂 Using project root: /opt/project
[2025-11-10T12:22:20.238-0500] {logging_mixin.py:188} INFO - [2025-11-10T12:22:20.237-0500] {credentials.py:1278} INFO - Found credentials in shared credentials file: ~/.aws/credentials
[2025-11-10T12:22:21.415-0500] {processor.py:840} INFO - DAG(s) 'ocr_pipeline_dag' retrieved from /opt/airflow/dags/ocr_pipeline_dag.py
[2025-11-10T12:22:21.477-0500] {logging_mixin.py:188} INFO - [2025-11-10T12:22:21.476-0500] {dag.py:3089} INFO - Sync 1 DAGs
[2025-11-10T12:22:21.505-0500] {logging_mixin.py:188} INFO - [2025-11-10T12:22:21.505-0500] {dag.py:3947} INFO - Setting next_dagrun for ocr_pipeline_dag to None, run_after=None
[2025-11-10T12:22:21.619-0500] {processor.py:183} INFO - Processing /opt/airflow/dags/ocr_pipeline_dag.py took 2.339 seconds
[2025-11-10T12:22:52.237-0500] {processor.py:161} INFO - Started process (PID=5681) to work on /opt/airflow/dags/ocr_pipeline_dag.py
[2025-11-10T12:22:52.242-0500] {processor.py:830} INFO - Processing file /opt/airflow/dags/ocr_pipeline_dag.py for tasks to queue
[2025-11-10T12:22:52.248-0500] {logging_mixin.py:188} INFO - [2025-11-10T12:22:52.247-0500] {dagbag.py:545} INFO - Filling up the DagBag from /opt/airflow/dags/ocr_pipeline_dag.py
[2025-11-10T12:22:52.304-0500] {logging_mixin.py:188} INFO - 📂 Using project root: /opt/project
[2025-11-10T12:22:53.224-0500] {logging_mixin.py:188} INFO - [2025-11-10T12:22:53.224-0500] {credentials.py:1278} INFO - Found credentials in shared credentials file: ~/.aws/credentials
[2025-11-10T12:22:54.341-0500] {processor.py:840} INFO - DAG(s) 'ocr_pipeline_dag' retrieved from /opt/airflow/dags/ocr_pipeline_dag.py
[2025-11-10T12:22:54.409-0500] {logging_mixin.py:188} INFO - [2025-11-10T12:22:54.408-0500] {dag.py:3089} INFO - Sync 1 DAGs
[2025-11-10T12:22:54.444-0500] {logging_mixin.py:188} INFO - [2025-11-10T12:22:54.444-0500] {dag.py:3947} INFO - Setting next_dagrun for ocr_pipeline_dag to None, run_after=None
[2025-11-10T12:22:54.506-0500] {processor.py:183} INFO - Processing /opt/airflow/dags/ocr_pipeline_dag.py took 2.314 seconds
[2025-11-10T12:23:24.865-0500] {processor.py:161} INFO - Started process (PID=5687) to work on /opt/airflow/dags/ocr_pipeline_dag.py
[2025-11-10T12:23:24.868-0500] {processor.py:830} INFO - Processing file /opt/airflow/dags/ocr_pipeline_dag.py for tasks to queue
[2025-11-10T12:23:24.872-0500] {logging_mixin.py:188} INFO - [2025-11-10T12:23:24.871-0500] {dagbag.py:545} INFO - Filling up the DagBag from /opt/airflow/dags/ocr_pipeline_dag.py
[2025-11-10T12:23:24.908-0500] {logging_mixin.py:188} INFO - 📂 Using project root: /opt/project
[2025-11-10T12:23:25.486-0500] {logging_mixin.py:188} INFO - [2025-11-10T12:23:25.485-0500] {credentials.py:1278} INFO - Found credentials in shared credentials file: ~/.aws/credentials
[2025-11-10T12:23:27.280-0500] {processor.py:840} INFO - DAG(s) 'ocr_pipeline_dag' retrieved from /opt/airflow/dags/ocr_pipeline_dag.py
[2025-11-10T12:23:27.436-0500] {logging_mixin.py:188} INFO - [2025-11-10T12:23:27.434-0500] {dag.py:3089} INFO - Sync 1 DAGs
[2025-11-10T12:23:27.496-0500] {logging_mixin.py:188} INFO - [2025-11-10T12:23:27.495-0500] {dag.py:3947} INFO - Setting next_dagrun for ocr_pipeline_dag to None, run_after=None
[2025-11-10T12:23:27.643-0500] {processor.py:183} INFO - Processing /opt/airflow/dags/ocr_pipeline_dag.py took 2.794 seconds
[2025-11-10T12:23:58.534-0500] {processor.py:161} INFO - Started process (PID=5693) to work on /opt/airflow/dags/ocr_pipeline_dag.py
[2025-11-10T12:23:58.546-0500] {processor.py:830} INFO - Processing file /opt/airflow/dags/ocr_pipeline_dag.py for tasks to queue
[2025-11-10T12:23:58.551-0500] {logging_mixin.py:188} INFO - [2025-11-10T12:23:58.550-0500] {dagbag.py:545} INFO - Filling up the DagBag from /opt/airflow/dags/ocr_pipeline_dag.py
[2025-11-10T12:23:58.636-0500] {logging_mixin.py:188} INFO - 📂 Using project root: /opt/project
[2025-11-10T12:23:59.563-0500] {logging_mixin.py:188} INFO - [2025-11-10T12:23:59.562-0500] {credentials.py:1278} INFO - Found credentials in shared credentials file: ~/.aws/credentials
[2025-11-10T12:24:01.414-0500] {processor.py:840} INFO - DAG(s) 'ocr_pipeline_dag' retrieved from /opt/airflow/dags/ocr_pipeline_dag.py
[2025-11-10T12:24:01.559-0500] {logging_mixin.py:188} INFO - [2025-11-10T12:24:01.558-0500] {dag.py:3089} INFO - Sync 1 DAGs
[2025-11-10T12:24:01.612-0500] {logging_mixin.py:188} INFO - [2025-11-10T12:24:01.612-0500] {dag.py:3947} INFO - Setting next_dagrun for ocr_pipeline_dag to None, run_after=None
[2025-11-10T12:24:01.735-0500] {processor.py:183} INFO - Processing /opt/airflow/dags/ocr_pipeline_dag.py took 3.235 seconds
[2025-11-10T12:24:32.343-0500] {processor.py:161} INFO - Started process (PID=5699) to work on /opt/airflow/dags/ocr_pipeline_dag.py
[2025-11-10T12:24:32.349-0500] {processor.py:830} INFO - Processing file /opt/airflow/dags/ocr_pipeline_dag.py for tasks to queue
[2025-11-10T12:24:32.354-0500] {logging_mixin.py:188} INFO - [2025-11-10T12:24:32.352-0500] {dagbag.py:545} INFO - Filling up the DagBag from /opt/airflow/dags/ocr_pipeline_dag.py
[2025-11-10T12:24:32.427-0500] {logging_mixin.py:188} INFO - 📂 Using project root: /opt/project
[2025-11-10T12:24:32.974-0500] {logging_mixin.py:188} INFO - [2025-11-10T12:24:32.973-0500] {credentials.py:1278} INFO - Found credentials in shared credentials file: ~/.aws/credentials
[2025-11-10T12:24:34.416-0500] {processor.py:840} INFO - DAG(s) 'ocr_pipeline_dag' retrieved from /opt/airflow/dags/ocr_pipeline_dag.py
[2025-11-10T12:24:34.495-0500] {logging_mixin.py:188} INFO - [2025-11-10T12:24:34.493-0500] {dag.py:3089} INFO - Sync 1 DAGs
[2025-11-10T12:24:34.534-0500] {logging_mixin.py:188} INFO - [2025-11-10T12:24:34.534-0500] {dag.py:3947} INFO - Setting next_dagrun for ocr_pipeline_dag to None, run_after=None
[2025-11-10T12:24:34.602-0500] {processor.py:183} INFO - Processing /opt/airflow/dags/ocr_pipeline_dag.py took 2.234 seconds
[2025-11-10T12:25:05.106-0500] {processor.py:161} INFO - Started process (PID=5705) to work on /opt/airflow/dags/ocr_pipeline_dag.py
[2025-11-10T12:25:05.112-0500] {processor.py:830} INFO - Processing file /opt/airflow/dags/ocr_pipeline_dag.py for tasks to queue
[2025-11-10T12:25:05.117-0500] {logging_mixin.py:188} INFO - [2025-11-10T12:25:05.115-0500] {dagbag.py:545} INFO - Filling up the DagBag from /opt/airflow/dags/ocr_pipeline_dag.py
[2025-11-10T12:25:05.191-0500] {logging_mixin.py:188} INFO - 📂 Using project root: /opt/project
[2025-11-10T12:25:05.829-0500] {logging_mixin.py:188} INFO - [2025-11-10T12:25:05.828-0500] {credentials.py:1278} INFO - Found credentials in shared credentials file: ~/.aws/credentials
[2025-11-10T12:25:07.350-0500] {processor.py:840} INFO - DAG(s) 'ocr_pipeline_dag' retrieved from /opt/airflow/dags/ocr_pipeline_dag.py
[2025-11-10T12:25:07.409-0500] {logging_mixin.py:188} INFO - [2025-11-10T12:25:07.407-0500] {dag.py:3089} INFO - Sync 1 DAGs
[2025-11-10T12:25:07.431-0500] {logging_mixin.py:188} INFO - [2025-11-10T12:25:07.431-0500] {dag.py:3947} INFO - Setting next_dagrun for ocr_pipeline_dag to None, run_after=None
[2025-11-10T12:25:07.462-0500] {processor.py:183} INFO - Processing /opt/airflow/dags/ocr_pipeline_dag.py took 2.387 seconds
[2025-11-10T12:25:38.015-0500] {processor.py:161} INFO - Started process (PID=5711) to work on /opt/airflow/dags/ocr_pipeline_dag.py
[2025-11-10T12:25:38.022-0500] {processor.py:830} INFO - Processing file /opt/airflow/dags/ocr_pipeline_dag.py for tasks to queue
[2025-11-10T12:25:38.029-0500] {logging_mixin.py:188} INFO - [2025-11-10T12:25:38.027-0500] {dagbag.py:545} INFO - Filling up the DagBag from /opt/airflow/dags/ocr_pipeline_dag.py
[2025-11-10T12:25:38.105-0500] {logging_mixin.py:188} INFO - 📂 Using project root: /opt/project
[2025-11-10T12:25:38.975-0500] {logging_mixin.py:188} INFO - [2025-11-10T12:25:38.974-0500] {credentials.py:1278} INFO - Found credentials in shared credentials file: ~/.aws/credentials
[2025-11-10T12:25:40.267-0500] {processor.py:840} INFO - DAG(s) 'ocr_pipeline_dag' retrieved from /opt/airflow/dags/ocr_pipeline_dag.py
[2025-11-10T12:25:40.363-0500] {logging_mixin.py:188} INFO - [2025-11-10T12:25:40.361-0500] {dag.py:3089} INFO - Sync 1 DAGs
[2025-11-10T12:25:40.397-0500] {logging_mixin.py:188} INFO - [2025-11-10T12:25:40.397-0500] {dag.py:3947} INFO - Setting next_dagrun for ocr_pipeline_dag to None, run_after=None
[2025-11-10T12:25:40.461-0500] {processor.py:183} INFO - Processing /opt/airflow/dags/ocr_pipeline_dag.py took 2.481 seconds
[2025-11-10T12:26:10.742-0500] {processor.py:161} INFO - Started process (PID=5717) to work on /opt/airflow/dags/ocr_pipeline_dag.py
[2025-11-10T12:26:10.744-0500] {processor.py:830} INFO - Processing file /opt/airflow/dags/ocr_pipeline_dag.py for tasks to queue
[2025-11-10T12:26:10.747-0500] {logging_mixin.py:188} INFO - [2025-11-10T12:26:10.746-0500] {dagbag.py:545} INFO - Filling up the DagBag from /opt/airflow/dags/ocr_pipeline_dag.py
[2025-11-10T12:26:10.785-0500] {logging_mixin.py:188} INFO - 📂 Using project root: /opt/project
[2025-11-10T12:26:11.984-0500] {logging_mixin.py:188} INFO - [2025-11-10T12:26:11.982-0500] {credentials.py:1278} INFO - Found credentials in shared credentials file: ~/.aws/credentials
[2025-11-10T12:26:13.698-0500] {processor.py:840} INFO - DAG(s) 'ocr_pipeline_dag' retrieved from /opt/airflow/dags/ocr_pipeline_dag.py
[2025-11-10T12:26:13.752-0500] {logging_mixin.py:188} INFO - [2025-11-10T12:26:13.751-0500] {dag.py:3089} INFO - Sync 1 DAGs
[2025-11-10T12:26:13.785-0500] {logging_mixin.py:188} INFO - [2025-11-10T12:26:13.784-0500] {dag.py:3947} INFO - Setting next_dagrun for ocr_pipeline_dag to None, run_after=None
[2025-11-10T12:26:13.901-0500] {processor.py:183} INFO - Processing /opt/airflow/dags/ocr_pipeline_dag.py took 3.175 seconds
[2025-11-10T12:26:44.484-0500] {processor.py:161} INFO - Started process (PID=5723) to work on /opt/airflow/dags/ocr_pipeline_dag.py
[2025-11-10T12:26:44.490-0500] {processor.py:830} INFO - Processing file /opt/airflow/dags/ocr_pipeline_dag.py for tasks to queue
[2025-11-10T12:26:44.496-0500] {logging_mixin.py:188} INFO - [2025-11-10T12:26:44.494-0500] {dagbag.py:545} INFO - Filling up the DagBag from /opt/airflow/dags/ocr_pipeline_dag.py
[2025-11-10T12:26:44.581-0500] {logging_mixin.py:188} INFO - 📂 Using project root: /opt/project
[2025-11-10T12:26:45.384-0500] {logging_mixin.py:188} INFO - [2025-11-10T12:26:45.383-0500] {credentials.py:1278} INFO - Found credentials in shared credentials file: ~/.aws/credentials
[2025-11-10T12:26:47.094-0500] {processor.py:840} INFO - DAG(s) 'ocr_pipeline_dag' retrieved from /opt/airflow/dags/ocr_pipeline_dag.py
[2025-11-10T12:26:47.172-0500] {logging_mixin.py:188} INFO - [2025-11-10T12:26:47.171-0500] {dag.py:3089} INFO - Sync 1 DAGs
[2025-11-10T12:26:47.217-0500] {logging_mixin.py:188} INFO - [2025-11-10T12:26:47.216-0500] {dag.py:3947} INFO - Setting next_dagrun for ocr_pipeline_dag to None, run_after=None
[2025-11-10T12:26:47.298-0500] {processor.py:183} INFO - Processing /opt/airflow/dags/ocr_pipeline_dag.py took 2.849 seconds
[2025-11-10T12:27:18.170-0500] {processor.py:161} INFO - Started process (PID=5729) to work on /opt/airflow/dags/ocr_pipeline_dag.py
[2025-11-10T12:27:18.176-0500] {processor.py:830} INFO - Processing file /opt/airflow/dags/ocr_pipeline_dag.py for tasks to queue
[2025-11-10T12:27:18.183-0500] {logging_mixin.py:188} INFO - [2025-11-10T12:27:18.181-0500] {dagbag.py:545} INFO - Filling up the DagBag from /opt/airflow/dags/ocr_pipeline_dag.py
[2025-11-10T12:27:18.273-0500] {logging_mixin.py:188} INFO - 📂 Using project root: /opt/project
[2025-11-10T12:27:18.926-0500] {logging_mixin.py:188} INFO - [2025-11-10T12:27:18.925-0500] {credentials.py:1278} INFO - Found credentials in shared credentials file: ~/.aws/credentials
[2025-11-10T12:27:21.146-0500] {processor.py:840} INFO - DAG(s) 'ocr_pipeline_dag' retrieved from /opt/airflow/dags/ocr_pipeline_dag.py
[2025-11-10T12:27:21.311-0500] {logging_mixin.py:188} INFO - [2025-11-10T12:27:21.310-0500] {dag.py:3089} INFO - Sync 1 DAGs
[2025-11-10T12:27:21.382-0500] {logging_mixin.py:188} INFO - [2025-11-10T12:27:21.381-0500] {dag.py:3947} INFO - Setting next_dagrun for ocr_pipeline_dag to None, run_after=None
[2025-11-10T12:27:21.532-0500] {processor.py:183} INFO - Processing /opt/airflow/dags/ocr_pipeline_dag.py took 3.399 seconds
[2025-11-10T12:27:51.986-0500] {processor.py:161} INFO - Started process (PID=5735) to work on /opt/airflow/dags/ocr_pipeline_dag.py
[2025-11-10T12:27:51.993-0500] {processor.py:830} INFO - Processing file /opt/airflow/dags/ocr_pipeline_dag.py for tasks to queue
[2025-11-10T12:27:51.999-0500] {logging_mixin.py:188} INFO - [2025-11-10T12:27:51.997-0500] {dagbag.py:545} INFO - Filling up the DagBag from /opt/airflow/dags/ocr_pipeline_dag.py
[2025-11-10T12:27:52.090-0500] {logging_mixin.py:188} INFO - 📂 Using project root: /opt/project
[2025-11-10T12:27:53.000-0500] {logging_mixin.py:188} INFO - [2025-11-10T12:27:52.998-0500] {credentials.py:1278} INFO - Found credentials in shared credentials file: ~/.aws/credentials
[2025-11-10T12:27:55.170-0500] {processor.py:840} INFO - DAG(s) 'ocr_pipeline_dag' retrieved from /opt/airflow/dags/ocr_pipeline_dag.py
[2025-11-10T12:27:55.240-0500] {logging_mixin.py:188} INFO - [2025-11-10T12:27:55.239-0500] {dag.py:3089} INFO - Sync 1 DAGs
[2025-11-10T12:27:55.286-0500] {logging_mixin.py:188} INFO - [2025-11-10T12:27:55.285-0500] {dag.py:3947} INFO - Setting next_dagrun for ocr_pipeline_dag to None, run_after=None
[2025-11-10T12:27:55.370-0500] {processor.py:183} INFO - Processing /opt/airflow/dags/ocr_pipeline_dag.py took 3.420 seconds
[2025-11-10T12:28:25.706-0500] {processor.py:161} INFO - Started process (PID=5741) to work on /opt/airflow/dags/ocr_pipeline_dag.py
[2025-11-10T12:28:25.710-0500] {processor.py:830} INFO - Processing file /opt/airflow/dags/ocr_pipeline_dag.py for tasks to queue
[2025-11-10T12:28:25.714-0500] {logging_mixin.py:188} INFO - [2025-11-10T12:28:25.713-0500] {dagbag.py:545} INFO - Filling up the DagBag from /opt/airflow/dags/ocr_pipeline_dag.py
[2025-11-10T12:28:25.757-0500] {logging_mixin.py:188} INFO - 📂 Using project root: /opt/project
[2025-11-10T12:28:26.866-0500] {logging_mixin.py:188} INFO - [2025-11-10T12:28:26.866-0500] {credentials.py:1278} INFO - Found credentials in shared credentials file: ~/.aws/credentials
[2025-11-10T12:28:28.275-0500] {processor.py:840} INFO - DAG(s) 'ocr_pipeline_dag' retrieved from /opt/airflow/dags/ocr_pipeline_dag.py
[2025-11-10T12:28:28.380-0500] {logging_mixin.py:188} INFO - [2025-11-10T12:28:28.378-0500] {dag.py:3089} INFO - Sync 1 DAGs
[2025-11-10T12:28:28.440-0500] {logging_mixin.py:188} INFO - [2025-11-10T12:28:28.439-0500] {dag.py:3947} INFO - Setting next_dagrun for ocr_pipeline_dag to None, run_after=None
[2025-11-10T12:28:28.561-0500] {processor.py:183} INFO - Processing /opt/airflow/dags/ocr_pipeline_dag.py took 2.907 seconds
[2025-11-10T12:28:59.424-0500] {processor.py:161} INFO - Started process (PID=5747) to work on /opt/airflow/dags/ocr_pipeline_dag.py
[2025-11-10T12:28:59.427-0500] {processor.py:830} INFO - Processing file /opt/airflow/dags/ocr_pipeline_dag.py for tasks to queue
[2025-11-10T12:28:59.431-0500] {logging_mixin.py:188} INFO - [2025-11-10T12:28:59.430-0500] {dagbag.py:545} INFO - Filling up the DagBag from /opt/airflow/dags/ocr_pipeline_dag.py
[2025-11-10T12:28:59.487-0500] {logging_mixin.py:188} INFO - 📂 Using project root: /opt/project
[2025-11-10T12:29:00.164-0500] {logging_mixin.py:188} INFO - [2025-11-10T12:29:00.163-0500] {credentials.py:1278} INFO - Found credentials in shared credentials file: ~/.aws/credentials
[2025-11-10T12:29:02.083-0500] {processor.py:840} INFO - DAG(s) 'ocr_pipeline_dag' retrieved from /opt/airflow/dags/ocr_pipeline_dag.py
[2025-11-10T12:29:02.151-0500] {logging_mixin.py:188} INFO - [2025-11-10T12:29:02.150-0500] {dag.py:3089} INFO - Sync 1 DAGs
[2025-11-10T12:29:02.236-0500] {logging_mixin.py:188} INFO - [2025-11-10T12:29:02.235-0500] {dag.py:3947} INFO - Setting next_dagrun for ocr_pipeline_dag to None, run_after=None
[2025-11-10T12:29:02.296-0500] {processor.py:183} INFO - Processing /opt/airflow/dags/ocr_pipeline_dag.py took 2.895 seconds
[2025-11-10T12:29:33.058-0500] {processor.py:161} INFO - Started process (PID=5753) to work on /opt/airflow/dags/ocr_pipeline_dag.py
[2025-11-10T12:29:33.063-0500] {processor.py:830} INFO - Processing file /opt/airflow/dags/ocr_pipeline_dag.py for tasks to queue
[2025-11-10T12:29:33.069-0500] {logging_mixin.py:188} INFO - [2025-11-10T12:29:33.068-0500] {dagbag.py:545} INFO - Filling up the DagBag from /opt/airflow/dags/ocr_pipeline_dag.py
[2025-11-10T12:29:33.142-0500] {logging_mixin.py:188} INFO - 📂 Using project root: /opt/project
[2025-11-10T12:29:33.944-0500] {logging_mixin.py:188} INFO - [2025-11-10T12:29:33.942-0500] {credentials.py:1278} INFO - Found credentials in shared credentials file: ~/.aws/credentials
[2025-11-10T12:29:35.489-0500] {processor.py:840} INFO - DAG(s) 'ocr_pipeline_dag' retrieved from /opt/airflow/dags/ocr_pipeline_dag.py
[2025-11-10T12:29:35.561-0500] {logging_mixin.py:188} INFO - [2025-11-10T12:29:35.560-0500] {dag.py:3089} INFO - Sync 1 DAGs
[2025-11-10T12:29:35.592-0500] {logging_mixin.py:188} INFO - [2025-11-10T12:29:35.592-0500] {dag.py:3947} INFO - Setting next_dagrun for ocr_pipeline_dag to None, run_after=None
[2025-11-10T12:29:35.640-0500] {processor.py:183} INFO - Processing /opt/airflow/dags/ocr_pipeline_dag.py took 2.543 seconds
[2025-11-10T12:30:06.453-0500] {processor.py:161} INFO - Started process (PID=5759) to work on /opt/airflow/dags/ocr_pipeline_dag.py
[2025-11-10T12:30:06.460-0500] {processor.py:830} INFO - Processing file /opt/airflow/dags/ocr_pipeline_dag.py for tasks to queue
[2025-11-10T12:30:06.467-0500] {logging_mixin.py:188} INFO - [2025-11-10T12:30:06.464-0500] {dagbag.py:545} INFO - Filling up the DagBag from /opt/airflow/dags/ocr_pipeline_dag.py
[2025-11-10T12:30:06.575-0500] {logging_mixin.py:188} INFO - 📂 Using project root: /opt/project
[2025-11-10T12:30:07.288-0500] {logging_mixin.py:188} INFO - [2025-11-10T12:30:07.287-0500] {credentials.py:1278} INFO - Found credentials in shared credentials file: ~/.aws/credentials
[2025-11-10T12:30:08.938-0500] {processor.py:840} INFO - DAG(s) 'ocr_pipeline_dag' retrieved from /opt/airflow/dags/ocr_pipeline_dag.py
[2025-11-10T12:30:09.020-0500] {logging_mixin.py:188} INFO - [2025-11-10T12:30:09.019-0500] {dag.py:3089} INFO - Sync 1 DAGs
[2025-11-10T12:30:09.056-0500] {logging_mixin.py:188} INFO - [2025-11-10T12:30:09.056-0500] {dag.py:3947} INFO - Setting next_dagrun for ocr_pipeline_dag to None, run_after=None
[2025-11-10T12:30:09.116-0500] {processor.py:183} INFO - Processing /opt/airflow/dags/ocr_pipeline_dag.py took 2.703 seconds
[2025-11-10T12:30:39.416-0500] {processor.py:161} INFO - Started process (PID=5765) to work on /opt/airflow/dags/ocr_pipeline_dag.py
[2025-11-10T12:30:39.422-0500] {processor.py:830} INFO - Processing file /opt/airflow/dags/ocr_pipeline_dag.py for tasks to queue
[2025-11-10T12:30:39.428-0500] {logging_mixin.py:188} INFO - [2025-11-10T12:30:39.426-0500] {dagbag.py:545} INFO - Filling up the DagBag from /opt/airflow/dags/ocr_pipeline_dag.py
[2025-11-10T12:30:39.515-0500] {logging_mixin.py:188} INFO - 📂 Using project root: /opt/project
[2025-11-10T12:30:40.373-0500] {logging_mixin.py:188} INFO - [2025-11-10T12:30:40.372-0500] {credentials.py:1278} INFO - Found credentials in shared credentials file: ~/.aws/credentials
[2025-11-10T12:30:42.609-0500] {processor.py:840} INFO - DAG(s) 'ocr_pipeline_dag' retrieved from /opt/airflow/dags/ocr_pipeline_dag.py
[2025-11-10T12:30:42.725-0500] {logging_mixin.py:188} INFO - [2025-11-10T12:30:42.723-0500] {dag.py:3089} INFO - Sync 1 DAGs
[2025-11-10T12:30:42.780-0500] {logging_mixin.py:188} INFO - [2025-11-10T12:30:42.779-0500] {dag.py:3947} INFO - Setting next_dagrun for ocr_pipeline_dag to None, run_after=None
[2025-11-10T12:30:42.925-0500] {processor.py:183} INFO - Processing /opt/airflow/dags/ocr_pipeline_dag.py took 3.550 seconds
[2025-11-10T12:31:13.539-0500] {processor.py:161} INFO - Started process (PID=5771) to work on /opt/airflow/dags/ocr_pipeline_dag.py
[2025-11-10T12:31:13.543-0500] {processor.py:830} INFO - Processing file /opt/airflow/dags/ocr_pipeline_dag.py for tasks to queue
[2025-11-10T12:31:13.549-0500] {logging_mixin.py:188} INFO - [2025-11-10T12:31:13.548-0500] {dagbag.py:545} INFO - Filling up the DagBag from /opt/airflow/dags/ocr_pipeline_dag.py
[2025-11-10T12:31:13.624-0500] {logging_mixin.py:188} INFO - 📂 Using project root: /opt/project
[2025-11-10T12:31:14.611-0500] {logging_mixin.py:188} INFO - [2025-11-10T12:31:14.611-0500] {credentials.py:1278} INFO - Found credentials in shared credentials file: ~/.aws/credentials
[2025-11-10T12:31:15.725-0500] {processor.py:840} INFO - DAG(s) 'ocr_pipeline_dag' retrieved from /opt/airflow/dags/ocr_pipeline_dag.py
[2025-11-10T12:31:15.785-0500] {logging_mixin.py:188} INFO - [2025-11-10T12:31:15.784-0500] {dag.py:3089} INFO - Sync 1 DAGs
[2025-11-10T12:31:15.811-0500] {logging_mixin.py:188} INFO - [2025-11-10T12:31:15.810-0500] {dag.py:3947} INFO - Setting next_dagrun for ocr_pipeline_dag to None, run_after=None
[2025-11-10T12:31:15.913-0500] {processor.py:183} INFO - Processing /opt/airflow/dags/ocr_pipeline_dag.py took 2.404 seconds
[2025-11-10T12:31:46.420-0500] {processor.py:161} INFO - Started process (PID=5777) to work on /opt/airflow/dags/ocr_pipeline_dag.py
[2025-11-10T12:31:46.422-0500] {processor.py:830} INFO - Processing file /opt/airflow/dags/ocr_pipeline_dag.py for tasks to queue
[2025-11-10T12:31:46.425-0500] {logging_mixin.py:188} INFO - [2025-11-10T12:31:46.424-0500] {dagbag.py:545} INFO - Filling up the DagBag from /opt/airflow/dags/ocr_pipeline_dag.py
[2025-11-10T12:31:46.479-0500] {logging_mixin.py:188} INFO - 📂 Using project root: /opt/project
[2025-11-10T12:31:47.318-0500] {logging_mixin.py:188} INFO - [2025-11-10T12:31:47.317-0500] {credentials.py:1278} INFO - Found credentials in shared credentials file: ~/.aws/credentials
[2025-11-10T12:31:48.590-0500] {processor.py:840} INFO - DAG(s) 'ocr_pipeline_dag' retrieved from /opt/airflow/dags/ocr_pipeline_dag.py
[2025-11-10T12:31:48.645-0500] {logging_mixin.py:188} INFO - [2025-11-10T12:31:48.644-0500] {dag.py:3089} INFO - Sync 1 DAGs
[2025-11-10T12:31:48.676-0500] {logging_mixin.py:188} INFO - [2025-11-10T12:31:48.675-0500] {dag.py:3947} INFO - Setting next_dagrun for ocr_pipeline_dag to None, run_after=None
[2025-11-10T12:31:48.816-0500] {processor.py:183} INFO - Processing /opt/airflow/dags/ocr_pipeline_dag.py took 2.411 seconds
[2025-11-10T12:32:19.428-0500] {processor.py:161} INFO - Started process (PID=5783) to work on /opt/airflow/dags/ocr_pipeline_dag.py
[2025-11-10T12:32:19.433-0500] {processor.py:830} INFO - Processing file /opt/airflow/dags/ocr_pipeline_dag.py for tasks to queue
[2025-11-10T12:32:19.441-0500] {logging_mixin.py:188} INFO - [2025-11-10T12:32:19.437-0500] {dagbag.py:545} INFO - Filling up the DagBag from /opt/airflow/dags/ocr_pipeline_dag.py
[2025-11-10T12:32:19.512-0500] {logging_mixin.py:188} INFO - 📂 Using project root: /opt/project
[2025-11-10T12:32:20.790-0500] {logging_mixin.py:188} INFO - [2025-11-10T12:32:20.789-0500] {credentials.py:1278} INFO - Found credentials in shared credentials file: ~/.aws/credentials
[2025-11-10T12:32:22.317-0500] {processor.py:840} INFO - DAG(s) 'ocr_pipeline_dag' retrieved from /opt/airflow/dags/ocr_pipeline_dag.py
[2025-11-10T12:32:22.420-0500] {logging_mixin.py:188} INFO - [2025-11-10T12:32:22.419-0500] {dag.py:3089} INFO - Sync 1 DAGs
[2025-11-10T12:32:22.451-0500] {logging_mixin.py:188} INFO - [2025-11-10T12:32:22.450-0500] {dag.py:3947} INFO - Setting next_dagrun for ocr_pipeline_dag to None, run_after=None
[2025-11-10T12:32:22.501-0500] {processor.py:183} INFO - Processing /opt/airflow/dags/ocr_pipeline_dag.py took 3.103 seconds
[2025-11-10T12:32:53.350-0500] {processor.py:161} INFO - Started process (PID=5789) to work on /opt/airflow/dags/ocr_pipeline_dag.py
[2025-11-10T12:32:53.356-0500] {processor.py:830} INFO - Processing file /opt/airflow/dags/ocr_pipeline_dag.py for tasks to queue
[2025-11-10T12:32:53.364-0500] {logging_mixin.py:188} INFO - [2025-11-10T12:32:53.362-0500] {dagbag.py:545} INFO - Filling up the DagBag from /opt/airflow/dags/ocr_pipeline_dag.py
[2025-11-10T12:32:53.449-0500] {logging_mixin.py:188} INFO - 📂 Using project root: /opt/project
[2025-11-10T12:32:54.223-0500] {logging_mixin.py:188} INFO - [2025-11-10T12:32:54.222-0500] {credentials.py:1278} INFO - Found credentials in shared credentials file: ~/.aws/credentials
[2025-11-10T12:32:55.967-0500] {processor.py:840} INFO - DAG(s) 'ocr_pipeline_dag' retrieved from /opt/airflow/dags/ocr_pipeline_dag.py
[2025-11-10T12:32:56.071-0500] {logging_mixin.py:188} INFO - [2025-11-10T12:32:56.070-0500] {dag.py:3089} INFO - Sync 1 DAGs
[2025-11-10T12:32:56.125-0500] {logging_mixin.py:188} INFO - [2025-11-10T12:32:56.124-0500] {dag.py:3947} INFO - Setting next_dagrun for ocr_pipeline_dag to None, run_after=None
[2025-11-10T12:32:56.224-0500] {processor.py:183} INFO - Processing /opt/airflow/dags/ocr_pipeline_dag.py took 2.909 seconds
[2025-11-10T12:33:27.009-0500] {processor.py:161} INFO - Started process (PID=5795) to work on /opt/airflow/dags/ocr_pipeline_dag.py
[2025-11-10T12:33:27.013-0500] {processor.py:830} INFO - Processing file /opt/airflow/dags/ocr_pipeline_dag.py for tasks to queue
[2025-11-10T12:33:27.020-0500] {logging_mixin.py:188} INFO - [2025-11-10T12:33:27.017-0500] {dagbag.py:545} INFO - Filling up the DagBag from /opt/airflow/dags/ocr_pipeline_dag.py
[2025-11-10T12:33:27.095-0500] {logging_mixin.py:188} INFO - 📂 Using project root: /opt/project
[2025-11-10T12:33:27.780-0500] {logging_mixin.py:188} INFO - [2025-11-10T12:33:27.779-0500] {credentials.py:1278} INFO - Found credentials in shared credentials file: ~/.aws/credentials
[2025-11-10T12:33:29.965-0500] {processor.py:840} INFO - DAG(s) 'ocr_pipeline_dag' retrieved from /opt/airflow/dags/ocr_pipeline_dag.py
[2025-11-10T12:33:30.047-0500] {logging_mixin.py:188} INFO - [2025-11-10T12:33:30.046-0500] {dag.py:3089} INFO - Sync 1 DAGs
[2025-11-10T12:33:30.075-0500] {logging_mixin.py:188} INFO - [2025-11-10T12:33:30.074-0500] {dag.py:3947} INFO - Setting next_dagrun for ocr_pipeline_dag to None, run_after=None
[2025-11-10T12:33:30.133-0500] {processor.py:183} INFO - Processing /opt/airflow/dags/ocr_pipeline_dag.py took 3.151 seconds
[2025-11-10T12:34:00.676-0500] {processor.py:161} INFO - Started process (PID=5801) to work on /opt/airflow/dags/ocr_pipeline_dag.py
[2025-11-10T12:34:00.680-0500] {processor.py:830} INFO - Processing file /opt/airflow/dags/ocr_pipeline_dag.py for tasks to queue
[2025-11-10T12:34:00.683-0500] {logging_mixin.py:188} INFO - [2025-11-10T12:34:00.682-0500] {dagbag.py:545} INFO - Filling up the DagBag from /opt/airflow/dags/ocr_pipeline_dag.py
[2025-11-10T12:34:00.727-0500] {logging_mixin.py:188} INFO - 📂 Using project root: /opt/project
[2025-11-10T12:34:01.097-0500] {logging_mixin.py:188} INFO - [2025-11-10T12:34:01.096-0500] {credentials.py:1278} INFO - Found credentials in shared credentials file: ~/.aws/credentials
[2025-11-10T12:34:02.539-0500] {processor.py:840} INFO - DAG(s) 'ocr_pipeline_dag' retrieved from /opt/airflow/dags/ocr_pipeline_dag.py
[2025-11-10T12:34:02.599-0500] {logging_mixin.py:188} INFO - [2025-11-10T12:34:02.597-0500] {dag.py:3089} INFO - Sync 1 DAGs
[2025-11-10T12:34:02.632-0500] {logging_mixin.py:188} INFO - [2025-11-10T12:34:02.631-0500] {dag.py:3947} INFO - Setting next_dagrun for ocr_pipeline_dag to None, run_after=None
[2025-11-10T12:34:02.729-0500] {processor.py:183} INFO - Processing /opt/airflow/dags/ocr_pipeline_dag.py took 2.069 seconds
[2025-11-10T12:34:33.503-0500] {processor.py:161} INFO - Started process (PID=5807) to work on /opt/airflow/dags/ocr_pipeline_dag.py
[2025-11-10T12:34:33.511-0500] {processor.py:830} INFO - Processing file /opt/airflow/dags/ocr_pipeline_dag.py for tasks to queue
[2025-11-10T12:34:33.517-0500] {logging_mixin.py:188} INFO - [2025-11-10T12:34:33.515-0500] {dagbag.py:545} INFO - Filling up the DagBag from /opt/airflow/dags/ocr_pipeline_dag.py
[2025-11-10T12:34:33.605-0500] {logging_mixin.py:188} INFO - 📂 Using project root: /opt/project
[2025-11-10T12:34:34.724-0500] {logging_mixin.py:188} INFO - [2025-11-10T12:34:34.723-0500] {credentials.py:1278} INFO - Found credentials in shared credentials file: ~/.aws/credentials
[2025-11-10T12:34:35.938-0500] {processor.py:840} INFO - DAG(s) 'ocr_pipeline_dag' retrieved from /opt/airflow/dags/ocr_pipeline_dag.py
[2025-11-10T12:34:35.999-0500] {logging_mixin.py:188} INFO - [2025-11-10T12:34:35.998-0500] {dag.py:3089} INFO - Sync 1 DAGs
[2025-11-10T12:34:36.027-0500] {logging_mixin.py:188} INFO - [2025-11-10T12:34:36.027-0500] {dag.py:3947} INFO - Setting next_dagrun for ocr_pipeline_dag to None, run_after=None
[2025-11-10T12:34:36.134-0500] {processor.py:183} INFO - Processing /opt/airflow/dags/ocr_pipeline_dag.py took 2.620 seconds
[2025-11-10T12:35:06.917-0500] {processor.py:161} INFO - Started process (PID=5813) to work on /opt/airflow/dags/ocr_pipeline_dag.py
[2025-11-10T12:35:06.922-0500] {processor.py:830} INFO - Processing file /opt/airflow/dags/ocr_pipeline_dag.py for tasks to queue
[2025-11-10T12:35:06.926-0500] {logging_mixin.py:188} INFO - [2025-11-10T12:35:06.925-0500] {dagbag.py:545} INFO - Filling up the DagBag from /opt/airflow/dags/ocr_pipeline_dag.py
[2025-11-10T12:35:06.981-0500] {logging_mixin.py:188} INFO - 📂 Using project root: /opt/project
[2025-11-10T12:35:07.961-0500] {logging_mixin.py:188} INFO - [2025-11-10T12:35:07.960-0500] {credentials.py:1278} INFO - Found credentials in shared credentials file: ~/.aws/credentials
[2025-11-10T12:35:09.432-0500] {processor.py:840} INFO - DAG(s) 'ocr_pipeline_dag' retrieved from /opt/airflow/dags/ocr_pipeline_dag.py
[2025-11-10T12:35:09.508-0500] {logging_mixin.py:188} INFO - [2025-11-10T12:35:09.507-0500] {dag.py:3089} INFO - Sync 1 DAGs
[2025-11-10T12:35:09.549-0500] {logging_mixin.py:188} INFO - [2025-11-10T12:35:09.548-0500] {dag.py:3947} INFO - Setting next_dagrun for ocr_pipeline_dag to None, run_after=None
[2025-11-10T12:35:09.655-0500] {processor.py:183} INFO - Processing /opt/airflow/dags/ocr_pipeline_dag.py took 2.765 seconds
[2025-11-10T12:35:40.468-0500] {processor.py:161} INFO - Started process (PID=5819) to work on /opt/airflow/dags/ocr_pipeline_dag.py
[2025-11-10T12:35:40.475-0500] {processor.py:830} INFO - Processing file /opt/airflow/dags/ocr_pipeline_dag.py for tasks to queue
[2025-11-10T12:35:40.489-0500] {logging_mixin.py:188} INFO - [2025-11-10T12:35:40.485-0500] {dagbag.py:545} INFO - Filling up the DagBag from /opt/airflow/dags/ocr_pipeline_dag.py
[2025-11-10T12:35:40.574-0500] {logging_mixin.py:188} INFO - 📂 Using project root: /opt/project
[2025-11-10T12:35:41.030-0500] {logging_mixin.py:188} INFO - [2025-11-10T12:35:41.030-0500] {credentials.py:1278} INFO - Found credentials in shared credentials file: ~/.aws/credentials
[2025-11-10T12:35:42.539-0500] {processor.py:840} INFO - DAG(s) 'ocr_pipeline_dag' retrieved from /opt/airflow/dags/ocr_pipeline_dag.py
[2025-11-10T12:35:42.602-0500] {logging_mixin.py:188} INFO - [2025-11-10T12:35:42.601-0500] {dag.py:3089} INFO - Sync 1 DAGs
[2025-11-10T12:35:42.630-0500] {logging_mixin.py:188} INFO - [2025-11-10T12:35:42.630-0500] {dag.py:3947} INFO - Setting next_dagrun for ocr_pipeline_dag to None, run_after=None
[2025-11-10T12:35:42.741-0500] {processor.py:183} INFO - Processing /opt/airflow/dags/ocr_pipeline_dag.py took 2.310 seconds
[2025-11-10T12:36:13.267-0500] {processor.py:161} INFO - Started process (PID=5825) to work on /opt/airflow/dags/ocr_pipeline_dag.py
[2025-11-10T12:36:13.270-0500] {processor.py:830} INFO - Processing file /opt/airflow/dags/ocr_pipeline_dag.py for tasks to queue
[2025-11-10T12:36:13.274-0500] {logging_mixin.py:188} INFO - [2025-11-10T12:36:13.273-0500] {dagbag.py:545} INFO - Filling up the DagBag from /opt/airflow/dags/ocr_pipeline_dag.py
[2025-11-10T12:36:13.319-0500] {logging_mixin.py:188} INFO - 📂 Using project root: /opt/project
[2025-11-10T12:36:13.781-0500] {logging_mixin.py:188} INFO - [2025-11-10T12:36:13.780-0500] {credentials.py:1278} INFO - Found credentials in shared credentials file: ~/.aws/credentials
[2025-11-10T12:36:15.671-0500] {processor.py:840} INFO - DAG(s) 'ocr_pipeline_dag' retrieved from /opt/airflow/dags/ocr_pipeline_dag.py
[2025-11-10T12:36:15.755-0500] {logging_mixin.py:188} INFO - [2025-11-10T12:36:15.754-0500] {dag.py:3089} INFO - Sync 1 DAGs
[2025-11-10T12:36:15.792-0500] {logging_mixin.py:188} INFO - [2025-11-10T12:36:15.791-0500] {dag.py:3947} INFO - Setting next_dagrun for ocr_pipeline_dag to None, run_after=None
[2025-11-10T12:36:15.846-0500] {processor.py:183} INFO - Processing /opt/airflow/dags/ocr_pipeline_dag.py took 2.598 seconds
[2025-11-10T12:36:46.104-0500] {processor.py:161} INFO - Started process (PID=5831) to work on /opt/airflow/dags/ocr_pipeline_dag.py
[2025-11-10T12:36:46.109-0500] {processor.py:830} INFO - Processing file /opt/airflow/dags/ocr_pipeline_dag.py for tasks to queue
[2025-11-10T12:36:46.114-0500] {logging_mixin.py:188} INFO - [2025-11-10T12:36:46.113-0500] {dagbag.py:545} INFO - Filling up the DagBag from /opt/airflow/dags/ocr_pipeline_dag.py
[2025-11-10T12:36:46.175-0500] {logging_mixin.py:188} INFO - 📂 Using project root: /opt/project
[2025-11-10T12:36:46.602-0500] {logging_mixin.py:188} INFO - [2025-11-10T12:36:46.602-0500] {credentials.py:1278} INFO - Found credentials in shared credentials file: ~/.aws/credentials
[2025-11-10T12:36:48.087-0500] {processor.py:840} INFO - DAG(s) 'ocr_pipeline_dag' retrieved from /opt/airflow/dags/ocr_pipeline_dag.py
[2025-11-10T12:36:48.156-0500] {logging_mixin.py:188} INFO - [2025-11-10T12:36:48.155-0500] {dag.py:3089} INFO - Sync 1 DAGs
[2025-11-10T12:36:48.203-0500] {logging_mixin.py:188} INFO - [2025-11-10T12:36:48.202-0500] {dag.py:3947} INFO - Setting next_dagrun for ocr_pipeline_dag to None, run_after=None
[2025-11-10T12:36:48.286-0500] {processor.py:183} INFO - Processing /opt/airflow/dags/ocr_pipeline_dag.py took 2.211 seconds
[2025-11-10T12:54:17.947-0500] {processor.py:161} INFO - Started process (PID=5837) to work on /opt/airflow/dags/ocr_pipeline_dag.py
[2025-11-10T12:54:17.962-0500] {processor.py:830} INFO - Processing file /opt/airflow/dags/ocr_pipeline_dag.py for tasks to queue
[2025-11-10T12:54:17.978-0500] {logging_mixin.py:188} INFO - [2025-11-10T12:54:17.971-0500] {dagbag.py:545} INFO - Filling up the DagBag from /opt/airflow/dags/ocr_pipeline_dag.py
[2025-11-10T12:54:18.113-0500] {logging_mixin.py:188} INFO - 📂 Using project root: /opt/project
[2025-11-10T12:54:18.928-0500] {logging_mixin.py:188} INFO - [2025-11-10T12:54:18.927-0500] {credentials.py:1278} INFO - Found credentials in shared credentials file: ~/.aws/credentials
[2025-11-10T12:54:21.398-0500] {processor.py:840} INFO - DAG(s) 'ocr_pipeline_dag' retrieved from /opt/airflow/dags/ocr_pipeline_dag.py
[2025-11-10T12:54:21.455-0500] {logging_mixin.py:188} INFO - [2025-11-10T12:54:21.455-0500] {dag.py:3089} INFO - Sync 1 DAGs
[2025-11-10T12:54:21.481-0500] {logging_mixin.py:188} INFO - [2025-11-10T12:54:21.480-0500] {dag.py:3947} INFO - Setting next_dagrun for ocr_pipeline_dag to None, run_after=None
[2025-11-10T12:54:21.517-0500] {processor.py:183} INFO - Processing /opt/airflow/dags/ocr_pipeline_dag.py took 3.641 seconds
[2025-11-10T12:54:52.326-0500] {processor.py:161} INFO - Started process (PID=5843) to work on /opt/airflow/dags/ocr_pipeline_dag.py
[2025-11-10T12:54:52.332-0500] {processor.py:830} INFO - Processing file /opt/airflow/dags/ocr_pipeline_dag.py for tasks to queue
[2025-11-10T12:54:52.340-0500] {logging_mixin.py:188} INFO - [2025-11-10T12:54:52.337-0500] {dagbag.py:545} INFO - Filling up the DagBag from /opt/airflow/dags/ocr_pipeline_dag.py
[2025-11-10T12:54:52.473-0500] {logging_mixin.py:188} INFO - 📂 Using project root: /opt/project
[2025-11-10T12:54:53.346-0500] {logging_mixin.py:188} INFO - [2025-11-10T12:54:53.345-0500] {credentials.py:1278} INFO - Found credentials in shared credentials file: ~/.aws/credentials
[2025-11-10T12:54:54.477-0500] {processor.py:840} INFO - DAG(s) 'ocr_pipeline_dag' retrieved from /opt/airflow/dags/ocr_pipeline_dag.py
[2025-11-10T12:54:54.537-0500] {logging_mixin.py:188} INFO - [2025-11-10T12:54:54.536-0500] {dag.py:3089} INFO - Sync 1 DAGs
[2025-11-10T12:54:54.565-0500] {logging_mixin.py:188} INFO - [2025-11-10T12:54:54.564-0500] {dag.py:3947} INFO - Setting next_dagrun for ocr_pipeline_dag to None, run_after=None
[2025-11-10T12:54:54.615-0500] {processor.py:183} INFO - Processing /opt/airflow/dags/ocr_pipeline_dag.py took 2.326 seconds
[2025-11-10T12:55:24.988-0500] {processor.py:161} INFO - Started process (PID=5849) to work on /opt/airflow/dags/ocr_pipeline_dag.py
[2025-11-10T12:55:24.991-0500] {processor.py:830} INFO - Processing file /opt/airflow/dags/ocr_pipeline_dag.py for tasks to queue
[2025-11-10T12:55:24.994-0500] {logging_mixin.py:188} INFO - [2025-11-10T12:55:24.993-0500] {dagbag.py:545} INFO - Filling up the DagBag from /opt/airflow/dags/ocr_pipeline_dag.py
[2025-11-10T12:55:25.042-0500] {logging_mixin.py:188} INFO - 📂 Using project root: /opt/project
[2025-11-10T12:55:26.635-0500] {logging_mixin.py:188} INFO - [2025-11-10T12:55:26.634-0500] {credentials.py:1278} INFO - Found credentials in shared credentials file: ~/.aws/credentials
[2025-11-10T12:55:30.120-0500] {processor.py:840} INFO - DAG(s) 'ocr_pipeline_dag' retrieved from /opt/airflow/dags/ocr_pipeline_dag.py
[2025-11-10T12:55:30.245-0500] {logging_mixin.py:188} INFO - [2025-11-10T12:55:30.245-0500] {dag.py:3089} INFO - Sync 1 DAGs
[2025-11-10T12:55:30.274-0500] {logging_mixin.py:188} INFO - [2025-11-10T12:55:30.273-0500] {dag.py:3947} INFO - Setting next_dagrun for ocr_pipeline_dag to None, run_after=None
[2025-11-10T12:55:30.329-0500] {processor.py:183} INFO - Processing /opt/airflow/dags/ocr_pipeline_dag.py took 5.356 seconds
[2025-11-10T12:56:00.959-0500] {processor.py:161} INFO - Started process (PID=5855) to work on /opt/airflow/dags/ocr_pipeline_dag.py
[2025-11-10T12:56:00.963-0500] {processor.py:830} INFO - Processing file /opt/airflow/dags/ocr_pipeline_dag.py for tasks to queue
[2025-11-10T12:56:00.967-0500] {logging_mixin.py:188} INFO - [2025-11-10T12:56:00.966-0500] {dagbag.py:545} INFO - Filling up the DagBag from /opt/airflow/dags/ocr_pipeline_dag.py
[2025-11-10T12:56:01.012-0500] {logging_mixin.py:188} INFO - 📂 Using project root: /opt/project
[2025-11-10T12:56:01.456-0500] {logging_mixin.py:188} INFO - [2025-11-10T12:56:01.455-0500] {credentials.py:1278} INFO - Found credentials in shared credentials file: ~/.aws/credentials
[2025-11-10T12:56:03.103-0500] {processor.py:840} INFO - DAG(s) 'ocr_pipeline_dag' retrieved from /opt/airflow/dags/ocr_pipeline_dag.py
[2025-11-10T12:56:03.273-0500] {logging_mixin.py:188} INFO - [2025-11-10T12:56:03.272-0500] {dag.py:3089} INFO - Sync 1 DAGs
[2025-11-10T12:56:03.319-0500] {logging_mixin.py:188} INFO - [2025-11-10T12:56:03.318-0500] {dag.py:3947} INFO - Setting next_dagrun for ocr_pipeline_dag to None, run_after=None
[2025-11-10T12:56:03.429-0500] {processor.py:183} INFO - Processing /opt/airflow/dags/ocr_pipeline_dag.py took 2.492 seconds
[2025-11-10T12:56:34.275-0500] {processor.py:161} INFO - Started process (PID=5861) to work on /opt/airflow/dags/ocr_pipeline_dag.py
[2025-11-10T12:56:34.281-0500] {processor.py:830} INFO - Processing file /opt/airflow/dags/ocr_pipeline_dag.py for tasks to queue
[2025-11-10T12:56:34.288-0500] {logging_mixin.py:188} INFO - [2025-11-10T12:56:34.286-0500] {dagbag.py:545} INFO - Filling up the DagBag from /opt/airflow/dags/ocr_pipeline_dag.py
[2025-11-10T12:56:34.374-0500] {logging_mixin.py:188} INFO - 📂 Using project root: /opt/project
[2025-11-10T12:56:34.960-0500] {logging_mixin.py:188} INFO - [2025-11-10T12:56:34.959-0500] {credentials.py:1278} INFO - Found credentials in shared credentials file: ~/.aws/credentials
[2025-11-10T12:56:36.432-0500] {processor.py:840} INFO - DAG(s) 'ocr_pipeline_dag' retrieved from /opt/airflow/dags/ocr_pipeline_dag.py
[2025-11-10T12:56:36.492-0500] {logging_mixin.py:188} INFO - [2025-11-10T12:56:36.492-0500] {dag.py:3089} INFO - Sync 1 DAGs
[2025-11-10T12:56:36.521-0500] {logging_mixin.py:188} INFO - [2025-11-10T12:56:36.520-0500] {dag.py:3947} INFO - Setting next_dagrun for ocr_pipeline_dag to None, run_after=None
[2025-11-10T12:56:36.570-0500] {processor.py:183} INFO - Processing /opt/airflow/dags/ocr_pipeline_dag.py took 2.330 seconds
[2025-11-10T12:57:07.254-0500] {processor.py:161} INFO - Started process (PID=5867) to work on /opt/airflow/dags/ocr_pipeline_dag.py
[2025-11-10T12:57:07.259-0500] {processor.py:830} INFO - Processing file /opt/airflow/dags/ocr_pipeline_dag.py for tasks to queue
[2025-11-10T12:57:07.267-0500] {logging_mixin.py:188} INFO - [2025-11-10T12:57:07.264-0500] {dagbag.py:545} INFO - Filling up the DagBag from /opt/airflow/dags/ocr_pipeline_dag.py
[2025-11-10T12:57:07.320-0500] {logging_mixin.py:188} INFO - 📂 Using project root: /opt/project
[2025-11-10T12:57:07.809-0500] {logging_mixin.py:188} INFO - [2025-11-10T12:57:07.807-0500] {credentials.py:1278} INFO - Found credentials in shared credentials file: ~/.aws/credentials
[2025-11-10T12:57:09.818-0500] {processor.py:840} INFO - DAG(s) 'ocr_pipeline_dag' retrieved from /opt/airflow/dags/ocr_pipeline_dag.py
[2025-11-10T12:57:09.924-0500] {logging_mixin.py:188} INFO - [2025-11-10T12:57:09.923-0500] {dag.py:3089} INFO - Sync 1 DAGs
[2025-11-10T12:57:09.953-0500] {logging_mixin.py:188} INFO - [2025-11-10T12:57:09.952-0500] {dag.py:3947} INFO - Setting next_dagrun for ocr_pipeline_dag to None, run_after=None
[2025-11-10T12:57:10.004-0500] {processor.py:183} INFO - Processing /opt/airflow/dags/ocr_pipeline_dag.py took 2.791 seconds
[2025-11-10T12:57:40.663-0500] {processor.py:161} INFO - Started process (PID=5873) to work on /opt/airflow/dags/ocr_pipeline_dag.py
[2025-11-10T12:57:40.666-0500] {processor.py:830} INFO - Processing file /opt/airflow/dags/ocr_pipeline_dag.py for tasks to queue
[2025-11-10T12:57:40.669-0500] {logging_mixin.py:188} INFO - [2025-11-10T12:57:40.668-0500] {dagbag.py:545} INFO - Filling up the DagBag from /opt/airflow/dags/ocr_pipeline_dag.py
[2025-11-10T12:57:40.714-0500] {logging_mixin.py:188} INFO - 📂 Using project root: /opt/project
[2025-11-10T12:57:41.502-0500] {logging_mixin.py:188} INFO - [2025-11-10T12:57:41.502-0500] {credentials.py:1278} INFO - Found credentials in shared credentials file: ~/.aws/credentials
[2025-11-10T12:57:43.041-0500] {processor.py:840} INFO - DAG(s) 'ocr_pipeline_dag' retrieved from /opt/airflow/dags/ocr_pipeline_dag.py
[2025-11-10T12:57:43.101-0500] {logging_mixin.py:188} INFO - [2025-11-10T12:57:43.100-0500] {dag.py:3089} INFO - Sync 1 DAGs
[2025-11-10T12:57:43.127-0500] {logging_mixin.py:188} INFO - [2025-11-10T12:57:43.126-0500] {dag.py:3947} INFO - Setting next_dagrun for ocr_pipeline_dag to None, run_after=None
[2025-11-10T12:57:43.184-0500] {processor.py:183} INFO - Processing /opt/airflow/dags/ocr_pipeline_dag.py took 2.538 seconds
[2025-11-10T12:58:13.960-0500] {processor.py:161} INFO - Started process (PID=5879) to work on /opt/airflow/dags/ocr_pipeline_dag.py
[2025-11-10T12:58:13.965-0500] {processor.py:830} INFO - Processing file /opt/airflow/dags/ocr_pipeline_dag.py for tasks to queue
[2025-11-10T12:58:13.972-0500] {logging_mixin.py:188} INFO - [2025-11-10T12:58:13.970-0500] {dagbag.py:545} INFO - Filling up the DagBag from /opt/airflow/dags/ocr_pipeline_dag.py
[2025-11-10T12:58:14.052-0500] {logging_mixin.py:188} INFO - 📂 Using project root: /opt/project
[2025-11-10T12:58:14.837-0500] {logging_mixin.py:188} INFO - [2025-11-10T12:58:14.836-0500] {credentials.py:1278} INFO - Found credentials in shared credentials file: ~/.aws/credentials
[2025-11-10T12:58:15.737-0500] {processor.py:840} INFO - DAG(s) 'ocr_pipeline_dag' retrieved from /opt/airflow/dags/ocr_pipeline_dag.py
[2025-11-10T12:58:15.891-0500] {logging_mixin.py:188} INFO - [2025-11-10T12:58:15.890-0500] {dag.py:3089} INFO - Sync 1 DAGs
[2025-11-10T12:58:15.947-0500] {logging_mixin.py:188} INFO - [2025-11-10T12:58:15.946-0500] {dag.py:3947} INFO - Setting next_dagrun for ocr_pipeline_dag to None, run_after=None
[2025-11-10T12:58:16.018-0500] {processor.py:183} INFO - Processing /opt/airflow/dags/ocr_pipeline_dag.py took 2.094 seconds
[2025-11-10T12:58:46.438-0500] {processor.py:161} INFO - Started process (PID=5885) to work on /opt/airflow/dags/ocr_pipeline_dag.py
[2025-11-10T12:58:46.440-0500] {processor.py:830} INFO - Processing file /opt/airflow/dags/ocr_pipeline_dag.py for tasks to queue
[2025-11-10T12:58:46.443-0500] {logging_mixin.py:188} INFO - [2025-11-10T12:58:46.442-0500] {dagbag.py:545} INFO - Filling up the DagBag from /opt/airflow/dags/ocr_pipeline_dag.py
[2025-11-10T12:58:46.474-0500] {logging_mixin.py:188} INFO - 📂 Using project root: /opt/project
[2025-11-10T12:58:46.806-0500] {logging_mixin.py:188} INFO - [2025-11-10T12:58:46.805-0500] {credentials.py:1278} INFO - Found credentials in shared credentials file: ~/.aws/credentials
[2025-11-10T12:58:48.127-0500] {processor.py:840} INFO - DAG(s) 'ocr_pipeline_dag' retrieved from /opt/airflow/dags/ocr_pipeline_dag.py
[2025-11-10T12:58:48.188-0500] {logging_mixin.py:188} INFO - [2025-11-10T12:58:48.187-0500] {dag.py:3089} INFO - Sync 1 DAGs
[2025-11-10T12:58:48.215-0500] {logging_mixin.py:188} INFO - [2025-11-10T12:58:48.215-0500] {dag.py:3947} INFO - Setting next_dagrun for ocr_pipeline_dag to None, run_after=None
[2025-11-10T12:58:48.264-0500] {processor.py:183} INFO - Processing /opt/airflow/dags/ocr_pipeline_dag.py took 1.837 seconds
[2025-11-10T12:59:19.372-0500] {processor.py:161} INFO - Started process (PID=5891) to work on /opt/airflow/dags/ocr_pipeline_dag.py
[2025-11-10T12:59:19.446-0500] {processor.py:830} INFO - Processing file /opt/airflow/dags/ocr_pipeline_dag.py for tasks to queue
[2025-11-10T12:59:19.493-0500] {logging_mixin.py:188} INFO - [2025-11-10T12:59:19.470-0500] {dagbag.py:545} INFO - Filling up the DagBag from /opt/airflow/dags/ocr_pipeline_dag.py
[2025-11-10T12:59:19.670-0500] {logging_mixin.py:188} INFO - 📂 Using project root: /opt/project
[2025-11-10T12:59:21.818-0500] {logging_mixin.py:188} INFO - [2025-11-10T12:59:21.816-0500] {credentials.py:1278} INFO - Found credentials in shared credentials file: ~/.aws/credentials
[2025-11-10T12:59:49.662-0500] {processor.py:840} INFO - DAG(s) 'ocr_pipeline_dag' retrieved from /opt/airflow/dags/ocr_pipeline_dag.py
[2025-11-10T12:59:49.853-0500] {logging_mixin.py:188} INFO - [2025-11-10T12:59:49.851-0500] {dag.py:3089} INFO - Sync 1 DAGs
[2025-11-10T12:59:49.925-0500] {logging_mixin.py:188} INFO - [2025-11-10T12:59:49.924-0500] {dag.py:3947} INFO - Setting next_dagrun for ocr_pipeline_dag to None, run_after=None
[2025-11-10T12:59:49.997-0500] {processor.py:183} INFO - Processing /opt/airflow/dags/ocr_pipeline_dag.py took 30.914 seconds
[2025-11-10T13:00:20.903-0500] {processor.py:161} INFO - Started process (PID=5897) to work on /opt/airflow/dags/ocr_pipeline_dag.py
[2025-11-10T13:00:20.909-0500] {processor.py:830} INFO - Processing file /opt/airflow/dags/ocr_pipeline_dag.py for tasks to queue
[2025-11-10T13:00:20.917-0500] {logging_mixin.py:188} INFO - [2025-11-10T13:00:20.914-0500] {dagbag.py:545} INFO - Filling up the DagBag from /opt/airflow/dags/ocr_pipeline_dag.py
[2025-11-10T13:00:21.017-0500] {logging_mixin.py:188} INFO - 📂 Using project root: /opt/project
[2025-11-10T13:00:21.852-0500] {logging_mixin.py:188} INFO - [2025-11-10T13:00:21.850-0500] {credentials.py:1278} INFO - Found credentials in shared credentials file: ~/.aws/credentials
[2025-11-10T13:00:23.719-0500] {processor.py:840} INFO - DAG(s) 'ocr_pipeline_dag' retrieved from /opt/airflow/dags/ocr_pipeline_dag.py
[2025-11-10T13:00:23.801-0500] {logging_mixin.py:188} INFO - [2025-11-10T13:00:23.801-0500] {dag.py:3089} INFO - Sync 1 DAGs
[2025-11-10T13:00:23.938-0500] {logging_mixin.py:188} INFO - [2025-11-10T13:00:23.937-0500] {dag.py:3947} INFO - Setting next_dagrun for ocr_pipeline_dag to None, run_after=None
[2025-11-10T13:00:24.002-0500] {processor.py:183} INFO - Processing /opt/airflow/dags/ocr_pipeline_dag.py took 3.167 seconds
[2025-11-10T13:00:54.985-0500] {processor.py:161} INFO - Started process (PID=5903) to work on /opt/airflow/dags/ocr_pipeline_dag.py
[2025-11-10T13:00:54.994-0500] {processor.py:830} INFO - Processing file /opt/airflow/dags/ocr_pipeline_dag.py for tasks to queue
[2025-11-10T13:00:55.001-0500] {logging_mixin.py:188} INFO - [2025-11-10T13:00:54.998-0500] {dagbag.py:545} INFO - Filling up the DagBag from /opt/airflow/dags/ocr_pipeline_dag.py
[2025-11-10T13:00:55.110-0500] {logging_mixin.py:188} INFO - 📂 Using project root: /opt/project
[2025-11-10T13:00:56.691-0500] {logging_mixin.py:188} INFO - [2025-11-10T13:00:56.691-0500] {credentials.py:1278} INFO - Found credentials in shared credentials file: ~/.aws/credentials
[2025-11-10T13:00:58.274-0500] {processor.py:840} INFO - DAG(s) 'ocr_pipeline_dag' retrieved from /opt/airflow/dags/ocr_pipeline_dag.py
[2025-11-10T13:00:58.414-0500] {logging_mixin.py:188} INFO - [2025-11-10T13:00:58.412-0500] {dag.py:3089} INFO - Sync 1 DAGs
[2025-11-10T13:00:58.496-0500] {logging_mixin.py:188} INFO - [2025-11-10T13:00:58.495-0500] {dag.py:3947} INFO - Setting next_dagrun for ocr_pipeline_dag to None, run_after=None
[2025-11-10T13:00:58.632-0500] {processor.py:183} INFO - Processing /opt/airflow/dags/ocr_pipeline_dag.py took 3.715 seconds
[2025-11-10T13:01:29.786-0500] {processor.py:161} INFO - Started process (PID=5909) to work on /opt/airflow/dags/ocr_pipeline_dag.py
[2025-11-10T13:01:29.793-0500] {processor.py:830} INFO - Processing file /opt/airflow/dags/ocr_pipeline_dag.py for tasks to queue
[2025-11-10T13:01:29.800-0500] {logging_mixin.py:188} INFO - [2025-11-10T13:01:29.797-0500] {dagbag.py:545} INFO - Filling up the DagBag from /opt/airflow/dags/ocr_pipeline_dag.py
[2025-11-10T13:01:29.895-0500] {logging_mixin.py:188} INFO - 📂 Using project root: /opt/project
[2025-11-10T13:01:31.704-0500] {logging_mixin.py:188} INFO - [2025-11-10T13:01:31.702-0500] {credentials.py:1278} INFO - Found credentials in shared credentials file: ~/.aws/credentials
[2025-11-10T13:01:34.130-0500] {processor.py:840} INFO - DAG(s) 'ocr_pipeline_dag' retrieved from /opt/airflow/dags/ocr_pipeline_dag.py
[2025-11-10T13:01:34.315-0500] {logging_mixin.py:188} INFO - [2025-11-10T13:01:34.314-0500] {dag.py:3089} INFO - Sync 1 DAGs
[2025-11-10T13:01:34.409-0500] {logging_mixin.py:188} INFO - [2025-11-10T13:01:34.408-0500] {dag.py:3947} INFO - Setting next_dagrun for ocr_pipeline_dag to None, run_after=None
[2025-11-10T13:01:34.518-0500] {processor.py:183} INFO - Processing /opt/airflow/dags/ocr_pipeline_dag.py took 4.773 seconds
[2025-11-10T13:02:05.512-0500] {processor.py:161} INFO - Started process (PID=5915) to work on /opt/airflow/dags/ocr_pipeline_dag.py
[2025-11-10T13:02:05.515-0500] {processor.py:830} INFO - Processing file /opt/airflow/dags/ocr_pipeline_dag.py for tasks to queue
[2025-11-10T13:02:05.519-0500] {logging_mixin.py:188} INFO - [2025-11-10T13:02:05.518-0500] {dagbag.py:545} INFO - Filling up the DagBag from /opt/airflow/dags/ocr_pipeline_dag.py
[2025-11-10T13:02:05.563-0500] {logging_mixin.py:188} INFO - 📂 Using project root: /opt/project
[2025-11-10T13:02:06.046-0500] {logging_mixin.py:188} INFO - [2025-11-10T13:02:06.046-0500] {credentials.py:1278} INFO - Found credentials in shared credentials file: ~/.aws/credentials
[2025-11-10T13:02:08.493-0500] {processor.py:840} INFO - DAG(s) 'ocr_pipeline_dag' retrieved from /opt/airflow/dags/ocr_pipeline_dag.py
[2025-11-10T13:02:08.624-0500] {logging_mixin.py:188} INFO - [2025-11-10T13:02:08.623-0500] {dag.py:3089} INFO - Sync 1 DAGs
[2025-11-10T13:02:08.661-0500] {logging_mixin.py:188} INFO - [2025-11-10T13:02:08.660-0500] {dag.py:3947} INFO - Setting next_dagrun for ocr_pipeline_dag to None, run_after=None
[2025-11-10T13:02:08.713-0500] {processor.py:183} INFO - Processing /opt/airflow/dags/ocr_pipeline_dag.py took 3.223 seconds
[2025-11-10T13:02:39.362-0500] {processor.py:161} INFO - Started process (PID=5921) to work on /opt/airflow/dags/ocr_pipeline_dag.py
[2025-11-10T13:02:39.369-0500] {processor.py:830} INFO - Processing file /opt/airflow/dags/ocr_pipeline_dag.py for tasks to queue
[2025-11-10T13:02:39.376-0500] {logging_mixin.py:188} INFO - [2025-11-10T13:02:39.374-0500] {dagbag.py:545} INFO - Filling up the DagBag from /opt/airflow/dags/ocr_pipeline_dag.py
[2025-11-10T13:02:39.656-0500] {logging_mixin.py:188} INFO - 📂 Using project root: /opt/project
[2025-11-10T13:02:40.607-0500] {logging_mixin.py:188} INFO - [2025-11-10T13:02:40.606-0500] {credentials.py:1278} INFO - Found credentials in shared credentials file: ~/.aws/credentials
[2025-11-10T13:02:42.275-0500] {processor.py:840} INFO - DAG(s) 'ocr_pipeline_dag' retrieved from /opt/airflow/dags/ocr_pipeline_dag.py
[2025-11-10T13:02:42.380-0500] {logging_mixin.py:188} INFO - [2025-11-10T13:02:42.379-0500] {dag.py:3089} INFO - Sync 1 DAGs
[2025-11-10T13:02:42.409-0500] {logging_mixin.py:188} INFO - [2025-11-10T13:02:42.408-0500] {dag.py:3947} INFO - Setting next_dagrun for ocr_pipeline_dag to None, run_after=None
[2025-11-10T13:02:42.454-0500] {processor.py:183} INFO - Processing /opt/airflow/dags/ocr_pipeline_dag.py took 3.133 seconds
[2025-11-10T13:03:13.081-0500] {processor.py:161} INFO - Started process (PID=5927) to work on /opt/airflow/dags/ocr_pipeline_dag.py
[2025-11-10T13:03:13.083-0500] {processor.py:830} INFO - Processing file /opt/airflow/dags/ocr_pipeline_dag.py for tasks to queue
[2025-11-10T13:03:13.084-0500] {logging_mixin.py:188} INFO - [2025-11-10T13:03:13.084-0500] {dagbag.py:545} INFO - Filling up the DagBag from /opt/airflow/dags/ocr_pipeline_dag.py
[2025-11-10T13:03:13.107-0500] {logging_mixin.py:188} INFO - 📂 Using project root: /opt/project
[2025-11-10T13:03:13.586-0500] {logging_mixin.py:188} INFO - [2025-11-10T13:03:13.585-0500] {credentials.py:1278} INFO - Found credentials in shared credentials file: ~/.aws/credentials
[2025-11-10T13:03:15.233-0500] {processor.py:840} INFO - DAG(s) 'ocr_pipeline_dag' retrieved from /opt/airflow/dags/ocr_pipeline_dag.py
[2025-11-10T13:03:15.301-0500] {logging_mixin.py:188} INFO - [2025-11-10T13:03:15.300-0500] {dag.py:3089} INFO - Sync 1 DAGs
[2025-11-10T13:03:15.334-0500] {logging_mixin.py:188} INFO - [2025-11-10T13:03:15.334-0500] {dag.py:3947} INFO - Setting next_dagrun for ocr_pipeline_dag to None, run_after=None
[2025-11-10T13:03:15.446-0500] {processor.py:183} INFO - Processing /opt/airflow/dags/ocr_pipeline_dag.py took 2.378 seconds
[2025-11-10T13:03:45.940-0500] {processor.py:161} INFO - Started process (PID=5933) to work on /opt/airflow/dags/ocr_pipeline_dag.py
[2025-11-10T13:03:45.945-0500] {processor.py:830} INFO - Processing file /opt/airflow/dags/ocr_pipeline_dag.py for tasks to queue
[2025-11-10T13:03:45.951-0500] {logging_mixin.py:188} INFO - [2025-11-10T13:03:45.949-0500] {dagbag.py:545} INFO - Filling up the DagBag from /opt/airflow/dags/ocr_pipeline_dag.py
[2025-11-10T13:03:45.999-0500] {logging_mixin.py:188} INFO - 📂 Using project root: /opt/project
[2025-11-10T13:03:47.137-0500] {logging_mixin.py:188} INFO - [2025-11-10T13:03:47.137-0500] {credentials.py:1278} INFO - Found credentials in shared credentials file: ~/.aws/credentials
[2025-11-10T13:03:48.663-0500] {processor.py:840} INFO - DAG(s) 'ocr_pipeline_dag' retrieved from /opt/airflow/dags/ocr_pipeline_dag.py
[2025-11-10T13:03:48.780-0500] {logging_mixin.py:188} INFO - [2025-11-10T13:03:48.779-0500] {dag.py:3089} INFO - Sync 1 DAGs
[2025-11-10T13:03:48.826-0500] {logging_mixin.py:188} INFO - [2025-11-10T13:03:48.826-0500] {dag.py:3947} INFO - Setting next_dagrun for ocr_pipeline_dag to None, run_after=None
[2025-11-10T13:03:48.910-0500] {processor.py:183} INFO - Processing /opt/airflow/dags/ocr_pipeline_dag.py took 2.996 seconds
[2025-11-10T13:04:19.681-0500] {processor.py:161} INFO - Started process (PID=5939) to work on /opt/airflow/dags/ocr_pipeline_dag.py
[2025-11-10T13:04:19.684-0500] {processor.py:830} INFO - Processing file /opt/airflow/dags/ocr_pipeline_dag.py for tasks to queue
[2025-11-10T13:04:19.688-0500] {logging_mixin.py:188} INFO - [2025-11-10T13:04:19.687-0500] {dagbag.py:545} INFO - Filling up the DagBag from /opt/airflow/dags/ocr_pipeline_dag.py
[2025-11-10T13:04:19.741-0500] {logging_mixin.py:188} INFO - 📂 Using project root: /opt/project
[2025-11-10T13:04:20.680-0500] {logging_mixin.py:188} INFO - [2025-11-10T13:04:20.679-0500] {credentials.py:1278} INFO - Found credentials in shared credentials file: ~/.aws/credentials
[2025-11-10T13:04:22.133-0500] {processor.py:840} INFO - DAG(s) 'ocr_pipeline_dag' retrieved from /opt/airflow/dags/ocr_pipeline_dag.py
[2025-11-10T13:04:22.197-0500] {logging_mixin.py:188} INFO - [2025-11-10T13:04:22.196-0500] {dag.py:3089} INFO - Sync 1 DAGs
[2025-11-10T13:04:22.229-0500] {logging_mixin.py:188} INFO - [2025-11-10T13:04:22.229-0500] {dag.py:3947} INFO - Setting next_dagrun for ocr_pipeline_dag to None, run_after=None
[2025-11-10T13:04:22.277-0500] {processor.py:183} INFO - Processing /opt/airflow/dags/ocr_pipeline_dag.py took 2.547 seconds
[2025-11-10T13:04:53.120-0500] {processor.py:161} INFO - Started process (PID=5945) to work on /opt/airflow/dags/ocr_pipeline_dag.py
[2025-11-10T13:04:53.122-0500] {processor.py:830} INFO - Processing file /opt/airflow/dags/ocr_pipeline_dag.py for tasks to queue
[2025-11-10T13:04:53.125-0500] {logging_mixin.py:188} INFO - [2025-11-10T13:04:53.124-0500] {dagbag.py:545} INFO - Filling up the DagBag from /opt/airflow/dags/ocr_pipeline_dag.py
[2025-11-10T13:04:53.169-0500] {logging_mixin.py:188} INFO - 📂 Using project root: /opt/project
[2025-11-10T13:04:54.023-0500] {logging_mixin.py:188} INFO - [2025-11-10T13:04:54.023-0500] {credentials.py:1278} INFO - Found credentials in shared credentials file: ~/.aws/credentials
[2025-11-10T13:04:55.209-0500] {processor.py:840} INFO - DAG(s) 'ocr_pipeline_dag' retrieved from /opt/airflow/dags/ocr_pipeline_dag.py
[2025-11-10T13:04:55.307-0500] {logging_mixin.py:188} INFO - [2025-11-10T13:04:55.306-0500] {dag.py:3089} INFO - Sync 1 DAGs
[2025-11-10T13:04:55.344-0500] {logging_mixin.py:188} INFO - [2025-11-10T13:04:55.343-0500] {dag.py:3947} INFO - Setting next_dagrun for ocr_pipeline_dag to None, run_after=None
[2025-11-10T13:04:55.462-0500] {processor.py:183} INFO - Processing /opt/airflow/dags/ocr_pipeline_dag.py took 2.370 seconds
[2025-11-10T13:05:25.936-0500] {processor.py:161} INFO - Started process (PID=5951) to work on /opt/airflow/dags/ocr_pipeline_dag.py
[2025-11-10T13:05:25.940-0500] {processor.py:830} INFO - Processing file /opt/airflow/dags/ocr_pipeline_dag.py for tasks to queue
[2025-11-10T13:05:25.950-0500] {logging_mixin.py:188} INFO - [2025-11-10T13:05:25.948-0500] {dagbag.py:545} INFO - Filling up the DagBag from /opt/airflow/dags/ocr_pipeline_dag.py
[2025-11-10T13:05:26.014-0500] {logging_mixin.py:188} INFO - 📂 Using project root: /opt/project
[2025-11-10T13:05:26.569-0500] {logging_mixin.py:188} INFO - [2025-11-10T13:05:26.568-0500] {credentials.py:1278} INFO - Found credentials in shared credentials file: ~/.aws/credentials
[2025-11-10T13:05:29.120-0500] {processor.py:840} INFO - DAG(s) 'ocr_pipeline_dag' retrieved from /opt/airflow/dags/ocr_pipeline_dag.py
[2025-11-10T13:05:29.222-0500] {logging_mixin.py:188} INFO - [2025-11-10T13:05:29.220-0500] {dag.py:3089} INFO - Sync 1 DAGs
[2025-11-10T13:05:29.275-0500] {logging_mixin.py:188} INFO - [2025-11-10T13:05:29.274-0500] {dag.py:3947} INFO - Setting next_dagrun for ocr_pipeline_dag to None, run_after=None
[2025-11-10T13:05:29.601-0500] {processor.py:183} INFO - Processing /opt/airflow/dags/ocr_pipeline_dag.py took 3.694 seconds
[2025-11-10T13:06:00.356-0500] {processor.py:161} INFO - Started process (PID=5957) to work on /opt/airflow/dags/ocr_pipeline_dag.py
[2025-11-10T13:06:00.363-0500] {processor.py:830} INFO - Processing file /opt/airflow/dags/ocr_pipeline_dag.py for tasks to queue
[2025-11-10T13:06:00.370-0500] {logging_mixin.py:188} INFO - [2025-11-10T13:06:00.367-0500] {dagbag.py:545} INFO - Filling up the DagBag from /opt/airflow/dags/ocr_pipeline_dag.py
[2025-11-10T13:06:00.448-0500] {logging_mixin.py:188} INFO - 📂 Using project root: /opt/project
[2025-11-10T13:06:01.266-0500] {logging_mixin.py:188} INFO - [2025-11-10T13:06:01.265-0500] {credentials.py:1278} INFO - Found credentials in shared credentials file: ~/.aws/credentials
[2025-11-10T13:06:02.950-0500] {processor.py:840} INFO - DAG(s) 'ocr_pipeline_dag' retrieved from /opt/airflow/dags/ocr_pipeline_dag.py
[2025-11-10T13:06:03.040-0500] {logging_mixin.py:188} INFO - [2025-11-10T13:06:03.039-0500] {dag.py:3089} INFO - Sync 1 DAGs
[2025-11-10T13:06:03.064-0500] {logging_mixin.py:188} INFO - [2025-11-10T13:06:03.063-0500] {dag.py:3947} INFO - Setting next_dagrun for ocr_pipeline_dag to None, run_after=None
[2025-11-10T13:06:03.107-0500] {processor.py:183} INFO - Processing /opt/airflow/dags/ocr_pipeline_dag.py took 2.788 seconds
[2025-11-10T13:06:33.590-0500] {processor.py:161} INFO - Started process (PID=5963) to work on /opt/airflow/dags/ocr_pipeline_dag.py
[2025-11-10T13:06:33.596-0500] {processor.py:830} INFO - Processing file /opt/airflow/dags/ocr_pipeline_dag.py for tasks to queue
[2025-11-10T13:06:33.602-0500] {logging_mixin.py:188} INFO - [2025-11-10T13:06:33.600-0500] {dagbag.py:545} INFO - Filling up the DagBag from /opt/airflow/dags/ocr_pipeline_dag.py
[2025-11-10T13:06:33.712-0500] {logging_mixin.py:188} INFO - 📂 Using project root: /opt/project
[2025-11-10T13:06:34.913-0500] {logging_mixin.py:188} INFO - [2025-11-10T13:06:34.912-0500] {credentials.py:1278} INFO - Found credentials in shared credentials file: ~/.aws/credentials
[2025-11-10T13:06:36.355-0500] {processor.py:840} INFO - DAG(s) 'ocr_pipeline_dag' retrieved from /opt/airflow/dags/ocr_pipeline_dag.py
[2025-11-10T13:06:36.458-0500] {logging_mixin.py:188} INFO - [2025-11-10T13:06:36.458-0500] {dag.py:3089} INFO - Sync 1 DAGs
[2025-11-10T13:06:36.486-0500] {logging_mixin.py:188} INFO - [2025-11-10T13:06:36.485-0500] {dag.py:3947} INFO - Setting next_dagrun for ocr_pipeline_dag to None, run_after=None
[2025-11-10T13:06:36.541-0500] {processor.py:183} INFO - Processing /opt/airflow/dags/ocr_pipeline_dag.py took 2.990 seconds
[2025-11-10T13:07:07.367-0500] {processor.py:161} INFO - Started process (PID=5969) to work on /opt/airflow/dags/ocr_pipeline_dag.py
[2025-11-10T13:07:07.374-0500] {processor.py:830} INFO - Processing file /opt/airflow/dags/ocr_pipeline_dag.py for tasks to queue
[2025-11-10T13:07:07.380-0500] {logging_mixin.py:188} INFO - [2025-11-10T13:07:07.378-0500] {dagbag.py:545} INFO - Filling up the DagBag from /opt/airflow/dags/ocr_pipeline_dag.py
[2025-11-10T13:07:07.464-0500] {logging_mixin.py:188} INFO - 📂 Using project root: /opt/project
[2025-11-10T13:07:08.332-0500] {logging_mixin.py:188} INFO - [2025-11-10T13:07:08.331-0500] {credentials.py:1278} INFO - Found credentials in shared credentials file: ~/.aws/credentials
[2025-11-10T13:07:09.443-0500] {processor.py:840} INFO - DAG(s) 'ocr_pipeline_dag' retrieved from /opt/airflow/dags/ocr_pipeline_dag.py
[2025-11-10T13:07:09.503-0500] {logging_mixin.py:188} INFO - [2025-11-10T13:07:09.502-0500] {dag.py:3089} INFO - Sync 1 DAGs
[2025-11-10T13:07:09.532-0500] {logging_mixin.py:188} INFO - [2025-11-10T13:07:09.531-0500] {dag.py:3947} INFO - Setting next_dagrun for ocr_pipeline_dag to None, run_after=None
[2025-11-10T13:07:09.591-0500] {processor.py:183} INFO - Processing /opt/airflow/dags/ocr_pipeline_dag.py took 2.256 seconds
[2025-11-10T13:07:40.128-0500] {processor.py:161} INFO - Started process (PID=5975) to work on /opt/airflow/dags/ocr_pipeline_dag.py
[2025-11-10T13:07:40.135-0500] {processor.py:830} INFO - Processing file /opt/airflow/dags/ocr_pipeline_dag.py for tasks to queue
[2025-11-10T13:07:40.143-0500] {logging_mixin.py:188} INFO - [2025-11-10T13:07:40.140-0500] {dagbag.py:545} INFO - Filling up the DagBag from /opt/airflow/dags/ocr_pipeline_dag.py
[2025-11-10T13:07:40.281-0500] {logging_mixin.py:188} INFO - 📂 Using project root: /opt/project
[2025-11-10T13:07:41.300-0500] {logging_mixin.py:188} INFO - [2025-11-10T13:07:41.299-0500] {credentials.py:1278} INFO - Found credentials in shared credentials file: ~/.aws/credentials
[2025-11-10T13:07:42.686-0500] {processor.py:840} INFO - DAG(s) 'ocr_pipeline_dag' retrieved from /opt/airflow/dags/ocr_pipeline_dag.py
[2025-11-10T13:07:42.818-0500] {logging_mixin.py:188} INFO - [2025-11-10T13:07:42.816-0500] {dag.py:3089} INFO - Sync 1 DAGs
[2025-11-10T13:07:42.876-0500] {logging_mixin.py:188} INFO - [2025-11-10T13:07:42.875-0500] {dag.py:3947} INFO - Setting next_dagrun for ocr_pipeline_dag to None, run_after=None
[2025-11-10T13:07:43.000-0500] {processor.py:183} INFO - Processing /opt/airflow/dags/ocr_pipeline_dag.py took 2.914 seconds
[2025-11-10T13:08:13.789-0500] {processor.py:161} INFO - Started process (PID=5981) to work on /opt/airflow/dags/ocr_pipeline_dag.py
[2025-11-10T13:08:13.795-0500] {processor.py:830} INFO - Processing file /opt/airflow/dags/ocr_pipeline_dag.py for tasks to queue
[2025-11-10T13:08:13.801-0500] {logging_mixin.py:188} INFO - [2025-11-10T13:08:13.799-0500] {dagbag.py:545} INFO - Filling up the DagBag from /opt/airflow/dags/ocr_pipeline_dag.py
[2025-11-10T13:08:13.887-0500] {logging_mixin.py:188} INFO - 📂 Using project root: /opt/project
[2025-11-10T13:08:14.636-0500] {logging_mixin.py:188} INFO - [2025-11-10T13:08:14.635-0500] {credentials.py:1278} INFO - Found credentials in shared credentials file: ~/.aws/credentials
[2025-11-10T13:08:16.356-0500] {processor.py:840} INFO - DAG(s) 'ocr_pipeline_dag' retrieved from /opt/airflow/dags/ocr_pipeline_dag.py
[2025-11-10T13:08:16.441-0500] {logging_mixin.py:188} INFO - [2025-11-10T13:08:16.440-0500] {dag.py:3089} INFO - Sync 1 DAGs
[2025-11-10T13:08:16.469-0500] {logging_mixin.py:188} INFO - [2025-11-10T13:08:16.469-0500] {dag.py:3947} INFO - Setting next_dagrun for ocr_pipeline_dag to None, run_after=None
[2025-11-10T13:08:16.571-0500] {processor.py:183} INFO - Processing /opt/airflow/dags/ocr_pipeline_dag.py took 2.817 seconds
[2025-11-10T13:08:47.352-0500] {processor.py:161} INFO - Started process (PID=5987) to work on /opt/airflow/dags/ocr_pipeline_dag.py
[2025-11-10T13:08:47.359-0500] {processor.py:830} INFO - Processing file /opt/airflow/dags/ocr_pipeline_dag.py for tasks to queue
[2025-11-10T13:08:47.365-0500] {logging_mixin.py:188} INFO - [2025-11-10T13:08:47.363-0500] {dagbag.py:545} INFO - Filling up the DagBag from /opt/airflow/dags/ocr_pipeline_dag.py
[2025-11-10T13:08:47.459-0500] {logging_mixin.py:188} INFO - 📂 Using project root: /opt/project
[2025-11-10T13:08:47.917-0500] {logging_mixin.py:188} INFO - [2025-11-10T13:08:47.916-0500] {credentials.py:1278} INFO - Found credentials in shared credentials file: ~/.aws/credentials
[2025-11-10T13:08:50.895-0500] {processor.py:840} INFO - DAG(s) 'ocr_pipeline_dag' retrieved from /opt/airflow/dags/ocr_pipeline_dag.py
[2025-11-10T13:08:51.088-0500] {logging_mixin.py:188} INFO - [2025-11-10T13:08:51.086-0500] {dag.py:3089} INFO - Sync 1 DAGs
[2025-11-10T13:08:51.147-0500] {logging_mixin.py:188} INFO - [2025-11-10T13:08:51.146-0500] {dag.py:3947} INFO - Setting next_dagrun for ocr_pipeline_dag to None, run_after=None
[2025-11-10T13:08:51.278-0500] {processor.py:183} INFO - Processing /opt/airflow/dags/ocr_pipeline_dag.py took 4.006 seconds
[2025-11-10T13:09:22.397-0500] {processor.py:161} INFO - Started process (PID=5993) to work on /opt/airflow/dags/ocr_pipeline_dag.py
[2025-11-10T13:09:22.403-0500] {processor.py:830} INFO - Processing file /opt/airflow/dags/ocr_pipeline_dag.py for tasks to queue
[2025-11-10T13:09:22.410-0500] {logging_mixin.py:188} INFO - [2025-11-10T13:09:22.407-0500] {dagbag.py:545} INFO - Filling up the DagBag from /opt/airflow/dags/ocr_pipeline_dag.py
[2025-11-10T13:09:22.492-0500] {logging_mixin.py:188} INFO - 📂 Using project root: /opt/project
[2025-11-10T13:09:23.132-0500] {logging_mixin.py:188} INFO - [2025-11-10T13:09:23.132-0500] {credentials.py:1278} INFO - Found credentials in shared credentials file: ~/.aws/credentials
[2025-11-10T13:09:25.228-0500] {processor.py:840} INFO - DAG(s) 'ocr_pipeline_dag' retrieved from /opt/airflow/dags/ocr_pipeline_dag.py
[2025-11-10T13:09:25.351-0500] {logging_mixin.py:188} INFO - [2025-11-10T13:09:25.350-0500] {dag.py:3089} INFO - Sync 1 DAGs
[2025-11-10T13:09:25.437-0500] {logging_mixin.py:188} INFO - [2025-11-10T13:09:25.436-0500] {dag.py:3947} INFO - Setting next_dagrun for ocr_pipeline_dag to None, run_after=None
[2025-11-10T13:09:25.588-0500] {processor.py:183} INFO - Processing /opt/airflow/dags/ocr_pipeline_dag.py took 3.238 seconds
[2025-11-10T13:09:56.125-0500] {processor.py:161} INFO - Started process (PID=5999) to work on /opt/airflow/dags/ocr_pipeline_dag.py
[2025-11-10T13:09:56.130-0500] {processor.py:830} INFO - Processing file /opt/airflow/dags/ocr_pipeline_dag.py for tasks to queue
[2025-11-10T13:09:56.135-0500] {logging_mixin.py:188} INFO - [2025-11-10T13:09:56.134-0500] {dagbag.py:545} INFO - Filling up the DagBag from /opt/airflow/dags/ocr_pipeline_dag.py
[2025-11-10T13:09:56.216-0500] {logging_mixin.py:188} INFO - 📂 Using project root: /opt/project
[2025-11-10T13:09:57.536-0500] {logging_mixin.py:188} INFO - [2025-11-10T13:09:57.535-0500] {credentials.py:1278} INFO - Found credentials in shared credentials file: ~/.aws/credentials
[2025-11-10T13:09:58.969-0500] {processor.py:840} INFO - DAG(s) 'ocr_pipeline_dag' retrieved from /opt/airflow/dags/ocr_pipeline_dag.py
[2025-11-10T13:09:59.090-0500] {logging_mixin.py:188} INFO - [2025-11-10T13:09:59.089-0500] {dag.py:3089} INFO - Sync 1 DAGs
[2025-11-10T13:09:59.146-0500] {logging_mixin.py:188} INFO - [2025-11-10T13:09:59.145-0500] {dag.py:3947} INFO - Setting next_dagrun for ocr_pipeline_dag to None, run_after=None
[2025-11-10T13:09:59.279-0500] {processor.py:183} INFO - Processing /opt/airflow/dags/ocr_pipeline_dag.py took 3.187 seconds
[2025-11-10T13:10:30.147-0500] {processor.py:161} INFO - Started process (PID=6005) to work on /opt/airflow/dags/ocr_pipeline_dag.py
[2025-11-10T13:10:30.156-0500] {processor.py:830} INFO - Processing file /opt/airflow/dags/ocr_pipeline_dag.py for tasks to queue
[2025-11-10T13:10:30.164-0500] {logging_mixin.py:188} INFO - [2025-11-10T13:10:30.161-0500] {dagbag.py:545} INFO - Filling up the DagBag from /opt/airflow/dags/ocr_pipeline_dag.py
[2025-11-10T13:10:30.264-0500] {logging_mixin.py:188} INFO - 📂 Using project root: /opt/project
[2025-11-10T13:10:31.700-0500] {logging_mixin.py:188} INFO - [2025-11-10T13:10:31.699-0500] {credentials.py:1278} INFO - Found credentials in shared credentials file: ~/.aws/credentials
[2025-11-10T13:10:33.750-0500] {processor.py:840} INFO - DAG(s) 'ocr_pipeline_dag' retrieved from /opt/airflow/dags/ocr_pipeline_dag.py
[2025-11-10T13:10:33.893-0500] {logging_mixin.py:188} INFO - [2025-11-10T13:10:33.891-0500] {dag.py:3089} INFO - Sync 1 DAGs
[2025-11-10T13:10:33.960-0500] {logging_mixin.py:188} INFO - [2025-11-10T13:10:33.959-0500] {dag.py:3947} INFO - Setting next_dagrun for ocr_pipeline_dag to None, run_after=None
[2025-11-10T13:10:34.113-0500] {processor.py:183} INFO - Processing /opt/airflow/dags/ocr_pipeline_dag.py took 4.009 seconds
[2025-11-10T13:11:05.051-0500] {processor.py:161} INFO - Started process (PID=6011) to work on /opt/airflow/dags/ocr_pipeline_dag.py
[2025-11-10T13:11:05.056-0500] {processor.py:830} INFO - Processing file /opt/airflow/dags/ocr_pipeline_dag.py for tasks to queue
[2025-11-10T13:11:05.063-0500] {logging_mixin.py:188} INFO - [2025-11-10T13:11:05.061-0500] {dagbag.py:545} INFO - Filling up the DagBag from /opt/airflow/dags/ocr_pipeline_dag.py
[2025-11-10T13:11:05.164-0500] {logging_mixin.py:188} INFO - 📂 Using project root: /opt/project
[2025-11-10T13:11:06.358-0500] {logging_mixin.py:188} INFO - [2025-11-10T13:11:06.358-0500] {credentials.py:1278} INFO - Found credentials in shared credentials file: ~/.aws/credentials
[2025-11-10T13:11:07.473-0500] {processor.py:840} INFO - DAG(s) 'ocr_pipeline_dag' retrieved from /opt/airflow/dags/ocr_pipeline_dag.py
[2025-11-10T13:11:07.536-0500] {logging_mixin.py:188} INFO - [2025-11-10T13:11:07.535-0500] {dag.py:3089} INFO - Sync 1 DAGs
[2025-11-10T13:11:07.563-0500] {logging_mixin.py:188} INFO - [2025-11-10T13:11:07.563-0500] {dag.py:3947} INFO - Setting next_dagrun for ocr_pipeline_dag to None, run_after=None
[2025-11-10T13:11:07.617-0500] {processor.py:183} INFO - Processing /opt/airflow/dags/ocr_pipeline_dag.py took 2.615 seconds
[2025-11-10T13:11:38.398-0500] {processor.py:161} INFO - Started process (PID=6017) to work on /opt/airflow/dags/ocr_pipeline_dag.py
[2025-11-10T13:11:38.403-0500] {processor.py:830} INFO - Processing file /opt/airflow/dags/ocr_pipeline_dag.py for tasks to queue
[2025-11-10T13:11:38.410-0500] {logging_mixin.py:188} INFO - [2025-11-10T13:11:38.408-0500] {dagbag.py:545} INFO - Filling up the DagBag from /opt/airflow/dags/ocr_pipeline_dag.py
[2025-11-10T13:11:38.491-0500] {logging_mixin.py:188} INFO - 📂 Using project root: /opt/project
[2025-11-10T13:11:39.304-0500] {logging_mixin.py:188} INFO - [2025-11-10T13:11:39.303-0500] {credentials.py:1278} INFO - Found credentials in shared credentials file: ~/.aws/credentials
[2025-11-10T13:11:41.373-0500] {processor.py:840} INFO - DAG(s) 'ocr_pipeline_dag' retrieved from /opt/airflow/dags/ocr_pipeline_dag.py
[2025-11-10T13:11:41.450-0500] {logging_mixin.py:188} INFO - [2025-11-10T13:11:41.449-0500] {dag.py:3089} INFO - Sync 1 DAGs
[2025-11-10T13:11:41.491-0500] {logging_mixin.py:188} INFO - [2025-11-10T13:11:41.490-0500] {dag.py:3947} INFO - Setting next_dagrun for ocr_pipeline_dag to None, run_after=None
[2025-11-10T13:11:41.568-0500] {processor.py:183} INFO - Processing /opt/airflow/dags/ocr_pipeline_dag.py took 3.208 seconds
[2025-11-10T13:12:12.414-0500] {processor.py:161} INFO - Started process (PID=6023) to work on /opt/airflow/dags/ocr_pipeline_dag.py
[2025-11-10T13:12:12.418-0500] {processor.py:830} INFO - Processing file /opt/airflow/dags/ocr_pipeline_dag.py for tasks to queue
[2025-11-10T13:12:12.424-0500] {logging_mixin.py:188} INFO - [2025-11-10T13:12:12.422-0500] {dagbag.py:545} INFO - Filling up the DagBag from /opt/airflow/dags/ocr_pipeline_dag.py
[2025-11-10T13:12:12.476-0500] {logging_mixin.py:188} INFO - 📂 Using project root: /opt/project
[2025-11-10T13:12:13.072-0500] {logging_mixin.py:188} INFO - [2025-11-10T13:12:13.071-0500] {credentials.py:1278} INFO - Found credentials in shared credentials file: ~/.aws/credentials
[2025-11-10T13:12:15.362-0500] {processor.py:840} INFO - DAG(s) 'ocr_pipeline_dag' retrieved from /opt/airflow/dags/ocr_pipeline_dag.py
[2025-11-10T13:12:15.436-0500] {logging_mixin.py:188} INFO - [2025-11-10T13:12:15.435-0500] {dag.py:3089} INFO - Sync 1 DAGs
[2025-11-10T13:12:15.477-0500] {logging_mixin.py:188} INFO - [2025-11-10T13:12:15.477-0500] {dag.py:3947} INFO - Setting next_dagrun for ocr_pipeline_dag to None, run_after=None
[2025-11-10T13:12:15.568-0500] {processor.py:183} INFO - Processing /opt/airflow/dags/ocr_pipeline_dag.py took 3.183 seconds
[2025-11-10T13:12:46.194-0500] {processor.py:161} INFO - Started process (PID=6029) to work on /opt/airflow/dags/ocr_pipeline_dag.py
[2025-11-10T13:12:46.196-0500] {processor.py:830} INFO - Processing file /opt/airflow/dags/ocr_pipeline_dag.py for tasks to queue
[2025-11-10T13:12:46.199-0500] {logging_mixin.py:188} INFO - [2025-11-10T13:12:46.198-0500] {dagbag.py:545} INFO - Filling up the DagBag from /opt/airflow/dags/ocr_pipeline_dag.py
[2025-11-10T13:12:46.225-0500] {logging_mixin.py:188} INFO - 📂 Using project root: /opt/project
[2025-11-10T13:12:47.333-0500] {logging_mixin.py:188} INFO - [2025-11-10T13:12:47.332-0500] {credentials.py:1278} INFO - Found credentials in shared credentials file: ~/.aws/credentials
[2025-11-10T13:12:48.849-0500] {processor.py:840} INFO - DAG(s) 'ocr_pipeline_dag' retrieved from /opt/airflow/dags/ocr_pipeline_dag.py
[2025-11-10T13:12:49.004-0500] {logging_mixin.py:188} INFO - [2025-11-10T13:12:49.002-0500] {dag.py:3089} INFO - Sync 1 DAGs
[2025-11-10T13:12:49.058-0500] {logging_mixin.py:188} INFO - [2025-11-10T13:12:49.057-0500] {dag.py:3947} INFO - Setting next_dagrun for ocr_pipeline_dag to None, run_after=None
[2025-11-10T13:12:49.161-0500] {processor.py:183} INFO - Processing /opt/airflow/dags/ocr_pipeline_dag.py took 2.998 seconds
[2025-11-10T13:13:19.779-0500] {processor.py:161} INFO - Started process (PID=6035) to work on /opt/airflow/dags/ocr_pipeline_dag.py
[2025-11-10T13:13:19.784-0500] {processor.py:830} INFO - Processing file /opt/airflow/dags/ocr_pipeline_dag.py for tasks to queue
[2025-11-10T13:13:19.788-0500] {logging_mixin.py:188} INFO - [2025-11-10T13:13:19.786-0500] {dagbag.py:545} INFO - Filling up the DagBag from /opt/airflow/dags/ocr_pipeline_dag.py
[2025-11-10T13:13:19.829-0500] {logging_mixin.py:188} INFO - 📂 Using project root: /opt/project
[2025-11-10T13:13:20.810-0500] {logging_mixin.py:188} INFO - [2025-11-10T13:13:20.810-0500] {credentials.py:1278} INFO - Found credentials in shared credentials file: ~/.aws/credentials
[2025-11-10T13:13:23.338-0500] {processor.py:840} INFO - DAG(s) 'ocr_pipeline_dag' retrieved from /opt/airflow/dags/ocr_pipeline_dag.py
[2025-11-10T13:13:23.611-0500] {logging_mixin.py:188} INFO - [2025-11-10T13:13:23.610-0500] {dag.py:3089} INFO - Sync 1 DAGs
[2025-11-10T13:13:23.684-0500] {logging_mixin.py:188} INFO - [2025-11-10T13:13:23.684-0500] {dag.py:3947} INFO - Setting next_dagrun for ocr_pipeline_dag to None, run_after=None
[2025-11-10T13:13:23.789-0500] {processor.py:183} INFO - Processing /opt/airflow/dags/ocr_pipeline_dag.py took 3.956 seconds
[2025-11-10T13:13:54.736-0500] {processor.py:161} INFO - Started process (PID=6041) to work on /opt/airflow/dags/ocr_pipeline_dag.py
[2025-11-10T13:13:54.743-0500] {processor.py:830} INFO - Processing file /opt/airflow/dags/ocr_pipeline_dag.py for tasks to queue
[2025-11-10T13:13:54.750-0500] {logging_mixin.py:188} INFO - [2025-11-10T13:13:54.748-0500] {dagbag.py:545} INFO - Filling up the DagBag from /opt/airflow/dags/ocr_pipeline_dag.py
[2025-11-10T13:13:54.838-0500] {logging_mixin.py:188} INFO - 📂 Using project root: /opt/project
[2025-11-10T13:13:56.486-0500] {logging_mixin.py:188} INFO - [2025-11-10T13:13:56.484-0500] {credentials.py:1278} INFO - Found credentials in shared credentials file: ~/.aws/credentials
[2025-11-10T13:13:58.438-0500] {processor.py:840} INFO - DAG(s) 'ocr_pipeline_dag' retrieved from /opt/airflow/dags/ocr_pipeline_dag.py
[2025-11-10T13:13:58.565-0500] {logging_mixin.py:188} INFO - [2025-11-10T13:13:58.563-0500] {dag.py:3089} INFO - Sync 1 DAGs
[2025-11-10T13:13:58.627-0500] {logging_mixin.py:188} INFO - [2025-11-10T13:13:58.625-0500] {dag.py:3947} INFO - Setting next_dagrun for ocr_pipeline_dag to None, run_after=None
[2025-11-10T13:13:58.732-0500] {processor.py:183} INFO - Processing /opt/airflow/dags/ocr_pipeline_dag.py took 4.035 seconds
[2025-11-10T13:14:29.635-0500] {processor.py:161} INFO - Started process (PID=6047) to work on /opt/airflow/dags/ocr_pipeline_dag.py
[2025-11-10T13:14:29.649-0500] {processor.py:830} INFO - Processing file /opt/airflow/dags/ocr_pipeline_dag.py for tasks to queue
[2025-11-10T13:14:29.654-0500] {logging_mixin.py:188} INFO - [2025-11-10T13:14:29.652-0500] {dagbag.py:545} INFO - Filling up the DagBag from /opt/airflow/dags/ocr_pipeline_dag.py
[2025-11-10T13:14:29.739-0500] {logging_mixin.py:188} INFO - 📂 Using project root: /opt/project
[2025-11-10T13:14:30.534-0500] {logging_mixin.py:188} INFO - [2025-11-10T13:14:30.533-0500] {credentials.py:1278} INFO - Found credentials in shared credentials file: ~/.aws/credentials
[2025-11-10T13:14:32.204-0500] {processor.py:840} INFO - DAG(s) 'ocr_pipeline_dag' retrieved from /opt/airflow/dags/ocr_pipeline_dag.py
[2025-11-10T13:14:32.346-0500] {logging_mixin.py:188} INFO - [2025-11-10T13:14:32.345-0500] {dag.py:3089} INFO - Sync 1 DAGs
[2025-11-10T13:14:32.392-0500] {logging_mixin.py:188} INFO - [2025-11-10T13:14:32.392-0500] {dag.py:3947} INFO - Setting next_dagrun for ocr_pipeline_dag to None, run_after=None
[2025-11-10T13:14:32.477-0500] {processor.py:183} INFO - Processing /opt/airflow/dags/ocr_pipeline_dag.py took 2.875 seconds
[2025-11-10T13:15:03.449-0500] {processor.py:161} INFO - Started process (PID=6053) to work on /opt/airflow/dags/ocr_pipeline_dag.py
[2025-11-10T13:15:03.454-0500] {processor.py:830} INFO - Processing file /opt/airflow/dags/ocr_pipeline_dag.py for tasks to queue
[2025-11-10T13:15:03.459-0500] {logging_mixin.py:188} INFO - [2025-11-10T13:15:03.458-0500] {dagbag.py:545} INFO - Filling up the DagBag from /opt/airflow/dags/ocr_pipeline_dag.py
[2025-11-10T13:15:03.499-0500] {logging_mixin.py:188} INFO - 📂 Using project root: /opt/project
[2025-11-10T13:15:04.075-0500] {logging_mixin.py:188} INFO - [2025-11-10T13:15:04.074-0500] {credentials.py:1278} INFO - Found credentials in shared credentials file: ~/.aws/credentials
[2025-11-10T13:15:05.718-0500] {processor.py:840} INFO - DAG(s) 'ocr_pipeline_dag' retrieved from /opt/airflow/dags/ocr_pipeline_dag.py
[2025-11-10T13:15:05.821-0500] {logging_mixin.py:188} INFO - [2025-11-10T13:15:05.820-0500] {dag.py:3089} INFO - Sync 1 DAGs
[2025-11-10T13:15:05.857-0500] {logging_mixin.py:188} INFO - [2025-11-10T13:15:05.856-0500] {dag.py:3947} INFO - Setting next_dagrun for ocr_pipeline_dag to None, run_after=None
[2025-11-10T13:15:05.973-0500] {processor.py:183} INFO - Processing /opt/airflow/dags/ocr_pipeline_dag.py took 2.596 seconds
[2025-11-10T13:15:36.805-0500] {processor.py:161} INFO - Started process (PID=6059) to work on /opt/airflow/dags/ocr_pipeline_dag.py
[2025-11-10T13:15:36.811-0500] {processor.py:830} INFO - Processing file /opt/airflow/dags/ocr_pipeline_dag.py for tasks to queue
[2025-11-10T13:15:36.816-0500] {logging_mixin.py:188} INFO - [2025-11-10T13:15:36.815-0500] {dagbag.py:545} INFO - Filling up the DagBag from /opt/airflow/dags/ocr_pipeline_dag.py
[2025-11-10T13:15:36.892-0500] {logging_mixin.py:188} INFO - 📂 Using project root: /opt/project
[2025-11-10T13:15:37.765-0500] {logging_mixin.py:188} INFO - [2025-11-10T13:15:37.765-0500] {credentials.py:1278} INFO - Found credentials in shared credentials file: ~/.aws/credentials
[2025-11-10T13:15:39.581-0500] {processor.py:840} INFO - DAG(s) 'ocr_pipeline_dag' retrieved from /opt/airflow/dags/ocr_pipeline_dag.py
[2025-11-10T13:15:39.664-0500] {logging_mixin.py:188} INFO - [2025-11-10T13:15:39.663-0500] {dag.py:3089} INFO - Sync 1 DAGs
[2025-11-10T13:15:39.702-0500] {logging_mixin.py:188} INFO - [2025-11-10T13:15:39.701-0500] {dag.py:3947} INFO - Setting next_dagrun for ocr_pipeline_dag to None, run_after=None
[2025-11-10T13:15:39.761-0500] {processor.py:183} INFO - Processing /opt/airflow/dags/ocr_pipeline_dag.py took 2.986 seconds
[2025-11-10T13:16:10.457-0500] {processor.py:161} INFO - Started process (PID=6065) to work on /opt/airflow/dags/ocr_pipeline_dag.py
[2025-11-10T13:16:10.462-0500] {processor.py:830} INFO - Processing file /opt/airflow/dags/ocr_pipeline_dag.py for tasks to queue
[2025-11-10T13:16:10.469-0500] {logging_mixin.py:188} INFO - [2025-11-10T13:16:10.467-0500] {dagbag.py:545} INFO - Filling up the DagBag from /opt/airflow/dags/ocr_pipeline_dag.py
[2025-11-10T13:16:10.552-0500] {logging_mixin.py:188} INFO - 📂 Using project root: /opt/project
[2025-11-10T13:16:11.526-0500] {logging_mixin.py:188} INFO - [2025-11-10T13:16:11.525-0500] {credentials.py:1278} INFO - Found credentials in shared credentials file: ~/.aws/credentials
[2025-11-10T13:16:12.785-0500] {processor.py:840} INFO - DAG(s) 'ocr_pipeline_dag' retrieved from /opt/airflow/dags/ocr_pipeline_dag.py
[2025-11-10T13:16:12.844-0500] {logging_mixin.py:188} INFO - [2025-11-10T13:16:12.843-0500] {dag.py:3089} INFO - Sync 1 DAGs
[2025-11-10T13:16:12.874-0500] {logging_mixin.py:188} INFO - [2025-11-10T13:16:12.874-0500] {dag.py:3947} INFO - Setting next_dagrun for ocr_pipeline_dag to None, run_after=None
[2025-11-10T13:16:12.935-0500] {processor.py:183} INFO - Processing /opt/airflow/dags/ocr_pipeline_dag.py took 2.512 seconds
[2025-11-10T13:16:43.768-0500] {processor.py:161} INFO - Started process (PID=6071) to work on /opt/airflow/dags/ocr_pipeline_dag.py
[2025-11-10T13:16:43.770-0500] {processor.py:830} INFO - Processing file /opt/airflow/dags/ocr_pipeline_dag.py for tasks to queue
[2025-11-10T13:16:43.773-0500] {logging_mixin.py:188} INFO - [2025-11-10T13:16:43.772-0500] {dagbag.py:545} INFO - Filling up the DagBag from /opt/airflow/dags/ocr_pipeline_dag.py
[2025-11-10T13:16:43.804-0500] {logging_mixin.py:188} INFO - 📂 Using project root: /opt/project
[2025-11-10T13:16:44.749-0500] {logging_mixin.py:188} INFO - [2025-11-10T13:16:44.747-0500] {credentials.py:1278} INFO - Found credentials in shared credentials file: ~/.aws/credentials
[2025-11-10T13:16:46.193-0500] {processor.py:840} INFO - DAG(s) 'ocr_pipeline_dag' retrieved from /opt/airflow/dags/ocr_pipeline_dag.py
[2025-11-10T13:16:46.254-0500] {logging_mixin.py:188} INFO - [2025-11-10T13:16:46.253-0500] {dag.py:3089} INFO - Sync 1 DAGs
[2025-11-10T13:16:46.282-0500] {logging_mixin.py:188} INFO - [2025-11-10T13:16:46.281-0500] {dag.py:3947} INFO - Setting next_dagrun for ocr_pipeline_dag to None, run_after=None
[2025-11-10T13:16:46.351-0500] {processor.py:183} INFO - Processing /opt/airflow/dags/ocr_pipeline_dag.py took 2.596 seconds
[2025-11-10T13:17:16.642-0500] {processor.py:161} INFO - Started process (PID=6077) to work on /opt/airflow/dags/ocr_pipeline_dag.py
[2025-11-10T13:17:16.645-0500] {processor.py:830} INFO - Processing file /opt/airflow/dags/ocr_pipeline_dag.py for tasks to queue
[2025-11-10T13:17:16.648-0500] {logging_mixin.py:188} INFO - [2025-11-10T13:17:16.647-0500] {dagbag.py:545} INFO - Filling up the DagBag from /opt/airflow/dags/ocr_pipeline_dag.py
[2025-11-10T13:17:16.692-0500] {logging_mixin.py:188} INFO - 📂 Using project root: /opt/project
[2025-11-10T13:17:17.972-0500] {logging_mixin.py:188} INFO - [2025-11-10T13:17:17.971-0500] {credentials.py:1278} INFO - Found credentials in shared credentials file: ~/.aws/credentials
[2025-11-10T13:17:19.804-0500] {processor.py:840} INFO - DAG(s) 'ocr_pipeline_dag' retrieved from /opt/airflow/dags/ocr_pipeline_dag.py
[2025-11-10T13:17:19.857-0500] {logging_mixin.py:188} INFO - [2025-11-10T13:17:19.856-0500] {dag.py:3089} INFO - Sync 1 DAGs
[2025-11-10T13:17:19.883-0500] {logging_mixin.py:188} INFO - [2025-11-10T13:17:19.882-0500] {dag.py:3947} INFO - Setting next_dagrun for ocr_pipeline_dag to None, run_after=None
[2025-11-10T13:17:19.925-0500] {processor.py:183} INFO - Processing /opt/airflow/dags/ocr_pipeline_dag.py took 3.300 seconds
[2025-11-10T13:17:50.440-0500] {processor.py:161} INFO - Started process (PID=6083) to work on /opt/airflow/dags/ocr_pipeline_dag.py
[2025-11-10T13:17:50.448-0500] {processor.py:830} INFO - Processing file /opt/airflow/dags/ocr_pipeline_dag.py for tasks to queue
[2025-11-10T13:17:50.456-0500] {logging_mixin.py:188} INFO - [2025-11-10T13:17:50.453-0500] {dagbag.py:545} INFO - Filling up the DagBag from /opt/airflow/dags/ocr_pipeline_dag.py
[2025-11-10T13:17:50.547-0500] {logging_mixin.py:188} INFO - 📂 Using project root: /opt/project
[2025-11-10T13:17:51.196-0500] {logging_mixin.py:188} INFO - [2025-11-10T13:17:51.195-0500] {credentials.py:1278} INFO - Found credentials in shared credentials file: ~/.aws/credentials
[2025-11-10T13:17:52.751-0500] {processor.py:840} INFO - DAG(s) 'ocr_pipeline_dag' retrieved from /opt/airflow/dags/ocr_pipeline_dag.py
[2025-11-10T13:17:52.818-0500] {logging_mixin.py:188} INFO - [2025-11-10T13:17:52.817-0500] {dag.py:3089} INFO - Sync 1 DAGs
[2025-11-10T13:17:52.846-0500] {logging_mixin.py:188} INFO - [2025-11-10T13:17:52.845-0500] {dag.py:3947} INFO - Setting next_dagrun for ocr_pipeline_dag to None, run_after=None
[2025-11-10T13:17:52.957-0500] {processor.py:183} INFO - Processing /opt/airflow/dags/ocr_pipeline_dag.py took 2.493 seconds
[2025-11-10T13:18:23.396-0500] {processor.py:161} INFO - Started process (PID=6089) to work on /opt/airflow/dags/ocr_pipeline_dag.py
[2025-11-10T13:18:23.403-0500] {processor.py:830} INFO - Processing file /opt/airflow/dags/ocr_pipeline_dag.py for tasks to queue
[2025-11-10T13:18:23.410-0500] {logging_mixin.py:188} INFO - [2025-11-10T13:18:23.407-0500] {dagbag.py:545} INFO - Filling up the DagBag from /opt/airflow/dags/ocr_pipeline_dag.py
[2025-11-10T13:18:23.502-0500] {logging_mixin.py:188} INFO - 📂 Using project root: /opt/project
[2025-11-10T13:18:24.623-0500] {logging_mixin.py:188} INFO - [2025-11-10T13:18:24.623-0500] {credentials.py:1278} INFO - Found credentials in shared credentials file: ~/.aws/credentials
[2025-11-10T13:18:25.850-0500] {processor.py:840} INFO - DAG(s) 'ocr_pipeline_dag' retrieved from /opt/airflow/dags/ocr_pipeline_dag.py
[2025-11-10T13:18:25.926-0500] {logging_mixin.py:188} INFO - [2025-11-10T13:18:25.925-0500] {dag.py:3089} INFO - Sync 1 DAGs
[2025-11-10T13:18:25.955-0500] {logging_mixin.py:188} INFO - [2025-11-10T13:18:25.955-0500] {dag.py:3947} INFO - Setting next_dagrun for ocr_pipeline_dag to None, run_after=None
[2025-11-10T13:18:26.005-0500] {processor.py:183} INFO - Processing /opt/airflow/dags/ocr_pipeline_dag.py took 2.648 seconds
[2025-11-10T13:18:56.431-0500] {processor.py:161} INFO - Started process (PID=6095) to work on /opt/airflow/dags/ocr_pipeline_dag.py
[2025-11-10T13:18:56.439-0500] {processor.py:830} INFO - Processing file /opt/airflow/dags/ocr_pipeline_dag.py for tasks to queue
[2025-11-10T13:18:56.455-0500] {logging_mixin.py:188} INFO - [2025-11-10T13:18:56.451-0500] {dagbag.py:545} INFO - Filling up the DagBag from /opt/airflow/dags/ocr_pipeline_dag.py
[2025-11-10T13:18:56.550-0500] {logging_mixin.py:188} INFO - 📂 Using project root: /opt/project
[2025-11-10T13:18:57.411-0500] {logging_mixin.py:188} INFO - [2025-11-10T13:18:57.411-0500] {credentials.py:1278} INFO - Found credentials in shared credentials file: ~/.aws/credentials
[2025-11-10T13:18:58.594-0500] {processor.py:840} INFO - DAG(s) 'ocr_pipeline_dag' retrieved from /opt/airflow/dags/ocr_pipeline_dag.py
[2025-11-10T13:18:58.674-0500] {logging_mixin.py:188} INFO - [2025-11-10T13:18:58.673-0500] {dag.py:3089} INFO - Sync 1 DAGs
[2025-11-10T13:18:58.713-0500] {logging_mixin.py:188} INFO - [2025-11-10T13:18:58.713-0500] {dag.py:3947} INFO - Setting next_dagrun for ocr_pipeline_dag to None, run_after=None
[2025-11-10T13:18:58.770-0500] {processor.py:183} INFO - Processing /opt/airflow/dags/ocr_pipeline_dag.py took 2.395 seconds
[2025-11-10T13:19:29.503-0500] {processor.py:161} INFO - Started process (PID=6101) to work on /opt/airflow/dags/ocr_pipeline_dag.py
[2025-11-10T13:19:29.510-0500] {processor.py:830} INFO - Processing file /opt/airflow/dags/ocr_pipeline_dag.py for tasks to queue
[2025-11-10T13:19:29.526-0500] {logging_mixin.py:188} INFO - [2025-11-10T13:19:29.523-0500] {dagbag.py:545} INFO - Filling up the DagBag from /opt/airflow/dags/ocr_pipeline_dag.py
[2025-11-10T13:19:29.616-0500] {logging_mixin.py:188} INFO - 📂 Using project root: /opt/project
[2025-11-10T13:19:31.134-0500] {logging_mixin.py:188} INFO - [2025-11-10T13:19:31.133-0500] {credentials.py:1278} INFO - Found credentials in shared credentials file: ~/.aws/credentials
[2025-11-10T13:19:32.603-0500] {processor.py:840} INFO - DAG(s) 'ocr_pipeline_dag' retrieved from /opt/airflow/dags/ocr_pipeline_dag.py
[2025-11-10T13:19:32.736-0500] {logging_mixin.py:188} INFO - [2025-11-10T13:19:32.735-0500] {dag.py:3089} INFO - Sync 1 DAGs
[2025-11-10T13:19:32.782-0500] {logging_mixin.py:188} INFO - [2025-11-10T13:19:32.781-0500] {dag.py:3947} INFO - Setting next_dagrun for ocr_pipeline_dag to None, run_after=None
[2025-11-10T13:19:32.900-0500] {processor.py:183} INFO - Processing /opt/airflow/dags/ocr_pipeline_dag.py took 3.437 seconds
[2025-11-10T13:20:03.438-0500] {processor.py:161} INFO - Started process (PID=6107) to work on /opt/airflow/dags/ocr_pipeline_dag.py
[2025-11-10T13:20:03.444-0500] {processor.py:830} INFO - Processing file /opt/airflow/dags/ocr_pipeline_dag.py for tasks to queue
[2025-11-10T13:20:03.450-0500] {logging_mixin.py:188} INFO - [2025-11-10T13:20:03.448-0500] {dagbag.py:545} INFO - Filling up the DagBag from /opt/airflow/dags/ocr_pipeline_dag.py
[2025-11-10T13:20:03.538-0500] {logging_mixin.py:188} INFO - 📂 Using project root: /opt/project
[2025-11-10T13:20:04.463-0500] {logging_mixin.py:188} INFO - [2025-11-10T13:20:04.462-0500] {credentials.py:1278} INFO - Found credentials in shared credentials file: ~/.aws/credentials
[2025-11-10T13:20:05.546-0500] {processor.py:840} INFO - DAG(s) 'ocr_pipeline_dag' retrieved from /opt/airflow/dags/ocr_pipeline_dag.py
[2025-11-10T13:20:05.588-0500] {logging_mixin.py:188} INFO - [2025-11-10T13:20:05.588-0500] {dag.py:3089} INFO - Sync 1 DAGs
[2025-11-10T13:20:05.608-0500] {logging_mixin.py:188} INFO - [2025-11-10T13:20:05.608-0500] {dag.py:3947} INFO - Setting next_dagrun for ocr_pipeline_dag to None, run_after=None
[2025-11-10T13:20:05.646-0500] {processor.py:183} INFO - Processing /opt/airflow/dags/ocr_pipeline_dag.py took 2.241 seconds
[2025-11-10T13:20:36.373-0500] {processor.py:161} INFO - Started process (PID=6113) to work on /opt/airflow/dags/ocr_pipeline_dag.py
[2025-11-10T13:20:36.379-0500] {processor.py:830} INFO - Processing file /opt/airflow/dags/ocr_pipeline_dag.py for tasks to queue
[2025-11-10T13:20:36.385-0500] {logging_mixin.py:188} INFO - [2025-11-10T13:20:36.383-0500] {dagbag.py:545} INFO - Filling up the DagBag from /opt/airflow/dags/ocr_pipeline_dag.py
[2025-11-10T13:20:36.589-0500] {logging_mixin.py:188} INFO - 📂 Using project root: /opt/project
[2025-11-10T13:20:37.177-0500] {logging_mixin.py:188} INFO - [2025-11-10T13:20:37.176-0500] {credentials.py:1278} INFO - Found credentials in shared credentials file: ~/.aws/credentials
[2025-11-10T13:20:38.873-0500] {processor.py:840} INFO - DAG(s) 'ocr_pipeline_dag' retrieved from /opt/airflow/dags/ocr_pipeline_dag.py
[2025-11-10T13:20:38.993-0500] {logging_mixin.py:188} INFO - [2025-11-10T13:20:38.992-0500] {dag.py:3089} INFO - Sync 1 DAGs
[2025-11-10T13:20:39.044-0500] {logging_mixin.py:188} INFO - [2025-11-10T13:20:39.043-0500] {dag.py:3947} INFO - Setting next_dagrun for ocr_pipeline_dag to None, run_after=None
[2025-11-10T13:20:39.184-0500] {processor.py:183} INFO - Processing /opt/airflow/dags/ocr_pipeline_dag.py took 2.845 seconds
[2025-11-10T13:21:10.114-0500] {processor.py:161} INFO - Started process (PID=6119) to work on /opt/airflow/dags/ocr_pipeline_dag.py
[2025-11-10T13:21:10.122-0500] {processor.py:830} INFO - Processing file /opt/airflow/dags/ocr_pipeline_dag.py for tasks to queue
[2025-11-10T13:21:10.129-0500] {logging_mixin.py:188} INFO - [2025-11-10T13:21:10.127-0500] {dagbag.py:545} INFO - Filling up the DagBag from /opt/airflow/dags/ocr_pipeline_dag.py
[2025-11-10T13:21:10.254-0500] {logging_mixin.py:188} INFO - 📂 Using project root: /opt/project
[2025-11-10T13:21:10.884-0500] {logging_mixin.py:188} INFO - [2025-11-10T13:21:10.883-0500] {credentials.py:1278} INFO - Found credentials in shared credentials file: ~/.aws/credentials
[2025-11-10T13:21:12.373-0500] {processor.py:840} INFO - DAG(s) 'ocr_pipeline_dag' retrieved from /opt/airflow/dags/ocr_pipeline_dag.py
[2025-11-10T13:21:12.425-0500] {logging_mixin.py:188} INFO - [2025-11-10T13:21:12.424-0500] {dag.py:3089} INFO - Sync 1 DAGs
[2025-11-10T13:21:12.449-0500] {logging_mixin.py:188} INFO - [2025-11-10T13:21:12.449-0500] {dag.py:3947} INFO - Setting next_dagrun for ocr_pipeline_dag to None, run_after=None
[2025-11-10T13:21:12.481-0500] {processor.py:183} INFO - Processing /opt/airflow/dags/ocr_pipeline_dag.py took 2.410 seconds
[2025-11-10T13:21:42.753-0500] {processor.py:161} INFO - Started process (PID=6125) to work on /opt/airflow/dags/ocr_pipeline_dag.py
[2025-11-10T13:21:42.757-0500] {processor.py:830} INFO - Processing file /opt/airflow/dags/ocr_pipeline_dag.py for tasks to queue
[2025-11-10T13:21:42.760-0500] {logging_mixin.py:188} INFO - [2025-11-10T13:21:42.759-0500] {dagbag.py:545} INFO - Filling up the DagBag from /opt/airflow/dags/ocr_pipeline_dag.py
[2025-11-10T13:21:42.791-0500] {logging_mixin.py:188} INFO - 📂 Using project root: /opt/project
[2025-11-10T13:21:43.836-0500] {logging_mixin.py:188} INFO - [2025-11-10T13:21:43.836-0500] {credentials.py:1278} INFO - Found credentials in shared credentials file: ~/.aws/credentials
[2025-11-10T13:21:44.969-0500] {processor.py:840} INFO - DAG(s) 'ocr_pipeline_dag' retrieved from /opt/airflow/dags/ocr_pipeline_dag.py
[2025-11-10T13:21:45.047-0500] {logging_mixin.py:188} INFO - [2025-11-10T13:21:45.046-0500] {dag.py:3089} INFO - Sync 1 DAGs
[2025-11-10T13:21:45.087-0500] {logging_mixin.py:188} INFO - [2025-11-10T13:21:45.086-0500] {dag.py:3947} INFO - Setting next_dagrun for ocr_pipeline_dag to None, run_after=None
[2025-11-10T13:21:45.158-0500] {processor.py:183} INFO - Processing /opt/airflow/dags/ocr_pipeline_dag.py took 2.423 seconds
[2025-11-10T13:22:15.840-0500] {processor.py:161} INFO - Started process (PID=6131) to work on /opt/airflow/dags/ocr_pipeline_dag.py
[2025-11-10T13:22:15.845-0500] {processor.py:830} INFO - Processing file /opt/airflow/dags/ocr_pipeline_dag.py for tasks to queue
[2025-11-10T13:22:15.851-0500] {logging_mixin.py:188} INFO - [2025-11-10T13:22:15.849-0500] {dagbag.py:545} INFO - Filling up the DagBag from /opt/airflow/dags/ocr_pipeline_dag.py
[2025-11-10T13:22:15.975-0500] {logging_mixin.py:188} INFO - 📂 Using project root: /opt/project
[2025-11-10T13:22:16.861-0500] {logging_mixin.py:188} INFO - [2025-11-10T13:22:16.861-0500] {credentials.py:1278} INFO - Found credentials in shared credentials file: ~/.aws/credentials
[2025-11-10T13:22:18.138-0500] {processor.py:840} INFO - DAG(s) 'ocr_pipeline_dag' retrieved from /opt/airflow/dags/ocr_pipeline_dag.py
[2025-11-10T13:22:18.192-0500] {logging_mixin.py:188} INFO - [2025-11-10T13:22:18.191-0500] {dag.py:3089} INFO - Sync 1 DAGs
[2025-11-10T13:22:18.224-0500] {logging_mixin.py:188} INFO - [2025-11-10T13:22:18.223-0500] {dag.py:3947} INFO - Setting next_dagrun for ocr_pipeline_dag to None, run_after=None
[2025-11-10T13:22:18.274-0500] {processor.py:183} INFO - Processing /opt/airflow/dags/ocr_pipeline_dag.py took 2.470 seconds
[2025-11-10T13:22:48.677-0500] {processor.py:161} INFO - Started process (PID=6137) to work on /opt/airflow/dags/ocr_pipeline_dag.py
[2025-11-10T13:22:48.680-0500] {processor.py:830} INFO - Processing file /opt/airflow/dags/ocr_pipeline_dag.py for tasks to queue
[2025-11-10T13:22:48.683-0500] {logging_mixin.py:188} INFO - [2025-11-10T13:22:48.682-0500] {dagbag.py:545} INFO - Filling up the DagBag from /opt/airflow/dags/ocr_pipeline_dag.py
[2025-11-10T13:22:48.713-0500] {logging_mixin.py:188} INFO - 📂 Using project root: /opt/project
[2025-11-10T13:22:49.389-0500] {logging_mixin.py:188} INFO - [2025-11-10T13:22:49.388-0500] {credentials.py:1278} INFO - Found credentials in shared credentials file: ~/.aws/credentials
[2025-11-10T13:22:50.716-0500] {processor.py:840} INFO - DAG(s) 'ocr_pipeline_dag' retrieved from /opt/airflow/dags/ocr_pipeline_dag.py
[2025-11-10T13:22:50.804-0500] {logging_mixin.py:188} INFO - [2025-11-10T13:22:50.802-0500] {dag.py:3089} INFO - Sync 1 DAGs
[2025-11-10T13:22:50.832-0500] {logging_mixin.py:188} INFO - [2025-11-10T13:22:50.832-0500] {dag.py:3947} INFO - Setting next_dagrun for ocr_pipeline_dag to None, run_after=None
[2025-11-10T13:22:50.944-0500] {processor.py:183} INFO - Processing /opt/airflow/dags/ocr_pipeline_dag.py took 2.304 seconds
[2025-11-10T13:23:21.744-0500] {processor.py:161} INFO - Started process (PID=6143) to work on /opt/airflow/dags/ocr_pipeline_dag.py
[2025-11-10T13:23:21.750-0500] {processor.py:830} INFO - Processing file /opt/airflow/dags/ocr_pipeline_dag.py for tasks to queue
[2025-11-10T13:23:21.756-0500] {logging_mixin.py:188} INFO - [2025-11-10T13:23:21.754-0500] {dagbag.py:545} INFO - Filling up the DagBag from /opt/airflow/dags/ocr_pipeline_dag.py
[2025-11-10T13:23:21.845-0500] {logging_mixin.py:188} INFO - 📂 Using project root: /opt/project
[2025-11-10T13:23:23.095-0500] {logging_mixin.py:188} INFO - [2025-11-10T13:23:23.095-0500] {credentials.py:1278} INFO - Found credentials in shared credentials file: ~/.aws/credentials
[2025-11-10T13:23:24.254-0500] {processor.py:840} INFO - DAG(s) 'ocr_pipeline_dag' retrieved from /opt/airflow/dags/ocr_pipeline_dag.py
[2025-11-10T13:23:24.396-0500] {logging_mixin.py:188} INFO - [2025-11-10T13:23:24.396-0500] {dag.py:3089} INFO - Sync 1 DAGs
[2025-11-10T13:23:24.426-0500] {logging_mixin.py:188} INFO - [2025-11-10T13:23:24.425-0500] {dag.py:3947} INFO - Setting next_dagrun for ocr_pipeline_dag to None, run_after=None
[2025-11-10T13:23:24.475-0500] {processor.py:183} INFO - Processing /opt/airflow/dags/ocr_pipeline_dag.py took 2.693 seconds
[2025-11-10T13:23:55.331-0500] {processor.py:161} INFO - Started process (PID=6149) to work on /opt/airflow/dags/ocr_pipeline_dag.py
[2025-11-10T13:23:55.336-0500] {processor.py:830} INFO - Processing file /opt/airflow/dags/ocr_pipeline_dag.py for tasks to queue
[2025-11-10T13:23:55.342-0500] {logging_mixin.py:188} INFO - [2025-11-10T13:23:55.340-0500] {dagbag.py:545} INFO - Filling up the DagBag from /opt/airflow/dags/ocr_pipeline_dag.py
[2025-11-10T13:23:55.474-0500] {logging_mixin.py:188} INFO - 📂 Using project root: /opt/project
[2025-11-10T13:23:56.328-0500] {logging_mixin.py:188} INFO - [2025-11-10T13:23:56.327-0500] {credentials.py:1278} INFO - Found credentials in shared credentials file: ~/.aws/credentials
[2025-11-10T13:23:58.124-0500] {processor.py:840} INFO - DAG(s) 'ocr_pipeline_dag' retrieved from /opt/airflow/dags/ocr_pipeline_dag.py
[2025-11-10T13:23:58.256-0500] {logging_mixin.py:188} INFO - [2025-11-10T13:23:58.254-0500] {dag.py:3089} INFO - Sync 1 DAGs
[2025-11-10T13:23:58.292-0500] {logging_mixin.py:188} INFO - [2025-11-10T13:23:58.292-0500] {dag.py:3947} INFO - Setting next_dagrun for ocr_pipeline_dag to None, run_after=None
[2025-11-10T13:23:58.377-0500] {processor.py:183} INFO - Processing /opt/airflow/dags/ocr_pipeline_dag.py took 3.086 seconds
[2025-11-10T13:24:29.458-0500] {processor.py:161} INFO - Started process (PID=6155) to work on /opt/airflow/dags/ocr_pipeline_dag.py
[2025-11-10T13:24:29.466-0500] {processor.py:830} INFO - Processing file /opt/airflow/dags/ocr_pipeline_dag.py for tasks to queue
[2025-11-10T13:24:29.473-0500] {logging_mixin.py:188} INFO - [2025-11-10T13:24:29.471-0500] {dagbag.py:545} INFO - Filling up the DagBag from /opt/airflow/dags/ocr_pipeline_dag.py
[2025-11-10T13:24:29.561-0500] {logging_mixin.py:188} INFO - 📂 Using project root: /opt/project
[2025-11-10T13:24:31.066-0500] {logging_mixin.py:188} INFO - [2025-11-10T13:24:31.064-0500] {credentials.py:1278} INFO - Found credentials in shared credentials file: ~/.aws/credentials
[2025-11-10T13:24:32.920-0500] {processor.py:840} INFO - DAG(s) 'ocr_pipeline_dag' retrieved from /opt/airflow/dags/ocr_pipeline_dag.py
[2025-11-10T13:24:33.005-0500] {logging_mixin.py:188} INFO - [2025-11-10T13:24:33.003-0500] {dag.py:3089} INFO - Sync 1 DAGs
[2025-11-10T13:24:33.049-0500] {logging_mixin.py:188} INFO - [2025-11-10T13:24:33.048-0500] {dag.py:3947} INFO - Setting next_dagrun for ocr_pipeline_dag to None, run_after=None
[2025-11-10T13:24:33.112-0500] {processor.py:183} INFO - Processing /opt/airflow/dags/ocr_pipeline_dag.py took 3.695 seconds
[2025-11-10T13:25:03.868-0500] {processor.py:161} INFO - Started process (PID=6161) to work on /opt/airflow/dags/ocr_pipeline_dag.py
[2025-11-10T13:25:03.872-0500] {processor.py:830} INFO - Processing file /opt/airflow/dags/ocr_pipeline_dag.py for tasks to queue
[2025-11-10T13:25:03.877-0500] {logging_mixin.py:188} INFO - [2025-11-10T13:25:03.874-0500] {dagbag.py:545} INFO - Filling up the DagBag from /opt/airflow/dags/ocr_pipeline_dag.py
[2025-11-10T13:25:03.925-0500] {logging_mixin.py:188} INFO - 📂 Using project root: /opt/project
