[2025-11-07T16:09:51.769+0000] {manager.py:470} INFO - Processing files using up to 2 processes at a time 
[2025-11-07T16:09:51.769+0000] {manager.py:471} INFO - Process each file at most once every 30 seconds
[2025-11-07T16:09:51.770+0000] {manager.py:472} INFO - Checking for new files in /opt/airflow/dags every 300 seconds
[2025-11-07T16:09:51.770+0000] {manager.py:737} INFO - Searching for files in /opt/airflow/dags
[2025-11-07T16:09:51.773+0000] {manager.py:740} INFO - There are 1 files in /opt/airflow/dags
[2025-11-07T16:09:51.832+0000] {manager.py:878} INFO - 
================================================================================
DAG File Processing Stats

File Path                                     PID  Runtime      # DAGs    # Errors  Last Runtime    Last Run
------------------------------------------  -----  ---------  --------  ----------  --------------  ----------
/opt/airflow/dags/loan_doc_pipeline_dag.py     29  0.03s             0           0
================================================================================
[2025-11-07T16:10:22.063+0000] {manager.py:878} INFO - 
================================================================================
DAG File Processing Stats

File Path                                     PID  Runtime      # DAGs    # Errors  Last Runtime    Last Run
------------------------------------------  -----  ---------  --------  ----------  --------------  -------------------
/opt/airflow/dags/loan_doc_pipeline_dag.py     30  0.02s             0           1  0.05s           2025-11-07T16:09:51
================================================================================
[2025-11-07T16:10:52.308+0000] {manager.py:878} INFO - 
================================================================================
DAG File Processing Stats

File Path                                     PID  Runtime      # DAGs    # Errors  Last Runtime    Last Run
------------------------------------------  -----  ---------  --------  ----------  --------------  -------------------
/opt/airflow/dags/loan_doc_pipeline_dag.py     31  0.01s             0           1  0.07s           2025-11-07T16:10:22
================================================================================
[2025-11-07T16:11:22.562+0000] {manager.py:878} INFO - 
================================================================================
DAG File Processing Stats

File Path                                     PID  Runtime      # DAGs    # Errors  Last Runtime    Last Run
------------------------------------------  -----  ---------  --------  ----------  --------------  -------------------
/opt/airflow/dags/loan_doc_pipeline_dag.py     32  0.02s             0           1  0.06s           2025-11-07T16:10:52
================================================================================
[2025-11-07T16:11:52.812+0000] {manager.py:878} INFO - 
================================================================================
DAG File Processing Stats

File Path                                     PID  Runtime      # DAGs    # Errors  Last Runtime    Last Run
------------------------------------------  -----  ---------  --------  ----------  --------------  -------------------
/opt/airflow/dags/loan_doc_pipeline_dag.py     33  0.02s             0           1  0.06s           2025-11-07T16:11:22
================================================================================
[2025-11-07T16:12:23.114+0000] {manager.py:878} INFO - 
================================================================================
DAG File Processing Stats

File Path                                     PID  Runtime      # DAGs    # Errors  Last Runtime    Last Run
------------------------------------------  -----  ---------  --------  ----------  --------------  -------------------
/opt/airflow/dags/loan_doc_pipeline_dag.py     34  0.02s             0           1  0.06s           2025-11-07T16:11:52
================================================================================
[2025-11-07T16:12:53.392+0000] {manager.py:878} INFO - 
================================================================================
DAG File Processing Stats

File Path                                     PID  Runtime      # DAGs    # Errors  Last Runtime    Last Run
------------------------------------------  -----  ---------  --------  ----------  --------------  -------------------
/opt/airflow/dags/loan_doc_pipeline_dag.py     35  0.01s             0           1  0.07s           2025-11-07T16:12:23
================================================================================
[2025-11-07T16:13:23.685+0000] {manager.py:878} INFO - 
================================================================================
DAG File Processing Stats

File Path                                     PID  Runtime      # DAGs    # Errors  Last Runtime    Last Run
------------------------------------------  -----  ---------  --------  ----------  --------------  -------------------
/opt/airflow/dags/loan_doc_pipeline_dag.py     36  0.01s             0           1  0.07s           2025-11-07T16:12:53
================================================================================
[2025-11-07T16:13:53.986+0000] {manager.py:878} INFO - 
================================================================================
DAG File Processing Stats

File Path                                     PID  Runtime      # DAGs    # Errors  Last Runtime    Last Run
------------------------------------------  -----  ---------  --------  ----------  --------------  -------------------
/opt/airflow/dags/loan_doc_pipeline_dag.py     37  0.01s             0           1  0.05s           2025-11-07T16:13:23
================================================================================
[2025-11-07T16:14:24.281+0000] {manager.py:878} INFO - 
================================================================================
DAG File Processing Stats

File Path                                     PID  Runtime      # DAGs    # Errors  Last Runtime    Last Run
------------------------------------------  -----  ---------  --------  ----------  --------------  -------------------
/opt/airflow/dags/loan_doc_pipeline_dag.py     38  0.01s             0           1  0.05s           2025-11-07T16:13:54
================================================================================
[2025-11-07T16:14:52.527+0000] {manager.py:737} INFO - Searching for files in /opt/airflow/dags
[2025-11-07T16:14:52.534+0000] {manager.py:740} INFO - There are 1 files in /opt/airflow/dags
[2025-11-07T16:14:54.575+0000] {manager.py:878} INFO - 
================================================================================
DAG File Processing Stats

File Path                                     PID  Runtime      # DAGs    # Errors  Last Runtime    Last Run
------------------------------------------  -----  ---------  --------  ----------  --------------  -------------------
/opt/airflow/dags/loan_doc_pipeline_dag.py     39  0.01s             0           1  0.06s           2025-11-07T16:14:24
================================================================================
[2025-11-07T16:15:24.856+0000] {manager.py:878} INFO - 
================================================================================
DAG File Processing Stats

File Path                                     PID  Runtime      # DAGs    # Errors  Last Runtime    Last Run
------------------------------------------  -----  ---------  --------  ----------  --------------  -------------------
/opt/airflow/dags/loan_doc_pipeline_dag.py     40  0.01s             0           1  0.06s           2025-11-07T16:14:54
================================================================================
[2025-11-07T16:15:45.648+0000] {manager.py:452} INFO - Exiting gracefully upon receiving signal 15
[2025-11-07T16:16:05.092+0000] {manager.py:470} INFO - Processing files using up to 2 processes at a time 
[2025-11-07T16:16:05.092+0000] {manager.py:471} INFO - Process each file at most once every 30 seconds
[2025-11-07T16:16:05.093+0000] {manager.py:472} INFO - Checking for new files in /opt/airflow/dags every 300 seconds
[2025-11-07T16:16:05.093+0000] {manager.py:737} INFO - Searching for files in /opt/airflow/dags
[2025-11-07T16:16:05.096+0000] {manager.py:740} INFO - There are 1 files in /opt/airflow/dags
[2025-11-07T16:16:05.155+0000] {manager.py:878} INFO - 
================================================================================
DAG File Processing Stats

File Path                                     PID  Runtime      # DAGs    # Errors  Last Runtime    Last Run
------------------------------------------  -----  ---------  --------  ----------  --------------  ----------
/opt/airflow/dags/loan_doc_pipeline_dag.py     28  0.02s             0           0
================================================================================
[2025-11-07T16:16:35.407+0000] {manager.py:878} INFO - 
================================================================================
DAG File Processing Stats

File Path                                     PID  Runtime      # DAGs    # Errors  Last Runtime    Last Run
------------------------------------------  -----  ---------  --------  ----------  --------------  -------------------
/opt/airflow/dags/loan_doc_pipeline_dag.py     29  0.03s             0           1  0.05s           2025-11-07T16:16:05
================================================================================
[2025-11-07T16:17:05.725+0000] {manager.py:878} INFO - 
================================================================================
DAG File Processing Stats

File Path                                     PID  Runtime      # DAGs    # Errors  Last Runtime    Last Run
------------------------------------------  -----  ---------  --------  ----------  --------------  -------------------
/opt/airflow/dags/loan_doc_pipeline_dag.py     30  0.01s             0           1  0.10s           2025-11-07T16:16:35
================================================================================
[2025-11-07T16:17:35.402+0000] {manager.py:452} INFO - Exiting gracefully upon receiving signal 15
[2025-11-07T16:17:52.568+0000] {manager.py:470} INFO - Processing files using up to 2 processes at a time 
[2025-11-07T16:17:52.569+0000] {manager.py:471} INFO - Process each file at most once every 30 seconds
[2025-11-07T16:17:52.569+0000] {manager.py:472} INFO - Checking for new files in /opt/airflow/dags every 300 seconds
[2025-11-07T16:17:52.569+0000] {manager.py:737} INFO - Searching for files in /opt/airflow/dags
[2025-11-07T16:17:52.571+0000] {manager.py:740} INFO - There are 1 files in /opt/airflow/dags
[2025-11-07T16:17:52.627+0000] {manager.py:878} INFO - 
================================================================================
DAG File Processing Stats

File Path                                     PID  Runtime      # DAGs    # Errors  Last Runtime    Last Run
------------------------------------------  -----  ---------  --------  ----------  --------------  ----------
/opt/airflow/dags/loan_doc_pipeline_dag.py     29  0.02s             0           0
================================================================================
[2025-11-07T16:18:22.387+0000] {manager.py:452} INFO - Exiting gracefully upon receiving signal 15
[2025-11-07T16:18:39.233+0000] {manager.py:470} INFO - Processing files using up to 2 processes at a time 
[2025-11-07T16:18:39.234+0000] {manager.py:471} INFO - Process each file at most once every 30 seconds
[2025-11-07T16:18:39.234+0000] {manager.py:472} INFO - Checking for new files in /opt/airflow/dags every 300 seconds
[2025-11-07T16:18:39.235+0000] {manager.py:737} INFO - Searching for files in /opt/airflow/dags
[2025-11-07T16:18:39.237+0000] {manager.py:740} INFO - There are 1 files in /opt/airflow/dags
[2025-11-07T16:18:39.290+0000] {manager.py:878} INFO - 
================================================================================
DAG File Processing Stats

File Path                                     PID  Runtime      # DAGs    # Errors  Last Runtime    Last Run
------------------------------------------  -----  ---------  --------  ----------  --------------  ----------
/opt/airflow/dags/loan_doc_pipeline_dag.py     34  0.02s             0           0
================================================================================
[2025-11-07T16:19:09.584+0000] {manager.py:878} INFO - 
================================================================================
DAG File Processing Stats

File Path                                     PID  Runtime      # DAGs    # Errors  Last Runtime    Last Run
------------------------------------------  -----  ---------  --------  ----------  --------------  -------------------
/opt/airflow/dags/loan_doc_pipeline_dag.py     35  0.01s             0           1  0.04s           2025-11-07T16:18:39
================================================================================
[2025-11-07T16:19:39.850+0000] {manager.py:878} INFO - 
================================================================================
DAG File Processing Stats

File Path                                     PID  Runtime      # DAGs    # Errors  Last Runtime    Last Run
------------------------------------------  -----  ---------  --------  ----------  --------------  -------------------
/opt/airflow/dags/loan_doc_pipeline_dag.py     36  0.01s             0           1  0.04s           2025-11-07T16:19:09
================================================================================
[2025-11-07T16:20:10.145+0000] {manager.py:878} INFO - 
================================================================================
DAG File Processing Stats

File Path                                     PID  Runtime      # DAGs    # Errors  Last Runtime    Last Run
------------------------------------------  -----  ---------  --------  ----------  --------------  -------------------
/opt/airflow/dags/loan_doc_pipeline_dag.py     37  0.02s             0           1  0.04s           2025-11-07T16:19:39
================================================================================
[2025-11-07T16:20:40.581+0000] {manager.py:878} INFO - 
================================================================================
DAG File Processing Stats

File Path                                     PID  Runtime      # DAGs    # Errors  Last Runtime    Last Run
------------------------------------------  -----  ---------  --------  ----------  --------------  -------------------
/opt/airflow/dags/loan_doc_pipeline_dag.py     38  0.01s             0           1  0.07s           2025-11-07T16:20:10
================================================================================
[2025-11-07T16:20:40.995+0000] {manager.py:452} INFO - Exiting gracefully upon receiving signal 15
[2025-11-07T16:20:58.131+0000] {manager.py:470} INFO - Processing files using up to 2 processes at a time 
[2025-11-07T16:20:58.132+0000] {manager.py:471} INFO - Process each file at most once every 30 seconds
[2025-11-07T16:20:58.132+0000] {manager.py:472} INFO - Checking for new files in /opt/airflow/dags every 300 seconds
[2025-11-07T16:20:58.133+0000] {manager.py:737} INFO - Searching for files in /opt/airflow/dags
[2025-11-07T16:20:58.136+0000] {manager.py:740} INFO - There are 1 files in /opt/airflow/dags
[2025-11-07T16:20:58.196+0000] {manager.py:878} INFO - 
================================================================================
DAG File Processing Stats

File Path                                     PID  Runtime      # DAGs    # Errors  Last Runtime    Last Run
------------------------------------------  -----  ---------  --------  ----------  --------------  ----------
/opt/airflow/dags/loan_doc_pipeline_dag.py     29  0.03s             0           0
================================================================================
[2025-11-07T16:21:28.428+0000] {manager.py:878} INFO - 
================================================================================
DAG File Processing Stats

File Path                                     PID  Runtime      # DAGs    # Errors  Last Runtime    Last Run
------------------------------------------  -----  ---------  --------  ----------  --------------  -------------------
/opt/airflow/dags/loan_doc_pipeline_dag.py     36  0.01s             0           1  0.06s           2025-11-07T16:20:58
================================================================================
[2025-11-07T16:21:58.706+0000] {manager.py:878} INFO - 
================================================================================
DAG File Processing Stats

File Path                                     PID  Runtime      # DAGs    # Errors  Last Runtime    Last Run
------------------------------------------  -----  ---------  --------  ----------  --------------  -------------------
/opt/airflow/dags/loan_doc_pipeline_dag.py     37  0.02s             0           1  0.05s           2025-11-07T16:21:28
================================================================================
[2025-11-07T16:22:28.967+0000] {manager.py:878} INFO - 
================================================================================
DAG File Processing Stats

File Path                                     PID  Runtime      # DAGs    # Errors  Last Runtime    Last Run
------------------------------------------  -----  ---------  --------  ----------  --------------  -------------------
/opt/airflow/dags/loan_doc_pipeline_dag.py     38  0.02s             0           1  0.07s           2025-11-07T16:21:58
================================================================================
[2025-11-07T16:22:59.261+0000] {manager.py:878} INFO - 
================================================================================
DAG File Processing Stats

File Path                                     PID  Runtime      # DAGs    # Errors  Last Runtime    Last Run
------------------------------------------  -----  ---------  --------  ----------  --------------  -------------------
/opt/airflow/dags/loan_doc_pipeline_dag.py     39  0.01s             0           1  0.06s           2025-11-07T16:22:29
================================================================================
[2025-11-07T16:23:29.568+0000] {manager.py:878} INFO - 
================================================================================
DAG File Processing Stats

File Path                                     PID  Runtime      # DAGs    # Errors  Last Runtime    Last Run
------------------------------------------  -----  ---------  --------  ----------  --------------  -------------------
/opt/airflow/dags/loan_doc_pipeline_dag.py     40  0.02s             0           1  0.06s           2025-11-07T16:22:59
================================================================================
[2025-11-07T16:23:59.857+0000] {manager.py:878} INFO - 
================================================================================
DAG File Processing Stats

File Path                                     PID  Runtime      # DAGs    # Errors  Last Runtime    Last Run
------------------------------------------  -----  ---------  --------  ----------  --------------  -------------------
/opt/airflow/dags/loan_doc_pipeline_dag.py     41  0.02s             0           1  0.06s           2025-11-07T16:23:29
================================================================================
[2025-11-07T16:24:30.145+0000] {manager.py:878} INFO - 
================================================================================
DAG File Processing Stats

File Path                                     PID  Runtime      # DAGs    # Errors  Last Runtime    Last Run
------------------------------------------  -----  ---------  --------  ----------  --------------  -------------------
/opt/airflow/dags/loan_doc_pipeline_dag.py     42  0.01s             0           1  0.07s           2025-11-07T16:23:59
================================================================================
[2025-11-07T16:25:00.379+0000] {manager.py:878} INFO - 
================================================================================
DAG File Processing Stats

File Path                                     PID  Runtime      # DAGs    # Errors  Last Runtime    Last Run
------------------------------------------  -----  ---------  --------  ----------  --------------  -------------------
/opt/airflow/dags/loan_doc_pipeline_dag.py     43  0.01s             0           1  0.07s           2025-11-07T16:24:30
================================================================================
[2025-11-07T16:25:30.689+0000] {manager.py:878} INFO - 
================================================================================
DAG File Processing Stats

File Path                                     PID  Runtime      # DAGs    # Errors  Last Runtime    Last Run
------------------------------------------  -----  ---------  --------  ----------  --------------  -------------------
/opt/airflow/dags/loan_doc_pipeline_dag.py     44  0.03s             0           1  0.06s           2025-11-07T16:25:00
================================================================================
[2025-11-07T16:25:58.890+0000] {manager.py:452} INFO - Exiting gracefully upon receiving signal 15
[2025-11-07T16:36:20.497+0000] {manager.py:470} INFO - Processing files using up to 2 processes at a time 
[2025-11-07T16:36:20.499+0000] {manager.py:471} INFO - Process each file at most once every 30 seconds
[2025-11-07T16:36:20.500+0000] {manager.py:472} INFO - Checking for new files in /opt/airflow/dags every 300 seconds
[2025-11-07T16:36:20.501+0000] {manager.py:737} INFO - Searching for files in /opt/airflow/dags
[2025-11-07T16:36:20.504+0000] {manager.py:740} INFO - There are 1 files in /opt/airflow/dags
[2025-11-07T16:36:20.583+0000] {manager.py:878} INFO - 
================================================================================
DAG File Processing Stats

File Path                                     PID  Runtime      # DAGs    # Errors  Last Runtime    Last Run
------------------------------------------  -----  ---------  --------  ----------  --------------  ----------
/opt/airflow/dags/loan_doc_pipeline_dag.py     35  0.04s             0           0
================================================================================
[2025-11-07T16:36:50.865+0000] {manager.py:878} INFO - 
================================================================================
DAG File Processing Stats

File Path                                   PID    Runtime      # DAGs    # Errors  Last Runtime    Last Run
------------------------------------------  -----  ---------  --------  ----------  --------------  -------------------
/opt/airflow/dags/loan_doc_pipeline_dag.py                           1           0  22.55s          2025-11-07T16:36:43
================================================================================
[2025-11-07T16:37:21.168+0000] {manager.py:878} INFO - 
================================================================================
DAG File Processing Stats

File Path                                   PID    Runtime      # DAGs    # Errors  Last Runtime    Last Run
------------------------------------------  -----  ---------  --------  ----------  --------------  -------------------
/opt/airflow/dags/loan_doc_pipeline_dag.py                           1           0  6.23s           2025-11-07T16:37:19
================================================================================
[2025-11-07T16:37:51.406+0000] {manager.py:878} INFO - 
================================================================================
DAG File Processing Stats

File Path                                     PID  Runtime      # DAGs    # Errors  Last Runtime    Last Run
------------------------------------------  -----  ---------  --------  ----------  --------------  -------------------
/opt/airflow/dags/loan_doc_pipeline_dag.py    104  2.02s             1           0  6.23s           2025-11-07T16:37:19
================================================================================
[2025-11-07T16:38:21.430+0000] {manager.py:878} INFO - 
================================================================================
DAG File Processing Stats

File Path                                   PID    Runtime      # DAGs    # Errors  Last Runtime    Last Run
------------------------------------------  -----  ---------  --------  ----------  --------------  -------------------
/opt/airflow/dags/loan_doc_pipeline_dag.py                           1           0  4.81s           2025-11-07T16:37:54
================================================================================
[2025-11-07T16:38:51.974+0000] {manager.py:878} INFO - 
================================================================================
DAG File Processing Stats

File Path                                   PID    Runtime      # DAGs    # Errors  Last Runtime    Last Run
------------------------------------------  -----  ---------  --------  ----------  --------------  -------------------
/opt/airflow/dags/loan_doc_pipeline_dag.py                           1           0  4.79s           2025-11-07T16:38:29
================================================================================
[2025-11-07T16:39:22.191+0000] {manager.py:878} INFO - 
================================================================================
DAG File Processing Stats

File Path                                   PID    Runtime      # DAGs    # Errors  Last Runtime    Last Run
------------------------------------------  -----  ---------  --------  ----------  --------------  -------------------
/opt/airflow/dags/loan_doc_pipeline_dag.py                           1           0  4.90s           2025-11-07T16:39:04
================================================================================
[2025-11-07T16:39:52.733+0000] {manager.py:878} INFO - 
================================================================================
DAG File Processing Stats

File Path                                   PID    Runtime      # DAGs    # Errors  Last Runtime    Last Run
------------------------------------------  -----  ---------  --------  ----------  --------------  -------------------
/opt/airflow/dags/loan_doc_pipeline_dag.py                           1           0  4.43s           2025-11-07T16:39:39
================================================================================
[2025-11-07T16:40:22.977+0000] {manager.py:878} INFO - 
================================================================================
DAG File Processing Stats

File Path                                   PID    Runtime      # DAGs    # Errors  Last Runtime    Last Run
------------------------------------------  -----  ---------  --------  ----------  --------------  -------------------
/opt/airflow/dags/loan_doc_pipeline_dag.py                           1           0  4.86s           2025-11-07T16:40:14
================================================================================
[2025-11-07T16:40:53.491+0000] {manager.py:878} INFO - 
================================================================================
DAG File Processing Stats

File Path                                   PID    Runtime      # DAGs    # Errors  Last Runtime    Last Run
------------------------------------------  -----  ---------  --------  ----------  --------------  -------------------
/opt/airflow/dags/loan_doc_pipeline_dag.py                           1           0  4.79s           2025-11-07T16:40:48
================================================================================
[2025-11-07T16:41:20.759+0000] {manager.py:737} INFO - Searching for files in /opt/airflow/dags
[2025-11-07T16:41:20.762+0000] {manager.py:740} INFO - There are 1 files in /opt/airflow/dags
[2025-11-07T16:41:23.777+0000] {manager.py:878} INFO - 
================================================================================
DAG File Processing Stats

File Path                                     PID  Runtime      # DAGs    # Errors  Last Runtime    Last Run
------------------------------------------  -----  ---------  --------  ----------  --------------  -------------------
/opt/airflow/dags/loan_doc_pipeline_dag.py    337  4.61s             1           0  4.79s           2025-11-07T16:40:48
================================================================================
[2025-11-07T16:41:54.029+0000] {manager.py:878} INFO - 
================================================================================
DAG File Processing Stats

File Path                                   PID    Runtime      # DAGs    # Errors  Last Runtime    Last Run
------------------------------------------  -----  ---------  --------  ----------  --------------  -------------------
/opt/airflow/dags/loan_doc_pipeline_dag.py                           1           0  4.95s           2025-11-07T16:41:24
================================================================================
[2025-11-07T16:42:24.303+0000] {manager.py:878} INFO - 
================================================================================
DAG File Processing Stats

File Path                                   PID    Runtime      # DAGs    # Errors  Last Runtime    Last Run
------------------------------------------  -----  ---------  --------  ----------  --------------  -------------------
/opt/airflow/dags/loan_doc_pipeline_dag.py                           1           0  5.01s           2025-11-07T16:41:59
================================================================================
[2025-11-07T16:42:54.797+0000] {manager.py:878} INFO - 
================================================================================
DAG File Processing Stats

File Path                                   PID    Runtime      # DAGs    # Errors  Last Runtime    Last Run
------------------------------------------  -----  ---------  --------  ----------  --------------  -------------------
/opt/airflow/dags/loan_doc_pipeline_dag.py                           1           0  5.21s           2025-11-07T16:42:34
================================================================================
[2025-11-07T16:43:25.213+0000] {manager.py:878} INFO - 
================================================================================
DAG File Processing Stats

File Path                                   PID    Runtime      # DAGs    # Errors  Last Runtime    Last Run
------------------------------------------  -----  ---------  --------  ----------  --------------  -------------------
/opt/airflow/dags/loan_doc_pipeline_dag.py                           1           0  4.53s           2025-11-07T16:43:09
================================================================================
[2025-11-07T16:43:55.291+0000] {manager.py:878} INFO - 
================================================================================
DAG File Processing Stats

File Path                                   PID    Runtime      # DAGs    # Errors  Last Runtime    Last Run
------------------------------------------  -----  ---------  --------  ----------  --------------  -------------------
/opt/airflow/dags/loan_doc_pipeline_dag.py                           1           0  4.53s           2025-11-07T16:43:44
================================================================================
[2025-11-07T16:44:26.039+0000] {manager.py:878} INFO - 
================================================================================
DAG File Processing Stats

File Path                                   PID    Runtime      # DAGs    # Errors  Last Runtime    Last Run
------------------------------------------  -----  ---------  --------  ----------  --------------  -------------------
/opt/airflow/dags/loan_doc_pipeline_dag.py                           1           0  4.70s           2025-11-07T16:44:19
================================================================================
[2025-11-07T16:44:56.427+0000] {manager.py:878} INFO - 
================================================================================
DAG File Processing Stats

File Path                                   PID    Runtime      # DAGs    # Errors  Last Runtime    Last Run
------------------------------------------  -----  ---------  --------  ----------  --------------  -------------------
/opt/airflow/dags/loan_doc_pipeline_dag.py                           1           0  4.55s           2025-11-07T16:44:53
================================================================================
[2025-11-07T16:45:26.661+0000] {manager.py:878} INFO - 
================================================================================
DAG File Processing Stats

File Path                                     PID  Runtime      # DAGs    # Errors  Last Runtime    Last Run
------------------------------------------  -----  ---------  --------  ----------  --------------  -------------------
/opt/airflow/dags/loan_doc_pipeline_dag.py    558  2.63s             1           0  4.55s           2025-11-07T16:44:53
================================================================================
[2025-11-07T16:45:56.868+0000] {manager.py:878} INFO - 
================================================================================
DAG File Processing Stats

File Path                                   PID    Runtime      # DAGs    # Errors  Last Runtime    Last Run
------------------------------------------  -----  ---------  --------  ----------  --------------  -------------------
/opt/airflow/dags/loan_doc_pipeline_dag.py                           1           0  5.70s           2025-11-07T16:45:29
================================================================================
[2025-11-07T16:46:21.073+0000] {manager.py:737} INFO - Searching for files in /opt/airflow/dags
[2025-11-07T16:46:21.078+0000] {manager.py:740} INFO - There are 1 files in /opt/airflow/dags
[2025-11-07T16:46:27.135+0000] {manager.py:878} INFO - 
================================================================================
DAG File Processing Stats

File Path                                   PID    Runtime      # DAGs    # Errors  Last Runtime    Last Run
------------------------------------------  -----  ---------  --------  ----------  --------------  -------------------
/opt/airflow/dags/loan_doc_pipeline_dag.py                           1           0  4.59s           2025-11-07T16:46:04
================================================================================
[2025-11-07T16:46:57.691+0000] {manager.py:878} INFO - 
================================================================================
DAG File Processing Stats

File Path                                   PID    Runtime      # DAGs    # Errors  Last Runtime    Last Run
------------------------------------------  -----  ---------  --------  ----------  --------------  -------------------
/opt/airflow/dags/loan_doc_pipeline_dag.py                           1           0  5.43s           2025-11-07T16:46:56
================================================================================
[2025-11-07T16:47:27.930+0000] {manager.py:878} INFO - 
================================================================================
DAG File Processing Stats

File Path                                     PID  Runtime      # DAGs    # Errors  Last Runtime    Last Run
------------------------------------------  -----  ---------  --------  ----------  --------------  -------------------
/opt/airflow/dags/loan_doc_pipeline_dag.py    772  1.61s             1           0  5.43s           2025-11-07T16:46:56
================================================================================
[2025-11-07T16:47:58.545+0000] {manager.py:878} INFO - 
================================================================================
DAG File Processing Stats

File Path                                   PID    Runtime      # DAGs    # Errors  Last Runtime    Last Run
------------------------------------------  -----  ---------  --------  ----------  --------------  -------------------
/opt/airflow/dags/loan_doc_pipeline_dag.py                           1           0  5.41s           2025-11-07T16:47:31
================================================================================
[2025-11-07T16:48:28.764+0000] {manager.py:878} INFO - 
================================================================================
DAG File Processing Stats

File Path                                   PID    Runtime      # DAGs    # Errors  Last Runtime    Last Run
------------------------------------------  -----  ---------  --------  ----------  --------------  -------------------
/opt/airflow/dags/loan_doc_pipeline_dag.py                           1           0  4.89s           2025-11-07T16:48:06
================================================================================
[2025-11-07T16:48:58.948+0000] {manager.py:878} INFO - 
================================================================================
DAG File Processing Stats

File Path                                     PID  Runtime      # DAGs    # Errors  Last Runtime    Last Run
------------------------------------------  -----  ---------  --------  ----------  --------------  -------------------
/opt/airflow/dags/loan_doc_pipeline_dag.py    856  0.00s             1           0  5.33s           2025-11-07T16:48:42
================================================================================
[2025-11-07T16:49:29.216+0000] {manager.py:878} INFO - 
================================================================================
DAG File Processing Stats

File Path                                   PID    Runtime      # DAGs    # Errors  Last Runtime    Last Run
------------------------------------------  -----  ---------  --------  ----------  --------------  -------------------
/opt/airflow/dags/loan_doc_pipeline_dag.py                           1           0  6.45s           2025-11-07T16:49:05
================================================================================
[2025-11-07T16:49:59.934+0000] {manager.py:878} INFO - 
================================================================================
DAG File Processing Stats

File Path                                   PID    Runtime      # DAGs    # Errors  Last Runtime    Last Run
------------------------------------------  -----  ---------  --------  ----------  --------------  -------------------
/opt/airflow/dags/loan_doc_pipeline_dag.py                           1           0  5.01s           2025-11-07T16:49:39
================================================================================
[2025-11-07T16:50:29.976+0000] {manager.py:878} INFO - 
================================================================================
DAG File Processing Stats

File Path                                   PID    Runtime      # DAGs    # Errors  Last Runtime    Last Run
------------------------------------------  -----  ---------  --------  ----------  --------------  -------------------
/opt/airflow/dags/loan_doc_pipeline_dag.py                           1           0  5.81s           2025-11-07T16:50:15
================================================================================
[2025-11-07T16:51:00.394+0000] {manager.py:878} INFO - 
================================================================================
DAG File Processing Stats

File Path                                   PID    Runtime      # DAGs    # Errors  Last Runtime    Last Run
------------------------------------------  -----  ---------  --------  ----------  --------------  -------------------
/opt/airflow/dags/loan_doc_pipeline_dag.py                           1           0  5.55s           2025-11-07T16:50:51
================================================================================
[2025-11-07T16:51:21.563+0000] {manager.py:737} INFO - Searching for files in /opt/airflow/dags
[2025-11-07T16:51:21.578+0000] {manager.py:740} INFO - There are 1 files in /opt/airflow/dags
[2025-11-07T16:51:30.983+0000] {manager.py:878} INFO - 
================================================================================
DAG File Processing Stats

File Path                                   PID    Runtime      # DAGs    # Errors  Last Runtime    Last Run
------------------------------------------  -----  ---------  --------  ----------  --------------  -------------------
/opt/airflow/dags/loan_doc_pipeline_dag.py                           1           0  5.25s           2025-11-07T16:51:27
================================================================================
[2025-11-07T16:52:01.292+0000] {manager.py:878} INFO - 
================================================================================
DAG File Processing Stats

File Path                                     PID  Runtime      # DAGs    # Errors  Last Runtime    Last Run
------------------------------------------  -----  ---------  --------  ----------  --------------  -------------------
/opt/airflow/dags/loan_doc_pipeline_dag.py   1000  4.04s             1           0  5.25s           2025-11-07T16:51:27
================================================================================
[2025-11-07T16:52:31.692+0000] {manager.py:878} INFO - 
================================================================================
DAG File Processing Stats

File Path                                   PID    Runtime      # DAGs    # Errors  Last Runtime    Last Run
------------------------------------------  -----  ---------  --------  ----------  --------------  -------------------
/opt/airflow/dags/loan_doc_pipeline_dag.py                           1           0  5.32s           2025-11-07T16:52:02
================================================================================
[2025-11-07T16:53:01.856+0000] {manager.py:878} INFO - 
================================================================================
DAG File Processing Stats

File Path                                   PID    Runtime      # DAGs    # Errors  Last Runtime    Last Run
------------------------------------------  -----  ---------  --------  ----------  --------------  -------------------
/opt/airflow/dags/loan_doc_pipeline_dag.py                           1           0  4.95s           2025-11-07T16:52:37
================================================================================
[2025-11-07T16:53:32.218+0000] {manager.py:878} INFO - 
================================================================================
DAG File Processing Stats

File Path                                   PID    Runtime      # DAGs    # Errors  Last Runtime    Last Run
------------------------------------------  -----  ---------  --------  ----------  --------------  -------------------
/opt/airflow/dags/loan_doc_pipeline_dag.py                           1           0  5.67s           2025-11-07T16:53:13
================================================================================
[2025-11-07T16:54:02.434+0000] {manager.py:878} INFO - 
================================================================================
DAG File Processing Stats

File Path                                   PID    Runtime      # DAGs    # Errors  Last Runtime    Last Run
------------------------------------------  -----  ---------  --------  ----------  --------------  -------------------
/opt/airflow/dags/loan_doc_pipeline_dag.py                           1           0  5.70s           2025-11-07T16:53:49
================================================================================
[2025-11-07T16:54:32.569+0000] {manager.py:878} INFO - 
================================================================================
DAG File Processing Stats

File Path                                   PID    Runtime      # DAGs    # Errors  Last Runtime    Last Run
------------------------------------------  -----  ---------  --------  ----------  --------------  -------------------
/opt/airflow/dags/loan_doc_pipeline_dag.py                           1           0  4.87s           2025-11-07T16:54:24
================================================================================
[2025-11-07T16:55:02.874+0000] {manager.py:878} INFO - 
================================================================================
DAG File Processing Stats

File Path                                     PID  Runtime      # DAGs    # Errors  Last Runtime    Last Run
------------------------------------------  -----  ---------  --------  ----------  --------------  -------------------
/opt/airflow/dags/loan_doc_pipeline_dag.py   1150  8.08s             1           0  4.87s           2025-11-07T16:54:24
================================================================================
[2025-11-07T16:55:24.887+0000] {manager.py:1016} ERROR - Processor for /opt/airflow/dags/loan_doc_pipeline_dag.py exited with return code 1.
[2025-11-07T16:55:32.971+0000] {manager.py:878} INFO - 
================================================================================
DAG File Processing Stats

File Path                                   PID    Runtime      # DAGs    # Errors  Last Runtime    Last Run
------------------------------------------  -----  ---------  --------  ----------  --------------  -------------------
/opt/airflow/dags/loan_doc_pipeline_dag.py                           0          -1  30.10s          2025-11-07T16:55:24
================================================================================
[2025-11-07T16:56:03.530+0000] {manager.py:878} INFO - 
================================================================================
DAG File Processing Stats

File Path                                   PID    Runtime      # DAGs    # Errors  Last Runtime    Last Run
------------------------------------------  -----  ---------  --------  ----------  --------------  -------------------
/opt/airflow/dags/loan_doc_pipeline_dag.py                           0           1  1.35s           2025-11-07T16:55:56
================================================================================
[2025-11-07T16:56:21.665+0000] {manager.py:737} INFO - Searching for files in /opt/airflow/dags
[2025-11-07T16:56:21.669+0000] {manager.py:740} INFO - There are 1 files in /opt/airflow/dags
[2025-11-07T16:56:33.813+0000] {manager.py:878} INFO - 
================================================================================
DAG File Processing Stats

File Path                                   PID    Runtime      # DAGs    # Errors  Last Runtime    Last Run
------------------------------------------  -----  ---------  --------  ----------  --------------  -------------------
/opt/airflow/dags/loan_doc_pipeline_dag.py                           0           1  1.14s           2025-11-07T16:56:27
================================================================================
[2025-11-07T16:57:04.077+0000] {manager.py:878} INFO - 
================================================================================
DAG File Processing Stats

File Path                                   PID    Runtime      # DAGs    # Errors  Last Runtime    Last Run
------------------------------------------  -----  ---------  --------  ----------  --------------  -------------------
/opt/airflow/dags/loan_doc_pipeline_dag.py                           0           1  1.03s           2025-11-07T16:56:59
================================================================================
[2025-11-07T16:57:34.362+0000] {manager.py:878} INFO - 
================================================================================
DAG File Processing Stats

File Path                                   PID    Runtime      # DAGs    # Errors  Last Runtime    Last Run
------------------------------------------  -----  ---------  --------  ----------  --------------  -------------------
/opt/airflow/dags/loan_doc_pipeline_dag.py                           0           1  1.40s           2025-11-07T16:57:30
================================================================================
[2025-11-07T16:58:04.946+0000] {manager.py:878} INFO - 
================================================================================
DAG File Processing Stats

File Path                                   PID    Runtime      # DAGs    # Errors  Last Runtime    Last Run
------------------------------------------  -----  ---------  --------  ----------  --------------  -------------------
/opt/airflow/dags/loan_doc_pipeline_dag.py                           0           1  1.25s           2025-11-07T16:58:02
================================================================================
[2025-11-07T16:58:35.219+0000] {manager.py:878} INFO - 
================================================================================
DAG File Processing Stats

File Path                                   PID    Runtime      # DAGs    # Errors  Last Runtime    Last Run
------------------------------------------  -----  ---------  --------  ----------  --------------  -------------------
/opt/airflow/dags/loan_doc_pipeline_dag.py                           0           1  1.23s           2025-11-07T16:58:33
================================================================================
[2025-11-07T16:59:05.682+0000] {manager.py:878} INFO - 
================================================================================
DAG File Processing Stats

File Path                                   PID    Runtime      # DAGs    # Errors  Last Runtime    Last Run
------------------------------------------  -----  ---------  --------  ----------  --------------  -------------------
/opt/airflow/dags/loan_doc_pipeline_dag.py                           0           1  1.40s           2025-11-07T16:59:04
================================================================================
[2025-11-07T16:59:35.933+0000] {manager.py:878} INFO - 
================================================================================
DAG File Processing Stats

File Path                                     PID  Runtime      # DAGs    # Errors  Last Runtime    Last Run
------------------------------------------  -----  ---------  --------  ----------  --------------  -------------------
/opt/airflow/dags/loan_doc_pipeline_dag.py   1279  1.01s             0           1  1.40s           2025-11-07T16:59:04
================================================================================
[2025-11-07T17:00:06.353+0000] {manager.py:878} INFO - 
================================================================================
DAG File Processing Stats

File Path                                     PID  Runtime      # DAGs    # Errors  Last Runtime    Last Run
------------------------------------------  -----  ---------  --------  ----------  --------------  -------------------
/opt/airflow/dags/loan_doc_pipeline_dag.py   1295  0.01s             0           1  1.22s           2025-11-07T16:59:36
================================================================================
[2025-11-07T17:30:59.268+0000] {manager.py:737} INFO - Searching for files in /opt/airflow/dags
[2025-11-07T17:30:59.272+0000] {manager.py:740} INFO - There are 1 files in /opt/airflow/dags
[2025-11-07T17:31:01.206+0000] {manager.py:878} INFO - 
================================================================================
DAG File Processing Stats

File Path                                     PID  Runtime      # DAGs    # Errors  Last Runtime    Last Run
------------------------------------------  -----  ---------  --------  ----------  --------------  -------------------
/opt/airflow/dags/loan_doc_pipeline_dag.py   1311  1.91s             0           1  1.43s           2025-11-07T17:00:07
================================================================================
[2025-11-07T17:44:29.277+0000] {manager.py:737} INFO - Searching for files in /opt/airflow/dags
[2025-11-07T17:44:29.283+0000] {manager.py:740} INFO - There are 1 files in /opt/airflow/dags
[2025-11-07T17:44:31.329+0000] {manager.py:878} INFO - 
================================================================================
DAG File Processing Stats

File Path                                   PID    Runtime      # DAGs    # Errors  Last Runtime    Last Run
------------------------------------------  -----  ---------  --------  ----------  --------------  -------------------
/opt/airflow/dags/loan_doc_pipeline_dag.py                           0           1  1.21s           2025-11-07T17:44:30
================================================================================
[2025-11-07T17:45:01.611+0000] {manager.py:878} INFO - 
================================================================================
DAG File Processing Stats

File Path                                     PID  Runtime      # DAGs    # Errors  Last Runtime    Last Run
------------------------------------------  -----  ---------  --------  ----------  --------------  -------------------
/opt/airflow/dags/loan_doc_pipeline_dag.py   1343  1.01s             0           1  1.21s           2025-11-07T17:44:30
================================================================================
[2025-11-07T17:45:32.053+0000] {manager.py:878} INFO - 
================================================================================
DAG File Processing Stats

File Path                                     PID  Runtime      # DAGs    # Errors  Last Runtime    Last Run
------------------------------------------  -----  ---------  --------  ----------  --------------  -------------------
/opt/airflow/dags/loan_doc_pipeline_dag.py   1359  0.01s             0           1  1.22s           2025-11-07T17:45:01
================================================================================
[2025-11-07T17:46:02.367+0000] {manager.py:878} INFO - 
================================================================================
DAG File Processing Stats

File Path                                   PID    Runtime      # DAGs    # Errors  Last Runtime    Last Run
------------------------------------------  -----  ---------  --------  ----------  --------------  -------------------
/opt/airflow/dags/loan_doc_pipeline_dag.py                           0           1  1.53s           2025-11-07T17:45:33
================================================================================
[2025-11-07T17:46:32.651+0000] {manager.py:878} INFO - 
================================================================================
DAG File Processing Stats

File Path                                   PID    Runtime      # DAGs    # Errors  Last Runtime    Last Run
------------------------------------------  -----  ---------  --------  ----------  --------------  -------------------
/opt/airflow/dags/loan_doc_pipeline_dag.py                           0           1  1.60s           2025-11-07T17:46:05
================================================================================
[2025-11-07T17:46:45.458+0000] {manager.py:452} INFO - Exiting gracefully upon receiving signal 15
[2025-11-07T17:49:53.733+0000] {manager.py:470} INFO - Processing files using up to 2 processes at a time 
[2025-11-07T17:49:53.733+0000] {manager.py:471} INFO - Process each file at most once every 30 seconds
[2025-11-07T17:49:53.733+0000] {manager.py:472} INFO - Checking for new files in /opt/airflow/dags every 300 seconds
[2025-11-07T17:49:53.734+0000] {manager.py:737} INFO - Searching for files in /opt/airflow/dags
[2025-11-07T17:49:53.738+0000] {manager.py:740} INFO - There are 1 files in /opt/airflow/dags
[2025-11-07T17:49:53.793+0000] {manager.py:878} INFO - 
================================================================================
DAG File Processing Stats

File Path                                     PID  Runtime      # DAGs    # Errors  Last Runtime    Last Run
------------------------------------------  -----  ---------  --------  ----------  --------------  ----------
/opt/airflow/dags/loan_doc_pipeline_dag.py     29  0.02s             0           0
================================================================================
[2025-11-07T17:50:23.966+0000] {manager.py:1016} ERROR - Processor for /opt/airflow/dags/loan_doc_pipeline_dag.py exited with return code 1.
[2025-11-07T17:50:23.970+0000] {manager.py:878} INFO - 
================================================================================
DAG File Processing Stats

File Path                                   PID    Runtime      # DAGs    # Errors  Last Runtime    Last Run
------------------------------------------  -----  ---------  --------  ----------  --------------  -------------------
/opt/airflow/dags/loan_doc_pipeline_dag.py                           0          -1  30.20s          2025-11-07T17:50:23
================================================================================
[2025-11-07T17:50:54.198+0000] {manager.py:878} INFO - 
================================================================================
DAG File Processing Stats

File Path                                     PID  Runtime      # DAGs    # Errors  Last Runtime    Last Run
------------------------------------------  -----  ---------  --------  ----------  --------------  -------------------
/opt/airflow/dags/loan_doc_pipeline_dag.py     52  0.01s             0          -1  30.20s          2025-11-07T17:50:23
================================================================================
[2025-11-07T17:51:24.437+0000] {manager.py:878} INFO - 
================================================================================
DAG File Processing Stats

File Path                                   PID    Runtime      # DAGs    # Errors  Last Runtime    Last Run
------------------------------------------  -----  ---------  --------  ----------  --------------  -------------------
/opt/airflow/dags/loan_doc_pipeline_dag.py                           0           1  1.37s           2025-11-07T17:50:55
================================================================================
[2025-11-07T17:51:55.078+0000] {manager.py:878} INFO - 
================================================================================
DAG File Processing Stats

File Path                                   PID    Runtime      # DAGs    # Errors  Last Runtime    Last Run
------------------------------------------  -----  ---------  --------  ----------  --------------  -------------------
/opt/airflow/dags/loan_doc_pipeline_dag.py                           0           1  1.29s           2025-11-07T17:51:27
================================================================================
[2025-11-07T17:52:25.340+0000] {manager.py:878} INFO - 
================================================================================
DAG File Processing Stats

File Path                                   PID    Runtime      # DAGs    # Errors  Last Runtime    Last Run
------------------------------------------  -----  ---------  --------  ----------  --------------  -------------------
/opt/airflow/dags/loan_doc_pipeline_dag.py                           0           1  1.16s           2025-11-07T17:51:58
================================================================================
[2025-11-07T17:52:55.760+0000] {manager.py:878} INFO - 
================================================================================
DAG File Processing Stats

File Path                                   PID    Runtime      # DAGs    # Errors  Last Runtime    Last Run
------------------------------------------  -----  ---------  --------  ----------  --------------  -------------------
/opt/airflow/dags/loan_doc_pipeline_dag.py                           0           1  1.28s           2025-11-07T17:52:29
================================================================================
[2025-11-07T17:53:26.067+0000] {manager.py:878} INFO - 
================================================================================
DAG File Processing Stats

File Path                                   PID    Runtime      # DAGs    # Errors  Last Runtime    Last Run
------------------------------------------  -----  ---------  --------  ----------  --------------  -------------------
/opt/airflow/dags/loan_doc_pipeline_dag.py                           0           1  1.46s           2025-11-07T17:53:01
================================================================================
[2025-11-07T17:53:56.739+0000] {manager.py:878} INFO - 
================================================================================
DAG File Processing Stats

File Path                                   PID    Runtime      # DAGs    # Errors  Last Runtime    Last Run
------------------------------------------  -----  ---------  --------  ----------  --------------  -------------------
/opt/airflow/dags/loan_doc_pipeline_dag.py                           0           1  1.20s           2025-11-07T17:53:32
================================================================================
[2025-11-07T17:54:26.907+0000] {manager.py:878} INFO - 
================================================================================
DAG File Processing Stats

File Path                                   PID    Runtime      # DAGs    # Errors  Last Runtime    Last Run
------------------------------------------  -----  ---------  --------  ----------  --------------  -------------------
/opt/airflow/dags/loan_doc_pipeline_dag.py                           0           1  0.84s           2025-11-07T17:54:03
================================================================================
[2025-11-07T17:54:54.435+0000] {manager.py:737} INFO - Searching for files in /opt/airflow/dags
[2025-11-07T17:54:54.445+0000] {manager.py:740} INFO - There are 1 files in /opt/airflow/dags
[2025-11-07T17:54:57.497+0000] {manager.py:878} INFO - 
================================================================================
DAG File Processing Stats

File Path                                   PID    Runtime      # DAGs    # Errors  Last Runtime    Last Run
------------------------------------------  -----  ---------  --------  ----------  --------------  -------------------
/opt/airflow/dags/loan_doc_pipeline_dag.py                           0           1  1.38s           2025-11-07T17:54:35
================================================================================
[2025-11-07T17:55:27.758+0000] {manager.py:878} INFO - 
================================================================================
DAG File Processing Stats

File Path                                   PID    Runtime      # DAGs    # Errors  Last Runtime    Last Run
------------------------------------------  -----  ---------  --------  ----------  --------------  -------------------
/opt/airflow/dags/loan_doc_pipeline_dag.py                           0           1  1.27s           2025-11-07T17:55:06
================================================================================
[2025-11-07T17:55:58.069+0000] {manager.py:878} INFO - 
================================================================================
DAG File Processing Stats

File Path                                   PID    Runtime      # DAGs    # Errors  Last Runtime    Last Run
------------------------------------------  -----  ---------  --------  ----------  --------------  -------------------
/opt/airflow/dags/loan_doc_pipeline_dag.py                           0           1  1.11s           2025-11-07T17:55:37
================================================================================
[2025-11-07T17:56:28.419+0000] {manager.py:878} INFO - 
================================================================================
DAG File Processing Stats

File Path                                   PID    Runtime      # DAGs    # Errors  Last Runtime    Last Run
------------------------------------------  -----  ---------  --------  ----------  --------------  -------------------
/opt/airflow/dags/loan_doc_pipeline_dag.py                           0           1  1.26s           2025-11-07T17:56:09
================================================================================
[2025-11-07T17:56:58.748+0000] {manager.py:878} INFO - 
================================================================================
DAG File Processing Stats

File Path                                   PID    Runtime      # DAGs    # Errors  Last Runtime    Last Run
------------------------------------------  -----  ---------  --------  ----------  --------------  -------------------
/opt/airflow/dags/loan_doc_pipeline_dag.py                           0           1  1.37s           2025-11-07T17:56:40
================================================================================
[2025-11-07T17:57:28.804+0000] {manager.py:878} INFO - 
================================================================================
DAG File Processing Stats

File Path                                   PID    Runtime      # DAGs    # Errors  Last Runtime    Last Run
------------------------------------------  -----  ---------  --------  ----------  --------------  -------------------
/opt/airflow/dags/loan_doc_pipeline_dag.py                           0           1  1.58s           2025-11-07T17:57:12
================================================================================
[2025-11-07T17:57:59.083+0000] {manager.py:878} INFO - 
================================================================================
DAG File Processing Stats

File Path                                   PID    Runtime      # DAGs    # Errors  Last Runtime    Last Run
------------------------------------------  -----  ---------  --------  ----------  --------------  -------------------
/opt/airflow/dags/loan_doc_pipeline_dag.py                           0           1  1.15s           2025-11-07T17:57:44
================================================================================
[2025-11-07T17:58:29.432+0000] {manager.py:878} INFO - 
================================================================================
DAG File Processing Stats

File Path                                   PID    Runtime      # DAGs    # Errors  Last Runtime    Last Run
------------------------------------------  -----  ---------  --------  ----------  --------------  -------------------
/opt/airflow/dags/loan_doc_pipeline_dag.py                           0           1  1.27s           2025-11-07T17:58:15
================================================================================
[2025-11-07T17:58:59.846+0000] {manager.py:878} INFO - 
================================================================================
DAG File Processing Stats

File Path                                   PID    Runtime      # DAGs    # Errors  Last Runtime    Last Run
------------------------------------------  -----  ---------  --------  ----------  --------------  -------------------
/opt/airflow/dags/loan_doc_pipeline_dag.py                           0           1  1.33s           2025-11-07T17:58:46
================================================================================
[2025-11-07T17:59:30.160+0000] {manager.py:878} INFO - 
================================================================================
DAG File Processing Stats

File Path                                   PID    Runtime      # DAGs    # Errors  Last Runtime    Last Run
------------------------------------------  -----  ---------  --------  ----------  --------------  -------------------
/opt/airflow/dags/loan_doc_pipeline_dag.py                           0           1  1.21s           2025-11-07T17:59:18
================================================================================
[2025-11-07T17:59:54.445+0000] {manager.py:737} INFO - Searching for files in /opt/airflow/dags
[2025-11-07T17:59:54.455+0000] {manager.py:740} INFO - There are 1 files in /opt/airflow/dags
[2025-11-07T18:00:00.435+0000] {manager.py:878} INFO - 
================================================================================
DAG File Processing Stats

File Path                                     PID  Runtime      # DAGs    # Errors  Last Runtime    Last Run
------------------------------------------  -----  ---------  --------  ----------  --------------  -------------------
/opt/airflow/dags/loan_doc_pipeline_dag.py    424  12.12s            0           1  1.21s           2025-11-07T17:59:18
================================================================================
[2025-11-07T18:00:18.410+0000] {manager.py:1016} ERROR - Processor for /opt/airflow/dags/loan_doc_pipeline_dag.py exited with return code 1.
[2025-11-07T18:00:30.496+0000] {manager.py:878} INFO - 
================================================================================
DAG File Processing Stats

File Path                                   PID    Runtime      # DAGs    # Errors  Last Runtime    Last Run
------------------------------------------  -----  ---------  --------  ----------  --------------  -------------------
/opt/airflow/dags/loan_doc_pipeline_dag.py                           0          -1  30.09s          2025-11-07T18:00:18
================================================================================
[2025-11-07T18:01:00.874+0000] {manager.py:878} INFO - 
================================================================================
DAG File Processing Stats

File Path                                   PID    Runtime      # DAGs    # Errors  Last Runtime    Last Run
------------------------------------------  -----  ---------  --------  ----------  --------------  -------------------
/opt/airflow/dags/loan_doc_pipeline_dag.py                           0           1  1.24s           2025-11-07T18:00:49
================================================================================
[2025-11-07T18:01:31.080+0000] {manager.py:878} INFO - 
================================================================================
DAG File Processing Stats

File Path                                   PID    Runtime      # DAGs    # Errors  Last Runtime    Last Run
------------------------------------------  -----  ---------  --------  ----------  --------------  -------------------
/opt/airflow/dags/loan_doc_pipeline_dag.py                           0           1  0.95s           2025-11-07T18:01:20
================================================================================
[2025-11-07T18:02:01.333+0000] {manager.py:878} INFO - 
================================================================================
DAG File Processing Stats

File Path                                   PID    Runtime      # DAGs    # Errors  Last Runtime    Last Run
------------------------------------------  -----  ---------  --------  ----------  --------------  -------------------
/opt/airflow/dags/loan_doc_pipeline_dag.py                           0           1  0.97s           2025-11-07T18:01:52
================================================================================
[2025-11-07T18:02:31.532+0000] {manager.py:878} INFO - 
================================================================================
DAG File Processing Stats

File Path                                   PID    Runtime      # DAGs    # Errors  Last Runtime    Last Run
------------------------------------------  -----  ---------  --------  ----------  --------------  -------------------
/opt/airflow/dags/loan_doc_pipeline_dag.py                           0           1  0.91s           2025-11-07T18:02:23
================================================================================
[2025-11-07T18:03:01.790+0000] {manager.py:878} INFO - 
================================================================================
DAG File Processing Stats

File Path                                   PID    Runtime      # DAGs    # Errors  Last Runtime    Last Run
------------------------------------------  -----  ---------  --------  ----------  --------------  -------------------
/opt/airflow/dags/loan_doc_pipeline_dag.py                           0           1  1.32s           2025-11-07T18:02:55
================================================================================
[2025-11-07T18:03:32.323+0000] {manager.py:878} INFO - 
================================================================================
DAG File Processing Stats

File Path                                   PID    Runtime      # DAGs    # Errors  Last Runtime    Last Run
------------------------------------------  -----  ---------  --------  ----------  --------------  -------------------
/opt/airflow/dags/loan_doc_pipeline_dag.py                           0           1  1.16s           2025-11-07T18:03:26
================================================================================
[2025-11-07T18:03:59.532+0000] {manager.py:452} INFO - Exiting gracefully upon receiving signal 15
[2025-11-07T18:04:04.869+0000] {manager.py:470} INFO - Processing files using up to 2 processes at a time 
[2025-11-07T18:04:04.869+0000] {manager.py:471} INFO - Process each file at most once every 30 seconds
[2025-11-07T18:04:04.869+0000] {manager.py:472} INFO - Checking for new files in /opt/airflow/dags every 300 seconds
[2025-11-07T18:04:04.869+0000] {manager.py:737} INFO - Searching for files in /opt/airflow/dags
[2025-11-07T18:04:04.871+0000] {manager.py:740} INFO - There are 1 files in /opt/airflow/dags
[2025-11-07T18:04:04.923+0000] {manager.py:878} INFO - 
================================================================================
DAG File Processing Stats

File Path                                     PID  Runtime      # DAGs    # Errors  Last Runtime    Last Run
------------------------------------------  -----  ---------  --------  ----------  --------------  ----------
/opt/airflow/dags/loan_doc_pipeline_dag.py     29  0.03s             0           0
================================================================================
[2025-11-07T18:04:35.083+0000] {manager.py:878} INFO - 
================================================================================
DAG File Processing Stats

File Path                                   PID    Runtime      # DAGs    # Errors  Last Runtime    Last Run
------------------------------------------  -----  ---------  --------  ----------  --------------  -------------------
/opt/airflow/dags/loan_doc_pipeline_dag.py                           0           1  0.98s           2025-11-07T18:04:05
================================================================================
[2025-11-07T18:05:05.295+0000] {manager.py:878} INFO - 
================================================================================
DAG File Processing Stats

File Path                                   PID    Runtime      # DAGs    # Errors  Last Runtime    Last Run
------------------------------------------  -----  ---------  --------  ----------  --------------  -------------------
/opt/airflow/dags/loan_doc_pipeline_dag.py                           0           1  1.48s           2025-11-07T18:04:37
================================================================================
[2025-11-07T18:05:35.500+0000] {manager.py:878} INFO - 
================================================================================
DAG File Processing Stats

File Path                                   PID    Runtime      # DAGs    # Errors  Last Runtime    Last Run
------------------------------------------  -----  ---------  --------  ----------  --------------  -------------------
/opt/airflow/dags/loan_doc_pipeline_dag.py                           0           1  0.94s           2025-11-07T18:05:08
================================================================================
[2025-11-07T18:06:06.217+0000] {manager.py:878} INFO - 
================================================================================
DAG File Processing Stats

File Path                                   PID    Runtime      # DAGs    # Errors  Last Runtime    Last Run
------------------------------------------  -----  ---------  --------  ----------  --------------  -------------------
/opt/airflow/dags/loan_doc_pipeline_dag.py                           0           1  1.29s           2025-11-07T18:05:40
================================================================================
[2025-11-07T18:06:36.448+0000] {manager.py:878} INFO - 
================================================================================
DAG File Processing Stats

File Path                                   PID    Runtime      # DAGs    # Errors  Last Runtime    Last Run
------------------------------------------  -----  ---------  --------  ----------  --------------  -------------------
/opt/airflow/dags/loan_doc_pipeline_dag.py                           0           1  1.00s           2025-11-07T18:06:11
================================================================================
[2025-11-07T18:07:06.972+0000] {manager.py:878} INFO - 
================================================================================
DAG File Processing Stats

File Path                                   PID    Runtime      # DAGs    # Errors  Last Runtime    Last Run
------------------------------------------  -----  ---------  --------  ----------  --------------  -------------------
/opt/airflow/dags/loan_doc_pipeline_dag.py                           0           1  1.31s           2025-11-07T18:06:43
================================================================================
[2025-11-07T18:07:37.419+0000] {manager.py:878} INFO - 
================================================================================
DAG File Processing Stats

File Path                                   PID    Runtime      # DAGs    # Errors  Last Runtime    Last Run
------------------------------------------  -----  ---------  --------  ----------  --------------  -------------------
/opt/airflow/dags/loan_doc_pipeline_dag.py                           0           1  1.35s           2025-11-07T18:07:14
================================================================================
[2025-11-07T18:08:08.078+0000] {manager.py:878} INFO - 
================================================================================
DAG File Processing Stats

File Path                                   PID    Runtime      # DAGs    # Errors  Last Runtime    Last Run
------------------------------------------  -----  ---------  --------  ----------  --------------  -------------------
/opt/airflow/dags/loan_doc_pipeline_dag.py                           0           1  1.24s           2025-11-07T18:07:46
================================================================================
[2025-11-07T18:08:38.556+0000] {manager.py:878} INFO - 
================================================================================
DAG File Processing Stats

File Path                                   PID    Runtime      # DAGs    # Errors  Last Runtime    Last Run
------------------------------------------  -----  ---------  --------  ----------  --------------  -------------------
/opt/airflow/dags/loan_doc_pipeline_dag.py                           0           1  1.23s           2025-11-07T18:08:17
================================================================================
[2025-11-07T18:09:05.819+0000] {manager.py:737} INFO - Searching for files in /opt/airflow/dags
[2025-11-07T18:09:05.826+0000] {manager.py:740} INFO - There are 1 files in /opt/airflow/dags
[2025-11-07T18:09:08.866+0000] {manager.py:878} INFO - 
================================================================================
DAG File Processing Stats

File Path                                     PID  Runtime      # DAGs    # Errors  Last Runtime    Last Run
------------------------------------------  -----  ---------  --------  ----------  --------------  -------------------
/opt/airflow/dags/loan_doc_pipeline_dag.py    276  21.19s            0           1  1.23s           2025-11-07T18:08:17
================================================================================
[2025-11-07T18:09:17.806+0000] {manager.py:1016} ERROR - Processor for /opt/airflow/dags/loan_doc_pipeline_dag.py exited with return code 1.
[2025-11-07T18:09:38.972+0000] {manager.py:878} INFO - 
================================================================================
DAG File Processing Stats

File Path                                   PID    Runtime      # DAGs    # Errors  Last Runtime    Last Run
------------------------------------------  -----  ---------  --------  ----------  --------------  -------------------
/opt/airflow/dags/loan_doc_pipeline_dag.py                           0          -1  30.13s          2025-11-07T18:09:17
================================================================================
[2025-11-07T18:10:09.300+0000] {manager.py:878} INFO - 
================================================================================
DAG File Processing Stats

File Path                                   PID    Runtime      # DAGs    # Errors  Last Runtime    Last Run
------------------------------------------  -----  ---------  --------  ----------  --------------  -------------------
/opt/airflow/dags/loan_doc_pipeline_dag.py                           1           0  5.74s           2025-11-07T18:09:53
================================================================================
[2025-11-07T18:10:39.554+0000] {manager.py:878} INFO - 
================================================================================
DAG File Processing Stats

File Path                                   PID    Runtime      # DAGs    # Errors  Last Runtime    Last Run
------------------------------------------  -----  ---------  --------  ----------  --------------  -------------------
/opt/airflow/dags/loan_doc_pipeline_dag.py                           1           0  4.76s           2025-11-07T18:10:28
================================================================================
[2025-11-07T18:11:09.804+0000] {manager.py:878} INFO - 
================================================================================
DAG File Processing Stats

File Path                                   PID    Runtime      # DAGs    # Errors  Last Runtime    Last Run
------------------------------------------  -----  ---------  --------  ----------  --------------  -------------------
/opt/airflow/dags/loan_doc_pipeline_dag.py                           1           0  4.92s           2025-11-07T18:11:04
================================================================================
[2025-11-07T18:11:40.273+0000] {manager.py:878} INFO - 
================================================================================
DAG File Processing Stats

File Path                                   PID    Runtime      # DAGs    # Errors  Last Runtime    Last Run
------------------------------------------  -----  ---------  --------  ----------  --------------  -------------------
/opt/airflow/dags/loan_doc_pipeline_dag.py                           1           0  5.58s           2025-11-07T18:11:39
================================================================================
[2025-11-07T18:12:10.494+0000] {manager.py:878} INFO - 
================================================================================
DAG File Processing Stats

File Path                                     PID  Runtime      # DAGs    # Errors  Last Runtime    Last Run
------------------------------------------  -----  ---------  --------  ----------  --------------  -------------------
/opt/airflow/dags/loan_doc_pipeline_dag.py    456  0.45s             1           0  5.58s           2025-11-07T18:11:39
================================================================================
[2025-11-07T18:12:40.728+0000] {manager.py:878} INFO - 
================================================================================
DAG File Processing Stats

File Path                                   PID    Runtime      # DAGs    # Errors  Last Runtime    Last Run
------------------------------------------  -----  ---------  --------  ----------  --------------  -------------------
/opt/airflow/dags/loan_doc_pipeline_dag.py                           1           0  4.81s           2025-11-07T18:12:14
================================================================================
[2025-11-07T18:13:11.330+0000] {manager.py:878} INFO - 
================================================================================
DAG File Processing Stats

File Path                                   PID    Runtime      # DAGs    # Errors  Last Runtime    Last Run
------------------------------------------  -----  ---------  --------  ----------  --------------  -------------------
/opt/airflow/dags/loan_doc_pipeline_dag.py                           1           0  6.33s           2025-11-07T18:12:51
================================================================================
[2025-11-07T18:13:41.563+0000] {manager.py:878} INFO - 
================================================================================
DAG File Processing Stats

File Path                                   PID    Runtime      # DAGs    # Errors  Last Runtime    Last Run
------------------------------------------  -----  ---------  --------  ----------  --------------  -------------------
/opt/airflow/dags/loan_doc_pipeline_dag.py                           1           0  4.95s           2025-11-07T18:13:26
================================================================================
[2025-11-07T18:14:05.890+0000] {manager.py:737} INFO - Searching for files in /opt/airflow/dags
[2025-11-07T18:14:05.897+0000] {manager.py:740} INFO - There are 1 files in /opt/airflow/dags
[2025-11-07T18:14:09.797+0000] {manager.py:452} INFO - Exiting gracefully upon receiving signal 15
[2025-11-07T18:28:11.370+0000] {manager.py:470} INFO - Processing files using up to 2 processes at a time 
[2025-11-07T18:28:11.371+0000] {manager.py:471} INFO - Process each file at most once every 30 seconds
[2025-11-07T18:28:11.371+0000] {manager.py:472} INFO - Checking for new files in /opt/airflow/dags every 300 seconds
[2025-11-07T18:28:11.371+0000] {manager.py:737} INFO - Searching for files in /opt/airflow/dags
[2025-11-07T18:28:11.374+0000] {manager.py:740} INFO - There are 1 files in /opt/airflow/dags
[2025-11-07T18:28:11.425+0000] {manager.py:878} INFO - 
================================================================================
DAG File Processing Stats

File Path                                     PID  Runtime      # DAGs    # Errors  Last Runtime    Last Run
------------------------------------------  -----  ---------  --------  ----------  --------------  ----------
/opt/airflow/dags/loan_doc_pipeline_dag.py     28  0.03s             0           0
================================================================================
[2025-11-07T18:28:41.485+0000] {manager.py:1016} ERROR - Processor for /opt/airflow/dags/loan_doc_pipeline_dag.py exited with return code 1.
[2025-11-07T18:28:41.488+0000] {manager.py:878} INFO - 
================================================================================
DAG File Processing Stats

File Path                                   PID    Runtime      # DAGs    # Errors  Last Runtime    Last Run
------------------------------------------  -----  ---------  --------  ----------  --------------  -------------------
/opt/airflow/dags/loan_doc_pipeline_dag.py                           0          -1  30.08s          2025-11-07T18:28:41
================================================================================
[2025-11-07T18:29:11.734+0000] {manager.py:878} INFO - 
================================================================================
DAG File Processing Stats

File Path                                     PID  Runtime      # DAGs    # Errors  Last Runtime    Last Run
------------------------------------------  -----  ---------  --------  ----------  --------------  -------------------
/opt/airflow/dags/loan_doc_pipeline_dag.py     45  0.01s             0          -1  30.08s          2025-11-07T18:28:41
================================================================================
[2025-11-07T18:29:42.017+0000] {manager.py:878} INFO - 
================================================================================
DAG File Processing Stats

File Path                                   PID    Runtime      # DAGs    # Errors  Last Runtime    Last Run
------------------------------------------  -----  ---------  --------  ----------  --------------  -------------------
/opt/airflow/dags/loan_doc_pipeline_dag.py                           0           1  1.21s           2025-11-07T18:29:12
================================================================================
[2025-11-07T18:30:12.346+0000] {manager.py:878} INFO - 
================================================================================
DAG File Processing Stats

File Path                                   PID    Runtime      # DAGs    # Errors  Last Runtime    Last Run
------------------------------------------  -----  ---------  --------  ----------  --------------  -------------------
/opt/airflow/dags/loan_doc_pipeline_dag.py                           0           1  1.17s           2025-11-07T18:29:44
================================================================================
[2025-11-07T18:30:42.680+0000] {manager.py:878} INFO - 
================================================================================
DAG File Processing Stats

File Path                                   PID    Runtime      # DAGs    # Errors  Last Runtime    Last Run
------------------------------------------  -----  ---------  --------  ----------  --------------  -------------------
/opt/airflow/dags/loan_doc_pipeline_dag.py                           0           1  1.16s           2025-11-07T18:30:15
================================================================================
[2025-11-07T18:31:12.961+0000] {manager.py:878} INFO - 
================================================================================
DAG File Processing Stats

File Path                                   PID    Runtime      # DAGs    # Errors  Last Runtime    Last Run
------------------------------------------  -----  ---------  --------  ----------  --------------  -------------------
/opt/airflow/dags/loan_doc_pipeline_dag.py                           0           1  0.99s           2025-11-07T18:30:46
================================================================================
[2025-11-07T18:31:43.203+0000] {manager.py:878} INFO - 
================================================================================
DAG File Processing Stats

File Path                                   PID    Runtime      # DAGs    # Errors  Last Runtime    Last Run
------------------------------------------  -----  ---------  --------  ----------  --------------  -------------------
/opt/airflow/dags/loan_doc_pipeline_dag.py                           0           1  1.09s           2025-11-07T18:31:18
================================================================================
[2025-11-07T18:32:13.490+0000] {manager.py:878} INFO - 
================================================================================
DAG File Processing Stats

File Path                                   PID    Runtime      # DAGs    # Errors  Last Runtime    Last Run
------------------------------------------  -----  ---------  --------  ----------  --------------  -------------------
/opt/airflow/dags/loan_doc_pipeline_dag.py                           0           1  1.19s           2025-11-07T18:31:49
================================================================================
[2025-11-07T18:32:43.697+0000] {manager.py:878} INFO - 
================================================================================
DAG File Processing Stats

File Path                                   PID    Runtime      # DAGs    # Errors  Last Runtime    Last Run
------------------------------------------  -----  ---------  --------  ----------  --------------  -------------------
/opt/airflow/dags/loan_doc_pipeline_dag.py                           0           1  0.95s           2025-11-07T18:32:20
================================================================================
[2025-11-07T18:33:11.914+0000] {manager.py:737} INFO - Searching for files in /opt/airflow/dags
[2025-11-07T18:33:11.922+0000] {manager.py:740} INFO - There are 1 files in /opt/airflow/dags
[2025-11-07T18:33:13.952+0000] {manager.py:878} INFO - 
================================================================================
DAG File Processing Stats

File Path                                   PID    Runtime      # DAGs    # Errors  Last Runtime    Last Run
------------------------------------------  -----  ---------  --------  ----------  --------------  -------------------
/opt/airflow/dags/loan_doc_pipeline_dag.py                           0           1  0.96s           2025-11-07T18:32:51
================================================================================
[2025-11-07T18:33:42.879+0000] {manager.py:452} INFO - Exiting gracefully upon receiving signal 15
[2025-11-07T18:34:34.894+0000] {manager.py:470} INFO - Processing files using up to 2 processes at a time 
[2025-11-07T18:34:34.894+0000] {manager.py:471} INFO - Process each file at most once every 30 seconds
[2025-11-07T18:34:34.894+0000] {manager.py:472} INFO - Checking for new files in /opt/airflow/dags every 300 seconds
[2025-11-07T18:34:34.895+0000] {manager.py:737} INFO - Searching for files in /opt/airflow/dags
[2025-11-07T18:34:34.897+0000] {manager.py:740} INFO - There are 1 files in /opt/airflow/dags
[2025-11-07T18:34:34.938+0000] {manager.py:878} INFO - 
================================================================================
DAG File Processing Stats

File Path                                     PID  Runtime      # DAGs    # Errors  Last Runtime    Last Run
------------------------------------------  -----  ---------  --------  ----------  --------------  ----------
/opt/airflow/dags/loan_doc_pipeline_dag.py     28  0.02s             0           0
================================================================================
[2025-11-07T18:35:04.996+0000] {manager.py:1016} ERROR - Processor for /opt/airflow/dags/loan_doc_pipeline_dag.py exited with return code 1.
[2025-11-07T18:35:04.999+0000] {manager.py:878} INFO - 
================================================================================
DAG File Processing Stats

File Path                                   PID    Runtime      # DAGs    # Errors  Last Runtime    Last Run
------------------------------------------  -----  ---------  --------  ----------  --------------  -------------------
/opt/airflow/dags/loan_doc_pipeline_dag.py                           0          -1  30.08s          2025-11-07T18:35:04
================================================================================
[2025-11-07T18:35:35.298+0000] {manager.py:878} INFO - 
================================================================================
DAG File Processing Stats

File Path                                     PID  Runtime      # DAGs    # Errors  Last Runtime    Last Run
------------------------------------------  -----  ---------  --------  ----------  --------------  -------------------
/opt/airflow/dags/loan_doc_pipeline_dag.py     45  0.01s             0          -1  30.08s          2025-11-07T18:35:04
================================================================================
[2025-11-07T18:36:05.579+0000] {manager.py:878} INFO - 
================================================================================
DAG File Processing Stats

File Path                                   PID    Runtime      # DAGs    # Errors  Last Runtime    Last Run
------------------------------------------  -----  ---------  --------  ----------  --------------  -------------------
/opt/airflow/dags/loan_doc_pipeline_dag.py                           0           1  1.59s           2025-11-07T18:35:36
================================================================================
[2025-11-07T18:36:36.380+0000] {manager.py:878} INFO - 
================================================================================
DAG File Processing Stats

File Path                                   PID    Runtime      # DAGs    # Errors  Last Runtime    Last Run
------------------------------------------  -----  ---------  --------  ----------  --------------  -------------------
/opt/airflow/dags/loan_doc_pipeline_dag.py                           0           1  1.16s           2025-11-07T18:36:08
================================================================================
[2025-11-07T18:37:06.678+0000] {manager.py:878} INFO - 
================================================================================
DAG File Processing Stats

File Path                                   PID    Runtime      # DAGs    # Errors  Last Runtime    Last Run
------------------------------------------  -----  ---------  --------  ----------  --------------  -------------------
/opt/airflow/dags/loan_doc_pipeline_dag.py                           0           1  1.10s           2025-11-07T18:36:39
================================================================================
[2025-11-07T18:37:36.997+0000] {manager.py:878} INFO - 
================================================================================
DAG File Processing Stats

File Path                                   PID    Runtime      # DAGs    # Errors  Last Runtime    Last Run
------------------------------------------  -----  ---------  --------  ----------  --------------  -------------------
/opt/airflow/dags/loan_doc_pipeline_dag.py                           0           1  1.05s           2025-11-07T18:37:10
================================================================================
[2025-11-07T18:38:07.261+0000] {manager.py:878} INFO - 
================================================================================
DAG File Processing Stats

File Path                                   PID    Runtime      # DAGs    # Errors  Last Runtime    Last Run
------------------------------------------  -----  ---------  --------  ----------  --------------  -------------------
/opt/airflow/dags/loan_doc_pipeline_dag.py                           0           1  1.26s           2025-11-07T18:37:42
================================================================================
[2025-11-07T18:38:37.791+0000] {manager.py:878} INFO - 
================================================================================
DAG File Processing Stats

File Path                                   PID    Runtime      # DAGs    # Errors  Last Runtime    Last Run
------------------------------------------  -----  ---------  --------  ----------  --------------  -------------------
/opt/airflow/dags/loan_doc_pipeline_dag.py                           0           1  1.12s           2025-11-07T18:38:13
================================================================================
[2025-11-07T18:39:08.081+0000] {manager.py:878} INFO - 
================================================================================
DAG File Processing Stats

File Path                                   PID    Runtime      # DAGs    # Errors  Last Runtime    Last Run
------------------------------------------  -----  ---------  --------  ----------  --------------  -------------------
/opt/airflow/dags/loan_doc_pipeline_dag.py                           0           1  1.28s           2025-11-07T18:38:45
================================================================================
[2025-11-07T18:39:35.593+0000] {manager.py:737} INFO - Searching for files in /opt/airflow/dags
[2025-11-07T18:39:35.607+0000] {manager.py:740} INFO - There are 1 files in /opt/airflow/dags
[2025-11-07T18:39:38.654+0000] {manager.py:878} INFO - 
================================================================================
DAG File Processing Stats

File Path                                   PID    Runtime      # DAGs    # Errors  Last Runtime    Last Run
------------------------------------------  -----  ---------  --------  ----------  --------------  -------------------
/opt/airflow/dags/loan_doc_pipeline_dag.py                           0           1  1.07s           2025-11-07T18:39:16
================================================================================
[2025-11-07T18:40:08.953+0000] {manager.py:878} INFO - 
================================================================================
DAG File Processing Stats

File Path                                   PID    Runtime      # DAGs    # Errors  Last Runtime    Last Run
------------------------------------------  -----  ---------  --------  ----------  --------------  -------------------
/opt/airflow/dags/loan_doc_pipeline_dag.py                           0           1  1.01s           2025-11-07T18:39:47
================================================================================
[2025-11-07T18:40:39.313+0000] {manager.py:878} INFO - 
================================================================================
DAG File Processing Stats

File Path                                   PID    Runtime      # DAGs    # Errors  Last Runtime    Last Run
------------------------------------------  -----  ---------  --------  ----------  --------------  -------------------
/opt/airflow/dags/loan_doc_pipeline_dag.py                           0           1  1.12s           2025-11-07T18:40:19
================================================================================
[2025-11-07T18:41:09.591+0000] {manager.py:878} INFO - 
================================================================================
DAG File Processing Stats

File Path                                   PID    Runtime      # DAGs    # Errors  Last Runtime    Last Run
------------------------------------------  -----  ---------  --------  ----------  --------------  -------------------
/opt/airflow/dags/loan_doc_pipeline_dag.py                           0           1  1.11s           2025-11-07T18:40:50
================================================================================
[2025-11-07T18:41:39.858+0000] {manager.py:878} INFO - 
================================================================================
DAG File Processing Stats

File Path                                   PID    Runtime      # DAGs    # Errors  Last Runtime    Last Run
------------------------------------------  -----  ---------  --------  ----------  --------------  -------------------
/opt/airflow/dags/loan_doc_pipeline_dag.py                           0           1  1.19s           2025-11-07T18:41:21
================================================================================
[2025-11-07T18:42:10.267+0000] {manager.py:878} INFO - 
================================================================================
DAG File Processing Stats

File Path                                   PID    Runtime      # DAGs    # Errors  Last Runtime    Last Run
------------------------------------------  -----  ---------  --------  ----------  --------------  -------------------
/opt/airflow/dags/loan_doc_pipeline_dag.py                           0           1  1.16s           2025-11-07T18:41:53
================================================================================
[2025-11-07T18:42:40.595+0000] {manager.py:878} INFO - 
================================================================================
DAG File Processing Stats

File Path                                   PID    Runtime      # DAGs    # Errors  Last Runtime    Last Run
------------------------------------------  -----  ---------  --------  ----------  --------------  -------------------
/opt/airflow/dags/loan_doc_pipeline_dag.py                           0           1  1.11s           2025-11-07T18:42:24
================================================================================
[2025-11-07T18:43:10.754+0000] {manager.py:878} INFO - 
================================================================================
DAG File Processing Stats

File Path                                   PID    Runtime      # DAGs    # Errors  Last Runtime    Last Run
------------------------------------------  -----  ---------  --------  ----------  --------------  -------------------
/opt/airflow/dags/loan_doc_pipeline_dag.py                           0           1  0.87s           2025-11-07T18:42:55
================================================================================
[2025-11-07T18:43:41.047+0000] {manager.py:878} INFO - 
================================================================================
DAG File Processing Stats

File Path                                   PID    Runtime      # DAGs    # Errors  Last Runtime    Last Run
------------------------------------------  -----  ---------  --------  ----------  --------------  -------------------
/opt/airflow/dags/loan_doc_pipeline_dag.py                           0           1  1.07s           2025-11-07T18:43:26
================================================================================
[2025-11-07T18:44:11.765+0000] {manager.py:878} INFO - 
================================================================================
DAG File Processing Stats

File Path                                   PID    Runtime      # DAGs    # Errors  Last Runtime    Last Run
------------------------------------------  -----  ---------  --------  ----------  --------------  -------------------
/opt/airflow/dags/loan_doc_pipeline_dag.py                           1           0  10.65s          2025-11-07T18:44:07
================================================================================
[2025-11-07T18:44:35.977+0000] {manager.py:737} INFO - Searching for files in /opt/airflow/dags
[2025-11-07T18:44:35.994+0000] {manager.py:740} INFO - There are 1 files in /opt/airflow/dags
[2025-11-07T18:44:42.160+0000] {manager.py:878} INFO - 
================================================================================
DAG File Processing Stats

File Path                                   PID    Runtime      # DAGs    # Errors  Last Runtime    Last Run
------------------------------------------  -----  ---------  --------  ----------  --------------  -------------------
/opt/airflow/dags/loan_doc_pipeline_dag.py                           1           0  3.59s           2025-11-07T18:44:41
================================================================================
[2025-11-07T18:45:12.430+0000] {manager.py:878} INFO - 
================================================================================
DAG File Processing Stats

File Path                                     PID  Runtime      # DAGs    # Errors  Last Runtime    Last Run
------------------------------------------  -----  ---------  --------  ----------  --------------  -------------------
/opt/airflow/dags/loan_doc_pipeline_dag.py    370  0.51s             1           0  3.59s           2025-11-07T18:44:41
================================================================================
[2025-11-07T18:45:42.713+0000] {manager.py:878} INFO - 
================================================================================
DAG File Processing Stats

File Path                                   PID    Runtime      # DAGs    # Errors  Last Runtime    Last Run
------------------------------------------  -----  ---------  --------  ----------  --------------  -------------------
/opt/airflow/dags/loan_doc_pipeline_dag.py                           1           0  3.55s           2025-11-07T18:45:15
================================================================================
[2025-11-07T18:46:12.994+0000] {manager.py:878} INFO - 
================================================================================
DAG File Processing Stats

File Path                                   PID    Runtime      # DAGs    # Errors  Last Runtime    Last Run
------------------------------------------  -----  ---------  --------  ----------  --------------  -------------------
/opt/airflow/dags/loan_doc_pipeline_dag.py                           1           0  3.68s           2025-11-07T18:45:49
================================================================================
[2025-11-07T18:46:38.263+0000] {manager.py:452} INFO - Exiting gracefully upon receiving signal 15
[2025-11-07T19:01:39.088+0000] {manager.py:470} INFO - Processing files using up to 2 processes at a time 
[2025-11-07T19:01:39.090+0000] {manager.py:471} INFO - Process each file at most once every 30 seconds
[2025-11-07T19:01:39.091+0000] {manager.py:472} INFO - Checking for new files in /opt/airflow/dags every 300 seconds
[2025-11-07T19:01:39.092+0000] {manager.py:737} INFO - Searching for files in /opt/airflow/dags
[2025-11-07T19:01:39.108+0000] {manager.py:740} INFO - There are 1 files in /opt/airflow/dags
[2025-11-07T19:01:39.270+0000] {manager.py:878} INFO - 
================================================================================
DAG File Processing Stats

File Path                                     PID  Runtime      # DAGs    # Errors  Last Runtime    Last Run
------------------------------------------  -----  ---------  --------  ----------  --------------  ----------
/opt/airflow/dags/loan_doc_pipeline_dag.py     29  0.07s             0           0
================================================================================
[2025-11-07T19:02:09.385+0000] {manager.py:878} INFO - 
================================================================================
DAG File Processing Stats

File Path                                   PID    Runtime      # DAGs    # Errors  Last Runtime    Last Run
------------------------------------------  -----  ---------  --------  ----------  --------------  -------------------
/opt/airflow/dags/loan_doc_pipeline_dag.py                           1           0  18.09s          2025-11-07T19:01:57
================================================================================
[2025-11-07T19:02:39.639+0000] {manager.py:878} INFO - 
================================================================================
DAG File Processing Stats

File Path                                   PID    Runtime      # DAGs    # Errors  Last Runtime    Last Run
------------------------------------------  -----  ---------  --------  ----------  --------------  -------------------
/opt/airflow/dags/loan_doc_pipeline_dag.py                           1           0  3.08s           2025-11-07T19:02:30
================================================================================
[2025-11-07T19:03:09.795+0000] {manager.py:878} INFO - 
================================================================================
DAG File Processing Stats

File Path                                   PID    Runtime      # DAGs    # Errors  Last Runtime    Last Run
------------------------------------------  -----  ---------  --------  ----------  --------------  -------------------
/opt/airflow/dags/loan_doc_pipeline_dag.py                           1           0  2.89s           2025-11-07T19:03:03
================================================================================
[2025-11-07T19:03:39.917+0000] {manager.py:878} INFO - 
================================================================================
DAG File Processing Stats

File Path                                   PID    Runtime      # DAGs    # Errors  Last Runtime    Last Run
------------------------------------------  -----  ---------  --------  ----------  --------------  -------------------
/opt/airflow/dags/loan_doc_pipeline_dag.py                           1           0  2.79s           2025-11-07T19:03:36
================================================================================
[2025-11-07T19:04:10.006+0000] {manager.py:878} INFO - 
================================================================================
DAG File Processing Stats

File Path                                   PID    Runtime      # DAGs    # Errors  Last Runtime    Last Run
------------------------------------------  -----  ---------  --------  ----------  --------------  -------------------
/opt/airflow/dags/loan_doc_pipeline_dag.py                           1           0  2.82s           2025-11-07T19:04:10
================================================================================
[2025-11-07T19:04:40.377+0000] {manager.py:878} INFO - 
================================================================================
DAG File Processing Stats

File Path                                     PID  Runtime      # DAGs    # Errors  Last Runtime    Last Run
------------------------------------------  -----  ---------  --------  ----------  --------------  -------------------
/opt/airflow/dags/loan_doc_pipeline_dag.py    179  0.01s             1           0  2.82s           2025-11-07T19:04:10
================================================================================
[2025-11-07T19:05:10.407+0000] {manager.py:878} INFO - 
================================================================================
DAG File Processing Stats

File Path                                   PID    Runtime      # DAGs    # Errors  Last Runtime    Last Run
------------------------------------------  -----  ---------  --------  ----------  --------------  -------------------
/opt/airflow/dags/loan_doc_pipeline_dag.py                           1           0  2.72s           2025-11-07T19:04:43
================================================================================
[2025-11-07T19:05:40.456+0000] {manager.py:878} INFO - 
================================================================================
DAG File Processing Stats

File Path                                   PID    Runtime      # DAGs    # Errors  Last Runtime    Last Run
------------------------------------------  -----  ---------  --------  ----------  --------------  -------------------
/opt/airflow/dags/loan_doc_pipeline_dag.py                           1           0  2.75s           2025-11-07T19:05:16
================================================================================
[2025-11-07T19:06:10.807+0000] {manager.py:878} INFO - 
================================================================================
DAG File Processing Stats

File Path                                   PID    Runtime      # DAGs    # Errors  Last Runtime    Last Run
------------------------------------------  -----  ---------  --------  ----------  --------------  -------------------
/opt/airflow/dags/loan_doc_pipeline_dag.py                           1           0  2.80s           2025-11-07T19:05:49
================================================================================
[2025-11-07T19:06:39.337+0000] {manager.py:737} INFO - Searching for files in /opt/airflow/dags
[2025-11-07T19:06:39.347+0000] {manager.py:740} INFO - There are 1 files in /opt/airflow/dags
[2025-11-07T19:06:41.098+0000] {manager.py:878} INFO - 
================================================================================
DAG File Processing Stats

File Path                                   PID    Runtime      # DAGs    # Errors  Last Runtime    Last Run
------------------------------------------  -----  ---------  --------  ----------  --------------  -------------------
/opt/airflow/dags/loan_doc_pipeline_dag.py                           1           0  2.75s           2025-11-07T19:06:22
================================================================================
[2025-11-07T19:07:11.180+0000] {manager.py:878} INFO - 
================================================================================
DAG File Processing Stats

File Path                                   PID    Runtime      # DAGs    # Errors  Last Runtime    Last Run
------------------------------------------  -----  ---------  --------  ----------  --------------  -------------------
/opt/airflow/dags/loan_doc_pipeline_dag.py                           1           0  2.74s           2025-11-07T19:06:54
================================================================================
[2025-11-07T19:07:41.281+0000] {manager.py:878} INFO - 
================================================================================
DAG File Processing Stats

File Path                                   PID    Runtime      # DAGs    # Errors  Last Runtime    Last Run
------------------------------------------  -----  ---------  --------  ----------  --------------  -------------------
/opt/airflow/dags/loan_doc_pipeline_dag.py                           1           0  2.79s           2025-11-07T19:07:28
================================================================================
[2025-11-07T19:08:11.395+0000] {manager.py:878} INFO - 
================================================================================
DAG File Processing Stats

File Path                                   PID    Runtime      # DAGs    # Errors  Last Runtime    Last Run
------------------------------------------  -----  ---------  --------  ----------  --------------  -------------------
/opt/airflow/dags/loan_doc_pipeline_dag.py                           1           0  2.86s           2025-11-07T19:08:01
================================================================================
[2025-11-07T19:08:41.691+0000] {manager.py:878} INFO - 
================================================================================
DAG File Processing Stats

File Path                                   PID    Runtime      # DAGs    # Errors  Last Runtime    Last Run
------------------------------------------  -----  ---------  --------  ----------  --------------  -------------------
/opt/airflow/dags/loan_doc_pipeline_dag.py                           1           0  2.69s           2025-11-07T19:08:34
================================================================================
[2025-11-07T19:09:12.006+0000] {manager.py:878} INFO - 
================================================================================
DAG File Processing Stats

File Path                                   PID    Runtime      # DAGs    # Errors  Last Runtime    Last Run
------------------------------------------  -----  ---------  --------  ----------  --------------  -------------------
/opt/airflow/dags/loan_doc_pipeline_dag.py                           1           0  2.74s           2025-11-07T19:09:07
================================================================================
[2025-11-07T19:09:42.104+0000] {manager.py:878} INFO - 
================================================================================
DAG File Processing Stats

File Path                                   PID    Runtime      # DAGs    # Errors  Last Runtime    Last Run
------------------------------------------  -----  ---------  --------  ----------  --------------  -------------------
/opt/airflow/dags/loan_doc_pipeline_dag.py                           1           0  2.81s           2025-11-07T19:09:40
================================================================================
[2025-11-07T19:10:12.403+0000] {manager.py:878} INFO - 
================================================================================
DAG File Processing Stats

File Path                                     PID  Runtime      # DAGs    # Errors  Last Runtime    Last Run
------------------------------------------  -----  ---------  --------  ----------  --------------  -------------------
/opt/airflow/dags/loan_doc_pipeline_dag.py    449  2.02s             1           0  2.81s           2025-11-07T19:09:40
================================================================================
[2025-11-07T19:10:43.152+0000] {manager.py:878} INFO - 
================================================================================
DAG File Processing Stats

File Path                                     PID  Runtime      # DAGs    # Errors  Last Runtime    Last Run
------------------------------------------  -----  ---------  --------  ----------  --------------  -------------------
/opt/airflow/dags/loan_doc_pipeline_dag.py    476  0.01s             1           0  2.65s           2025-11-07T19:10:13
================================================================================
[2025-11-07T19:11:13.283+0000] {manager.py:878} INFO - 
================================================================================
DAG File Processing Stats

File Path                                   PID    Runtime      # DAGs    # Errors  Last Runtime    Last Run
------------------------------------------  -----  ---------  --------  ----------  --------------  -------------------
/opt/airflow/dags/loan_doc_pipeline_dag.py                           1           0  2.78s           2025-11-07T19:10:45
================================================================================
[2025-11-07T19:11:39.966+0000] {manager.py:737} INFO - Searching for files in /opt/airflow/dags
[2025-11-07T19:11:39.977+0000] {manager.py:740} INFO - There are 1 files in /opt/airflow/dags
[2025-11-07T19:11:43.343+0000] {manager.py:878} INFO - 
================================================================================
DAG File Processing Stats

File Path                                   PID    Runtime      # DAGs    # Errors  Last Runtime    Last Run
------------------------------------------  -----  ---------  --------  ----------  --------------  -------------------
/opt/airflow/dags/loan_doc_pipeline_dag.py                           1           0  2.75s           2025-11-07T19:11:19
================================================================================
[2025-11-07T19:12:13.437+0000] {manager.py:878} INFO - 
================================================================================
DAG File Processing Stats

File Path                                   PID    Runtime      # DAGs    # Errors  Last Runtime    Last Run
------------------------------------------  -----  ---------  --------  ----------  --------------  -------------------
/opt/airflow/dags/loan_doc_pipeline_dag.py                           1           0  2.90s           2025-11-07T19:11:52
================================================================================
[2025-11-07T19:12:43.898+0000] {manager.py:878} INFO - 
================================================================================
DAG File Processing Stats

File Path                                   PID    Runtime      # DAGs    # Errors  Last Runtime    Last Run
------------------------------------------  -----  ---------  --------  ----------  --------------  -------------------
/opt/airflow/dags/loan_doc_pipeline_dag.py                           1           0  8.53s           2025-11-07T19:12:31
================================================================================
[2025-11-07T19:42:59.135+0000] {manager.py:737} INFO - Searching for files in /opt/airflow/dags
[2025-11-07T19:42:59.174+0000] {manager.py:740} INFO - There are 1 files in /opt/airflow/dags
[2025-11-07T19:43:11.986+0000] {manager.py:878} INFO - 
================================================================================
DAG File Processing Stats

File Path                                     PID  Runtime      # DAGs    # Errors  Last Runtime    Last Run
------------------------------------------  -----  ---------  --------  ----------  --------------  -------------------
/opt/airflow/dags/loan_doc_pipeline_dag.py    584  12.69s            1           0  8.53s           2025-11-07T19:12:31
================================================================================
[2025-11-07T19:43:46.094+0000] {manager.py:878} INFO - 
================================================================================
DAG File Processing Stats

File Path                                   PID    Runtime      # DAGs    # Errors  Last Runtime    Last Run
------------------------------------------  -----  ---------  --------  ----------  --------------  -------------------
/opt/airflow/dags/loan_doc_pipeline_dag.py                           1           0  26.06s          2025-11-07T19:43:25
================================================================================
[2025-11-07T19:44:16.611+0000] {manager.py:878} INFO - 
================================================================================
DAG File Processing Stats

File Path                                   PID    Runtime      # DAGs    # Errors  Last Runtime    Last Run
------------------------------------------  -----  ---------  --------  ----------  --------------  -------------------
/opt/airflow/dags/loan_doc_pipeline_dag.py                           1           0  4.12s           2025-11-07T19:44:00
================================================================================
[2025-11-07T19:44:46.989+0000] {manager.py:878} INFO - 
================================================================================
DAG File Processing Stats

File Path                                   PID    Runtime      # DAGs    # Errors  Last Runtime    Last Run
------------------------------------------  -----  ---------  --------  ----------  --------------  -------------------
/opt/airflow/dags/loan_doc_pipeline_dag.py                           1           0  3.37s           2025-11-07T19:44:34
================================================================================
[2025-11-07T19:46:54.957+0000] {manager.py:878} INFO - 
================================================================================
DAG File Processing Stats

File Path                                   PID    Runtime      # DAGs    # Errors  Last Runtime    Last Run
------------------------------------------  -----  ---------  --------  ----------  --------------  -------------------
/opt/airflow/dags/loan_doc_pipeline_dag.py                           1           0  4.69s           2025-11-07T19:46:45
================================================================================
[2025-11-07T20:02:09.759+0000] {manager.py:737} INFO - Searching for files in /opt/airflow/dags
[2025-11-07T20:02:09.769+0000] {manager.py:740} INFO - There are 1 files in /opt/airflow/dags
[2025-11-07T20:02:24.477+0000] {manager.py:878} INFO - 
================================================================================
DAG File Processing Stats

File Path                                   PID    Runtime      # DAGs    # Errors  Last Runtime    Last Run
------------------------------------------  -----  ---------  --------  ----------  --------------  -------------------
/opt/airflow/dags/loan_doc_pipeline_dag.py                           1           0  3.87s           2025-11-07T20:02:13
================================================================================
[2025-11-07T20:02:54.976+0000] {manager.py:878} INFO - 
================================================================================
DAG File Processing Stats

File Path                                   PID    Runtime      # DAGs    # Errors  Last Runtime    Last Run
------------------------------------------  -----  ---------  --------  ----------  --------------  -------------------
/opt/airflow/dags/loan_doc_pipeline_dag.py                           1           0  3.68s           2025-11-07T20:02:47
================================================================================
[2025-11-07T20:03:25.250+0000] {manager.py:878} INFO - 
================================================================================
DAG File Processing Stats

File Path                                   PID    Runtime      # DAGs    # Errors  Last Runtime    Last Run
------------------------------------------  -----  ---------  --------  ----------  --------------  -------------------
/opt/airflow/dags/loan_doc_pipeline_dag.py                           1           0  3.92s           2025-11-07T20:03:21
================================================================================
[2025-11-07T20:03:55.556+0000] {manager.py:878} INFO - 
================================================================================
DAG File Processing Stats

File Path                                     PID  Runtime      # DAGs    # Errors  Last Runtime    Last Run
------------------------------------------  -----  ---------  --------  ----------  --------------  -------------------
/opt/airflow/dags/loan_doc_pipeline_dag.py    773  3.50s             1           0  3.92s           2025-11-07T20:03:21
================================================================================
[2025-11-07T20:04:25.995+0000] {manager.py:878} INFO - 
================================================================================
DAG File Processing Stats

File Path                                   PID    Runtime      # DAGs    # Errors  Last Runtime    Last Run
------------------------------------------  -----  ---------  --------  ----------  --------------  -------------------
/opt/airflow/dags/loan_doc_pipeline_dag.py                           1           0  4.02s           2025-11-07T20:03:56
================================================================================
[2025-11-07T20:04:56.308+0000] {manager.py:878} INFO - 
================================================================================
DAG File Processing Stats

File Path                                   PID    Runtime      # DAGs    # Errors  Last Runtime    Last Run
------------------------------------------  -----  ---------  --------  ----------  --------------  -------------------
/opt/airflow/dags/loan_doc_pipeline_dag.py                           1           0  3.84s           2025-11-07T20:04:30
================================================================================
[2025-11-07T20:05:26.862+0000] {manager.py:878} INFO - 
================================================================================
DAG File Processing Stats

File Path                                   PID    Runtime      # DAGs    # Errors  Last Runtime    Last Run
------------------------------------------  -----  ---------  --------  ----------  --------------  -------------------
/opt/airflow/dags/loan_doc_pipeline_dag.py                           1           0  3.54s           2025-11-07T20:05:03
================================================================================
[2025-11-07T20:05:57.463+0000] {manager.py:878} INFO - 
================================================================================
DAG File Processing Stats

File Path                                   PID    Runtime      # DAGs    # Errors  Last Runtime    Last Run
------------------------------------------  -----  ---------  --------  ----------  --------------  -------------------
/opt/airflow/dags/loan_doc_pipeline_dag.py                           1           0  3.51s           2025-11-07T20:05:37
================================================================================
[2025-11-07T20:06:28.006+0000] {manager.py:878} INFO - 
================================================================================
DAG File Processing Stats

File Path                                   PID    Runtime      # DAGs    # Errors  Last Runtime    Last Run
------------------------------------------  -----  ---------  --------  ----------  --------------  -------------------
/opt/airflow/dags/loan_doc_pipeline_dag.py                           1           0  3.61s           2025-11-07T20:06:11
================================================================================
[2025-11-07T20:06:58.045+0000] {manager.py:878} INFO - 
================================================================================
DAG File Processing Stats

File Path                                   PID    Runtime      # DAGs    # Errors  Last Runtime    Last Run
------------------------------------------  -----  ---------  --------  ----------  --------------  -------------------
/opt/airflow/dags/loan_doc_pipeline_dag.py                           1           0  3.35s           2025-11-07T20:06:44
================================================================================
[2025-11-07T20:12:53.702+0000] {manager.py:737} INFO - Searching for files in /opt/airflow/dags
[2025-11-07T20:12:53.708+0000] {manager.py:740} INFO - There are 1 files in /opt/airflow/dags
[2025-11-07T20:13:11.561+0000] {manager.py:878} INFO - 
================================================================================
DAG File Processing Stats

File Path                                   PID    Runtime      # DAGs    # Errors  Last Runtime    Last Run
------------------------------------------  -----  ---------  --------  ----------  --------------  -------------------
/opt/airflow/dags/loan_doc_pipeline_dag.py                           1           0  4.69s           2025-11-07T20:12:58
================================================================================
[2025-11-07T20:13:41.782+0000] {manager.py:878} INFO - 
================================================================================
DAG File Processing Stats

File Path                                   PID    Runtime      # DAGs    # Errors  Last Runtime    Last Run
------------------------------------------  -----  ---------  --------  ----------  --------------  -------------------
/opt/airflow/dags/loan_doc_pipeline_dag.py                           1           0  2.99s           2025-11-07T20:13:31
================================================================================
[2025-11-07T20:14:11.863+0000] {manager.py:878} INFO - 
================================================================================
DAG File Processing Stats

File Path                                   PID    Runtime      # DAGs    # Errors  Last Runtime    Last Run
------------------------------------------  -----  ---------  --------  ----------  --------------  -------------------
/opt/airflow/dags/loan_doc_pipeline_dag.py                           1           0  3.84s           2025-11-07T20:14:05
================================================================================
[2025-11-07T20:14:42.120+0000] {manager.py:878} INFO - 
================================================================================
DAG File Processing Stats

File Path                                   PID    Runtime      # DAGs    # Errors  Last Runtime    Last Run
------------------------------------------  -----  ---------  --------  ----------  --------------  -------------------
/opt/airflow/dags/loan_doc_pipeline_dag.py                           1           0  3.01s           2025-11-07T20:14:39
================================================================================
[2025-11-07T20:15:12.402+0000] {manager.py:878} INFO - 
================================================================================
DAG File Processing Stats

File Path                                     PID  Runtime      # DAGs    # Errors  Last Runtime    Last Run
------------------------------------------  -----  ---------  --------  ----------  --------------  -------------------
/opt/airflow/dags/loan_doc_pipeline_dag.py   1140  3.02s             1           0  3.01s           2025-11-07T20:14:39
================================================================================
[2025-11-07T20:15:42.485+0000] {manager.py:878} INFO - 
================================================================================
DAG File Processing Stats

File Path                                   PID    Runtime      # DAGs    # Errors  Last Runtime    Last Run
------------------------------------------  -----  ---------  --------  ----------  --------------  -------------------
/opt/airflow/dags/loan_doc_pipeline_dag.py                           1           0  3.94s           2025-11-07T20:15:13
================================================================================
[2025-11-07T20:16:13.196+0000] {manager.py:878} INFO - 
================================================================================
DAG File Processing Stats

File Path                                   PID    Runtime      # DAGs    # Errors  Last Runtime    Last Run
------------------------------------------  -----  ---------  --------  ----------  --------------  -------------------
/opt/airflow/dags/loan_doc_pipeline_dag.py                           1           0  3.66s           2025-11-07T20:15:47
================================================================================
[2025-11-07T20:16:43.401+0000] {manager.py:878} INFO - 
================================================================================
DAG File Processing Stats

File Path                                   PID    Runtime      # DAGs    # Errors  Last Runtime    Last Run
------------------------------------------  -----  ---------  --------  ----------  --------------  -------------------
/opt/airflow/dags/loan_doc_pipeline_dag.py                           1           0  4.01s           2025-11-07T20:16:21
================================================================================
[2025-11-07T20:17:13.697+0000] {manager.py:878} INFO - 
================================================================================
DAG File Processing Stats

File Path                                   PID    Runtime      # DAGs    # Errors  Last Runtime    Last Run
------------------------------------------  -----  ---------  --------  ----------  --------------  -------------------
/opt/airflow/dags/loan_doc_pipeline_dag.py                           1           0  4.13s           2025-11-07T20:16:55
================================================================================
[2025-11-07T20:17:43.871+0000] {manager.py:878} INFO - 
================================================================================
DAG File Processing Stats

File Path                                   PID    Runtime      # DAGs    # Errors  Last Runtime    Last Run
------------------------------------------  -----  ---------  --------  ----------  --------------  -------------------
/opt/airflow/dags/loan_doc_pipeline_dag.py                           1           0  3.83s           2025-11-07T20:17:29
================================================================================
[2025-11-07T20:17:53.717+0000] {manager.py:737} INFO - Searching for files in /opt/airflow/dags
[2025-11-07T20:17:53.721+0000] {manager.py:740} INFO - There are 1 files in /opt/airflow/dags
[2025-11-07T20:18:14.008+0000] {manager.py:878} INFO - 
================================================================================
DAG File Processing Stats

File Path                                   PID    Runtime      # DAGs    # Errors  Last Runtime    Last Run
------------------------------------------  -----  ---------  --------  ----------  --------------  -------------------
/opt/airflow/dags/loan_doc_pipeline_dag.py                           1           0  4.56s           2025-11-07T20:18:04
================================================================================
[2025-11-07T20:18:44.214+0000] {manager.py:878} INFO - 
================================================================================
DAG File Processing Stats

File Path                                   PID    Runtime      # DAGs    # Errors  Last Runtime    Last Run
------------------------------------------  -----  ---------  --------  ----------  --------------  -------------------
/opt/airflow/dags/loan_doc_pipeline_dag.py                           1           0  3.96s           2025-11-07T20:18:38
================================================================================
[2025-11-07T20:19:14.405+0000] {manager.py:878} INFO - 
================================================================================
DAG File Processing Stats

File Path                                   PID    Runtime      # DAGs    # Errors  Last Runtime    Last Run
------------------------------------------  -----  ---------  --------  ----------  --------------  -------------------
/opt/airflow/dags/loan_doc_pipeline_dag.py                           1           0  3.76s           2025-11-07T20:19:12
================================================================================
[2025-11-07T20:19:44.646+0000] {manager.py:878} INFO - 
================================================================================
DAG File Processing Stats

File Path                                     PID  Runtime      # DAGs    # Errors  Last Runtime    Last Run
------------------------------------------  -----  ---------  --------  ----------  --------------  -------------------
/opt/airflow/dags/loan_doc_pipeline_dag.py   1362  2.05s             1           0  3.76s           2025-11-07T20:19:12
================================================================================
[2025-11-07T20:20:14.940+0000] {manager.py:878} INFO - 
================================================================================
DAG File Processing Stats

File Path                                   PID    Runtime      # DAGs    # Errors  Last Runtime    Last Run
------------------------------------------  -----  ---------  --------  ----------  --------------  -------------------
/opt/airflow/dags/loan_doc_pipeline_dag.py                           1           0  3.60s           2025-11-07T20:19:46
================================================================================
[2025-11-07T20:20:45.214+0000] {manager.py:878} INFO - 
================================================================================
DAG File Processing Stats

File Path                                   PID    Runtime      # DAGs    # Errors  Last Runtime    Last Run
------------------------------------------  -----  ---------  --------  ----------  --------------  -------------------
/opt/airflow/dags/loan_doc_pipeline_dag.py                           1           0  4.08s           2025-11-07T20:20:20
================================================================================
[2025-11-07T20:21:15.419+0000] {manager.py:878} INFO - 
================================================================================
DAG File Processing Stats

File Path                                   PID    Runtime      # DAGs    # Errors  Last Runtime    Last Run
------------------------------------------  -----  ---------  --------  ----------  --------------  -------------------
/opt/airflow/dags/loan_doc_pipeline_dag.py                           1           0  3.73s           2025-11-07T20:20:54
================================================================================
[2025-11-07T20:21:45.889+0000] {manager.py:878} INFO - 
================================================================================
DAG File Processing Stats

File Path                                   PID    Runtime      # DAGs    # Errors  Last Runtime    Last Run
------------------------------------------  -----  ---------  --------  ----------  --------------  -------------------
/opt/airflow/dags/loan_doc_pipeline_dag.py                           1           0  3.39s           2025-11-07T20:21:28
================================================================================
[2025-11-07T20:22:16.169+0000] {manager.py:878} INFO - 
================================================================================
DAG File Processing Stats

File Path                                   PID    Runtime      # DAGs    # Errors  Last Runtime    Last Run
------------------------------------------  -----  ---------  --------  ----------  --------------  -------------------
/opt/airflow/dags/loan_doc_pipeline_dag.py                           1           0  4.67s           2025-11-07T20:22:03
================================================================================
[2025-11-07T20:22:46.397+0000] {manager.py:878} INFO - 
================================================================================
DAG File Processing Stats

File Path                                   PID    Runtime      # DAGs    # Errors  Last Runtime    Last Run
------------------------------------------  -----  ---------  --------  ----------  --------------  -------------------
/opt/airflow/dags/loan_doc_pipeline_dag.py                           1           0  4.17s           2025-11-07T20:22:37
================================================================================
[2025-11-07T20:22:54.445+0000] {manager.py:737} INFO - Searching for files in /opt/airflow/dags
[2025-11-07T20:22:54.450+0000] {manager.py:740} INFO - There are 1 files in /opt/airflow/dags
[2025-11-07T20:23:16.617+0000] {manager.py:878} INFO - 
================================================================================
DAG File Processing Stats

File Path                                   PID    Runtime      # DAGs    # Errors  Last Runtime    Last Run
------------------------------------------  -----  ---------  --------  ----------  --------------  -------------------
/opt/airflow/dags/loan_doc_pipeline_dag.py                           1           0  4.11s           2025-11-07T20:23:11
================================================================================
[2025-11-07T20:23:46.623+0000] {manager.py:878} INFO - 
================================================================================
DAG File Processing Stats

File Path                                   PID    Runtime      # DAGs    # Errors  Last Runtime    Last Run
------------------------------------------  -----  ---------  --------  ----------  --------------  -------------------
/opt/airflow/dags/loan_doc_pipeline_dag.py                           1           0  3.85s           2025-11-07T20:23:45
================================================================================
[2025-11-07T20:24:16.823+0000] {manager.py:878} INFO - 
================================================================================
DAG File Processing Stats

File Path                                     PID  Runtime      # DAGs    # Errors  Last Runtime    Last Run
------------------------------------------  -----  ---------  --------  ----------  --------------  -------------------
/opt/airflow/dags/loan_doc_pipeline_dag.py   1605  1.01s             1           0  3.85s           2025-11-07T20:23:45
================================================================================
[2025-11-07T20:24:46.841+0000] {manager.py:878} INFO - 
================================================================================
DAG File Processing Stats

File Path                                   PID    Runtime      # DAGs    # Errors  Last Runtime    Last Run
------------------------------------------  -----  ---------  --------  ----------  --------------  -------------------
/opt/airflow/dags/loan_doc_pipeline_dag.py                           1           0  3.85s           2025-11-07T20:24:19
================================================================================
[2025-11-07T20:25:17.598+0000] {manager.py:878} INFO - 
================================================================================
DAG File Processing Stats

File Path                                   PID    Runtime      # DAGs    # Errors  Last Runtime    Last Run
------------------------------------------  -----  ---------  --------  ----------  --------------  -------------------
/opt/airflow/dags/loan_doc_pipeline_dag.py                           1           0  4.66s           2025-11-07T20:24:54
================================================================================
[2025-11-07T20:25:47.730+0000] {manager.py:878} INFO - 
================================================================================
DAG File Processing Stats

File Path                                   PID    Runtime      # DAGs    # Errors  Last Runtime    Last Run
------------------------------------------  -----  ---------  --------  ----------  --------------  -------------------
/opt/airflow/dags/loan_doc_pipeline_dag.py                           1           0  4.83s           2025-11-07T20:25:29
================================================================================
[2025-11-07T20:26:17.758+0000] {manager.py:878} INFO - 
================================================================================
DAG File Processing Stats

File Path                                   PID    Runtime      # DAGs    # Errors  Last Runtime    Last Run
------------------------------------------  -----  ---------  --------  ----------  --------------  -------------------
/opt/airflow/dags/loan_doc_pipeline_dag.py                           1           0  3.87s           2025-11-07T20:26:03
================================================================================
[2025-11-07T20:26:48.376+0000] {manager.py:878} INFO - 
================================================================================
DAG File Processing Stats

File Path                                   PID    Runtime      # DAGs    # Errors  Last Runtime    Last Run
------------------------------------------  -----  ---------  --------  ----------  --------------  -------------------
/opt/airflow/dags/loan_doc_pipeline_dag.py                           1           0  3.68s           2025-11-07T20:26:37
================================================================================
[2025-11-07T20:27:18.731+0000] {manager.py:878} INFO - 
================================================================================
DAG File Processing Stats

File Path                                   PID    Runtime      # DAGs    # Errors  Last Runtime    Last Run
------------------------------------------  -----  ---------  --------  ----------  --------------  -------------------
/opt/airflow/dags/loan_doc_pipeline_dag.py                           1           0  3.46s           2025-11-07T20:27:11
================================================================================
[2025-11-07T20:27:48.900+0000] {manager.py:878} INFO - 
================================================================================
DAG File Processing Stats

File Path                                   PID    Runtime      # DAGs    # Errors  Last Runtime    Last Run
------------------------------------------  -----  ---------  --------  ----------  --------------  -------------------
/opt/airflow/dags/loan_doc_pipeline_dag.py                           1           0  4.02s           2025-11-07T20:27:45
================================================================================
[2025-11-07T20:27:54.935+0000] {manager.py:737} INFO - Searching for files in /opt/airflow/dags
[2025-11-07T20:27:54.940+0000] {manager.py:740} INFO - There are 1 files in /opt/airflow/dags
[2025-11-07T20:27:56.313+0000] {manager.py:452} INFO - Exiting gracefully upon receiving signal 15
[2025-11-07T20:28:18.979+0000] {manager.py:470} INFO - Processing files using up to 2 processes at a time 
[2025-11-07T20:28:18.979+0000] {manager.py:471} INFO - Process each file at most once every 30 seconds
[2025-11-07T20:28:18.980+0000] {manager.py:472} INFO - Checking for new files in /opt/airflow/dags every 300 seconds
[2025-11-07T20:28:18.980+0000] {manager.py:737} INFO - Searching for files in /opt/airflow/dags
[2025-11-07T20:28:19.000+0000] {manager.py:740} INFO - There are 1 files in /opt/airflow/dags
[2025-11-07T20:28:19.145+0000] {manager.py:878} INFO - 
================================================================================
DAG File Processing Stats

File Path                                     PID  Runtime      # DAGs    # Errors  Last Runtime    Last Run
------------------------------------------  -----  ---------  --------  ----------  --------------  ----------
/opt/airflow/dags/loan_doc_pipeline_dag.py     29  0.08s             0           0
================================================================================
[2025-11-07T20:28:49.424+0000] {manager.py:878} INFO - 
================================================================================
DAG File Processing Stats

File Path                                   PID    Runtime      # DAGs    # Errors  Last Runtime    Last Run
------------------------------------------  -----  ---------  --------  ----------  --------------  -------------------
/opt/airflow/dags/loan_doc_pipeline_dag.py                           1           0  11.57s          2025-11-07T20:28:30
================================================================================
[2025-11-07T20:29:20.055+0000] {manager.py:878} INFO - 
================================================================================
DAG File Processing Stats

File Path                                   PID    Runtime      # DAGs    # Errors  Last Runtime    Last Run
------------------------------------------  -----  ---------  --------  ----------  --------------  -------------------
/opt/airflow/dags/loan_doc_pipeline_dag.py                           1           0  5.08s           2025-11-07T20:29:05
================================================================================
[2025-11-07T20:29:50.093+0000] {manager.py:878} INFO - 
================================================================================
DAG File Processing Stats

File Path                                   PID    Runtime      # DAGs    # Errors  Last Runtime    Last Run
------------------------------------------  -----  ---------  --------  ----------  --------------  -------------------
/opt/airflow/dags/loan_doc_pipeline_dag.py                           0           1  2.77s           2025-11-07T20:29:38
================================================================================
[2025-11-07T20:30:20.624+0000] {manager.py:878} INFO - 
================================================================================
DAG File Processing Stats

File Path                                   PID    Runtime      # DAGs    # Errors  Last Runtime    Last Run
------------------------------------------  -----  ---------  --------  ----------  --------------  -------------------
/opt/airflow/dags/loan_doc_pipeline_dag.py                           0           1  2.62s           2025-11-07T20:30:11
================================================================================
[2025-11-07T20:30:45.975+0000] {manager.py:452} INFO - Exiting gracefully upon receiving signal 15
[2025-11-07T20:31:07.357+0000] {manager.py:470} INFO - Processing files using up to 2 processes at a time 
[2025-11-07T20:31:07.358+0000] {manager.py:471} INFO - Process each file at most once every 30 seconds
[2025-11-07T20:31:07.358+0000] {manager.py:472} INFO - Checking for new files in /opt/airflow/dags every 300 seconds
[2025-11-07T20:31:07.358+0000] {manager.py:737} INFO - Searching for files in /opt/airflow/dags
[2025-11-07T20:31:07.361+0000] {manager.py:740} INFO - There are 1 files in /opt/airflow/dags
[2025-11-07T20:31:07.439+0000] {manager.py:878} INFO - 
================================================================================
DAG File Processing Stats

File Path                                     PID  Runtime      # DAGs    # Errors  Last Runtime    Last Run
------------------------------------------  -----  ---------  --------  ----------  --------------  ----------
/opt/airflow/dags/loan_doc_pipeline_dag.py     29  0.04s             0           0
================================================================================
[2025-11-07T20:31:37.658+0000] {manager.py:878} INFO - 
================================================================================
DAG File Processing Stats

File Path                                   PID    Runtime      # DAGs    # Errors  Last Runtime    Last Run
------------------------------------------  -----  ---------  --------  ----------  --------------  -------------------
/opt/airflow/dags/loan_doc_pipeline_dag.py                           0           1  3.43s           2025-11-07T20:31:10
================================================================================
[2025-11-07T20:32:07.882+0000] {manager.py:878} INFO - 
================================================================================
DAG File Processing Stats

File Path                                   PID    Runtime      # DAGs    # Errors  Last Runtime    Last Run
------------------------------------------  -----  ---------  --------  ----------  --------------  -------------------
/opt/airflow/dags/loan_doc_pipeline_dag.py                           0           1  3.63s           2025-11-07T20:31:44
================================================================================
[2025-11-07T20:32:38.124+0000] {manager.py:878} INFO - 
================================================================================
DAG File Processing Stats

File Path                                   PID    Runtime      # DAGs    # Errors  Last Runtime    Last Run
------------------------------------------  -----  ---------  --------  ----------  --------------  -------------------
/opt/airflow/dags/loan_doc_pipeline_dag.py                           0           1  3.11s           2025-11-07T20:32:18
================================================================================
[2025-11-07T20:32:56.105+0000] {manager.py:452} INFO - Exiting gracefully upon receiving signal 15
[2025-11-07T20:38:34.233+0000] {manager.py:470} INFO - Processing files using up to 2 processes at a time 
[2025-11-07T20:38:34.233+0000] {manager.py:471} INFO - Process each file at most once every 30 seconds
[2025-11-07T20:38:34.234+0000] {manager.py:472} INFO - Checking for new files in /opt/airflow/dags every 300 seconds
[2025-11-07T20:38:34.234+0000] {manager.py:737} INFO - Searching for files in /opt/airflow/dags
[2025-11-07T20:38:34.238+0000] {manager.py:740} INFO - There are 1 files in /opt/airflow/dags
[2025-11-07T20:38:34.299+0000] {manager.py:878} INFO - 
================================================================================
DAG File Processing Stats

File Path                                     PID  Runtime      # DAGs    # Errors  Last Runtime    Last Run
------------------------------------------  -----  ---------  --------  ----------  --------------  ----------
/opt/airflow/dags/loan_doc_pipeline_dag.py     42  0.03s             0           0
================================================================================
[2025-11-07T20:39:04.615+0000] {manager.py:878} INFO - 
================================================================================
DAG File Processing Stats

File Path                                   PID    Runtime      # DAGs    # Errors  Last Runtime    Last Run
------------------------------------------  -----  ---------  --------  ----------  --------------  -------------------
/opt/airflow/dags/loan_doc_pipeline_dag.py                           1           0  8.67s           2025-11-07T20:38:42
================================================================================
[2025-11-07T20:39:34.619+0000] {manager.py:878} INFO - 
================================================================================
DAG File Processing Stats

File Path                                   PID    Runtime      # DAGs    # Errors  Last Runtime    Last Run
------------------------------------------  -----  ---------  --------  ----------  --------------  -------------------
/opt/airflow/dags/loan_doc_pipeline_dag.py                           1           0  4.37s           2025-11-07T20:39:17
================================================================================
[2025-11-07T20:40:04.629+0000] {manager.py:878} INFO - 
================================================================================
DAG File Processing Stats

File Path                                   PID    Runtime      # DAGs    # Errors  Last Runtime    Last Run
------------------------------------------  -----  ---------  --------  ----------  --------------  -------------------
/opt/airflow/dags/loan_doc_pipeline_dag.py                           1           0  4.88s           2025-11-07T20:39:52
================================================================================
[2025-11-07T20:40:34.793+0000] {manager.py:878} INFO - 
================================================================================
DAG File Processing Stats

File Path                                   PID    Runtime      # DAGs    # Errors  Last Runtime    Last Run
------------------------------------------  -----  ---------  --------  ----------  --------------  -------------------
/opt/airflow/dags/loan_doc_pipeline_dag.py                           1           0  3.78s           2025-11-07T20:40:26
================================================================================
[2025-11-07T20:41:04.973+0000] {manager.py:878} INFO - 
================================================================================
DAG File Processing Stats

File Path                                   PID    Runtime      # DAGs    # Errors  Last Runtime    Last Run
------------------------------------------  -----  ---------  --------  ----------  --------------  -------------------
/opt/airflow/dags/loan_doc_pipeline_dag.py                           1           0  3.70s           2025-11-07T20:41:00
================================================================================
[2025-11-07T20:41:35.178+0000] {manager.py:878} INFO - 
================================================================================
DAG File Processing Stats

File Path                                   PID    Runtime      # DAGs    # Errors  Last Runtime    Last Run
------------------------------------------  -----  ---------  --------  ----------  --------------  -------------------
/opt/airflow/dags/loan_doc_pipeline_dag.py                           1           0  3.80s           2025-11-07T20:41:34
================================================================================
[2025-11-07T20:42:05.387+0000] {manager.py:878} INFO - 
================================================================================
DAG File Processing Stats

File Path                                     PID  Runtime      # DAGs    # Errors  Last Runtime    Last Run
------------------------------------------  -----  ---------  --------  ----------  --------------  -------------------
/opt/airflow/dags/loan_doc_pipeline_dag.py    219  1.01s             1           0  3.80s           2025-11-07T20:41:34
================================================================================
[2025-11-07T20:42:35.727+0000] {manager.py:878} INFO - 
================================================================================
DAG File Processing Stats

File Path                                   PID    Runtime      # DAGs    # Errors  Last Runtime    Last Run
------------------------------------------  -----  ---------  --------  ----------  --------------  -------------------
/opt/airflow/dags/loan_doc_pipeline_dag.py                           1           0  3.64s           2025-11-07T20:42:08
================================================================================
[2025-11-07T20:43:05.998+0000] {manager.py:878} INFO - 
================================================================================
DAG File Processing Stats

File Path                                   PID    Runtime      # DAGs    # Errors  Last Runtime    Last Run
------------------------------------------  -----  ---------  --------  ----------  --------------  -------------------
/opt/airflow/dags/loan_doc_pipeline_dag.py                           1           0  4.71s           2025-11-07T20:42:42
================================================================================
[2025-11-07T20:43:34.245+0000] {manager.py:737} INFO - Searching for files in /opt/airflow/dags
[2025-11-07T20:43:34.251+0000] {manager.py:740} INFO - There are 1 files in /opt/airflow/dags
[2025-11-07T20:43:36.273+0000] {manager.py:878} INFO - 
================================================================================
DAG File Processing Stats

File Path                                   PID    Runtime      # DAGs    # Errors  Last Runtime    Last Run
------------------------------------------  -----  ---------  --------  ----------  --------------  -------------------
/opt/airflow/dags/loan_doc_pipeline_dag.py                           1           0  4.34s           2025-11-07T20:43:17
================================================================================
[2025-11-07T20:44:06.492+0000] {manager.py:878} INFO - 
================================================================================
DAG File Processing Stats

File Path                                   PID    Runtime      # DAGs    # Errors  Last Runtime    Last Run
------------------------------------------  -----  ---------  --------  ----------  --------------  -------------------
/opt/airflow/dags/loan_doc_pipeline_dag.py                           1           0  3.88s           2025-11-07T20:43:51
================================================================================
[2025-11-07T20:44:36.726+0000] {manager.py:878} INFO - 
================================================================================
DAG File Processing Stats

File Path                                   PID    Runtime      # DAGs    # Errors  Last Runtime    Last Run
------------------------------------------  -----  ---------  --------  ----------  --------------  -------------------
/opt/airflow/dags/loan_doc_pipeline_dag.py                           1           0  3.74s           2025-11-07T20:44:25
================================================================================
[2025-11-07T20:45:06.886+0000] {manager.py:878} INFO - 
================================================================================
DAG File Processing Stats

File Path                                   PID    Runtime      # DAGs    # Errors  Last Runtime    Last Run
------------------------------------------  -----  ---------  --------  ----------  --------------  -------------------
/opt/airflow/dags/loan_doc_pipeline_dag.py                           1           0  3.80s           2025-11-07T20:44:59
================================================================================
[2025-11-07T20:45:37.300+0000] {manager.py:878} INFO - 
================================================================================
DAG File Processing Stats

File Path                                   PID    Runtime      # DAGs    # Errors  Last Runtime    Last Run
------------------------------------------  -----  ---------  --------  ----------  --------------  -------------------
/opt/airflow/dags/loan_doc_pipeline_dag.py                           1           0  6.78s           2025-11-07T20:45:36
================================================================================
[2025-11-07T20:46:07.482+0000] {manager.py:878} INFO - 
================================================================================
DAG File Processing Stats

File Path                                     PID  Runtime      # DAGs    # Errors  Last Runtime    Last Run
------------------------------------------  -----  ---------  --------  ----------  --------------  -------------------
/opt/airflow/dags/loan_doc_pipeline_dag.py    400  1.01s             1           0  6.78s           2025-11-07T20:45:36
================================================================================
[2025-11-07T20:46:37.532+0000] {manager.py:878} INFO - 
================================================================================
DAG File Processing Stats

File Path                                   PID    Runtime      # DAGs    # Errors  Last Runtime    Last Run
------------------------------------------  -----  ---------  --------  ----------  --------------  -------------------
/opt/airflow/dags/loan_doc_pipeline_dag.py                           1           0  3.68s           2025-11-07T20:46:10
================================================================================
[2025-11-07T20:47:07.773+0000] {manager.py:878} INFO - 
================================================================================
DAG File Processing Stats

File Path                                   PID    Runtime      # DAGs    # Errors  Last Runtime    Last Run
------------------------------------------  -----  ---------  --------  ----------  --------------  -------------------
/opt/airflow/dags/loan_doc_pipeline_dag.py                           1           0  5.16s           2025-11-07T20:46:45
================================================================================
[2025-11-07T20:47:38.025+0000] {manager.py:878} INFO - 
================================================================================
DAG File Processing Stats

File Path                                   PID    Runtime      # DAGs    # Errors  Last Runtime    Last Run
------------------------------------------  -----  ---------  --------  ----------  --------------  -------------------
/opt/airflow/dags/loan_doc_pipeline_dag.py                           1           0  3.73s           2025-11-07T20:47:19
================================================================================
[2025-11-07T20:48:08.202+0000] {manager.py:878} INFO - 
================================================================================
DAG File Processing Stats

File Path                                   PID    Runtime      # DAGs    # Errors  Last Runtime    Last Run
------------------------------------------  -----  ---------  --------  ----------  --------------  -------------------
/opt/airflow/dags/loan_doc_pipeline_dag.py                           1           0  4.48s           2025-11-07T20:47:54
================================================================================
[2025-11-07T20:48:34.545+0000] {manager.py:737} INFO - Searching for files in /opt/airflow/dags
[2025-11-07T20:48:34.550+0000] {manager.py:740} INFO - There are 1 files in /opt/airflow/dags
[2025-11-07T20:48:38.581+0000] {manager.py:878} INFO - 
================================================================================
DAG File Processing Stats

File Path                                   PID    Runtime      # DAGs    # Errors  Last Runtime    Last Run
------------------------------------------  -----  ---------  --------  ----------  --------------  -------------------
/opt/airflow/dags/loan_doc_pipeline_dag.py                           1           0  5.32s           2025-11-07T20:48:29
================================================================================
[2025-11-07T20:49:08.863+0000] {manager.py:878} INFO - 
================================================================================
DAG File Processing Stats

File Path                                   PID    Runtime      # DAGs    # Errors  Last Runtime    Last Run
------------------------------------------  -----  ---------  --------  ----------  --------------  -------------------
/opt/airflow/dags/loan_doc_pipeline_dag.py                           1           0  4.32s           2025-11-07T20:49:04
================================================================================
[2025-11-07T20:49:39.084+0000] {manager.py:878} INFO - 
================================================================================
DAG File Processing Stats

File Path                                     PID  Runtime      # DAGs    # Errors  Last Runtime    Last Run
------------------------------------------  -----  ---------  --------  ----------  --------------  -------------------
/opt/airflow/dags/loan_doc_pipeline_dag.py    534  4.83s             1           0  4.32s           2025-11-07T20:49:04
================================================================================
[2025-11-07T20:50:09.160+0000] {manager.py:878} INFO - 
================================================================================
DAG File Processing Stats

File Path                                   PID    Runtime      # DAGs    # Errors  Last Runtime    Last Run
------------------------------------------  -----  ---------  --------  ----------  --------------  -------------------
/opt/airflow/dags/loan_doc_pipeline_dag.py                           1           0  5.50s           2025-11-07T20:49:39
================================================================================
[2025-11-07T20:50:39.701+0000] {manager.py:878} INFO - 
================================================================================
DAG File Processing Stats

File Path                                   PID    Runtime      # DAGs    # Errors  Last Runtime    Last Run
------------------------------------------  -----  ---------  --------  ----------  --------------  -------------------
/opt/airflow/dags/loan_doc_pipeline_dag.py                           1           0  5.42s           2025-11-07T20:50:15
================================================================================
[2025-11-07T20:51:10.072+0000] {manager.py:878} INFO - 
================================================================================
DAG File Processing Stats

File Path                                   PID    Runtime      # DAGs    # Errors  Last Runtime    Last Run
------------------------------------------  -----  ---------  --------  ----------  --------------  -------------------
/opt/airflow/dags/loan_doc_pipeline_dag.py                           1           0  5.23s           2025-11-07T20:50:50
================================================================================
[2025-11-07T20:51:40.290+0000] {manager.py:878} INFO - 
================================================================================
DAG File Processing Stats

File Path                                   PID    Runtime      # DAGs    # Errors  Last Runtime    Last Run
------------------------------------------  -----  ---------  --------  ----------  --------------  -------------------
/opt/airflow/dags/loan_doc_pipeline_dag.py                           1           0  4.52s           2025-11-07T20:51:25
================================================================================
[2025-11-07T20:52:11.003+0000] {manager.py:878} INFO - 
================================================================================
DAG File Processing Stats

File Path                                   PID    Runtime      # DAGs    # Errors  Last Runtime    Last Run
------------------------------------------  -----  ---------  --------  ----------  --------------  -------------------
/opt/airflow/dags/loan_doc_pipeline_dag.py                           1           0  6.30s           2025-11-07T20:52:02
================================================================================
[2025-11-07T20:52:41.197+0000] {manager.py:878} INFO - 
================================================================================
DAG File Processing Stats

File Path                                   PID    Runtime      # DAGs    # Errors  Last Runtime    Last Run
------------------------------------------  -----  ---------  --------  ----------  --------------  -------------------
/opt/airflow/dags/loan_doc_pipeline_dag.py                           1           0  6.06s           2025-11-07T20:52:38
================================================================================
[2025-11-07T20:52:58.487+0000] {manager.py:452} INFO - Exiting gracefully upon receiving signal 15
[2025-11-07T21:00:02.461+0000] {manager.py:470} INFO - Processing files using up to 2 processes at a time 
[2025-11-07T21:00:02.461+0000] {manager.py:471} INFO - Process each file at most once every 30 seconds
[2025-11-07T21:00:02.462+0000] {manager.py:472} INFO - Checking for new files in /opt/airflow/dags every 300 seconds
[2025-11-07T21:00:02.462+0000] {manager.py:737} INFO - Searching for files in /opt/airflow/dags
[2025-11-07T21:00:02.466+0000] {manager.py:740} INFO - There are 1 files in /opt/airflow/dags
[2025-11-07T21:00:02.580+0000] {manager.py:878} INFO - 
================================================================================
DAG File Processing Stats

File Path                                     PID  Runtime      # DAGs    # Errors  Last Runtime    Last Run
------------------------------------------  -----  ---------  --------  ----------  --------------  ----------
/opt/airflow/dags/loan_doc_pipeline_dag.py     35  0.06s             0           0
================================================================================
[2025-11-07T21:00:32.768+0000] {manager.py:878} INFO - 
================================================================================
DAG File Processing Stats

File Path                                   PID    Runtime      # DAGs    # Errors  Last Runtime    Last Run
------------------------------------------  -----  ---------  --------  ----------  --------------  -------------------
/opt/airflow/dags/loan_doc_pipeline_dag.py                           1           0  9.72s           2025-11-07T21:00:12
================================================================================
[2025-11-07T21:01:02.983+0000] {manager.py:878} INFO - 
================================================================================
DAG File Processing Stats

File Path                                   PID    Runtime      # DAGs    # Errors  Last Runtime    Last Run
------------------------------------------  -----  ---------  --------  ----------  --------------  -------------------
/opt/airflow/dags/loan_doc_pipeline_dag.py                           1           0  4.70s           2025-11-07T21:00:47
================================================================================
[2025-11-07T21:01:33.163+0000] {manager.py:878} INFO - 
================================================================================
DAG File Processing Stats

File Path                                   PID    Runtime      # DAGs    # Errors  Last Runtime    Last Run
------------------------------------------  -----  ---------  --------  ----------  --------------  -------------------
/opt/airflow/dags/loan_doc_pipeline_dag.py                           1           0  3.67s           2025-11-07T21:01:21
================================================================================
[2025-11-07T21:02:03.713+0000] {manager.py:878} INFO - 
================================================================================
DAG File Processing Stats

File Path                                   PID    Runtime      # DAGs    # Errors  Last Runtime    Last Run
------------------------------------------  -----  ---------  --------  ----------  --------------  -------------------
/opt/airflow/dags/loan_doc_pipeline_dag.py                           1           0  3.46s           2025-11-07T21:01:54
================================================================================
[2025-11-07T21:02:34.098+0000] {manager.py:878} INFO - 
================================================================================
DAG File Processing Stats

File Path                                   PID    Runtime      # DAGs    # Errors  Last Runtime    Last Run
------------------------------------------  -----  ---------  --------  ----------  --------------  -------------------
/opt/airflow/dags/loan_doc_pipeline_dag.py                           1           0  3.72s           2025-11-07T21:02:28
================================================================================
[2025-11-07T21:03:04.367+0000] {manager.py:878} INFO - 
================================================================================
DAG File Processing Stats

File Path                                   PID    Runtime      # DAGs    # Errors  Last Runtime    Last Run
------------------------------------------  -----  ---------  --------  ----------  --------------  -------------------
/opt/airflow/dags/loan_doc_pipeline_dag.py                           1           0  3.89s           2025-11-07T21:03:02
================================================================================
[2025-11-07T21:03:34.623+0000] {manager.py:878} INFO - 
================================================================================
DAG File Processing Stats

File Path                                     PID  Runtime      # DAGs    # Errors  Last Runtime    Last Run
------------------------------------------  -----  ---------  --------  ----------  --------------  -------------------
/opt/airflow/dags/loan_doc_pipeline_dag.py    270  1.61s             1           0  3.89s           2025-11-07T21:03:02
================================================================================
[2025-11-07T21:04:04.924+0000] {manager.py:878} INFO - 
================================================================================
DAG File Processing Stats

File Path                                   PID    Runtime      # DAGs    # Errors  Last Runtime    Last Run
------------------------------------------  -----  ---------  --------  ----------  --------------  -------------------
/opt/airflow/dags/loan_doc_pipeline_dag.py                           1           0  4.01s           2025-11-07T21:03:37
================================================================================
[2025-11-07T21:04:35.579+0000] {manager.py:878} INFO - 
================================================================================
DAG File Processing Stats

File Path                                   PID    Runtime      # DAGs    # Errors  Last Runtime    Last Run
------------------------------------------  -----  ---------  --------  ----------  --------------  -------------------
/opt/airflow/dags/loan_doc_pipeline_dag.py                           1           0  5.29s           2025-11-07T21:04:12
================================================================================
[2025-11-07T21:05:03.029+0000] {manager.py:737} INFO - Searching for files in /opt/airflow/dags
[2025-11-07T21:05:03.042+0000] {manager.py:740} INFO - There are 1 files in /opt/airflow/dags
[2025-11-07T21:05:06.092+0000] {manager.py:878} INFO - 
================================================================================
DAG File Processing Stats

File Path                                   PID    Runtime      # DAGs    # Errors  Last Runtime    Last Run
------------------------------------------  -----  ---------  --------  ----------  --------------  -------------------
/opt/airflow/dags/loan_doc_pipeline_dag.py                           1           0  3.66s           2025-11-07T21:04:46
================================================================================
[2025-11-07T21:05:36.394+0000] {manager.py:878} INFO - 
================================================================================
DAG File Processing Stats

File Path                                   PID    Runtime      # DAGs    # Errors  Last Runtime    Last Run
------------------------------------------  -----  ---------  --------  ----------  --------------  -------------------
/opt/airflow/dags/loan_doc_pipeline_dag.py                           1           0  3.81s           2025-11-07T21:05:20
================================================================================
[2025-11-07T21:06:06.881+0000] {manager.py:878} INFO - 
================================================================================
DAG File Processing Stats

File Path                                   PID    Runtime      # DAGs    # Errors  Last Runtime    Last Run
------------------------------------------  -----  ---------  --------  ----------  --------------  -------------------
/opt/airflow/dags/loan_doc_pipeline_dag.py                           1           0  4.35s           2025-11-07T21:05:54
================================================================================
[2025-11-07T21:06:37.211+0000] {manager.py:878} INFO - 
================================================================================
DAG File Processing Stats

File Path                                   PID    Runtime      # DAGs    # Errors  Last Runtime    Last Run
------------------------------------------  -----  ---------  --------  ----------  --------------  -------------------
/opt/airflow/dags/loan_doc_pipeline_dag.py                           1           0  4.58s           2025-11-07T21:06:29
================================================================================
[2025-11-07T21:07:07.446+0000] {manager.py:878} INFO - 
================================================================================
DAG File Processing Stats

File Path                                   PID    Runtime      # DAGs    # Errors  Last Runtime    Last Run
------------------------------------------  -----  ---------  --------  ----------  --------------  -------------------
/opt/airflow/dags/loan_doc_pipeline_dag.py                           1           0  3.73s           2025-11-07T21:07:03
================================================================================
[2025-11-07T21:07:37.944+0000] {manager.py:878} INFO - 
================================================================================
DAG File Processing Stats

File Path                                   PID    Runtime      # DAGs    # Errors  Last Runtime    Last Run
------------------------------------------  -----  ---------  --------  ----------  --------------  -------------------
/opt/airflow/dags/loan_doc_pipeline_dag.py                           1           0  3.39s           2025-11-07T21:07:37
================================================================================
[2025-11-07T21:08:08.210+0000] {manager.py:878} INFO - 
================================================================================
DAG File Processing Stats

File Path                                     PID  Runtime      # DAGs    # Errors  Last Runtime    Last Run
------------------------------------------  -----  ---------  --------  ----------  --------------  -------------------
/opt/airflow/dags/loan_doc_pipeline_dag.py    490  0.63s             1           0  3.39s           2025-11-07T21:07:37
================================================================================
[2025-11-07T21:08:38.427+0000] {manager.py:878} INFO - 
================================================================================
DAG File Processing Stats

File Path                                   PID    Runtime      # DAGs    # Errors  Last Runtime    Last Run
------------------------------------------  -----  ---------  --------  ----------  --------------  -------------------
/opt/airflow/dags/loan_doc_pipeline_dag.py                           1           0  3.59s           2025-11-07T21:08:11
================================================================================
[2025-11-07T21:09:08.708+0000] {manager.py:878} INFO - 
================================================================================
DAG File Processing Stats

File Path                                   PID    Runtime      # DAGs    # Errors  Last Runtime    Last Run
------------------------------------------  -----  ---------  --------  ----------  --------------  -------------------
/opt/airflow/dags/loan_doc_pipeline_dag.py                           1           0  4.32s           2025-11-07T21:08:45
================================================================================
[2025-11-07T21:09:39.220+0000] {manager.py:878} INFO - 
================================================================================
DAG File Processing Stats

File Path                                   PID    Runtime      # DAGs    # Errors  Last Runtime    Last Run
------------------------------------------  -----  ---------  --------  ----------  --------------  -------------------
/opt/airflow/dags/loan_doc_pipeline_dag.py                           1           0  3.65s           2025-11-07T21:09:19
================================================================================
[2025-11-07T21:10:03.226+0000] {manager.py:737} INFO - Searching for files in /opt/airflow/dags
[2025-11-07T21:10:03.251+0000] {manager.py:740} INFO - There are 1 files in /opt/airflow/dags
[2025-11-07T21:10:09.312+0000] {manager.py:878} INFO - 
================================================================================
DAG File Processing Stats

File Path                                   PID    Runtime      # DAGs    # Errors  Last Runtime    Last Run
------------------------------------------  -----  ---------  --------  ----------  --------------  -------------------
/opt/airflow/dags/loan_doc_pipeline_dag.py                           1           0  3.44s           2025-11-07T21:09:53
================================================================================
[2025-11-07T21:10:39.545+0000] {manager.py:878} INFO - 
================================================================================
DAG File Processing Stats

File Path                                   PID    Runtime      # DAGs    # Errors  Last Runtime    Last Run
------------------------------------------  -----  ---------  --------  ----------  --------------  -------------------
/opt/airflow/dags/loan_doc_pipeline_dag.py                           1           0  4.02s           2025-11-07T21:10:27
================================================================================
[2025-11-07T21:11:09.749+0000] {manager.py:878} INFO - 
================================================================================
DAG File Processing Stats

File Path                                   PID    Runtime      # DAGs    # Errors  Last Runtime    Last Run
------------------------------------------  -----  ---------  --------  ----------  --------------  -------------------
/opt/airflow/dags/loan_doc_pipeline_dag.py                           1           0  4.08s           2025-11-07T21:11:01
================================================================================
[2025-11-07T21:11:40.056+0000] {manager.py:878} INFO - 
================================================================================
DAG File Processing Stats

File Path                                   PID    Runtime      # DAGs    # Errors  Last Runtime    Last Run
------------------------------------------  -----  ---------  --------  ----------  --------------  -------------------
/opt/airflow/dags/loan_doc_pipeline_dag.py                           1           0  3.50s           2025-11-07T21:11:35
================================================================================
[2025-11-07T21:12:10.298+0000] {manager.py:878} INFO - 
================================================================================
DAG File Processing Stats

File Path                                   PID    Runtime      # DAGs    # Errors  Last Runtime    Last Run
------------------------------------------  -----  ---------  --------  ----------  --------------  -------------------
/opt/airflow/dags/loan_doc_pipeline_dag.py                           1           0  3.67s           2025-11-07T21:12:09
================================================================================
[2025-11-07T21:12:40.524+0000] {manager.py:878} INFO - 
================================================================================
DAG File Processing Stats

File Path                                     PID  Runtime      # DAGs    # Errors  Last Runtime    Last Run
------------------------------------------  -----  ---------  --------  ----------  --------------  -------------------
/opt/airflow/dags/loan_doc_pipeline_dag.py    648  1.02s             1           0  3.67s           2025-11-07T21:12:09
================================================================================
[2025-11-07T21:13:10.540+0000] {manager.py:878} INFO - 
================================================================================
DAG File Processing Stats

File Path                                   PID    Runtime      # DAGs    # Errors  Last Runtime    Last Run
------------------------------------------  -----  ---------  --------  ----------  --------------  -------------------
/opt/airflow/dags/loan_doc_pipeline_dag.py                           1           0  3.82s           2025-11-07T21:12:43
================================================================================
[2025-11-07T21:13:41.209+0000] {manager.py:878} INFO - 
================================================================================
DAG File Processing Stats

File Path                                   PID    Runtime      # DAGs    # Errors  Last Runtime    Last Run
------------------------------------------  -----  ---------  --------  ----------  --------------  -------------------
/opt/airflow/dags/loan_doc_pipeline_dag.py                           1           0  4.63s           2025-11-07T21:13:18
================================================================================
[2025-11-07T21:14:11.274+0000] {manager.py:878} INFO - 
================================================================================
DAG File Processing Stats

File Path                                   PID    Runtime      # DAGs    # Errors  Last Runtime    Last Run
------------------------------------------  -----  ---------  --------  ----------  --------------  -------------------
/opt/airflow/dags/loan_doc_pipeline_dag.py                           1           0  4.83s           2025-11-07T21:13:53
================================================================================
[2025-11-07T21:14:41.900+0000] {manager.py:878} INFO - 
================================================================================
DAG File Processing Stats

File Path                                   PID    Runtime      # DAGs    # Errors  Last Runtime    Last Run
------------------------------------------  -----  ---------  --------  ----------  --------------  -------------------
/opt/airflow/dags/loan_doc_pipeline_dag.py                           1           0  3.56s           2025-11-07T21:14:26
================================================================================
[2025-11-07T21:15:03.233+0000] {manager.py:737} INFO - Searching for files in /opt/airflow/dags
[2025-11-07T21:15:03.242+0000] {manager.py:740} INFO - There are 1 files in /opt/airflow/dags
[2025-11-07T21:15:12.344+0000] {manager.py:878} INFO - 
================================================================================
DAG File Processing Stats

File Path                                   PID    Runtime      # DAGs    # Errors  Last Runtime    Last Run
------------------------------------------  -----  ---------  --------  ----------  --------------  -------------------
/opt/airflow/dags/loan_doc_pipeline_dag.py                           1           0  3.72s           2025-11-07T21:15:00
================================================================================
[2025-11-07T21:15:42.476+0000] {manager.py:878} INFO - 
================================================================================
DAG File Processing Stats

File Path                                   PID    Runtime      # DAGs    # Errors  Last Runtime    Last Run
------------------------------------------  -----  ---------  --------  ----------  --------------  -------------------
/opt/airflow/dags/loan_doc_pipeline_dag.py                           1           0  3.38s           2025-11-07T21:15:34
================================================================================
[2025-11-07T21:16:12.565+0000] {manager.py:878} INFO - 
================================================================================
DAG File Processing Stats

File Path                                   PID    Runtime      # DAGs    # Errors  Last Runtime    Last Run
------------------------------------------  -----  ---------  --------  ----------  --------------  -------------------
/opt/airflow/dags/loan_doc_pipeline_dag.py                           1           0  4.86s           2025-11-07T21:16:09
================================================================================
[2025-11-07T21:16:42.847+0000] {manager.py:878} INFO - 
================================================================================
DAG File Processing Stats

File Path                                     PID  Runtime      # DAGs    # Errors  Last Runtime    Last Run
------------------------------------------  -----  ---------  --------  ----------  --------------  -------------------
/opt/airflow/dags/loan_doc_pipeline_dag.py    849  3.03s             1           0  4.86s           2025-11-07T21:16:09
================================================================================
[2025-11-07T21:17:13.044+0000] {manager.py:878} INFO - 
================================================================================
DAG File Processing Stats

File Path                                   PID    Runtime      # DAGs    # Errors  Last Runtime    Last Run
------------------------------------------  -----  ---------  --------  ----------  --------------  -------------------
/opt/airflow/dags/loan_doc_pipeline_dag.py                           1           0  3.95s           2025-11-07T21:16:43
================================================================================
[2025-11-07T21:17:43.426+0000] {manager.py:878} INFO - 
================================================================================
DAG File Processing Stats

File Path                                   PID    Runtime      # DAGs    # Errors  Last Runtime    Last Run
------------------------------------------  -----  ---------  --------  ----------  --------------  -------------------
/opt/airflow/dags/loan_doc_pipeline_dag.py                           1           0  3.54s           2025-11-07T21:17:17
================================================================================
[2025-11-07T21:18:13.677+0000] {manager.py:878} INFO - 
================================================================================
DAG File Processing Stats

File Path                                   PID    Runtime      # DAGs    # Errors  Last Runtime    Last Run
------------------------------------------  -----  ---------  --------  ----------  --------------  -------------------
/opt/airflow/dags/loan_doc_pipeline_dag.py                           1           0  3.75s           2025-11-07T21:17:51
================================================================================
[2025-11-07T21:18:43.997+0000] {manager.py:878} INFO - 
================================================================================
DAG File Processing Stats

File Path                                   PID    Runtime      # DAGs    # Errors  Last Runtime    Last Run
------------------------------------------  -----  ---------  --------  ----------  --------------  -------------------
/opt/airflow/dags/loan_doc_pipeline_dag.py                           1           0  4.25s           2025-11-07T21:18:26
================================================================================
[2025-11-07T21:19:14.462+0000] {manager.py:878} INFO - 
================================================================================
DAG File Processing Stats

File Path                                   PID    Runtime      # DAGs    # Errors  Last Runtime    Last Run
------------------------------------------  -----  ---------  --------  ----------  --------------  -------------------
/opt/airflow/dags/loan_doc_pipeline_dag.py                           1           0  5.88s           2025-11-07T21:19:02
================================================================================
[2025-11-07T21:19:44.863+0000] {manager.py:878} INFO - 
================================================================================
DAG File Processing Stats

File Path                                   PID    Runtime      # DAGs    # Errors  Last Runtime    Last Run
------------------------------------------  -----  ---------  --------  ----------  --------------  -------------------
/opt/airflow/dags/loan_doc_pipeline_dag.py                           1           0  4.27s           2025-11-07T21:19:36
================================================================================
[2025-11-07T21:20:04.084+0000] {manager.py:737} INFO - Searching for files in /opt/airflow/dags
[2025-11-07T21:20:04.095+0000] {manager.py:740} INFO - There are 1 files in /opt/airflow/dags
[2025-11-07T21:20:15.263+0000] {manager.py:878} INFO - 
================================================================================
DAG File Processing Stats

File Path                                   PID    Runtime      # DAGs    # Errors  Last Runtime    Last Run
------------------------------------------  -----  ---------  --------  ----------  --------------  -------------------
/opt/airflow/dags/loan_doc_pipeline_dag.py                           1           0  4.42s           2025-11-07T21:20:11
================================================================================
[2025-11-07T21:20:45.476+0000] {manager.py:878} INFO - 
================================================================================
DAG File Processing Stats

File Path                                     PID  Runtime      # DAGs    # Errors  Last Runtime    Last Run
------------------------------------------  -----  ---------  --------  ----------  --------------  -------------------
/opt/airflow/dags/loan_doc_pipeline_dag.py   1056  3.69s             1           0  4.42s           2025-11-07T21:20:11
================================================================================
[2025-11-07T21:21:15.827+0000] {manager.py:878} INFO - 
================================================================================
DAG File Processing Stats

File Path                                     PID  Runtime      # DAGs    # Errors  Last Runtime    Last Run
------------------------------------------  -----  ---------  --------  ----------  --------------  -------------------
/opt/airflow/dags/loan_doc_pipeline_dag.py   1119  0.01s             1           0  3.76s           2025-11-07T21:20:45
================================================================================
[2025-11-07T21:21:45.933+0000] {manager.py:878} INFO - 
================================================================================
DAG File Processing Stats

File Path                                   PID    Runtime      # DAGs    # Errors  Last Runtime    Last Run
------------------------------------------  -----  ---------  --------  ----------  --------------  -------------------
/opt/airflow/dags/loan_doc_pipeline_dag.py                           1           0  4.87s           2025-11-07T21:21:20
================================================================================
[2025-11-07T21:22:16.372+0000] {manager.py:878} INFO - 
================================================================================
DAG File Processing Stats

File Path                                   PID    Runtime      # DAGs    # Errors  Last Runtime    Last Run
------------------------------------------  -----  ---------  --------  ----------  --------------  -------------------
/opt/airflow/dags/loan_doc_pipeline_dag.py                           1           0  3.73s           2025-11-07T21:21:54
================================================================================
[2025-11-07T21:22:46.632+0000] {manager.py:878} INFO - 
================================================================================
DAG File Processing Stats

File Path                                   PID    Runtime      # DAGs    # Errors  Last Runtime    Last Run
------------------------------------------  -----  ---------  --------  ----------  --------------  -------------------
/opt/airflow/dags/loan_doc_pipeline_dag.py                           1           0  4.44s           2025-11-07T21:22:29
================================================================================
[2025-11-07T21:23:16.936+0000] {manager.py:878} INFO - 
================================================================================
DAG File Processing Stats

File Path                                   PID    Runtime      # DAGs    # Errors  Last Runtime    Last Run
------------------------------------------  -----  ---------  --------  ----------  --------------  -------------------
/opt/airflow/dags/loan_doc_pipeline_dag.py                           1           0  3.44s           2025-11-07T21:23:03
================================================================================
[2025-11-07T21:23:47.183+0000] {manager.py:878} INFO - 
================================================================================
DAG File Processing Stats

File Path                                   PID    Runtime      # DAGs    # Errors  Last Runtime    Last Run
------------------------------------------  -----  ---------  --------  ----------  --------------  -------------------
/opt/airflow/dags/loan_doc_pipeline_dag.py                           1           0  3.78s           2025-11-07T21:23:37
================================================================================
[2025-11-07T21:24:17.528+0000] {manager.py:878} INFO - 
================================================================================
DAG File Processing Stats

File Path                                   PID    Runtime      # DAGs    # Errors  Last Runtime    Last Run
------------------------------------------  -----  ---------  --------  ----------  --------------  -------------------
/opt/airflow/dags/loan_doc_pipeline_dag.py                           1           0  4.16s           2025-11-07T21:24:11
================================================================================
[2025-11-07T21:24:47.791+0000] {manager.py:878} INFO - 
================================================================================
DAG File Processing Stats

File Path                                   PID    Runtime      # DAGs    # Errors  Last Runtime    Last Run
------------------------------------------  -----  ---------  --------  ----------  --------------  -------------------
/opt/airflow/dags/loan_doc_pipeline_dag.py                           1           0  4.27s           2025-11-07T21:24:46
================================================================================
[2025-11-07T21:25:04.143+0000] {manager.py:737} INFO - Searching for files in /opt/airflow/dags
[2025-11-07T21:25:04.159+0000] {manager.py:740} INFO - There are 1 files in /opt/airflow/dags
[2025-11-07T21:25:18.159+0000] {manager.py:878} INFO - 
================================================================================
DAG File Processing Stats

File Path                                     PID  Runtime      # DAGs    # Errors  Last Runtime    Last Run
------------------------------------------  -----  ---------  --------  ----------  --------------  -------------------
/opt/airflow/dags/loan_doc_pipeline_dag.py   1270  2.02s             1           0  4.27s           2025-11-07T21:24:46
================================================================================
[2025-11-07T21:25:48.577+0000] {manager.py:878} INFO - 
================================================================================
DAG File Processing Stats

File Path                                   PID    Runtime      # DAGs    # Errors  Last Runtime    Last Run
------------------------------------------  -----  ---------  --------  ----------  --------------  -------------------
/opt/airflow/dags/loan_doc_pipeline_dag.py                           1           0  3.74s           2025-11-07T21:25:19
================================================================================
[2025-11-07T21:26:18.832+0000] {manager.py:878} INFO - 
================================================================================
DAG File Processing Stats

File Path                                   PID    Runtime      # DAGs    # Errors  Last Runtime    Last Run
------------------------------------------  -----  ---------  --------  ----------  --------------  -------------------
/opt/airflow/dags/loan_doc_pipeline_dag.py                           1           0  3.93s           2025-11-07T21:25:54
================================================================================
[2025-11-07T21:26:49.543+0000] {manager.py:878} INFO - 
================================================================================
DAG File Processing Stats

File Path                                   PID    Runtime      # DAGs    # Errors  Last Runtime    Last Run
------------------------------------------  -----  ---------  --------  ----------  --------------  -------------------
/opt/airflow/dags/loan_doc_pipeline_dag.py                           1           0  4.06s           2025-11-07T21:26:28
================================================================================
[2025-11-07T21:27:19.842+0000] {manager.py:878} INFO - 
================================================================================
DAG File Processing Stats

File Path                                   PID    Runtime      # DAGs    # Errors  Last Runtime    Last Run
------------------------------------------  -----  ---------  --------  ----------  --------------  -------------------
/opt/airflow/dags/loan_doc_pipeline_dag.py                           1           0  3.69s           2025-11-07T21:27:02
================================================================================
[2025-11-07T21:27:50.096+0000] {manager.py:878} INFO - 
================================================================================
DAG File Processing Stats

File Path                                   PID    Runtime      # DAGs    # Errors  Last Runtime    Last Run
------------------------------------------  -----  ---------  --------  ----------  --------------  -------------------
/opt/airflow/dags/loan_doc_pipeline_dag.py                           1           0  3.57s           2025-11-07T21:27:36
================================================================================
[2025-11-07T21:28:20.620+0000] {manager.py:878} INFO - 
================================================================================
DAG File Processing Stats

File Path                                   PID    Runtime      # DAGs    # Errors  Last Runtime    Last Run
------------------------------------------  -----  ---------  --------  ----------  --------------  -------------------
/opt/airflow/dags/loan_doc_pipeline_dag.py                           1           0  4.32s           2025-11-07T21:28:10
================================================================================
[2025-11-07T21:28:50.868+0000] {manager.py:878} INFO - 
================================================================================
DAG File Processing Stats

File Path                                   PID    Runtime      # DAGs    # Errors  Last Runtime    Last Run
------------------------------------------  -----  ---------  --------  ----------  --------------  -------------------
/opt/airflow/dags/loan_doc_pipeline_dag.py                           1           0  4.32s           2025-11-07T21:28:45
================================================================================
[2025-11-07T21:29:20.992+0000] {manager.py:878} INFO - 
================================================================================
DAG File Processing Stats

File Path                                   PID    Runtime      # DAGs    # Errors  Last Runtime    Last Run
------------------------------------------  -----  ---------  --------  ----------  --------------  -------------------
/opt/airflow/dags/loan_doc_pipeline_dag.py                           1           0  3.66s           2025-11-07T21:29:18
================================================================================
[2025-11-07T21:29:51.284+0000] {manager.py:878} INFO - 
================================================================================
DAG File Processing Stats

File Path                                     PID  Runtime      # DAGs    # Errors  Last Runtime    Last Run
------------------------------------------  -----  ---------  --------  ----------  --------------  -------------------
/opt/airflow/dags/loan_doc_pipeline_dag.py   1436  2.02s             1           0  3.66s           2025-11-07T21:29:18
================================================================================
[2025-11-07T21:30:04.187+0000] {manager.py:737} INFO - Searching for files in /opt/airflow/dags
[2025-11-07T21:30:04.196+0000] {manager.py:740} INFO - There are 1 files in /opt/airflow/dags
[2025-11-07T21:30:21.345+0000] {manager.py:878} INFO - 
================================================================================
DAG File Processing Stats

File Path                                   PID    Runtime      # DAGs    # Errors  Last Runtime    Last Run
------------------------------------------  -----  ---------  --------  ----------  --------------  -------------------
/opt/airflow/dags/loan_doc_pipeline_dag.py                           1           0  3.73s           2025-11-07T21:29:52
================================================================================
[2025-11-07T21:30:51.703+0000] {manager.py:878} INFO - 
================================================================================
DAG File Processing Stats

File Path                                   PID    Runtime      # DAGs    # Errors  Last Runtime    Last Run
------------------------------------------  -----  ---------  --------  ----------  --------------  -------------------
/opt/airflow/dags/loan_doc_pipeline_dag.py                           1           0  4.45s           2025-11-07T21:30:27
================================================================================
[2025-11-07T21:31:21.984+0000] {manager.py:878} INFO - 
================================================================================
DAG File Processing Stats

File Path                                   PID    Runtime      # DAGs    # Errors  Last Runtime    Last Run
------------------------------------------  -----  ---------  --------  ----------  --------------  -------------------
/opt/airflow/dags/loan_doc_pipeline_dag.py                           1           0  4.00s           2025-11-07T21:31:01
================================================================================
[2025-11-07T21:31:52.032+0000] {manager.py:878} INFO - 
================================================================================
DAG File Processing Stats

File Path                                   PID    Runtime      # DAGs    # Errors  Last Runtime    Last Run
------------------------------------------  -----  ---------  --------  ----------  --------------  -------------------
/opt/airflow/dags/loan_doc_pipeline_dag.py                           1           0  3.79s           2025-11-07T21:31:35
================================================================================
[2025-11-07T21:32:22.521+0000] {manager.py:878} INFO - 
================================================================================
DAG File Processing Stats

File Path                                   PID    Runtime      # DAGs    # Errors  Last Runtime    Last Run
------------------------------------------  -----  ---------  --------  ----------  --------------  -------------------
/opt/airflow/dags/loan_doc_pipeline_dag.py                           1           0  4.40s           2025-11-07T21:32:10
================================================================================
[2025-11-07T21:32:52.847+0000] {manager.py:878} INFO - 
================================================================================
DAG File Processing Stats

File Path                                   PID    Runtime      # DAGs    # Errors  Last Runtime    Last Run
------------------------------------------  -----  ---------  --------  ----------  --------------  -------------------
/opt/airflow/dags/loan_doc_pipeline_dag.py                           1           0  4.12s           2025-11-07T21:32:44
================================================================================
[2025-11-07T21:33:23.109+0000] {manager.py:878} INFO - 
================================================================================
DAG File Processing Stats

File Path                                   PID    Runtime      # DAGs    # Errors  Last Runtime    Last Run
------------------------------------------  -----  ---------  --------  ----------  --------------  -------------------
/opt/airflow/dags/loan_doc_pipeline_dag.py                           1           0  4.00s           2025-11-07T21:33:19
================================================================================
[2025-11-07T21:33:53.352+0000] {manager.py:878} INFO - 
================================================================================
DAG File Processing Stats

File Path                                   PID    Runtime      # DAGs    # Errors  Last Runtime    Last Run
------------------------------------------  -----  ---------  --------  ----------  --------------  -------------------
/opt/airflow/dags/loan_doc_pipeline_dag.py                           1           0  3.72s           2025-11-07T21:33:53
================================================================================
[2025-11-07T21:34:23.389+0000] {manager.py:878} INFO - 
================================================================================
DAG File Processing Stats

File Path                                     PID  Runtime      # DAGs    # Errors  Last Runtime    Last Run
------------------------------------------  -----  ---------  --------  ----------  --------------  -------------------
/opt/airflow/dags/loan_doc_pipeline_dag.py   1594  0.02s             1           0  3.72s           2025-11-07T21:33:53
================================================================================
[2025-11-07T21:34:53.539+0000] {manager.py:878} INFO - 
================================================================================
DAG File Processing Stats

File Path                                   PID    Runtime      # DAGs    # Errors  Last Runtime    Last Run
------------------------------------------  -----  ---------  --------  ----------  --------------  -------------------
/opt/airflow/dags/loan_doc_pipeline_dag.py                           1           0  3.90s           2025-11-07T21:34:27
================================================================================
[2025-11-07T21:35:04.679+0000] {manager.py:737} INFO - Searching for files in /opt/airflow/dags
[2025-11-07T21:35:04.687+0000] {manager.py:740} INFO - There are 1 files in /opt/airflow/dags
[2025-11-07T21:35:23.911+0000] {manager.py:878} INFO - 
================================================================================
DAG File Processing Stats

File Path                                   PID    Runtime      # DAGs    # Errors  Last Runtime    Last Run
------------------------------------------  -----  ---------  --------  ----------  --------------  -------------------
/opt/airflow/dags/loan_doc_pipeline_dag.py                           1           0  4.20s           2025-11-07T21:35:01
================================================================================
[2025-11-07T21:35:54.033+0000] {manager.py:878} INFO - 
================================================================================
DAG File Processing Stats

File Path                                   PID    Runtime      # DAGs    # Errors  Last Runtime    Last Run
------------------------------------------  -----  ---------  --------  ----------  --------------  -------------------
/opt/airflow/dags/loan_doc_pipeline_dag.py                           1           0  3.83s           2025-11-07T21:35:35
================================================================================
[2025-11-07T21:36:04.329+0000] {manager.py:452} INFO - Exiting gracefully upon receiving signal 15
[2025-11-07T21:36:27.512+0000] {manager.py:470} INFO - Processing files using up to 2 processes at a time 
[2025-11-07T21:36:27.512+0000] {manager.py:471} INFO - Process each file at most once every 30 seconds
[2025-11-07T21:36:27.513+0000] {manager.py:472} INFO - Checking for new files in /opt/airflow/dags every 300 seconds
[2025-11-07T21:36:27.513+0000] {manager.py:737} INFO - Searching for files in /opt/airflow/dags
[2025-11-07T21:36:27.515+0000] {manager.py:740} INFO - There are 1 files in /opt/airflow/dags
[2025-11-07T21:36:27.556+0000] {manager.py:878} INFO - 
================================================================================
DAG File Processing Stats

File Path                                     PID  Runtime      # DAGs    # Errors  Last Runtime    Last Run
------------------------------------------  -----  ---------  --------  ----------  --------------  ----------
/opt/airflow/dags/loan_doc_pipeline_dag.py     29  0.02s             0           0
================================================================================
[2025-11-07T21:36:57.923+0000] {manager.py:878} INFO - 
================================================================================
DAG File Processing Stats

File Path                                   PID    Runtime      # DAGs    # Errors  Last Runtime    Last Run
------------------------------------------  -----  ---------  --------  ----------  --------------  -------------------
/opt/airflow/dags/loan_doc_pipeline_dag.py                           1           0  10.47s          2025-11-07T21:36:38
================================================================================
[2025-11-07T21:37:28.509+0000] {manager.py:878} INFO - 
================================================================================
DAG File Processing Stats

File Path                                   PID    Runtime      # DAGs    # Errors  Last Runtime    Last Run
------------------------------------------  -----  ---------  --------  ----------  --------------  -------------------
/opt/airflow/dags/loan_doc_pipeline_dag.py                           1           0  4.17s           2025-11-07T21:37:12
================================================================================
[2025-11-07T21:37:58.608+0000] {manager.py:878} INFO - 
================================================================================
DAG File Processing Stats

File Path                                   PID    Runtime      # DAGs    # Errors  Last Runtime    Last Run
------------------------------------------  -----  ---------  --------  ----------  --------------  -------------------
/opt/airflow/dags/loan_doc_pipeline_dag.py                           1           0  3.89s           2025-11-07T21:37:46
================================================================================
[2025-11-07T21:38:29.039+0000] {manager.py:878} INFO - 
================================================================================
DAG File Processing Stats

File Path                                   PID    Runtime      # DAGs    # Errors  Last Runtime    Last Run
------------------------------------------  -----  ---------  --------  ----------  --------------  -------------------
/opt/airflow/dags/loan_doc_pipeline_dag.py                           1           0  4.31s           2025-11-07T21:38:21
================================================================================
[2025-11-07T21:38:59.382+0000] {manager.py:878} INFO - 
================================================================================
DAG File Processing Stats

File Path                                   PID    Runtime      # DAGs    # Errors  Last Runtime    Last Run
------------------------------------------  -----  ---------  --------  ----------  --------------  -------------------
/opt/airflow/dags/loan_doc_pipeline_dag.py                           1           0  3.67s           2025-11-07T21:38:54
================================================================================
[2025-11-07T21:39:29.640+0000] {manager.py:878} INFO - 
================================================================================
DAG File Processing Stats

File Path                                   PID    Runtime      # DAGs    # Errors  Last Runtime    Last Run
------------------------------------------  -----  ---------  --------  ----------  --------------  -------------------
/opt/airflow/dags/loan_doc_pipeline_dag.py                           1           0  3.83s           2025-11-07T21:39:29
================================================================================
[2025-11-07T21:39:59.930+0000] {manager.py:878} INFO - 
================================================================================
DAG File Processing Stats

File Path                                     PID  Runtime      # DAGs    # Errors  Last Runtime    Last Run
------------------------------------------  -----  ---------  --------  ----------  --------------  -------------------
/opt/airflow/dags/loan_doc_pipeline_dag.py    158  0.61s             1           0  3.83s           2025-11-07T21:39:29
================================================================================
[2025-11-07T21:40:30.557+0000] {manager.py:878} INFO - 
================================================================================
DAG File Processing Stats

File Path                                   PID    Runtime      # DAGs    # Errors  Last Runtime    Last Run
------------------------------------------  -----  ---------  --------  ----------  --------------  -------------------
/opt/airflow/dags/loan_doc_pipeline_dag.py                           1           0  4.18s           2025-11-07T21:40:03
================================================================================
[2025-11-07T21:41:00.689+0000] {manager.py:878} INFO - 
================================================================================
DAG File Processing Stats

File Path                                   PID    Runtime      # DAGs    # Errors  Last Runtime    Last Run
------------------------------------------  -----  ---------  --------  ----------  --------------  -------------------
/opt/airflow/dags/loan_doc_pipeline_dag.py                           1           0  3.93s           2025-11-07T21:40:37
================================================================================
[2025-11-07T21:41:27.516+0000] {manager.py:737} INFO - Searching for files in /opt/airflow/dags
[2025-11-07T21:41:27.530+0000] {manager.py:740} INFO - There are 1 files in /opt/airflow/dags
[2025-11-07T21:41:31.053+0000] {manager.py:878} INFO - 
================================================================================
DAG File Processing Stats

File Path                                   PID    Runtime      # DAGs    # Errors  Last Runtime    Last Run
------------------------------------------  -----  ---------  --------  ----------  --------------  -------------------
/opt/airflow/dags/loan_doc_pipeline_dag.py                           1           0  3.61s           2025-11-07T21:41:11
================================================================================
[2025-11-07T21:42:01.277+0000] {manager.py:878} INFO - 
================================================================================
DAG File Processing Stats

File Path                                   PID    Runtime      # DAGs    # Errors  Last Runtime    Last Run
------------------------------------------  -----  ---------  --------  ----------  --------------  -------------------
/opt/airflow/dags/loan_doc_pipeline_dag.py                           1           0  3.70s           2025-11-07T21:41:45
================================================================================
[2025-11-07T21:42:31.775+0000] {manager.py:878} INFO - 
================================================================================
DAG File Processing Stats

File Path                                   PID    Runtime      # DAGs    # Errors  Last Runtime    Last Run
------------------------------------------  -----  ---------  --------  ----------  --------------  -------------------
/opt/airflow/dags/loan_doc_pipeline_dag.py                           1           0  4.61s           2025-11-07T21:42:20
================================================================================
[2025-11-07T21:43:02.052+0000] {manager.py:878} INFO - 
================================================================================
DAG File Processing Stats

File Path                                   PID    Runtime      # DAGs    # Errors  Last Runtime    Last Run
------------------------------------------  -----  ---------  --------  ----------  --------------  -------------------
/opt/airflow/dags/loan_doc_pipeline_dag.py                           1           0  3.73s           2025-11-07T21:42:54
================================================================================
[2025-11-07T21:43:32.328+0000] {manager.py:878} INFO - 
================================================================================
DAG File Processing Stats

File Path                                   PID    Runtime      # DAGs    # Errors  Last Runtime    Last Run
------------------------------------------  -----  ---------  --------  ----------  --------------  -------------------
/opt/airflow/dags/loan_doc_pipeline_dag.py                           1           0  3.61s           2025-11-07T21:43:27
================================================================================
[2025-11-07T21:44:02.566+0000] {manager.py:878} INFO - 
================================================================================
DAG File Processing Stats

File Path                                     PID  Runtime      # DAGs    # Errors  Last Runtime    Last Run
------------------------------------------  -----  ---------  --------  ----------  --------------  -------------------
/opt/airflow/dags/loan_doc_pipeline_dag.py    384  4.40s             1           0  3.61s           2025-11-07T21:43:27
================================================================================
[2025-11-07T21:44:32.827+0000] {manager.py:878} INFO - 
================================================================================
DAG File Processing Stats

File Path                                     PID  Runtime      # DAGs    # Errors  Last Runtime    Last Run
------------------------------------------  -----  ---------  --------  ----------  --------------  -------------------
/opt/airflow/dags/loan_doc_pipeline_dag.py    403  0.01s             1           0  4.52s           2025-11-07T21:44:02
================================================================================
[2025-11-07T21:45:03.192+0000] {manager.py:878} INFO - 
================================================================================
DAG File Processing Stats

File Path                                   PID    Runtime      # DAGs    # Errors  Last Runtime    Last Run
------------------------------------------  -----  ---------  --------  ----------  --------------  -------------------
/opt/airflow/dags/loan_doc_pipeline_dag.py                           1           0  3.53s           2025-11-07T21:44:36
================================================================================
[2025-11-07T21:45:33.453+0000] {manager.py:878} INFO - 
================================================================================
DAG File Processing Stats

File Path                                   PID    Runtime      # DAGs    # Errors  Last Runtime    Last Run
------------------------------------------  -----  ---------  --------  ----------  --------------  -------------------
/opt/airflow/dags/loan_doc_pipeline_dag.py                           1           0  3.72s           2025-11-07T21:45:10
================================================================================
[2025-11-07T21:46:03.684+0000] {manager.py:878} INFO - 
================================================================================
DAG File Processing Stats

File Path                                   PID    Runtime      # DAGs    # Errors  Last Runtime    Last Run
------------------------------------------  -----  ---------  --------  ----------  --------------  -------------------
/opt/airflow/dags/loan_doc_pipeline_dag.py                           1           0  3.72s           2025-11-07T21:45:44
================================================================================
[2025-11-07T21:46:27.832+0000] {manager.py:737} INFO - Searching for files in /opt/airflow/dags
[2025-11-07T21:46:27.842+0000] {manager.py:740} INFO - There are 1 files in /opt/airflow/dags
[2025-11-07T21:46:33.905+0000] {manager.py:878} INFO - 
================================================================================
DAG File Processing Stats

File Path                                   PID    Runtime      # DAGs    # Errors  Last Runtime    Last Run
------------------------------------------  -----  ---------  --------  ----------  --------------  -------------------
/opt/airflow/dags/loan_doc_pipeline_dag.py                           1           0  4.26s           2025-11-07T21:46:18
================================================================================
[2025-11-07T21:47:04.123+0000] {manager.py:878} INFO - 
================================================================================
DAG File Processing Stats

File Path                                   PID    Runtime      # DAGs    # Errors  Last Runtime    Last Run
------------------------------------------  -----  ---------  --------  ----------  --------------  -------------------
/opt/airflow/dags/loan_doc_pipeline_dag.py                           1           0  3.99s           2025-11-07T21:46:53
================================================================================
[2025-11-07T21:47:34.584+0000] {manager.py:878} INFO - 
================================================================================
DAG File Processing Stats

File Path                                   PID    Runtime      # DAGs    # Errors  Last Runtime    Last Run
------------------------------------------  -----  ---------  --------  ----------  --------------  -------------------
/opt/airflow/dags/loan_doc_pipeline_dag.py                           1           0  3.61s           2025-11-07T21:47:26
================================================================================
[2025-11-07T21:48:04.807+0000] {manager.py:878} INFO - 
================================================================================
DAG File Processing Stats

File Path                                   PID    Runtime      # DAGs    # Errors  Last Runtime    Last Run
------------------------------------------  -----  ---------  --------  ----------  --------------  -------------------
/opt/airflow/dags/loan_doc_pipeline_dag.py                           1           0  3.82s           2025-11-07T21:48:00
================================================================================
[2025-11-07T21:48:35.081+0000] {manager.py:878} INFO - 
================================================================================
DAG File Processing Stats

File Path                                     PID  Runtime      # DAGs    # Errors  Last Runtime    Last Run
------------------------------------------  -----  ---------  --------  ----------  --------------  -------------------
/opt/airflow/dags/loan_doc_pipeline_dag.py    536  4.03s             1           0  3.82s           2025-11-07T21:48:00
================================================================================
[2025-11-07T21:49:05.531+0000] {manager.py:878} INFO - 
================================================================================
DAG File Processing Stats

File Path                                     PID  Runtime      # DAGs    # Errors  Last Runtime    Last Run
------------------------------------------  -----  ---------  --------  ----------  --------------  -------------------
/opt/airflow/dags/loan_doc_pipeline_dag.py    555  0.01s             1           0  4.22s           2025-11-07T21:48:35
================================================================================
[2025-11-07T21:49:35.770+0000] {manager.py:878} INFO - 
================================================================================
DAG File Processing Stats

File Path                                   PID    Runtime      # DAGs    # Errors  Last Runtime    Last Run
------------------------------------------  -----  ---------  --------  ----------  --------------  -------------------
/opt/airflow/dags/loan_doc_pipeline_dag.py                           1           0  3.46s           2025-11-07T21:49:08
================================================================================
[2025-11-07T21:50:05.917+0000] {manager.py:878} INFO - 
================================================================================
DAG File Processing Stats

File Path                                   PID    Runtime      # DAGs    # Errors  Last Runtime    Last Run
------------------------------------------  -----  ---------  --------  ----------  --------------  -------------------
/opt/airflow/dags/loan_doc_pipeline_dag.py                           1           0  3.47s           2025-11-07T21:49:42
================================================================================
[2025-11-07T21:50:36.227+0000] {manager.py:878} INFO - 
================================================================================
DAG File Processing Stats

File Path                                   PID    Runtime      # DAGs    # Errors  Last Runtime    Last Run
------------------------------------------  -----  ---------  --------  ----------  --------------  -------------------
/opt/airflow/dags/loan_doc_pipeline_dag.py                           1           0  4.34s           2025-11-07T21:50:17
================================================================================
[2025-11-07T21:51:06.497+0000] {manager.py:878} INFO - 
================================================================================
DAG File Processing Stats

File Path                                   PID    Runtime      # DAGs    # Errors  Last Runtime    Last Run
------------------------------------------  -----  ---------  --------  ----------  --------------  -------------------
/opt/airflow/dags/loan_doc_pipeline_dag.py                           1           0  3.95s           2025-11-07T21:50:51
================================================================================
[2025-11-07T21:51:28.434+0000] {manager.py:737} INFO - Searching for files in /opt/airflow/dags
[2025-11-07T21:51:28.444+0000] {manager.py:740} INFO - There are 1 files in /opt/airflow/dags
[2025-11-07T21:51:36.514+0000] {manager.py:878} INFO - 
================================================================================
DAG File Processing Stats

File Path                                   PID    Runtime      # DAGs    # Errors  Last Runtime    Last Run
------------------------------------------  -----  ---------  --------  ----------  --------------  -------------------
/opt/airflow/dags/loan_doc_pipeline_dag.py                           1           0  3.81s           2025-11-07T21:51:25
================================================================================
[2025-11-07T21:52:06.547+0000] {manager.py:878} INFO - 
================================================================================
DAG File Processing Stats

File Path                                   PID    Runtime      # DAGs    # Errors  Last Runtime    Last Run
------------------------------------------  -----  ---------  --------  ----------  --------------  -------------------
/opt/airflow/dags/loan_doc_pipeline_dag.py                           1           0  3.83s           2025-11-07T21:51:59
================================================================================
[2025-11-07T21:52:36.823+0000] {manager.py:878} INFO - 
================================================================================
DAG File Processing Stats

File Path                                   PID    Runtime      # DAGs    # Errors  Last Runtime    Last Run
------------------------------------------  -----  ---------  --------  ----------  --------------  -------------------
/opt/airflow/dags/loan_doc_pipeline_dag.py                           1           0  4.03s           2025-11-07T21:52:33
================================================================================
[2025-11-07T21:53:07.657+0000] {manager.py:878} INFO - 
================================================================================
DAG File Processing Stats

File Path                                   PID    Runtime      # DAGs    # Errors  Last Runtime    Last Run
------------------------------------------  -----  ---------  --------  ----------  --------------  -------------------
/opt/airflow/dags/loan_doc_pipeline_dag.py                           1           0  3.59s           2025-11-07T21:52:51
================================================================================
[2025-11-07T21:53:37.728+0000] {manager.py:878} INFO - 
================================================================================
DAG File Processing Stats

File Path                                   PID    Runtime      # DAGs    # Errors  Last Runtime    Last Run
------------------------------------------  -----  ---------  --------  ----------  --------------  -------------------
/opt/airflow/dags/loan_doc_pipeline_dag.py                           1           0  3.82s           2025-11-07T21:53:25
================================================================================
[2025-11-07T21:54:07.876+0000] {manager.py:878} INFO - 
================================================================================
DAG File Processing Stats

File Path                                   PID    Runtime      # DAGs    # Errors  Last Runtime    Last Run
------------------------------------------  -----  ---------  --------  ----------  --------------  -------------------
/opt/airflow/dags/loan_doc_pipeline_dag.py                           1           0  3.88s           2025-11-07T21:53:59
================================================================================
[2025-11-07T21:54:28.223+0000] {manager.py:452} INFO - Exiting gracefully upon receiving signal 15
[2025-11-07T21:54:40.748+0000] {manager.py:470} INFO - Processing files using up to 2 processes at a time 
[2025-11-07T21:54:40.749+0000] {manager.py:471} INFO - Process each file at most once every 30 seconds
[2025-11-07T21:54:40.750+0000] {manager.py:472} INFO - Checking for new files in /opt/airflow/dags every 300 seconds
[2025-11-07T21:54:40.750+0000] {manager.py:737} INFO - Searching for files in /opt/airflow/dags
[2025-11-07T21:54:40.755+0000] {manager.py:740} INFO - There are 1 files in /opt/airflow/dags
[2025-11-07T21:54:40.838+0000] {manager.py:878} INFO - 
================================================================================
DAG File Processing Stats

File Path                                     PID  Runtime      # DAGs    # Errors  Last Runtime    Last Run
------------------------------------------  -----  ---------  --------  ----------  --------------  ----------
/opt/airflow/dags/loan_doc_pipeline_dag.py     34  0.05s             0           0
================================================================================
[2025-11-07T21:55:11.172+0000] {manager.py:878} INFO - 
================================================================================
DAG File Processing Stats

File Path                                   PID    Runtime      # DAGs    # Errors  Last Runtime    Last Run
------------------------------------------  -----  ---------  --------  ----------  --------------  -------------------
/opt/airflow/dags/loan_doc_pipeline_dag.py                           1           0  9.65s           2025-11-07T21:54:50
================================================================================
[2025-11-07T21:55:41.405+0000] {manager.py:878} INFO - 
================================================================================
DAG File Processing Stats

File Path                                   PID    Runtime      # DAGs    # Errors  Last Runtime    Last Run
------------------------------------------  -----  ---------  --------  ----------  --------------  -------------------
/opt/airflow/dags/loan_doc_pipeline_dag.py                           1           0  4.51s           2025-11-07T21:55:25
================================================================================
[2025-11-07T21:56:11.663+0000] {manager.py:878} INFO - 
================================================================================
DAG File Processing Stats

File Path                                   PID    Runtime      # DAGs    # Errors  Last Runtime    Last Run
------------------------------------------  -----  ---------  --------  ----------  --------------  -------------------
/opt/airflow/dags/loan_doc_pipeline_dag.py                           1           0  3.29s           2025-11-07T21:55:58
================================================================================
[2025-11-07T21:56:42.149+0000] {manager.py:878} INFO - 
================================================================================
DAG File Processing Stats

File Path                                   PID    Runtime      # DAGs    # Errors  Last Runtime    Last Run
------------------------------------------  -----  ---------  --------  ----------  --------------  -------------------
/opt/airflow/dags/loan_doc_pipeline_dag.py                           1           0  4.09s           2025-11-07T21:56:33
================================================================================
[2025-11-07T21:57:12.299+0000] {manager.py:878} INFO - 
================================================================================
DAG File Processing Stats

File Path                                   PID    Runtime      # DAGs    # Errors  Last Runtime    Last Run
------------------------------------------  -----  ---------  --------  ----------  --------------  -------------------
/opt/airflow/dags/loan_doc_pipeline_dag.py                           1           0  3.92s           2025-11-07T21:57:07
================================================================================
[2025-11-07T21:57:42.395+0000] {manager.py:878} INFO - 
================================================================================
DAG File Processing Stats

File Path                                   PID    Runtime      # DAGs    # Errors  Last Runtime    Last Run
------------------------------------------  -----  ---------  --------  ----------  --------------  -------------------
/opt/airflow/dags/loan_doc_pipeline_dag.py                           1           0  3.81s           2025-11-07T21:57:41
================================================================================
[2025-11-07T21:58:12.689+0000] {manager.py:878} INFO - 
================================================================================
DAG File Processing Stats

File Path                                     PID  Runtime      # DAGs    # Errors  Last Runtime    Last Run
------------------------------------------  -----  ---------  --------  ----------  --------------  -------------------
/opt/airflow/dags/loan_doc_pipeline_dag.py    221  1.02s             1           0  3.81s           2025-11-07T21:57:41
================================================================================
[2025-11-07T21:58:43.131+0000] {manager.py:878} INFO - 
================================================================================
DAG File Processing Stats

File Path                                   PID    Runtime      # DAGs    # Errors  Last Runtime    Last Run
------------------------------------------  -----  ---------  --------  ----------  --------------  -------------------
/opt/airflow/dags/loan_doc_pipeline_dag.py                           1           0  4.75s           2025-11-07T21:58:16
================================================================================
[2025-11-07T21:59:13.411+0000] {manager.py:878} INFO - 
================================================================================
DAG File Processing Stats

File Path                                   PID    Runtime      # DAGs    # Errors  Last Runtime    Last Run
------------------------------------------  -----  ---------  --------  ----------  --------------  -------------------
/opt/airflow/dags/loan_doc_pipeline_dag.py                           1           0  4.66s           2025-11-07T21:58:51
================================================================================
[2025-11-07T21:59:40.759+0000] {manager.py:737} INFO - Searching for files in /opt/airflow/dags
[2025-11-07T21:59:40.765+0000] {manager.py:740} INFO - There are 1 files in /opt/airflow/dags
[2025-11-07T21:59:43.850+0000] {manager.py:878} INFO - 
================================================================================
DAG File Processing Stats

File Path                                     PID  Runtime      # DAGs    # Errors  Last Runtime    Last Run
------------------------------------------  -----  ---------  --------  ----------  --------------  -------------------
/opt/airflow/dags/loan_doc_pipeline_dag.py    278  1.65s             1           0  3.71s           2025-11-07T21:59:25
================================================================================
[2025-11-07T22:00:14.158+0000] {manager.py:878} INFO - 
================================================================================
DAG File Processing Stats

File Path                                   PID    Runtime      # DAGs    # Errors  Last Runtime    Last Run
------------------------------------------  -----  ---------  --------  ----------  --------------  -------------------
/opt/airflow/dags/loan_doc_pipeline_dag.py                           1           0  5.95s           2025-11-07T21:59:48
================================================================================
[2025-11-07T22:00:44.608+0000] {manager.py:878} INFO - 
================================================================================
DAG File Processing Stats

File Path                                   PID    Runtime      # DAGs    # Errors  Last Runtime    Last Run
------------------------------------------  -----  ---------  --------  ----------  --------------  -------------------
/opt/airflow/dags/loan_doc_pipeline_dag.py                           1           0  4.32s           2025-11-07T22:00:22
================================================================================
[2025-11-07T22:01:14.937+0000] {manager.py:878} INFO - 
================================================================================
DAG File Processing Stats

File Path                                   PID    Runtime      # DAGs    # Errors  Last Runtime    Last Run
------------------------------------------  -----  ---------  --------  ----------  --------------  -------------------
/opt/airflow/dags/loan_doc_pipeline_dag.py                           1           0  4.34s           2025-11-07T22:00:57
================================================================================
[2025-11-07T22:01:45.213+0000] {manager.py:878} INFO - 
================================================================================
DAG File Processing Stats

File Path                                   PID    Runtime      # DAGs    # Errors  Last Runtime    Last Run
------------------------------------------  -----  ---------  --------  ----------  --------------  -------------------
/opt/airflow/dags/loan_doc_pipeline_dag.py                           1           0  3.85s           2025-11-07T22:01:31
================================================================================
[2025-11-07T22:02:15.388+0000] {manager.py:878} INFO - 
================================================================================
DAG File Processing Stats

File Path                                   PID    Runtime      # DAGs    # Errors  Last Runtime    Last Run
------------------------------------------  -----  ---------  --------  ----------  --------------  -------------------
/opt/airflow/dags/loan_doc_pipeline_dag.py                           1           0  3.90s           2025-11-07T22:02:05
================================================================================
[2025-11-07T22:02:45.892+0000] {manager.py:878} INFO - 
================================================================================
DAG File Processing Stats

File Path                                   PID    Runtime      # DAGs    # Errors  Last Runtime    Last Run
------------------------------------------  -----  ---------  --------  ----------  --------------  -------------------
/opt/airflow/dags/loan_doc_pipeline_dag.py                           1           0  3.70s           2025-11-07T22:02:39
================================================================================
[2025-11-07T22:03:16.179+0000] {manager.py:878} INFO - 
================================================================================
DAG File Processing Stats

File Path                                   PID    Runtime      # DAGs    # Errors  Last Runtime    Last Run
------------------------------------------  -----  ---------  --------  ----------  --------------  -------------------
/opt/airflow/dags/loan_doc_pipeline_dag.py                           1           0  3.58s           2025-11-07T22:03:13
================================================================================
[2025-11-07T22:03:46.481+0000] {manager.py:878} INFO - 
================================================================================
DAG File Processing Stats

File Path                                     PID  Runtime      # DAGs    # Errors  Last Runtime    Last Run
------------------------------------------  -----  ---------  --------  ----------  --------------  -------------------
/opt/airflow/dags/loan_doc_pipeline_dag.py    423  3.02s             1           0  3.58s           2025-11-07T22:03:13
================================================================================
[2025-11-07T22:04:16.730+0000] {manager.py:878} INFO - 
================================================================================
DAG File Processing Stats

File Path                                   PID    Runtime      # DAGs    # Errors  Last Runtime    Last Run
------------------------------------------  -----  ---------  --------  ----------  --------------  -------------------
/opt/airflow/dags/loan_doc_pipeline_dag.py                           1           0  4.43s           2025-11-07T22:03:47
================================================================================
[2025-11-07T22:04:41.312+0000] {manager.py:737} INFO - Searching for files in /opt/airflow/dags
[2025-11-07T22:04:41.321+0000] {manager.py:740} INFO - There are 1 files in /opt/airflow/dags
[2025-11-07T22:04:47.431+0000] {manager.py:878} INFO - 
================================================================================
DAG File Processing Stats

File Path                                   PID    Runtime      # DAGs    # Errors  Last Runtime    Last Run
------------------------------------------  -----  ---------  --------  ----------  --------------  -------------------
/opt/airflow/dags/loan_doc_pipeline_dag.py                           1           0  4.12s           2025-11-07T22:04:22
================================================================================
[2025-11-07T22:05:17.599+0000] {manager.py:878} INFO - 
================================================================================
DAG File Processing Stats

File Path                                   PID    Runtime      # DAGs    # Errors  Last Runtime    Last Run
------------------------------------------  -----  ---------  --------  ----------  --------------  -------------------
/opt/airflow/dags/loan_doc_pipeline_dag.py                           1           0  3.93s           2025-11-07T22:04:56
================================================================================
[2025-11-07T22:05:25.627+0000] {manager.py:452} INFO - Exiting gracefully upon receiving signal 15
[2025-11-07T22:05:44.651+0000] {manager.py:470} INFO - Processing files using up to 2 processes at a time 
[2025-11-07T22:05:44.651+0000] {manager.py:471} INFO - Process each file at most once every 30 seconds
[2025-11-07T22:05:44.652+0000] {manager.py:472} INFO - Checking for new files in /opt/airflow/dags every 300 seconds
[2025-11-07T22:05:44.652+0000] {manager.py:737} INFO - Searching for files in /opt/airflow/dags
[2025-11-07T22:05:44.654+0000] {manager.py:740} INFO - There are 1 files in /opt/airflow/dags
[2025-11-07T22:05:44.698+0000] {manager.py:878} INFO - 
================================================================================
DAG File Processing Stats

File Path                                     PID  Runtime      # DAGs    # Errors  Last Runtime    Last Run
------------------------------------------  -----  ---------  --------  ----------  --------------  ----------
/opt/airflow/dags/loan_doc_pipeline_dag.py     29  0.02s             0           0
================================================================================
[2025-11-07T22:06:14.904+0000] {manager.py:878} INFO - 
================================================================================
DAG File Processing Stats

File Path                                   PID    Runtime      # DAGs    # Errors  Last Runtime    Last Run
------------------------------------------  -----  ---------  --------  ----------  --------------  -------------------
/opt/airflow/dags/loan_doc_pipeline_dag.py                           1           0  9.10s           2025-11-07T22:05:53
================================================================================
[2025-11-07T22:06:44.971+0000] {manager.py:878} INFO - 
================================================================================
DAG File Processing Stats

File Path                                   PID    Runtime      # DAGs    # Errors  Last Runtime    Last Run
------------------------------------------  -----  ---------  --------  ----------  --------------  -------------------
/opt/airflow/dags/loan_doc_pipeline_dag.py                           1           0  3.81s           2025-11-07T22:06:27
================================================================================
[2025-11-07T22:07:15.371+0000] {manager.py:878} INFO - 
================================================================================
DAG File Processing Stats

File Path                                   PID    Runtime      # DAGs    # Errors  Last Runtime    Last Run
------------------------------------------  -----  ---------  --------  ----------  --------------  -------------------
/opt/airflow/dags/loan_doc_pipeline_dag.py                           1           0  4.42s           2025-11-07T22:07:02
================================================================================
[2025-11-07T22:07:45.615+0000] {manager.py:878} INFO - 
================================================================================
DAG File Processing Stats

File Path                                   PID    Runtime      # DAGs    # Errors  Last Runtime    Last Run
------------------------------------------  -----  ---------  --------  ----------  --------------  -------------------
/opt/airflow/dags/loan_doc_pipeline_dag.py                           1           0  3.99s           2025-11-07T22:07:36
================================================================================
[2025-11-07T22:08:16.041+0000] {manager.py:878} INFO - 
================================================================================
DAG File Processing Stats

File Path                                   PID    Runtime      # DAGs    # Errors  Last Runtime    Last Run
------------------------------------------  -----  ---------  --------  ----------  --------------  -------------------
/opt/airflow/dags/loan_doc_pipeline_dag.py                           1           0  3.65s           2025-11-07T22:08:10
================================================================================
[2025-11-07T22:08:46.282+0000] {manager.py:878} INFO - 
================================================================================
DAG File Processing Stats

File Path                                   PID    Runtime      # DAGs    # Errors  Last Runtime    Last Run
------------------------------------------  -----  ---------  --------  ----------  --------------  -------------------
/opt/airflow/dags/loan_doc_pipeline_dag.py                           1           0  3.81s           2025-11-07T22:08:44
================================================================================
[2025-11-07T22:09:16.541+0000] {manager.py:878} INFO - 
================================================================================
DAG File Processing Stats

File Path                                     PID  Runtime      # DAGs    # Errors  Last Runtime    Last Run
------------------------------------------  -----  ---------  --------  ----------  --------------  -------------------
/opt/airflow/dags/loan_doc_pipeline_dag.py    258  1.58s             1           0  3.81s           2025-11-07T22:08:44
================================================================================
[2025-11-07T22:09:47.330+0000] {manager.py:878} INFO - 
================================================================================
DAG File Processing Stats

File Path                                   PID    Runtime      # DAGs    # Errors  Last Runtime    Last Run
------------------------------------------  -----  ---------  --------  ----------  --------------  -------------------
/opt/airflow/dags/loan_doc_pipeline_dag.py                           1           0  4.17s           2025-11-07T22:09:19
================================================================================
[2025-11-07T22:10:17.395+0000] {manager.py:878} INFO - 
================================================================================
DAG File Processing Stats

File Path                                   PID    Runtime      # DAGs    # Errors  Last Runtime    Last Run
------------------------------------------  -----  ---------  --------  ----------  --------------  -------------------
/opt/airflow/dags/loan_doc_pipeline_dag.py                           1           0  4.77s           2025-11-07T22:09:54
================================================================================
[2025-11-07T22:10:44.822+0000] {manager.py:737} INFO - Searching for files in /opt/airflow/dags
[2025-11-07T22:10:44.829+0000] {manager.py:740} INFO - There are 1 files in /opt/airflow/dags
[2025-11-07T22:10:47.866+0000] {manager.py:878} INFO - 
================================================================================
DAG File Processing Stats

File Path                                   PID    Runtime      # DAGs    # Errors  Last Runtime    Last Run
------------------------------------------  -----  ---------  --------  ----------  --------------  -------------------
/opt/airflow/dags/loan_doc_pipeline_dag.py                           1           0  4.54s           2025-11-07T22:10:29
================================================================================
[2025-11-07T22:11:18.104+0000] {manager.py:878} INFO - 
================================================================================
DAG File Processing Stats

File Path                                   PID    Runtime      # DAGs    # Errors  Last Runtime    Last Run
------------------------------------------  -----  ---------  --------  ----------  --------------  -------------------
/opt/airflow/dags/loan_doc_pipeline_dag.py                           1           0  4.70s           2025-11-07T22:11:03
================================================================================
[2025-11-07T22:11:48.669+0000] {manager.py:878} INFO - 
================================================================================
DAG File Processing Stats

File Path                                   PID    Runtime      # DAGs    # Errors  Last Runtime    Last Run
------------------------------------------  -----  ---------  --------  ----------  --------------  -------------------
/opt/airflow/dags/loan_doc_pipeline_dag.py                           1           0  3.51s           2025-11-07T22:11:37
================================================================================
[2025-11-07T22:12:18.965+0000] {manager.py:878} INFO - 
================================================================================
DAG File Processing Stats

File Path                                   PID    Runtime      # DAGs    # Errors  Last Runtime    Last Run
------------------------------------------  -----  ---------  --------  ----------  --------------  -------------------
/opt/airflow/dags/loan_doc_pipeline_dag.py                           1           0  4.12s           2025-11-07T22:12:11
================================================================================
[2025-11-07T22:12:49.296+0000] {manager.py:878} INFO - 
================================================================================
DAG File Processing Stats

File Path                                   PID    Runtime      # DAGs    # Errors  Last Runtime    Last Run
------------------------------------------  -----  ---------  --------  ----------  --------------  -------------------
/opt/airflow/dags/loan_doc_pipeline_dag.py                           1           0  3.71s           2025-11-07T22:12:45
================================================================================
[2025-11-07T22:13:19.580+0000] {manager.py:878} INFO - 
================================================================================
DAG File Processing Stats

File Path                                     PID  Runtime      # DAGs    # Errors  Last Runtime    Last Run
------------------------------------------  -----  ---------  --------  ----------  --------------  -------------------
/opt/airflow/dags/loan_doc_pipeline_dag.py    391  3.44s             1           0  3.71s           2025-11-07T22:12:45
================================================================================
[2025-11-07T22:13:49.898+0000] {manager.py:878} INFO - 
================================================================================
DAG File Processing Stats

File Path                                     PID  Runtime      # DAGs    # Errors  Last Runtime    Last Run
------------------------------------------  -----  ---------  --------  ----------  --------------  -------------------
/opt/airflow/dags/loan_doc_pipeline_dag.py    410  0.01s             1           0  3.68s           2025-11-07T22:13:19
================================================================================
[2025-11-07T22:14:19.976+0000] {manager.py:878} INFO - 
================================================================================
DAG File Processing Stats

File Path                                   PID    Runtime      # DAGs    # Errors  Last Runtime    Last Run
------------------------------------------  -----  ---------  --------  ----------  --------------  -------------------
/opt/airflow/dags/loan_doc_pipeline_dag.py                           1           0  3.87s           2025-11-07T22:13:53
================================================================================
[2025-11-07T22:14:50.259+0000] {manager.py:878} INFO - 
================================================================================
DAG File Processing Stats

File Path                                   PID    Runtime      # DAGs    # Errors  Last Runtime    Last Run
------------------------------------------  -----  ---------  --------  ----------  --------------  -------------------
/opt/airflow/dags/loan_doc_pipeline_dag.py                           1           0  5.07s           2025-11-07T22:14:29
================================================================================
[2025-11-07T22:15:20.570+0000] {manager.py:878} INFO - 
================================================================================
DAG File Processing Stats

File Path                                   PID    Runtime      # DAGs    # Errors  Last Runtime    Last Run
------------------------------------------  -----  ---------  --------  ----------  --------------  -------------------
/opt/airflow/dags/loan_doc_pipeline_dag.py                           1           0  4.21s           2025-11-07T22:15:03
================================================================================
[2025-11-07T22:15:44.885+0000] {manager.py:737} INFO - Searching for files in /opt/airflow/dags
[2025-11-07T22:15:44.897+0000] {manager.py:740} INFO - There are 1 files in /opt/airflow/dags
[2025-11-07T22:15:50.621+0000] {manager.py:878} INFO - 
================================================================================
DAG File Processing Stats

File Path                                   PID    Runtime      # DAGs    # Errors  Last Runtime    Last Run
------------------------------------------  -----  ---------  --------  ----------  --------------  -------------------
/opt/airflow/dags/loan_doc_pipeline_dag.py                           1           0  3.78s           2025-11-07T22:15:37
================================================================================
[2025-11-07T22:16:20.923+0000] {manager.py:878} INFO - 
================================================================================
DAG File Processing Stats

File Path                                   PID    Runtime      # DAGs    # Errors  Last Runtime    Last Run
------------------------------------------  -----  ---------  --------  ----------  --------------  -------------------
/opt/airflow/dags/loan_doc_pipeline_dag.py                           1           0  4.30s           2025-11-07T22:16:12
================================================================================
[2025-11-07T22:16:51.103+0000] {manager.py:878} INFO - 
================================================================================
DAG File Processing Stats

File Path                                   PID    Runtime      # DAGs    # Errors  Last Runtime    Last Run
------------------------------------------  -----  ---------  --------  ----------  --------------  -------------------
/opt/airflow/dags/loan_doc_pipeline_dag.py                           1           0  4.71s           2025-11-07T22:16:47
================================================================================
[2025-11-07T22:17:21.231+0000] {manager.py:878} INFO - 
================================================================================
DAG File Processing Stats

File Path                                   PID    Runtime      # DAGs    # Errors  Last Runtime    Last Run
------------------------------------------  -----  ---------  --------  ----------  --------------  -------------------
/opt/airflow/dags/loan_doc_pipeline_dag.py                           1           0  3.89s           2025-11-07T22:17:21
================================================================================
[2025-11-07T22:17:51.511+0000] {manager.py:878} INFO - 
================================================================================
DAG File Processing Stats

File Path                                     PID  Runtime      # DAGs    # Errors  Last Runtime    Last Run
------------------------------------------  -----  ---------  --------  ----------  --------------  -------------------
/opt/airflow/dags/loan_doc_pipeline_dag.py    543  0.01s             1           0  3.89s           2025-11-07T22:17:21
================================================================================
[2025-11-07T22:18:22.264+0000] {manager.py:878} INFO - 
================================================================================
DAG File Processing Stats

File Path                                   PID    Runtime      # DAGs    # Errors  Last Runtime    Last Run
------------------------------------------  -----  ---------  --------  ----------  --------------  -------------------
/opt/airflow/dags/loan_doc_pipeline_dag.py                           1           0  4.58s           2025-11-07T22:17:56
================================================================================
[2025-11-07T22:18:52.507+0000] {manager.py:878} INFO - 
================================================================================
DAG File Processing Stats

File Path                                   PID    Runtime      # DAGs    # Errors  Last Runtime    Last Run
------------------------------------------  -----  ---------  --------  ----------  --------------  -------------------
/opt/airflow/dags/loan_doc_pipeline_dag.py                           1           0  3.98s           2025-11-07T22:18:30
================================================================================
[2025-11-07T22:19:22.682+0000] {manager.py:878} INFO - 
================================================================================
DAG File Processing Stats

File Path                                   PID    Runtime      # DAGs    # Errors  Last Runtime    Last Run
------------------------------------------  -----  ---------  --------  ----------  --------------  -------------------
/opt/airflow/dags/loan_doc_pipeline_dag.py                           1           0  3.94s           2025-11-07T22:19:04
================================================================================
[2025-11-07T22:19:52.742+0000] {manager.py:878} INFO - 
================================================================================
DAG File Processing Stats

File Path                                   PID    Runtime      # DAGs    # Errors  Last Runtime    Last Run
------------------------------------------  -----  ---------  --------  ----------  --------------  -------------------
/opt/airflow/dags/loan_doc_pipeline_dag.py                           1           0  3.81s           2025-11-07T22:19:38
================================================================================
[2025-11-07T22:20:23.057+0000] {manager.py:878} INFO - 
================================================================================
DAG File Processing Stats

File Path                                   PID    Runtime      # DAGs    # Errors  Last Runtime    Last Run
------------------------------------------  -----  ---------  --------  ----------  --------------  -------------------
/opt/airflow/dags/loan_doc_pipeline_dag.py                           1           0  4.04s           2025-11-07T22:20:12
================================================================================
[2025-11-07T22:20:45.265+0000] {manager.py:737} INFO - Searching for files in /opt/airflow/dags
[2025-11-07T22:20:45.267+0000] {manager.py:740} INFO - There are 1 files in /opt/airflow/dags
[2025-11-07T22:20:53.347+0000] {manager.py:878} INFO - 
================================================================================
DAG File Processing Stats

File Path                                   PID    Runtime      # DAGs    # Errors  Last Runtime    Last Run
------------------------------------------  -----  ---------  --------  ----------  --------------  -------------------
/opt/airflow/dags/loan_doc_pipeline_dag.py                           1           0  4.20s           2025-11-07T22:20:47
================================================================================
[2025-11-07T22:21:23.423+0000] {manager.py:878} INFO - 
================================================================================
DAG File Processing Stats

File Path                                   PID    Runtime      # DAGs    # Errors  Last Runtime    Last Run
------------------------------------------  -----  ---------  --------  ----------  --------------  -------------------
/opt/airflow/dags/loan_doc_pipeline_dag.py                           1           0  3.84s           2025-11-07T22:21:21
================================================================================
[2025-11-07T22:21:53.709+0000] {manager.py:878} INFO - 
================================================================================
DAG File Processing Stats

File Path                                     PID  Runtime      # DAGs    # Errors  Last Runtime    Last Run
------------------------------------------  -----  ---------  --------  ----------  --------------  -------------------
/opt/airflow/dags/loan_doc_pipeline_dag.py    676  2.03s             1           0  3.84s           2025-11-07T22:21:21
================================================================================
[2025-11-07T22:22:24.172+0000] {manager.py:878} INFO - 
================================================================================
DAG File Processing Stats

File Path                                   PID    Runtime      # DAGs    # Errors  Last Runtime    Last Run
------------------------------------------  -----  ---------  --------  ----------  --------------  -------------------
/opt/airflow/dags/loan_doc_pipeline_dag.py                           1           0  4.67s           2025-11-07T22:21:56
================================================================================
[2025-11-07T22:22:55.021+0000] {manager.py:878} INFO - 
================================================================================
DAG File Processing Stats

File Path                                   PID    Runtime      # DAGs    # Errors  Last Runtime    Last Run
------------------------------------------  -----  ---------  --------  ----------  --------------  -------------------
/opt/airflow/dags/loan_doc_pipeline_dag.py                           1           0  6.17s           2025-11-07T22:22:32
================================================================================
[2025-11-07T22:23:25.323+0000] {manager.py:878} INFO - 
================================================================================
DAG File Processing Stats

File Path                                   PID    Runtime      # DAGs    # Errors  Last Runtime    Last Run
------------------------------------------  -----  ---------  --------  ----------  --------------  -------------------
/opt/airflow/dags/loan_doc_pipeline_dag.py                           1           0  3.72s           2025-11-07T22:23:06
================================================================================
[2025-11-07T22:23:55.586+0000] {manager.py:878} INFO - 
================================================================================
DAG File Processing Stats

File Path                                   PID    Runtime      # DAGs    # Errors  Last Runtime    Last Run
------------------------------------------  -----  ---------  --------  ----------  --------------  -------------------
/opt/airflow/dags/loan_doc_pipeline_dag.py                           1           0  5.54s           2025-11-07T22:23:42
================================================================================
[2025-11-07T22:24:25.994+0000] {manager.py:878} INFO - 
================================================================================
DAG File Processing Stats

File Path                                   PID    Runtime      # DAGs    # Errors  Last Runtime    Last Run
------------------------------------------  -----  ---------  --------  ----------  --------------  -------------------
/opt/airflow/dags/loan_doc_pipeline_dag.py                           1           0  4.59s           2025-11-07T22:24:17
================================================================================
[2025-11-07T22:24:56.277+0000] {manager.py:878} INFO - 
================================================================================
DAG File Processing Stats

File Path                                   PID    Runtime      # DAGs    # Errors  Last Runtime    Last Run
------------------------------------------  -----  ---------  --------  ----------  --------------  -------------------
/opt/airflow/dags/loan_doc_pipeline_dag.py                           1           0  4.77s           2025-11-07T22:24:52
================================================================================
[2025-11-07T22:25:26.595+0000] {manager.py:878} INFO - 
================================================================================
DAG File Processing Stats

File Path                                     PID  Runtime      # DAGs    # Errors  Last Runtime    Last Run
------------------------------------------  -----  ---------  --------  ----------  --------------  -------------------
/opt/airflow/dags/loan_doc_pipeline_dag.py    790  4.04s             1           0  4.77s           2025-11-07T22:24:52
================================================================================
[2025-11-07T22:25:45.738+0000] {manager.py:737} INFO - Searching for files in /opt/airflow/dags
[2025-11-07T22:25:45.747+0000] {manager.py:740} INFO - There are 1 files in /opt/airflow/dags
[2025-11-07T22:25:56.870+0000] {manager.py:878} INFO - 
================================================================================
DAG File Processing Stats

File Path                                   PID    Runtime      # DAGs    # Errors  Last Runtime    Last Run
------------------------------------------  -----  ---------  --------  ----------  --------------  -------------------
/opt/airflow/dags/loan_doc_pipeline_dag.py                           1           0  5.44s           2025-11-07T22:25:27
================================================================================
[2025-11-07T22:26:27.539+0000] {manager.py:878} INFO - 
================================================================================
DAG File Processing Stats

File Path                                   PID    Runtime      # DAGs    # Errors  Last Runtime    Last Run
------------------------------------------  -----  ---------  --------  ----------  --------------  -------------------
/opt/airflow/dags/loan_doc_pipeline_dag.py                           1           0  5.12s           2025-11-07T22:26:03
================================================================================
[2025-11-07T22:26:57.797+0000] {manager.py:878} INFO - 
================================================================================
DAG File Processing Stats

File Path                                   PID    Runtime      # DAGs    # Errors  Last Runtime    Last Run
------------------------------------------  -----  ---------  --------  ----------  --------------  -------------------
/opt/airflow/dags/loan_doc_pipeline_dag.py                           1           0  5.24s           2025-11-07T22:26:38
================================================================================
[2025-11-07T22:27:27.980+0000] {manager.py:878} INFO - 
================================================================================
DAG File Processing Stats

File Path                                   PID    Runtime      # DAGs    # Errors  Last Runtime    Last Run
------------------------------------------  -----  ---------  --------  ----------  --------------  -------------------
/opt/airflow/dags/loan_doc_pipeline_dag.py                           1           0  4.96s           2025-11-07T22:27:13
================================================================================
[2025-11-07T22:27:58.209+0000] {manager.py:878} INFO - 
================================================================================
DAG File Processing Stats

File Path                                   PID    Runtime      # DAGs    # Errors  Last Runtime    Last Run
------------------------------------------  -----  ---------  --------  ----------  --------------  -------------------
/opt/airflow/dags/loan_doc_pipeline_dag.py                           1           0  5.02s           2025-11-07T22:27:49
================================================================================
[2025-11-07T22:28:28.552+0000] {manager.py:878} INFO - 
================================================================================
DAG File Processing Stats

File Path                                   PID    Runtime      # DAGs    # Errors  Last Runtime    Last Run
------------------------------------------  -----  ---------  --------  ----------  --------------  -------------------
/opt/airflow/dags/loan_doc_pipeline_dag.py                           1           0  4.31s           2025-11-07T22:28:23
================================================================================
[2025-11-07T22:28:59.151+0000] {manager.py:878} INFO - 
================================================================================
DAG File Processing Stats

File Path                                   PID    Runtime      # DAGs    # Errors  Last Runtime    Last Run
------------------------------------------  -----  ---------  --------  ----------  --------------  -------------------
/opt/airflow/dags/loan_doc_pipeline_dag.py                           1           0  4.44s           2025-11-07T22:28:58
================================================================================
[2025-11-07T22:29:29.574+0000] {manager.py:878} INFO - 
================================================================================
DAG File Processing Stats

File Path                                     PID  Runtime      # DAGs    # Errors  Last Runtime    Last Run
------------------------------------------  -----  ---------  --------  ----------  --------------  -------------------
/opt/airflow/dags/loan_doc_pipeline_dag.py    923  1.01s             1           0  4.44s           2025-11-07T22:28:58
================================================================================
[2025-11-07T22:30:02.457+0000] {manager.py:878} INFO - 
================================================================================
DAG File Processing Stats

File Path                                     PID  Runtime      # DAGs    # Errors  Last Runtime    Last Run
------------------------------------------  -----  ---------  --------  ----------  --------------  -------------------
/opt/airflow/dags/loan_doc_pipeline_dag.py    923  33.41s            1           0  4.44s           2025-11-07T22:28:58
================================================================================
[2025-11-07T22:30:05.228+0000] {manager.py:1016} ERROR - Processor for /opt/airflow/dags/loan_doc_pipeline_dag.py exited with return code 1.
[2025-11-07T22:30:34.604+0000] {manager.py:878} INFO - 
================================================================================
DAG File Processing Stats

File Path                                   PID    Runtime      # DAGs    # Errors  Last Runtime    Last Run
------------------------------------------  -----  ---------  --------  ----------  --------------  -------------------
/opt/airflow/dags/loan_doc_pipeline_dag.py                           0          -1  36.66s          2025-11-07T22:30:05
================================================================================
[2025-11-07T22:30:46.026+0000] {manager.py:737} INFO - Searching for files in /opt/airflow/dags
[2025-11-07T22:30:46.041+0000] {manager.py:740} INFO - There are 1 files in /opt/airflow/dags
[2025-11-07T22:31:05.511+0000] {manager.py:878} INFO - 
================================================================================
DAG File Processing Stats

File Path                                   PID    Runtime      # DAGs    # Errors  Last Runtime    Last Run
------------------------------------------  -----  ---------  --------  ----------  --------------  -------------------
/opt/airflow/dags/loan_doc_pipeline_dag.py                           1           0  8.43s           2025-11-07T22:30:44
================================================================================
[2025-11-07T22:31:35.779+0000] {manager.py:878} INFO - 
================================================================================
DAG File Processing Stats

File Path                                   PID    Runtime      # DAGs    # Errors  Last Runtime    Last Run
------------------------------------------  -----  ---------  --------  ----------  --------------  -------------------
/opt/airflow/dags/loan_doc_pipeline_dag.py                           1           0  5.77s           2025-11-07T22:31:20
================================================================================
[2025-11-07T22:32:06.050+0000] {manager.py:878} INFO - 
================================================================================
DAG File Processing Stats

File Path                                   PID    Runtime      # DAGs    # Errors  Last Runtime    Last Run
------------------------------------------  -----  ---------  --------  ----------  --------------  -------------------
/opt/airflow/dags/loan_doc_pipeline_dag.py                           1           0  8.42s           2025-11-07T22:31:59
================================================================================
[2025-11-07T22:32:36.422+0000] {manager.py:878} INFO - 
================================================================================
DAG File Processing Stats

File Path                                     PID  Runtime      # DAGs    # Errors  Last Runtime    Last Run
------------------------------------------  -----  ---------  --------  ----------  --------------  -------------------
/opt/airflow/dags/loan_doc_pipeline_dag.py    989  7.08s             1           0  8.42s           2025-11-07T22:31:59
================================================================================
[2025-11-07T22:33:06.708+0000] {manager.py:878} INFO - 
================================================================================
DAG File Processing Stats

File Path                                   PID    Runtime      # DAGs    # Errors  Last Runtime    Last Run
------------------------------------------  -----  ---------  --------  ----------  --------------  -------------------
/opt/airflow/dags/loan_doc_pipeline_dag.py                           1           0  7.97s           2025-11-07T22:32:37
================================================================================
[2025-11-07T22:33:37.401+0000] {manager.py:878} INFO - 
================================================================================
DAG File Processing Stats

File Path                                   PID    Runtime      # DAGs    # Errors  Last Runtime    Last Run
------------------------------------------  -----  ---------  --------  ----------  --------------  -------------------
/opt/airflow/dags/loan_doc_pipeline_dag.py                           1           0  6.55s           2025-11-07T22:33:14
================================================================================
[2025-11-07T22:34:07.776+0000] {manager.py:878} INFO - 
================================================================================
DAG File Processing Stats

File Path                                   PID    Runtime      # DAGs    # Errors  Last Runtime    Last Run
------------------------------------------  -----  ---------  --------  ----------  --------------  -------------------
/opt/airflow/dags/loan_doc_pipeline_dag.py                           1           0  17.34s          2025-11-07T22:34:01
================================================================================
[2025-11-07T22:34:37.981+0000] {manager.py:878} INFO - 
================================================================================
DAG File Processing Stats

File Path                                     PID  Runtime      # DAGs    # Errors  Last Runtime    Last Run
------------------------------------------  -----  ---------  --------  ----------  --------------  -------------------
/opt/airflow/dags/loan_doc_pipeline_dag.py   1046  5.36s             1           0  17.34s          2025-11-07T22:34:01
================================================================================
[2025-11-07T22:35:03.467+0000] {manager.py:1016} ERROR - Processor for /opt/airflow/dags/loan_doc_pipeline_dag.py exited with return code 1.
[2025-11-07T22:35:08.565+0000] {manager.py:878} INFO - 
================================================================================
DAG File Processing Stats

File Path                                   PID    Runtime      # DAGs    # Errors  Last Runtime    Last Run
------------------------------------------  -----  ---------  --------  ----------  --------------  -------------------
/opt/airflow/dags/loan_doc_pipeline_dag.py                           0          -1  30.85s          2025-11-07T22:35:03
================================================================================
[2025-11-07T22:35:38.615+0000] {manager.py:878} INFO - 
================================================================================
DAG File Processing Stats

File Path                                     PID  Runtime      # DAGs    # Errors  Last Runtime    Last Run
------------------------------------------  -----  ---------  --------  ----------  --------------  -------------------
/opt/airflow/dags/loan_doc_pipeline_dag.py   1047  4.28s             0          -1  30.85s          2025-11-07T22:35:03
================================================================================
[2025-11-07T22:35:46.190+0000] {manager.py:737} INFO - Searching for files in /opt/airflow/dags
[2025-11-07T22:35:46.195+0000] {manager.py:740} INFO - There are 1 files in /opt/airflow/dags
[2025-11-07T22:36:08.852+0000] {manager.py:878} INFO - 
================================================================================
DAG File Processing Stats

File Path                                   PID    Runtime      # DAGs    # Errors  Last Runtime    Last Run
------------------------------------------  -----  ---------  --------  ----------  --------------  -------------------
/opt/airflow/dags/loan_doc_pipeline_dag.py                           1           0  7.80s           2025-11-07T22:35:42
================================================================================
[2025-11-07T22:36:39.074+0000] {manager.py:878} INFO - 
================================================================================
DAG File Processing Stats

File Path                                   PID    Runtime      # DAGs    # Errors  Last Runtime    Last Run
------------------------------------------  -----  ---------  --------  ----------  --------------  -------------------
/opt/airflow/dags/loan_doc_pipeline_dag.py                           1           0  4.64s           2025-11-07T22:36:17
================================================================================
[2025-11-07T22:37:09.214+0000] {manager.py:878} INFO - 
================================================================================
DAG File Processing Stats

File Path                                   PID    Runtime      # DAGs    # Errors  Last Runtime    Last Run
------------------------------------------  -----  ---------  --------  ----------  --------------  -------------------
/opt/airflow/dags/loan_doc_pipeline_dag.py                           1           0  4.94s           2025-11-07T22:36:52
================================================================================
[2025-11-07T22:37:39.466+0000] {manager.py:878} INFO - 
================================================================================
DAG File Processing Stats

File Path                                   PID    Runtime      # DAGs    # Errors  Last Runtime    Last Run
------------------------------------------  -----  ---------  --------  ----------  --------------  -------------------
/opt/airflow/dags/loan_doc_pipeline_dag.py                           1           0  5.04s           2025-11-07T22:37:27
================================================================================
[2025-11-07T22:38:09.760+0000] {manager.py:878} INFO - 
================================================================================
DAG File Processing Stats

File Path                                   PID    Runtime      # DAGs    # Errors  Last Runtime    Last Run
------------------------------------------  -----  ---------  --------  ----------  --------------  -------------------
/opt/airflow/dags/loan_doc_pipeline_dag.py                           1           0  4.65s           2025-11-07T22:38:02
================================================================================
[2025-11-07T22:38:40.085+0000] {manager.py:878} INFO - 
================================================================================
DAG File Processing Stats

File Path                                   PID    Runtime      # DAGs    # Errors  Last Runtime    Last Run
------------------------------------------  -----  ---------  --------  ----------  --------------  -------------------
/opt/airflow/dags/loan_doc_pipeline_dag.py                           1           0  5.59s           2025-11-07T22:38:38
================================================================================
[2025-11-07T22:39:10.390+0000] {manager.py:878} INFO - 
================================================================================
DAG File Processing Stats

File Path                                     PID  Runtime      # DAGs    # Errors  Last Runtime    Last Run
------------------------------------------  -----  ---------  --------  ----------  --------------  -------------------
/opt/airflow/dags/loan_doc_pipeline_dag.py   1161  2.02s             1           0  5.59s           2025-11-07T22:38:38
================================================================================
[2025-11-07T22:39:40.408+0000] {manager.py:878} INFO - 
================================================================================
DAG File Processing Stats

File Path                                   PID    Runtime      # DAGs    # Errors  Last Runtime    Last Run
------------------------------------------  -----  ---------  --------  ----------  --------------  -------------------
/opt/airflow/dags/loan_doc_pipeline_dag.py                           1           0  5.84s           2025-11-07T22:39:14
================================================================================
[2025-11-07T22:39:47.828+0000] {manager.py:452} INFO - Exiting gracefully upon receiving signal 15
[2025-11-07T22:40:20.440+0000] {manager.py:470} INFO - Processing files using up to 2 processes at a time 
[2025-11-07T22:40:20.440+0000] {manager.py:471} INFO - Process each file at most once every 30 seconds
[2025-11-07T22:40:20.441+0000] {manager.py:472} INFO - Checking for new files in /opt/airflow/dags every 300 seconds
[2025-11-07T22:40:20.441+0000] {manager.py:737} INFO - Searching for files in /opt/airflow/dags
[2025-11-07T22:40:20.444+0000] {manager.py:740} INFO - There are 1 files in /opt/airflow/dags
[2025-11-07T22:40:20.520+0000] {manager.py:878} INFO - 
================================================================================
DAG File Processing Stats

File Path                                     PID  Runtime      # DAGs    # Errors  Last Runtime    Last Run
------------------------------------------  -----  ---------  --------  ----------  --------------  ----------
/opt/airflow/dags/loan_doc_pipeline_dag.py     28  0.04s             0           0
================================================================================
[2025-11-07T22:40:50.829+0000] {manager.py:878} INFO - 
================================================================================
DAG File Processing Stats

File Path                                   PID    Runtime      # DAGs    # Errors  Last Runtime    Last Run
------------------------------------------  -----  ---------  --------  ----------  --------------  -------------------
/opt/airflow/dags/loan_doc_pipeline_dag.py                           1           0  14.76s          2025-11-07T22:40:35
================================================================================
[2025-11-07T22:41:21.040+0000] {manager.py:878} INFO - 
================================================================================
DAG File Processing Stats

File Path                                   PID    Runtime      # DAGs    # Errors  Last Runtime    Last Run
------------------------------------------  -----  ---------  --------  ----------  --------------  -------------------
/opt/airflow/dags/loan_doc_pipeline_dag.py                           1           0  6.83s           2025-11-07T22:41:12
================================================================================
[2025-11-07T22:41:27.613+0000] {manager.py:452} INFO - Exiting gracefully upon receiving signal 15
[2025-11-07T22:41:55.426+0000] {manager.py:470} INFO - Processing files using up to 2 processes at a time 
[2025-11-07T22:41:55.428+0000] {manager.py:471} INFO - Process each file at most once every 30 seconds
[2025-11-07T22:41:55.428+0000] {manager.py:472} INFO - Checking for new files in /opt/airflow/dags every 300 seconds
[2025-11-07T22:41:55.430+0000] {manager.py:737} INFO - Searching for files in /opt/airflow/dags
[2025-11-07T22:41:55.435+0000] {manager.py:740} INFO - There are 1 files in /opt/airflow/dags
[2025-11-07T22:41:55.506+0000] {manager.py:878} INFO - 
================================================================================
DAG File Processing Stats

File Path                                     PID  Runtime      # DAGs    # Errors  Last Runtime    Last Run
------------------------------------------  -----  ---------  --------  ----------  --------------  ----------
/opt/airflow/dags/loan_doc_pipeline_dag.py     22  0.03s             0           0
================================================================================
[2025-11-07T22:42:25.514+0000] {manager.py:878} INFO - 
================================================================================
DAG File Processing Stats

File Path                                   PID    Runtime      # DAGs    # Errors  Last Runtime    Last Run
------------------------------------------  -----  ---------  --------  ----------  --------------  -------------------
/opt/airflow/dags/loan_doc_pipeline_dag.py                           1           0  14.91s          2025-11-07T22:42:10
================================================================================
[2025-11-07T22:42:56.102+0000] {manager.py:878} INFO - 
================================================================================
DAG File Processing Stats

File Path                                     PID  Runtime      # DAGs    # Errors  Last Runtime    Last Run
------------------------------------------  -----  ---------  --------  ----------  --------------  -------------------
/opt/airflow/dags/loan_doc_pipeline_dag.py     42  15.39s            1           0  14.91s          2025-11-07T22:42:10
================================================================================
[2025-11-07T22:43:26.489+0000] {manager.py:878} INFO - 
================================================================================
DAG File Processing Stats

File Path                                   PID    Runtime      # DAGs    # Errors  Last Runtime    Last Run
------------------------------------------  -----  ---------  --------  ----------  --------------  -------------------
/opt/airflow/dags/loan_doc_pipeline_dag.py                           1           0  18.93s          2025-11-07T22:42:59
================================================================================
[2025-11-07T22:43:56.739+0000] {manager.py:878} INFO - 
================================================================================
DAG File Processing Stats

File Path                                     PID  Runtime      # DAGs    # Errors  Last Runtime    Last Run
------------------------------------------  -----  ---------  --------  ----------  --------------  -------------------
/opt/airflow/dags/loan_doc_pipeline_dag.py     47  26.66s            1           0  18.93s          2025-11-07T22:42:59
================================================================================
[2025-11-07T22:44:02.272+0000] {manager.py:1016} ERROR - Processor for /opt/airflow/dags/loan_doc_pipeline_dag.py exited with return code 1.
[2025-11-07T22:44:27.575+0000] {manager.py:878} INFO - 
================================================================================
DAG File Processing Stats

File Path                                   PID    Runtime      # DAGs    # Errors  Last Runtime    Last Run
------------------------------------------  -----  ---------  --------  ----------  --------------  -------------------
/opt/airflow/dags/loan_doc_pipeline_dag.py                           0          -1  32.20s          2025-11-07T22:44:02
================================================================================
[2025-11-07T22:44:57.718+0000] {manager.py:878} INFO - 
================================================================================
DAG File Processing Stats

File Path                                     PID  Runtime      # DAGs    # Errors  Last Runtime    Last Run
------------------------------------------  -----  ---------  --------  ----------  --------------  -------------------
/opt/airflow/dags/loan_doc_pipeline_dag.py     49  24.83s            0          -1  32.20s          2025-11-07T22:44:02
================================================================================
[2025-11-07T22:45:04.924+0000] {manager.py:1016} ERROR - Processor for /opt/airflow/dags/loan_doc_pipeline_dag.py exited with return code 1.
[2025-11-07T22:45:28.076+0000] {manager.py:878} INFO - 
================================================================================
DAG File Processing Stats

File Path                                   PID    Runtime      # DAGs    # Errors  Last Runtime    Last Run
------------------------------------------  -----  ---------  --------  ----------  --------------  -------------------
/opt/airflow/dags/loan_doc_pipeline_dag.py                           0          -1  31.97s          2025-11-07T22:45:04
================================================================================
[2025-11-07T22:46:00.373+0000] {manager.py:878} INFO - 
================================================================================
DAG File Processing Stats

File Path                                     PID  Runtime      # DAGs    # Errors  Last Runtime    Last Run
------------------------------------------  -----  ---------  --------  ----------  --------------  -------------------
/opt/airflow/dags/loan_doc_pipeline_dag.py     51  23.43s            0          -1  31.97s          2025-11-07T22:45:04
================================================================================
[2025-11-07T22:46:06.689+0000] {manager.py:1016} ERROR - Processor for /opt/airflow/dags/loan_doc_pipeline_dag.py exited with return code 1.
[2025-11-07T22:46:30.923+0000] {manager.py:878} INFO - 
================================================================================
DAG File Processing Stats

File Path                                   PID    Runtime      # DAGs    # Errors  Last Runtime    Last Run
------------------------------------------  -----  ---------  --------  ----------  --------------  -------------------
/opt/airflow/dags/loan_doc_pipeline_dag.py                           0          -1  30.79s          2025-11-07T22:46:06
================================================================================
[2025-11-07T22:46:36.344+0000] {manager.py:452} INFO - Exiting gracefully upon receiving signal 15
[2025-11-07T22:47:12.974+0000] {manager.py:470} INFO - Processing files using up to 2 processes at a time 
[2025-11-07T22:47:12.975+0000] {manager.py:471} INFO - Process each file at most once every 30 seconds
[2025-11-07T22:47:12.975+0000] {manager.py:472} INFO - Checking for new files in /opt/airflow/dags every 300 seconds
[2025-11-07T22:47:12.976+0000] {manager.py:737} INFO - Searching for files in /opt/airflow/dags
[2025-11-07T22:47:12.980+0000] {manager.py:740} INFO - There are 1 files in /opt/airflow/dags
[2025-11-07T22:47:13.110+0000] {manager.py:878} INFO - 
================================================================================
DAG File Processing Stats

File Path                                     PID  Runtime      # DAGs    # Errors  Last Runtime    Last Run
------------------------------------------  -----  ---------  --------  ----------  --------------  ----------
/opt/airflow/dags/loan_doc_pipeline_dag.py     28  0.07s             0           0
================================================================================
[2025-11-07T22:47:43.292+0000] {manager.py:878} INFO - 
================================================================================
DAG File Processing Stats

File Path                                   PID    Runtime      # DAGs    # Errors  Last Runtime    Last Run
------------------------------------------  -----  ---------  --------  ----------  --------------  -------------------
/opt/airflow/dags/loan_doc_pipeline_dag.py                           1           0  13.68s          2025-11-07T22:47:26
================================================================================
[2025-11-07T22:48:13.452+0000] {manager.py:878} INFO - 
================================================================================
DAG File Processing Stats

File Path                                   PID    Runtime      # DAGs    # Errors  Last Runtime    Last Run
------------------------------------------  -----  ---------  --------  ----------  --------------  -------------------
/opt/airflow/dags/loan_doc_pipeline_dag.py                           1           0  7.37s           2025-11-07T22:48:04
================================================================================
[2025-11-07T22:48:43.596+0000] {manager.py:878} INFO - 
================================================================================
DAG File Processing Stats

File Path                                     PID  Runtime      # DAGs    # Errors  Last Runtime    Last Run
------------------------------------------  -----  ---------  --------  ----------  --------------  -------------------
/opt/airflow/dags/loan_doc_pipeline_dag.py     53  9.20s             1           0  7.37s           2025-11-07T22:48:04
================================================================================
[2025-11-07T22:49:14.118+0000] {manager.py:878} INFO - 
================================================================================
DAG File Processing Stats

File Path                                   PID    Runtime      # DAGs    # Errors  Last Runtime    Last Run
------------------------------------------  -----  ---------  --------  ----------  --------------  -------------------
/opt/airflow/dags/loan_doc_pipeline_dag.py                           1           0  10.68s          2025-11-07T22:48:45
================================================================================
[2025-11-07T22:49:44.161+0000] {manager.py:878} INFO - 
================================================================================
DAG File Processing Stats

File Path                                   PID    Runtime      # DAGs    # Errors  Last Runtime    Last Run
------------------------------------------  -----  ---------  --------  ----------  --------------  -------------------
/opt/airflow/dags/loan_doc_pipeline_dag.py                           1           0  8.80s           2025-11-07T22:49:23
================================================================================
[2025-11-07T22:50:15.018+0000] {manager.py:878} INFO - 
================================================================================
DAG File Processing Stats

File Path                                     PID  Runtime      # DAGs    # Errors  Last Runtime    Last Run
------------------------------------------  -----  ---------  --------  ----------  --------------  -------------------
/opt/airflow/dags/loan_doc_pipeline_dag.py     63  20.62s            1           0  8.80s           2025-11-07T22:49:23
================================================================================
[2025-11-07T22:50:45.044+0000] {manager.py:878} INFO - 
================================================================================
DAG File Processing Stats

File Path                                   PID    Runtime      # DAGs    # Errors  Last Runtime    Last Run
------------------------------------------  -----  ---------  --------  ----------  --------------  -------------------
/opt/airflow/dags/loan_doc_pipeline_dag.py                           1           0  22.86s          2025-11-07T22:50:17
================================================================================
[2025-11-07T22:51:15.304+0000] {manager.py:878} INFO - 
================================================================================
DAG File Processing Stats

File Path                                     PID  Runtime      # DAGs    # Errors  Last Runtime    Last Run
------------------------------------------  -----  ---------  --------  ----------  --------------  -------------------
/opt/airflow/dags/loan_doc_pipeline_dag.py     68  27.15s            1           0  22.86s          2025-11-07T22:50:17
================================================================================
[2025-11-07T22:51:19.074+0000] {manager.py:1016} ERROR - Processor for /opt/airflow/dags/loan_doc_pipeline_dag.py exited with return code 1.
[2025-11-07T22:51:45.476+0000] {manager.py:878} INFO - 
================================================================================
DAG File Processing Stats

File Path                                   PID    Runtime      # DAGs    # Errors  Last Runtime    Last Run
------------------------------------------  -----  ---------  --------  ----------  --------------  -------------------
/opt/airflow/dags/loan_doc_pipeline_dag.py                           0          -1  30.92s          2025-11-07T22:51:19
================================================================================
[2025-11-07T22:52:13.023+0000] {manager.py:737} INFO - Searching for files in /opt/airflow/dags
[2025-11-07T22:52:13.030+0000] {manager.py:740} INFO - There are 1 files in /opt/airflow/dags
[2025-11-07T22:52:15.874+0000] {manager.py:878} INFO - 
================================================================================
DAG File Processing Stats

File Path                                   PID    Runtime      # DAGs    # Errors  Last Runtime    Last Run
------------------------------------------  -----  ---------  --------  ----------  --------------  -------------------
/opt/airflow/dags/loan_doc_pipeline_dag.py                           1           0  9.36s           2025-11-07T22:51:58
================================================================================
[2025-11-07T22:52:47.044+0000] {manager.py:878} INFO - 
================================================================================
DAG File Processing Stats

File Path                                   PID    Runtime      # DAGs    # Errors  Last Runtime    Last Run
------------------------------------------  -----  ---------  --------  ----------  --------------  -------------------
/opt/airflow/dags/loan_doc_pipeline_dag.py                           1           0  14.31s          2025-11-07T22:52:43
================================================================================
[2025-11-07T22:53:17.719+0000] {manager.py:878} INFO - 
================================================================================
DAG File Processing Stats

File Path                                     PID  Runtime      # DAGs    # Errors  Last Runtime    Last Run
------------------------------------------  -----  ---------  --------  ----------  --------------  -------------------
/opt/airflow/dags/loan_doc_pipeline_dag.py     80  4.29s             1           0  14.31s          2025-11-07T22:52:43
================================================================================
[2025-11-07T22:53:48.186+0000] {manager.py:878} INFO - 
================================================================================
DAG File Processing Stats

File Path                                   PID    Runtime      # DAGs    # Errors  Last Runtime    Last Run
------------------------------------------  -----  ---------  --------  ----------  --------------  -------------------
/opt/airflow/dags/loan_doc_pipeline_dag.py                           1           0  20.58s          2025-11-07T22:53:34
================================================================================
[2025-11-07T22:54:18.348+0000] {manager.py:878} INFO - 
================================================================================
DAG File Processing Stats

File Path                                     PID  Runtime      # DAGs    # Errors  Last Runtime    Last Run
------------------------------------------  -----  ---------  --------  ----------  --------------  -------------------
/opt/airflow/dags/loan_doc_pipeline_dag.py     85  13.99s            1           0  20.58s          2025-11-07T22:53:34
================================================================================
[2025-11-07T22:54:48.571+0000] {manager.py:878} INFO - 
================================================================================
DAG File Processing Stats

File Path                                   PID    Runtime      # DAGs    # Errors  Last Runtime    Last Run
------------------------------------------  -----  ---------  --------  ----------  --------------  -------------------
/opt/airflow/dags/loan_doc_pipeline_dag.py                           1           0  14.80s          2025-11-07T22:54:19
================================================================================
[2025-11-07T22:55:18.897+0000] {manager.py:878} INFO - 
================================================================================
DAG File Processing Stats

File Path                                   PID    Runtime      # DAGs    # Errors  Last Runtime    Last Run
------------------------------------------  -----  ---------  --------  ----------  --------------  -------------------
/opt/airflow/dags/loan_doc_pipeline_dag.py                           1           0  5.49s           2025-11-07T22:54:55
================================================================================
[2025-11-07T22:55:49.184+0000] {manager.py:878} INFO - 
================================================================================
DAG File Processing Stats

File Path                                   PID    Runtime      # DAGs    # Errors  Last Runtime    Last Run
------------------------------------------  -----  ---------  --------  ----------  --------------  -------------------
/opt/airflow/dags/loan_doc_pipeline_dag.py                           1           0  8.05s           2025-11-07T22:55:33
================================================================================
[2025-11-07T22:56:19.305+0000] {manager.py:878} INFO - 
================================================================================
DAG File Processing Stats

File Path                                   PID    Runtime      # DAGs    # Errors  Last Runtime    Last Run
------------------------------------------  -----  ---------  --------  ----------  --------------  -------------------
/opt/airflow/dags/loan_doc_pipeline_dag.py                           1           0  5.56s           2025-11-07T22:56:09
================================================================================
[2025-11-07T22:56:49.581+0000] {manager.py:878} INFO - 
================================================================================
DAG File Processing Stats

File Path                                   PID    Runtime      # DAGs    # Errors  Last Runtime    Last Run
------------------------------------------  -----  ---------  --------  ----------  --------------  -------------------
/opt/airflow/dags/loan_doc_pipeline_dag.py                           1           0  6.47s           2025-11-07T22:56:45
================================================================================
[2025-11-07T22:57:13.208+0000] {manager.py:737} INFO - Searching for files in /opt/airflow/dags
[2025-11-07T22:57:13.216+0000] {manager.py:740} INFO - There are 1 files in /opt/airflow/dags
[2025-11-07T22:57:19.854+0000] {manager.py:878} INFO - 
================================================================================
DAG File Processing Stats

File Path                                     PID  Runtime      # DAGs    # Errors  Last Runtime    Last Run
------------------------------------------  -----  ---------  --------  ----------  --------------  -------------------
/opt/airflow/dags/loan_doc_pipeline_dag.py    117  3.58s             1           0  6.47s           2025-11-07T22:56:45
================================================================================
[2025-11-07T22:57:50.587+0000] {manager.py:878} INFO - 
================================================================================
DAG File Processing Stats

File Path                                   PID    Runtime      # DAGs    # Errors  Last Runtime    Last Run
------------------------------------------  -----  ---------  --------  ----------  --------------  -------------------
/opt/airflow/dags/loan_doc_pipeline_dag.py                           1           0  6.10s           2025-11-07T22:57:22
================================================================================
[2025-11-07T22:58:20.924+0000] {manager.py:878} INFO - 
================================================================================
DAG File Processing Stats

File Path                                   PID    Runtime      # DAGs    # Errors  Last Runtime    Last Run
------------------------------------------  -----  ---------  --------  ----------  --------------  -------------------
/opt/airflow/dags/loan_doc_pipeline_dag.py                           1           0  8.71s           2025-11-07T22:58:01
================================================================================
[2025-11-07T22:58:51.124+0000] {manager.py:878} INFO - 
================================================================================
DAG File Processing Stats

File Path                                   PID    Runtime      # DAGs    # Errors  Last Runtime    Last Run
------------------------------------------  -----  ---------  --------  ----------  --------------  -------------------
/opt/airflow/dags/loan_doc_pipeline_dag.py                           1           0  5.86s           2025-11-07T22:58:37
================================================================================
[2025-11-07T22:59:21.274+0000] {manager.py:878} INFO - 
================================================================================
DAG File Processing Stats

File Path                                   PID    Runtime      # DAGs    # Errors  Last Runtime    Last Run
------------------------------------------  -----  ---------  --------  ----------  --------------  -------------------
/opt/airflow/dags/loan_doc_pipeline_dag.py                           1           0  6.48s           2025-11-07T22:59:14
================================================================================
[2025-11-07T22:59:51.386+0000] {manager.py:878} INFO - 
================================================================================
DAG File Processing Stats

File Path                                   PID    Runtime      # DAGs    # Errors  Last Runtime    Last Run
------------------------------------------  -----  ---------  --------  ----------  --------------  -------------------
/opt/airflow/dags/loan_doc_pipeline_dag.py                           1           0  5.89s           2025-11-07T22:59:50
================================================================================
[2025-11-07T23:00:21.747+0000] {manager.py:878} INFO - 
================================================================================
DAG File Processing Stats

File Path                                     PID  Runtime      # DAGs    # Errors  Last Runtime    Last Run
------------------------------------------  -----  ---------  --------  ----------  --------------  -------------------
/opt/airflow/dags/loan_doc_pipeline_dag.py    142  1.01s             1           0  5.89s           2025-11-07T22:59:50
================================================================================
[2025-11-07T23:00:51.979+0000] {manager.py:878} INFO - 
================================================================================
DAG File Processing Stats

File Path                                   PID    Runtime      # DAGs    # Errors  Last Runtime    Last Run
------------------------------------------  -----  ---------  --------  ----------  --------------  -------------------
/opt/airflow/dags/loan_doc_pipeline_dag.py                           1           0  5.62s           2025-11-07T23:00:26
================================================================================
[2025-11-07T23:01:22.245+0000] {manager.py:878} INFO - 
================================================================================
DAG File Processing Stats

File Path                                   PID    Runtime      # DAGs    # Errors  Last Runtime    Last Run
------------------------------------------  -----  ---------  --------  ----------  --------------  -------------------
/opt/airflow/dags/loan_doc_pipeline_dag.py                           1           0  5.53s           2025-11-07T23:01:02
================================================================================
[2025-11-07T23:01:52.487+0000] {manager.py:878} INFO - 
================================================================================
DAG File Processing Stats

File Path                                   PID    Runtime      # DAGs    # Errors  Last Runtime    Last Run
------------------------------------------  -----  ---------  --------  ----------  --------------  -------------------
/opt/airflow/dags/loan_doc_pipeline_dag.py                           1           0  5.06s           2025-11-07T23:01:37
================================================================================
[2025-11-07T23:02:13.855+0000] {manager.py:737} INFO - Searching for files in /opt/airflow/dags
[2025-11-07T23:02:13.921+0000] {manager.py:740} INFO - There are 1 files in /opt/airflow/dags
[2025-11-07T23:02:22.918+0000] {manager.py:878} INFO - 
================================================================================
DAG File Processing Stats

File Path                                   PID    Runtime      # DAGs    # Errors  Last Runtime    Last Run
------------------------------------------  -----  ---------  --------  ----------  --------------  -------------------
/opt/airflow/dags/loan_doc_pipeline_dag.py                           1           0  8.23s           2025-11-07T23:02:15
================================================================================
[2025-11-07T23:02:53.180+0000] {manager.py:878} INFO - 
================================================================================
DAG File Processing Stats

File Path                                   PID    Runtime      # DAGs    # Errors  Last Runtime    Last Run
------------------------------------------  -----  ---------  --------  ----------  --------------  -------------------
/opt/airflow/dags/loan_doc_pipeline_dag.py                           1           0  6.04s           2025-11-07T23:02:52
================================================================================
[2025-11-07T23:03:23.462+0000] {manager.py:878} INFO - 
================================================================================
DAG File Processing Stats

File Path                                     PID  Runtime      # DAGs    # Errors  Last Runtime    Last Run
------------------------------------------  -----  ---------  --------  ----------  --------------  -------------------
/opt/airflow/dags/loan_doc_pipeline_dag.py    167  1.01s             1           0  6.04s           2025-11-07T23:02:52
================================================================================
[2025-11-07T23:03:53.772+0000] {manager.py:878} INFO - 
================================================================================
DAG File Processing Stats

File Path                                   PID    Runtime      # DAGs    # Errors  Last Runtime    Last Run
------------------------------------------  -----  ---------  --------  ----------  --------------  -------------------
/opt/airflow/dags/loan_doc_pipeline_dag.py                           1           0  5.25s           2025-11-07T23:03:27
================================================================================
[2025-11-07T23:04:24.056+0000] {manager.py:878} INFO - 
================================================================================
DAG File Processing Stats

File Path                                   PID    Runtime      # DAGs    # Errors  Last Runtime    Last Run
------------------------------------------  -----  ---------  --------  ----------  --------------  -------------------
/opt/airflow/dags/loan_doc_pipeline_dag.py                           1           0  5.07s           2025-11-07T23:04:02
================================================================================
[2025-11-07T23:04:54.329+0000] {manager.py:878} INFO - 
================================================================================
DAG File Processing Stats

File Path                                   PID    Runtime      # DAGs    # Errors  Last Runtime    Last Run
------------------------------------------  -----  ---------  --------  ----------  --------------  -------------------
/opt/airflow/dags/loan_doc_pipeline_dag.py                           1           0  5.13s           2025-11-07T23:04:38
================================================================================
[2025-11-07T23:05:24.641+0000] {manager.py:878} INFO - 
================================================================================
DAG File Processing Stats

File Path                                   PID    Runtime      # DAGs    # Errors  Last Runtime    Last Run
------------------------------------------  -----  ---------  --------  ----------  --------------  -------------------
/opt/airflow/dags/loan_doc_pipeline_dag.py                           1           0  4.69s           2025-11-07T23:05:13
================================================================================
[2025-11-07T23:05:54.871+0000] {manager.py:878} INFO - 
================================================================================
DAG File Processing Stats

File Path                                   PID    Runtime      # DAGs    # Errors  Last Runtime    Last Run
------------------------------------------  -----  ---------  --------  ----------  --------------  -------------------
/opt/airflow/dags/loan_doc_pipeline_dag.py                           1           0  4.88s           2025-11-07T23:05:48
================================================================================
[2025-11-07T23:06:25.123+0000] {manager.py:878} INFO - 
================================================================================
DAG File Processing Stats

File Path                                   PID    Runtime      # DAGs    # Errors  Last Runtime    Last Run
------------------------------------------  -----  ---------  --------  ----------  --------------  -------------------
/opt/airflow/dags/loan_doc_pipeline_dag.py                           1           0  4.69s           2025-11-07T23:06:23
================================================================================
[2025-11-07T23:06:55.461+0000] {manager.py:878} INFO - 
================================================================================
DAG File Processing Stats

File Path                                     PID  Runtime      # DAGs    # Errors  Last Runtime    Last Run
------------------------------------------  -----  ---------  --------  ----------  --------------  -------------------
/opt/airflow/dags/loan_doc_pipeline_dag.py    197  2.03s             1           0  4.69s           2025-11-07T23:06:23
================================================================================
[2025-11-07T23:07:14.469+0000] {manager.py:737} INFO - Searching for files in /opt/airflow/dags
[2025-11-07T23:07:14.475+0000] {manager.py:740} INFO - There are 1 files in /opt/airflow/dags
[2025-11-07T23:07:25.612+0000] {manager.py:878} INFO - 
================================================================================
DAG File Processing Stats

File Path                                   PID    Runtime      # DAGs    # Errors  Last Runtime    Last Run
------------------------------------------  -----  ---------  --------  ----------  --------------  -------------------
/opt/airflow/dags/loan_doc_pipeline_dag.py                           1           0  4.88s           2025-11-07T23:06:58
================================================================================
[2025-11-07T23:07:55.877+0000] {manager.py:878} INFO - 
================================================================================
DAG File Processing Stats

File Path                                   PID    Runtime      # DAGs    # Errors  Last Runtime    Last Run
------------------------------------------  -----  ---------  --------  ----------  --------------  -------------------
/opt/airflow/dags/loan_doc_pipeline_dag.py                           1           0  4.97s           2025-11-07T23:07:33
================================================================================
[2025-11-07T23:08:25.921+0000] {manager.py:878} INFO - 
================================================================================
DAG File Processing Stats

File Path                                   PID    Runtime      # DAGs    # Errors  Last Runtime    Last Run
------------------------------------------  -----  ---------  --------  ----------  --------------  -------------------
/opt/airflow/dags/loan_doc_pipeline_dag.py                           1           0  4.75s           2025-11-07T23:08:08
================================================================================
[2025-11-07T23:08:56.176+0000] {manager.py:878} INFO - 
================================================================================
DAG File Processing Stats

File Path                                   PID    Runtime      # DAGs    # Errors  Last Runtime    Last Run
------------------------------------------  -----  ---------  --------  ----------  --------------  -------------------
/opt/airflow/dags/loan_doc_pipeline_dag.py                           1           0  5.12s           2025-11-07T23:08:44
================================================================================
[2025-11-07T23:09:26.254+0000] {manager.py:878} INFO - 
================================================================================
DAG File Processing Stats

File Path                                   PID    Runtime      # DAGs    # Errors  Last Runtime    Last Run
------------------------------------------  -----  ---------  --------  ----------  --------------  -------------------
/opt/airflow/dags/loan_doc_pipeline_dag.py                           1           0  4.79s           2025-11-07T23:09:19
================================================================================
[2025-11-07T23:09:56.535+0000] {manager.py:878} INFO - 
================================================================================
DAG File Processing Stats

File Path                                   PID    Runtime      # DAGs    # Errors  Last Runtime    Last Run
------------------------------------------  -----  ---------  --------  ----------  --------------  -------------------
/opt/airflow/dags/loan_doc_pipeline_dag.py                           1           0  5.05s           2025-11-07T23:09:54
================================================================================
[2025-11-07T23:10:26.836+0000] {manager.py:878} INFO - 
================================================================================
DAG File Processing Stats

File Path                                     PID  Runtime      # DAGs    # Errors  Last Runtime    Last Run
------------------------------------------  -----  ---------  --------  ----------  --------------  -------------------
/opt/airflow/dags/loan_doc_pipeline_dag.py    227  2.03s             1           0  5.05s           2025-11-07T23:09:54
================================================================================
[2025-11-07T23:10:57.476+0000] {manager.py:878} INFO - 
================================================================================
DAG File Processing Stats

File Path                                   PID    Runtime      # DAGs    # Errors  Last Runtime    Last Run
------------------------------------------  -----  ---------  --------  ----------  --------------  -------------------
/opt/airflow/dags/loan_doc_pipeline_dag.py                           1           0  4.65s           2025-11-07T23:10:29
================================================================================
[2025-11-07T23:11:27.907+0000] {manager.py:878} INFO - 
================================================================================
DAG File Processing Stats

File Path                                   PID    Runtime      # DAGs    # Errors  Last Runtime    Last Run
------------------------------------------  -----  ---------  --------  ----------  --------------  -------------------
/opt/airflow/dags/loan_doc_pipeline_dag.py                           1           0  5.48s           2025-11-07T23:11:04
================================================================================
[2025-11-07T23:11:58.179+0000] {manager.py:878} INFO - 
================================================================================
DAG File Processing Stats

File Path                                   PID    Runtime      # DAGs    # Errors  Last Runtime    Last Run
------------------------------------------  -----  ---------  --------  ----------  --------------  -------------------
/opt/airflow/dags/loan_doc_pipeline_dag.py                           1           0  4.79s           2025-11-07T23:11:40
================================================================================
[2025-11-07T23:12:14.524+0000] {manager.py:737} INFO - Searching for files in /opt/airflow/dags
[2025-11-07T23:12:14.530+0000] {manager.py:740} INFO - There are 1 files in /opt/airflow/dags
[2025-11-07T23:12:28.684+0000] {manager.py:878} INFO - 
================================================================================
DAG File Processing Stats

File Path                                   PID    Runtime      # DAGs    # Errors  Last Runtime    Last Run
------------------------------------------  -----  ---------  --------  ----------  --------------  -------------------
/opt/airflow/dags/loan_doc_pipeline_dag.py                           1           0  5.75s           2025-11-07T23:12:16
================================================================================
[2025-11-07T23:12:54.328+0000] {manager.py:452} INFO - Exiting gracefully upon receiving signal 15
[2025-11-07T23:13:26.988+0000] {manager.py:470} INFO - Processing files using up to 2 processes at a time 
[2025-11-07T23:13:26.989+0000] {manager.py:471} INFO - Process each file at most once every 30 seconds
[2025-11-07T23:13:26.989+0000] {manager.py:472} INFO - Checking for new files in /opt/airflow/dags every 300 seconds
[2025-11-07T23:13:26.989+0000] {manager.py:737} INFO - Searching for files in /opt/airflow/dags
[2025-11-07T23:13:26.992+0000] {manager.py:740} INFO - There are 1 files in /opt/airflow/dags
[2025-11-07T23:13:27.083+0000] {manager.py:878} INFO - 
================================================================================
DAG File Processing Stats

File Path                                     PID  Runtime      # DAGs    # Errors  Last Runtime    Last Run
------------------------------------------  -----  ---------  --------  ----------  --------------  ----------
/opt/airflow/dags/loan_doc_pipeline_dag.py     22  0.05s             0           0
================================================================================
[2025-11-07T23:13:57.102+0000] {manager.py:878} INFO - 
================================================================================
DAG File Processing Stats

File Path                                   PID    Runtime      # DAGs    # Errors  Last Runtime    Last Run
------------------------------------------  -----  ---------  --------  ----------  --------------  -------------------
/opt/airflow/dags/loan_doc_pipeline_dag.py                           1           0  15.80s          2025-11-07T23:13:42
================================================================================
[2025-11-07T23:14:27.288+0000] {manager.py:878} INFO - 
================================================================================
DAG File Processing Stats

File Path                                   PID    Runtime      # DAGs    # Errors  Last Runtime    Last Run
------------------------------------------  -----  ---------  --------  ----------  --------------  -------------------
/opt/airflow/dags/loan_doc_pipeline_dag.py                           1           0  6.68s           2025-11-07T23:14:19
================================================================================
[2025-11-07T23:14:57.703+0000] {manager.py:878} INFO - 
================================================================================
DAG File Processing Stats

File Path                                     PID  Runtime      # DAGs    # Errors  Last Runtime    Last Run
------------------------------------------  -----  ---------  --------  ----------  --------------  -------------------
/opt/airflow/dags/loan_doc_pipeline_dag.py     47  7.06s             1           0  6.68s           2025-11-07T23:14:19
================================================================================
[2025-11-07T23:15:28.188+0000] {manager.py:878} INFO - 
================================================================================
DAG File Processing Stats

File Path                                   PID    Runtime      # DAGs    # Errors  Last Runtime    Last Run
------------------------------------------  -----  ---------  --------  ----------  --------------  -------------------
/opt/airflow/dags/loan_doc_pipeline_dag.py                           1           0  8.14s           2025-11-07T23:14:58
================================================================================
[2025-11-07T23:15:58.916+0000] {manager.py:878} INFO - 
================================================================================
DAG File Processing Stats

File Path                                   PID    Runtime      # DAGs    # Errors  Last Runtime    Last Run
------------------------------------------  -----  ---------  --------  ----------  --------------  -------------------
/opt/airflow/dags/loan_doc_pipeline_dag.py                           1           0  28.69s          2025-11-07T23:15:57
================================================================================
[2025-11-07T23:16:29.756+0000] {manager.py:878} INFO - 
================================================================================
DAG File Processing Stats

File Path                                     PID  Runtime      # DAGs    # Errors  Last Runtime    Last Run
------------------------------------------  -----  ---------  --------  ----------  --------------  -------------------
/opt/airflow/dags/loan_doc_pipeline_dag.py     69  1.07s             1           0  28.69s          2025-11-07T23:15:57
================================================================================
[2025-11-07T23:17:00.259+0000] {manager.py:878} INFO - 
================================================================================
DAG File Processing Stats

File Path                                   PID    Runtime      # DAGs    # Errors  Last Runtime    Last Run
------------------------------------------  -----  ---------  --------  ----------  --------------  -------------------
/opt/airflow/dags/loan_doc_pipeline_dag.py                           1           0  11.79s          2025-11-07T23:16:40
================================================================================
[2025-11-07T23:17:30.665+0000] {manager.py:878} INFO - 
================================================================================
DAG File Processing Stats

File Path                                   PID    Runtime      # DAGs    # Errors  Last Runtime    Last Run
------------------------------------------  -----  ---------  --------  ----------  --------------  -------------------
/opt/airflow/dags/loan_doc_pipeline_dag.py                           1           0  13.95s          2025-11-07T23:17:24
================================================================================
[2025-11-07T23:18:01.507+0000] {manager.py:878} INFO - 
================================================================================
DAG File Processing Stats

File Path                                     PID  Runtime      # DAGs    # Errors  Last Runtime    Last Run
------------------------------------------  -----  ---------  --------  ----------  --------------  -------------------
/opt/airflow/dags/loan_doc_pipeline_dag.py     79  6.46s             1           0  13.95s          2025-11-07T23:17:24
================================================================================
[2025-11-07T23:18:25.165+0000] {manager.py:1016} ERROR - Processor for /opt/airflow/dags/loan_doc_pipeline_dag.py exited with return code 1.
[2025-11-07T23:18:27.195+0000] {manager.py:737} INFO - Searching for files in /opt/airflow/dags
[2025-11-07T23:18:27.203+0000] {manager.py:740} INFO - There are 1 files in /opt/airflow/dags
[2025-11-07T23:18:32.032+0000] {manager.py:878} INFO - 
================================================================================
DAG File Processing Stats

File Path                                   PID    Runtime      # DAGs    # Errors  Last Runtime    Last Run
------------------------------------------  -----  ---------  --------  ----------  --------------  -------------------
/opt/airflow/dags/loan_doc_pipeline_dag.py                           0          -1  30.22s          2025-11-07T23:18:25
================================================================================
[2025-11-07T23:19:03.007+0000] {manager.py:878} INFO - 
================================================================================
DAG File Processing Stats

File Path                                     PID  Runtime      # DAGs    # Errors  Last Runtime    Last Run
------------------------------------------  -----  ---------  --------  ----------  --------------  -------------------
/opt/airflow/dags/loan_doc_pipeline_dag.py     80  7.15s             0          -1  30.22s          2025-11-07T23:18:25
================================================================================
[2025-11-07T23:19:33.694+0000] {manager.py:878} INFO - 
================================================================================
DAG File Processing Stats

File Path                                   PID    Runtime      # DAGs    # Errors  Last Runtime    Last Run
------------------------------------------  -----  ---------  --------  ----------  --------------  -------------------
/opt/airflow/dags/loan_doc_pipeline_dag.py                           1           0  21.75s          2025-11-07T23:19:17
================================================================================
[2025-11-07T23:20:04.142+0000] {manager.py:878} INFO - 
================================================================================
DAG File Processing Stats

File Path                                   PID    Runtime      # DAGs    # Errors  Last Runtime    Last Run
------------------------------------------  -----  ---------  --------  ----------  --------------  -------------------
/opt/airflow/dags/loan_doc_pipeline_dag.py                           1           0  12.31s          2025-11-07T23:20:00
================================================================================
[2025-11-07T23:20:34.451+0000] {manager.py:878} INFO - 
================================================================================
DAG File Processing Stats

File Path                                     PID  Runtime      # DAGs    # Errors  Last Runtime    Last Run
------------------------------------------  -----  ---------  --------  ----------  --------------  -------------------
/opt/airflow/dags/loan_doc_pipeline_dag.py     90  4.05s             1           0  12.31s          2025-11-07T23:20:00
================================================================================
[2025-11-07T23:21:04.849+0000] {manager.py:878} INFO - 
================================================================================
DAG File Processing Stats

File Path                                   PID    Runtime      # DAGs    # Errors  Last Runtime    Last Run
------------------------------------------  -----  ---------  --------  ----------  --------------  -------------------
/opt/airflow/dags/loan_doc_pipeline_dag.py                           1           0  6.44s           2025-11-07T23:20:36
================================================================================
[2025-11-07T23:21:35.553+0000] {manager.py:878} INFO - 
================================================================================
DAG File Processing Stats

File Path                                   PID    Runtime      # DAGs    # Errors  Last Runtime    Last Run
------------------------------------------  -----  ---------  --------  ----------  --------------  -------------------
/opt/airflow/dags/loan_doc_pipeline_dag.py                           1           0  6.35s           2025-11-07T23:21:13
================================================================================
[2025-11-07T23:22:06.009+0000] {manager.py:878} INFO - 
================================================================================
DAG File Processing Stats

File Path                                   PID    Runtime      # DAGs    # Errors  Last Runtime    Last Run
------------------------------------------  -----  ---------  --------  ----------  --------------  -------------------
/opt/airflow/dags/loan_doc_pipeline_dag.py                           1           0  7.10s           2025-11-07T23:21:50
================================================================================
[2025-11-07T23:22:36.701+0000] {manager.py:878} INFO - 
================================================================================
DAG File Processing Stats

File Path                                   PID    Runtime      # DAGs    # Errors  Last Runtime    Last Run
------------------------------------------  -----  ---------  --------  ----------  --------------  -------------------
/opt/airflow/dags/loan_doc_pipeline_dag.py                           1           0  6.34s           2025-11-07T23:22:27
================================================================================
[2025-11-07T23:23:07.147+0000] {manager.py:878} INFO - 
================================================================================
DAG File Processing Stats

File Path                                   PID    Runtime      # DAGs    # Errors  Last Runtime    Last Run
------------------------------------------  -----  ---------  --------  ----------  --------------  -------------------
/opt/airflow/dags/loan_doc_pipeline_dag.py                           1           0  5.59s           2025-11-07T23:23:03
================================================================================
[2025-11-07T23:23:27.380+0000] {manager.py:737} INFO - Searching for files in /opt/airflow/dags
[2025-11-07T23:23:27.387+0000] {manager.py:740} INFO - There are 1 files in /opt/airflow/dags
[2025-11-07T23:23:37.511+0000] {manager.py:878} INFO - 
================================================================================
DAG File Processing Stats

File Path                                     PID  Runtime      # DAGs    # Errors  Last Runtime    Last Run
------------------------------------------  -----  ---------  --------  ----------  --------------  -------------------
/opt/airflow/dags/loan_doc_pipeline_dag.py    115  3.60s             1           0  5.59s           2025-11-07T23:23:03
================================================================================
[2025-11-07T23:24:07.882+0000] {manager.py:878} INFO - 
================================================================================
DAG File Processing Stats

File Path                                   PID    Runtime      # DAGs    # Errors  Last Runtime    Last Run
------------------------------------------  -----  ---------  --------  ----------  --------------  -------------------
/opt/airflow/dags/loan_doc_pipeline_dag.py                           1           0  8.99s           2025-11-07T23:23:42
================================================================================
[2025-11-07T23:24:38.160+0000] {manager.py:878} INFO - 
================================================================================
DAG File Processing Stats

File Path                                   PID    Runtime      # DAGs    # Errors  Last Runtime    Last Run
------------------------------------------  -----  ---------  --------  ----------  --------------  -------------------
/opt/airflow/dags/loan_doc_pipeline_dag.py                           1           0  9.03s           2025-11-07T23:24:21
================================================================================
[2025-11-07T23:25:08.826+0000] {manager.py:878} INFO - 
================================================================================
DAG File Processing Stats

File Path                                   PID    Runtime      # DAGs    # Errors  Last Runtime    Last Run
------------------------------------------  -----  ---------  --------  ----------  --------------  -------------------
/opt/airflow/dags/loan_doc_pipeline_dag.py                           1           0  5.74s           2025-11-07T23:24:58
================================================================================
[2025-11-07T23:25:39.066+0000] {manager.py:878} INFO - 
================================================================================
DAG File Processing Stats

File Path                                   PID    Runtime      # DAGs    # Errors  Last Runtime    Last Run
------------------------------------------  -----  ---------  --------  ----------  --------------  -------------------
/opt/airflow/dags/loan_doc_pipeline_dag.py                           1           0  5.82s           2025-11-07T23:25:34
================================================================================
[2025-11-07T23:26:09.340+0000] {manager.py:878} INFO - 
================================================================================
DAG File Processing Stats

File Path                                     PID  Runtime      # DAGs    # Errors  Last Runtime    Last Run
------------------------------------------  -----  ---------  --------  ----------  --------------  -------------------
/opt/airflow/dags/loan_doc_pipeline_dag.py    145  5.04s             1           0  5.82s           2025-11-07T23:25:34
================================================================================
[2025-11-07T23:26:39.623+0000] {manager.py:878} INFO - 
================================================================================
DAG File Processing Stats

File Path                                     PID  Runtime      # DAGs    # Errors  Last Runtime    Last Run
------------------------------------------  -----  ---------  --------  ----------  --------------  -------------------
/opt/airflow/dags/loan_doc_pipeline_dag.py    150  0.00s             1           0  5.17s           2025-11-07T23:26:09
================================================================================
[2025-11-07T23:27:10.009+0000] {manager.py:878} INFO - 
================================================================================
DAG File Processing Stats

File Path                                   PID    Runtime      # DAGs    # Errors  Last Runtime    Last Run
------------------------------------------  -----  ---------  --------  ----------  --------------  -------------------
/opt/airflow/dags/loan_doc_pipeline_dag.py                           1           0  4.54s           2025-11-07T23:26:44
================================================================================
[2025-11-07T23:27:40.229+0000] {manager.py:878} INFO - 
================================================================================
DAG File Processing Stats

File Path                                   PID    Runtime      # DAGs    # Errors  Last Runtime    Last Run
------------------------------------------  -----  ---------  --------  ----------  --------------  -------------------
/opt/airflow/dags/loan_doc_pipeline_dag.py                           1           0  4.62s           2025-11-07T23:27:19
================================================================================
[2025-11-07T23:28:10.891+0000] {manager.py:878} INFO - 
================================================================================
DAG File Processing Stats

File Path                                   PID    Runtime      # DAGs    # Errors  Last Runtime    Last Run
------------------------------------------  -----  ---------  --------  ----------  --------------  -------------------
/opt/airflow/dags/loan_doc_pipeline_dag.py                           1           0  4.56s           2025-11-07T23:27:53
================================================================================
[2025-11-07T23:28:28.058+0000] {manager.py:737} INFO - Searching for files in /opt/airflow/dags
[2025-11-07T23:28:28.062+0000] {manager.py:740} INFO - There are 1 files in /opt/airflow/dags
[2025-11-07T23:28:41.246+0000] {manager.py:878} INFO - 
================================================================================
DAG File Processing Stats

File Path                                   PID    Runtime      # DAGs    # Errors  Last Runtime    Last Run
------------------------------------------  -----  ---------  --------  ----------  --------------  -------------------
/opt/airflow/dags/loan_doc_pipeline_dag.py                           1           0  4.48s           2025-11-07T23:28:28
================================================================================
[2025-11-07T23:29:11.491+0000] {manager.py:878} INFO - 
================================================================================
DAG File Processing Stats

File Path                                   PID    Runtime      # DAGs    # Errors  Last Runtime    Last Run
------------------------------------------  -----  ---------  --------  ----------  --------------  -------------------
/opt/airflow/dags/loan_doc_pipeline_dag.py                           1           0  4.77s           2025-11-07T23:29:03
================================================================================
[2025-11-07T23:29:41.584+0000] {manager.py:878} INFO - 
================================================================================
DAG File Processing Stats

File Path                                   PID    Runtime      # DAGs    # Errors  Last Runtime    Last Run
------------------------------------------  -----  ---------  --------  ----------  --------------  -------------------
/opt/airflow/dags/loan_doc_pipeline_dag.py                           1           0  4.85s           2025-11-07T23:29:38
================================================================================
[2025-11-07T23:30:11.940+0000] {manager.py:878} INFO - 
================================================================================
DAG File Processing Stats

File Path                                     PID  Runtime      # DAGs    # Errors  Last Runtime    Last Run
------------------------------------------  -----  ---------  --------  ----------  --------------  -------------------
/opt/airflow/dags/loan_doc_pipeline_dag.py    180  3.03s             1           0  4.85s           2025-11-07T23:29:38
================================================================================
[2025-11-07T23:30:42.263+0000] {manager.py:878} INFO - 
================================================================================
DAG File Processing Stats

File Path                                   PID    Runtime      # DAGs    # Errors  Last Runtime    Last Run
------------------------------------------  -----  ---------  --------  ----------  --------------  -------------------
/opt/airflow/dags/loan_doc_pipeline_dag.py                           1           0  4.71s           2025-11-07T23:30:13
================================================================================
[2025-11-07T23:31:12.343+0000] {manager.py:878} INFO - 
================================================================================
DAG File Processing Stats

File Path                                   PID    Runtime      # DAGs    # Errors  Last Runtime    Last Run
------------------------------------------  -----  ---------  --------  ----------  --------------  -------------------
/opt/airflow/dags/loan_doc_pipeline_dag.py                           1           0  5.19s           2025-11-07T23:30:49
================================================================================
[2025-11-07T23:31:42.631+0000] {manager.py:878} INFO - 
================================================================================
DAG File Processing Stats

File Path                                   PID    Runtime      # DAGs    # Errors  Last Runtime    Last Run
------------------------------------------  -----  ---------  --------  ----------  --------------  -------------------
/opt/airflow/dags/loan_doc_pipeline_dag.py                           1           0  4.64s           2025-11-07T23:31:23
================================================================================
[2025-11-07T23:32:12.871+0000] {manager.py:878} INFO - 
================================================================================
DAG File Processing Stats

File Path                                   PID    Runtime      # DAGs    # Errors  Last Runtime    Last Run
------------------------------------------  -----  ---------  --------  ----------  --------------  -------------------
/opt/airflow/dags/loan_doc_pipeline_dag.py                           1           0  4.46s           2025-11-07T23:31:58
================================================================================
[2025-11-07T23:32:43.177+0000] {manager.py:878} INFO - 
================================================================================
DAG File Processing Stats

File Path                                   PID    Runtime      # DAGs    # Errors  Last Runtime    Last Run
------------------------------------------  -----  ---------  --------  ----------  --------------  -------------------
/opt/airflow/dags/loan_doc_pipeline_dag.py                           1           0  5.21s           2025-11-07T23:32:34
================================================================================
[2025-11-07T23:33:13.289+0000] {manager.py:878} INFO - 
================================================================================
DAG File Processing Stats

File Path                                   PID    Runtime      # DAGs    # Errors  Last Runtime    Last Run
------------------------------------------  -----  ---------  --------  ----------  --------------  -------------------
/opt/airflow/dags/loan_doc_pipeline_dag.py                           1           0  4.86s           2025-11-07T23:33:09
================================================================================
[2025-11-07T23:33:28.424+0000] {manager.py:737} INFO - Searching for files in /opt/airflow/dags
[2025-11-07T23:33:28.432+0000] {manager.py:740} INFO - There are 1 files in /opt/airflow/dags
[2025-11-07T23:33:43.605+0000] {manager.py:878} INFO - 
================================================================================
DAG File Processing Stats

File Path                                     PID  Runtime      # DAGs    # Errors  Last Runtime    Last Run
------------------------------------------  -----  ---------  --------  ----------  --------------  -------------------
/opt/airflow/dags/loan_doc_pipeline_dag.py    210  4.05s             1           0  4.86s           2025-11-07T23:33:09
================================================================================
[2025-11-07T23:34:14.123+0000] {manager.py:878} INFO - 
================================================================================
DAG File Processing Stats

File Path                                     PID  Runtime      # DAGs    # Errors  Last Runtime    Last Run
------------------------------------------  -----  ---------  --------  ----------  --------------  -------------------
/opt/airflow/dags/loan_doc_pipeline_dag.py    215  0.01s             1           0  4.51s           2025-11-07T23:33:44
================================================================================
[2025-11-07T23:34:44.643+0000] {manager.py:878} INFO - 
================================================================================
DAG File Processing Stats

File Path                                   PID    Runtime      # DAGs    # Errors  Last Runtime    Last Run
------------------------------------------  -----  ---------  --------  ----------  --------------  -------------------
/opt/airflow/dags/loan_doc_pipeline_dag.py                           1           0  5.54s           2025-11-07T23:34:19
================================================================================
[2025-11-07T23:35:15.148+0000] {manager.py:878} INFO - 
================================================================================
DAG File Processing Stats

File Path                                   PID    Runtime      # DAGs    # Errors  Last Runtime    Last Run
------------------------------------------  -----  ---------  --------  ----------  --------------  -------------------
/opt/airflow/dags/loan_doc_pipeline_dag.py                           1           0  5.51s           2025-11-07T23:34:55
================================================================================
[2025-11-07T23:35:45.690+0000] {manager.py:878} INFO - 
================================================================================
DAG File Processing Stats

File Path                                     PID  Runtime      # DAGs    # Errors  Last Runtime    Last Run
------------------------------------------  -----  ---------  --------  ----------  --------------  -------------------
/opt/airflow/dags/loan_doc_pipeline_dag.py    231  20.37s            1           0  5.51s           2025-11-07T23:34:55
================================================================================
[2025-11-07T23:36:20.203+0000] {manager.py:878} INFO - 
================================================================================
DAG File Processing Stats

File Path                                     PID  Runtime      # DAGs    # Errors  Last Runtime    Last Run
------------------------------------------  -----  ---------  --------  ----------  --------------  -------------------
/opt/airflow/dags/loan_doc_pipeline_dag.py    242  0.12s             1           0  22.37s          2025-11-07T23:35:47
================================================================================
[2025-11-07T23:36:51.991+0000] {manager.py:878} INFO - 
================================================================================
DAG File Processing Stats

File Path                                     PID  Runtime      # DAGs    # Errors  Last Runtime    Last Run
------------------------------------------  -----  ---------  --------  ----------  --------------  -------------------
/opt/airflow/dags/loan_doc_pipeline_dag.py    242  32.03s            1           0  22.37s          2025-11-07T23:35:47
================================================================================
[2025-11-07T23:36:52.291+0000] {manager.py:1016} ERROR - Processor for /opt/airflow/dags/loan_doc_pipeline_dag.py exited with return code 1.
[2025-11-07T23:37:22.084+0000] {manager.py:878} INFO - 
================================================================================
DAG File Processing Stats

File Path                                   PID    Runtime      # DAGs    # Errors  Last Runtime    Last Run
------------------------------------------  -----  ---------  --------  ----------  --------------  -------------------
/opt/airflow/dags/loan_doc_pipeline_dag.py                           0          -1  32.33s          2025-11-07T23:36:52
================================================================================
[2025-11-07T23:37:52.930+0000] {manager.py:878} INFO - 
================================================================================
DAG File Processing Stats

File Path                                     PID  Runtime      # DAGs    # Errors  Last Runtime    Last Run
------------------------------------------  -----  ---------  --------  ----------  --------------  -------------------
/opt/airflow/dags/loan_doc_pipeline_dag.py    244  28.94s            0          -1  32.33s          2025-11-07T23:36:52
================================================================================
[2025-11-07T23:37:54.469+0000] {manager.py:1016} ERROR - Processor for /opt/airflow/dags/loan_doc_pipeline_dag.py exited with return code 1.
[2025-11-07T23:38:23.262+0000] {manager.py:878} INFO - 
================================================================================
DAG File Processing Stats

File Path                                   PID    Runtime      # DAGs    # Errors  Last Runtime    Last Run
------------------------------------------  -----  ---------  --------  ----------  --------------  -------------------
/opt/airflow/dags/loan_doc_pipeline_dag.py                           0          -1  30.49s          2025-11-07T23:37:54
================================================================================
[2025-11-07T23:38:28.833+0000] {manager.py:737} INFO - Searching for files in /opt/airflow/dags
[2025-11-07T23:38:28.840+0000] {manager.py:740} INFO - There are 1 files in /opt/airflow/dags
[2025-11-07T23:38:53.544+0000] {manager.py:878} INFO - 
================================================================================
DAG File Processing Stats

File Path                                   PID    Runtime      # DAGs    # Errors  Last Runtime    Last Run
------------------------------------------  -----  ---------  --------  ----------  --------------  -------------------
/opt/airflow/dags/loan_doc_pipeline_dag.py                           1           0  7.85s           2025-11-07T23:38:32
================================================================================
[2025-11-07T23:39:23.716+0000] {manager.py:878} INFO - 
================================================================================
DAG File Processing Stats

File Path                                   PID    Runtime      # DAGs    # Errors  Last Runtime    Last Run
------------------------------------------  -----  ---------  --------  ----------  --------------  -------------------
/opt/airflow/dags/loan_doc_pipeline_dag.py                           1           0  7.89s           2025-11-07T23:39:10
================================================================================
[2025-11-07T23:39:54.371+0000] {manager.py:878} INFO - 
================================================================================
DAG File Processing Stats

File Path                                   PID    Runtime      # DAGs    # Errors  Last Runtime    Last Run
------------------------------------------  -----  ---------  --------  ----------  --------------  -------------------
/opt/airflow/dags/loan_doc_pipeline_dag.py                           1           0  6.45s           2025-11-07T23:39:47
================================================================================
[2025-11-07T23:40:24.741+0000] {manager.py:878} INFO - 
================================================================================
DAG File Processing Stats

File Path                                     PID  Runtime      # DAGs    # Errors  Last Runtime    Last Run
------------------------------------------  -----  ---------  --------  ----------  --------------  -------------------
/opt/airflow/dags/loan_doc_pipeline_dag.py    266  7.12s             1           0  6.45s           2025-11-07T23:39:47
================================================================================
[2025-11-07T23:40:55.068+0000] {manager.py:878} INFO - 
================================================================================
DAG File Processing Stats

File Path                                   PID    Runtime      # DAGs    # Errors  Last Runtime    Last Run
------------------------------------------  -----  ---------  --------  ----------  --------------  -------------------
/opt/airflow/dags/loan_doc_pipeline_dag.py                           1           0  7.50s           2025-11-07T23:40:25
================================================================================
[2025-11-07T23:41:25.130+0000] {manager.py:878} INFO - 
================================================================================
DAG File Processing Stats

File Path                                   PID    Runtime      # DAGs    # Errors  Last Runtime    Last Run
------------------------------------------  -----  ---------  --------  ----------  --------------  -------------------
/opt/airflow/dags/loan_doc_pipeline_dag.py                           1           0  6.41s           2025-11-07T23:41:01
================================================================================
[2025-11-07T23:41:55.394+0000] {manager.py:878} INFO - 
================================================================================
DAG File Processing Stats

File Path                                   PID    Runtime      # DAGs    # Errors  Last Runtime    Last Run
------------------------------------------  -----  ---------  --------  ----------  --------------  -------------------
/opt/airflow/dags/loan_doc_pipeline_dag.py                           1           0  6.38s           2025-11-07T23:41:38
================================================================================
[2025-11-07T23:42:25.687+0000] {manager.py:878} INFO - 
================================================================================
DAG File Processing Stats

File Path                                   PID    Runtime      # DAGs    # Errors  Last Runtime    Last Run
------------------------------------------  -----  ---------  --------  ----------  --------------  -------------------
/opt/airflow/dags/loan_doc_pipeline_dag.py                           1           0  5.76s           2025-11-07T23:42:14
================================================================================
[2025-11-07T23:42:55.926+0000] {manager.py:878} INFO - 
================================================================================
DAG File Processing Stats

File Path                                   PID    Runtime      # DAGs    # Errors  Last Runtime    Last Run
------------------------------------------  -----  ---------  --------  ----------  --------------  -------------------
/opt/airflow/dags/loan_doc_pipeline_dag.py                           1           0  5.79s           2025-11-07T23:42:50
================================================================================
[2025-11-07T23:43:26.183+0000] {manager.py:878} INFO - 
================================================================================
DAG File Processing Stats

File Path                                     PID  Runtime      # DAGs    # Errors  Last Runtime    Last Run
------------------------------------------  -----  ---------  --------  ----------  --------------  -------------------
/opt/airflow/dags/loan_doc_pipeline_dag.py    291  5.60s             1           0  5.79s           2025-11-07T23:42:50
================================================================================
[2025-11-07T23:43:29.252+0000] {manager.py:737} INFO - Searching for files in /opt/airflow/dags
[2025-11-07T23:43:29.257+0000] {manager.py:740} INFO - There are 1 files in /opt/airflow/dags
[2025-11-07T23:43:56.539+0000] {manager.py:878} INFO - 
================================================================================
DAG File Processing Stats

File Path                                   PID    Runtime      # DAGs    # Errors  Last Runtime    Last Run
------------------------------------------  -----  ---------  --------  ----------  --------------  -------------------
/opt/airflow/dags/loan_doc_pipeline_dag.py                           1           0  6.01s           2025-11-07T23:43:26
================================================================================
[2025-11-07T23:44:26.845+0000] {manager.py:878} INFO - 
================================================================================
DAG File Processing Stats

File Path                                   PID    Runtime      # DAGs    # Errors  Last Runtime    Last Run
------------------------------------------  -----  ---------  --------  ----------  --------------  -------------------
/opt/airflow/dags/loan_doc_pipeline_dag.py                           1           0  5.79s           2025-11-07T23:44:02
================================================================================
[2025-11-07T23:44:57.147+0000] {manager.py:878} INFO - 
================================================================================
DAG File Processing Stats

File Path                                   PID    Runtime      # DAGs    # Errors  Last Runtime    Last Run
------------------------------------------  -----  ---------  --------  ----------  --------------  -------------------
/opt/airflow/dags/loan_doc_pipeline_dag.py                           1           0  6.06s           2025-11-07T23:44:38
================================================================================
[2025-11-07T23:45:27.294+0000] {manager.py:878} INFO - 
================================================================================
DAG File Processing Stats

File Path                                   PID    Runtime      # DAGs    # Errors  Last Runtime    Last Run
------------------------------------------  -----  ---------  --------  ----------  --------------  -------------------
/opt/airflow/dags/loan_doc_pipeline_dag.py                           1           0  5.87s           2025-11-07T23:45:15
================================================================================
