[2025-11-10T23:06:05.509-0500] {processor.py:161} INFO - Started process (PID=6164) to work on /opt/airflow/dags/ocr_pipeline_dag.py
[2025-11-10T23:06:05.580-0500] {processor.py:830} INFO - Processing file /opt/airflow/dags/ocr_pipeline_dag.py for tasks to queue
[2025-11-10T23:06:05.598-0500] {logging_mixin.py:188} INFO - [2025-11-10T23:06:05.596-0500] {dagbag.py:545} INFO - Filling up the DagBag from /opt/airflow/dags/ocr_pipeline_dag.py
[2025-11-10T23:06:05.807-0500] {logging_mixin.py:188} INFO - 📂 Using project root: /opt/project
[2025-11-10T23:06:07.364-0500] {logging_mixin.py:188} INFO - [2025-11-10T23:06:07.363-0500] {credentials.py:1278} INFO - Found credentials in shared credentials file: ~/.aws/credentials
[2025-11-10T23:06:10.352-0500] {processor.py:840} INFO - DAG(s) 'ocr_pipeline_dag' retrieved from /opt/airflow/dags/ocr_pipeline_dag.py
[2025-11-10T23:06:11.623-0500] {logging_mixin.py:188} INFO - [2025-11-10T23:06:11.570-0500] {dag.py:3089} INFO - Sync 1 DAGs
[2025-11-10T23:06:13.192-0500] {logging_mixin.py:188} INFO - [2025-11-10T23:06:13.191-0500] {dag.py:3947} INFO - Setting next_dagrun for ocr_pipeline_dag to None, run_after=None
[2025-11-11T14:14:32.616-0500] {processor.py:183} INFO - Processing /opt/airflow/dags/ocr_pipeline_dag.py took 42.334 seconds
[2025-11-11T14:15:11.944-0500] {processor.py:161} INFO - Started process (PID=6170) to work on /opt/airflow/dags/ocr_pipeline_dag.py
[2025-11-11T14:15:11.950-0500] {processor.py:830} INFO - Processing file /opt/airflow/dags/ocr_pipeline_dag.py for tasks to queue
[2025-11-11T14:15:11.971-0500] {logging_mixin.py:188} INFO - [2025-11-11T14:15:11.961-0500] {dagbag.py:545} INFO - Filling up the DagBag from /opt/airflow/dags/ocr_pipeline_dag.py
[2025-11-11T14:15:12.040-0500] {logging_mixin.py:188} INFO - 📂 Using project root: /opt/project
[2025-11-11T14:15:23.276-0500] {logging_mixin.py:188} INFO - [2025-11-11T14:15:23.275-0500] {credentials.py:1278} INFO - Found credentials in shared credentials file: ~/.aws/credentials
[2025-11-11T14:15:25.942-0500] {processor.py:840} INFO - DAG(s) 'ocr_pipeline_dag' retrieved from /opt/airflow/dags/ocr_pipeline_dag.py
[2025-11-11T14:15:26.239-0500] {logging_mixin.py:188} INFO - [2025-11-11T14:15:26.239-0500] {dag.py:3089} INFO - Sync 1 DAGs
[2025-11-11T14:15:26.257-0500] {logging_mixin.py:188} INFO - [2025-11-11T14:15:26.257-0500] {dag.py:3947} INFO - Setting next_dagrun for ocr_pipeline_dag to None, run_after=None
[2025-11-11T14:15:26.296-0500] {processor.py:183} INFO - Processing /opt/airflow/dags/ocr_pipeline_dag.py took 14.497 seconds
[2025-11-11T14:15:57.153-0500] {processor.py:161} INFO - Started process (PID=6176) to work on /opt/airflow/dags/ocr_pipeline_dag.py
[2025-11-11T14:15:57.156-0500] {processor.py:830} INFO - Processing file /opt/airflow/dags/ocr_pipeline_dag.py for tasks to queue
[2025-11-11T14:15:57.157-0500] {logging_mixin.py:188} INFO - [2025-11-11T14:15:57.157-0500] {dagbag.py:545} INFO - Filling up the DagBag from /opt/airflow/dags/ocr_pipeline_dag.py
[2025-11-11T14:15:57.181-0500] {logging_mixin.py:188} INFO - 📂 Using project root: /opt/project
[2025-11-11T14:15:57.776-0500] {logging_mixin.py:188} INFO - [2025-11-11T14:15:57.776-0500] {credentials.py:1278} INFO - Found credentials in shared credentials file: ~/.aws/credentials
[2025-11-11T14:15:58.756-0500] {processor.py:840} INFO - DAG(s) 'ocr_pipeline_dag' retrieved from /opt/airflow/dags/ocr_pipeline_dag.py
[2025-11-11T14:15:58.892-0500] {logging_mixin.py:188} INFO - [2025-11-11T14:15:58.890-0500] {dag.py:3089} INFO - Sync 1 DAGs
[2025-11-11T14:15:58.949-0500] {logging_mixin.py:188} INFO - [2025-11-11T14:15:58.948-0500] {dag.py:3947} INFO - Setting next_dagrun for ocr_pipeline_dag to None, run_after=None
[2025-11-11T14:15:59.039-0500] {processor.py:183} INFO - Processing /opt/airflow/dags/ocr_pipeline_dag.py took 1.897 seconds
[2025-11-11T14:16:29.534-0500] {processor.py:161} INFO - Started process (PID=6182) to work on /opt/airflow/dags/ocr_pipeline_dag.py
[2025-11-11T14:16:29.538-0500] {processor.py:830} INFO - Processing file /opt/airflow/dags/ocr_pipeline_dag.py for tasks to queue
[2025-11-11T14:16:29.541-0500] {logging_mixin.py:188} INFO - [2025-11-11T14:16:29.540-0500] {dagbag.py:545} INFO - Filling up the DagBag from /opt/airflow/dags/ocr_pipeline_dag.py
[2025-11-11T14:16:29.570-0500] {logging_mixin.py:188} INFO - 📂 Using project root: /opt/project
[2025-11-11T14:16:29.838-0500] {logging_mixin.py:188} INFO - [2025-11-11T14:16:29.837-0500] {credentials.py:1278} INFO - Found credentials in shared credentials file: ~/.aws/credentials
[2025-11-11T14:16:30.767-0500] {processor.py:840} INFO - DAG(s) 'ocr_pipeline_dag' retrieved from /opt/airflow/dags/ocr_pipeline_dag.py
[2025-11-11T14:16:30.802-0500] {logging_mixin.py:188} INFO - [2025-11-11T14:16:30.801-0500] {dag.py:3089} INFO - Sync 1 DAGs
[2025-11-11T14:16:30.816-0500] {logging_mixin.py:188} INFO - [2025-11-11T14:16:30.816-0500] {dag.py:3947} INFO - Setting next_dagrun for ocr_pipeline_dag to None, run_after=None
[2025-11-11T14:16:30.992-0500] {processor.py:183} INFO - Processing /opt/airflow/dags/ocr_pipeline_dag.py took 1.476 seconds
[2025-11-11T14:17:01.420-0500] {processor.py:161} INFO - Started process (PID=6188) to work on /opt/airflow/dags/ocr_pipeline_dag.py
[2025-11-11T14:17:01.423-0500] {processor.py:830} INFO - Processing file /opt/airflow/dags/ocr_pipeline_dag.py for tasks to queue
[2025-11-11T14:17:01.426-0500] {logging_mixin.py:188} INFO - [2025-11-11T14:17:01.425-0500] {dagbag.py:545} INFO - Filling up the DagBag from /opt/airflow/dags/ocr_pipeline_dag.py
[2025-11-11T14:17:01.475-0500] {logging_mixin.py:188} INFO - 📂 Using project root: /opt/project
[2025-11-11T14:17:02.614-0500] {logging_mixin.py:188} INFO - [2025-11-11T14:17:02.607-0500] {credentials.py:1278} INFO - Found credentials in shared credentials file: ~/.aws/credentials
[2025-11-11T14:17:04.382-0500] {processor.py:840} INFO - DAG(s) 'ocr_pipeline_dag' retrieved from /opt/airflow/dags/ocr_pipeline_dag.py
[2025-11-11T14:17:04.449-0500] {logging_mixin.py:188} INFO - [2025-11-11T14:17:04.448-0500] {dag.py:3089} INFO - Sync 1 DAGs
[2025-11-11T14:17:04.481-0500] {logging_mixin.py:188} INFO - [2025-11-11T14:17:04.481-0500] {dag.py:3947} INFO - Setting next_dagrun for ocr_pipeline_dag to None, run_after=None
[2025-11-11T14:17:04.549-0500] {processor.py:183} INFO - Processing /opt/airflow/dags/ocr_pipeline_dag.py took 3.159 seconds
[2025-11-11T14:17:34.750-0500] {processor.py:161} INFO - Started process (PID=6194) to work on /opt/airflow/dags/ocr_pipeline_dag.py
[2025-11-11T14:17:34.753-0500] {processor.py:830} INFO - Processing file /opt/airflow/dags/ocr_pipeline_dag.py for tasks to queue
[2025-11-11T14:17:34.757-0500] {logging_mixin.py:188} INFO - [2025-11-11T14:17:34.755-0500] {dagbag.py:545} INFO - Filling up the DagBag from /opt/airflow/dags/ocr_pipeline_dag.py
[2025-11-11T14:17:34.792-0500] {logging_mixin.py:188} INFO - 📂 Using project root: /opt/project
[2025-11-11T14:17:35.497-0500] {logging_mixin.py:188} INFO - [2025-11-11T14:17:35.497-0500] {credentials.py:1278} INFO - Found credentials in shared credentials file: ~/.aws/credentials
[2025-11-11T14:17:36.218-0500] {processor.py:840} INFO - DAG(s) 'ocr_pipeline_dag' retrieved from /opt/airflow/dags/ocr_pipeline_dag.py
[2025-11-11T14:17:36.251-0500] {logging_mixin.py:188} INFO - [2025-11-11T14:17:36.251-0500] {dag.py:3089} INFO - Sync 1 DAGs
[2025-11-11T14:17:36.264-0500] {logging_mixin.py:188} INFO - [2025-11-11T14:17:36.264-0500] {dag.py:3947} INFO - Setting next_dagrun for ocr_pipeline_dag to None, run_after=None
[2025-11-11T14:17:36.288-0500] {processor.py:183} INFO - Processing /opt/airflow/dags/ocr_pipeline_dag.py took 1.555 seconds
[2025-11-11T14:18:06.659-0500] {processor.py:161} INFO - Started process (PID=6200) to work on /opt/airflow/dags/ocr_pipeline_dag.py
[2025-11-11T14:18:06.661-0500] {processor.py:830} INFO - Processing file /opt/airflow/dags/ocr_pipeline_dag.py for tasks to queue
[2025-11-11T14:18:06.663-0500] {logging_mixin.py:188} INFO - [2025-11-11T14:18:06.663-0500] {dagbag.py:545} INFO - Filling up the DagBag from /opt/airflow/dags/ocr_pipeline_dag.py
[2025-11-11T14:18:06.701-0500] {logging_mixin.py:188} INFO - 📂 Using project root: /opt/project
[2025-11-11T14:18:07.272-0500] {logging_mixin.py:188} INFO - [2025-11-11T14:18:07.271-0500] {credentials.py:1278} INFO - Found credentials in shared credentials file: ~/.aws/credentials
[2025-11-11T14:18:07.956-0500] {processor.py:840} INFO - DAG(s) 'ocr_pipeline_dag' retrieved from /opt/airflow/dags/ocr_pipeline_dag.py
[2025-11-11T14:18:07.991-0500] {logging_mixin.py:188} INFO - [2025-11-11T14:18:07.991-0500] {dag.py:3089} INFO - Sync 1 DAGs
[2025-11-11T14:18:08.006-0500] {logging_mixin.py:188} INFO - [2025-11-11T14:18:08.005-0500] {dag.py:3947} INFO - Setting next_dagrun for ocr_pipeline_dag to None, run_after=None
[2025-11-11T14:18:08.029-0500] {processor.py:183} INFO - Processing /opt/airflow/dags/ocr_pipeline_dag.py took 1.382 seconds
[2025-11-11T14:18:38.448-0500] {processor.py:161} INFO - Started process (PID=6206) to work on /opt/airflow/dags/ocr_pipeline_dag.py
[2025-11-11T14:18:38.450-0500] {processor.py:830} INFO - Processing file /opt/airflow/dags/ocr_pipeline_dag.py for tasks to queue
[2025-11-11T14:18:38.451-0500] {logging_mixin.py:188} INFO - [2025-11-11T14:18:38.451-0500] {dagbag.py:545} INFO - Filling up the DagBag from /opt/airflow/dags/ocr_pipeline_dag.py
[2025-11-11T14:18:38.474-0500] {logging_mixin.py:188} INFO - 📂 Using project root: /opt/project
[2025-11-11T14:18:38.864-0500] {logging_mixin.py:188} INFO - [2025-11-11T14:18:38.864-0500] {credentials.py:1278} INFO - Found credentials in shared credentials file: ~/.aws/credentials
[2025-11-11T14:18:39.365-0500] {processor.py:840} INFO - DAG(s) 'ocr_pipeline_dag' retrieved from /opt/airflow/dags/ocr_pipeline_dag.py
[2025-11-11T14:18:39.393-0500] {logging_mixin.py:188} INFO - [2025-11-11T14:18:39.392-0500] {dag.py:3089} INFO - Sync 1 DAGs
[2025-11-11T14:18:39.404-0500] {logging_mixin.py:188} INFO - [2025-11-11T14:18:39.403-0500] {dag.py:3947} INFO - Setting next_dagrun for ocr_pipeline_dag to None, run_after=None
[2025-11-11T14:18:39.424-0500] {processor.py:183} INFO - Processing /opt/airflow/dags/ocr_pipeline_dag.py took 0.985 seconds
[2025-11-11T14:19:09.801-0500] {processor.py:161} INFO - Started process (PID=6212) to work on /opt/airflow/dags/ocr_pipeline_dag.py
[2025-11-11T14:19:09.803-0500] {processor.py:830} INFO - Processing file /opt/airflow/dags/ocr_pipeline_dag.py for tasks to queue
[2025-11-11T14:19:09.805-0500] {logging_mixin.py:188} INFO - [2025-11-11T14:19:09.804-0500] {dagbag.py:545} INFO - Filling up the DagBag from /opt/airflow/dags/ocr_pipeline_dag.py
[2025-11-11T14:19:09.839-0500] {logging_mixin.py:188} INFO - 📂 Using project root: /opt/project
[2025-11-11T14:19:10.273-0500] {logging_mixin.py:188} INFO - [2025-11-11T14:19:10.272-0500] {credentials.py:1278} INFO - Found credentials in shared credentials file: ~/.aws/credentials
[2025-11-11T14:19:10.806-0500] {processor.py:840} INFO - DAG(s) 'ocr_pipeline_dag' retrieved from /opt/airflow/dags/ocr_pipeline_dag.py
[2025-11-11T14:19:10.832-0500] {logging_mixin.py:188} INFO - [2025-11-11T14:19:10.832-0500] {dag.py:3089} INFO - Sync 1 DAGs
[2025-11-11T14:19:10.843-0500] {logging_mixin.py:188} INFO - [2025-11-11T14:19:10.843-0500] {dag.py:3947} INFO - Setting next_dagrun for ocr_pipeline_dag to None, run_after=None
[2025-11-11T14:19:10.864-0500] {processor.py:183} INFO - Processing /opt/airflow/dags/ocr_pipeline_dag.py took 1.078 seconds
[2025-11-11T14:19:41.258-0500] {processor.py:161} INFO - Started process (PID=6218) to work on /opt/airflow/dags/ocr_pipeline_dag.py
[2025-11-11T14:19:41.262-0500] {processor.py:830} INFO - Processing file /opt/airflow/dags/ocr_pipeline_dag.py for tasks to queue
[2025-11-11T14:19:41.265-0500] {logging_mixin.py:188} INFO - [2025-11-11T14:19:41.264-0500] {dagbag.py:545} INFO - Filling up the DagBag from /opt/airflow/dags/ocr_pipeline_dag.py
[2025-11-11T14:19:41.300-0500] {logging_mixin.py:188} INFO - 📂 Using project root: /opt/project
[2025-11-11T14:19:41.659-0500] {logging_mixin.py:188} INFO - [2025-11-11T14:19:41.659-0500] {credentials.py:1278} INFO - Found credentials in shared credentials file: ~/.aws/credentials
[2025-11-11T14:19:42.473-0500] {processor.py:840} INFO - DAG(s) 'ocr_pipeline_dag' retrieved from /opt/airflow/dags/ocr_pipeline_dag.py
[2025-11-11T14:19:42.503-0500] {logging_mixin.py:188} INFO - [2025-11-11T14:19:42.503-0500] {dag.py:3089} INFO - Sync 1 DAGs
[2025-11-11T14:19:42.515-0500] {logging_mixin.py:188} INFO - [2025-11-11T14:19:42.515-0500] {dag.py:3947} INFO - Setting next_dagrun for ocr_pipeline_dag to None, run_after=None
[2025-11-11T14:19:42.539-0500] {processor.py:183} INFO - Processing /opt/airflow/dags/ocr_pipeline_dag.py took 1.297 seconds
[2025-11-11T14:20:12.934-0500] {processor.py:161} INFO - Started process (PID=6224) to work on /opt/airflow/dags/ocr_pipeline_dag.py
[2025-11-11T14:20:12.936-0500] {processor.py:830} INFO - Processing file /opt/airflow/dags/ocr_pipeline_dag.py for tasks to queue
[2025-11-11T14:20:12.939-0500] {logging_mixin.py:188} INFO - [2025-11-11T14:20:12.938-0500] {dagbag.py:545} INFO - Filling up the DagBag from /opt/airflow/dags/ocr_pipeline_dag.py
[2025-11-11T14:20:12.961-0500] {logging_mixin.py:188} INFO - 📂 Using project root: /opt/project
[2025-11-11T14:20:13.477-0500] {logging_mixin.py:188} INFO - [2025-11-11T14:20:13.476-0500] {credentials.py:1278} INFO - Found credentials in shared credentials file: ~/.aws/credentials
[2025-11-11T14:20:14.523-0500] {processor.py:840} INFO - DAG(s) 'ocr_pipeline_dag' retrieved from /opt/airflow/dags/ocr_pipeline_dag.py
[2025-11-11T14:20:14.556-0500] {logging_mixin.py:188} INFO - [2025-11-11T14:20:14.556-0500] {dag.py:3089} INFO - Sync 1 DAGs
[2025-11-11T14:20:14.573-0500] {logging_mixin.py:188} INFO - [2025-11-11T14:20:14.573-0500] {dag.py:3947} INFO - Setting next_dagrun for ocr_pipeline_dag to None, run_after=None
[2025-11-11T14:20:14.597-0500] {processor.py:183} INFO - Processing /opt/airflow/dags/ocr_pipeline_dag.py took 1.675 seconds
[2025-11-11T14:20:44.904-0500] {processor.py:161} INFO - Started process (PID=6230) to work on /opt/airflow/dags/ocr_pipeline_dag.py
[2025-11-11T14:20:44.907-0500] {processor.py:830} INFO - Processing file /opt/airflow/dags/ocr_pipeline_dag.py for tasks to queue
[2025-11-11T14:20:44.909-0500] {logging_mixin.py:188} INFO - [2025-11-11T14:20:44.908-0500] {dagbag.py:545} INFO - Filling up the DagBag from /opt/airflow/dags/ocr_pipeline_dag.py
[2025-11-11T14:20:44.935-0500] {logging_mixin.py:188} INFO - 📂 Using project root: /opt/project
[2025-11-11T14:20:45.391-0500] {logging_mixin.py:188} INFO - [2025-11-11T14:20:45.390-0500] {credentials.py:1278} INFO - Found credentials in shared credentials file: ~/.aws/credentials
[2025-11-11T14:20:45.926-0500] {processor.py:840} INFO - DAG(s) 'ocr_pipeline_dag' retrieved from /opt/airflow/dags/ocr_pipeline_dag.py
[2025-11-11T14:20:45.959-0500] {logging_mixin.py:188} INFO - [2025-11-11T14:20:45.958-0500] {dag.py:3089} INFO - Sync 1 DAGs
[2025-11-11T14:20:45.973-0500] {logging_mixin.py:188} INFO - [2025-11-11T14:20:45.973-0500] {dag.py:3947} INFO - Setting next_dagrun for ocr_pipeline_dag to None, run_after=None
[2025-11-11T14:20:46.000-0500] {processor.py:183} INFO - Processing /opt/airflow/dags/ocr_pipeline_dag.py took 1.109 seconds
[2025-11-11T14:21:16.334-0500] {processor.py:161} INFO - Started process (PID=6236) to work on /opt/airflow/dags/ocr_pipeline_dag.py
[2025-11-11T14:21:16.336-0500] {processor.py:830} INFO - Processing file /opt/airflow/dags/ocr_pipeline_dag.py for tasks to queue
[2025-11-11T14:21:16.338-0500] {logging_mixin.py:188} INFO - [2025-11-11T14:21:16.337-0500] {dagbag.py:545} INFO - Filling up the DagBag from /opt/airflow/dags/ocr_pipeline_dag.py
[2025-11-11T14:21:16.369-0500] {logging_mixin.py:188} INFO - 📂 Using project root: /opt/project
[2025-11-11T14:21:16.778-0500] {logging_mixin.py:188} INFO - [2025-11-11T14:21:16.777-0500] {credentials.py:1278} INFO - Found credentials in shared credentials file: ~/.aws/credentials
[2025-11-11T14:21:17.405-0500] {processor.py:840} INFO - DAG(s) 'ocr_pipeline_dag' retrieved from /opt/airflow/dags/ocr_pipeline_dag.py
[2025-11-11T14:21:17.439-0500] {logging_mixin.py:188} INFO - [2025-11-11T14:21:17.439-0500] {dag.py:3089} INFO - Sync 1 DAGs
[2025-11-11T14:21:17.451-0500] {logging_mixin.py:188} INFO - [2025-11-11T14:21:17.451-0500] {dag.py:3947} INFO - Setting next_dagrun for ocr_pipeline_dag to None, run_after=None
[2025-11-11T14:21:17.475-0500] {processor.py:183} INFO - Processing /opt/airflow/dags/ocr_pipeline_dag.py took 1.154 seconds
[2025-11-11T14:21:47.802-0500] {processor.py:161} INFO - Started process (PID=6242) to work on /opt/airflow/dags/ocr_pipeline_dag.py
[2025-11-11T14:21:47.803-0500] {processor.py:830} INFO - Processing file /opt/airflow/dags/ocr_pipeline_dag.py for tasks to queue
[2025-11-11T14:21:47.804-0500] {logging_mixin.py:188} INFO - [2025-11-11T14:21:47.804-0500] {dagbag.py:545} INFO - Filling up the DagBag from /opt/airflow/dags/ocr_pipeline_dag.py
[2025-11-11T14:21:47.827-0500] {logging_mixin.py:188} INFO - 📂 Using project root: /opt/project
[2025-11-11T14:21:48.206-0500] {logging_mixin.py:188} INFO - [2025-11-11T14:21:48.206-0500] {credentials.py:1278} INFO - Found credentials in shared credentials file: ~/.aws/credentials
[2025-11-11T14:21:48.680-0500] {processor.py:840} INFO - DAG(s) 'ocr_pipeline_dag' retrieved from /opt/airflow/dags/ocr_pipeline_dag.py
[2025-11-11T14:21:48.714-0500] {logging_mixin.py:188} INFO - [2025-11-11T14:21:48.714-0500] {dag.py:3089} INFO - Sync 1 DAGs
[2025-11-11T14:21:48.726-0500] {logging_mixin.py:188} INFO - [2025-11-11T14:21:48.726-0500] {dag.py:3947} INFO - Setting next_dagrun for ocr_pipeline_dag to None, run_after=None
[2025-11-11T14:21:48.753-0500] {processor.py:183} INFO - Processing /opt/airflow/dags/ocr_pipeline_dag.py took 0.959 seconds
[2025-11-11T14:22:19.226-0500] {processor.py:161} INFO - Started process (PID=6248) to work on /opt/airflow/dags/ocr_pipeline_dag.py
[2025-11-11T14:22:19.227-0500] {processor.py:830} INFO - Processing file /opt/airflow/dags/ocr_pipeline_dag.py for tasks to queue
[2025-11-11T14:22:19.228-0500] {logging_mixin.py:188} INFO - [2025-11-11T14:22:19.228-0500] {dagbag.py:545} INFO - Filling up the DagBag from /opt/airflow/dags/ocr_pipeline_dag.py
[2025-11-11T14:22:19.245-0500] {logging_mixin.py:188} INFO - 📂 Using project root: /opt/project
[2025-11-11T14:22:19.597-0500] {logging_mixin.py:188} INFO - [2025-11-11T14:22:19.597-0500] {credentials.py:1278} INFO - Found credentials in shared credentials file: ~/.aws/credentials
[2025-11-11T14:22:20.069-0500] {processor.py:840} INFO - DAG(s) 'ocr_pipeline_dag' retrieved from /opt/airflow/dags/ocr_pipeline_dag.py
[2025-11-11T14:22:20.094-0500] {logging_mixin.py:188} INFO - [2025-11-11T14:22:20.094-0500] {dag.py:3089} INFO - Sync 1 DAGs
[2025-11-11T14:22:20.106-0500] {logging_mixin.py:188} INFO - [2025-11-11T14:22:20.106-0500] {dag.py:3947} INFO - Setting next_dagrun for ocr_pipeline_dag to None, run_after=None
[2025-11-11T14:22:20.128-0500] {processor.py:183} INFO - Processing /opt/airflow/dags/ocr_pipeline_dag.py took 0.909 seconds
[2025-11-11T14:22:50.562-0500] {processor.py:161} INFO - Started process (PID=6254) to work on /opt/airflow/dags/ocr_pipeline_dag.py
[2025-11-11T14:22:50.564-0500] {processor.py:830} INFO - Processing file /opt/airflow/dags/ocr_pipeline_dag.py for tasks to queue
[2025-11-11T14:22:50.565-0500] {logging_mixin.py:188} INFO - [2025-11-11T14:22:50.565-0500] {dagbag.py:545} INFO - Filling up the DagBag from /opt/airflow/dags/ocr_pipeline_dag.py
[2025-11-11T14:22:50.585-0500] {logging_mixin.py:188} INFO - 📂 Using project root: /opt/project
[2025-11-11T14:22:50.962-0500] {logging_mixin.py:188} INFO - [2025-11-11T14:22:50.962-0500] {credentials.py:1278} INFO - Found credentials in shared credentials file: ~/.aws/credentials
[2025-11-11T14:22:51.453-0500] {processor.py:840} INFO - DAG(s) 'ocr_pipeline_dag' retrieved from /opt/airflow/dags/ocr_pipeline_dag.py
[2025-11-11T14:22:51.482-0500] {logging_mixin.py:188} INFO - [2025-11-11T14:22:51.481-0500] {dag.py:3089} INFO - Sync 1 DAGs
[2025-11-11T14:22:51.493-0500] {logging_mixin.py:188} INFO - [2025-11-11T14:22:51.493-0500] {dag.py:3947} INFO - Setting next_dagrun for ocr_pipeline_dag to None, run_after=None
[2025-11-11T14:22:51.512-0500] {processor.py:183} INFO - Processing /opt/airflow/dags/ocr_pipeline_dag.py took 0.958 seconds
[2025-11-11T14:23:22.030-0500] {processor.py:161} INFO - Started process (PID=6260) to work on /opt/airflow/dags/ocr_pipeline_dag.py
[2025-11-11T14:23:22.031-0500] {processor.py:830} INFO - Processing file /opt/airflow/dags/ocr_pipeline_dag.py for tasks to queue
[2025-11-11T14:23:22.033-0500] {logging_mixin.py:188} INFO - [2025-11-11T14:23:22.032-0500] {dagbag.py:545} INFO - Filling up the DagBag from /opt/airflow/dags/ocr_pipeline_dag.py
[2025-11-11T14:23:22.052-0500] {logging_mixin.py:188} INFO - 📂 Using project root: /opt/project
[2025-11-11T14:23:22.473-0500] {logging_mixin.py:188} INFO - [2025-11-11T14:23:22.472-0500] {credentials.py:1278} INFO - Found credentials in shared credentials file: ~/.aws/credentials
[2025-11-11T14:23:23.960-0500] {processor.py:840} INFO - DAG(s) 'ocr_pipeline_dag' retrieved from /opt/airflow/dags/ocr_pipeline_dag.py
[2025-11-11T14:23:24.278-0500] {logging_mixin.py:188} INFO - [2025-11-11T14:23:24.273-0500] {dag.py:3089} INFO - Sync 1 DAGs
[2025-11-11T14:23:24.504-0500] {logging_mixin.py:188} INFO - [2025-11-11T14:23:24.501-0500] {dag.py:3947} INFO - Setting next_dagrun for ocr_pipeline_dag to None, run_after=None
[2025-11-11T14:23:24.797-0500] {processor.py:183} INFO - Processing /opt/airflow/dags/ocr_pipeline_dag.py took 2.775 seconds
[2025-11-11T14:23:55.528-0500] {processor.py:161} INFO - Started process (PID=6266) to work on /opt/airflow/dags/ocr_pipeline_dag.py
[2025-11-11T14:23:55.530-0500] {processor.py:830} INFO - Processing file /opt/airflow/dags/ocr_pipeline_dag.py for tasks to queue
[2025-11-11T14:23:55.531-0500] {logging_mixin.py:188} INFO - [2025-11-11T14:23:55.531-0500] {dagbag.py:545} INFO - Filling up the DagBag from /opt/airflow/dags/ocr_pipeline_dag.py
[2025-11-11T14:23:55.548-0500] {logging_mixin.py:188} INFO - 📂 Using project root: /opt/project
[2025-11-11T14:23:55.901-0500] {logging_mixin.py:188} INFO - [2025-11-11T14:23:55.901-0500] {credentials.py:1278} INFO - Found credentials in shared credentials file: ~/.aws/credentials
[2025-11-11T14:23:56.428-0500] {processor.py:840} INFO - DAG(s) 'ocr_pipeline_dag' retrieved from /opt/airflow/dags/ocr_pipeline_dag.py
[2025-11-11T14:23:56.455-0500] {logging_mixin.py:188} INFO - [2025-11-11T14:23:56.455-0500] {dag.py:3089} INFO - Sync 1 DAGs
[2025-11-11T14:23:56.468-0500] {logging_mixin.py:188} INFO - [2025-11-11T14:23:56.467-0500] {dag.py:3947} INFO - Setting next_dagrun for ocr_pipeline_dag to None, run_after=None
[2025-11-11T14:23:56.489-0500] {processor.py:183} INFO - Processing /opt/airflow/dags/ocr_pipeline_dag.py took 0.969 seconds
[2025-11-11T14:24:27.390-0500] {processor.py:161} INFO - Started process (PID=6272) to work on /opt/airflow/dags/ocr_pipeline_dag.py
[2025-11-11T14:24:27.392-0500] {processor.py:830} INFO - Processing file /opt/airflow/dags/ocr_pipeline_dag.py for tasks to queue
[2025-11-11T14:24:27.394-0500] {logging_mixin.py:188} INFO - [2025-11-11T14:24:27.393-0500] {dagbag.py:545} INFO - Filling up the DagBag from /opt/airflow/dags/ocr_pipeline_dag.py
[2025-11-11T14:24:27.411-0500] {logging_mixin.py:188} INFO - 📂 Using project root: /opt/project
[2025-11-11T14:24:27.809-0500] {logging_mixin.py:188} INFO - [2025-11-11T14:24:27.808-0500] {credentials.py:1278} INFO - Found credentials in shared credentials file: ~/.aws/credentials
[2025-11-11T14:24:28.322-0500] {processor.py:840} INFO - DAG(s) 'ocr_pipeline_dag' retrieved from /opt/airflow/dags/ocr_pipeline_dag.py
[2025-11-11T14:24:28.363-0500] {logging_mixin.py:188} INFO - [2025-11-11T14:24:28.363-0500] {dag.py:3089} INFO - Sync 1 DAGs
[2025-11-11T14:24:28.377-0500] {logging_mixin.py:188} INFO - [2025-11-11T14:24:28.377-0500] {dag.py:3947} INFO - Setting next_dagrun for ocr_pipeline_dag to None, run_after=None
[2025-11-11T14:24:28.399-0500] {processor.py:183} INFO - Processing /opt/airflow/dags/ocr_pipeline_dag.py took 1.017 seconds
[2025-11-11T14:24:58.861-0500] {processor.py:161} INFO - Started process (PID=6278) to work on /opt/airflow/dags/ocr_pipeline_dag.py
[2025-11-11T14:24:58.863-0500] {processor.py:830} INFO - Processing file /opt/airflow/dags/ocr_pipeline_dag.py for tasks to queue
[2025-11-11T14:24:58.865-0500] {logging_mixin.py:188} INFO - [2025-11-11T14:24:58.865-0500] {dagbag.py:545} INFO - Filling up the DagBag from /opt/airflow/dags/ocr_pipeline_dag.py
[2025-11-11T14:24:58.892-0500] {logging_mixin.py:188} INFO - 📂 Using project root: /opt/project
[2025-11-11T14:24:59.242-0500] {logging_mixin.py:188} INFO - [2025-11-11T14:24:59.242-0500] {credentials.py:1278} INFO - Found credentials in shared credentials file: ~/.aws/credentials
[2025-11-11T14:24:59.693-0500] {processor.py:840} INFO - DAG(s) 'ocr_pipeline_dag' retrieved from /opt/airflow/dags/ocr_pipeline_dag.py
[2025-11-11T14:24:59.722-0500] {logging_mixin.py:188} INFO - [2025-11-11T14:24:59.721-0500] {dag.py:3089} INFO - Sync 1 DAGs
[2025-11-11T14:24:59.733-0500] {logging_mixin.py:188} INFO - [2025-11-11T14:24:59.733-0500] {dag.py:3947} INFO - Setting next_dagrun for ocr_pipeline_dag to None, run_after=None
[2025-11-11T14:24:59.754-0500] {processor.py:183} INFO - Processing /opt/airflow/dags/ocr_pipeline_dag.py took 0.913 seconds
[2025-11-11T14:25:30.364-0500] {processor.py:161} INFO - Started process (PID=6284) to work on /opt/airflow/dags/ocr_pipeline_dag.py
[2025-11-11T14:25:30.366-0500] {processor.py:830} INFO - Processing file /opt/airflow/dags/ocr_pipeline_dag.py for tasks to queue
[2025-11-11T14:25:30.367-0500] {logging_mixin.py:188} INFO - [2025-11-11T14:25:30.367-0500] {dagbag.py:545} INFO - Filling up the DagBag from /opt/airflow/dags/ocr_pipeline_dag.py
[2025-11-11T14:25:30.385-0500] {logging_mixin.py:188} INFO - 📂 Using project root: /opt/project
[2025-11-11T14:25:30.789-0500] {logging_mixin.py:188} INFO - [2025-11-11T14:25:30.788-0500] {credentials.py:1278} INFO - Found credentials in shared credentials file: ~/.aws/credentials
[2025-11-11T14:25:31.285-0500] {processor.py:840} INFO - DAG(s) 'ocr_pipeline_dag' retrieved from /opt/airflow/dags/ocr_pipeline_dag.py
[2025-11-11T14:25:31.315-0500] {logging_mixin.py:188} INFO - [2025-11-11T14:25:31.315-0500] {dag.py:3089} INFO - Sync 1 DAGs
[2025-11-11T14:25:31.327-0500] {logging_mixin.py:188} INFO - [2025-11-11T14:25:31.327-0500] {dag.py:3947} INFO - Setting next_dagrun for ocr_pipeline_dag to None, run_after=None
[2025-11-11T14:25:31.348-0500] {processor.py:183} INFO - Processing /opt/airflow/dags/ocr_pipeline_dag.py took 0.990 seconds
[2025-11-11T14:26:01.726-0500] {processor.py:161} INFO - Started process (PID=6290) to work on /opt/airflow/dags/ocr_pipeline_dag.py
[2025-11-11T14:26:01.728-0500] {processor.py:830} INFO - Processing file /opt/airflow/dags/ocr_pipeline_dag.py for tasks to queue
[2025-11-11T14:26:01.729-0500] {logging_mixin.py:188} INFO - [2025-11-11T14:26:01.729-0500] {dagbag.py:545} INFO - Filling up the DagBag from /opt/airflow/dags/ocr_pipeline_dag.py
[2025-11-11T14:26:01.746-0500] {logging_mixin.py:188} INFO - 📂 Using project root: /opt/project
[2025-11-11T14:26:02.070-0500] {logging_mixin.py:188} INFO - [2025-11-11T14:26:02.070-0500] {credentials.py:1278} INFO - Found credentials in shared credentials file: ~/.aws/credentials
[2025-11-11T14:26:02.556-0500] {processor.py:840} INFO - DAG(s) 'ocr_pipeline_dag' retrieved from /opt/airflow/dags/ocr_pipeline_dag.py
[2025-11-11T14:26:02.584-0500] {logging_mixin.py:188} INFO - [2025-11-11T14:26:02.584-0500] {dag.py:3089} INFO - Sync 1 DAGs
[2025-11-11T14:26:02.596-0500] {logging_mixin.py:188} INFO - [2025-11-11T14:26:02.596-0500] {dag.py:3947} INFO - Setting next_dagrun for ocr_pipeline_dag to None, run_after=None
[2025-11-11T14:26:02.616-0500] {processor.py:183} INFO - Processing /opt/airflow/dags/ocr_pipeline_dag.py took 0.896 seconds
[2025-11-11T14:26:33.014-0500] {processor.py:161} INFO - Started process (PID=6296) to work on /opt/airflow/dags/ocr_pipeline_dag.py
[2025-11-11T14:26:33.016-0500] {processor.py:830} INFO - Processing file /opt/airflow/dags/ocr_pipeline_dag.py for tasks to queue
[2025-11-11T14:26:33.018-0500] {logging_mixin.py:188} INFO - [2025-11-11T14:26:33.017-0500] {dagbag.py:545} INFO - Filling up the DagBag from /opt/airflow/dags/ocr_pipeline_dag.py
[2025-11-11T14:26:33.042-0500] {logging_mixin.py:188} INFO - 📂 Using project root: /opt/project
[2025-11-11T14:26:33.417-0500] {logging_mixin.py:188} INFO - [2025-11-11T14:26:33.417-0500] {credentials.py:1278} INFO - Found credentials in shared credentials file: ~/.aws/credentials
[2025-11-11T14:26:33.890-0500] {processor.py:840} INFO - DAG(s) 'ocr_pipeline_dag' retrieved from /opt/airflow/dags/ocr_pipeline_dag.py
[2025-11-11T14:26:33.926-0500] {logging_mixin.py:188} INFO - [2025-11-11T14:26:33.925-0500] {dag.py:3089} INFO - Sync 1 DAGs
[2025-11-11T14:26:33.943-0500] {logging_mixin.py:188} INFO - [2025-11-11T14:26:33.943-0500] {dag.py:3947} INFO - Setting next_dagrun for ocr_pipeline_dag to None, run_after=None
[2025-11-11T14:26:33.968-0500] {processor.py:183} INFO - Processing /opt/airflow/dags/ocr_pipeline_dag.py took 0.962 seconds
[2025-11-11T14:27:04.403-0500] {processor.py:161} INFO - Started process (PID=6302) to work on /opt/airflow/dags/ocr_pipeline_dag.py
[2025-11-11T14:27:04.405-0500] {processor.py:830} INFO - Processing file /opt/airflow/dags/ocr_pipeline_dag.py for tasks to queue
[2025-11-11T14:27:04.406-0500] {logging_mixin.py:188} INFO - [2025-11-11T14:27:04.406-0500] {dagbag.py:545} INFO - Filling up the DagBag from /opt/airflow/dags/ocr_pipeline_dag.py
[2025-11-11T14:27:04.423-0500] {logging_mixin.py:188} INFO - 📂 Using project root: /opt/project
[2025-11-11T14:27:04.767-0500] {logging_mixin.py:188} INFO - [2025-11-11T14:27:04.767-0500] {credentials.py:1278} INFO - Found credentials in shared credentials file: ~/.aws/credentials
[2025-11-11T14:27:05.239-0500] {processor.py:840} INFO - DAG(s) 'ocr_pipeline_dag' retrieved from /opt/airflow/dags/ocr_pipeline_dag.py
[2025-11-11T14:27:05.268-0500] {logging_mixin.py:188} INFO - [2025-11-11T14:27:05.267-0500] {dag.py:3089} INFO - Sync 1 DAGs
[2025-11-11T14:27:05.282-0500] {logging_mixin.py:188} INFO - [2025-11-11T14:27:05.282-0500] {dag.py:3947} INFO - Setting next_dagrun for ocr_pipeline_dag to None, run_after=None
[2025-11-11T14:27:05.304-0500] {processor.py:183} INFO - Processing /opt/airflow/dags/ocr_pipeline_dag.py took 0.908 seconds
[2025-11-11T14:27:35.667-0500] {processor.py:161} INFO - Started process (PID=6308) to work on /opt/airflow/dags/ocr_pipeline_dag.py
[2025-11-11T14:27:35.668-0500] {processor.py:830} INFO - Processing file /opt/airflow/dags/ocr_pipeline_dag.py for tasks to queue
[2025-11-11T14:27:35.670-0500] {logging_mixin.py:188} INFO - [2025-11-11T14:27:35.669-0500] {dagbag.py:545} INFO - Filling up the DagBag from /opt/airflow/dags/ocr_pipeline_dag.py
[2025-11-11T14:27:35.687-0500] {logging_mixin.py:188} INFO - 📂 Using project root: /opt/project
[2025-11-11T14:27:36.033-0500] {logging_mixin.py:188} INFO - [2025-11-11T14:27:36.033-0500] {credentials.py:1278} INFO - Found credentials in shared credentials file: ~/.aws/credentials
[2025-11-11T14:27:36.511-0500] {processor.py:840} INFO - DAG(s) 'ocr_pipeline_dag' retrieved from /opt/airflow/dags/ocr_pipeline_dag.py
[2025-11-11T14:27:36.551-0500] {logging_mixin.py:188} INFO - [2025-11-11T14:27:36.551-0500] {dag.py:3089} INFO - Sync 1 DAGs
[2025-11-11T14:27:36.566-0500] {logging_mixin.py:188} INFO - [2025-11-11T14:27:36.565-0500] {dag.py:3947} INFO - Setting next_dagrun for ocr_pipeline_dag to None, run_after=None
[2025-11-11T14:27:36.590-0500] {processor.py:183} INFO - Processing /opt/airflow/dags/ocr_pipeline_dag.py took 0.929 seconds
[2025-11-11T14:28:07.059-0500] {processor.py:161} INFO - Started process (PID=6314) to work on /opt/airflow/dags/ocr_pipeline_dag.py
[2025-11-11T14:28:07.061-0500] {processor.py:830} INFO - Processing file /opt/airflow/dags/ocr_pipeline_dag.py for tasks to queue
[2025-11-11T14:28:07.062-0500] {logging_mixin.py:188} INFO - [2025-11-11T14:28:07.061-0500] {dagbag.py:545} INFO - Filling up the DagBag from /opt/airflow/dags/ocr_pipeline_dag.py
[2025-11-11T14:28:07.076-0500] {logging_mixin.py:188} INFO - 📂 Using project root: /opt/project
[2025-11-11T14:28:07.386-0500] {logging_mixin.py:188} INFO - [2025-11-11T14:28:07.386-0500] {credentials.py:1278} INFO - Found credentials in shared credentials file: ~/.aws/credentials
[2025-11-11T14:28:07.842-0500] {processor.py:840} INFO - DAG(s) 'ocr_pipeline_dag' retrieved from /opt/airflow/dags/ocr_pipeline_dag.py
[2025-11-11T14:28:07.868-0500] {logging_mixin.py:188} INFO - [2025-11-11T14:28:07.868-0500] {dag.py:3089} INFO - Sync 1 DAGs
[2025-11-11T14:28:07.880-0500] {logging_mixin.py:188} INFO - [2025-11-11T14:28:07.879-0500] {dag.py:3947} INFO - Setting next_dagrun for ocr_pipeline_dag to None, run_after=None
[2025-11-11T14:28:07.900-0500] {processor.py:183} INFO - Processing /opt/airflow/dags/ocr_pipeline_dag.py took 0.847 seconds
[2025-11-11T14:28:38.418-0500] {processor.py:161} INFO - Started process (PID=6320) to work on /opt/airflow/dags/ocr_pipeline_dag.py
[2025-11-11T14:28:38.419-0500] {processor.py:830} INFO - Processing file /opt/airflow/dags/ocr_pipeline_dag.py for tasks to queue
[2025-11-11T14:28:38.421-0500] {logging_mixin.py:188} INFO - [2025-11-11T14:28:38.420-0500] {dagbag.py:545} INFO - Filling up the DagBag from /opt/airflow/dags/ocr_pipeline_dag.py
[2025-11-11T14:28:38.437-0500] {logging_mixin.py:188} INFO - 📂 Using project root: /opt/project
[2025-11-11T14:28:38.751-0500] {logging_mixin.py:188} INFO - [2025-11-11T14:28:38.751-0500] {credentials.py:1278} INFO - Found credentials in shared credentials file: ~/.aws/credentials
[2025-11-11T14:28:39.177-0500] {processor.py:840} INFO - DAG(s) 'ocr_pipeline_dag' retrieved from /opt/airflow/dags/ocr_pipeline_dag.py
[2025-11-11T14:28:39.201-0500] {logging_mixin.py:188} INFO - [2025-11-11T14:28:39.201-0500] {dag.py:3089} INFO - Sync 1 DAGs
[2025-11-11T14:28:39.213-0500] {logging_mixin.py:188} INFO - [2025-11-11T14:28:39.213-0500] {dag.py:3947} INFO - Setting next_dagrun for ocr_pipeline_dag to None, run_after=None
[2025-11-11T14:28:39.234-0500] {processor.py:183} INFO - Processing /opt/airflow/dags/ocr_pipeline_dag.py took 0.823 seconds
[2025-11-11T14:29:09.675-0500] {processor.py:161} INFO - Started process (PID=6326) to work on /opt/airflow/dags/ocr_pipeline_dag.py
[2025-11-11T14:29:09.677-0500] {processor.py:830} INFO - Processing file /opt/airflow/dags/ocr_pipeline_dag.py for tasks to queue
[2025-11-11T14:29:09.679-0500] {logging_mixin.py:188} INFO - [2025-11-11T14:29:09.678-0500] {dagbag.py:545} INFO - Filling up the DagBag from /opt/airflow/dags/ocr_pipeline_dag.py
[2025-11-11T14:29:09.702-0500] {logging_mixin.py:188} INFO - 📂 Using project root: /opt/project
[2025-11-11T14:29:10.071-0500] {logging_mixin.py:188} INFO - [2025-11-11T14:29:10.071-0500] {credentials.py:1278} INFO - Found credentials in shared credentials file: ~/.aws/credentials
[2025-11-11T14:29:10.541-0500] {processor.py:840} INFO - DAG(s) 'ocr_pipeline_dag' retrieved from /opt/airflow/dags/ocr_pipeline_dag.py
[2025-11-11T14:29:10.604-0500] {logging_mixin.py:188} INFO - [2025-11-11T14:29:10.604-0500] {dag.py:3089} INFO - Sync 1 DAGs
[2025-11-11T14:29:10.652-0500] {logging_mixin.py:188} INFO - [2025-11-11T14:29:10.652-0500] {dag.py:3947} INFO - Setting next_dagrun for ocr_pipeline_dag to None, run_after=None
[2025-11-11T14:29:10.928-0500] {processor.py:183} INFO - Processing /opt/airflow/dags/ocr_pipeline_dag.py took 1.263 seconds
[2025-11-11T14:29:41.751-0500] {processor.py:161} INFO - Started process (PID=6332) to work on /opt/airflow/dags/ocr_pipeline_dag.py
[2025-11-11T14:29:41.753-0500] {processor.py:830} INFO - Processing file /opt/airflow/dags/ocr_pipeline_dag.py for tasks to queue
[2025-11-11T14:29:41.754-0500] {logging_mixin.py:188} INFO - [2025-11-11T14:29:41.754-0500] {dagbag.py:545} INFO - Filling up the DagBag from /opt/airflow/dags/ocr_pipeline_dag.py
[2025-11-11T14:29:41.768-0500] {logging_mixin.py:188} INFO - 📂 Using project root: /opt/project
[2025-11-11T14:29:42.266-0500] {logging_mixin.py:188} INFO - [2025-11-11T14:29:42.266-0500] {credentials.py:1278} INFO - Found credentials in shared credentials file: ~/.aws/credentials
[2025-11-11T14:29:43.047-0500] {processor.py:840} INFO - DAG(s) 'ocr_pipeline_dag' retrieved from /opt/airflow/dags/ocr_pipeline_dag.py
[2025-11-11T14:29:43.084-0500] {logging_mixin.py:188} INFO - [2025-11-11T14:29:43.083-0500] {dag.py:3089} INFO - Sync 1 DAGs
[2025-11-11T14:29:43.105-0500] {logging_mixin.py:188} INFO - [2025-11-11T14:29:43.105-0500] {dag.py:3947} INFO - Setting next_dagrun for ocr_pipeline_dag to None, run_after=None
[2025-11-11T14:29:43.147-0500] {processor.py:183} INFO - Processing /opt/airflow/dags/ocr_pipeline_dag.py took 1.403 seconds
[2025-11-11T14:30:13.890-0500] {processor.py:161} INFO - Started process (PID=6338) to work on /opt/airflow/dags/ocr_pipeline_dag.py
[2025-11-11T14:30:13.893-0500] {processor.py:830} INFO - Processing file /opt/airflow/dags/ocr_pipeline_dag.py for tasks to queue
[2025-11-11T14:30:13.897-0500] {logging_mixin.py:188} INFO - [2025-11-11T14:30:13.896-0500] {dagbag.py:545} INFO - Filling up the DagBag from /opt/airflow/dags/ocr_pipeline_dag.py
[2025-11-11T14:30:13.923-0500] {logging_mixin.py:188} INFO - 📂 Using project root: /opt/project
[2025-11-11T14:30:14.385-0500] {logging_mixin.py:188} INFO - [2025-11-11T14:30:14.384-0500] {credentials.py:1278} INFO - Found credentials in shared credentials file: ~/.aws/credentials
[2025-11-11T14:30:15.195-0500] {processor.py:840} INFO - DAG(s) 'ocr_pipeline_dag' retrieved from /opt/airflow/dags/ocr_pipeline_dag.py
[2025-11-11T14:30:15.254-0500] {logging_mixin.py:188} INFO - [2025-11-11T14:30:15.253-0500] {dag.py:3089} INFO - Sync 1 DAGs
[2025-11-11T14:30:15.279-0500] {logging_mixin.py:188} INFO - [2025-11-11T14:30:15.279-0500] {dag.py:3947} INFO - Setting next_dagrun for ocr_pipeline_dag to None, run_after=None
[2025-11-11T14:30:15.351-0500] {processor.py:183} INFO - Processing /opt/airflow/dags/ocr_pipeline_dag.py took 1.471 seconds
[2025-11-11T14:30:45.550-0500] {processor.py:161} INFO - Started process (PID=6344) to work on /opt/airflow/dags/ocr_pipeline_dag.py
[2025-11-11T14:30:45.552-0500] {processor.py:830} INFO - Processing file /opt/airflow/dags/ocr_pipeline_dag.py for tasks to queue
[2025-11-11T14:30:45.555-0500] {logging_mixin.py:188} INFO - [2025-11-11T14:30:45.554-0500] {dagbag.py:545} INFO - Filling up the DagBag from /opt/airflow/dags/ocr_pipeline_dag.py
[2025-11-11T14:30:45.591-0500] {logging_mixin.py:188} INFO - 📂 Using project root: /opt/project
[2025-11-11T14:30:46.297-0500] {logging_mixin.py:188} INFO - [2025-11-11T14:30:46.297-0500] {credentials.py:1278} INFO - Found credentials in shared credentials file: ~/.aws/credentials
[2025-11-11T14:30:47.169-0500] {processor.py:840} INFO - DAG(s) 'ocr_pipeline_dag' retrieved from /opt/airflow/dags/ocr_pipeline_dag.py
[2025-11-11T14:30:47.213-0500] {logging_mixin.py:188} INFO - [2025-11-11T14:30:47.212-0500] {dag.py:3089} INFO - Sync 1 DAGs
[2025-11-11T14:30:47.231-0500] {logging_mixin.py:188} INFO - [2025-11-11T14:30:47.231-0500] {dag.py:3947} INFO - Setting next_dagrun for ocr_pipeline_dag to None, run_after=None
[2025-11-11T14:30:47.260-0500] {processor.py:183} INFO - Processing /opt/airflow/dags/ocr_pipeline_dag.py took 1.723 seconds
[2025-11-11T14:31:17.557-0500] {processor.py:161} INFO - Started process (PID=6350) to work on /opt/airflow/dags/ocr_pipeline_dag.py
[2025-11-11T14:31:17.558-0500] {processor.py:830} INFO - Processing file /opt/airflow/dags/ocr_pipeline_dag.py for tasks to queue
[2025-11-11T14:31:17.559-0500] {logging_mixin.py:188} INFO - [2025-11-11T14:31:17.559-0500] {dagbag.py:545} INFO - Filling up the DagBag from /opt/airflow/dags/ocr_pipeline_dag.py
[2025-11-11T14:31:17.581-0500] {logging_mixin.py:188} INFO - 📂 Using project root: /opt/project
[2025-11-11T14:31:17.948-0500] {logging_mixin.py:188} INFO - [2025-11-11T14:31:17.948-0500] {credentials.py:1278} INFO - Found credentials in shared credentials file: ~/.aws/credentials
[2025-11-11T14:31:18.469-0500] {processor.py:840} INFO - DAG(s) 'ocr_pipeline_dag' retrieved from /opt/airflow/dags/ocr_pipeline_dag.py
[2025-11-11T14:31:18.495-0500] {logging_mixin.py:188} INFO - [2025-11-11T14:31:18.495-0500] {dag.py:3089} INFO - Sync 1 DAGs
[2025-11-11T14:31:18.507-0500] {logging_mixin.py:188} INFO - [2025-11-11T14:31:18.507-0500] {dag.py:3947} INFO - Setting next_dagrun for ocr_pipeline_dag to None, run_after=None
[2025-11-11T14:31:18.528-0500] {processor.py:183} INFO - Processing /opt/airflow/dags/ocr_pipeline_dag.py took 0.979 seconds
[2025-11-11T14:31:48.804-0500] {processor.py:161} INFO - Started process (PID=6356) to work on /opt/airflow/dags/ocr_pipeline_dag.py
[2025-11-11T14:31:48.806-0500] {processor.py:830} INFO - Processing file /opt/airflow/dags/ocr_pipeline_dag.py for tasks to queue
[2025-11-11T14:31:48.807-0500] {logging_mixin.py:188} INFO - [2025-11-11T14:31:48.807-0500] {dagbag.py:545} INFO - Filling up the DagBag from /opt/airflow/dags/ocr_pipeline_dag.py
[2025-11-11T14:31:48.824-0500] {logging_mixin.py:188} INFO - 📂 Using project root: /opt/project
[2025-11-11T14:31:49.215-0500] {logging_mixin.py:188} INFO - [2025-11-11T14:31:49.214-0500] {credentials.py:1278} INFO - Found credentials in shared credentials file: ~/.aws/credentials
[2025-11-11T14:31:49.762-0500] {processor.py:840} INFO - DAG(s) 'ocr_pipeline_dag' retrieved from /opt/airflow/dags/ocr_pipeline_dag.py
[2025-11-11T14:31:49.793-0500] {logging_mixin.py:188} INFO - [2025-11-11T14:31:49.793-0500] {dag.py:3089} INFO - Sync 1 DAGs
[2025-11-11T14:31:49.807-0500] {logging_mixin.py:188} INFO - [2025-11-11T14:31:49.806-0500] {dag.py:3947} INFO - Setting next_dagrun for ocr_pipeline_dag to None, run_after=None
[2025-11-11T14:31:49.831-0500] {processor.py:183} INFO - Processing /opt/airflow/dags/ocr_pipeline_dag.py took 1.033 seconds
[2025-11-11T14:32:20.110-0500] {processor.py:161} INFO - Started process (PID=6362) to work on /opt/airflow/dags/ocr_pipeline_dag.py
[2025-11-11T14:32:20.111-0500] {processor.py:830} INFO - Processing file /opt/airflow/dags/ocr_pipeline_dag.py for tasks to queue
[2025-11-11T14:32:20.113-0500] {logging_mixin.py:188} INFO - [2025-11-11T14:32:20.112-0500] {dagbag.py:545} INFO - Filling up the DagBag from /opt/airflow/dags/ocr_pipeline_dag.py
[2025-11-11T14:32:20.135-0500] {logging_mixin.py:188} INFO - 📂 Using project root: /opt/project
[2025-11-11T14:32:20.650-0500] {logging_mixin.py:188} INFO - [2025-11-11T14:32:20.650-0500] {credentials.py:1278} INFO - Found credentials in shared credentials file: ~/.aws/credentials
[2025-11-11T14:32:21.231-0500] {processor.py:840} INFO - DAG(s) 'ocr_pipeline_dag' retrieved from /opt/airflow/dags/ocr_pipeline_dag.py
[2025-11-11T14:32:21.267-0500] {logging_mixin.py:188} INFO - [2025-11-11T14:32:21.265-0500] {dag.py:3089} INFO - Sync 1 DAGs
[2025-11-11T14:32:21.295-0500] {logging_mixin.py:188} INFO - [2025-11-11T14:32:21.294-0500] {dag.py:3947} INFO - Setting next_dagrun for ocr_pipeline_dag to None, run_after=None
[2025-11-11T14:32:21.337-0500] {processor.py:183} INFO - Processing /opt/airflow/dags/ocr_pipeline_dag.py took 1.236 seconds
[2025-11-11T14:32:51.485-0500] {processor.py:161} INFO - Started process (PID=6368) to work on /opt/airflow/dags/ocr_pipeline_dag.py
[2025-11-11T14:32:51.487-0500] {processor.py:830} INFO - Processing file /opt/airflow/dags/ocr_pipeline_dag.py for tasks to queue
[2025-11-11T14:32:51.488-0500] {logging_mixin.py:188} INFO - [2025-11-11T14:32:51.488-0500] {dagbag.py:545} INFO - Filling up the DagBag from /opt/airflow/dags/ocr_pipeline_dag.py
[2025-11-11T14:32:51.506-0500] {logging_mixin.py:188} INFO - 📂 Using project root: /opt/project
[2025-11-11T14:32:51.930-0500] {logging_mixin.py:188} INFO - [2025-11-11T14:32:51.929-0500] {credentials.py:1278} INFO - Found credentials in shared credentials file: ~/.aws/credentials
[2025-11-11T14:32:52.398-0500] {processor.py:840} INFO - DAG(s) 'ocr_pipeline_dag' retrieved from /opt/airflow/dags/ocr_pipeline_dag.py
[2025-11-11T14:32:52.423-0500] {logging_mixin.py:188} INFO - [2025-11-11T14:32:52.422-0500] {dag.py:3089} INFO - Sync 1 DAGs
[2025-11-11T14:32:52.435-0500] {logging_mixin.py:188} INFO - [2025-11-11T14:32:52.434-0500] {dag.py:3947} INFO - Setting next_dagrun for ocr_pipeline_dag to None, run_after=None
[2025-11-11T14:32:52.456-0500] {processor.py:183} INFO - Processing /opt/airflow/dags/ocr_pipeline_dag.py took 0.978 seconds
[2025-11-11T14:33:22.832-0500] {processor.py:161} INFO - Started process (PID=6374) to work on /opt/airflow/dags/ocr_pipeline_dag.py
[2025-11-11T14:33:22.834-0500] {processor.py:830} INFO - Processing file /opt/airflow/dags/ocr_pipeline_dag.py for tasks to queue
[2025-11-11T14:33:22.835-0500] {logging_mixin.py:188} INFO - [2025-11-11T14:33:22.835-0500] {dagbag.py:545} INFO - Filling up the DagBag from /opt/airflow/dags/ocr_pipeline_dag.py
[2025-11-11T14:33:22.853-0500] {logging_mixin.py:188} INFO - 📂 Using project root: /opt/project
[2025-11-11T14:33:23.191-0500] {logging_mixin.py:188} INFO - [2025-11-11T14:33:23.191-0500] {credentials.py:1278} INFO - Found credentials in shared credentials file: ~/.aws/credentials
[2025-11-11T14:33:23.675-0500] {processor.py:840} INFO - DAG(s) 'ocr_pipeline_dag' retrieved from /opt/airflow/dags/ocr_pipeline_dag.py
[2025-11-11T14:33:23.706-0500] {logging_mixin.py:188} INFO - [2025-11-11T14:33:23.705-0500] {dag.py:3089} INFO - Sync 1 DAGs
[2025-11-11T14:33:23.718-0500] {logging_mixin.py:188} INFO - [2025-11-11T14:33:23.718-0500] {dag.py:3947} INFO - Setting next_dagrun for ocr_pipeline_dag to None, run_after=None
[2025-11-11T14:33:23.738-0500] {processor.py:183} INFO - Processing /opt/airflow/dags/ocr_pipeline_dag.py took 0.914 seconds
[2025-11-11T14:33:54.067-0500] {processor.py:161} INFO - Started process (PID=6380) to work on /opt/airflow/dags/ocr_pipeline_dag.py
[2025-11-11T14:33:54.069-0500] {processor.py:830} INFO - Processing file /opt/airflow/dags/ocr_pipeline_dag.py for tasks to queue
[2025-11-11T14:33:54.070-0500] {logging_mixin.py:188} INFO - [2025-11-11T14:33:54.069-0500] {dagbag.py:545} INFO - Filling up the DagBag from /opt/airflow/dags/ocr_pipeline_dag.py
[2025-11-11T14:33:54.087-0500] {logging_mixin.py:188} INFO - 📂 Using project root: /opt/project
[2025-11-11T14:33:54.419-0500] {logging_mixin.py:188} INFO - [2025-11-11T14:33:54.419-0500] {credentials.py:1278} INFO - Found credentials in shared credentials file: ~/.aws/credentials
[2025-11-11T14:33:54.904-0500] {processor.py:840} INFO - DAG(s) 'ocr_pipeline_dag' retrieved from /opt/airflow/dags/ocr_pipeline_dag.py
[2025-11-11T14:33:54.932-0500] {logging_mixin.py:188} INFO - [2025-11-11T14:33:54.932-0500] {dag.py:3089} INFO - Sync 1 DAGs
[2025-11-11T14:33:54.944-0500] {logging_mixin.py:188} INFO - [2025-11-11T14:33:54.944-0500] {dag.py:3947} INFO - Setting next_dagrun for ocr_pipeline_dag to None, run_after=None
[2025-11-11T14:33:54.967-0500] {processor.py:183} INFO - Processing /opt/airflow/dags/ocr_pipeline_dag.py took 0.906 seconds
[2025-11-11T14:34:25.393-0500] {processor.py:161} INFO - Started process (PID=6386) to work on /opt/airflow/dags/ocr_pipeline_dag.py
[2025-11-11T14:34:25.394-0500] {processor.py:830} INFO - Processing file /opt/airflow/dags/ocr_pipeline_dag.py for tasks to queue
[2025-11-11T14:34:25.396-0500] {logging_mixin.py:188} INFO - [2025-11-11T14:34:25.395-0500] {dagbag.py:545} INFO - Filling up the DagBag from /opt/airflow/dags/ocr_pipeline_dag.py
[2025-11-11T14:34:25.412-0500] {logging_mixin.py:188} INFO - 📂 Using project root: /opt/project
[2025-11-11T14:34:25.773-0500] {logging_mixin.py:188} INFO - [2025-11-11T14:34:25.772-0500] {credentials.py:1278} INFO - Found credentials in shared credentials file: ~/.aws/credentials
[2025-11-11T14:34:26.294-0500] {processor.py:840} INFO - DAG(s) 'ocr_pipeline_dag' retrieved from /opt/airflow/dags/ocr_pipeline_dag.py
[2025-11-11T14:34:26.324-0500] {logging_mixin.py:188} INFO - [2025-11-11T14:34:26.323-0500] {dag.py:3089} INFO - Sync 1 DAGs
[2025-11-11T14:34:26.337-0500] {logging_mixin.py:188} INFO - [2025-11-11T14:34:26.337-0500] {dag.py:3947} INFO - Setting next_dagrun for ocr_pipeline_dag to None, run_after=None
[2025-11-11T14:34:26.359-0500] {processor.py:183} INFO - Processing /opt/airflow/dags/ocr_pipeline_dag.py took 0.974 seconds
[2025-11-11T14:34:56.651-0500] {processor.py:161} INFO - Started process (PID=6392) to work on /opt/airflow/dags/ocr_pipeline_dag.py
[2025-11-11T14:34:56.652-0500] {processor.py:830} INFO - Processing file /opt/airflow/dags/ocr_pipeline_dag.py for tasks to queue
[2025-11-11T14:34:56.654-0500] {logging_mixin.py:188} INFO - [2025-11-11T14:34:56.654-0500] {dagbag.py:545} INFO - Filling up the DagBag from /opt/airflow/dags/ocr_pipeline_dag.py
[2025-11-11T14:34:56.675-0500] {logging_mixin.py:188} INFO - 📂 Using project root: /opt/project
[2025-11-11T14:34:57.077-0500] {logging_mixin.py:188} INFO - [2025-11-11T14:34:57.076-0500] {credentials.py:1278} INFO - Found credentials in shared credentials file: ~/.aws/credentials
[2025-11-11T14:34:57.600-0500] {processor.py:840} INFO - DAG(s) 'ocr_pipeline_dag' retrieved from /opt/airflow/dags/ocr_pipeline_dag.py
[2025-11-11T14:34:57.627-0500] {logging_mixin.py:188} INFO - [2025-11-11T14:34:57.626-0500] {dag.py:3089} INFO - Sync 1 DAGs
[2025-11-11T14:34:57.640-0500] {logging_mixin.py:188} INFO - [2025-11-11T14:34:57.640-0500] {dag.py:3947} INFO - Setting next_dagrun for ocr_pipeline_dag to None, run_after=None
[2025-11-11T14:34:57.660-0500] {processor.py:183} INFO - Processing /opt/airflow/dags/ocr_pipeline_dag.py took 1.016 seconds
[2025-11-11T14:35:27.947-0500] {processor.py:161} INFO - Started process (PID=6398) to work on /opt/airflow/dags/ocr_pipeline_dag.py
[2025-11-11T14:35:27.949-0500] {processor.py:830} INFO - Processing file /opt/airflow/dags/ocr_pipeline_dag.py for tasks to queue
[2025-11-11T14:35:27.951-0500] {logging_mixin.py:188} INFO - [2025-11-11T14:35:27.951-0500] {dagbag.py:545} INFO - Filling up the DagBag from /opt/airflow/dags/ocr_pipeline_dag.py
[2025-11-11T14:35:27.975-0500] {logging_mixin.py:188} INFO - 📂 Using project root: /opt/project
[2025-11-11T14:35:28.416-0500] {logging_mixin.py:188} INFO - [2025-11-11T14:35:28.415-0500] {credentials.py:1278} INFO - Found credentials in shared credentials file: ~/.aws/credentials
[2025-11-11T14:35:33.818-0500] {processor.py:840} INFO - DAG(s) 'ocr_pipeline_dag' retrieved from /opt/airflow/dags/ocr_pipeline_dag.py
[2025-11-11T14:35:33.850-0500] {logging_mixin.py:188} INFO - [2025-11-11T14:35:33.849-0500] {dag.py:3089} INFO - Sync 1 DAGs
[2025-11-11T14:35:33.866-0500] {logging_mixin.py:188} INFO - [2025-11-11T14:35:33.865-0500] {dag.py:3947} INFO - Setting next_dagrun for ocr_pipeline_dag to None, run_after=None
[2025-11-11T14:35:33.888-0500] {processor.py:183} INFO - Processing /opt/airflow/dags/ocr_pipeline_dag.py took 5.964 seconds
[2025-11-11T14:36:04.199-0500] {processor.py:161} INFO - Started process (PID=6404) to work on /opt/airflow/dags/ocr_pipeline_dag.py
[2025-11-11T14:36:04.201-0500] {processor.py:830} INFO - Processing file /opt/airflow/dags/ocr_pipeline_dag.py for tasks to queue
[2025-11-11T14:36:04.205-0500] {logging_mixin.py:188} INFO - [2025-11-11T14:36:04.204-0500] {dagbag.py:545} INFO - Filling up the DagBag from /opt/airflow/dags/ocr_pipeline_dag.py
[2025-11-11T14:36:04.233-0500] {logging_mixin.py:188} INFO - 📂 Using project root: /opt/project
[2025-11-11T14:36:04.737-0500] {logging_mixin.py:188} INFO - [2025-11-11T14:36:04.737-0500] {credentials.py:1278} INFO - Found credentials in shared credentials file: ~/.aws/credentials
[2025-11-11T14:36:05.505-0500] {processor.py:840} INFO - DAG(s) 'ocr_pipeline_dag' retrieved from /opt/airflow/dags/ocr_pipeline_dag.py
[2025-11-11T14:36:05.559-0500] {logging_mixin.py:188} INFO - [2025-11-11T14:36:05.559-0500] {dag.py:3089} INFO - Sync 1 DAGs
[2025-11-11T14:36:05.576-0500] {logging_mixin.py:188} INFO - [2025-11-11T14:36:05.576-0500] {dag.py:3947} INFO - Setting next_dagrun for ocr_pipeline_dag to None, run_after=None
[2025-11-11T14:36:05.728-0500] {processor.py:183} INFO - Processing /opt/airflow/dags/ocr_pipeline_dag.py took 1.541 seconds
[2025-11-11T14:36:35.878-0500] {processor.py:161} INFO - Started process (PID=6410) to work on /opt/airflow/dags/ocr_pipeline_dag.py
[2025-11-11T14:36:35.880-0500] {processor.py:830} INFO - Processing file /opt/airflow/dags/ocr_pipeline_dag.py for tasks to queue
[2025-11-11T14:36:35.881-0500] {logging_mixin.py:188} INFO - [2025-11-11T14:36:35.881-0500] {dagbag.py:545} INFO - Filling up the DagBag from /opt/airflow/dags/ocr_pipeline_dag.py
[2025-11-11T14:36:35.902-0500] {logging_mixin.py:188} INFO - 📂 Using project root: /opt/project
[2025-11-11T14:36:36.342-0500] {logging_mixin.py:188} INFO - [2025-11-11T14:36:36.341-0500] {credentials.py:1278} INFO - Found credentials in shared credentials file: ~/.aws/credentials
[2025-11-11T14:36:36.896-0500] {processor.py:840} INFO - DAG(s) 'ocr_pipeline_dag' retrieved from /opt/airflow/dags/ocr_pipeline_dag.py
[2025-11-11T14:36:36.937-0500] {logging_mixin.py:188} INFO - [2025-11-11T14:36:36.936-0500] {dag.py:3089} INFO - Sync 1 DAGs
[2025-11-11T14:36:36.950-0500] {logging_mixin.py:188} INFO - [2025-11-11T14:36:36.950-0500] {dag.py:3947} INFO - Setting next_dagrun for ocr_pipeline_dag to None, run_after=None
[2025-11-11T14:36:36.970-0500] {processor.py:183} INFO - Processing /opt/airflow/dags/ocr_pipeline_dag.py took 1.100 seconds
[2025-11-11T14:37:07.133-0500] {processor.py:161} INFO - Started process (PID=6416) to work on /opt/airflow/dags/ocr_pipeline_dag.py
[2025-11-11T14:37:07.134-0500] {processor.py:830} INFO - Processing file /opt/airflow/dags/ocr_pipeline_dag.py for tasks to queue
[2025-11-11T14:37:07.136-0500] {logging_mixin.py:188} INFO - [2025-11-11T14:37:07.135-0500] {dagbag.py:545} INFO - Filling up the DagBag from /opt/airflow/dags/ocr_pipeline_dag.py
[2025-11-11T14:37:07.153-0500] {logging_mixin.py:188} INFO - 📂 Using project root: /opt/project
[2025-11-11T14:37:07.593-0500] {logging_mixin.py:188} INFO - [2025-11-11T14:37:07.593-0500] {credentials.py:1278} INFO - Found credentials in shared credentials file: ~/.aws/credentials
[2025-11-11T14:37:08.088-0500] {processor.py:840} INFO - DAG(s) 'ocr_pipeline_dag' retrieved from /opt/airflow/dags/ocr_pipeline_dag.py
[2025-11-11T14:37:08.113-0500] {logging_mixin.py:188} INFO - [2025-11-11T14:37:08.113-0500] {dag.py:3089} INFO - Sync 1 DAGs
[2025-11-11T14:37:08.124-0500] {logging_mixin.py:188} INFO - [2025-11-11T14:37:08.124-0500] {dag.py:3947} INFO - Setting next_dagrun for ocr_pipeline_dag to None, run_after=None
[2025-11-11T14:37:08.146-0500] {processor.py:183} INFO - Processing /opt/airflow/dags/ocr_pipeline_dag.py took 1.021 seconds
[2025-11-11T14:37:38.434-0500] {processor.py:161} INFO - Started process (PID=6422) to work on /opt/airflow/dags/ocr_pipeline_dag.py
[2025-11-11T14:37:38.435-0500] {processor.py:830} INFO - Processing file /opt/airflow/dags/ocr_pipeline_dag.py for tasks to queue
[2025-11-11T14:37:38.438-0500] {logging_mixin.py:188} INFO - [2025-11-11T14:37:38.437-0500] {dagbag.py:545} INFO - Filling up the DagBag from /opt/airflow/dags/ocr_pipeline_dag.py
[2025-11-11T14:37:38.458-0500] {logging_mixin.py:188} INFO - 📂 Using project root: /opt/project
[2025-11-11T14:37:38.908-0500] {logging_mixin.py:188} INFO - [2025-11-11T14:37:38.907-0500] {credentials.py:1278} INFO - Found credentials in shared credentials file: ~/.aws/credentials
[2025-11-11T14:37:39.495-0500] {processor.py:840} INFO - DAG(s) 'ocr_pipeline_dag' retrieved from /opt/airflow/dags/ocr_pipeline_dag.py
[2025-11-11T14:37:39.528-0500] {logging_mixin.py:188} INFO - [2025-11-11T14:37:39.528-0500] {dag.py:3089} INFO - Sync 1 DAGs
[2025-11-11T14:37:39.547-0500] {logging_mixin.py:188} INFO - [2025-11-11T14:37:39.547-0500] {dag.py:3947} INFO - Setting next_dagrun for ocr_pipeline_dag to None, run_after=None
[2025-11-11T14:37:39.578-0500] {processor.py:183} INFO - Processing /opt/airflow/dags/ocr_pipeline_dag.py took 1.154 seconds
[2025-11-11T14:38:09.680-0500] {processor.py:161} INFO - Started process (PID=6428) to work on /opt/airflow/dags/ocr_pipeline_dag.py
[2025-11-11T14:38:09.682-0500] {processor.py:830} INFO - Processing file /opt/airflow/dags/ocr_pipeline_dag.py for tasks to queue
[2025-11-11T14:38:09.683-0500] {logging_mixin.py:188} INFO - [2025-11-11T14:38:09.683-0500] {dagbag.py:545} INFO - Filling up the DagBag from /opt/airflow/dags/ocr_pipeline_dag.py
[2025-11-11T14:38:09.704-0500] {logging_mixin.py:188} INFO - 📂 Using project root: /opt/project
[2025-11-11T14:38:10.076-0500] {logging_mixin.py:188} INFO - [2025-11-11T14:38:10.076-0500] {credentials.py:1278} INFO - Found credentials in shared credentials file: ~/.aws/credentials
[2025-11-11T14:38:10.614-0500] {processor.py:840} INFO - DAG(s) 'ocr_pipeline_dag' retrieved from /opt/airflow/dags/ocr_pipeline_dag.py
[2025-11-11T14:38:10.646-0500] {logging_mixin.py:188} INFO - [2025-11-11T14:38:10.645-0500] {dag.py:3089} INFO - Sync 1 DAGs
[2025-11-11T14:38:10.661-0500] {logging_mixin.py:188} INFO - [2025-11-11T14:38:10.661-0500] {dag.py:3947} INFO - Setting next_dagrun for ocr_pipeline_dag to None, run_after=None
[2025-11-11T14:38:10.701-0500] {processor.py:183} INFO - Processing /opt/airflow/dags/ocr_pipeline_dag.py took 1.030 seconds
[2025-11-11T14:38:40.878-0500] {processor.py:161} INFO - Started process (PID=6434) to work on /opt/airflow/dags/ocr_pipeline_dag.py
[2025-11-11T14:38:40.881-0500] {processor.py:830} INFO - Processing file /opt/airflow/dags/ocr_pipeline_dag.py for tasks to queue
[2025-11-11T14:38:40.882-0500] {logging_mixin.py:188} INFO - [2025-11-11T14:38:40.882-0500] {dagbag.py:545} INFO - Filling up the DagBag from /opt/airflow/dags/ocr_pipeline_dag.py
[2025-11-11T14:38:40.896-0500] {logging_mixin.py:188} INFO - 📂 Using project root: /opt/project
[2025-11-11T14:38:41.318-0500] {logging_mixin.py:188} INFO - [2025-11-11T14:38:41.317-0500] {credentials.py:1278} INFO - Found credentials in shared credentials file: ~/.aws/credentials
[2025-11-11T14:38:41.800-0500] {processor.py:840} INFO - DAG(s) 'ocr_pipeline_dag' retrieved from /opt/airflow/dags/ocr_pipeline_dag.py
[2025-11-11T14:38:41.823-0500] {logging_mixin.py:188} INFO - [2025-11-11T14:38:41.823-0500] {dag.py:3089} INFO - Sync 1 DAGs
[2025-11-11T14:38:41.836-0500] {logging_mixin.py:188} INFO - [2025-11-11T14:38:41.836-0500] {dag.py:3947} INFO - Setting next_dagrun for ocr_pipeline_dag to None, run_after=None
[2025-11-11T14:38:41.854-0500] {processor.py:183} INFO - Processing /opt/airflow/dags/ocr_pipeline_dag.py took 0.984 seconds
[2025-11-11T14:39:12.136-0500] {processor.py:161} INFO - Started process (PID=6440) to work on /opt/airflow/dags/ocr_pipeline_dag.py
[2025-11-11T14:39:12.137-0500] {processor.py:830} INFO - Processing file /opt/airflow/dags/ocr_pipeline_dag.py for tasks to queue
[2025-11-11T14:39:12.138-0500] {logging_mixin.py:188} INFO - [2025-11-11T14:39:12.138-0500] {dagbag.py:545} INFO - Filling up the DagBag from /opt/airflow/dags/ocr_pipeline_dag.py
[2025-11-11T14:39:12.158-0500] {logging_mixin.py:188} INFO - 📂 Using project root: /opt/project
[2025-11-11T14:39:12.552-0500] {logging_mixin.py:188} INFO - [2025-11-11T14:39:12.552-0500] {credentials.py:1278} INFO - Found credentials in shared credentials file: ~/.aws/credentials
[2025-11-11T14:39:13.109-0500] {processor.py:840} INFO - DAG(s) 'ocr_pipeline_dag' retrieved from /opt/airflow/dags/ocr_pipeline_dag.py
[2025-11-11T14:39:13.139-0500] {logging_mixin.py:188} INFO - [2025-11-11T14:39:13.138-0500] {dag.py:3089} INFO - Sync 1 DAGs
[2025-11-11T14:39:13.152-0500] {logging_mixin.py:188} INFO - [2025-11-11T14:39:13.152-0500] {dag.py:3947} INFO - Setting next_dagrun for ocr_pipeline_dag to None, run_after=None
[2025-11-11T14:39:13.173-0500] {processor.py:183} INFO - Processing /opt/airflow/dags/ocr_pipeline_dag.py took 1.044 seconds
[2025-11-11T14:39:43.497-0500] {processor.py:161} INFO - Started process (PID=6446) to work on /opt/airflow/dags/ocr_pipeline_dag.py
[2025-11-11T14:39:43.499-0500] {processor.py:830} INFO - Processing file /opt/airflow/dags/ocr_pipeline_dag.py for tasks to queue
[2025-11-11T14:39:43.500-0500] {logging_mixin.py:188} INFO - [2025-11-11T14:39:43.500-0500] {dagbag.py:545} INFO - Filling up the DagBag from /opt/airflow/dags/ocr_pipeline_dag.py
[2025-11-11T14:39:43.517-0500] {logging_mixin.py:188} INFO - 📂 Using project root: /opt/project
[2025-11-11T14:39:43.947-0500] {logging_mixin.py:188} INFO - [2025-11-11T14:39:43.947-0500] {credentials.py:1278} INFO - Found credentials in shared credentials file: ~/.aws/credentials
[2025-11-11T14:39:44.440-0500] {processor.py:840} INFO - DAG(s) 'ocr_pipeline_dag' retrieved from /opt/airflow/dags/ocr_pipeline_dag.py
[2025-11-11T14:39:44.469-0500] {logging_mixin.py:188} INFO - [2025-11-11T14:39:44.468-0500] {dag.py:3089} INFO - Sync 1 DAGs
[2025-11-11T14:39:44.480-0500] {logging_mixin.py:188} INFO - [2025-11-11T14:39:44.480-0500] {dag.py:3947} INFO - Setting next_dagrun for ocr_pipeline_dag to None, run_after=None
[2025-11-11T14:39:44.502-0500] {processor.py:183} INFO - Processing /opt/airflow/dags/ocr_pipeline_dag.py took 1.011 seconds
[2025-11-11T14:40:14.869-0500] {processor.py:161} INFO - Started process (PID=6452) to work on /opt/airflow/dags/ocr_pipeline_dag.py
[2025-11-11T14:40:14.870-0500] {processor.py:830} INFO - Processing file /opt/airflow/dags/ocr_pipeline_dag.py for tasks to queue
[2025-11-11T14:40:14.871-0500] {logging_mixin.py:188} INFO - [2025-11-11T14:40:14.871-0500] {dagbag.py:545} INFO - Filling up the DagBag from /opt/airflow/dags/ocr_pipeline_dag.py
[2025-11-11T14:40:14.887-0500] {logging_mixin.py:188} INFO - 📂 Using project root: /opt/project
[2025-11-11T14:40:15.221-0500] {logging_mixin.py:188} INFO - [2025-11-11T14:40:15.220-0500] {credentials.py:1278} INFO - Found credentials in shared credentials file: ~/.aws/credentials
[2025-11-11T14:40:15.673-0500] {processor.py:840} INFO - DAG(s) 'ocr_pipeline_dag' retrieved from /opt/airflow/dags/ocr_pipeline_dag.py
[2025-11-11T14:40:15.702-0500] {logging_mixin.py:188} INFO - [2025-11-11T14:40:15.702-0500] {dag.py:3089} INFO - Sync 1 DAGs
[2025-11-11T14:40:15.716-0500] {logging_mixin.py:188} INFO - [2025-11-11T14:40:15.716-0500] {dag.py:3947} INFO - Setting next_dagrun for ocr_pipeline_dag to None, run_after=None
[2025-11-11T14:40:15.736-0500] {processor.py:183} INFO - Processing /opt/airflow/dags/ocr_pipeline_dag.py took 0.875 seconds
[2025-11-11T14:40:46.159-0500] {processor.py:161} INFO - Started process (PID=6458) to work on /opt/airflow/dags/ocr_pipeline_dag.py
[2025-11-11T14:40:46.161-0500] {processor.py:830} INFO - Processing file /opt/airflow/dags/ocr_pipeline_dag.py for tasks to queue
[2025-11-11T14:40:46.162-0500] {logging_mixin.py:188} INFO - [2025-11-11T14:40:46.162-0500] {dagbag.py:545} INFO - Filling up the DagBag from /opt/airflow/dags/ocr_pipeline_dag.py
[2025-11-11T14:40:46.184-0500] {logging_mixin.py:188} INFO - 📂 Using project root: /opt/project
[2025-11-11T14:40:46.578-0500] {logging_mixin.py:188} INFO - [2025-11-11T14:40:46.577-0500] {credentials.py:1278} INFO - Found credentials in shared credentials file: ~/.aws/credentials
[2025-11-11T14:40:47.084-0500] {processor.py:840} INFO - DAG(s) 'ocr_pipeline_dag' retrieved from /opt/airflow/dags/ocr_pipeline_dag.py
[2025-11-11T14:40:47.112-0500] {logging_mixin.py:188} INFO - [2025-11-11T14:40:47.112-0500] {dag.py:3089} INFO - Sync 1 DAGs
[2025-11-11T14:40:47.125-0500] {logging_mixin.py:188} INFO - [2025-11-11T14:40:47.124-0500] {dag.py:3947} INFO - Setting next_dagrun for ocr_pipeline_dag to None, run_after=None
[2025-11-11T14:40:47.152-0500] {processor.py:183} INFO - Processing /opt/airflow/dags/ocr_pipeline_dag.py took 0.998 seconds
[2025-11-11T14:41:17.490-0500] {processor.py:161} INFO - Started process (PID=6464) to work on /opt/airflow/dags/ocr_pipeline_dag.py
[2025-11-11T14:41:17.492-0500] {processor.py:830} INFO - Processing file /opt/airflow/dags/ocr_pipeline_dag.py for tasks to queue
[2025-11-11T14:41:17.494-0500] {logging_mixin.py:188} INFO - [2025-11-11T14:41:17.493-0500] {dagbag.py:545} INFO - Filling up the DagBag from /opt/airflow/dags/ocr_pipeline_dag.py
[2025-11-11T14:41:17.509-0500] {logging_mixin.py:188} INFO - 📂 Using project root: /opt/project
[2025-11-11T14:41:17.894-0500] {logging_mixin.py:188} INFO - [2025-11-11T14:41:17.893-0500] {credentials.py:1278} INFO - Found credentials in shared credentials file: ~/.aws/credentials
[2025-11-11T14:41:18.346-0500] {processor.py:840} INFO - DAG(s) 'ocr_pipeline_dag' retrieved from /opt/airflow/dags/ocr_pipeline_dag.py
[2025-11-11T14:41:18.379-0500] {logging_mixin.py:188} INFO - [2025-11-11T14:41:18.378-0500] {dag.py:3089} INFO - Sync 1 DAGs
[2025-11-11T14:41:18.391-0500] {logging_mixin.py:188} INFO - [2025-11-11T14:41:18.391-0500] {dag.py:3947} INFO - Setting next_dagrun for ocr_pipeline_dag to None, run_after=None
[2025-11-11T14:41:18.411-0500] {processor.py:183} INFO - Processing /opt/airflow/dags/ocr_pipeline_dag.py took 0.930 seconds
[2025-11-11T14:41:48.912-0500] {processor.py:161} INFO - Started process (PID=6470) to work on /opt/airflow/dags/ocr_pipeline_dag.py
[2025-11-11T14:41:48.914-0500] {processor.py:830} INFO - Processing file /opt/airflow/dags/ocr_pipeline_dag.py for tasks to queue
[2025-11-11T14:41:48.915-0500] {logging_mixin.py:188} INFO - [2025-11-11T14:41:48.915-0500] {dagbag.py:545} INFO - Filling up the DagBag from /opt/airflow/dags/ocr_pipeline_dag.py
[2025-11-11T14:41:48.934-0500] {logging_mixin.py:188} INFO - 📂 Using project root: /opt/project
[2025-11-11T14:41:49.268-0500] {logging_mixin.py:188} INFO - [2025-11-11T14:41:49.268-0500] {credentials.py:1278} INFO - Found credentials in shared credentials file: ~/.aws/credentials
[2025-11-11T14:41:49.709-0500] {processor.py:840} INFO - DAG(s) 'ocr_pipeline_dag' retrieved from /opt/airflow/dags/ocr_pipeline_dag.py
[2025-11-11T14:41:49.735-0500] {logging_mixin.py:188} INFO - [2025-11-11T14:41:49.734-0500] {dag.py:3089} INFO - Sync 1 DAGs
[2025-11-11T14:41:49.747-0500] {logging_mixin.py:188} INFO - [2025-11-11T14:41:49.747-0500] {dag.py:3947} INFO - Setting next_dagrun for ocr_pipeline_dag to None, run_after=None
[2025-11-11T14:41:49.766-0500] {processor.py:183} INFO - Processing /opt/airflow/dags/ocr_pipeline_dag.py took 0.860 seconds
[2025-11-11T14:42:20.225-0500] {processor.py:161} INFO - Started process (PID=6476) to work on /opt/airflow/dags/ocr_pipeline_dag.py
[2025-11-11T14:42:20.227-0500] {processor.py:830} INFO - Processing file /opt/airflow/dags/ocr_pipeline_dag.py for tasks to queue
[2025-11-11T14:42:20.229-0500] {logging_mixin.py:188} INFO - [2025-11-11T14:42:20.228-0500] {dagbag.py:545} INFO - Filling up the DagBag from /opt/airflow/dags/ocr_pipeline_dag.py
[2025-11-11T14:42:20.248-0500] {logging_mixin.py:188} INFO - 📂 Using project root: /opt/project
[2025-11-11T14:42:20.613-0500] {logging_mixin.py:188} INFO - [2025-11-11T14:42:20.613-0500] {credentials.py:1278} INFO - Found credentials in shared credentials file: ~/.aws/credentials
[2025-11-11T14:42:21.106-0500] {processor.py:840} INFO - DAG(s) 'ocr_pipeline_dag' retrieved from /opt/airflow/dags/ocr_pipeline_dag.py
[2025-11-11T14:42:21.135-0500] {logging_mixin.py:188} INFO - [2025-11-11T14:42:21.134-0500] {dag.py:3089} INFO - Sync 1 DAGs
[2025-11-11T14:42:21.146-0500] {logging_mixin.py:188} INFO - [2025-11-11T14:42:21.146-0500] {dag.py:3947} INFO - Setting next_dagrun for ocr_pipeline_dag to None, run_after=None
[2025-11-11T14:42:21.167-0500] {processor.py:183} INFO - Processing /opt/airflow/dags/ocr_pipeline_dag.py took 0.951 seconds
[2025-11-11T14:42:51.655-0500] {processor.py:161} INFO - Started process (PID=6482) to work on /opt/airflow/dags/ocr_pipeline_dag.py
[2025-11-11T14:42:51.656-0500] {processor.py:830} INFO - Processing file /opt/airflow/dags/ocr_pipeline_dag.py for tasks to queue
[2025-11-11T14:42:51.658-0500] {logging_mixin.py:188} INFO - [2025-11-11T14:42:51.657-0500] {dagbag.py:545} INFO - Filling up the DagBag from /opt/airflow/dags/ocr_pipeline_dag.py
[2025-11-11T14:42:51.675-0500] {logging_mixin.py:188} INFO - 📂 Using project root: /opt/project
[2025-11-11T14:42:52.067-0500] {logging_mixin.py:188} INFO - [2025-11-11T14:42:52.067-0500] {credentials.py:1278} INFO - Found credentials in shared credentials file: ~/.aws/credentials
[2025-11-11T14:42:52.529-0500] {processor.py:840} INFO - DAG(s) 'ocr_pipeline_dag' retrieved from /opt/airflow/dags/ocr_pipeline_dag.py
[2025-11-11T14:42:52.554-0500] {logging_mixin.py:188} INFO - [2025-11-11T14:42:52.554-0500] {dag.py:3089} INFO - Sync 1 DAGs
[2025-11-11T14:42:52.569-0500] {logging_mixin.py:188} INFO - [2025-11-11T14:42:52.568-0500] {dag.py:3947} INFO - Setting next_dagrun for ocr_pipeline_dag to None, run_after=None
[2025-11-11T14:42:52.595-0500] {processor.py:183} INFO - Processing /opt/airflow/dags/ocr_pipeline_dag.py took 0.947 seconds
[2025-11-11T14:43:23.002-0500] {processor.py:161} INFO - Started process (PID=6488) to work on /opt/airflow/dags/ocr_pipeline_dag.py
[2025-11-11T14:43:23.004-0500] {processor.py:830} INFO - Processing file /opt/airflow/dags/ocr_pipeline_dag.py for tasks to queue
[2025-11-11T14:43:23.005-0500] {logging_mixin.py:188} INFO - [2025-11-11T14:43:23.005-0500] {dagbag.py:545} INFO - Filling up the DagBag from /opt/airflow/dags/ocr_pipeline_dag.py
[2025-11-11T14:43:23.021-0500] {logging_mixin.py:188} INFO - 📂 Using project root: /opt/project
[2025-11-11T14:43:23.418-0500] {logging_mixin.py:188} INFO - [2025-11-11T14:43:23.418-0500] {credentials.py:1278} INFO - Found credentials in shared credentials file: ~/.aws/credentials
[2025-11-11T14:43:23.933-0500] {processor.py:840} INFO - DAG(s) 'ocr_pipeline_dag' retrieved from /opt/airflow/dags/ocr_pipeline_dag.py
[2025-11-11T14:43:23.959-0500] {logging_mixin.py:188} INFO - [2025-11-11T14:43:23.959-0500] {dag.py:3089} INFO - Sync 1 DAGs
[2025-11-11T14:43:23.972-0500] {logging_mixin.py:188} INFO - [2025-11-11T14:43:23.972-0500] {dag.py:3947} INFO - Setting next_dagrun for ocr_pipeline_dag to None, run_after=None
[2025-11-11T14:43:23.996-0500] {processor.py:183} INFO - Processing /opt/airflow/dags/ocr_pipeline_dag.py took 1.000 seconds
[2025-11-11T14:43:54.470-0500] {processor.py:161} INFO - Started process (PID=6494) to work on /opt/airflow/dags/ocr_pipeline_dag.py
[2025-11-11T14:43:54.471-0500] {processor.py:830} INFO - Processing file /opt/airflow/dags/ocr_pipeline_dag.py for tasks to queue
[2025-11-11T14:43:54.472-0500] {logging_mixin.py:188} INFO - [2025-11-11T14:43:54.472-0500] {dagbag.py:545} INFO - Filling up the DagBag from /opt/airflow/dags/ocr_pipeline_dag.py
[2025-11-11T14:43:54.489-0500] {logging_mixin.py:188} INFO - 📂 Using project root: /opt/project
[2025-11-11T14:43:54.840-0500] {logging_mixin.py:188} INFO - [2025-11-11T14:43:54.840-0500] {credentials.py:1278} INFO - Found credentials in shared credentials file: ~/.aws/credentials
[2025-11-11T14:43:55.573-0500] {processor.py:840} INFO - DAG(s) 'ocr_pipeline_dag' retrieved from /opt/airflow/dags/ocr_pipeline_dag.py
[2025-11-11T14:43:55.601-0500] {logging_mixin.py:188} INFO - [2025-11-11T14:43:55.600-0500] {dag.py:3089} INFO - Sync 1 DAGs
[2025-11-11T14:43:55.615-0500] {logging_mixin.py:188} INFO - [2025-11-11T14:43:55.615-0500] {dag.py:3947} INFO - Setting next_dagrun for ocr_pipeline_dag to None, run_after=None
[2025-11-11T14:43:55.641-0500] {processor.py:183} INFO - Processing /opt/airflow/dags/ocr_pipeline_dag.py took 1.179 seconds
[2025-11-11T14:44:25.839-0500] {processor.py:161} INFO - Started process (PID=6500) to work on /opt/airflow/dags/ocr_pipeline_dag.py
[2025-11-11T14:44:25.840-0500] {processor.py:830} INFO - Processing file /opt/airflow/dags/ocr_pipeline_dag.py for tasks to queue
[2025-11-11T14:44:25.842-0500] {logging_mixin.py:188} INFO - [2025-11-11T14:44:25.841-0500] {dagbag.py:545} INFO - Filling up the DagBag from /opt/airflow/dags/ocr_pipeline_dag.py
[2025-11-11T14:44:25.865-0500] {logging_mixin.py:188} INFO - 📂 Using project root: /opt/project
[2025-11-11T14:44:26.214-0500] {logging_mixin.py:188} INFO - [2025-11-11T14:44:26.214-0500] {credentials.py:1278} INFO - Found credentials in shared credentials file: ~/.aws/credentials
[2025-11-11T14:44:26.832-0500] {processor.py:840} INFO - DAG(s) 'ocr_pipeline_dag' retrieved from /opt/airflow/dags/ocr_pipeline_dag.py
[2025-11-11T14:44:26.860-0500] {logging_mixin.py:188} INFO - [2025-11-11T14:44:26.859-0500] {dag.py:3089} INFO - Sync 1 DAGs
[2025-11-11T14:44:26.873-0500] {logging_mixin.py:188} INFO - [2025-11-11T14:44:26.872-0500] {dag.py:3947} INFO - Setting next_dagrun for ocr_pipeline_dag to None, run_after=None
[2025-11-11T14:44:26.893-0500] {processor.py:183} INFO - Processing /opt/airflow/dags/ocr_pipeline_dag.py took 1.062 seconds
[2025-11-11T14:44:57.245-0500] {processor.py:161} INFO - Started process (PID=6506) to work on /opt/airflow/dags/ocr_pipeline_dag.py
[2025-11-11T14:44:57.247-0500] {processor.py:830} INFO - Processing file /opt/airflow/dags/ocr_pipeline_dag.py for tasks to queue
[2025-11-11T14:44:57.248-0500] {logging_mixin.py:188} INFO - [2025-11-11T14:44:57.248-0500] {dagbag.py:545} INFO - Filling up the DagBag from /opt/airflow/dags/ocr_pipeline_dag.py
[2025-11-11T14:44:57.265-0500] {logging_mixin.py:188} INFO - 📂 Using project root: /opt/project
[2025-11-11T14:44:57.595-0500] {logging_mixin.py:188} INFO - [2025-11-11T14:44:57.595-0500] {credentials.py:1278} INFO - Found credentials in shared credentials file: ~/.aws/credentials
[2025-11-11T14:44:58.055-0500] {processor.py:840} INFO - DAG(s) 'ocr_pipeline_dag' retrieved from /opt/airflow/dags/ocr_pipeline_dag.py
[2025-11-11T14:44:58.082-0500] {logging_mixin.py:188} INFO - [2025-11-11T14:44:58.081-0500] {dag.py:3089} INFO - Sync 1 DAGs
[2025-11-11T14:44:58.095-0500] {logging_mixin.py:188} INFO - [2025-11-11T14:44:58.094-0500] {dag.py:3947} INFO - Setting next_dagrun for ocr_pipeline_dag to None, run_after=None
[2025-11-11T14:44:58.119-0500] {processor.py:183} INFO - Processing /opt/airflow/dags/ocr_pipeline_dag.py took 0.881 seconds
[2025-11-11T14:45:28.573-0500] {processor.py:161} INFO - Started process (PID=6512) to work on /opt/airflow/dags/ocr_pipeline_dag.py
[2025-11-11T14:45:28.576-0500] {processor.py:830} INFO - Processing file /opt/airflow/dags/ocr_pipeline_dag.py for tasks to queue
[2025-11-11T14:45:28.578-0500] {logging_mixin.py:188} INFO - [2025-11-11T14:45:28.577-0500] {dagbag.py:545} INFO - Filling up the DagBag from /opt/airflow/dags/ocr_pipeline_dag.py
[2025-11-11T14:45:28.594-0500] {logging_mixin.py:188} INFO - 📂 Using project root: /opt/project
[2025-11-11T14:45:29.006-0500] {logging_mixin.py:188} INFO - [2025-11-11T14:45:29.006-0500] {credentials.py:1278} INFO - Found credentials in shared credentials file: ~/.aws/credentials
[2025-11-11T14:45:29.556-0500] {processor.py:840} INFO - DAG(s) 'ocr_pipeline_dag' retrieved from /opt/airflow/dags/ocr_pipeline_dag.py
[2025-11-11T14:45:29.588-0500] {logging_mixin.py:188} INFO - [2025-11-11T14:45:29.588-0500] {dag.py:3089} INFO - Sync 1 DAGs
[2025-11-11T14:45:29.601-0500] {logging_mixin.py:188} INFO - [2025-11-11T14:45:29.601-0500] {dag.py:3947} INFO - Setting next_dagrun for ocr_pipeline_dag to None, run_after=None
[2025-11-11T14:45:29.625-0500] {processor.py:183} INFO - Processing /opt/airflow/dags/ocr_pipeline_dag.py took 1.061 seconds
[2025-11-11T14:45:59.950-0500] {processor.py:161} INFO - Started process (PID=6518) to work on /opt/airflow/dags/ocr_pipeline_dag.py
[2025-11-11T14:45:59.951-0500] {processor.py:830} INFO - Processing file /opt/airflow/dags/ocr_pipeline_dag.py for tasks to queue
[2025-11-11T14:45:59.953-0500] {logging_mixin.py:188} INFO - [2025-11-11T14:45:59.952-0500] {dagbag.py:545} INFO - Filling up the DagBag from /opt/airflow/dags/ocr_pipeline_dag.py
[2025-11-11T14:45:59.972-0500] {logging_mixin.py:188} INFO - 📂 Using project root: /opt/project
[2025-11-11T14:46:00.387-0500] {logging_mixin.py:188} INFO - [2025-11-11T14:46:00.386-0500] {credentials.py:1278} INFO - Found credentials in shared credentials file: ~/.aws/credentials
[2025-11-11T14:46:00.895-0500] {processor.py:840} INFO - DAG(s) 'ocr_pipeline_dag' retrieved from /opt/airflow/dags/ocr_pipeline_dag.py
[2025-11-11T14:46:00.923-0500] {logging_mixin.py:188} INFO - [2025-11-11T14:46:00.923-0500] {dag.py:3089} INFO - Sync 1 DAGs
[2025-11-11T14:46:00.936-0500] {logging_mixin.py:188} INFO - [2025-11-11T14:46:00.935-0500] {dag.py:3947} INFO - Setting next_dagrun for ocr_pipeline_dag to None, run_after=None
[2025-11-11T14:46:00.956-0500] {processor.py:183} INFO - Processing /opt/airflow/dags/ocr_pipeline_dag.py took 1.014 seconds
[2025-11-11T14:46:31.320-0500] {processor.py:161} INFO - Started process (PID=6524) to work on /opt/airflow/dags/ocr_pipeline_dag.py
[2025-11-11T14:46:31.322-0500] {processor.py:830} INFO - Processing file /opt/airflow/dags/ocr_pipeline_dag.py for tasks to queue
[2025-11-11T14:46:31.323-0500] {logging_mixin.py:188} INFO - [2025-11-11T14:46:31.323-0500] {dagbag.py:545} INFO - Filling up the DagBag from /opt/airflow/dags/ocr_pipeline_dag.py
[2025-11-11T14:46:31.340-0500] {logging_mixin.py:188} INFO - 📂 Using project root: /opt/project
[2025-11-11T14:46:31.700-0500] {logging_mixin.py:188} INFO - [2025-11-11T14:46:31.700-0500] {credentials.py:1278} INFO - Found credentials in shared credentials file: ~/.aws/credentials
[2025-11-11T14:46:32.197-0500] {processor.py:840} INFO - DAG(s) 'ocr_pipeline_dag' retrieved from /opt/airflow/dags/ocr_pipeline_dag.py
[2025-11-11T14:46:32.222-0500] {logging_mixin.py:188} INFO - [2025-11-11T14:46:32.222-0500] {dag.py:3089} INFO - Sync 1 DAGs
[2025-11-11T14:46:32.234-0500] {logging_mixin.py:188} INFO - [2025-11-11T14:46:32.234-0500] {dag.py:3947} INFO - Setting next_dagrun for ocr_pipeline_dag to None, run_after=None
[2025-11-11T14:46:32.254-0500] {processor.py:183} INFO - Processing /opt/airflow/dags/ocr_pipeline_dag.py took 0.942 seconds
[2025-11-11T14:47:02.753-0500] {processor.py:161} INFO - Started process (PID=6530) to work on /opt/airflow/dags/ocr_pipeline_dag.py
[2025-11-11T14:47:02.755-0500] {processor.py:830} INFO - Processing file /opt/airflow/dags/ocr_pipeline_dag.py for tasks to queue
[2025-11-11T14:47:02.756-0500] {logging_mixin.py:188} INFO - [2025-11-11T14:47:02.755-0500] {dagbag.py:545} INFO - Filling up the DagBag from /opt/airflow/dags/ocr_pipeline_dag.py
[2025-11-11T14:47:02.775-0500] {logging_mixin.py:188} INFO - 📂 Using project root: /opt/project
[2025-11-11T14:47:03.126-0500] {logging_mixin.py:188} INFO - [2025-11-11T14:47:03.126-0500] {credentials.py:1278} INFO - Found credentials in shared credentials file: ~/.aws/credentials
[2025-11-11T14:47:03.621-0500] {processor.py:840} INFO - DAG(s) 'ocr_pipeline_dag' retrieved from /opt/airflow/dags/ocr_pipeline_dag.py
[2025-11-11T14:47:03.647-0500] {logging_mixin.py:188} INFO - [2025-11-11T14:47:03.646-0500] {dag.py:3089} INFO - Sync 1 DAGs
[2025-11-11T14:47:03.657-0500] {logging_mixin.py:188} INFO - [2025-11-11T14:47:03.657-0500] {dag.py:3947} INFO - Setting next_dagrun for ocr_pipeline_dag to None, run_after=None
[2025-11-11T14:47:03.677-0500] {processor.py:183} INFO - Processing /opt/airflow/dags/ocr_pipeline_dag.py took 0.919 seconds
[2025-11-11T14:47:34.097-0500] {processor.py:161} INFO - Started process (PID=6536) to work on /opt/airflow/dags/ocr_pipeline_dag.py
[2025-11-11T14:47:34.099-0500] {processor.py:830} INFO - Processing file /opt/airflow/dags/ocr_pipeline_dag.py for tasks to queue
[2025-11-11T14:47:34.100-0500] {logging_mixin.py:188} INFO - [2025-11-11T14:47:34.099-0500] {dagbag.py:545} INFO - Filling up the DagBag from /opt/airflow/dags/ocr_pipeline_dag.py
[2025-11-11T14:47:34.119-0500] {logging_mixin.py:188} INFO - 📂 Using project root: /opt/project
[2025-11-11T14:47:34.472-0500] {logging_mixin.py:188} INFO - [2025-11-11T14:47:34.471-0500] {credentials.py:1278} INFO - Found credentials in shared credentials file: ~/.aws/credentials
[2025-11-11T14:47:34.962-0500] {processor.py:840} INFO - DAG(s) 'ocr_pipeline_dag' retrieved from /opt/airflow/dags/ocr_pipeline_dag.py
[2025-11-11T14:47:34.995-0500] {logging_mixin.py:188} INFO - [2025-11-11T14:47:34.995-0500] {dag.py:3089} INFO - Sync 1 DAGs
[2025-11-11T14:47:35.007-0500] {logging_mixin.py:188} INFO - [2025-11-11T14:47:35.007-0500] {dag.py:3947} INFO - Setting next_dagrun for ocr_pipeline_dag to None, run_after=None
[2025-11-11T14:47:35.029-0500] {processor.py:183} INFO - Processing /opt/airflow/dags/ocr_pipeline_dag.py took 0.938 seconds
[2025-11-11T14:48:05.592-0500] {processor.py:161} INFO - Started process (PID=6542) to work on /opt/airflow/dags/ocr_pipeline_dag.py
[2025-11-11T14:48:05.593-0500] {processor.py:830} INFO - Processing file /opt/airflow/dags/ocr_pipeline_dag.py for tasks to queue
[2025-11-11T14:48:05.594-0500] {logging_mixin.py:188} INFO - [2025-11-11T14:48:05.594-0500] {dagbag.py:545} INFO - Filling up the DagBag from /opt/airflow/dags/ocr_pipeline_dag.py
[2025-11-11T14:48:05.611-0500] {logging_mixin.py:188} INFO - 📂 Using project root: /opt/project
[2025-11-11T14:48:05.957-0500] {logging_mixin.py:188} INFO - [2025-11-11T14:48:05.957-0500] {credentials.py:1278} INFO - Found credentials in shared credentials file: ~/.aws/credentials
[2025-11-11T14:48:06.420-0500] {processor.py:840} INFO - DAG(s) 'ocr_pipeline_dag' retrieved from /opt/airflow/dags/ocr_pipeline_dag.py
[2025-11-11T14:48:06.458-0500] {logging_mixin.py:188} INFO - [2025-11-11T14:48:06.457-0500] {dag.py:3089} INFO - Sync 1 DAGs
[2025-11-11T14:48:06.470-0500] {logging_mixin.py:188} INFO - [2025-11-11T14:48:06.469-0500] {dag.py:3947} INFO - Setting next_dagrun for ocr_pipeline_dag to None, run_after=None
[2025-11-11T14:48:06.612-0500] {processor.py:183} INFO - Processing /opt/airflow/dags/ocr_pipeline_dag.py took 1.026 seconds
[2025-11-11T14:48:36.966-0500] {processor.py:161} INFO - Started process (PID=6548) to work on /opt/airflow/dags/ocr_pipeline_dag.py
[2025-11-11T14:48:36.968-0500] {processor.py:830} INFO - Processing file /opt/airflow/dags/ocr_pipeline_dag.py for tasks to queue
[2025-11-11T14:48:36.969-0500] {logging_mixin.py:188} INFO - [2025-11-11T14:48:36.969-0500] {dagbag.py:545} INFO - Filling up the DagBag from /opt/airflow/dags/ocr_pipeline_dag.py
[2025-11-11T14:48:36.991-0500] {logging_mixin.py:188} INFO - 📂 Using project root: /opt/project
[2025-11-11T14:48:37.400-0500] {logging_mixin.py:188} INFO - [2025-11-11T14:48:37.400-0500] {credentials.py:1278} INFO - Found credentials in shared credentials file: ~/.aws/credentials
[2025-11-11T14:48:38.089-0500] {processor.py:840} INFO - DAG(s) 'ocr_pipeline_dag' retrieved from /opt/airflow/dags/ocr_pipeline_dag.py
[2025-11-11T14:48:38.117-0500] {logging_mixin.py:188} INFO - [2025-11-11T14:48:38.117-0500] {dag.py:3089} INFO - Sync 1 DAGs
[2025-11-11T14:48:38.131-0500] {logging_mixin.py:188} INFO - [2025-11-11T14:48:38.131-0500] {dag.py:3947} INFO - Setting next_dagrun for ocr_pipeline_dag to None, run_after=None
[2025-11-11T14:48:38.154-0500] {processor.py:183} INFO - Processing /opt/airflow/dags/ocr_pipeline_dag.py took 1.194 seconds
[2025-11-11T14:49:08.317-0500] {processor.py:161} INFO - Started process (PID=6554) to work on /opt/airflow/dags/ocr_pipeline_dag.py
[2025-11-11T14:49:08.319-0500] {processor.py:830} INFO - Processing file /opt/airflow/dags/ocr_pipeline_dag.py for tasks to queue
[2025-11-11T14:49:08.320-0500] {logging_mixin.py:188} INFO - [2025-11-11T14:49:08.320-0500] {dagbag.py:545} INFO - Filling up the DagBag from /opt/airflow/dags/ocr_pipeline_dag.py
[2025-11-11T14:49:08.334-0500] {logging_mixin.py:188} INFO - 📂 Using project root: /opt/project
[2025-11-11T14:49:08.698-0500] {logging_mixin.py:188} INFO - [2025-11-11T14:49:08.697-0500] {credentials.py:1278} INFO - Found credentials in shared credentials file: ~/.aws/credentials
[2025-11-11T14:49:09.205-0500] {processor.py:840} INFO - DAG(s) 'ocr_pipeline_dag' retrieved from /opt/airflow/dags/ocr_pipeline_dag.py
[2025-11-11T14:49:09.246-0500] {logging_mixin.py:188} INFO - [2025-11-11T14:49:09.245-0500] {dag.py:3089} INFO - Sync 1 DAGs
[2025-11-11T14:49:09.264-0500] {logging_mixin.py:188} INFO - [2025-11-11T14:49:09.264-0500] {dag.py:3947} INFO - Setting next_dagrun for ocr_pipeline_dag to None, run_after=None
[2025-11-11T14:49:09.290-0500] {processor.py:183} INFO - Processing /opt/airflow/dags/ocr_pipeline_dag.py took 0.981 seconds
[2025-11-11T14:49:39.721-0500] {processor.py:161} INFO - Started process (PID=6560) to work on /opt/airflow/dags/ocr_pipeline_dag.py
[2025-11-11T14:49:39.724-0500] {processor.py:830} INFO - Processing file /opt/airflow/dags/ocr_pipeline_dag.py for tasks to queue
[2025-11-11T14:49:39.727-0500] {logging_mixin.py:188} INFO - [2025-11-11T14:49:39.726-0500] {dagbag.py:545} INFO - Filling up the DagBag from /opt/airflow/dags/ocr_pipeline_dag.py
[2025-11-11T14:49:39.755-0500] {logging_mixin.py:188} INFO - 📂 Using project root: /opt/project
[2025-11-11T14:49:40.184-0500] {logging_mixin.py:188} INFO - [2025-11-11T14:49:40.184-0500] {credentials.py:1278} INFO - Found credentials in shared credentials file: ~/.aws/credentials
[2025-11-11T14:49:40.661-0500] {processor.py:840} INFO - DAG(s) 'ocr_pipeline_dag' retrieved from /opt/airflow/dags/ocr_pipeline_dag.py
[2025-11-11T14:49:40.704-0500] {logging_mixin.py:188} INFO - [2025-11-11T14:49:40.702-0500] {dag.py:3089} INFO - Sync 1 DAGs
[2025-11-11T14:49:40.719-0500] {logging_mixin.py:188} INFO - [2025-11-11T14:49:40.719-0500] {dag.py:3947} INFO - Setting next_dagrun for ocr_pipeline_dag to None, run_after=None
[2025-11-11T14:49:40.742-0500] {processor.py:183} INFO - Processing /opt/airflow/dags/ocr_pipeline_dag.py took 1.032 seconds
[2025-11-11T14:50:11.151-0500] {processor.py:161} INFO - Started process (PID=6566) to work on /opt/airflow/dags/ocr_pipeline_dag.py
[2025-11-11T14:50:11.152-0500] {processor.py:830} INFO - Processing file /opt/airflow/dags/ocr_pipeline_dag.py for tasks to queue
[2025-11-11T14:50:11.154-0500] {logging_mixin.py:188} INFO - [2025-11-11T14:50:11.153-0500] {dagbag.py:545} INFO - Filling up the DagBag from /opt/airflow/dags/ocr_pipeline_dag.py
[2025-11-11T14:50:11.172-0500] {logging_mixin.py:188} INFO - 📂 Using project root: /opt/project
[2025-11-11T14:50:11.478-0500] {logging_mixin.py:188} INFO - [2025-11-11T14:50:11.477-0500] {credentials.py:1278} INFO - Found credentials in shared credentials file: ~/.aws/credentials
[2025-11-11T14:50:11.919-0500] {processor.py:840} INFO - DAG(s) 'ocr_pipeline_dag' retrieved from /opt/airflow/dags/ocr_pipeline_dag.py
[2025-11-11T14:50:11.953-0500] {logging_mixin.py:188} INFO - [2025-11-11T14:50:11.952-0500] {dag.py:3089} INFO - Sync 1 DAGs
[2025-11-11T14:50:11.970-0500] {logging_mixin.py:188} INFO - [2025-11-11T14:50:11.969-0500] {dag.py:3947} INFO - Setting next_dagrun for ocr_pipeline_dag to None, run_after=None
[2025-11-11T14:50:11.990-0500] {processor.py:183} INFO - Processing /opt/airflow/dags/ocr_pipeline_dag.py took 0.848 seconds
[2025-11-11T14:50:42.428-0500] {processor.py:161} INFO - Started process (PID=6572) to work on /opt/airflow/dags/ocr_pipeline_dag.py
[2025-11-11T14:50:42.430-0500] {processor.py:830} INFO - Processing file /opt/airflow/dags/ocr_pipeline_dag.py for tasks to queue
[2025-11-11T14:50:42.431-0500] {logging_mixin.py:188} INFO - [2025-11-11T14:50:42.431-0500] {dagbag.py:545} INFO - Filling up the DagBag from /opt/airflow/dags/ocr_pipeline_dag.py
[2025-11-11T14:50:42.447-0500] {logging_mixin.py:188} INFO - 📂 Using project root: /opt/project
[2025-11-11T14:50:42.783-0500] {logging_mixin.py:188} INFO - [2025-11-11T14:50:42.783-0500] {credentials.py:1278} INFO - Found credentials in shared credentials file: ~/.aws/credentials
[2025-11-11T14:50:43.268-0500] {processor.py:840} INFO - DAG(s) 'ocr_pipeline_dag' retrieved from /opt/airflow/dags/ocr_pipeline_dag.py
[2025-11-11T14:50:43.295-0500] {logging_mixin.py:188} INFO - [2025-11-11T14:50:43.294-0500] {dag.py:3089} INFO - Sync 1 DAGs
[2025-11-11T14:50:43.307-0500] {logging_mixin.py:188} INFO - [2025-11-11T14:50:43.307-0500] {dag.py:3947} INFO - Setting next_dagrun for ocr_pipeline_dag to None, run_after=None
[2025-11-11T14:50:43.326-0500] {processor.py:183} INFO - Processing /opt/airflow/dags/ocr_pipeline_dag.py took 0.904 seconds
[2025-11-11T14:51:13.778-0500] {processor.py:161} INFO - Started process (PID=6578) to work on /opt/airflow/dags/ocr_pipeline_dag.py
[2025-11-11T14:51:13.779-0500] {processor.py:830} INFO - Processing file /opt/airflow/dags/ocr_pipeline_dag.py for tasks to queue
[2025-11-11T14:51:13.781-0500] {logging_mixin.py:188} INFO - [2025-11-11T14:51:13.780-0500] {dagbag.py:545} INFO - Filling up the DagBag from /opt/airflow/dags/ocr_pipeline_dag.py
[2025-11-11T14:51:13.797-0500] {logging_mixin.py:188} INFO - 📂 Using project root: /opt/project
[2025-11-11T14:51:14.121-0500] {logging_mixin.py:188} INFO - [2025-11-11T14:51:14.121-0500] {credentials.py:1278} INFO - Found credentials in shared credentials file: ~/.aws/credentials
[2025-11-11T14:51:14.566-0500] {processor.py:840} INFO - DAG(s) 'ocr_pipeline_dag' retrieved from /opt/airflow/dags/ocr_pipeline_dag.py
[2025-11-11T14:51:14.591-0500] {logging_mixin.py:188} INFO - [2025-11-11T14:51:14.591-0500] {dag.py:3089} INFO - Sync 1 DAGs
[2025-11-11T14:51:14.603-0500] {logging_mixin.py:188} INFO - [2025-11-11T14:51:14.603-0500] {dag.py:3947} INFO - Setting next_dagrun for ocr_pipeline_dag to None, run_after=None
[2025-11-11T14:51:14.621-0500] {processor.py:183} INFO - Processing /opt/airflow/dags/ocr_pipeline_dag.py took 0.850 seconds
[2025-11-11T14:51:45.085-0500] {processor.py:161} INFO - Started process (PID=6584) to work on /opt/airflow/dags/ocr_pipeline_dag.py
[2025-11-11T14:51:45.087-0500] {processor.py:830} INFO - Processing file /opt/airflow/dags/ocr_pipeline_dag.py for tasks to queue
[2025-11-11T14:51:45.088-0500] {logging_mixin.py:188} INFO - [2025-11-11T14:51:45.087-0500] {dagbag.py:545} INFO - Filling up the DagBag from /opt/airflow/dags/ocr_pipeline_dag.py
[2025-11-11T14:51:45.106-0500] {logging_mixin.py:188} INFO - 📂 Using project root: /opt/project
[2025-11-11T14:51:45.453-0500] {logging_mixin.py:188} INFO - [2025-11-11T14:51:45.453-0500] {credentials.py:1278} INFO - Found credentials in shared credentials file: ~/.aws/credentials
[2025-11-11T14:51:45.890-0500] {processor.py:840} INFO - DAG(s) 'ocr_pipeline_dag' retrieved from /opt/airflow/dags/ocr_pipeline_dag.py
[2025-11-11T14:51:45.916-0500] {logging_mixin.py:188} INFO - [2025-11-11T14:51:45.916-0500] {dag.py:3089} INFO - Sync 1 DAGs
[2025-11-11T14:51:45.927-0500] {logging_mixin.py:188} INFO - [2025-11-11T14:51:45.927-0500] {dag.py:3947} INFO - Setting next_dagrun for ocr_pipeline_dag to None, run_after=None
[2025-11-11T14:51:45.947-0500] {processor.py:183} INFO - Processing /opt/airflow/dags/ocr_pipeline_dag.py took 0.869 seconds
[2025-11-11T14:52:16.291-0500] {processor.py:161} INFO - Started process (PID=6590) to work on /opt/airflow/dags/ocr_pipeline_dag.py
[2025-11-11T14:52:16.292-0500] {processor.py:830} INFO - Processing file /opt/airflow/dags/ocr_pipeline_dag.py for tasks to queue
[2025-11-11T14:52:16.294-0500] {logging_mixin.py:188} INFO - [2025-11-11T14:52:16.293-0500] {dagbag.py:545} INFO - Filling up the DagBag from /opt/airflow/dags/ocr_pipeline_dag.py
[2025-11-11T14:52:16.312-0500] {logging_mixin.py:188} INFO - 📂 Using project root: /opt/project
[2025-11-11T14:52:16.634-0500] {logging_mixin.py:188} INFO - [2025-11-11T14:52:16.634-0500] {credentials.py:1278} INFO - Found credentials in shared credentials file: ~/.aws/credentials
[2025-11-11T14:52:17.100-0500] {processor.py:840} INFO - DAG(s) 'ocr_pipeline_dag' retrieved from /opt/airflow/dags/ocr_pipeline_dag.py
[2025-11-11T14:52:17.125-0500] {logging_mixin.py:188} INFO - [2025-11-11T14:52:17.125-0500] {dag.py:3089} INFO - Sync 1 DAGs
[2025-11-11T14:52:17.137-0500] {logging_mixin.py:188} INFO - [2025-11-11T14:52:17.137-0500] {dag.py:3947} INFO - Setting next_dagrun for ocr_pipeline_dag to None, run_after=None
[2025-11-11T14:52:17.156-0500] {processor.py:183} INFO - Processing /opt/airflow/dags/ocr_pipeline_dag.py took 0.873 seconds
[2025-11-11T14:52:47.630-0500] {processor.py:161} INFO - Started process (PID=6596) to work on /opt/airflow/dags/ocr_pipeline_dag.py
[2025-11-11T14:52:47.632-0500] {processor.py:830} INFO - Processing file /opt/airflow/dags/ocr_pipeline_dag.py for tasks to queue
[2025-11-11T14:52:47.633-0500] {logging_mixin.py:188} INFO - [2025-11-11T14:52:47.633-0500] {dagbag.py:545} INFO - Filling up the DagBag from /opt/airflow/dags/ocr_pipeline_dag.py
[2025-11-11T14:52:47.650-0500] {logging_mixin.py:188} INFO - 📂 Using project root: /opt/project
[2025-11-11T14:52:47.987-0500] {logging_mixin.py:188} INFO - [2025-11-11T14:52:47.987-0500] {credentials.py:1278} INFO - Found credentials in shared credentials file: ~/.aws/credentials
[2025-11-11T14:52:48.505-0500] {processor.py:840} INFO - DAG(s) 'ocr_pipeline_dag' retrieved from /opt/airflow/dags/ocr_pipeline_dag.py
[2025-11-11T14:52:48.544-0500] {logging_mixin.py:188} INFO - [2025-11-11T14:52:48.543-0500] {dag.py:3089} INFO - Sync 1 DAGs
[2025-11-11T14:52:48.556-0500] {logging_mixin.py:188} INFO - [2025-11-11T14:52:48.556-0500] {dag.py:3947} INFO - Setting next_dagrun for ocr_pipeline_dag to None, run_after=None
[2025-11-11T14:52:48.578-0500] {processor.py:183} INFO - Processing /opt/airflow/dags/ocr_pipeline_dag.py took 0.955 seconds
[2025-11-11T14:53:19.006-0500] {processor.py:161} INFO - Started process (PID=6602) to work on /opt/airflow/dags/ocr_pipeline_dag.py
[2025-11-11T14:53:19.007-0500] {processor.py:830} INFO - Processing file /opt/airflow/dags/ocr_pipeline_dag.py for tasks to queue
[2025-11-11T14:53:19.008-0500] {logging_mixin.py:188} INFO - [2025-11-11T14:53:19.008-0500] {dagbag.py:545} INFO - Filling up the DagBag from /opt/airflow/dags/ocr_pipeline_dag.py
[2025-11-11T14:53:19.027-0500] {logging_mixin.py:188} INFO - 📂 Using project root: /opt/project
[2025-11-11T14:53:19.366-0500] {logging_mixin.py:188} INFO - [2025-11-11T14:53:19.366-0500] {credentials.py:1278} INFO - Found credentials in shared credentials file: ~/.aws/credentials
[2025-11-11T14:53:19.824-0500] {processor.py:840} INFO - DAG(s) 'ocr_pipeline_dag' retrieved from /opt/airflow/dags/ocr_pipeline_dag.py
[2025-11-11T14:53:19.849-0500] {logging_mixin.py:188} INFO - [2025-11-11T14:53:19.848-0500] {dag.py:3089} INFO - Sync 1 DAGs
[2025-11-11T14:53:19.862-0500] {logging_mixin.py:188} INFO - [2025-11-11T14:53:19.862-0500] {dag.py:3947} INFO - Setting next_dagrun for ocr_pipeline_dag to None, run_after=None
[2025-11-11T14:53:19.890-0500] {processor.py:183} INFO - Processing /opt/airflow/dags/ocr_pipeline_dag.py took 0.891 seconds
[2025-11-11T14:53:50.345-0500] {processor.py:161} INFO - Started process (PID=6608) to work on /opt/airflow/dags/ocr_pipeline_dag.py
[2025-11-11T14:53:50.346-0500] {processor.py:830} INFO - Processing file /opt/airflow/dags/ocr_pipeline_dag.py for tasks to queue
[2025-11-11T14:53:50.347-0500] {logging_mixin.py:188} INFO - [2025-11-11T14:53:50.347-0500] {dagbag.py:545} INFO - Filling up the DagBag from /opt/airflow/dags/ocr_pipeline_dag.py
[2025-11-11T14:53:50.364-0500] {logging_mixin.py:188} INFO - 📂 Using project root: /opt/project
[2025-11-11T14:53:50.693-0500] {logging_mixin.py:188} INFO - [2025-11-11T14:53:50.693-0500] {credentials.py:1278} INFO - Found credentials in shared credentials file: ~/.aws/credentials
[2025-11-11T14:53:51.156-0500] {processor.py:840} INFO - DAG(s) 'ocr_pipeline_dag' retrieved from /opt/airflow/dags/ocr_pipeline_dag.py
[2025-11-11T14:53:51.183-0500] {logging_mixin.py:188} INFO - [2025-11-11T14:53:51.183-0500] {dag.py:3089} INFO - Sync 1 DAGs
[2025-11-11T14:53:51.196-0500] {logging_mixin.py:188} INFO - [2025-11-11T14:53:51.196-0500] {dag.py:3947} INFO - Setting next_dagrun for ocr_pipeline_dag to None, run_after=None
[2025-11-11T14:53:51.217-0500] {processor.py:183} INFO - Processing /opt/airflow/dags/ocr_pipeline_dag.py took 0.879 seconds
[2025-11-11T14:54:21.760-0500] {processor.py:161} INFO - Started process (PID=6614) to work on /opt/airflow/dags/ocr_pipeline_dag.py
[2025-11-11T14:54:21.762-0500] {processor.py:830} INFO - Processing file /opt/airflow/dags/ocr_pipeline_dag.py for tasks to queue
[2025-11-11T14:54:21.763-0500] {logging_mixin.py:188} INFO - [2025-11-11T14:54:21.763-0500] {dagbag.py:545} INFO - Filling up the DagBag from /opt/airflow/dags/ocr_pipeline_dag.py
[2025-11-11T14:54:21.781-0500] {logging_mixin.py:188} INFO - 📂 Using project root: /opt/project
[2025-11-11T14:54:22.119-0500] {logging_mixin.py:188} INFO - [2025-11-11T14:54:22.118-0500] {credentials.py:1278} INFO - Found credentials in shared credentials file: ~/.aws/credentials
[2025-11-11T14:54:22.602-0500] {processor.py:840} INFO - DAG(s) 'ocr_pipeline_dag' retrieved from /opt/airflow/dags/ocr_pipeline_dag.py
[2025-11-11T14:54:22.631-0500] {logging_mixin.py:188} INFO - [2025-11-11T14:54:22.631-0500] {dag.py:3089} INFO - Sync 1 DAGs
[2025-11-11T14:54:22.644-0500] {logging_mixin.py:188} INFO - [2025-11-11T14:54:22.644-0500] {dag.py:3947} INFO - Setting next_dagrun for ocr_pipeline_dag to None, run_after=None
[2025-11-11T14:54:22.666-0500] {processor.py:183} INFO - Processing /opt/airflow/dags/ocr_pipeline_dag.py took 0.912 seconds
[2025-11-11T14:54:53.170-0500] {processor.py:161} INFO - Started process (PID=6620) to work on /opt/airflow/dags/ocr_pipeline_dag.py
[2025-11-11T14:54:53.172-0500] {processor.py:830} INFO - Processing file /opt/airflow/dags/ocr_pipeline_dag.py for tasks to queue
[2025-11-11T14:54:53.173-0500] {logging_mixin.py:188} INFO - [2025-11-11T14:54:53.173-0500] {dagbag.py:545} INFO - Filling up the DagBag from /opt/airflow/dags/ocr_pipeline_dag.py
[2025-11-11T14:54:53.193-0500] {logging_mixin.py:188} INFO - 📂 Using project root: /opt/project
[2025-11-11T14:54:53.561-0500] {logging_mixin.py:188} INFO - [2025-11-11T14:54:53.561-0500] {credentials.py:1278} INFO - Found credentials in shared credentials file: ~/.aws/credentials
[2025-11-11T14:54:54.041-0500] {processor.py:840} INFO - DAG(s) 'ocr_pipeline_dag' retrieved from /opt/airflow/dags/ocr_pipeline_dag.py
[2025-11-11T14:54:54.075-0500] {logging_mixin.py:188} INFO - [2025-11-11T14:54:54.075-0500] {dag.py:3089} INFO - Sync 1 DAGs
[2025-11-11T14:54:54.087-0500] {logging_mixin.py:188} INFO - [2025-11-11T14:54:54.086-0500] {dag.py:3947} INFO - Setting next_dagrun for ocr_pipeline_dag to None, run_after=None
[2025-11-11T14:54:54.107-0500] {processor.py:183} INFO - Processing /opt/airflow/dags/ocr_pipeline_dag.py took 0.945 seconds
[2025-11-11T14:55:24.607-0500] {processor.py:161} INFO - Started process (PID=6626) to work on /opt/airflow/dags/ocr_pipeline_dag.py
[2025-11-11T14:55:24.608-0500] {processor.py:830} INFO - Processing file /opt/airflow/dags/ocr_pipeline_dag.py for tasks to queue
[2025-11-11T14:55:24.610-0500] {logging_mixin.py:188} INFO - [2025-11-11T14:55:24.609-0500] {dagbag.py:545} INFO - Filling up the DagBag from /opt/airflow/dags/ocr_pipeline_dag.py
[2025-11-11T14:55:24.626-0500] {logging_mixin.py:188} INFO - 📂 Using project root: /opt/project
[2025-11-11T14:55:24.973-0500] {logging_mixin.py:188} INFO - [2025-11-11T14:55:24.972-0500] {credentials.py:1278} INFO - Found credentials in shared credentials file: ~/.aws/credentials
[2025-11-11T14:55:25.401-0500] {processor.py:840} INFO - DAG(s) 'ocr_pipeline_dag' retrieved from /opt/airflow/dags/ocr_pipeline_dag.py
[2025-11-11T14:55:25.426-0500] {logging_mixin.py:188} INFO - [2025-11-11T14:55:25.426-0500] {dag.py:3089} INFO - Sync 1 DAGs
[2025-11-11T14:55:25.437-0500] {logging_mixin.py:188} INFO - [2025-11-11T14:55:25.437-0500] {dag.py:3947} INFO - Setting next_dagrun for ocr_pipeline_dag to None, run_after=None
[2025-11-11T14:55:25.456-0500] {processor.py:183} INFO - Processing /opt/airflow/dags/ocr_pipeline_dag.py took 0.857 seconds
[2025-11-11T14:55:55.904-0500] {processor.py:161} INFO - Started process (PID=6632) to work on /opt/airflow/dags/ocr_pipeline_dag.py
[2025-11-11T14:55:55.905-0500] {processor.py:830} INFO - Processing file /opt/airflow/dags/ocr_pipeline_dag.py for tasks to queue
[2025-11-11T14:55:55.907-0500] {logging_mixin.py:188} INFO - [2025-11-11T14:55:55.906-0500] {dagbag.py:545} INFO - Filling up the DagBag from /opt/airflow/dags/ocr_pipeline_dag.py
[2025-11-11T14:55:55.924-0500] {logging_mixin.py:188} INFO - 📂 Using project root: /opt/project
[2025-11-11T14:55:56.259-0500] {logging_mixin.py:188} INFO - [2025-11-11T14:55:56.259-0500] {credentials.py:1278} INFO - Found credentials in shared credentials file: ~/.aws/credentials
[2025-11-11T14:55:56.720-0500] {processor.py:840} INFO - DAG(s) 'ocr_pipeline_dag' retrieved from /opt/airflow/dags/ocr_pipeline_dag.py
[2025-11-11T14:55:56.757-0500] {logging_mixin.py:188} INFO - [2025-11-11T14:55:56.756-0500] {dag.py:3089} INFO - Sync 1 DAGs
[2025-11-11T14:55:56.768-0500] {logging_mixin.py:188} INFO - [2025-11-11T14:55:56.768-0500] {dag.py:3947} INFO - Setting next_dagrun for ocr_pipeline_dag to None, run_after=None
[2025-11-11T14:55:56.787-0500] {processor.py:183} INFO - Processing /opt/airflow/dags/ocr_pipeline_dag.py took 0.889 seconds
[2025-11-11T14:56:27.250-0500] {processor.py:161} INFO - Started process (PID=6638) to work on /opt/airflow/dags/ocr_pipeline_dag.py
[2025-11-11T14:56:27.252-0500] {processor.py:830} INFO - Processing file /opt/airflow/dags/ocr_pipeline_dag.py for tasks to queue
[2025-11-11T14:56:27.253-0500] {logging_mixin.py:188} INFO - [2025-11-11T14:56:27.253-0500] {dagbag.py:545} INFO - Filling up the DagBag from /opt/airflow/dags/ocr_pipeline_dag.py
[2025-11-11T14:56:27.270-0500] {logging_mixin.py:188} INFO - 📂 Using project root: /opt/project
[2025-11-11T14:56:27.637-0500] {logging_mixin.py:188} INFO - [2025-11-11T14:56:27.637-0500] {credentials.py:1278} INFO - Found credentials in shared credentials file: ~/.aws/credentials
[2025-11-11T14:56:28.094-0500] {processor.py:840} INFO - DAG(s) 'ocr_pipeline_dag' retrieved from /opt/airflow/dags/ocr_pipeline_dag.py
[2025-11-11T14:56:28.120-0500] {logging_mixin.py:188} INFO - [2025-11-11T14:56:28.120-0500] {dag.py:3089} INFO - Sync 1 DAGs
[2025-11-11T14:56:28.134-0500] {logging_mixin.py:188} INFO - [2025-11-11T14:56:28.133-0500] {dag.py:3947} INFO - Setting next_dagrun for ocr_pipeline_dag to None, run_after=None
[2025-11-11T14:56:28.156-0500] {processor.py:183} INFO - Processing /opt/airflow/dags/ocr_pipeline_dag.py took 0.913 seconds
[2025-11-11T14:56:58.647-0500] {processor.py:161} INFO - Started process (PID=6644) to work on /opt/airflow/dags/ocr_pipeline_dag.py
[2025-11-11T14:56:58.648-0500] {processor.py:830} INFO - Processing file /opt/airflow/dags/ocr_pipeline_dag.py for tasks to queue
[2025-11-11T14:56:58.650-0500] {logging_mixin.py:188} INFO - [2025-11-11T14:56:58.649-0500] {dagbag.py:545} INFO - Filling up the DagBag from /opt/airflow/dags/ocr_pipeline_dag.py
[2025-11-11T14:56:58.668-0500] {logging_mixin.py:188} INFO - 📂 Using project root: /opt/project
[2025-11-11T14:56:59.150-0500] {logging_mixin.py:188} INFO - [2025-11-11T14:56:59.149-0500] {credentials.py:1278} INFO - Found credentials in shared credentials file: ~/.aws/credentials
[2025-11-11T14:56:59.703-0500] {processor.py:840} INFO - DAG(s) 'ocr_pipeline_dag' retrieved from /opt/airflow/dags/ocr_pipeline_dag.py
[2025-11-11T14:56:59.731-0500] {logging_mixin.py:188} INFO - [2025-11-11T14:56:59.731-0500] {dag.py:3089} INFO - Sync 1 DAGs
[2025-11-11T14:56:59.804-0500] {logging_mixin.py:188} INFO - [2025-11-11T14:56:59.804-0500] {dag.py:3947} INFO - Setting next_dagrun for ocr_pipeline_dag to None, run_after=None
[2025-11-11T14:56:59.871-0500] {processor.py:183} INFO - Processing /opt/airflow/dags/ocr_pipeline_dag.py took 1.230 seconds
[2025-11-11T14:57:29.997-0500] {processor.py:161} INFO - Started process (PID=6650) to work on /opt/airflow/dags/ocr_pipeline_dag.py
[2025-11-11T14:57:29.999-0500] {processor.py:830} INFO - Processing file /opt/airflow/dags/ocr_pipeline_dag.py for tasks to queue
[2025-11-11T14:57:30.001-0500] {logging_mixin.py:188} INFO - [2025-11-11T14:57:30.000-0500] {dagbag.py:545} INFO - Filling up the DagBag from /opt/airflow/dags/ocr_pipeline_dag.py
[2025-11-11T14:57:30.024-0500] {logging_mixin.py:188} INFO - 📂 Using project root: /opt/project
[2025-11-11T14:57:30.381-0500] {logging_mixin.py:188} INFO - [2025-11-11T14:57:30.381-0500] {credentials.py:1278} INFO - Found credentials in shared credentials file: ~/.aws/credentials
[2025-11-11T14:57:30.902-0500] {processor.py:840} INFO - DAG(s) 'ocr_pipeline_dag' retrieved from /opt/airflow/dags/ocr_pipeline_dag.py
[2025-11-11T14:57:30.928-0500] {logging_mixin.py:188} INFO - [2025-11-11T14:57:30.928-0500] {dag.py:3089} INFO - Sync 1 DAGs
[2025-11-11T14:57:30.941-0500] {logging_mixin.py:188} INFO - [2025-11-11T14:57:30.941-0500] {dag.py:3947} INFO - Setting next_dagrun for ocr_pipeline_dag to None, run_after=None
[2025-11-11T14:57:30.961-0500] {processor.py:183} INFO - Processing /opt/airflow/dags/ocr_pipeline_dag.py took 0.987 seconds
[2025-11-11T14:58:01.393-0500] {processor.py:161} INFO - Started process (PID=6656) to work on /opt/airflow/dags/ocr_pipeline_dag.py
[2025-11-11T14:58:01.394-0500] {processor.py:830} INFO - Processing file /opt/airflow/dags/ocr_pipeline_dag.py for tasks to queue
[2025-11-11T14:58:01.396-0500] {logging_mixin.py:188} INFO - [2025-11-11T14:58:01.396-0500] {dagbag.py:545} INFO - Filling up the DagBag from /opt/airflow/dags/ocr_pipeline_dag.py
[2025-11-11T14:58:01.417-0500] {logging_mixin.py:188} INFO - 📂 Using project root: /opt/project
[2025-11-11T14:58:01.847-0500] {logging_mixin.py:188} INFO - [2025-11-11T14:58:01.847-0500] {credentials.py:1278} INFO - Found credentials in shared credentials file: ~/.aws/credentials
[2025-11-11T14:58:02.338-0500] {processor.py:840} INFO - DAG(s) 'ocr_pipeline_dag' retrieved from /opt/airflow/dags/ocr_pipeline_dag.py
[2025-11-11T14:58:02.377-0500] {logging_mixin.py:188} INFO - [2025-11-11T14:58:02.376-0500] {dag.py:3089} INFO - Sync 1 DAGs
[2025-11-11T14:58:02.392-0500] {logging_mixin.py:188} INFO - [2025-11-11T14:58:02.392-0500] {dag.py:3947} INFO - Setting next_dagrun for ocr_pipeline_dag to None, run_after=None
[2025-11-11T14:58:02.416-0500] {processor.py:183} INFO - Processing /opt/airflow/dags/ocr_pipeline_dag.py took 1.033 seconds
[2025-11-11T14:58:32.744-0500] {processor.py:161} INFO - Started process (PID=6662) to work on /opt/airflow/dags/ocr_pipeline_dag.py
[2025-11-11T14:58:32.745-0500] {processor.py:830} INFO - Processing file /opt/airflow/dags/ocr_pipeline_dag.py for tasks to queue
[2025-11-11T14:58:32.746-0500] {logging_mixin.py:188} INFO - [2025-11-11T14:58:32.746-0500] {dagbag.py:545} INFO - Filling up the DagBag from /opt/airflow/dags/ocr_pipeline_dag.py
[2025-11-11T14:58:32.769-0500] {logging_mixin.py:188} INFO - 📂 Using project root: /opt/project
[2025-11-11T14:58:33.119-0500] {logging_mixin.py:188} INFO - [2025-11-11T14:58:33.118-0500] {credentials.py:1278} INFO - Found credentials in shared credentials file: ~/.aws/credentials
[2025-11-11T14:58:33.664-0500] {processor.py:840} INFO - DAG(s) 'ocr_pipeline_dag' retrieved from /opt/airflow/dags/ocr_pipeline_dag.py
[2025-11-11T14:58:33.689-0500] {logging_mixin.py:188} INFO - [2025-11-11T14:58:33.689-0500] {dag.py:3089} INFO - Sync 1 DAGs
[2025-11-11T14:58:33.700-0500] {logging_mixin.py:188} INFO - [2025-11-11T14:58:33.700-0500] {dag.py:3947} INFO - Setting next_dagrun for ocr_pipeline_dag to None, run_after=None
[2025-11-11T14:58:33.720-0500] {processor.py:183} INFO - Processing /opt/airflow/dags/ocr_pipeline_dag.py took 0.975 seconds
[2025-11-11T14:59:04.146-0500] {processor.py:161} INFO - Started process (PID=6668) to work on /opt/airflow/dags/ocr_pipeline_dag.py
[2025-11-11T14:59:04.148-0500] {processor.py:830} INFO - Processing file /opt/airflow/dags/ocr_pipeline_dag.py for tasks to queue
[2025-11-11T14:59:04.149-0500] {logging_mixin.py:188} INFO - [2025-11-11T14:59:04.149-0500] {dagbag.py:545} INFO - Filling up the DagBag from /opt/airflow/dags/ocr_pipeline_dag.py
[2025-11-11T14:59:04.166-0500] {logging_mixin.py:188} INFO - 📂 Using project root: /opt/project
[2025-11-11T14:59:04.650-0500] {logging_mixin.py:188} INFO - [2025-11-11T14:59:04.650-0500] {credentials.py:1278} INFO - Found credentials in shared credentials file: ~/.aws/credentials
[2025-11-11T14:59:05.202-0500] {processor.py:840} INFO - DAG(s) 'ocr_pipeline_dag' retrieved from /opt/airflow/dags/ocr_pipeline_dag.py
[2025-11-11T14:59:05.236-0500] {logging_mixin.py:188} INFO - [2025-11-11T14:59:05.235-0500] {dag.py:3089} INFO - Sync 1 DAGs
[2025-11-11T14:59:05.251-0500] {logging_mixin.py:188} INFO - [2025-11-11T14:59:05.251-0500] {dag.py:3947} INFO - Setting next_dagrun for ocr_pipeline_dag to None, run_after=None
[2025-11-11T14:59:05.275-0500] {processor.py:183} INFO - Processing /opt/airflow/dags/ocr_pipeline_dag.py took 1.137 seconds
[2025-11-11T14:59:35.635-0500] {processor.py:161} INFO - Started process (PID=6674) to work on /opt/airflow/dags/ocr_pipeline_dag.py
[2025-11-11T14:59:35.636-0500] {processor.py:830} INFO - Processing file /opt/airflow/dags/ocr_pipeline_dag.py for tasks to queue
[2025-11-11T14:59:35.637-0500] {logging_mixin.py:188} INFO - [2025-11-11T14:59:35.637-0500] {dagbag.py:545} INFO - Filling up the DagBag from /opt/airflow/dags/ocr_pipeline_dag.py
[2025-11-11T14:59:35.657-0500] {logging_mixin.py:188} INFO - 📂 Using project root: /opt/project
[2025-11-11T14:59:35.986-0500] {logging_mixin.py:188} INFO - [2025-11-11T14:59:35.986-0500] {credentials.py:1278} INFO - Found credentials in shared credentials file: ~/.aws/credentials
[2025-11-11T14:59:36.509-0500] {processor.py:840} INFO - DAG(s) 'ocr_pipeline_dag' retrieved from /opt/airflow/dags/ocr_pipeline_dag.py
[2025-11-11T14:59:36.537-0500] {logging_mixin.py:188} INFO - [2025-11-11T14:59:36.537-0500] {dag.py:3089} INFO - Sync 1 DAGs
[2025-11-11T14:59:36.549-0500] {logging_mixin.py:188} INFO - [2025-11-11T14:59:36.548-0500] {dag.py:3947} INFO - Setting next_dagrun for ocr_pipeline_dag to None, run_after=None
[2025-11-11T14:59:36.569-0500] {processor.py:183} INFO - Processing /opt/airflow/dags/ocr_pipeline_dag.py took 0.941 seconds
[2025-11-11T15:00:06.982-0500] {processor.py:161} INFO - Started process (PID=6680) to work on /opt/airflow/dags/ocr_pipeline_dag.py
[2025-11-11T15:00:06.984-0500] {processor.py:830} INFO - Processing file /opt/airflow/dags/ocr_pipeline_dag.py for tasks to queue
[2025-11-11T15:00:06.987-0500] {logging_mixin.py:188} INFO - [2025-11-11T15:00:06.986-0500] {dagbag.py:545} INFO - Filling up the DagBag from /opt/airflow/dags/ocr_pipeline_dag.py
[2025-11-11T15:00:07.010-0500] {logging_mixin.py:188} INFO - 📂 Using project root: /opt/project
[2025-11-11T15:00:07.456-0500] {logging_mixin.py:188} INFO - [2025-11-11T15:00:07.456-0500] {credentials.py:1278} INFO - Found credentials in shared credentials file: ~/.aws/credentials
[2025-11-11T15:00:08.084-0500] {processor.py:840} INFO - DAG(s) 'ocr_pipeline_dag' retrieved from /opt/airflow/dags/ocr_pipeline_dag.py
[2025-11-11T15:00:08.116-0500] {logging_mixin.py:188} INFO - [2025-11-11T15:00:08.116-0500] {dag.py:3089} INFO - Sync 1 DAGs
[2025-11-11T15:00:08.129-0500] {logging_mixin.py:188} INFO - [2025-11-11T15:00:08.128-0500] {dag.py:3947} INFO - Setting next_dagrun for ocr_pipeline_dag to None, run_after=None
[2025-11-11T15:00:08.152-0500] {processor.py:183} INFO - Processing /opt/airflow/dags/ocr_pipeline_dag.py took 1.180 seconds
[2025-11-11T15:00:38.408-0500] {processor.py:161} INFO - Started process (PID=6686) to work on /opt/airflow/dags/ocr_pipeline_dag.py
[2025-11-11T15:00:38.410-0500] {processor.py:830} INFO - Processing file /opt/airflow/dags/ocr_pipeline_dag.py for tasks to queue
[2025-11-11T15:00:38.411-0500] {logging_mixin.py:188} INFO - [2025-11-11T15:00:38.411-0500] {dagbag.py:545} INFO - Filling up the DagBag from /opt/airflow/dags/ocr_pipeline_dag.py
[2025-11-11T15:00:38.429-0500] {logging_mixin.py:188} INFO - 📂 Using project root: /opt/project
[2025-11-11T15:00:38.817-0500] {logging_mixin.py:188} INFO - [2025-11-11T15:00:38.817-0500] {credentials.py:1278} INFO - Found credentials in shared credentials file: ~/.aws/credentials
[2025-11-11T15:00:39.338-0500] {processor.py:840} INFO - DAG(s) 'ocr_pipeline_dag' retrieved from /opt/airflow/dags/ocr_pipeline_dag.py
[2025-11-11T15:00:39.372-0500] {logging_mixin.py:188} INFO - [2025-11-11T15:00:39.372-0500] {dag.py:3089} INFO - Sync 1 DAGs
[2025-11-11T15:00:39.387-0500] {logging_mixin.py:188} INFO - [2025-11-11T15:00:39.386-0500] {dag.py:3947} INFO - Setting next_dagrun for ocr_pipeline_dag to None, run_after=None
[2025-11-11T15:00:39.414-0500] {processor.py:183} INFO - Processing /opt/airflow/dags/ocr_pipeline_dag.py took 1.013 seconds
[2025-11-11T15:01:09.788-0500] {processor.py:161} INFO - Started process (PID=6692) to work on /opt/airflow/dags/ocr_pipeline_dag.py
[2025-11-11T15:01:09.789-0500] {processor.py:830} INFO - Processing file /opt/airflow/dags/ocr_pipeline_dag.py for tasks to queue
[2025-11-11T15:01:09.791-0500] {logging_mixin.py:188} INFO - [2025-11-11T15:01:09.790-0500] {dagbag.py:545} INFO - Filling up the DagBag from /opt/airflow/dags/ocr_pipeline_dag.py
[2025-11-11T15:01:09.812-0500] {logging_mixin.py:188} INFO - 📂 Using project root: /opt/project
[2025-11-11T15:01:10.229-0500] {logging_mixin.py:188} INFO - [2025-11-11T15:01:10.229-0500] {credentials.py:1278} INFO - Found credentials in shared credentials file: ~/.aws/credentials
[2025-11-11T15:01:10.799-0500] {processor.py:840} INFO - DAG(s) 'ocr_pipeline_dag' retrieved from /opt/airflow/dags/ocr_pipeline_dag.py
[2025-11-11T15:01:10.825-0500] {logging_mixin.py:188} INFO - [2025-11-11T15:01:10.825-0500] {dag.py:3089} INFO - Sync 1 DAGs
[2025-11-11T15:01:10.836-0500] {logging_mixin.py:188} INFO - [2025-11-11T15:01:10.836-0500] {dag.py:3947} INFO - Setting next_dagrun for ocr_pipeline_dag to None, run_after=None
[2025-11-11T15:01:10.855-0500] {processor.py:183} INFO - Processing /opt/airflow/dags/ocr_pipeline_dag.py took 1.075 seconds
[2025-11-11T15:01:41.193-0500] {processor.py:161} INFO - Started process (PID=6698) to work on /opt/airflow/dags/ocr_pipeline_dag.py
[2025-11-11T15:01:41.195-0500] {processor.py:830} INFO - Processing file /opt/airflow/dags/ocr_pipeline_dag.py for tasks to queue
[2025-11-11T15:01:41.196-0500] {logging_mixin.py:188} INFO - [2025-11-11T15:01:41.196-0500] {dagbag.py:545} INFO - Filling up the DagBag from /opt/airflow/dags/ocr_pipeline_dag.py
[2025-11-11T15:01:41.214-0500] {logging_mixin.py:188} INFO - 📂 Using project root: /opt/project
[2025-11-11T15:01:41.613-0500] {logging_mixin.py:188} INFO - [2025-11-11T15:01:41.613-0500] {credentials.py:1278} INFO - Found credentials in shared credentials file: ~/.aws/credentials
[2025-11-11T15:01:42.232-0500] {processor.py:840} INFO - DAG(s) 'ocr_pipeline_dag' retrieved from /opt/airflow/dags/ocr_pipeline_dag.py
[2025-11-11T15:01:42.269-0500] {logging_mixin.py:188} INFO - [2025-11-11T15:01:42.268-0500] {dag.py:3089} INFO - Sync 1 DAGs
[2025-11-11T15:01:42.282-0500] {logging_mixin.py:188} INFO - [2025-11-11T15:01:42.281-0500] {dag.py:3947} INFO - Setting next_dagrun for ocr_pipeline_dag to None, run_after=None
[2025-11-11T15:01:42.304-0500] {processor.py:183} INFO - Processing /opt/airflow/dags/ocr_pipeline_dag.py took 1.118 seconds
[2025-11-11T15:02:12.630-0500] {processor.py:161} INFO - Started process (PID=6704) to work on /opt/airflow/dags/ocr_pipeline_dag.py
[2025-11-11T15:02:12.631-0500] {processor.py:830} INFO - Processing file /opt/airflow/dags/ocr_pipeline_dag.py for tasks to queue
[2025-11-11T15:02:12.633-0500] {logging_mixin.py:188} INFO - [2025-11-11T15:02:12.632-0500] {dagbag.py:545} INFO - Filling up the DagBag from /opt/airflow/dags/ocr_pipeline_dag.py
[2025-11-11T15:02:12.651-0500] {logging_mixin.py:188} INFO - 📂 Using project root: /opt/project
[2025-11-11T15:02:13.064-0500] {logging_mixin.py:188} INFO - [2025-11-11T15:02:13.063-0500] {credentials.py:1278} INFO - Found credentials in shared credentials file: ~/.aws/credentials
[2025-11-11T15:02:13.627-0500] {processor.py:840} INFO - DAG(s) 'ocr_pipeline_dag' retrieved from /opt/airflow/dags/ocr_pipeline_dag.py
[2025-11-11T15:02:13.661-0500] {logging_mixin.py:188} INFO - [2025-11-11T15:02:13.660-0500] {dag.py:3089} INFO - Sync 1 DAGs
[2025-11-11T15:02:13.690-0500] {logging_mixin.py:188} INFO - [2025-11-11T15:02:13.690-0500] {dag.py:3947} INFO - Setting next_dagrun for ocr_pipeline_dag to None, run_after=None
[2025-11-11T15:02:13.736-0500] {processor.py:183} INFO - Processing /opt/airflow/dags/ocr_pipeline_dag.py took 1.115 seconds
[2025-11-11T15:02:44.109-0500] {processor.py:161} INFO - Started process (PID=6710) to work on /opt/airflow/dags/ocr_pipeline_dag.py
[2025-11-11T15:02:44.111-0500] {processor.py:830} INFO - Processing file /opt/airflow/dags/ocr_pipeline_dag.py for tasks to queue
[2025-11-11T15:02:44.114-0500] {logging_mixin.py:188} INFO - [2025-11-11T15:02:44.113-0500] {dagbag.py:545} INFO - Filling up the DagBag from /opt/airflow/dags/ocr_pipeline_dag.py
[2025-11-11T15:02:44.139-0500] {logging_mixin.py:188} INFO - 📂 Using project root: /opt/project
[2025-11-11T15:02:44.875-0500] {logging_mixin.py:188} INFO - [2025-11-11T15:02:44.875-0500] {credentials.py:1278} INFO - Found credentials in shared credentials file: ~/.aws/credentials
[2025-11-11T15:02:45.431-0500] {processor.py:840} INFO - DAG(s) 'ocr_pipeline_dag' retrieved from /opt/airflow/dags/ocr_pipeline_dag.py
[2025-11-11T15:02:45.461-0500] {logging_mixin.py:188} INFO - [2025-11-11T15:02:45.461-0500] {dag.py:3089} INFO - Sync 1 DAGs
[2025-11-11T15:02:45.479-0500] {logging_mixin.py:188} INFO - [2025-11-11T15:02:45.478-0500] {dag.py:3947} INFO - Setting next_dagrun for ocr_pipeline_dag to None, run_after=None
[2025-11-11T15:02:45.505-0500] {processor.py:183} INFO - Processing /opt/airflow/dags/ocr_pipeline_dag.py took 1.409 seconds
[2025-11-11T15:03:15.820-0500] {processor.py:161} INFO - Started process (PID=6716) to work on /opt/airflow/dags/ocr_pipeline_dag.py
[2025-11-11T15:03:15.821-0500] {processor.py:830} INFO - Processing file /opt/airflow/dags/ocr_pipeline_dag.py for tasks to queue
[2025-11-11T15:03:15.823-0500] {logging_mixin.py:188} INFO - [2025-11-11T15:03:15.822-0500] {dagbag.py:545} INFO - Filling up the DagBag from /opt/airflow/dags/ocr_pipeline_dag.py
[2025-11-11T15:03:15.838-0500] {logging_mixin.py:188} INFO - 📂 Using project root: /opt/project
[2025-11-11T15:03:16.380-0500] {logging_mixin.py:188} INFO - [2025-11-11T15:03:16.379-0500] {credentials.py:1278} INFO - Found credentials in shared credentials file: ~/.aws/credentials
[2025-11-11T15:03:17.243-0500] {processor.py:840} INFO - DAG(s) 'ocr_pipeline_dag' retrieved from /opt/airflow/dags/ocr_pipeline_dag.py
[2025-11-11T15:03:17.291-0500] {logging_mixin.py:188} INFO - [2025-11-11T15:03:17.290-0500] {dag.py:3089} INFO - Sync 1 DAGs
[2025-11-11T15:03:17.316-0500] {logging_mixin.py:188} INFO - [2025-11-11T15:03:17.316-0500] {dag.py:3947} INFO - Setting next_dagrun for ocr_pipeline_dag to None, run_after=None
[2025-11-11T15:03:17.351-0500] {processor.py:183} INFO - Processing /opt/airflow/dags/ocr_pipeline_dag.py took 1.539 seconds
[2025-11-11T15:03:47.769-0500] {processor.py:161} INFO - Started process (PID=6722) to work on /opt/airflow/dags/ocr_pipeline_dag.py
[2025-11-11T15:03:47.771-0500] {processor.py:830} INFO - Processing file /opt/airflow/dags/ocr_pipeline_dag.py for tasks to queue
[2025-11-11T15:03:47.773-0500] {logging_mixin.py:188} INFO - [2025-11-11T15:03:47.772-0500] {dagbag.py:545} INFO - Filling up the DagBag from /opt/airflow/dags/ocr_pipeline_dag.py
[2025-11-11T15:03:47.791-0500] {logging_mixin.py:188} INFO - 📂 Using project root: /opt/project
[2025-11-11T15:03:48.117-0500] {logging_mixin.py:188} INFO - [2025-11-11T15:03:48.117-0500] {credentials.py:1278} INFO - Found credentials in shared credentials file: ~/.aws/credentials
[2025-11-11T15:03:48.559-0500] {processor.py:840} INFO - DAG(s) 'ocr_pipeline_dag' retrieved from /opt/airflow/dags/ocr_pipeline_dag.py
[2025-11-11T15:03:48.586-0500] {logging_mixin.py:188} INFO - [2025-11-11T15:03:48.586-0500] {dag.py:3089} INFO - Sync 1 DAGs
[2025-11-11T15:03:48.598-0500] {logging_mixin.py:188} INFO - [2025-11-11T15:03:48.598-0500] {dag.py:3947} INFO - Setting next_dagrun for ocr_pipeline_dag to None, run_after=None
[2025-11-11T15:03:48.618-0500] {processor.py:183} INFO - Processing /opt/airflow/dags/ocr_pipeline_dag.py took 0.856 seconds
[2025-11-11T15:04:18.996-0500] {processor.py:161} INFO - Started process (PID=6728) to work on /opt/airflow/dags/ocr_pipeline_dag.py
[2025-11-11T15:04:18.998-0500] {processor.py:830} INFO - Processing file /opt/airflow/dags/ocr_pipeline_dag.py for tasks to queue
[2025-11-11T15:04:18.999-0500] {logging_mixin.py:188} INFO - [2025-11-11T15:04:18.999-0500] {dagbag.py:545} INFO - Filling up the DagBag from /opt/airflow/dags/ocr_pipeline_dag.py
[2025-11-11T15:04:19.019-0500] {logging_mixin.py:188} INFO - 📂 Using project root: /opt/project
[2025-11-11T15:04:19.464-0500] {logging_mixin.py:188} INFO - [2025-11-11T15:04:19.463-0500] {credentials.py:1278} INFO - Found credentials in shared credentials file: ~/.aws/credentials
[2025-11-11T15:04:19.977-0500] {processor.py:840} INFO - DAG(s) 'ocr_pipeline_dag' retrieved from /opt/airflow/dags/ocr_pipeline_dag.py
[2025-11-11T15:04:20.007-0500] {logging_mixin.py:188} INFO - [2025-11-11T15:04:20.006-0500] {dag.py:3089} INFO - Sync 1 DAGs
[2025-11-11T15:04:20.019-0500] {logging_mixin.py:188} INFO - [2025-11-11T15:04:20.019-0500] {dag.py:3947} INFO - Setting next_dagrun for ocr_pipeline_dag to None, run_after=None
[2025-11-11T15:04:20.039-0500] {processor.py:183} INFO - Processing /opt/airflow/dags/ocr_pipeline_dag.py took 1.053 seconds
[2025-11-11T15:04:50.549-0500] {processor.py:161} INFO - Started process (PID=6734) to work on /opt/airflow/dags/ocr_pipeline_dag.py
[2025-11-11T15:04:50.550-0500] {processor.py:830} INFO - Processing file /opt/airflow/dags/ocr_pipeline_dag.py for tasks to queue
[2025-11-11T15:04:50.552-0500] {logging_mixin.py:188} INFO - [2025-11-11T15:04:50.552-0500] {dagbag.py:545} INFO - Filling up the DagBag from /opt/airflow/dags/ocr_pipeline_dag.py
[2025-11-11T15:04:50.570-0500] {logging_mixin.py:188} INFO - 📂 Using project root: /opt/project
[2025-11-11T15:04:51.048-0500] {logging_mixin.py:188} INFO - [2025-11-11T15:04:51.048-0500] {credentials.py:1278} INFO - Found credentials in shared credentials file: ~/.aws/credentials
[2025-11-11T15:04:51.516-0500] {processor.py:840} INFO - DAG(s) 'ocr_pipeline_dag' retrieved from /opt/airflow/dags/ocr_pipeline_dag.py
[2025-11-11T15:04:51.542-0500] {logging_mixin.py:188} INFO - [2025-11-11T15:04:51.542-0500] {dag.py:3089} INFO - Sync 1 DAGs
[2025-11-11T15:04:51.555-0500] {logging_mixin.py:188} INFO - [2025-11-11T15:04:51.554-0500] {dag.py:3947} INFO - Setting next_dagrun for ocr_pipeline_dag to None, run_after=None
[2025-11-11T15:04:51.576-0500] {processor.py:183} INFO - Processing /opt/airflow/dags/ocr_pipeline_dag.py took 1.036 seconds
[2025-11-11T15:05:21.765-0500] {processor.py:161} INFO - Started process (PID=6740) to work on /opt/airflow/dags/ocr_pipeline_dag.py
[2025-11-11T15:05:21.766-0500] {processor.py:830} INFO - Processing file /opt/airflow/dags/ocr_pipeline_dag.py for tasks to queue
[2025-11-11T15:05:21.768-0500] {logging_mixin.py:188} INFO - [2025-11-11T15:05:21.767-0500] {dagbag.py:545} INFO - Filling up the DagBag from /opt/airflow/dags/ocr_pipeline_dag.py
[2025-11-11T15:05:21.787-0500] {logging_mixin.py:188} INFO - 📂 Using project root: /opt/project
[2025-11-11T15:05:22.517-0500] {logging_mixin.py:188} INFO - [2025-11-11T15:05:22.516-0500] {credentials.py:1278} INFO - Found credentials in shared credentials file: ~/.aws/credentials
[2025-11-11T15:05:23.558-0500] {processor.py:840} INFO - DAG(s) 'ocr_pipeline_dag' retrieved from /opt/airflow/dags/ocr_pipeline_dag.py
[2025-11-11T15:05:23.612-0500] {logging_mixin.py:188} INFO - [2025-11-11T15:05:23.611-0500] {dag.py:3089} INFO - Sync 1 DAGs
[2025-11-11T15:05:23.635-0500] {logging_mixin.py:188} INFO - [2025-11-11T15:05:23.634-0500] {dag.py:3947} INFO - Setting next_dagrun for ocr_pipeline_dag to None, run_after=None
[2025-11-11T15:05:23.678-0500] {processor.py:183} INFO - Processing /opt/airflow/dags/ocr_pipeline_dag.py took 1.922 seconds
[2025-11-11T15:05:54.016-0500] {processor.py:161} INFO - Started process (PID=6746) to work on /opt/airflow/dags/ocr_pipeline_dag.py
[2025-11-11T15:05:54.018-0500] {processor.py:830} INFO - Processing file /opt/airflow/dags/ocr_pipeline_dag.py for tasks to queue
[2025-11-11T15:05:54.020-0500] {logging_mixin.py:188} INFO - [2025-11-11T15:05:54.020-0500] {dagbag.py:545} INFO - Filling up the DagBag from /opt/airflow/dags/ocr_pipeline_dag.py
[2025-11-11T15:05:54.043-0500] {logging_mixin.py:188} INFO - 📂 Using project root: /opt/project
[2025-11-11T15:05:54.459-0500] {logging_mixin.py:188} INFO - [2025-11-11T15:05:54.458-0500] {credentials.py:1278} INFO - Found credentials in shared credentials file: ~/.aws/credentials
[2025-11-11T15:05:55.074-0500] {processor.py:840} INFO - DAG(s) 'ocr_pipeline_dag' retrieved from /opt/airflow/dags/ocr_pipeline_dag.py
[2025-11-11T15:05:55.105-0500] {logging_mixin.py:188} INFO - [2025-11-11T15:05:55.105-0500] {dag.py:3089} INFO - Sync 1 DAGs
[2025-11-11T15:05:55.117-0500] {logging_mixin.py:188} INFO - [2025-11-11T15:05:55.117-0500] {dag.py:3947} INFO - Setting next_dagrun for ocr_pipeline_dag to None, run_after=None
[2025-11-11T15:05:55.139-0500] {processor.py:183} INFO - Processing /opt/airflow/dags/ocr_pipeline_dag.py took 1.130 seconds
[2025-11-11T15:06:25.355-0500] {processor.py:161} INFO - Started process (PID=6752) to work on /opt/airflow/dags/ocr_pipeline_dag.py
[2025-11-11T15:06:25.357-0500] {processor.py:830} INFO - Processing file /opt/airflow/dags/ocr_pipeline_dag.py for tasks to queue
[2025-11-11T15:06:25.358-0500] {logging_mixin.py:188} INFO - [2025-11-11T15:06:25.358-0500] {dagbag.py:545} INFO - Filling up the DagBag from /opt/airflow/dags/ocr_pipeline_dag.py
[2025-11-11T15:06:25.384-0500] {logging_mixin.py:188} INFO - 📂 Using project root: /opt/project
[2025-11-11T15:06:25.900-0500] {logging_mixin.py:188} INFO - [2025-11-11T15:06:25.900-0500] {credentials.py:1278} INFO - Found credentials in shared credentials file: ~/.aws/credentials
[2025-11-11T15:06:26.672-0500] {processor.py:840} INFO - DAG(s) 'ocr_pipeline_dag' retrieved from /opt/airflow/dags/ocr_pipeline_dag.py
[2025-11-11T15:06:26.716-0500] {logging_mixin.py:188} INFO - [2025-11-11T15:06:26.715-0500] {dag.py:3089} INFO - Sync 1 DAGs
[2025-11-11T15:06:26.735-0500] {logging_mixin.py:188} INFO - [2025-11-11T15:06:26.735-0500] {dag.py:3947} INFO - Setting next_dagrun for ocr_pipeline_dag to None, run_after=None
[2025-11-11T15:06:26.761-0500] {processor.py:183} INFO - Processing /opt/airflow/dags/ocr_pipeline_dag.py took 1.417 seconds
[2025-11-11T15:06:57.267-0500] {processor.py:161} INFO - Started process (PID=6758) to work on /opt/airflow/dags/ocr_pipeline_dag.py
[2025-11-11T15:06:57.268-0500] {processor.py:830} INFO - Processing file /opt/airflow/dags/ocr_pipeline_dag.py for tasks to queue
[2025-11-11T15:06:57.269-0500] {logging_mixin.py:188} INFO - [2025-11-11T15:06:57.269-0500] {dagbag.py:545} INFO - Filling up the DagBag from /opt/airflow/dags/ocr_pipeline_dag.py
[2025-11-11T15:06:57.286-0500] {logging_mixin.py:188} INFO - 📂 Using project root: /opt/project
[2025-11-11T15:06:57.734-0500] {logging_mixin.py:188} INFO - [2025-11-11T15:06:57.734-0500] {credentials.py:1278} INFO - Found credentials in shared credentials file: ~/.aws/credentials
[2025-11-11T15:06:58.315-0500] {processor.py:840} INFO - DAG(s) 'ocr_pipeline_dag' retrieved from /opt/airflow/dags/ocr_pipeline_dag.py
[2025-11-11T15:06:58.343-0500] {logging_mixin.py:188} INFO - [2025-11-11T15:06:58.342-0500] {dag.py:3089} INFO - Sync 1 DAGs
[2025-11-11T15:06:58.355-0500] {logging_mixin.py:188} INFO - [2025-11-11T15:06:58.355-0500] {dag.py:3947} INFO - Setting next_dagrun for ocr_pipeline_dag to None, run_after=None
[2025-11-11T15:06:58.380-0500] {processor.py:183} INFO - Processing /opt/airflow/dags/ocr_pipeline_dag.py took 1.122 seconds
[2025-11-11T15:07:28.544-0500] {processor.py:161} INFO - Started process (PID=6764) to work on /opt/airflow/dags/ocr_pipeline_dag.py
[2025-11-11T15:07:28.546-0500] {processor.py:830} INFO - Processing file /opt/airflow/dags/ocr_pipeline_dag.py for tasks to queue
[2025-11-11T15:07:28.549-0500] {logging_mixin.py:188} INFO - [2025-11-11T15:07:28.548-0500] {dagbag.py:545} INFO - Filling up the DagBag from /opt/airflow/dags/ocr_pipeline_dag.py
[2025-11-11T15:07:28.574-0500] {logging_mixin.py:188} INFO - 📂 Using project root: /opt/project
[2025-11-11T15:07:29.048-0500] {logging_mixin.py:188} INFO - [2025-11-11T15:07:29.047-0500] {credentials.py:1278} INFO - Found credentials in shared credentials file: ~/.aws/credentials
[2025-11-11T15:07:29.696-0500] {processor.py:840} INFO - DAG(s) 'ocr_pipeline_dag' retrieved from /opt/airflow/dags/ocr_pipeline_dag.py
[2025-11-11T15:07:29.728-0500] {logging_mixin.py:188} INFO - [2025-11-11T15:07:29.728-0500] {dag.py:3089} INFO - Sync 1 DAGs
[2025-11-11T15:07:29.744-0500] {logging_mixin.py:188} INFO - [2025-11-11T15:07:29.743-0500] {dag.py:3947} INFO - Setting next_dagrun for ocr_pipeline_dag to None, run_after=None
[2025-11-11T15:07:29.767-0500] {processor.py:183} INFO - Processing /opt/airflow/dags/ocr_pipeline_dag.py took 1.234 seconds
[2025-11-11T15:08:00.043-0500] {processor.py:161} INFO - Started process (PID=6770) to work on /opt/airflow/dags/ocr_pipeline_dag.py
[2025-11-11T15:08:00.045-0500] {processor.py:830} INFO - Processing file /opt/airflow/dags/ocr_pipeline_dag.py for tasks to queue
[2025-11-11T15:08:00.046-0500] {logging_mixin.py:188} INFO - [2025-11-11T15:08:00.046-0500] {dagbag.py:545} INFO - Filling up the DagBag from /opt/airflow/dags/ocr_pipeline_dag.py
[2025-11-11T15:08:00.061-0500] {logging_mixin.py:188} INFO - 📂 Using project root: /opt/project
[2025-11-11T15:08:00.434-0500] {logging_mixin.py:188} INFO - [2025-11-11T15:08:00.434-0500] {credentials.py:1278} INFO - Found credentials in shared credentials file: ~/.aws/credentials
[2025-11-11T15:08:01.044-0500] {processor.py:840} INFO - DAG(s) 'ocr_pipeline_dag' retrieved from /opt/airflow/dags/ocr_pipeline_dag.py
[2025-11-11T15:08:01.072-0500] {logging_mixin.py:188} INFO - [2025-11-11T15:08:01.072-0500] {dag.py:3089} INFO - Sync 1 DAGs
[2025-11-11T15:08:01.085-0500] {logging_mixin.py:188} INFO - [2025-11-11T15:08:01.085-0500] {dag.py:3947} INFO - Setting next_dagrun for ocr_pipeline_dag to None, run_after=None
[2025-11-11T15:08:01.105-0500] {processor.py:183} INFO - Processing /opt/airflow/dags/ocr_pipeline_dag.py took 1.069 seconds
[2025-11-11T15:08:31.458-0500] {processor.py:161} INFO - Started process (PID=6776) to work on /opt/airflow/dags/ocr_pipeline_dag.py
[2025-11-11T15:08:31.459-0500] {processor.py:830} INFO - Processing file /opt/airflow/dags/ocr_pipeline_dag.py for tasks to queue
[2025-11-11T15:08:31.462-0500] {logging_mixin.py:188} INFO - [2025-11-11T15:08:31.461-0500] {dagbag.py:545} INFO - Filling up the DagBag from /opt/airflow/dags/ocr_pipeline_dag.py
[2025-11-11T15:08:31.483-0500] {logging_mixin.py:188} INFO - 📂 Using project root: /opt/project
[2025-11-11T15:08:31.893-0500] {logging_mixin.py:188} INFO - [2025-11-11T15:08:31.893-0500] {credentials.py:1278} INFO - Found credentials in shared credentials file: ~/.aws/credentials
[2025-11-11T15:08:32.474-0500] {processor.py:840} INFO - DAG(s) 'ocr_pipeline_dag' retrieved from /opt/airflow/dags/ocr_pipeline_dag.py
[2025-11-11T15:08:32.507-0500] {logging_mixin.py:188} INFO - [2025-11-11T15:08:32.507-0500] {dag.py:3089} INFO - Sync 1 DAGs
[2025-11-11T15:08:32.522-0500] {logging_mixin.py:188} INFO - [2025-11-11T15:08:32.522-0500] {dag.py:3947} INFO - Setting next_dagrun for ocr_pipeline_dag to None, run_after=None
[2025-11-11T15:08:32.548-0500] {processor.py:183} INFO - Processing /opt/airflow/dags/ocr_pipeline_dag.py took 1.099 seconds
[2025-11-11T15:09:02.857-0500] {processor.py:161} INFO - Started process (PID=6782) to work on /opt/airflow/dags/ocr_pipeline_dag.py
[2025-11-11T15:09:02.859-0500] {processor.py:830} INFO - Processing file /opt/airflow/dags/ocr_pipeline_dag.py for tasks to queue
[2025-11-11T15:09:02.861-0500] {logging_mixin.py:188} INFO - [2025-11-11T15:09:02.860-0500] {dagbag.py:545} INFO - Filling up the DagBag from /opt/airflow/dags/ocr_pipeline_dag.py
[2025-11-11T15:09:02.886-0500] {logging_mixin.py:188} INFO - 📂 Using project root: /opt/project
[2025-11-11T15:09:03.290-0500] {logging_mixin.py:188} INFO - [2025-11-11T15:09:03.289-0500] {credentials.py:1278} INFO - Found credentials in shared credentials file: ~/.aws/credentials
[2025-11-11T15:09:03.935-0500] {processor.py:840} INFO - DAG(s) 'ocr_pipeline_dag' retrieved from /opt/airflow/dags/ocr_pipeline_dag.py
[2025-11-11T15:09:03.984-0500] {logging_mixin.py:188} INFO - [2025-11-11T15:09:03.984-0500] {dag.py:3089} INFO - Sync 1 DAGs
[2025-11-11T15:09:04.015-0500] {logging_mixin.py:188} INFO - [2025-11-11T15:09:04.014-0500] {dag.py:3947} INFO - Setting next_dagrun for ocr_pipeline_dag to None, run_after=None
[2025-11-11T15:09:04.055-0500] {processor.py:183} INFO - Processing /opt/airflow/dags/ocr_pipeline_dag.py took 1.193 seconds
[2025-11-11T15:09:34.344-0500] {processor.py:161} INFO - Started process (PID=6788) to work on /opt/airflow/dags/ocr_pipeline_dag.py
[2025-11-11T15:09:34.347-0500] {processor.py:830} INFO - Processing file /opt/airflow/dags/ocr_pipeline_dag.py for tasks to queue
[2025-11-11T15:09:34.349-0500] {logging_mixin.py:188} INFO - [2025-11-11T15:09:34.348-0500] {dagbag.py:545} INFO - Filling up the DagBag from /opt/airflow/dags/ocr_pipeline_dag.py
[2025-11-11T15:09:34.387-0500] {logging_mixin.py:188} INFO - 📂 Using project root: /opt/project
[2025-11-11T15:09:35.147-0500] {logging_mixin.py:188} INFO - [2025-11-11T15:09:35.147-0500] {credentials.py:1278} INFO - Found credentials in shared credentials file: ~/.aws/credentials
[2025-11-11T15:09:36.163-0500] {processor.py:840} INFO - DAG(s) 'ocr_pipeline_dag' retrieved from /opt/airflow/dags/ocr_pipeline_dag.py
[2025-11-11T15:09:36.199-0500] {logging_mixin.py:188} INFO - [2025-11-11T15:09:36.199-0500] {dag.py:3089} INFO - Sync 1 DAGs
[2025-11-11T15:09:36.214-0500] {logging_mixin.py:188} INFO - [2025-11-11T15:09:36.213-0500] {dag.py:3947} INFO - Setting next_dagrun for ocr_pipeline_dag to None, run_after=None
[2025-11-11T15:09:36.240-0500] {processor.py:183} INFO - Processing /opt/airflow/dags/ocr_pipeline_dag.py took 1.910 seconds
[2025-11-11T15:10:06.680-0500] {processor.py:161} INFO - Started process (PID=6794) to work on /opt/airflow/dags/ocr_pipeline_dag.py
[2025-11-11T15:10:06.681-0500] {processor.py:830} INFO - Processing file /opt/airflow/dags/ocr_pipeline_dag.py for tasks to queue
[2025-11-11T15:10:06.683-0500] {logging_mixin.py:188} INFO - [2025-11-11T15:10:06.682-0500] {dagbag.py:545} INFO - Filling up the DagBag from /opt/airflow/dags/ocr_pipeline_dag.py
[2025-11-11T15:10:06.704-0500] {logging_mixin.py:188} INFO - 📂 Using project root: /opt/project
[2025-11-11T15:10:07.119-0500] {logging_mixin.py:188} INFO - [2025-11-11T15:10:07.118-0500] {credentials.py:1278} INFO - Found credentials in shared credentials file: ~/.aws/credentials
[2025-11-11T15:10:07.689-0500] {processor.py:840} INFO - DAG(s) 'ocr_pipeline_dag' retrieved from /opt/airflow/dags/ocr_pipeline_dag.py
[2025-11-11T15:10:07.733-0500] {logging_mixin.py:188} INFO - [2025-11-11T15:10:07.732-0500] {dag.py:3089} INFO - Sync 1 DAGs
[2025-11-11T15:10:07.750-0500] {logging_mixin.py:188} INFO - [2025-11-11T15:10:07.749-0500] {dag.py:3947} INFO - Setting next_dagrun for ocr_pipeline_dag to None, run_after=None
[2025-11-11T15:10:07.778-0500] {processor.py:183} INFO - Processing /opt/airflow/dags/ocr_pipeline_dag.py took 1.107 seconds
[2025-11-11T15:10:38.093-0500] {processor.py:161} INFO - Started process (PID=6800) to work on /opt/airflow/dags/ocr_pipeline_dag.py
[2025-11-11T15:10:38.095-0500] {processor.py:830} INFO - Processing file /opt/airflow/dags/ocr_pipeline_dag.py for tasks to queue
[2025-11-11T15:10:38.097-0500] {logging_mixin.py:188} INFO - [2025-11-11T15:10:38.097-0500] {dagbag.py:545} INFO - Filling up the DagBag from /opt/airflow/dags/ocr_pipeline_dag.py
[2025-11-11T15:10:38.121-0500] {logging_mixin.py:188} INFO - 📂 Using project root: /opt/project
[2025-11-11T15:10:38.560-0500] {logging_mixin.py:188} INFO - [2025-11-11T15:10:38.560-0500] {credentials.py:1278} INFO - Found credentials in shared credentials file: ~/.aws/credentials
[2025-11-11T15:10:39.214-0500] {processor.py:840} INFO - DAG(s) 'ocr_pipeline_dag' retrieved from /opt/airflow/dags/ocr_pipeline_dag.py
[2025-11-11T15:10:39.257-0500] {logging_mixin.py:188} INFO - [2025-11-11T15:10:39.256-0500] {dag.py:3089} INFO - Sync 1 DAGs
[2025-11-11T15:10:39.277-0500] {logging_mixin.py:188} INFO - [2025-11-11T15:10:39.277-0500] {dag.py:3947} INFO - Setting next_dagrun for ocr_pipeline_dag to None, run_after=None
[2025-11-11T15:10:39.302-0500] {processor.py:183} INFO - Processing /opt/airflow/dags/ocr_pipeline_dag.py took 1.219 seconds
[2025-11-11T15:11:09.674-0500] {processor.py:161} INFO - Started process (PID=6806) to work on /opt/airflow/dags/ocr_pipeline_dag.py
[2025-11-11T15:11:09.675-0500] {processor.py:830} INFO - Processing file /opt/airflow/dags/ocr_pipeline_dag.py for tasks to queue
[2025-11-11T15:11:09.677-0500] {logging_mixin.py:188} INFO - [2025-11-11T15:11:09.677-0500] {dagbag.py:545} INFO - Filling up the DagBag from /opt/airflow/dags/ocr_pipeline_dag.py
[2025-11-11T15:11:09.695-0500] {logging_mixin.py:188} INFO - 📂 Using project root: /opt/project
[2025-11-11T15:11:10.027-0500] {logging_mixin.py:188} INFO - [2025-11-11T15:11:10.026-0500] {credentials.py:1278} INFO - Found credentials in shared credentials file: ~/.aws/credentials
[2025-11-11T15:11:10.493-0500] {processor.py:840} INFO - DAG(s) 'ocr_pipeline_dag' retrieved from /opt/airflow/dags/ocr_pipeline_dag.py
[2025-11-11T15:11:10.523-0500] {logging_mixin.py:188} INFO - [2025-11-11T15:11:10.522-0500] {dag.py:3089} INFO - Sync 1 DAGs
[2025-11-11T15:11:10.540-0500] {logging_mixin.py:188} INFO - [2025-11-11T15:11:10.540-0500] {dag.py:3947} INFO - Setting next_dagrun for ocr_pipeline_dag to None, run_after=None
[2025-11-11T15:11:10.569-0500] {processor.py:183} INFO - Processing /opt/airflow/dags/ocr_pipeline_dag.py took 0.903 seconds
[2025-11-11T15:11:40.989-0500] {processor.py:161} INFO - Started process (PID=6812) to work on /opt/airflow/dags/ocr_pipeline_dag.py
[2025-11-11T15:11:40.991-0500] {processor.py:830} INFO - Processing file /opt/airflow/dags/ocr_pipeline_dag.py for tasks to queue
[2025-11-11T15:11:40.992-0500] {logging_mixin.py:188} INFO - [2025-11-11T15:11:40.992-0500] {dagbag.py:545} INFO - Filling up the DagBag from /opt/airflow/dags/ocr_pipeline_dag.py
[2025-11-11T15:11:41.015-0500] {logging_mixin.py:188} INFO - 📂 Using project root: /opt/project
[2025-11-11T15:11:41.472-0500] {logging_mixin.py:188} INFO - [2025-11-11T15:11:41.472-0500] {credentials.py:1278} INFO - Found credentials in shared credentials file: ~/.aws/credentials
[2025-11-11T15:11:42.039-0500] {processor.py:840} INFO - DAG(s) 'ocr_pipeline_dag' retrieved from /opt/airflow/dags/ocr_pipeline_dag.py
[2025-11-11T15:11:42.082-0500] {logging_mixin.py:188} INFO - [2025-11-11T15:11:42.082-0500] {dag.py:3089} INFO - Sync 1 DAGs
[2025-11-11T15:11:42.097-0500] {logging_mixin.py:188} INFO - [2025-11-11T15:11:42.097-0500] {dag.py:3947} INFO - Setting next_dagrun for ocr_pipeline_dag to None, run_after=None
[2025-11-11T15:11:42.121-0500] {processor.py:183} INFO - Processing /opt/airflow/dags/ocr_pipeline_dag.py took 1.140 seconds
[2025-11-11T15:12:12.346-0500] {processor.py:161} INFO - Started process (PID=6818) to work on /opt/airflow/dags/ocr_pipeline_dag.py
[2025-11-11T15:12:12.348-0500] {processor.py:830} INFO - Processing file /opt/airflow/dags/ocr_pipeline_dag.py for tasks to queue
[2025-11-11T15:12:12.349-0500] {logging_mixin.py:188} INFO - [2025-11-11T15:12:12.349-0500] {dagbag.py:545} INFO - Filling up the DagBag from /opt/airflow/dags/ocr_pipeline_dag.py
[2025-11-11T15:12:12.365-0500] {logging_mixin.py:188} INFO - 📂 Using project root: /opt/project
[2025-11-11T15:12:12.710-0500] {logging_mixin.py:188} INFO - [2025-11-11T15:12:12.709-0500] {credentials.py:1278} INFO - Found credentials in shared credentials file: ~/.aws/credentials
[2025-11-11T15:12:13.173-0500] {processor.py:840} INFO - DAG(s) 'ocr_pipeline_dag' retrieved from /opt/airflow/dags/ocr_pipeline_dag.py
[2025-11-11T15:12:13.199-0500] {logging_mixin.py:188} INFO - [2025-11-11T15:12:13.199-0500] {dag.py:3089} INFO - Sync 1 DAGs
[2025-11-11T15:12:13.212-0500] {logging_mixin.py:188} INFO - [2025-11-11T15:12:13.212-0500] {dag.py:3947} INFO - Setting next_dagrun for ocr_pipeline_dag to None, run_after=None
[2025-11-11T15:12:13.232-0500] {processor.py:183} INFO - Processing /opt/airflow/dags/ocr_pipeline_dag.py took 0.892 seconds
[2025-11-11T15:12:43.667-0500] {processor.py:161} INFO - Started process (PID=6824) to work on /opt/airflow/dags/ocr_pipeline_dag.py
[2025-11-11T15:12:43.669-0500] {processor.py:830} INFO - Processing file /opt/airflow/dags/ocr_pipeline_dag.py for tasks to queue
[2025-11-11T15:12:43.671-0500] {logging_mixin.py:188} INFO - [2025-11-11T15:12:43.670-0500] {dagbag.py:545} INFO - Filling up the DagBag from /opt/airflow/dags/ocr_pipeline_dag.py
[2025-11-11T15:12:43.693-0500] {logging_mixin.py:188} INFO - 📂 Using project root: /opt/project
[2025-11-11T15:12:44.160-0500] {logging_mixin.py:188} INFO - [2025-11-11T15:12:44.159-0500] {credentials.py:1278} INFO - Found credentials in shared credentials file: ~/.aws/credentials
[2025-11-11T15:12:44.879-0500] {processor.py:840} INFO - DAG(s) 'ocr_pipeline_dag' retrieved from /opt/airflow/dags/ocr_pipeline_dag.py
[2025-11-11T15:12:44.914-0500] {logging_mixin.py:188} INFO - [2025-11-11T15:12:44.913-0500] {dag.py:3089} INFO - Sync 1 DAGs
[2025-11-11T15:12:44.930-0500] {logging_mixin.py:188} INFO - [2025-11-11T15:12:44.930-0500] {dag.py:3947} INFO - Setting next_dagrun for ocr_pipeline_dag to None, run_after=None
[2025-11-11T15:12:44.959-0500] {processor.py:183} INFO - Processing /opt/airflow/dags/ocr_pipeline_dag.py took 1.304 seconds
[2025-11-11T15:13:15.155-0500] {processor.py:161} INFO - Started process (PID=6830) to work on /opt/airflow/dags/ocr_pipeline_dag.py
[2025-11-11T15:13:15.156-0500] {processor.py:830} INFO - Processing file /opt/airflow/dags/ocr_pipeline_dag.py for tasks to queue
[2025-11-11T15:13:15.158-0500] {logging_mixin.py:188} INFO - [2025-11-11T15:13:15.157-0500] {dagbag.py:545} INFO - Filling up the DagBag from /opt/airflow/dags/ocr_pipeline_dag.py
[2025-11-11T15:13:15.179-0500] {logging_mixin.py:188} INFO - 📂 Using project root: /opt/project
[2025-11-11T15:13:15.570-0500] {logging_mixin.py:188} INFO - [2025-11-11T15:13:15.570-0500] {credentials.py:1278} INFO - Found credentials in shared credentials file: ~/.aws/credentials
[2025-11-11T15:13:16.058-0500] {processor.py:840} INFO - DAG(s) 'ocr_pipeline_dag' retrieved from /opt/airflow/dags/ocr_pipeline_dag.py
[2025-11-11T15:13:16.091-0500] {logging_mixin.py:188} INFO - [2025-11-11T15:13:16.091-0500] {dag.py:3089} INFO - Sync 1 DAGs
[2025-11-11T15:13:16.105-0500] {logging_mixin.py:188} INFO - [2025-11-11T15:13:16.105-0500] {dag.py:3947} INFO - Setting next_dagrun for ocr_pipeline_dag to None, run_after=None
[2025-11-11T15:13:16.127-0500] {processor.py:183} INFO - Processing /opt/airflow/dags/ocr_pipeline_dag.py took 0.981 seconds
[2025-11-11T15:13:46.501-0500] {processor.py:161} INFO - Started process (PID=6836) to work on /opt/airflow/dags/ocr_pipeline_dag.py
[2025-11-11T15:13:46.503-0500] {processor.py:830} INFO - Processing file /opt/airflow/dags/ocr_pipeline_dag.py for tasks to queue
[2025-11-11T15:13:46.504-0500] {logging_mixin.py:188} INFO - [2025-11-11T15:13:46.504-0500] {dagbag.py:545} INFO - Filling up the DagBag from /opt/airflow/dags/ocr_pipeline_dag.py
[2025-11-11T15:13:46.525-0500] {logging_mixin.py:188} INFO - 📂 Using project root: /opt/project
[2025-11-11T15:13:46.977-0500] {logging_mixin.py:188} INFO - [2025-11-11T15:13:46.977-0500] {credentials.py:1278} INFO - Found credentials in shared credentials file: ~/.aws/credentials
[2025-11-11T15:13:47.655-0500] {processor.py:840} INFO - DAG(s) 'ocr_pipeline_dag' retrieved from /opt/airflow/dags/ocr_pipeline_dag.py
[2025-11-11T15:13:47.686-0500] {logging_mixin.py:188} INFO - [2025-11-11T15:13:47.686-0500] {dag.py:3089} INFO - Sync 1 DAGs
[2025-11-11T15:13:47.701-0500] {logging_mixin.py:188} INFO - [2025-11-11T15:13:47.700-0500] {dag.py:3947} INFO - Setting next_dagrun for ocr_pipeline_dag to None, run_after=None
[2025-11-11T15:13:47.725-0500] {processor.py:183} INFO - Processing /opt/airflow/dags/ocr_pipeline_dag.py took 1.233 seconds
[2025-11-11T15:14:17.938-0500] {processor.py:161} INFO - Started process (PID=6842) to work on /opt/airflow/dags/ocr_pipeline_dag.py
[2025-11-11T15:14:17.943-0500] {processor.py:830} INFO - Processing file /opt/airflow/dags/ocr_pipeline_dag.py for tasks to queue
[2025-11-11T15:14:17.950-0500] {logging_mixin.py:188} INFO - [2025-11-11T15:14:17.949-0500] {dagbag.py:545} INFO - Filling up the DagBag from /opt/airflow/dags/ocr_pipeline_dag.py
[2025-11-11T15:14:17.987-0500] {logging_mixin.py:188} INFO - 📂 Using project root: /opt/project
[2025-11-11T15:14:19.020-0500] {logging_mixin.py:188} INFO - [2025-11-11T15:14:19.019-0500] {credentials.py:1278} INFO - Found credentials in shared credentials file: ~/.aws/credentials
[2025-11-11T15:14:19.844-0500] {processor.py:840} INFO - DAG(s) 'ocr_pipeline_dag' retrieved from /opt/airflow/dags/ocr_pipeline_dag.py
[2025-11-11T15:14:19.896-0500] {logging_mixin.py:188} INFO - [2025-11-11T15:14:19.895-0500] {dag.py:3089} INFO - Sync 1 DAGs
[2025-11-11T15:14:19.914-0500] {logging_mixin.py:188} INFO - [2025-11-11T15:14:19.914-0500] {dag.py:3947} INFO - Setting next_dagrun for ocr_pipeline_dag to None, run_after=None
[2025-11-11T15:14:19.958-0500] {processor.py:183} INFO - Processing /opt/airflow/dags/ocr_pipeline_dag.py took 2.051 seconds
[2025-11-11T15:14:50.311-0500] {processor.py:161} INFO - Started process (PID=6848) to work on /opt/airflow/dags/ocr_pipeline_dag.py
[2025-11-11T15:14:50.317-0500] {processor.py:830} INFO - Processing file /opt/airflow/dags/ocr_pipeline_dag.py for tasks to queue
[2025-11-11T15:14:50.320-0500] {logging_mixin.py:188} INFO - [2025-11-11T15:14:50.319-0500] {dagbag.py:545} INFO - Filling up the DagBag from /opt/airflow/dags/ocr_pipeline_dag.py
[2025-11-11T15:14:50.352-0500] {logging_mixin.py:188} INFO - 📂 Using project root: /opt/project
[2025-11-11T15:14:52.160-0500] {logging_mixin.py:188} INFO - [2025-11-11T15:14:52.160-0500] {credentials.py:1278} INFO - Found credentials in shared credentials file: ~/.aws/credentials
[2025-11-11T15:14:55.349-0500] {processor.py:840} INFO - DAG(s) 'ocr_pipeline_dag' retrieved from /opt/airflow/dags/ocr_pipeline_dag.py
[2025-11-11T15:14:55.530-0500] {logging_mixin.py:188} INFO - [2025-11-11T15:14:55.525-0500] {dag.py:3089} INFO - Sync 1 DAGs
[2025-11-11T15:14:55.592-0500] {logging_mixin.py:188} INFO - [2025-11-11T15:14:55.592-0500] {dag.py:3947} INFO - Setting next_dagrun for ocr_pipeline_dag to None, run_after=None
[2025-11-11T15:14:55.691-0500] {processor.py:183} INFO - Processing /opt/airflow/dags/ocr_pipeline_dag.py took 5.403 seconds
[2025-11-11T15:15:26.287-0500] {processor.py:161} INFO - Started process (PID=6854) to work on /opt/airflow/dags/ocr_pipeline_dag.py
[2025-11-11T15:15:26.290-0500] {processor.py:830} INFO - Processing file /opt/airflow/dags/ocr_pipeline_dag.py for tasks to queue
[2025-11-11T15:15:26.294-0500] {logging_mixin.py:188} INFO - [2025-11-11T15:15:26.292-0500] {dagbag.py:545} INFO - Filling up the DagBag from /opt/airflow/dags/ocr_pipeline_dag.py
[2025-11-11T15:15:26.330-0500] {logging_mixin.py:188} INFO - 📂 Using project root: /opt/project
[2025-11-11T15:15:27.992-0500] {logging_mixin.py:188} INFO - [2025-11-11T15:15:27.991-0500] {credentials.py:1278} INFO - Found credentials in shared credentials file: ~/.aws/credentials
[2025-11-11T15:15:28.805-0500] {processor.py:840} INFO - DAG(s) 'ocr_pipeline_dag' retrieved from /opt/airflow/dags/ocr_pipeline_dag.py
[2025-11-11T15:15:28.860-0500] {logging_mixin.py:188} INFO - [2025-11-11T15:15:28.859-0500] {dag.py:3089} INFO - Sync 1 DAGs
[2025-11-11T15:15:28.877-0500] {logging_mixin.py:188} INFO - [2025-11-11T15:15:28.877-0500] {dag.py:3947} INFO - Setting next_dagrun for ocr_pipeline_dag to None, run_after=None
[2025-11-11T15:15:28.905-0500] {processor.py:183} INFO - Processing /opt/airflow/dags/ocr_pipeline_dag.py took 2.653 seconds
[2025-11-11T15:15:59.059-0500] {processor.py:161} INFO - Started process (PID=6860) to work on /opt/airflow/dags/ocr_pipeline_dag.py
[2025-11-11T15:15:59.061-0500] {processor.py:830} INFO - Processing file /opt/airflow/dags/ocr_pipeline_dag.py for tasks to queue
[2025-11-11T15:15:59.063-0500] {logging_mixin.py:188} INFO - [2025-11-11T15:15:59.062-0500] {dagbag.py:545} INFO - Filling up the DagBag from /opt/airflow/dags/ocr_pipeline_dag.py
[2025-11-11T15:15:59.088-0500] {logging_mixin.py:188} INFO - 📂 Using project root: /opt/project
[2025-11-11T15:15:59.726-0500] {logging_mixin.py:188} INFO - [2025-11-11T15:15:59.726-0500] {credentials.py:1278} INFO - Found credentials in shared credentials file: ~/.aws/credentials
[2025-11-11T15:16:00.359-0500] {processor.py:840} INFO - DAG(s) 'ocr_pipeline_dag' retrieved from /opt/airflow/dags/ocr_pipeline_dag.py
[2025-11-11T15:16:00.395-0500] {logging_mixin.py:188} INFO - [2025-11-11T15:16:00.395-0500] {dag.py:3089} INFO - Sync 1 DAGs
[2025-11-11T15:16:00.411-0500] {logging_mixin.py:188} INFO - [2025-11-11T15:16:00.411-0500] {dag.py:3947} INFO - Setting next_dagrun for ocr_pipeline_dag to None, run_after=None
[2025-11-11T15:16:00.436-0500] {processor.py:183} INFO - Processing /opt/airflow/dags/ocr_pipeline_dag.py took 1.386 seconds
[2025-11-11T15:16:30.689-0500] {processor.py:161} INFO - Started process (PID=6866) to work on /opt/airflow/dags/ocr_pipeline_dag.py
[2025-11-11T15:16:30.690-0500] {processor.py:830} INFO - Processing file /opt/airflow/dags/ocr_pipeline_dag.py for tasks to queue
[2025-11-11T15:16:30.692-0500] {logging_mixin.py:188} INFO - [2025-11-11T15:16:30.691-0500] {dagbag.py:545} INFO - Filling up the DagBag from /opt/airflow/dags/ocr_pipeline_dag.py
[2025-11-11T15:16:30.712-0500] {logging_mixin.py:188} INFO - 📂 Using project root: /opt/project
[2025-11-11T15:16:31.064-0500] {logging_mixin.py:188} INFO - [2025-11-11T15:16:31.064-0500] {credentials.py:1278} INFO - Found credentials in shared credentials file: ~/.aws/credentials
[2025-11-11T15:16:31.537-0500] {processor.py:840} INFO - DAG(s) 'ocr_pipeline_dag' retrieved from /opt/airflow/dags/ocr_pipeline_dag.py
[2025-11-11T15:16:31.566-0500] {logging_mixin.py:188} INFO - [2025-11-11T15:16:31.565-0500] {dag.py:3089} INFO - Sync 1 DAGs
[2025-11-11T15:16:31.577-0500] {logging_mixin.py:188} INFO - [2025-11-11T15:16:31.577-0500] {dag.py:3947} INFO - Setting next_dagrun for ocr_pipeline_dag to None, run_after=None
[2025-11-11T15:16:31.597-0500] {processor.py:183} INFO - Processing /opt/airflow/dags/ocr_pipeline_dag.py took 0.917 seconds
[2025-11-11T15:17:02.064-0500] {processor.py:161} INFO - Started process (PID=6872) to work on /opt/airflow/dags/ocr_pipeline_dag.py
[2025-11-11T15:17:02.066-0500] {processor.py:830} INFO - Processing file /opt/airflow/dags/ocr_pipeline_dag.py for tasks to queue
[2025-11-11T15:17:02.067-0500] {logging_mixin.py:188} INFO - [2025-11-11T15:17:02.067-0500] {dagbag.py:545} INFO - Filling up the DagBag from /opt/airflow/dags/ocr_pipeline_dag.py
[2025-11-11T15:17:02.088-0500] {logging_mixin.py:188} INFO - 📂 Using project root: /opt/project
[2025-11-11T15:17:02.539-0500] {logging_mixin.py:188} INFO - [2025-11-11T15:17:02.539-0500] {credentials.py:1278} INFO - Found credentials in shared credentials file: ~/.aws/credentials
[2025-11-11T15:17:03.150-0500] {processor.py:840} INFO - DAG(s) 'ocr_pipeline_dag' retrieved from /opt/airflow/dags/ocr_pipeline_dag.py
[2025-11-11T15:17:03.184-0500] {logging_mixin.py:188} INFO - [2025-11-11T15:17:03.184-0500] {dag.py:3089} INFO - Sync 1 DAGs
[2025-11-11T15:17:03.198-0500] {logging_mixin.py:188} INFO - [2025-11-11T15:17:03.198-0500] {dag.py:3947} INFO - Setting next_dagrun for ocr_pipeline_dag to None, run_after=None
[2025-11-11T15:17:03.226-0500] {processor.py:183} INFO - Processing /opt/airflow/dags/ocr_pipeline_dag.py took 1.176 seconds
[2025-11-11T15:17:33.502-0500] {processor.py:161} INFO - Started process (PID=6878) to work on /opt/airflow/dags/ocr_pipeline_dag.py
[2025-11-11T15:17:33.505-0500] {processor.py:830} INFO - Processing file /opt/airflow/dags/ocr_pipeline_dag.py for tasks to queue
[2025-11-11T15:17:33.506-0500] {logging_mixin.py:188} INFO - [2025-11-11T15:17:33.506-0500] {dagbag.py:545} INFO - Filling up the DagBag from /opt/airflow/dags/ocr_pipeline_dag.py
[2025-11-11T15:17:33.522-0500] {logging_mixin.py:188} INFO - 📂 Using project root: /opt/project
[2025-11-11T15:17:33.915-0500] {logging_mixin.py:188} INFO - [2025-11-11T15:17:33.915-0500] {credentials.py:1278} INFO - Found credentials in shared credentials file: ~/.aws/credentials
[2025-11-11T15:17:34.425-0500] {processor.py:840} INFO - DAG(s) 'ocr_pipeline_dag' retrieved from /opt/airflow/dags/ocr_pipeline_dag.py
[2025-11-11T15:17:34.451-0500] {logging_mixin.py:188} INFO - [2025-11-11T15:17:34.451-0500] {dag.py:3089} INFO - Sync 1 DAGs
[2025-11-11T15:17:34.464-0500] {logging_mixin.py:188} INFO - [2025-11-11T15:17:34.464-0500] {dag.py:3947} INFO - Setting next_dagrun for ocr_pipeline_dag to None, run_after=None
[2025-11-11T15:17:34.486-0500] {processor.py:183} INFO - Processing /opt/airflow/dags/ocr_pipeline_dag.py took 0.976 seconds
[2025-11-11T15:18:04.878-0500] {processor.py:161} INFO - Started process (PID=6884) to work on /opt/airflow/dags/ocr_pipeline_dag.py
[2025-11-11T15:18:04.880-0500] {processor.py:830} INFO - Processing file /opt/airflow/dags/ocr_pipeline_dag.py for tasks to queue
[2025-11-11T15:18:04.882-0500] {logging_mixin.py:188} INFO - [2025-11-11T15:18:04.882-0500] {dagbag.py:545} INFO - Filling up the DagBag from /opt/airflow/dags/ocr_pipeline_dag.py
[2025-11-11T15:18:04.907-0500] {logging_mixin.py:188} INFO - 📂 Using project root: /opt/project
[2025-11-11T15:18:05.370-0500] {logging_mixin.py:188} INFO - [2025-11-11T15:18:05.370-0500] {credentials.py:1278} INFO - Found credentials in shared credentials file: ~/.aws/credentials
[2025-11-11T15:18:05.988-0500] {processor.py:840} INFO - DAG(s) 'ocr_pipeline_dag' retrieved from /opt/airflow/dags/ocr_pipeline_dag.py
[2025-11-11T15:18:06.019-0500] {logging_mixin.py:188} INFO - [2025-11-11T15:18:06.018-0500] {dag.py:3089} INFO - Sync 1 DAGs
[2025-11-11T15:18:06.033-0500] {logging_mixin.py:188} INFO - [2025-11-11T15:18:06.033-0500] {dag.py:3947} INFO - Setting next_dagrun for ocr_pipeline_dag to None, run_after=None
[2025-11-11T15:18:06.062-0500] {processor.py:183} INFO - Processing /opt/airflow/dags/ocr_pipeline_dag.py took 1.194 seconds
[2025-11-11T15:18:36.320-0500] {processor.py:161} INFO - Started process (PID=6890) to work on /opt/airflow/dags/ocr_pipeline_dag.py
[2025-11-11T15:18:36.321-0500] {processor.py:830} INFO - Processing file /opt/airflow/dags/ocr_pipeline_dag.py for tasks to queue
[2025-11-11T15:18:36.323-0500] {logging_mixin.py:188} INFO - [2025-11-11T15:18:36.322-0500] {dagbag.py:545} INFO - Filling up the DagBag from /opt/airflow/dags/ocr_pipeline_dag.py
[2025-11-11T15:18:36.346-0500] {logging_mixin.py:188} INFO - 📂 Using project root: /opt/project
[2025-11-11T15:18:36.734-0500] {logging_mixin.py:188} INFO - [2025-11-11T15:18:36.734-0500] {credentials.py:1278} INFO - Found credentials in shared credentials file: ~/.aws/credentials
[2025-11-11T15:18:37.257-0500] {processor.py:840} INFO - DAG(s) 'ocr_pipeline_dag' retrieved from /opt/airflow/dags/ocr_pipeline_dag.py
[2025-11-11T15:18:37.284-0500] {logging_mixin.py:188} INFO - [2025-11-11T15:18:37.283-0500] {dag.py:3089} INFO - Sync 1 DAGs
[2025-11-11T15:18:37.296-0500] {logging_mixin.py:188} INFO - [2025-11-11T15:18:37.296-0500] {dag.py:3947} INFO - Setting next_dagrun for ocr_pipeline_dag to None, run_after=None
[2025-11-11T15:18:37.318-0500] {processor.py:183} INFO - Processing /opt/airflow/dags/ocr_pipeline_dag.py took 1.006 seconds
[2025-11-11T15:19:07.753-0500] {processor.py:161} INFO - Started process (PID=6896) to work on /opt/airflow/dags/ocr_pipeline_dag.py
[2025-11-11T15:19:07.755-0500] {processor.py:830} INFO - Processing file /opt/airflow/dags/ocr_pipeline_dag.py for tasks to queue
[2025-11-11T15:19:07.757-0500] {logging_mixin.py:188} INFO - [2025-11-11T15:19:07.757-0500] {dagbag.py:545} INFO - Filling up the DagBag from /opt/airflow/dags/ocr_pipeline_dag.py
[2025-11-11T15:19:07.785-0500] {logging_mixin.py:188} INFO - 📂 Using project root: /opt/project
[2025-11-11T15:19:08.272-0500] {logging_mixin.py:188} INFO - [2025-11-11T15:19:08.271-0500] {credentials.py:1278} INFO - Found credentials in shared credentials file: ~/.aws/credentials
[2025-11-11T15:19:08.843-0500] {processor.py:840} INFO - DAG(s) 'ocr_pipeline_dag' retrieved from /opt/airflow/dags/ocr_pipeline_dag.py
[2025-11-11T15:19:08.875-0500] {logging_mixin.py:188} INFO - [2025-11-11T15:19:08.874-0500] {dag.py:3089} INFO - Sync 1 DAGs
[2025-11-11T15:19:08.890-0500] {logging_mixin.py:188} INFO - [2025-11-11T15:19:08.890-0500] {dag.py:3947} INFO - Setting next_dagrun for ocr_pipeline_dag to None, run_after=None
[2025-11-11T15:19:08.917-0500] {processor.py:183} INFO - Processing /opt/airflow/dags/ocr_pipeline_dag.py took 1.172 seconds
[2025-11-11T15:19:39.022-0500] {processor.py:161} INFO - Started process (PID=6902) to work on /opt/airflow/dags/ocr_pipeline_dag.py
[2025-11-11T15:19:39.024-0500] {processor.py:830} INFO - Processing file /opt/airflow/dags/ocr_pipeline_dag.py for tasks to queue
[2025-11-11T15:19:39.025-0500] {logging_mixin.py:188} INFO - [2025-11-11T15:19:39.025-0500] {dagbag.py:545} INFO - Filling up the DagBag from /opt/airflow/dags/ocr_pipeline_dag.py
[2025-11-11T15:19:39.046-0500] {logging_mixin.py:188} INFO - 📂 Using project root: /opt/project
[2025-11-11T15:19:39.445-0500] {logging_mixin.py:188} INFO - [2025-11-11T15:19:39.445-0500] {credentials.py:1278} INFO - Found credentials in shared credentials file: ~/.aws/credentials
[2025-11-11T15:19:40.014-0500] {processor.py:840} INFO - DAG(s) 'ocr_pipeline_dag' retrieved from /opt/airflow/dags/ocr_pipeline_dag.py
[2025-11-11T15:19:40.061-0500] {logging_mixin.py:188} INFO - [2025-11-11T15:19:40.060-0500] {dag.py:3089} INFO - Sync 1 DAGs
[2025-11-11T15:19:40.080-0500] {logging_mixin.py:188} INFO - [2025-11-11T15:19:40.079-0500] {dag.py:3947} INFO - Setting next_dagrun for ocr_pipeline_dag to None, run_after=None
[2025-11-11T15:19:40.110-0500] {processor.py:183} INFO - Processing /opt/airflow/dags/ocr_pipeline_dag.py took 1.096 seconds
[2025-11-11T15:20:10.403-0500] {processor.py:161} INFO - Started process (PID=6908) to work on /opt/airflow/dags/ocr_pipeline_dag.py
[2025-11-11T15:20:10.404-0500] {processor.py:830} INFO - Processing file /opt/airflow/dags/ocr_pipeline_dag.py for tasks to queue
[2025-11-11T15:20:10.406-0500] {logging_mixin.py:188} INFO - [2025-11-11T15:20:10.405-0500] {dagbag.py:545} INFO - Filling up the DagBag from /opt/airflow/dags/ocr_pipeline_dag.py
[2025-11-11T15:20:10.426-0500] {logging_mixin.py:188} INFO - 📂 Using project root: /opt/project
[2025-11-11T15:20:10.932-0500] {logging_mixin.py:188} INFO - [2025-11-11T15:20:10.931-0500] {credentials.py:1278} INFO - Found credentials in shared credentials file: ~/.aws/credentials
[2025-11-11T15:20:11.578-0500] {processor.py:840} INFO - DAG(s) 'ocr_pipeline_dag' retrieved from /opt/airflow/dags/ocr_pipeline_dag.py
[2025-11-11T15:20:11.628-0500] {logging_mixin.py:188} INFO - [2025-11-11T15:20:11.627-0500] {dag.py:3089} INFO - Sync 1 DAGs
[2025-11-11T15:20:11.645-0500] {logging_mixin.py:188} INFO - [2025-11-11T15:20:11.645-0500] {dag.py:3947} INFO - Setting next_dagrun for ocr_pipeline_dag to None, run_after=None
[2025-11-11T15:20:11.671-0500] {processor.py:183} INFO - Processing /opt/airflow/dags/ocr_pipeline_dag.py took 1.276 seconds
[2025-11-11T15:20:41.940-0500] {processor.py:161} INFO - Started process (PID=6914) to work on /opt/airflow/dags/ocr_pipeline_dag.py
[2025-11-11T15:20:41.942-0500] {processor.py:830} INFO - Processing file /opt/airflow/dags/ocr_pipeline_dag.py for tasks to queue
[2025-11-11T15:20:41.943-0500] {logging_mixin.py:188} INFO - [2025-11-11T15:20:41.943-0500] {dagbag.py:545} INFO - Filling up the DagBag from /opt/airflow/dags/ocr_pipeline_dag.py
[2025-11-11T15:20:41.966-0500] {logging_mixin.py:188} INFO - 📂 Using project root: /opt/project
[2025-11-11T15:20:42.302-0500] {logging_mixin.py:188} INFO - [2025-11-11T15:20:42.302-0500] {credentials.py:1278} INFO - Found credentials in shared credentials file: ~/.aws/credentials
[2025-11-11T15:20:42.752-0500] {processor.py:840} INFO - DAG(s) 'ocr_pipeline_dag' retrieved from /opt/airflow/dags/ocr_pipeline_dag.py
[2025-11-11T15:20:42.778-0500] {logging_mixin.py:188} INFO - [2025-11-11T15:20:42.777-0500] {dag.py:3089} INFO - Sync 1 DAGs
[2025-11-11T15:20:42.788-0500] {logging_mixin.py:188} INFO - [2025-11-11T15:20:42.788-0500] {dag.py:3947} INFO - Setting next_dagrun for ocr_pipeline_dag to None, run_after=None
[2025-11-11T15:20:42.809-0500] {processor.py:183} INFO - Processing /opt/airflow/dags/ocr_pipeline_dag.py took 0.877 seconds
[2025-11-11T15:21:13.352-0500] {processor.py:161} INFO - Started process (PID=6920) to work on /opt/airflow/dags/ocr_pipeline_dag.py
[2025-11-11T15:21:13.354-0500] {processor.py:830} INFO - Processing file /opt/airflow/dags/ocr_pipeline_dag.py for tasks to queue
[2025-11-11T15:21:13.356-0500] {logging_mixin.py:188} INFO - [2025-11-11T15:21:13.355-0500] {dagbag.py:545} INFO - Filling up the DagBag from /opt/airflow/dags/ocr_pipeline_dag.py
[2025-11-11T15:21:13.380-0500] {logging_mixin.py:188} INFO - 📂 Using project root: /opt/project
[2025-11-11T15:21:13.787-0500] {logging_mixin.py:188} INFO - [2025-11-11T15:21:13.786-0500] {credentials.py:1278} INFO - Found credentials in shared credentials file: ~/.aws/credentials
[2025-11-11T15:21:14.346-0500] {processor.py:840} INFO - DAG(s) 'ocr_pipeline_dag' retrieved from /opt/airflow/dags/ocr_pipeline_dag.py
[2025-11-11T15:21:14.379-0500] {logging_mixin.py:188} INFO - [2025-11-11T15:21:14.378-0500] {dag.py:3089} INFO - Sync 1 DAGs
[2025-11-11T15:21:14.394-0500] {logging_mixin.py:188} INFO - [2025-11-11T15:21:14.394-0500] {dag.py:3947} INFO - Setting next_dagrun for ocr_pipeline_dag to None, run_after=None
[2025-11-11T15:21:14.424-0500] {processor.py:183} INFO - Processing /opt/airflow/dags/ocr_pipeline_dag.py took 1.080 seconds
[2025-11-11T15:21:44.749-0500] {processor.py:161} INFO - Started process (PID=6926) to work on /opt/airflow/dags/ocr_pipeline_dag.py
[2025-11-11T15:21:44.750-0500] {processor.py:830} INFO - Processing file /opt/airflow/dags/ocr_pipeline_dag.py for tasks to queue
[2025-11-11T15:21:44.751-0500] {logging_mixin.py:188} INFO - [2025-11-11T15:21:44.751-0500] {dagbag.py:545} INFO - Filling up the DagBag from /opt/airflow/dags/ocr_pipeline_dag.py
[2025-11-11T15:21:44.772-0500] {logging_mixin.py:188} INFO - 📂 Using project root: /opt/project
[2025-11-11T15:21:45.132-0500] {logging_mixin.py:188} INFO - [2025-11-11T15:21:45.132-0500] {credentials.py:1278} INFO - Found credentials in shared credentials file: ~/.aws/credentials
[2025-11-11T15:21:45.657-0500] {processor.py:840} INFO - DAG(s) 'ocr_pipeline_dag' retrieved from /opt/airflow/dags/ocr_pipeline_dag.py
[2025-11-11T15:21:45.686-0500] {logging_mixin.py:188} INFO - [2025-11-11T15:21:45.685-0500] {dag.py:3089} INFO - Sync 1 DAGs
[2025-11-11T15:21:45.698-0500] {logging_mixin.py:188} INFO - [2025-11-11T15:21:45.698-0500] {dag.py:3947} INFO - Setting next_dagrun for ocr_pipeline_dag to None, run_after=None
[2025-11-11T15:21:45.718-0500] {processor.py:183} INFO - Processing /opt/airflow/dags/ocr_pipeline_dag.py took 0.977 seconds
[2025-11-11T15:22:16.201-0500] {processor.py:161} INFO - Started process (PID=6932) to work on /opt/airflow/dags/ocr_pipeline_dag.py
[2025-11-11T15:22:16.204-0500] {processor.py:830} INFO - Processing file /opt/airflow/dags/ocr_pipeline_dag.py for tasks to queue
[2025-11-11T15:22:16.207-0500] {logging_mixin.py:188} INFO - [2025-11-11T15:22:16.206-0500] {dagbag.py:545} INFO - Filling up the DagBag from /opt/airflow/dags/ocr_pipeline_dag.py
[2025-11-11T15:22:16.227-0500] {logging_mixin.py:188} INFO - 📂 Using project root: /opt/project
[2025-11-11T15:22:16.685-0500] {logging_mixin.py:188} INFO - [2025-11-11T15:22:16.685-0500] {credentials.py:1278} INFO - Found credentials in shared credentials file: ~/.aws/credentials
[2025-11-11T15:22:17.298-0500] {processor.py:840} INFO - DAG(s) 'ocr_pipeline_dag' retrieved from /opt/airflow/dags/ocr_pipeline_dag.py
[2025-11-11T15:22:17.333-0500] {logging_mixin.py:188} INFO - [2025-11-11T15:22:17.332-0500] {dag.py:3089} INFO - Sync 1 DAGs
[2025-11-11T15:22:17.346-0500] {logging_mixin.py:188} INFO - [2025-11-11T15:22:17.346-0500] {dag.py:3947} INFO - Setting next_dagrun for ocr_pipeline_dag to None, run_after=None
[2025-11-11T15:22:17.376-0500] {processor.py:183} INFO - Processing /opt/airflow/dags/ocr_pipeline_dag.py took 1.185 seconds
[2025-11-11T15:22:47.642-0500] {processor.py:161} INFO - Started process (PID=6938) to work on /opt/airflow/dags/ocr_pipeline_dag.py
[2025-11-11T15:22:47.643-0500] {processor.py:830} INFO - Processing file /opt/airflow/dags/ocr_pipeline_dag.py for tasks to queue
[2025-11-11T15:22:47.645-0500] {logging_mixin.py:188} INFO - [2025-11-11T15:22:47.644-0500] {dagbag.py:545} INFO - Filling up the DagBag from /opt/airflow/dags/ocr_pipeline_dag.py
[2025-11-11T15:22:47.667-0500] {logging_mixin.py:188} INFO - 📂 Using project root: /opt/project
[2025-11-11T15:22:48.028-0500] {logging_mixin.py:188} INFO - [2025-11-11T15:22:48.028-0500] {credentials.py:1278} INFO - Found credentials in shared credentials file: ~/.aws/credentials
[2025-11-11T15:22:48.526-0500] {processor.py:840} INFO - DAG(s) 'ocr_pipeline_dag' retrieved from /opt/airflow/dags/ocr_pipeline_dag.py
[2025-11-11T15:22:48.562-0500] {logging_mixin.py:188} INFO - [2025-11-11T15:22:48.561-0500] {dag.py:3089} INFO - Sync 1 DAGs
[2025-11-11T15:22:48.575-0500] {logging_mixin.py:188} INFO - [2025-11-11T15:22:48.575-0500] {dag.py:3947} INFO - Setting next_dagrun for ocr_pipeline_dag to None, run_after=None
[2025-11-11T15:22:48.597-0500] {processor.py:183} INFO - Processing /opt/airflow/dags/ocr_pipeline_dag.py took 0.963 seconds
[2025-11-11T15:23:19.072-0500] {processor.py:161} INFO - Started process (PID=6944) to work on /opt/airflow/dags/ocr_pipeline_dag.py
[2025-11-11T15:23:19.075-0500] {processor.py:830} INFO - Processing file /opt/airflow/dags/ocr_pipeline_dag.py for tasks to queue
[2025-11-11T15:23:19.080-0500] {logging_mixin.py:188} INFO - [2025-11-11T15:23:19.079-0500] {dagbag.py:545} INFO - Filling up the DagBag from /opt/airflow/dags/ocr_pipeline_dag.py
[2025-11-11T15:23:19.110-0500] {logging_mixin.py:188} INFO - 📂 Using project root: /opt/project
[2025-11-11T15:23:19.632-0500] {logging_mixin.py:188} INFO - [2025-11-11T15:23:19.631-0500] {credentials.py:1278} INFO - Found credentials in shared credentials file: ~/.aws/credentials
[2025-11-11T15:23:20.389-0500] {processor.py:840} INFO - DAG(s) 'ocr_pipeline_dag' retrieved from /opt/airflow/dags/ocr_pipeline_dag.py
[2025-11-11T15:23:20.435-0500] {logging_mixin.py:188} INFO - [2025-11-11T15:23:20.434-0500] {dag.py:3089} INFO - Sync 1 DAGs
[2025-11-11T15:23:20.464-0500] {logging_mixin.py:188} INFO - [2025-11-11T15:23:20.464-0500] {dag.py:3947} INFO - Setting next_dagrun for ocr_pipeline_dag to None, run_after=None
[2025-11-11T15:23:20.498-0500] {processor.py:183} INFO - Processing /opt/airflow/dags/ocr_pipeline_dag.py took 1.444 seconds
[2025-11-11T15:23:50.941-0500] {processor.py:161} INFO - Started process (PID=6950) to work on /opt/airflow/dags/ocr_pipeline_dag.py
[2025-11-11T15:23:50.943-0500] {processor.py:830} INFO - Processing file /opt/airflow/dags/ocr_pipeline_dag.py for tasks to queue
[2025-11-11T15:23:50.945-0500] {logging_mixin.py:188} INFO - [2025-11-11T15:23:50.944-0500] {dagbag.py:545} INFO - Filling up the DagBag from /opt/airflow/dags/ocr_pipeline_dag.py
[2025-11-11T15:23:50.970-0500] {logging_mixin.py:188} INFO - 📂 Using project root: /opt/project
[2025-11-11T15:23:51.330-0500] {logging_mixin.py:188} INFO - [2025-11-11T15:23:51.330-0500] {credentials.py:1278} INFO - Found credentials in shared credentials file: ~/.aws/credentials
[2025-11-11T15:23:51.799-0500] {processor.py:840} INFO - DAG(s) 'ocr_pipeline_dag' retrieved from /opt/airflow/dags/ocr_pipeline_dag.py
[2025-11-11T15:23:51.837-0500] {logging_mixin.py:188} INFO - [2025-11-11T15:23:51.836-0500] {dag.py:3089} INFO - Sync 1 DAGs
[2025-11-11T15:23:51.850-0500] {logging_mixin.py:188} INFO - [2025-11-11T15:23:51.850-0500] {dag.py:3947} INFO - Setting next_dagrun for ocr_pipeline_dag to None, run_after=None
[2025-11-11T15:23:51.872-0500] {processor.py:183} INFO - Processing /opt/airflow/dags/ocr_pipeline_dag.py took 0.940 seconds
[2025-11-11T15:24:22.041-0500] {processor.py:161} INFO - Started process (PID=6956) to work on /opt/airflow/dags/ocr_pipeline_dag.py
[2025-11-11T15:24:22.043-0500] {processor.py:830} INFO - Processing file /opt/airflow/dags/ocr_pipeline_dag.py for tasks to queue
[2025-11-11T15:24:22.047-0500] {logging_mixin.py:188} INFO - [2025-11-11T15:24:22.046-0500] {dagbag.py:545} INFO - Filling up the DagBag from /opt/airflow/dags/ocr_pipeline_dag.py
[2025-11-11T15:24:22.079-0500] {logging_mixin.py:188} INFO - 📂 Using project root: /opt/project
[2025-11-11T15:24:22.552-0500] {logging_mixin.py:188} INFO - [2025-11-11T15:24:22.552-0500] {credentials.py:1278} INFO - Found credentials in shared credentials file: ~/.aws/credentials
[2025-11-11T15:24:23.238-0500] {processor.py:840} INFO - DAG(s) 'ocr_pipeline_dag' retrieved from /opt/airflow/dags/ocr_pipeline_dag.py
[2025-11-11T15:24:23.277-0500] {logging_mixin.py:188} INFO - [2025-11-11T15:24:23.276-0500] {dag.py:3089} INFO - Sync 1 DAGs
[2025-11-11T15:24:23.292-0500] {logging_mixin.py:188} INFO - [2025-11-11T15:24:23.292-0500] {dag.py:3947} INFO - Setting next_dagrun for ocr_pipeline_dag to None, run_after=None
[2025-11-11T15:24:23.321-0500] {processor.py:183} INFO - Processing /opt/airflow/dags/ocr_pipeline_dag.py took 1.289 seconds
[2025-11-11T15:24:53.750-0500] {processor.py:161} INFO - Started process (PID=6962) to work on /opt/airflow/dags/ocr_pipeline_dag.py
[2025-11-11T15:24:53.752-0500] {processor.py:830} INFO - Processing file /opt/airflow/dags/ocr_pipeline_dag.py for tasks to queue
[2025-11-11T15:24:53.754-0500] {logging_mixin.py:188} INFO - [2025-11-11T15:24:53.753-0500] {dagbag.py:545} INFO - Filling up the DagBag from /opt/airflow/dags/ocr_pipeline_dag.py
[2025-11-11T15:24:53.777-0500] {logging_mixin.py:188} INFO - 📂 Using project root: /opt/project
[2025-11-11T15:24:54.207-0500] {logging_mixin.py:188} INFO - [2025-11-11T15:24:54.206-0500] {credentials.py:1278} INFO - Found credentials in shared credentials file: ~/.aws/credentials
[2025-11-11T15:24:54.838-0500] {processor.py:840} INFO - DAG(s) 'ocr_pipeline_dag' retrieved from /opt/airflow/dags/ocr_pipeline_dag.py
[2025-11-11T15:24:54.878-0500] {logging_mixin.py:188} INFO - [2025-11-11T15:24:54.877-0500] {dag.py:3089} INFO - Sync 1 DAGs
[2025-11-11T15:24:54.901-0500] {logging_mixin.py:188} INFO - [2025-11-11T15:24:54.901-0500] {dag.py:3947} INFO - Setting next_dagrun for ocr_pipeline_dag to None, run_after=None
[2025-11-11T15:24:54.930-0500] {processor.py:183} INFO - Processing /opt/airflow/dags/ocr_pipeline_dag.py took 1.189 seconds
[2025-11-11T15:25:25.140-0500] {processor.py:161} INFO - Started process (PID=6968) to work on /opt/airflow/dags/ocr_pipeline_dag.py
[2025-11-11T15:25:25.143-0500] {processor.py:830} INFO - Processing file /opt/airflow/dags/ocr_pipeline_dag.py for tasks to queue
[2025-11-11T15:25:25.145-0500] {logging_mixin.py:188} INFO - [2025-11-11T15:25:25.144-0500] {dagbag.py:545} INFO - Filling up the DagBag from /opt/airflow/dags/ocr_pipeline_dag.py
[2025-11-11T15:25:25.178-0500] {logging_mixin.py:188} INFO - 📂 Using project root: /opt/project
[2025-11-11T15:25:25.830-0500] {logging_mixin.py:188} INFO - [2025-11-11T15:25:25.829-0500] {credentials.py:1278} INFO - Found credentials in shared credentials file: ~/.aws/credentials
[2025-11-11T15:25:26.703-0500] {processor.py:840} INFO - DAG(s) 'ocr_pipeline_dag' retrieved from /opt/airflow/dags/ocr_pipeline_dag.py
[2025-11-11T15:25:26.747-0500] {logging_mixin.py:188} INFO - [2025-11-11T15:25:26.747-0500] {dag.py:3089} INFO - Sync 1 DAGs
[2025-11-11T15:25:26.773-0500] {logging_mixin.py:188} INFO - [2025-11-11T15:25:26.773-0500] {dag.py:3947} INFO - Setting next_dagrun for ocr_pipeline_dag to None, run_after=None
[2025-11-11T15:25:26.801-0500] {processor.py:183} INFO - Processing /opt/airflow/dags/ocr_pipeline_dag.py took 1.677 seconds
[2025-11-11T15:25:57.367-0500] {processor.py:161} INFO - Started process (PID=6974) to work on /opt/airflow/dags/ocr_pipeline_dag.py
[2025-11-11T15:25:57.368-0500] {processor.py:830} INFO - Processing file /opt/airflow/dags/ocr_pipeline_dag.py for tasks to queue
[2025-11-11T15:25:57.370-0500] {logging_mixin.py:188} INFO - [2025-11-11T15:25:57.369-0500] {dagbag.py:545} INFO - Filling up the DagBag from /opt/airflow/dags/ocr_pipeline_dag.py
[2025-11-11T15:25:57.390-0500] {logging_mixin.py:188} INFO - 📂 Using project root: /opt/project
[2025-11-11T15:25:57.758-0500] {logging_mixin.py:188} INFO - [2025-11-11T15:25:57.757-0500] {credentials.py:1278} INFO - Found credentials in shared credentials file: ~/.aws/credentials
[2025-11-11T15:25:58.287-0500] {processor.py:840} INFO - DAG(s) 'ocr_pipeline_dag' retrieved from /opt/airflow/dags/ocr_pipeline_dag.py
[2025-11-11T15:25:58.328-0500] {logging_mixin.py:188} INFO - [2025-11-11T15:25:58.327-0500] {dag.py:3089} INFO - Sync 1 DAGs
[2025-11-11T15:25:58.343-0500] {logging_mixin.py:188} INFO - [2025-11-11T15:25:58.342-0500] {dag.py:3947} INFO - Setting next_dagrun for ocr_pipeline_dag to None, run_after=None
[2025-11-11T15:25:58.376-0500] {processor.py:183} INFO - Processing /opt/airflow/dags/ocr_pipeline_dag.py took 1.018 seconds
[2025-11-11T15:26:28.754-0500] {processor.py:161} INFO - Started process (PID=6980) to work on /opt/airflow/dags/ocr_pipeline_dag.py
[2025-11-11T15:26:28.756-0500] {processor.py:830} INFO - Processing file /opt/airflow/dags/ocr_pipeline_dag.py for tasks to queue
[2025-11-11T15:26:28.758-0500] {logging_mixin.py:188} INFO - [2025-11-11T15:26:28.757-0500] {dagbag.py:545} INFO - Filling up the DagBag from /opt/airflow/dags/ocr_pipeline_dag.py
[2025-11-11T15:26:28.781-0500] {logging_mixin.py:188} INFO - 📂 Using project root: /opt/project
[2025-11-11T15:26:29.327-0500] {logging_mixin.py:188} INFO - [2025-11-11T15:26:29.327-0500] {credentials.py:1278} INFO - Found credentials in shared credentials file: ~/.aws/credentials
[2025-11-11T15:26:30.012-0500] {processor.py:840} INFO - DAG(s) 'ocr_pipeline_dag' retrieved from /opt/airflow/dags/ocr_pipeline_dag.py
[2025-11-11T15:26:30.059-0500] {logging_mixin.py:188} INFO - [2025-11-11T15:26:30.058-0500] {dag.py:3089} INFO - Sync 1 DAGs
[2025-11-11T15:26:30.075-0500] {logging_mixin.py:188} INFO - [2025-11-11T15:26:30.074-0500] {dag.py:3947} INFO - Setting next_dagrun for ocr_pipeline_dag to None, run_after=None
[2025-11-11T15:26:30.101-0500] {processor.py:183} INFO - Processing /opt/airflow/dags/ocr_pipeline_dag.py took 1.357 seconds
[2025-11-11T15:27:00.225-0500] {processor.py:161} INFO - Started process (PID=6986) to work on /opt/airflow/dags/ocr_pipeline_dag.py
[2025-11-11T15:27:00.226-0500] {processor.py:830} INFO - Processing file /opt/airflow/dags/ocr_pipeline_dag.py for tasks to queue
[2025-11-11T15:27:00.229-0500] {logging_mixin.py:188} INFO - [2025-11-11T15:27:00.228-0500] {dagbag.py:545} INFO - Filling up the DagBag from /opt/airflow/dags/ocr_pipeline_dag.py
[2025-11-11T15:27:00.249-0500] {logging_mixin.py:188} INFO - 📂 Using project root: /opt/project
[2025-11-11T15:27:00.719-0500] {logging_mixin.py:188} INFO - [2025-11-11T15:27:00.719-0500] {credentials.py:1278} INFO - Found credentials in shared credentials file: ~/.aws/credentials
[2025-11-11T15:27:01.350-0500] {processor.py:840} INFO - DAG(s) 'ocr_pipeline_dag' retrieved from /opt/airflow/dags/ocr_pipeline_dag.py
[2025-11-11T15:27:01.388-0500] {logging_mixin.py:188} INFO - [2025-11-11T15:27:01.387-0500] {dag.py:3089} INFO - Sync 1 DAGs
[2025-11-11T15:27:01.402-0500] {logging_mixin.py:188} INFO - [2025-11-11T15:27:01.402-0500] {dag.py:3947} INFO - Setting next_dagrun for ocr_pipeline_dag to None, run_after=None
[2025-11-11T15:27:01.436-0500] {processor.py:183} INFO - Processing /opt/airflow/dags/ocr_pipeline_dag.py took 1.218 seconds
[2025-11-11T15:27:31.560-0500] {processor.py:161} INFO - Started process (PID=6992) to work on /opt/airflow/dags/ocr_pipeline_dag.py
[2025-11-11T15:27:31.562-0500] {processor.py:830} INFO - Processing file /opt/airflow/dags/ocr_pipeline_dag.py for tasks to queue
[2025-11-11T15:27:31.564-0500] {logging_mixin.py:188} INFO - [2025-11-11T15:27:31.564-0500] {dagbag.py:545} INFO - Filling up the DagBag from /opt/airflow/dags/ocr_pipeline_dag.py
[2025-11-11T15:27:31.590-0500] {logging_mixin.py:188} INFO - 📂 Using project root: /opt/project
[2025-11-11T15:27:32.073-0500] {logging_mixin.py:188} INFO - [2025-11-11T15:27:32.072-0500] {credentials.py:1278} INFO - Found credentials in shared credentials file: ~/.aws/credentials
[2025-11-11T15:27:32.694-0500] {processor.py:840} INFO - DAG(s) 'ocr_pipeline_dag' retrieved from /opt/airflow/dags/ocr_pipeline_dag.py
[2025-11-11T15:27:32.728-0500] {logging_mixin.py:188} INFO - [2025-11-11T15:27:32.728-0500] {dag.py:3089} INFO - Sync 1 DAGs
[2025-11-11T15:27:32.745-0500] {logging_mixin.py:188} INFO - [2025-11-11T15:27:32.744-0500] {dag.py:3947} INFO - Setting next_dagrun for ocr_pipeline_dag to None, run_after=None
[2025-11-11T15:27:32.771-0500] {processor.py:183} INFO - Processing /opt/airflow/dags/ocr_pipeline_dag.py took 1.221 seconds
[2025-11-11T15:28:02.963-0500] {processor.py:161} INFO - Started process (PID=6998) to work on /opt/airflow/dags/ocr_pipeline_dag.py
[2025-11-11T15:28:02.998-0500] {processor.py:830} INFO - Processing file /opt/airflow/dags/ocr_pipeline_dag.py for tasks to queue
[2025-11-11T15:28:03.026-0500] {logging_mixin.py:188} INFO - [2025-11-11T15:28:03.016-0500] {dagbag.py:545} INFO - Filling up the DagBag from /opt/airflow/dags/ocr_pipeline_dag.py
[2025-11-11T15:28:03.124-0500] {logging_mixin.py:188} INFO - 📂 Using project root: /opt/project
[2025-11-11T15:28:03.619-0500] {logging_mixin.py:188} INFO - [2025-11-11T15:28:03.619-0500] {credentials.py:1278} INFO - Found credentials in shared credentials file: ~/.aws/credentials
[2025-11-11T15:28:04.167-0500] {processor.py:840} INFO - DAG(s) 'ocr_pipeline_dag' retrieved from /opt/airflow/dags/ocr_pipeline_dag.py
[2025-11-11T15:28:04.198-0500] {logging_mixin.py:188} INFO - [2025-11-11T15:28:04.198-0500] {dag.py:3089} INFO - Sync 1 DAGs
[2025-11-11T15:28:04.212-0500] {logging_mixin.py:188} INFO - [2025-11-11T15:28:04.212-0500] {dag.py:3947} INFO - Setting next_dagrun for ocr_pipeline_dag to None, run_after=None
[2025-11-11T15:28:04.235-0500] {processor.py:183} INFO - Processing /opt/airflow/dags/ocr_pipeline_dag.py took 1.315 seconds
[2025-11-11T15:28:34.695-0500] {processor.py:161} INFO - Started process (PID=7004) to work on /opt/airflow/dags/ocr_pipeline_dag.py
[2025-11-11T15:28:34.698-0500] {processor.py:830} INFO - Processing file /opt/airflow/dags/ocr_pipeline_dag.py for tasks to queue
[2025-11-11T15:28:34.701-0500] {logging_mixin.py:188} INFO - [2025-11-11T15:28:34.700-0500] {dagbag.py:545} INFO - Filling up the DagBag from /opt/airflow/dags/ocr_pipeline_dag.py
[2025-11-11T15:28:34.734-0500] {logging_mixin.py:188} INFO - 📂 Using project root: /opt/project
[2025-11-11T15:28:35.324-0500] {logging_mixin.py:188} INFO - [2025-11-11T15:28:35.324-0500] {credentials.py:1278} INFO - Found credentials in shared credentials file: ~/.aws/credentials
[2025-11-11T15:28:36.106-0500] {processor.py:840} INFO - DAG(s) 'ocr_pipeline_dag' retrieved from /opt/airflow/dags/ocr_pipeline_dag.py
[2025-11-11T15:28:36.138-0500] {logging_mixin.py:188} INFO - [2025-11-11T15:28:36.138-0500] {dag.py:3089} INFO - Sync 1 DAGs
[2025-11-11T15:28:36.153-0500] {logging_mixin.py:188} INFO - [2025-11-11T15:28:36.152-0500] {dag.py:3947} INFO - Setting next_dagrun for ocr_pipeline_dag to None, run_after=None
[2025-11-11T15:28:36.175-0500] {processor.py:183} INFO - Processing /opt/airflow/dags/ocr_pipeline_dag.py took 1.478 seconds
[2025-11-11T15:29:06.595-0500] {processor.py:161} INFO - Started process (PID=7010) to work on /opt/airflow/dags/ocr_pipeline_dag.py
[2025-11-11T15:29:06.597-0500] {processor.py:830} INFO - Processing file /opt/airflow/dags/ocr_pipeline_dag.py for tasks to queue
[2025-11-11T15:29:06.599-0500] {logging_mixin.py:188} INFO - [2025-11-11T15:29:06.598-0500] {dagbag.py:545} INFO - Filling up the DagBag from /opt/airflow/dags/ocr_pipeline_dag.py
[2025-11-11T15:29:06.622-0500] {logging_mixin.py:188} INFO - 📂 Using project root: /opt/project
[2025-11-11T15:29:07.075-0500] {logging_mixin.py:188} INFO - [2025-11-11T15:29:07.075-0500] {credentials.py:1278} INFO - Found credentials in shared credentials file: ~/.aws/credentials
[2025-11-11T15:29:07.837-0500] {processor.py:840} INFO - DAG(s) 'ocr_pipeline_dag' retrieved from /opt/airflow/dags/ocr_pipeline_dag.py
[2025-11-11T15:29:07.876-0500] {logging_mixin.py:188} INFO - [2025-11-11T15:29:07.876-0500] {dag.py:3089} INFO - Sync 1 DAGs
[2025-11-11T15:29:07.894-0500] {logging_mixin.py:188} INFO - [2025-11-11T15:29:07.894-0500] {dag.py:3947} INFO - Setting next_dagrun for ocr_pipeline_dag to None, run_after=None
[2025-11-11T15:29:07.923-0500] {processor.py:183} INFO - Processing /opt/airflow/dags/ocr_pipeline_dag.py took 1.337 seconds
[2025-11-11T15:29:38.323-0500] {processor.py:161} INFO - Started process (PID=7016) to work on /opt/airflow/dags/ocr_pipeline_dag.py
[2025-11-11T15:29:38.324-0500] {processor.py:830} INFO - Processing file /opt/airflow/dags/ocr_pipeline_dag.py for tasks to queue
[2025-11-11T15:29:38.326-0500] {logging_mixin.py:188} INFO - [2025-11-11T15:29:38.325-0500] {dagbag.py:545} INFO - Filling up the DagBag from /opt/airflow/dags/ocr_pipeline_dag.py
[2025-11-11T15:29:38.353-0500] {logging_mixin.py:188} INFO - 📂 Using project root: /opt/project
[2025-11-11T15:29:38.816-0500] {logging_mixin.py:188} INFO - [2025-11-11T15:29:38.816-0500] {credentials.py:1278} INFO - Found credentials in shared credentials file: ~/.aws/credentials
[2025-11-11T15:29:39.443-0500] {processor.py:840} INFO - DAG(s) 'ocr_pipeline_dag' retrieved from /opt/airflow/dags/ocr_pipeline_dag.py
[2025-11-11T15:29:39.488-0500] {logging_mixin.py:188} INFO - [2025-11-11T15:29:39.488-0500] {dag.py:3089} INFO - Sync 1 DAGs
[2025-11-11T15:29:39.503-0500] {logging_mixin.py:188} INFO - [2025-11-11T15:29:39.503-0500] {dag.py:3947} INFO - Setting next_dagrun for ocr_pipeline_dag to None, run_after=None
[2025-11-11T15:29:39.527-0500] {processor.py:183} INFO - Processing /opt/airflow/dags/ocr_pipeline_dag.py took 1.214 seconds
[2025-11-11T15:30:09.815-0500] {processor.py:161} INFO - Started process (PID=7022) to work on /opt/airflow/dags/ocr_pipeline_dag.py
[2025-11-11T15:30:09.817-0500] {processor.py:830} INFO - Processing file /opt/airflow/dags/ocr_pipeline_dag.py for tasks to queue
[2025-11-11T15:30:09.818-0500] {logging_mixin.py:188} INFO - [2025-11-11T15:30:09.818-0500] {dagbag.py:545} INFO - Filling up the DagBag from /opt/airflow/dags/ocr_pipeline_dag.py
[2025-11-11T15:30:09.841-0500] {logging_mixin.py:188} INFO - 📂 Using project root: /opt/project
[2025-11-11T15:30:10.191-0500] {logging_mixin.py:188} INFO - [2025-11-11T15:30:10.190-0500] {credentials.py:1278} INFO - Found credentials in shared credentials file: ~/.aws/credentials
[2025-11-11T15:30:10.640-0500] {processor.py:840} INFO - DAG(s) 'ocr_pipeline_dag' retrieved from /opt/airflow/dags/ocr_pipeline_dag.py
[2025-11-11T15:30:10.680-0500] {logging_mixin.py:188} INFO - [2025-11-11T15:30:10.679-0500] {dag.py:3089} INFO - Sync 1 DAGs
[2025-11-11T15:30:10.693-0500] {logging_mixin.py:188} INFO - [2025-11-11T15:30:10.693-0500] {dag.py:3947} INFO - Setting next_dagrun for ocr_pipeline_dag to None, run_after=None
[2025-11-11T15:30:10.716-0500] {processor.py:183} INFO - Processing /opt/airflow/dags/ocr_pipeline_dag.py took 0.912 seconds
[2025-11-11T15:30:41.158-0500] {processor.py:161} INFO - Started process (PID=7028) to work on /opt/airflow/dags/ocr_pipeline_dag.py
[2025-11-11T15:30:41.160-0500] {processor.py:830} INFO - Processing file /opt/airflow/dags/ocr_pipeline_dag.py for tasks to queue
[2025-11-11T15:30:41.162-0500] {logging_mixin.py:188} INFO - [2025-11-11T15:30:41.162-0500] {dagbag.py:545} INFO - Filling up the DagBag from /opt/airflow/dags/ocr_pipeline_dag.py
[2025-11-11T15:30:41.187-0500] {logging_mixin.py:188} INFO - 📂 Using project root: /opt/project
[2025-11-11T15:30:41.732-0500] {logging_mixin.py:188} INFO - [2025-11-11T15:30:41.731-0500] {credentials.py:1278} INFO - Found credentials in shared credentials file: ~/.aws/credentials
[2025-11-11T15:30:42.517-0500] {processor.py:840} INFO - DAG(s) 'ocr_pipeline_dag' retrieved from /opt/airflow/dags/ocr_pipeline_dag.py
[2025-11-11T15:30:42.570-0500] {logging_mixin.py:188} INFO - [2025-11-11T15:30:42.569-0500] {dag.py:3089} INFO - Sync 1 DAGs
[2025-11-11T15:30:42.587-0500] {logging_mixin.py:188} INFO - [2025-11-11T15:30:42.587-0500] {dag.py:3947} INFO - Setting next_dagrun for ocr_pipeline_dag to None, run_after=None
[2025-11-11T15:30:42.617-0500] {processor.py:183} INFO - Processing /opt/airflow/dags/ocr_pipeline_dag.py took 1.470 seconds
[2025-11-11T15:31:12.748-0500] {processor.py:161} INFO - Started process (PID=7034) to work on /opt/airflow/dags/ocr_pipeline_dag.py
[2025-11-11T15:31:12.749-0500] {processor.py:830} INFO - Processing file /opt/airflow/dags/ocr_pipeline_dag.py for tasks to queue
[2025-11-11T15:31:12.751-0500] {logging_mixin.py:188} INFO - [2025-11-11T15:31:12.750-0500] {dagbag.py:545} INFO - Filling up the DagBag from /opt/airflow/dags/ocr_pipeline_dag.py
[2025-11-11T15:31:12.774-0500] {logging_mixin.py:188} INFO - 📂 Using project root: /opt/project
[2025-11-11T15:31:13.228-0500] {logging_mixin.py:188} INFO - [2025-11-11T15:31:13.228-0500] {credentials.py:1278} INFO - Found credentials in shared credentials file: ~/.aws/credentials
[2025-11-11T15:31:13.753-0500] {processor.py:840} INFO - DAG(s) 'ocr_pipeline_dag' retrieved from /opt/airflow/dags/ocr_pipeline_dag.py
[2025-11-11T15:31:13.786-0500] {logging_mixin.py:188} INFO - [2025-11-11T15:31:13.785-0500] {dag.py:3089} INFO - Sync 1 DAGs
[2025-11-11T15:31:13.799-0500] {logging_mixin.py:188} INFO - [2025-11-11T15:31:13.798-0500] {dag.py:3947} INFO - Setting next_dagrun for ocr_pipeline_dag to None, run_after=None
[2025-11-11T15:31:13.822-0500] {processor.py:183} INFO - Processing /opt/airflow/dags/ocr_pipeline_dag.py took 1.085 seconds
[2025-11-11T15:31:44.180-0500] {processor.py:161} INFO - Started process (PID=7040) to work on /opt/airflow/dags/ocr_pipeline_dag.py
[2025-11-11T15:31:44.182-0500] {processor.py:830} INFO - Processing file /opt/airflow/dags/ocr_pipeline_dag.py for tasks to queue
[2025-11-11T15:31:44.184-0500] {logging_mixin.py:188} INFO - [2025-11-11T15:31:44.183-0500] {dagbag.py:545} INFO - Filling up the DagBag from /opt/airflow/dags/ocr_pipeline_dag.py
[2025-11-11T15:31:44.208-0500] {logging_mixin.py:188} INFO - 📂 Using project root: /opt/project
[2025-11-11T15:31:44.614-0500] {logging_mixin.py:188} INFO - [2025-11-11T15:31:44.614-0500] {credentials.py:1278} INFO - Found credentials in shared credentials file: ~/.aws/credentials
[2025-11-11T15:31:45.264-0500] {processor.py:840} INFO - DAG(s) 'ocr_pipeline_dag' retrieved from /opt/airflow/dags/ocr_pipeline_dag.py
[2025-11-11T15:31:45.295-0500] {logging_mixin.py:188} INFO - [2025-11-11T15:31:45.295-0500] {dag.py:3089} INFO - Sync 1 DAGs
[2025-11-11T15:31:45.311-0500] {logging_mixin.py:188} INFO - [2025-11-11T15:31:45.310-0500] {dag.py:3947} INFO - Setting next_dagrun for ocr_pipeline_dag to None, run_after=None
[2025-11-11T15:31:45.334-0500] {processor.py:183} INFO - Processing /opt/airflow/dags/ocr_pipeline_dag.py took 1.162 seconds
[2025-11-11T15:32:15.780-0500] {processor.py:161} INFO - Started process (PID=7046) to work on /opt/airflow/dags/ocr_pipeline_dag.py
[2025-11-11T15:32:15.781-0500] {processor.py:830} INFO - Processing file /opt/airflow/dags/ocr_pipeline_dag.py for tasks to queue
[2025-11-11T15:32:15.782-0500] {logging_mixin.py:188} INFO - [2025-11-11T15:32:15.782-0500] {dagbag.py:545} INFO - Filling up the DagBag from /opt/airflow/dags/ocr_pipeline_dag.py
[2025-11-11T15:32:15.802-0500] {logging_mixin.py:188} INFO - 📂 Using project root: /opt/project
[2025-11-11T15:32:16.184-0500] {logging_mixin.py:188} INFO - [2025-11-11T15:32:16.184-0500] {credentials.py:1278} INFO - Found credentials in shared credentials file: ~/.aws/credentials
[2025-11-11T15:32:16.641-0500] {processor.py:840} INFO - DAG(s) 'ocr_pipeline_dag' retrieved from /opt/airflow/dags/ocr_pipeline_dag.py
[2025-11-11T15:32:16.672-0500] {logging_mixin.py:188} INFO - [2025-11-11T15:32:16.672-0500] {dag.py:3089} INFO - Sync 1 DAGs
[2025-11-11T15:32:16.686-0500] {logging_mixin.py:188} INFO - [2025-11-11T15:32:16.686-0500] {dag.py:3947} INFO - Setting next_dagrun for ocr_pipeline_dag to None, run_after=None
[2025-11-11T15:32:16.709-0500] {processor.py:183} INFO - Processing /opt/airflow/dags/ocr_pipeline_dag.py took 0.936 seconds
[2025-11-11T15:32:47.262-0500] {processor.py:161} INFO - Started process (PID=7052) to work on /opt/airflow/dags/ocr_pipeline_dag.py
[2025-11-11T15:32:47.264-0500] {processor.py:830} INFO - Processing file /opt/airflow/dags/ocr_pipeline_dag.py for tasks to queue
[2025-11-11T15:32:47.266-0500] {logging_mixin.py:188} INFO - [2025-11-11T15:32:47.265-0500] {dagbag.py:545} INFO - Filling up the DagBag from /opt/airflow/dags/ocr_pipeline_dag.py
[2025-11-11T15:32:47.290-0500] {logging_mixin.py:188} INFO - 📂 Using project root: /opt/project
[2025-11-11T15:32:47.746-0500] {logging_mixin.py:188} INFO - [2025-11-11T15:32:47.746-0500] {credentials.py:1278} INFO - Found credentials in shared credentials file: ~/.aws/credentials
[2025-11-11T15:32:48.384-0500] {processor.py:840} INFO - DAG(s) 'ocr_pipeline_dag' retrieved from /opt/airflow/dags/ocr_pipeline_dag.py
[2025-11-11T15:32:48.419-0500] {logging_mixin.py:188} INFO - [2025-11-11T15:32:48.419-0500] {dag.py:3089} INFO - Sync 1 DAGs
[2025-11-11T15:32:48.434-0500] {logging_mixin.py:188} INFO - [2025-11-11T15:32:48.433-0500] {dag.py:3947} INFO - Setting next_dagrun for ocr_pipeline_dag to None, run_after=None
[2025-11-11T15:32:48.461-0500] {processor.py:183} INFO - Processing /opt/airflow/dags/ocr_pipeline_dag.py took 1.207 seconds
[2025-11-11T15:33:18.841-0500] {processor.py:161} INFO - Started process (PID=7058) to work on /opt/airflow/dags/ocr_pipeline_dag.py
[2025-11-11T15:33:18.842-0500] {processor.py:830} INFO - Processing file /opt/airflow/dags/ocr_pipeline_dag.py for tasks to queue
[2025-11-11T15:33:18.843-0500] {logging_mixin.py:188} INFO - [2025-11-11T15:33:18.843-0500] {dagbag.py:545} INFO - Filling up the DagBag from /opt/airflow/dags/ocr_pipeline_dag.py
[2025-11-11T15:33:18.863-0500] {logging_mixin.py:188} INFO - 📂 Using project root: /opt/project
[2025-11-11T15:33:19.196-0500] {logging_mixin.py:188} INFO - [2025-11-11T15:33:19.195-0500] {credentials.py:1278} INFO - Found credentials in shared credentials file: ~/.aws/credentials
[2025-11-11T15:33:19.676-0500] {processor.py:840} INFO - DAG(s) 'ocr_pipeline_dag' retrieved from /opt/airflow/dags/ocr_pipeline_dag.py
[2025-11-11T15:33:19.705-0500] {logging_mixin.py:188} INFO - [2025-11-11T15:33:19.705-0500] {dag.py:3089} INFO - Sync 1 DAGs
[2025-11-11T15:33:19.717-0500] {logging_mixin.py:188} INFO - [2025-11-11T15:33:19.717-0500] {dag.py:3947} INFO - Setting next_dagrun for ocr_pipeline_dag to None, run_after=None
[2025-11-11T15:33:19.738-0500] {processor.py:183} INFO - Processing /opt/airflow/dags/ocr_pipeline_dag.py took 0.904 seconds
[2025-11-11T15:33:50.276-0500] {processor.py:161} INFO - Started process (PID=7064) to work on /opt/airflow/dags/ocr_pipeline_dag.py
[2025-11-11T15:33:50.278-0500] {processor.py:830} INFO - Processing file /opt/airflow/dags/ocr_pipeline_dag.py for tasks to queue
[2025-11-11T15:33:50.279-0500] {logging_mixin.py:188} INFO - [2025-11-11T15:33:50.279-0500] {dagbag.py:545} INFO - Filling up the DagBag from /opt/airflow/dags/ocr_pipeline_dag.py
[2025-11-11T15:33:50.303-0500] {logging_mixin.py:188} INFO - 📂 Using project root: /opt/project
[2025-11-11T15:33:50.712-0500] {logging_mixin.py:188} INFO - [2025-11-11T15:33:50.712-0500] {credentials.py:1278} INFO - Found credentials in shared credentials file: ~/.aws/credentials
[2025-11-11T15:33:51.286-0500] {processor.py:840} INFO - DAG(s) 'ocr_pipeline_dag' retrieved from /opt/airflow/dags/ocr_pipeline_dag.py
[2025-11-11T15:33:51.321-0500] {logging_mixin.py:188} INFO - [2025-11-11T15:33:51.320-0500] {dag.py:3089} INFO - Sync 1 DAGs
[2025-11-11T15:33:51.336-0500] {logging_mixin.py:188} INFO - [2025-11-11T15:33:51.336-0500] {dag.py:3947} INFO - Setting next_dagrun for ocr_pipeline_dag to None, run_after=None
[2025-11-11T15:33:51.361-0500] {processor.py:183} INFO - Processing /opt/airflow/dags/ocr_pipeline_dag.py took 1.093 seconds
[2025-11-11T15:34:21.923-0500] {processor.py:161} INFO - Started process (PID=7070) to work on /opt/airflow/dags/ocr_pipeline_dag.py
[2025-11-11T15:34:21.925-0500] {processor.py:830} INFO - Processing file /opt/airflow/dags/ocr_pipeline_dag.py for tasks to queue
[2025-11-11T15:34:21.926-0500] {logging_mixin.py:188} INFO - [2025-11-11T15:34:21.926-0500] {dagbag.py:545} INFO - Filling up the DagBag from /opt/airflow/dags/ocr_pipeline_dag.py
[2025-11-11T15:34:21.944-0500] {logging_mixin.py:188} INFO - 📂 Using project root: /opt/project
[2025-11-11T15:34:22.342-0500] {logging_mixin.py:188} INFO - [2025-11-11T15:34:22.341-0500] {credentials.py:1278} INFO - Found credentials in shared credentials file: ~/.aws/credentials
[2025-11-11T15:34:22.872-0500] {processor.py:840} INFO - DAG(s) 'ocr_pipeline_dag' retrieved from /opt/airflow/dags/ocr_pipeline_dag.py
[2025-11-11T15:34:22.902-0500] {logging_mixin.py:188} INFO - [2025-11-11T15:34:22.901-0500] {dag.py:3089} INFO - Sync 1 DAGs
[2025-11-11T15:34:22.914-0500] {logging_mixin.py:188} INFO - [2025-11-11T15:34:22.914-0500] {dag.py:3947} INFO - Setting next_dagrun for ocr_pipeline_dag to None, run_after=None
[2025-11-11T15:34:22.938-0500] {processor.py:183} INFO - Processing /opt/airflow/dags/ocr_pipeline_dag.py took 1.022 seconds
[2025-11-11T15:34:53.508-0500] {processor.py:161} INFO - Started process (PID=7076) to work on /opt/airflow/dags/ocr_pipeline_dag.py
[2025-11-11T15:34:53.509-0500] {processor.py:830} INFO - Processing file /opt/airflow/dags/ocr_pipeline_dag.py for tasks to queue
[2025-11-11T15:34:53.511-0500] {logging_mixin.py:188} INFO - [2025-11-11T15:34:53.511-0500] {dagbag.py:545} INFO - Filling up the DagBag from /opt/airflow/dags/ocr_pipeline_dag.py
[2025-11-11T15:34:53.536-0500] {logging_mixin.py:188} INFO - 📂 Using project root: /opt/project
[2025-11-11T15:34:53.950-0500] {logging_mixin.py:188} INFO - [2025-11-11T15:34:53.950-0500] {credentials.py:1278} INFO - Found credentials in shared credentials file: ~/.aws/credentials
[2025-11-11T15:34:54.515-0500] {processor.py:840} INFO - DAG(s) 'ocr_pipeline_dag' retrieved from /opt/airflow/dags/ocr_pipeline_dag.py
[2025-11-11T15:34:54.543-0500] {logging_mixin.py:188} INFO - [2025-11-11T15:34:54.543-0500] {dag.py:3089} INFO - Sync 1 DAGs
[2025-11-11T15:34:54.557-0500] {logging_mixin.py:188} INFO - [2025-11-11T15:34:54.556-0500] {dag.py:3947} INFO - Setting next_dagrun for ocr_pipeline_dag to None, run_after=None
[2025-11-11T15:34:54.578-0500] {processor.py:183} INFO - Processing /opt/airflow/dags/ocr_pipeline_dag.py took 1.079 seconds
[2025-11-11T15:35:24.964-0500] {processor.py:161} INFO - Started process (PID=7082) to work on /opt/airflow/dags/ocr_pipeline_dag.py
[2025-11-11T15:35:24.966-0500] {processor.py:830} INFO - Processing file /opt/airflow/dags/ocr_pipeline_dag.py for tasks to queue
[2025-11-11T15:35:24.968-0500] {logging_mixin.py:188} INFO - [2025-11-11T15:35:24.967-0500] {dagbag.py:545} INFO - Filling up the DagBag from /opt/airflow/dags/ocr_pipeline_dag.py
[2025-11-11T15:35:24.988-0500] {logging_mixin.py:188} INFO - 📂 Using project root: /opt/project
[2025-11-11T15:35:25.452-0500] {logging_mixin.py:188} INFO - [2025-11-11T15:35:25.452-0500] {credentials.py:1278} INFO - Found credentials in shared credentials file: ~/.aws/credentials
[2025-11-11T15:35:25.985-0500] {processor.py:840} INFO - DAG(s) 'ocr_pipeline_dag' retrieved from /opt/airflow/dags/ocr_pipeline_dag.py
[2025-11-11T15:35:26.024-0500] {logging_mixin.py:188} INFO - [2025-11-11T15:35:26.024-0500] {dag.py:3089} INFO - Sync 1 DAGs
[2025-11-11T15:35:26.037-0500] {logging_mixin.py:188} INFO - [2025-11-11T15:35:26.036-0500] {dag.py:3947} INFO - Setting next_dagrun for ocr_pipeline_dag to None, run_after=None
[2025-11-11T15:35:26.059-0500] {processor.py:183} INFO - Processing /opt/airflow/dags/ocr_pipeline_dag.py took 1.105 seconds
[2025-11-11T15:35:56.481-0500] {processor.py:161} INFO - Started process (PID=7088) to work on /opt/airflow/dags/ocr_pipeline_dag.py
[2025-11-11T15:35:56.483-0500] {processor.py:830} INFO - Processing file /opt/airflow/dags/ocr_pipeline_dag.py for tasks to queue
[2025-11-11T15:35:56.486-0500] {logging_mixin.py:188} INFO - [2025-11-11T15:35:56.485-0500] {dagbag.py:545} INFO - Filling up the DagBag from /opt/airflow/dags/ocr_pipeline_dag.py
[2025-11-11T15:35:56.523-0500] {logging_mixin.py:188} INFO - 📂 Using project root: /opt/project
[2025-11-11T15:35:57.356-0500] {logging_mixin.py:188} INFO - [2025-11-11T15:35:57.356-0500] {credentials.py:1278} INFO - Found credentials in shared credentials file: ~/.aws/credentials
[2025-11-11T15:35:58.649-0500] {processor.py:840} INFO - DAG(s) 'ocr_pipeline_dag' retrieved from /opt/airflow/dags/ocr_pipeline_dag.py
[2025-11-11T15:35:58.709-0500] {logging_mixin.py:188} INFO - [2025-11-11T15:35:58.709-0500] {dag.py:3089} INFO - Sync 1 DAGs
[2025-11-11T15:35:58.734-0500] {logging_mixin.py:188} INFO - [2025-11-11T15:35:58.733-0500] {dag.py:3947} INFO - Setting next_dagrun for ocr_pipeline_dag to None, run_after=None
[2025-11-11T15:35:58.770-0500] {processor.py:183} INFO - Processing /opt/airflow/dags/ocr_pipeline_dag.py took 2.303 seconds
[2025-11-11T15:36:29.280-0500] {processor.py:161} INFO - Started process (PID=7094) to work on /opt/airflow/dags/ocr_pipeline_dag.py
[2025-11-11T15:36:29.282-0500] {processor.py:830} INFO - Processing file /opt/airflow/dags/ocr_pipeline_dag.py for tasks to queue
[2025-11-11T15:36:29.285-0500] {logging_mixin.py:188} INFO - [2025-11-11T15:36:29.284-0500] {dagbag.py:545} INFO - Filling up the DagBag from /opt/airflow/dags/ocr_pipeline_dag.py
[2025-11-11T15:36:29.314-0500] {logging_mixin.py:188} INFO - 📂 Using project root: /opt/project
[2025-11-11T15:36:29.816-0500] {logging_mixin.py:188} INFO - [2025-11-11T15:36:29.815-0500] {credentials.py:1278} INFO - Found credentials in shared credentials file: ~/.aws/credentials
[2025-11-11T15:36:30.510-0500] {processor.py:840} INFO - DAG(s) 'ocr_pipeline_dag' retrieved from /opt/airflow/dags/ocr_pipeline_dag.py
[2025-11-11T15:36:30.555-0500] {logging_mixin.py:188} INFO - [2025-11-11T15:36:30.555-0500] {dag.py:3089} INFO - Sync 1 DAGs
[2025-11-11T15:36:30.573-0500] {logging_mixin.py:188} INFO - [2025-11-11T15:36:30.573-0500] {dag.py:3947} INFO - Setting next_dagrun for ocr_pipeline_dag to None, run_after=None
[2025-11-11T15:36:30.603-0500] {processor.py:183} INFO - Processing /opt/airflow/dags/ocr_pipeline_dag.py took 1.336 seconds
[2025-11-11T15:37:01.328-0500] {processor.py:161} INFO - Started process (PID=7100) to work on /opt/airflow/dags/ocr_pipeline_dag.py
[2025-11-11T15:37:01.334-0500] {processor.py:830} INFO - Processing file /opt/airflow/dags/ocr_pipeline_dag.py for tasks to queue
[2025-11-11T15:37:01.338-0500] {logging_mixin.py:188} INFO - [2025-11-11T15:37:01.336-0500] {dagbag.py:545} INFO - Filling up the DagBag from /opt/airflow/dags/ocr_pipeline_dag.py
[2025-11-11T15:37:01.371-0500] {logging_mixin.py:188} INFO - 📂 Using project root: /opt/project
[2025-11-11T15:37:01.781-0500] {logging_mixin.py:188} INFO - [2025-11-11T15:37:01.780-0500] {credentials.py:1278} INFO - Found credentials in shared credentials file: ~/.aws/credentials
[2025-11-11T15:37:02.868-0500] {processor.py:840} INFO - DAG(s) 'ocr_pipeline_dag' retrieved from /opt/airflow/dags/ocr_pipeline_dag.py
[2025-11-11T15:37:02.925-0500] {logging_mixin.py:188} INFO - [2025-11-11T15:37:02.924-0500] {dag.py:3089} INFO - Sync 1 DAGs
[2025-11-11T15:37:02.951-0500] {logging_mixin.py:188} INFO - [2025-11-11T15:37:02.951-0500] {dag.py:3947} INFO - Setting next_dagrun for ocr_pipeline_dag to None, run_after=None
[2025-11-11T15:37:02.988-0500] {processor.py:183} INFO - Processing /opt/airflow/dags/ocr_pipeline_dag.py took 1.696 seconds
[2025-11-11T15:37:33.527-0500] {processor.py:161} INFO - Started process (PID=7106) to work on /opt/airflow/dags/ocr_pipeline_dag.py
[2025-11-11T15:37:33.530-0500] {processor.py:830} INFO - Processing file /opt/airflow/dags/ocr_pipeline_dag.py for tasks to queue
[2025-11-11T15:37:33.532-0500] {logging_mixin.py:188} INFO - [2025-11-11T15:37:33.531-0500] {dagbag.py:545} INFO - Filling up the DagBag from /opt/airflow/dags/ocr_pipeline_dag.py
[2025-11-11T15:37:33.567-0500] {logging_mixin.py:188} INFO - 📂 Using project root: /opt/project
[2025-11-11T15:37:33.901-0500] {logging_mixin.py:188} INFO - [2025-11-11T15:37:33.901-0500] {credentials.py:1278} INFO - Found credentials in shared credentials file: ~/.aws/credentials
[2025-11-11T15:37:34.590-0500] {processor.py:840} INFO - DAG(s) 'ocr_pipeline_dag' retrieved from /opt/airflow/dags/ocr_pipeline_dag.py
[2025-11-11T15:37:34.670-0500] {logging_mixin.py:188} INFO - [2025-11-11T15:37:34.670-0500] {dag.py:3089} INFO - Sync 1 DAGs
[2025-11-11T15:37:34.687-0500] {logging_mixin.py:188} INFO - [2025-11-11T15:37:34.687-0500] {dag.py:3947} INFO - Setting next_dagrun for ocr_pipeline_dag to None, run_after=None
[2025-11-11T15:37:34.821-0500] {processor.py:183} INFO - Processing /opt/airflow/dags/ocr_pipeline_dag.py took 1.303 seconds
[2025-11-11T15:38:05.061-0500] {processor.py:161} INFO - Started process (PID=7112) to work on /opt/airflow/dags/ocr_pipeline_dag.py
[2025-11-11T15:38:05.064-0500] {processor.py:830} INFO - Processing file /opt/airflow/dags/ocr_pipeline_dag.py for tasks to queue
[2025-11-11T15:38:05.067-0500] {logging_mixin.py:188} INFO - [2025-11-11T15:38:05.066-0500] {dagbag.py:545} INFO - Filling up the DagBag from /opt/airflow/dags/ocr_pipeline_dag.py
[2025-11-11T15:38:05.100-0500] {logging_mixin.py:188} INFO - 📂 Using project root: /opt/project
[2025-11-11T15:38:05.595-0500] {logging_mixin.py:188} INFO - [2025-11-11T15:38:05.595-0500] {credentials.py:1278} INFO - Found credentials in shared credentials file: ~/.aws/credentials
[2025-11-11T15:38:06.555-0500] {processor.py:840} INFO - DAG(s) 'ocr_pipeline_dag' retrieved from /opt/airflow/dags/ocr_pipeline_dag.py
[2025-11-11T15:38:06.675-0500] {logging_mixin.py:188} INFO - [2025-11-11T15:38:06.674-0500] {dag.py:3089} INFO - Sync 1 DAGs
[2025-11-11T15:38:06.697-0500] {logging_mixin.py:188} INFO - [2025-11-11T15:38:06.696-0500] {dag.py:3947} INFO - Setting next_dagrun for ocr_pipeline_dag to None, run_after=None
[2025-11-11T15:38:06.826-0500] {processor.py:183} INFO - Processing /opt/airflow/dags/ocr_pipeline_dag.py took 1.750 seconds
[2025-11-11T15:38:37.297-0500] {processor.py:161} INFO - Started process (PID=7118) to work on /opt/airflow/dags/ocr_pipeline_dag.py
[2025-11-11T15:38:37.298-0500] {processor.py:830} INFO - Processing file /opt/airflow/dags/ocr_pipeline_dag.py for tasks to queue
[2025-11-11T15:38:37.300-0500] {logging_mixin.py:188} INFO - [2025-11-11T15:38:37.300-0500] {dagbag.py:545} INFO - Filling up the DagBag from /opt/airflow/dags/ocr_pipeline_dag.py
[2025-11-11T15:38:37.323-0500] {logging_mixin.py:188} INFO - 📂 Using project root: /opt/project
[2025-11-11T15:38:37.637-0500] {logging_mixin.py:188} INFO - [2025-11-11T15:38:37.637-0500] {credentials.py:1278} INFO - Found credentials in shared credentials file: ~/.aws/credentials
[2025-11-11T15:38:38.401-0500] {processor.py:840} INFO - DAG(s) 'ocr_pipeline_dag' retrieved from /opt/airflow/dags/ocr_pipeline_dag.py
[2025-11-11T15:38:38.447-0500] {logging_mixin.py:188} INFO - [2025-11-11T15:38:38.446-0500] {dag.py:3089} INFO - Sync 1 DAGs
[2025-11-11T15:38:38.470-0500] {logging_mixin.py:188} INFO - [2025-11-11T15:38:38.470-0500] {dag.py:3947} INFO - Setting next_dagrun for ocr_pipeline_dag to None, run_after=None
[2025-11-11T15:38:38.501-0500] {processor.py:183} INFO - Processing /opt/airflow/dags/ocr_pipeline_dag.py took 1.215 seconds
[2025-11-11T15:39:08.818-0500] {processor.py:161} INFO - Started process (PID=7124) to work on /opt/airflow/dags/ocr_pipeline_dag.py
[2025-11-11T15:39:08.820-0500] {processor.py:830} INFO - Processing file /opt/airflow/dags/ocr_pipeline_dag.py for tasks to queue
[2025-11-11T15:39:08.822-0500] {logging_mixin.py:188} INFO - [2025-11-11T15:39:08.822-0500] {dagbag.py:545} INFO - Filling up the DagBag from /opt/airflow/dags/ocr_pipeline_dag.py
[2025-11-11T15:39:08.848-0500] {logging_mixin.py:188} INFO - 📂 Using project root: /opt/project
[2025-11-11T15:39:09.093-0500] {logging_mixin.py:188} INFO - [2025-11-11T15:39:09.093-0500] {credentials.py:1278} INFO - Found credentials in shared credentials file: ~/.aws/credentials
[2025-11-11T15:39:09.835-0500] {processor.py:840} INFO - DAG(s) 'ocr_pipeline_dag' retrieved from /opt/airflow/dags/ocr_pipeline_dag.py
[2025-11-11T15:39:09.888-0500] {logging_mixin.py:188} INFO - [2025-11-11T15:39:09.888-0500] {dag.py:3089} INFO - Sync 1 DAGs
[2025-11-11T15:39:09.913-0500] {logging_mixin.py:188} INFO - [2025-11-11T15:39:09.912-0500] {dag.py:3947} INFO - Setting next_dagrun for ocr_pipeline_dag to None, run_after=None
[2025-11-11T15:39:09.947-0500] {processor.py:183} INFO - Processing /opt/airflow/dags/ocr_pipeline_dag.py took 1.139 seconds
[2025-11-11T15:39:40.055-0500] {processor.py:161} INFO - Started process (PID=7130) to work on /opt/airflow/dags/ocr_pipeline_dag.py
[2025-11-11T15:39:40.057-0500] {processor.py:830} INFO - Processing file /opt/airflow/dags/ocr_pipeline_dag.py for tasks to queue
[2025-11-11T15:39:40.058-0500] {logging_mixin.py:188} INFO - [2025-11-11T15:39:40.058-0500] {dagbag.py:545} INFO - Filling up the DagBag from /opt/airflow/dags/ocr_pipeline_dag.py
[2025-11-11T15:39:40.078-0500] {logging_mixin.py:188} INFO - 📂 Using project root: /opt/project
[2025-11-11T15:39:40.271-0500] {logging_mixin.py:188} INFO - [2025-11-11T15:39:40.271-0500] {credentials.py:1278} INFO - Found credentials in shared credentials file: ~/.aws/credentials
[2025-11-11T15:39:40.853-0500] {processor.py:840} INFO - DAG(s) 'ocr_pipeline_dag' retrieved from /opt/airflow/dags/ocr_pipeline_dag.py
[2025-11-11T15:39:40.891-0500] {logging_mixin.py:188} INFO - [2025-11-11T15:39:40.891-0500] {dag.py:3089} INFO - Sync 1 DAGs
[2025-11-11T15:39:40.910-0500] {logging_mixin.py:188} INFO - [2025-11-11T15:39:40.909-0500] {dag.py:3947} INFO - Setting next_dagrun for ocr_pipeline_dag to None, run_after=None
[2025-11-11T15:39:40.936-0500] {processor.py:183} INFO - Processing /opt/airflow/dags/ocr_pipeline_dag.py took 0.889 seconds
[2025-11-11T15:40:11.279-0500] {processor.py:161} INFO - Started process (PID=7136) to work on /opt/airflow/dags/ocr_pipeline_dag.py
[2025-11-11T15:40:11.281-0500] {processor.py:830} INFO - Processing file /opt/airflow/dags/ocr_pipeline_dag.py for tasks to queue
[2025-11-11T15:40:11.283-0500] {logging_mixin.py:188} INFO - [2025-11-11T15:40:11.282-0500] {dagbag.py:545} INFO - Filling up the DagBag from /opt/airflow/dags/ocr_pipeline_dag.py
[2025-11-11T15:40:11.309-0500] {logging_mixin.py:188} INFO - 📂 Using project root: /opt/project
[2025-11-11T15:40:11.547-0500] {logging_mixin.py:188} INFO - [2025-11-11T15:40:11.547-0500] {credentials.py:1278} INFO - Found credentials in shared credentials file: ~/.aws/credentials
[2025-11-11T15:40:12.220-0500] {processor.py:840} INFO - DAG(s) 'ocr_pipeline_dag' retrieved from /opt/airflow/dags/ocr_pipeline_dag.py
[2025-11-11T15:40:12.267-0500] {logging_mixin.py:188} INFO - [2025-11-11T15:40:12.266-0500] {dag.py:3089} INFO - Sync 1 DAGs
[2025-11-11T15:40:12.293-0500] {logging_mixin.py:188} INFO - [2025-11-11T15:40:12.292-0500] {dag.py:3947} INFO - Setting next_dagrun for ocr_pipeline_dag to None, run_after=None
[2025-11-11T15:40:13.099-0500] {processor.py:183} INFO - Processing /opt/airflow/dags/ocr_pipeline_dag.py took 1.829 seconds
[2025-11-11T15:40:43.471-0500] {processor.py:161} INFO - Started process (PID=7142) to work on /opt/airflow/dags/ocr_pipeline_dag.py
[2025-11-11T15:40:43.473-0500] {processor.py:830} INFO - Processing file /opt/airflow/dags/ocr_pipeline_dag.py for tasks to queue
[2025-11-11T15:40:43.475-0500] {logging_mixin.py:188} INFO - [2025-11-11T15:40:43.474-0500] {dagbag.py:545} INFO - Filling up the DagBag from /opt/airflow/dags/ocr_pipeline_dag.py
[2025-11-11T15:40:43.499-0500] {logging_mixin.py:188} INFO - 📂 Using project root: /opt/project
[2025-11-11T15:40:43.704-0500] {logging_mixin.py:188} INFO - [2025-11-11T15:40:43.703-0500] {credentials.py:1278} INFO - Found credentials in shared credentials file: ~/.aws/credentials
[2025-11-11T15:40:44.269-0500] {processor.py:840} INFO - DAG(s) 'ocr_pipeline_dag' retrieved from /opt/airflow/dags/ocr_pipeline_dag.py
[2025-11-11T15:40:44.313-0500] {logging_mixin.py:188} INFO - [2025-11-11T15:40:44.313-0500] {dag.py:3089} INFO - Sync 1 DAGs
[2025-11-11T15:40:44.609-0500] {logging_mixin.py:188} INFO - [2025-11-11T15:40:44.609-0500] {dag.py:3947} INFO - Setting next_dagrun for ocr_pipeline_dag to None, run_after=None
[2025-11-11T15:40:44.644-0500] {processor.py:183} INFO - Processing /opt/airflow/dags/ocr_pipeline_dag.py took 1.181 seconds
[2025-11-11T15:41:15.005-0500] {processor.py:161} INFO - Started process (PID=7148) to work on /opt/airflow/dags/ocr_pipeline_dag.py
[2025-11-11T15:41:15.007-0500] {processor.py:830} INFO - Processing file /opt/airflow/dags/ocr_pipeline_dag.py for tasks to queue
[2025-11-11T15:41:15.009-0500] {logging_mixin.py:188} INFO - [2025-11-11T15:41:15.009-0500] {dagbag.py:545} INFO - Filling up the DagBag from /opt/airflow/dags/ocr_pipeline_dag.py
[2025-11-11T15:41:15.035-0500] {logging_mixin.py:188} INFO - 📂 Using project root: /opt/project
[2025-11-11T15:41:15.264-0500] {logging_mixin.py:188} INFO - [2025-11-11T15:41:15.263-0500] {credentials.py:1278} INFO - Found credentials in shared credentials file: ~/.aws/credentials
[2025-11-11T15:41:15.992-0500] {processor.py:840} INFO - DAG(s) 'ocr_pipeline_dag' retrieved from /opt/airflow/dags/ocr_pipeline_dag.py
[2025-11-11T15:41:16.289-0500] {logging_mixin.py:188} INFO - [2025-11-11T15:41:16.289-0500] {dag.py:3089} INFO - Sync 1 DAGs
[2025-11-11T15:41:16.307-0500] {logging_mixin.py:188} INFO - [2025-11-11T15:41:16.307-0500] {dag.py:3947} INFO - Setting next_dagrun for ocr_pipeline_dag to None, run_after=None
[2025-11-11T15:41:16.339-0500] {processor.py:183} INFO - Processing /opt/airflow/dags/ocr_pipeline_dag.py took 1.347 seconds
[2025-11-11T15:41:46.655-0500] {processor.py:161} INFO - Started process (PID=7154) to work on /opt/airflow/dags/ocr_pipeline_dag.py
[2025-11-11T15:41:46.656-0500] {processor.py:830} INFO - Processing file /opt/airflow/dags/ocr_pipeline_dag.py for tasks to queue
[2025-11-11T15:41:46.658-0500] {logging_mixin.py:188} INFO - [2025-11-11T15:41:46.657-0500] {dagbag.py:545} INFO - Filling up the DagBag from /opt/airflow/dags/ocr_pipeline_dag.py
[2025-11-11T15:41:46.680-0500] {logging_mixin.py:188} INFO - 📂 Using project root: /opt/project
[2025-11-11T15:41:46.854-0500] {logging_mixin.py:188} INFO - [2025-11-11T15:41:46.854-0500] {credentials.py:1278} INFO - Found credentials in shared credentials file: ~/.aws/credentials
[2025-11-11T15:41:47.329-0500] {processor.py:840} INFO - DAG(s) 'ocr_pipeline_dag' retrieved from /opt/airflow/dags/ocr_pipeline_dag.py
[2025-11-11T15:41:47.537-0500] {logging_mixin.py:188} INFO - [2025-11-11T15:41:47.536-0500] {dag.py:3089} INFO - Sync 1 DAGs
[2025-11-11T15:41:47.556-0500] {logging_mixin.py:188} INFO - [2025-11-11T15:41:47.555-0500] {dag.py:3947} INFO - Setting next_dagrun for ocr_pipeline_dag to None, run_after=None
[2025-11-11T15:41:47.591-0500] {processor.py:183} INFO - Processing /opt/airflow/dags/ocr_pipeline_dag.py took 0.946 seconds
[2025-11-11T15:42:18.080-0500] {processor.py:161} INFO - Started process (PID=7160) to work on /opt/airflow/dags/ocr_pipeline_dag.py
[2025-11-11T15:42:18.081-0500] {processor.py:830} INFO - Processing file /opt/airflow/dags/ocr_pipeline_dag.py for tasks to queue
[2025-11-11T15:42:18.083-0500] {logging_mixin.py:188} INFO - [2025-11-11T15:42:18.082-0500] {dagbag.py:545} INFO - Filling up the DagBag from /opt/airflow/dags/ocr_pipeline_dag.py
[2025-11-11T15:42:18.108-0500] {logging_mixin.py:188} INFO - 📂 Using project root: /opt/project
[2025-11-11T15:42:18.348-0500] {logging_mixin.py:188} INFO - [2025-11-11T15:42:18.347-0500] {credentials.py:1278} INFO - Found credentials in shared credentials file: ~/.aws/credentials
[2025-11-11T15:42:19.459-0500] {processor.py:840} INFO - DAG(s) 'ocr_pipeline_dag' retrieved from /opt/airflow/dags/ocr_pipeline_dag.py
[2025-11-11T15:42:19.507-0500] {logging_mixin.py:188} INFO - [2025-11-11T15:42:19.506-0500] {dag.py:3089} INFO - Sync 1 DAGs
[2025-11-11T15:42:19.532-0500] {logging_mixin.py:188} INFO - [2025-11-11T15:42:19.532-0500] {dag.py:3947} INFO - Setting next_dagrun for ocr_pipeline_dag to None, run_after=None
[2025-11-11T15:42:19.573-0500] {processor.py:183} INFO - Processing /opt/airflow/dags/ocr_pipeline_dag.py took 1.504 seconds
[2025-11-11T15:42:50.106-0500] {processor.py:161} INFO - Started process (PID=7166) to work on /opt/airflow/dags/ocr_pipeline_dag.py
[2025-11-11T15:42:50.108-0500] {processor.py:830} INFO - Processing file /opt/airflow/dags/ocr_pipeline_dag.py for tasks to queue
[2025-11-11T15:42:50.110-0500] {logging_mixin.py:188} INFO - [2025-11-11T15:42:50.109-0500] {dagbag.py:545} INFO - Filling up the DagBag from /opt/airflow/dags/ocr_pipeline_dag.py
[2025-11-11T15:42:50.133-0500] {logging_mixin.py:188} INFO - 📂 Using project root: /opt/project
[2025-11-11T15:42:50.356-0500] {logging_mixin.py:188} INFO - [2025-11-11T15:42:50.355-0500] {credentials.py:1278} INFO - Found credentials in shared credentials file: ~/.aws/credentials
[2025-11-11T15:42:51.212-0500] {processor.py:840} INFO - DAG(s) 'ocr_pipeline_dag' retrieved from /opt/airflow/dags/ocr_pipeline_dag.py
[2025-11-11T15:42:51.249-0500] {logging_mixin.py:188} INFO - [2025-11-11T15:42:51.248-0500] {dag.py:3089} INFO - Sync 1 DAGs
[2025-11-11T15:42:51.261-0500] {logging_mixin.py:188} INFO - [2025-11-11T15:42:51.261-0500] {dag.py:3947} INFO - Setting next_dagrun for ocr_pipeline_dag to None, run_after=None
[2025-11-11T15:42:51.286-0500] {processor.py:183} INFO - Processing /opt/airflow/dags/ocr_pipeline_dag.py took 1.189 seconds
[2025-11-11T15:43:21.538-0500] {processor.py:161} INFO - Started process (PID=7172) to work on /opt/airflow/dags/ocr_pipeline_dag.py
[2025-11-11T15:43:21.539-0500] {processor.py:830} INFO - Processing file /opt/airflow/dags/ocr_pipeline_dag.py for tasks to queue
[2025-11-11T15:43:21.541-0500] {logging_mixin.py:188} INFO - [2025-11-11T15:43:21.541-0500] {dagbag.py:545} INFO - Filling up the DagBag from /opt/airflow/dags/ocr_pipeline_dag.py
[2025-11-11T15:43:21.566-0500] {logging_mixin.py:188} INFO - 📂 Using project root: /opt/project
[2025-11-11T15:43:21.785-0500] {logging_mixin.py:188} INFO - [2025-11-11T15:43:21.785-0500] {credentials.py:1278} INFO - Found credentials in shared credentials file: ~/.aws/credentials
[2025-11-11T15:43:22.596-0500] {processor.py:840} INFO - DAG(s) 'ocr_pipeline_dag' retrieved from /opt/airflow/dags/ocr_pipeline_dag.py
[2025-11-11T15:43:22.625-0500] {logging_mixin.py:188} INFO - [2025-11-11T15:43:22.625-0500] {dag.py:3089} INFO - Sync 1 DAGs
[2025-11-11T15:43:22.637-0500] {logging_mixin.py:188} INFO - [2025-11-11T15:43:22.637-0500] {dag.py:3947} INFO - Setting next_dagrun for ocr_pipeline_dag to None, run_after=None
[2025-11-11T15:43:22.659-0500] {processor.py:183} INFO - Processing /opt/airflow/dags/ocr_pipeline_dag.py took 1.130 seconds
[2025-11-11T15:43:52.989-0500] {processor.py:161} INFO - Started process (PID=7178) to work on /opt/airflow/dags/ocr_pipeline_dag.py
[2025-11-11T15:43:52.991-0500] {processor.py:830} INFO - Processing file /opt/airflow/dags/ocr_pipeline_dag.py for tasks to queue
[2025-11-11T15:43:52.992-0500] {logging_mixin.py:188} INFO - [2025-11-11T15:43:52.991-0500] {dagbag.py:545} INFO - Filling up the DagBag from /opt/airflow/dags/ocr_pipeline_dag.py
[2025-11-11T15:43:53.013-0500] {logging_mixin.py:188} INFO - 📂 Using project root: /opt/project
[2025-11-11T15:43:53.194-0500] {logging_mixin.py:188} INFO - [2025-11-11T15:43:53.194-0500] {credentials.py:1278} INFO - Found credentials in shared credentials file: ~/.aws/credentials
[2025-11-11T15:43:53.869-0500] {processor.py:840} INFO - DAG(s) 'ocr_pipeline_dag' retrieved from /opt/airflow/dags/ocr_pipeline_dag.py
[2025-11-11T15:43:53.904-0500] {logging_mixin.py:188} INFO - [2025-11-11T15:43:53.904-0500] {dag.py:3089} INFO - Sync 1 DAGs
[2025-11-11T15:43:53.923-0500] {logging_mixin.py:188} INFO - [2025-11-11T15:43:53.923-0500] {dag.py:3947} INFO - Setting next_dagrun for ocr_pipeline_dag to None, run_after=None
[2025-11-11T15:43:53.946-0500] {processor.py:183} INFO - Processing /opt/airflow/dags/ocr_pipeline_dag.py took 0.964 seconds
[2025-11-11T15:44:24.499-0500] {processor.py:161} INFO - Started process (PID=7184) to work on /opt/airflow/dags/ocr_pipeline_dag.py
[2025-11-11T15:44:24.502-0500] {processor.py:830} INFO - Processing file /opt/airflow/dags/ocr_pipeline_dag.py for tasks to queue
[2025-11-11T15:44:24.506-0500] {logging_mixin.py:188} INFO - [2025-11-11T15:44:24.505-0500] {dagbag.py:545} INFO - Filling up the DagBag from /opt/airflow/dags/ocr_pipeline_dag.py
[2025-11-11T15:44:24.535-0500] {logging_mixin.py:188} INFO - 📂 Using project root: /opt/project
[2025-11-11T15:44:24.777-0500] {logging_mixin.py:188} INFO - [2025-11-11T15:44:24.777-0500] {credentials.py:1278} INFO - Found credentials in shared credentials file: ~/.aws/credentials
[2025-11-11T15:44:25.717-0500] {processor.py:840} INFO - DAG(s) 'ocr_pipeline_dag' retrieved from /opt/airflow/dags/ocr_pipeline_dag.py
[2025-11-11T15:44:25.744-0500] {logging_mixin.py:188} INFO - [2025-11-11T15:44:25.743-0500] {dag.py:3089} INFO - Sync 1 DAGs
[2025-11-11T15:44:25.776-0500] {logging_mixin.py:188} INFO - [2025-11-11T15:44:25.775-0500] {dag.py:3947} INFO - Setting next_dagrun for ocr_pipeline_dag to None, run_after=None
[2025-11-11T15:44:25.818-0500] {processor.py:183} INFO - Processing /opt/airflow/dags/ocr_pipeline_dag.py took 1.353 seconds
[2025-11-11T15:44:55.937-0500] {processor.py:161} INFO - Started process (PID=7190) to work on /opt/airflow/dags/ocr_pipeline_dag.py
[2025-11-11T15:44:55.939-0500] {processor.py:830} INFO - Processing file /opt/airflow/dags/ocr_pipeline_dag.py for tasks to queue
[2025-11-11T15:44:55.940-0500] {logging_mixin.py:188} INFO - [2025-11-11T15:44:55.940-0500] {dagbag.py:545} INFO - Filling up the DagBag from /opt/airflow/dags/ocr_pipeline_dag.py
[2025-11-11T15:44:55.967-0500] {logging_mixin.py:188} INFO - 📂 Using project root: /opt/project
[2025-11-11T15:44:56.227-0500] {logging_mixin.py:188} INFO - [2025-11-11T15:44:56.227-0500] {credentials.py:1278} INFO - Found credentials in shared credentials file: ~/.aws/credentials
[2025-11-11T15:44:57.041-0500] {processor.py:840} INFO - DAG(s) 'ocr_pipeline_dag' retrieved from /opt/airflow/dags/ocr_pipeline_dag.py
[2025-11-11T15:44:57.073-0500] {logging_mixin.py:188} INFO - [2025-11-11T15:44:57.072-0500] {dag.py:3089} INFO - Sync 1 DAGs
[2025-11-11T15:44:57.101-0500] {logging_mixin.py:188} INFO - [2025-11-11T15:44:57.101-0500] {dag.py:3947} INFO - Setting next_dagrun for ocr_pipeline_dag to None, run_after=None
[2025-11-11T15:44:57.386-0500] {processor.py:183} INFO - Processing /opt/airflow/dags/ocr_pipeline_dag.py took 1.458 seconds
[2025-11-11T15:45:27.698-0500] {processor.py:161} INFO - Started process (PID=7196) to work on /opt/airflow/dags/ocr_pipeline_dag.py
[2025-11-11T15:45:27.700-0500] {processor.py:830} INFO - Processing file /opt/airflow/dags/ocr_pipeline_dag.py for tasks to queue
[2025-11-11T15:45:27.701-0500] {logging_mixin.py:188} INFO - [2025-11-11T15:45:27.701-0500] {dagbag.py:545} INFO - Filling up the DagBag from /opt/airflow/dags/ocr_pipeline_dag.py
[2025-11-11T15:45:27.724-0500] {logging_mixin.py:188} INFO - 📂 Using project root: /opt/project
[2025-11-11T15:45:27.951-0500] {logging_mixin.py:188} INFO - [2025-11-11T15:45:27.951-0500] {credentials.py:1278} INFO - Found credentials in shared credentials file: ~/.aws/credentials
[2025-11-11T15:45:28.880-0500] {processor.py:840} INFO - DAG(s) 'ocr_pipeline_dag' retrieved from /opt/airflow/dags/ocr_pipeline_dag.py
[2025-11-11T15:45:28.913-0500] {logging_mixin.py:188} INFO - [2025-11-11T15:45:28.913-0500] {dag.py:3089} INFO - Sync 1 DAGs
[2025-11-11T15:45:28.930-0500] {logging_mixin.py:188} INFO - [2025-11-11T15:45:28.930-0500] {dag.py:3947} INFO - Setting next_dagrun for ocr_pipeline_dag to None, run_after=None
[2025-11-11T15:45:28.964-0500] {processor.py:183} INFO - Processing /opt/airflow/dags/ocr_pipeline_dag.py took 1.274 seconds
[2025-11-11T15:45:59.167-0500] {processor.py:161} INFO - Started process (PID=7202) to work on /opt/airflow/dags/ocr_pipeline_dag.py
[2025-11-11T15:45:59.169-0500] {processor.py:830} INFO - Processing file /opt/airflow/dags/ocr_pipeline_dag.py for tasks to queue
[2025-11-11T15:45:59.170-0500] {logging_mixin.py:188} INFO - [2025-11-11T15:45:59.170-0500] {dagbag.py:545} INFO - Filling up the DagBag from /opt/airflow/dags/ocr_pipeline_dag.py
[2025-11-11T15:45:59.188-0500] {logging_mixin.py:188} INFO - 📂 Using project root: /opt/project
[2025-11-11T15:45:59.407-0500] {logging_mixin.py:188} INFO - [2025-11-11T15:45:59.407-0500] {credentials.py:1278} INFO - Found credentials in shared credentials file: ~/.aws/credentials
[2025-11-11T15:46:00.400-0500] {processor.py:840} INFO - DAG(s) 'ocr_pipeline_dag' retrieved from /opt/airflow/dags/ocr_pipeline_dag.py
[2025-11-11T15:46:00.430-0500] {logging_mixin.py:188} INFO - [2025-11-11T15:46:00.429-0500] {dag.py:3089} INFO - Sync 1 DAGs
[2025-11-11T15:46:00.445-0500] {logging_mixin.py:188} INFO - [2025-11-11T15:46:00.444-0500] {dag.py:3947} INFO - Setting next_dagrun for ocr_pipeline_dag to None, run_after=None
[2025-11-11T15:46:00.471-0500] {processor.py:183} INFO - Processing /opt/airflow/dags/ocr_pipeline_dag.py took 1.310 seconds
[2025-11-11T15:46:30.687-0500] {processor.py:161} INFO - Started process (PID=7208) to work on /opt/airflow/dags/ocr_pipeline_dag.py
[2025-11-11T15:46:30.689-0500] {processor.py:830} INFO - Processing file /opt/airflow/dags/ocr_pipeline_dag.py for tasks to queue
[2025-11-11T15:46:30.691-0500] {logging_mixin.py:188} INFO - [2025-11-11T15:46:30.690-0500] {dagbag.py:545} INFO - Filling up the DagBag from /opt/airflow/dags/ocr_pipeline_dag.py
[2025-11-11T15:46:30.712-0500] {logging_mixin.py:188} INFO - 📂 Using project root: /opt/project
[2025-11-11T15:46:30.926-0500] {logging_mixin.py:188} INFO - [2025-11-11T15:46:30.925-0500] {credentials.py:1278} INFO - Found credentials in shared credentials file: ~/.aws/credentials
[2025-11-11T15:46:31.748-0500] {processor.py:840} INFO - DAG(s) 'ocr_pipeline_dag' retrieved from /opt/airflow/dags/ocr_pipeline_dag.py
[2025-11-11T15:46:31.791-0500] {logging_mixin.py:188} INFO - [2025-11-11T15:46:31.790-0500] {dag.py:3089} INFO - Sync 1 DAGs
[2025-11-11T15:46:31.807-0500] {logging_mixin.py:188} INFO - [2025-11-11T15:46:31.807-0500] {dag.py:3947} INFO - Setting next_dagrun for ocr_pipeline_dag to None, run_after=None
[2025-11-11T15:46:31.832-0500] {processor.py:183} INFO - Processing /opt/airflow/dags/ocr_pipeline_dag.py took 1.153 seconds
[2025-11-11T15:47:02.277-0500] {processor.py:161} INFO - Started process (PID=7214) to work on /opt/airflow/dags/ocr_pipeline_dag.py
[2025-11-11T15:47:02.278-0500] {processor.py:830} INFO - Processing file /opt/airflow/dags/ocr_pipeline_dag.py for tasks to queue
[2025-11-11T15:47:02.280-0500] {logging_mixin.py:188} INFO - [2025-11-11T15:47:02.279-0500] {dagbag.py:545} INFO - Filling up the DagBag from /opt/airflow/dags/ocr_pipeline_dag.py
[2025-11-11T15:47:02.304-0500] {logging_mixin.py:188} INFO - 📂 Using project root: /opt/project
[2025-11-11T15:47:02.491-0500] {logging_mixin.py:188} INFO - [2025-11-11T15:47:02.490-0500] {credentials.py:1278} INFO - Found credentials in shared credentials file: ~/.aws/credentials
[2025-11-11T15:47:03.335-0500] {processor.py:840} INFO - DAG(s) 'ocr_pipeline_dag' retrieved from /opt/airflow/dags/ocr_pipeline_dag.py
[2025-11-11T15:47:03.372-0500] {logging_mixin.py:188} INFO - [2025-11-11T15:47:03.371-0500] {dag.py:3089} INFO - Sync 1 DAGs
[2025-11-11T15:47:03.383-0500] {logging_mixin.py:188} INFO - [2025-11-11T15:47:03.383-0500] {dag.py:3947} INFO - Setting next_dagrun for ocr_pipeline_dag to None, run_after=None
[2025-11-11T15:47:03.402-0500] {processor.py:183} INFO - Processing /opt/airflow/dags/ocr_pipeline_dag.py took 1.133 seconds
[2025-11-11T15:47:33.769-0500] {processor.py:161} INFO - Started process (PID=7220) to work on /opt/airflow/dags/ocr_pipeline_dag.py
[2025-11-11T15:47:33.771-0500] {processor.py:830} INFO - Processing file /opt/airflow/dags/ocr_pipeline_dag.py for tasks to queue
[2025-11-11T15:47:33.773-0500] {logging_mixin.py:188} INFO - [2025-11-11T15:47:33.772-0500] {dagbag.py:545} INFO - Filling up the DagBag from /opt/airflow/dags/ocr_pipeline_dag.py
[2025-11-11T15:47:33.795-0500] {logging_mixin.py:188} INFO - 📂 Using project root: /opt/project
[2025-11-11T15:47:34.021-0500] {logging_mixin.py:188} INFO - [2025-11-11T15:47:34.021-0500] {credentials.py:1278} INFO - Found credentials in shared credentials file: ~/.aws/credentials
[2025-11-11T15:47:34.821-0500] {processor.py:840} INFO - DAG(s) 'ocr_pipeline_dag' retrieved from /opt/airflow/dags/ocr_pipeline_dag.py
[2025-11-11T15:47:34.860-0500] {logging_mixin.py:188} INFO - [2025-11-11T15:47:34.860-0500] {dag.py:3089} INFO - Sync 1 DAGs
[2025-11-11T15:47:34.872-0500] {logging_mixin.py:188} INFO - [2025-11-11T15:47:34.872-0500] {dag.py:3947} INFO - Setting next_dagrun for ocr_pipeline_dag to None, run_after=None
[2025-11-11T15:47:34.896-0500] {processor.py:183} INFO - Processing /opt/airflow/dags/ocr_pipeline_dag.py took 1.135 seconds
[2025-11-11T15:48:05.340-0500] {processor.py:161} INFO - Started process (PID=7226) to work on /opt/airflow/dags/ocr_pipeline_dag.py
[2025-11-11T15:48:05.343-0500] {processor.py:830} INFO - Processing file /opt/airflow/dags/ocr_pipeline_dag.py for tasks to queue
[2025-11-11T15:48:05.344-0500] {logging_mixin.py:188} INFO - [2025-11-11T15:48:05.344-0500] {dagbag.py:545} INFO - Filling up the DagBag from /opt/airflow/dags/ocr_pipeline_dag.py
[2025-11-11T15:48:05.371-0500] {logging_mixin.py:188} INFO - 📂 Using project root: /opt/project
[2025-11-11T15:48:05.622-0500] {logging_mixin.py:188} INFO - [2025-11-11T15:48:05.621-0500] {credentials.py:1278} INFO - Found credentials in shared credentials file: ~/.aws/credentials
[2025-11-11T15:48:06.733-0500] {processor.py:840} INFO - DAG(s) 'ocr_pipeline_dag' retrieved from /opt/airflow/dags/ocr_pipeline_dag.py
[2025-11-11T15:48:06.795-0500] {logging_mixin.py:188} INFO - [2025-11-11T15:48:06.794-0500] {dag.py:3089} INFO - Sync 1 DAGs
[2025-11-11T15:48:06.822-0500] {logging_mixin.py:188} INFO - [2025-11-11T15:48:06.822-0500] {dag.py:3947} INFO - Setting next_dagrun for ocr_pipeline_dag to None, run_after=None
[2025-11-11T15:48:06.866-0500] {processor.py:183} INFO - Processing /opt/airflow/dags/ocr_pipeline_dag.py took 1.515 seconds
[2025-11-11T15:48:37.296-0500] {processor.py:161} INFO - Started process (PID=7232) to work on /opt/airflow/dags/ocr_pipeline_dag.py
[2025-11-11T15:48:37.298-0500] {processor.py:830} INFO - Processing file /opt/airflow/dags/ocr_pipeline_dag.py for tasks to queue
[2025-11-11T15:48:37.300-0500] {logging_mixin.py:188} INFO - [2025-11-11T15:48:37.299-0500] {dagbag.py:545} INFO - Filling up the DagBag from /opt/airflow/dags/ocr_pipeline_dag.py
[2025-11-11T15:48:37.326-0500] {logging_mixin.py:188} INFO - 📂 Using project root: /opt/project
[2025-11-11T15:48:37.569-0500] {logging_mixin.py:188} INFO - [2025-11-11T15:48:37.569-0500] {credentials.py:1278} INFO - Found credentials in shared credentials file: ~/.aws/credentials
[2025-11-11T15:48:38.309-0500] {processor.py:840} INFO - DAG(s) 'ocr_pipeline_dag' retrieved from /opt/airflow/dags/ocr_pipeline_dag.py
[2025-11-11T15:48:38.333-0500] {logging_mixin.py:188} INFO - [2025-11-11T15:48:38.333-0500] {dag.py:3089} INFO - Sync 1 DAGs
[2025-11-11T15:48:38.345-0500] {logging_mixin.py:188} INFO - [2025-11-11T15:48:38.344-0500] {dag.py:3947} INFO - Setting next_dagrun for ocr_pipeline_dag to None, run_after=None
[2025-11-11T15:48:38.369-0500] {processor.py:183} INFO - Processing /opt/airflow/dags/ocr_pipeline_dag.py took 1.082 seconds
[2025-11-11T15:49:08.704-0500] {processor.py:161} INFO - Started process (PID=7238) to work on /opt/airflow/dags/ocr_pipeline_dag.py
[2025-11-11T15:49:08.706-0500] {processor.py:830} INFO - Processing file /opt/airflow/dags/ocr_pipeline_dag.py for tasks to queue
[2025-11-11T15:49:08.708-0500] {logging_mixin.py:188} INFO - [2025-11-11T15:49:08.707-0500] {dagbag.py:545} INFO - Filling up the DagBag from /opt/airflow/dags/ocr_pipeline_dag.py
[2025-11-11T15:49:08.728-0500] {logging_mixin.py:188} INFO - 📂 Using project root: /opt/project
[2025-11-11T15:49:08.912-0500] {logging_mixin.py:188} INFO - [2025-11-11T15:49:08.911-0500] {credentials.py:1278} INFO - Found credentials in shared credentials file: ~/.aws/credentials
[2025-11-11T15:49:09.610-0500] {processor.py:840} INFO - DAG(s) 'ocr_pipeline_dag' retrieved from /opt/airflow/dags/ocr_pipeline_dag.py
[2025-11-11T15:49:09.643-0500] {logging_mixin.py:188} INFO - [2025-11-11T15:49:09.642-0500] {dag.py:3089} INFO - Sync 1 DAGs
[2025-11-11T15:49:09.656-0500] {logging_mixin.py:188} INFO - [2025-11-11T15:49:09.656-0500] {dag.py:3947} INFO - Setting next_dagrun for ocr_pipeline_dag to None, run_after=None
[2025-11-11T15:49:09.684-0500] {processor.py:183} INFO - Processing /opt/airflow/dags/ocr_pipeline_dag.py took 0.991 seconds
[2025-11-11T15:49:40.076-0500] {processor.py:161} INFO - Started process (PID=7244) to work on /opt/airflow/dags/ocr_pipeline_dag.py
[2025-11-11T15:49:40.078-0500] {processor.py:830} INFO - Processing file /opt/airflow/dags/ocr_pipeline_dag.py for tasks to queue
[2025-11-11T15:49:40.079-0500] {logging_mixin.py:188} INFO - [2025-11-11T15:49:40.079-0500] {dagbag.py:545} INFO - Filling up the DagBag from /opt/airflow/dags/ocr_pipeline_dag.py
[2025-11-11T15:49:40.106-0500] {logging_mixin.py:188} INFO - 📂 Using project root: /opt/project
[2025-11-11T15:49:40.339-0500] {logging_mixin.py:188} INFO - [2025-11-11T15:49:40.339-0500] {credentials.py:1278} INFO - Found credentials in shared credentials file: ~/.aws/credentials
[2025-11-11T15:49:41.264-0500] {processor.py:840} INFO - DAG(s) 'ocr_pipeline_dag' retrieved from /opt/airflow/dags/ocr_pipeline_dag.py
[2025-11-11T15:49:41.297-0500] {logging_mixin.py:188} INFO - [2025-11-11T15:49:41.296-0500] {dag.py:3089} INFO - Sync 1 DAGs
[2025-11-11T15:49:41.312-0500] {logging_mixin.py:188} INFO - [2025-11-11T15:49:41.312-0500] {dag.py:3947} INFO - Setting next_dagrun for ocr_pipeline_dag to None, run_after=None
[2025-11-11T15:49:41.335-0500] {processor.py:183} INFO - Processing /opt/airflow/dags/ocr_pipeline_dag.py took 1.270 seconds
[2025-11-11T15:50:11.500-0500] {processor.py:161} INFO - Started process (PID=7250) to work on /opt/airflow/dags/ocr_pipeline_dag.py
[2025-11-11T15:50:11.501-0500] {processor.py:830} INFO - Processing file /opt/airflow/dags/ocr_pipeline_dag.py for tasks to queue
[2025-11-11T15:50:11.502-0500] {logging_mixin.py:188} INFO - [2025-11-11T15:50:11.502-0500] {dagbag.py:545} INFO - Filling up the DagBag from /opt/airflow/dags/ocr_pipeline_dag.py
[2025-11-11T15:50:11.519-0500] {logging_mixin.py:188} INFO - 📂 Using project root: /opt/project
[2025-11-11T15:50:11.689-0500] {logging_mixin.py:188} INFO - [2025-11-11T15:50:11.688-0500] {credentials.py:1278} INFO - Found credentials in shared credentials file: ~/.aws/credentials
[2025-11-11T15:50:12.375-0500] {processor.py:840} INFO - DAG(s) 'ocr_pipeline_dag' retrieved from /opt/airflow/dags/ocr_pipeline_dag.py
[2025-11-11T15:50:12.412-0500] {logging_mixin.py:188} INFO - [2025-11-11T15:50:12.412-0500] {dag.py:3089} INFO - Sync 1 DAGs
[2025-11-11T15:50:12.427-0500] {logging_mixin.py:188} INFO - [2025-11-11T15:50:12.427-0500] {dag.py:3947} INFO - Setting next_dagrun for ocr_pipeline_dag to None, run_after=None
[2025-11-11T15:50:12.449-0500] {processor.py:183} INFO - Processing /opt/airflow/dags/ocr_pipeline_dag.py took 0.957 seconds
[2025-11-11T15:50:43.017-0500] {processor.py:161} INFO - Started process (PID=7256) to work on /opt/airflow/dags/ocr_pipeline_dag.py
[2025-11-11T15:50:43.019-0500] {processor.py:830} INFO - Processing file /opt/airflow/dags/ocr_pipeline_dag.py for tasks to queue
[2025-11-11T15:50:43.021-0500] {logging_mixin.py:188} INFO - [2025-11-11T15:50:43.020-0500] {dagbag.py:545} INFO - Filling up the DagBag from /opt/airflow/dags/ocr_pipeline_dag.py
[2025-11-11T15:50:43.046-0500] {logging_mixin.py:188} INFO - 📂 Using project root: /opt/project
[2025-11-11T15:50:43.272-0500] {logging_mixin.py:188} INFO - [2025-11-11T15:50:43.271-0500] {credentials.py:1278} INFO - Found credentials in shared credentials file: ~/.aws/credentials
[2025-11-11T15:50:44.042-0500] {processor.py:840} INFO - DAG(s) 'ocr_pipeline_dag' retrieved from /opt/airflow/dags/ocr_pipeline_dag.py
[2025-11-11T15:50:44.071-0500] {logging_mixin.py:188} INFO - [2025-11-11T15:50:44.070-0500] {dag.py:3089} INFO - Sync 1 DAGs
[2025-11-11T15:50:44.082-0500] {logging_mixin.py:188} INFO - [2025-11-11T15:50:44.082-0500] {dag.py:3947} INFO - Setting next_dagrun for ocr_pipeline_dag to None, run_after=None
[2025-11-11T15:50:44.103-0500] {processor.py:183} INFO - Processing /opt/airflow/dags/ocr_pipeline_dag.py took 1.095 seconds
[2025-11-11T15:51:14.524-0500] {processor.py:161} INFO - Started process (PID=7262) to work on /opt/airflow/dags/ocr_pipeline_dag.py
[2025-11-11T15:51:14.525-0500] {processor.py:830} INFO - Processing file /opt/airflow/dags/ocr_pipeline_dag.py for tasks to queue
[2025-11-11T15:51:14.526-0500] {logging_mixin.py:188} INFO - [2025-11-11T15:51:14.526-0500] {dagbag.py:545} INFO - Filling up the DagBag from /opt/airflow/dags/ocr_pipeline_dag.py
[2025-11-11T15:51:14.557-0500] {logging_mixin.py:188} INFO - 📂 Using project root: /opt/project
[2025-11-11T15:51:14.737-0500] {logging_mixin.py:188} INFO - [2025-11-11T15:51:14.736-0500] {credentials.py:1278} INFO - Found credentials in shared credentials file: ~/.aws/credentials
[2025-11-11T15:51:15.417-0500] {processor.py:840} INFO - DAG(s) 'ocr_pipeline_dag' retrieved from /opt/airflow/dags/ocr_pipeline_dag.py
[2025-11-11T15:51:15.451-0500] {logging_mixin.py:188} INFO - [2025-11-11T15:51:15.451-0500] {dag.py:3089} INFO - Sync 1 DAGs
[2025-11-11T15:51:15.470-0500] {logging_mixin.py:188} INFO - [2025-11-11T15:51:15.469-0500] {dag.py:3947} INFO - Setting next_dagrun for ocr_pipeline_dag to None, run_after=None
[2025-11-11T15:51:15.497-0500] {processor.py:183} INFO - Processing /opt/airflow/dags/ocr_pipeline_dag.py took 0.983 seconds
[2025-11-11T15:51:45.904-0500] {processor.py:161} INFO - Started process (PID=7268) to work on /opt/airflow/dags/ocr_pipeline_dag.py
[2025-11-11T15:51:45.906-0500] {processor.py:830} INFO - Processing file /opt/airflow/dags/ocr_pipeline_dag.py for tasks to queue
[2025-11-11T15:51:45.908-0500] {logging_mixin.py:188} INFO - [2025-11-11T15:51:45.907-0500] {dagbag.py:545} INFO - Filling up the DagBag from /opt/airflow/dags/ocr_pipeline_dag.py
[2025-11-11T15:51:45.937-0500] {logging_mixin.py:188} INFO - 📂 Using project root: /opt/project
[2025-11-11T15:51:46.241-0500] {logging_mixin.py:188} INFO - [2025-11-11T15:51:46.241-0500] {credentials.py:1278} INFO - Found credentials in shared credentials file: ~/.aws/credentials
[2025-11-11T15:51:47.417-0500] {processor.py:840} INFO - DAG(s) 'ocr_pipeline_dag' retrieved from /opt/airflow/dags/ocr_pipeline_dag.py
[2025-11-11T15:51:47.457-0500] {logging_mixin.py:188} INFO - [2025-11-11T15:51:47.457-0500] {dag.py:3089} INFO - Sync 1 DAGs
[2025-11-11T15:51:47.474-0500] {logging_mixin.py:188} INFO - [2025-11-11T15:51:47.474-0500] {dag.py:3947} INFO - Setting next_dagrun for ocr_pipeline_dag to None, run_after=None
[2025-11-11T15:51:47.501-0500] {processor.py:183} INFO - Processing /opt/airflow/dags/ocr_pipeline_dag.py took 1.611 seconds
[2025-11-11T15:52:18.081-0500] {processor.py:161} INFO - Started process (PID=7274) to work on /opt/airflow/dags/ocr_pipeline_dag.py
[2025-11-11T15:52:18.083-0500] {processor.py:830} INFO - Processing file /opt/airflow/dags/ocr_pipeline_dag.py for tasks to queue
[2025-11-11T15:52:18.084-0500] {logging_mixin.py:188} INFO - [2025-11-11T15:52:18.084-0500] {dagbag.py:545} INFO - Filling up the DagBag from /opt/airflow/dags/ocr_pipeline_dag.py
[2025-11-11T15:52:18.106-0500] {logging_mixin.py:188} INFO - 📂 Using project root: /opt/project
[2025-11-11T15:52:18.284-0500] {logging_mixin.py:188} INFO - [2025-11-11T15:52:18.284-0500] {credentials.py:1278} INFO - Found credentials in shared credentials file: ~/.aws/credentials
[2025-11-11T15:52:19.177-0500] {processor.py:840} INFO - DAG(s) 'ocr_pipeline_dag' retrieved from /opt/airflow/dags/ocr_pipeline_dag.py
[2025-11-11T15:52:19.205-0500] {logging_mixin.py:188} INFO - [2025-11-11T15:52:19.204-0500] {dag.py:3089} INFO - Sync 1 DAGs
[2025-11-11T15:52:19.216-0500] {logging_mixin.py:188} INFO - [2025-11-11T15:52:19.216-0500] {dag.py:3947} INFO - Setting next_dagrun for ocr_pipeline_dag to None, run_after=None
[2025-11-11T15:52:19.248-0500] {processor.py:183} INFO - Processing /opt/airflow/dags/ocr_pipeline_dag.py took 1.177 seconds
[2025-11-11T15:52:49.537-0500] {processor.py:161} INFO - Started process (PID=7280) to work on /opt/airflow/dags/ocr_pipeline_dag.py
[2025-11-11T15:52:49.540-0500] {processor.py:830} INFO - Processing file /opt/airflow/dags/ocr_pipeline_dag.py for tasks to queue
[2025-11-11T15:52:49.543-0500] {logging_mixin.py:188} INFO - [2025-11-11T15:52:49.542-0500] {dagbag.py:545} INFO - Filling up the DagBag from /opt/airflow/dags/ocr_pipeline_dag.py
[2025-11-11T15:52:49.578-0500] {logging_mixin.py:188} INFO - 📂 Using project root: /opt/project
[2025-11-11T15:52:49.826-0500] {logging_mixin.py:188} INFO - [2025-11-11T15:52:49.826-0500] {credentials.py:1278} INFO - Found credentials in shared credentials file: ~/.aws/credentials
[2025-11-11T15:52:50.679-0500] {processor.py:840} INFO - DAG(s) 'ocr_pipeline_dag' retrieved from /opt/airflow/dags/ocr_pipeline_dag.py
[2025-11-11T15:52:50.711-0500] {logging_mixin.py:188} INFO - [2025-11-11T15:52:50.710-0500] {dag.py:3089} INFO - Sync 1 DAGs
[2025-11-11T15:52:50.725-0500] {logging_mixin.py:188} INFO - [2025-11-11T15:52:50.725-0500] {dag.py:3947} INFO - Setting next_dagrun for ocr_pipeline_dag to None, run_after=None
[2025-11-11T15:52:50.748-0500] {processor.py:183} INFO - Processing /opt/airflow/dags/ocr_pipeline_dag.py took 1.226 seconds
[2025-11-11T15:53:21.076-0500] {processor.py:161} INFO - Started process (PID=7286) to work on /opt/airflow/dags/ocr_pipeline_dag.py
[2025-11-11T15:53:21.077-0500] {processor.py:830} INFO - Processing file /opt/airflow/dags/ocr_pipeline_dag.py for tasks to queue
[2025-11-11T15:53:21.079-0500] {logging_mixin.py:188} INFO - [2025-11-11T15:53:21.078-0500] {dagbag.py:545} INFO - Filling up the DagBag from /opt/airflow/dags/ocr_pipeline_dag.py
[2025-11-11T15:53:21.102-0500] {logging_mixin.py:188} INFO - 📂 Using project root: /opt/project
[2025-11-11T15:53:21.272-0500] {logging_mixin.py:188} INFO - [2025-11-11T15:53:21.272-0500] {credentials.py:1278} INFO - Found credentials in shared credentials file: ~/.aws/credentials
[2025-11-11T15:53:21.980-0500] {processor.py:840} INFO - DAG(s) 'ocr_pipeline_dag' retrieved from /opt/airflow/dags/ocr_pipeline_dag.py
[2025-11-11T15:53:22.008-0500] {logging_mixin.py:188} INFO - [2025-11-11T15:53:22.008-0500] {dag.py:3089} INFO - Sync 1 DAGs
[2025-11-11T15:53:22.022-0500] {logging_mixin.py:188} INFO - [2025-11-11T15:53:22.022-0500] {dag.py:3947} INFO - Setting next_dagrun for ocr_pipeline_dag to None, run_after=None
[2025-11-11T15:53:22.044-0500] {processor.py:183} INFO - Processing /opt/airflow/dags/ocr_pipeline_dag.py took 0.975 seconds
[2025-11-11T15:53:52.453-0500] {processor.py:161} INFO - Started process (PID=7292) to work on /opt/airflow/dags/ocr_pipeline_dag.py
[2025-11-11T15:53:52.455-0500] {processor.py:830} INFO - Processing file /opt/airflow/dags/ocr_pipeline_dag.py for tasks to queue
[2025-11-11T15:53:52.458-0500] {logging_mixin.py:188} INFO - [2025-11-11T15:53:52.457-0500] {dagbag.py:545} INFO - Filling up the DagBag from /opt/airflow/dags/ocr_pipeline_dag.py
[2025-11-11T15:53:52.490-0500] {logging_mixin.py:188} INFO - 📂 Using project root: /opt/project
[2025-11-11T15:53:52.781-0500] {logging_mixin.py:188} INFO - [2025-11-11T15:53:52.781-0500] {credentials.py:1278} INFO - Found credentials in shared credentials file: ~/.aws/credentials
[2025-11-11T15:53:53.787-0500] {processor.py:840} INFO - DAG(s) 'ocr_pipeline_dag' retrieved from /opt/airflow/dags/ocr_pipeline_dag.py
[2025-11-11T15:53:53.829-0500] {logging_mixin.py:188} INFO - [2025-11-11T15:53:53.828-0500] {dag.py:3089} INFO - Sync 1 DAGs
[2025-11-11T15:53:53.844-0500] {logging_mixin.py:188} INFO - [2025-11-11T15:53:53.844-0500] {dag.py:3947} INFO - Setting next_dagrun for ocr_pipeline_dag to None, run_after=None
[2025-11-11T15:53:53.875-0500] {processor.py:183} INFO - Processing /opt/airflow/dags/ocr_pipeline_dag.py took 1.434 seconds
[2025-11-11T15:54:24.432-0500] {processor.py:161} INFO - Started process (PID=7298) to work on /opt/airflow/dags/ocr_pipeline_dag.py
[2025-11-11T15:54:24.433-0500] {processor.py:830} INFO - Processing file /opt/airflow/dags/ocr_pipeline_dag.py for tasks to queue
[2025-11-11T15:54:24.435-0500] {logging_mixin.py:188} INFO - [2025-11-11T15:54:24.434-0500] {dagbag.py:545} INFO - Filling up the DagBag from /opt/airflow/dags/ocr_pipeline_dag.py
[2025-11-11T15:54:24.459-0500] {logging_mixin.py:188} INFO - 📂 Using project root: /opt/project
[2025-11-11T15:54:24.630-0500] {logging_mixin.py:188} INFO - [2025-11-11T15:54:24.629-0500] {credentials.py:1278} INFO - Found credentials in shared credentials file: ~/.aws/credentials
[2025-11-11T15:54:25.317-0500] {processor.py:840} INFO - DAG(s) 'ocr_pipeline_dag' retrieved from /opt/airflow/dags/ocr_pipeline_dag.py
[2025-11-11T15:54:25.344-0500] {logging_mixin.py:188} INFO - [2025-11-11T15:54:25.344-0500] {dag.py:3089} INFO - Sync 1 DAGs
[2025-11-11T15:54:25.357-0500] {logging_mixin.py:188} INFO - [2025-11-11T15:54:25.357-0500] {dag.py:3947} INFO - Setting next_dagrun for ocr_pipeline_dag to None, run_after=None
[2025-11-11T15:54:25.381-0500] {processor.py:183} INFO - Processing /opt/airflow/dags/ocr_pipeline_dag.py took 0.957 seconds
[2025-11-11T15:54:55.892-0500] {processor.py:161} INFO - Started process (PID=7304) to work on /opt/airflow/dags/ocr_pipeline_dag.py
[2025-11-11T15:54:55.893-0500] {processor.py:830} INFO - Processing file /opt/airflow/dags/ocr_pipeline_dag.py for tasks to queue
[2025-11-11T15:54:55.895-0500] {logging_mixin.py:188} INFO - [2025-11-11T15:54:55.895-0500] {dagbag.py:545} INFO - Filling up the DagBag from /opt/airflow/dags/ocr_pipeline_dag.py
[2025-11-11T15:54:55.919-0500] {logging_mixin.py:188} INFO - 📂 Using project root: /opt/project
[2025-11-11T15:54:56.204-0500] {logging_mixin.py:188} INFO - [2025-11-11T15:54:56.203-0500] {credentials.py:1278} INFO - Found credentials in shared credentials file: ~/.aws/credentials
[2025-11-11T15:54:57.117-0500] {processor.py:840} INFO - DAG(s) 'ocr_pipeline_dag' retrieved from /opt/airflow/dags/ocr_pipeline_dag.py
[2025-11-11T15:54:57.161-0500] {logging_mixin.py:188} INFO - [2025-11-11T15:54:57.160-0500] {dag.py:3089} INFO - Sync 1 DAGs
[2025-11-11T15:54:57.176-0500] {logging_mixin.py:188} INFO - [2025-11-11T15:54:57.176-0500] {dag.py:3947} INFO - Setting next_dagrun for ocr_pipeline_dag to None, run_after=None
[2025-11-11T15:54:57.197-0500] {processor.py:183} INFO - Processing /opt/airflow/dags/ocr_pipeline_dag.py took 1.316 seconds
[2025-11-11T15:55:27.523-0500] {processor.py:161} INFO - Started process (PID=7310) to work on /opt/airflow/dags/ocr_pipeline_dag.py
[2025-11-11T15:55:27.524-0500] {processor.py:830} INFO - Processing file /opt/airflow/dags/ocr_pipeline_dag.py for tasks to queue
[2025-11-11T15:55:27.526-0500] {logging_mixin.py:188} INFO - [2025-11-11T15:55:27.525-0500] {dagbag.py:545} INFO - Filling up the DagBag from /opt/airflow/dags/ocr_pipeline_dag.py
[2025-11-11T15:55:27.552-0500] {logging_mixin.py:188} INFO - 📂 Using project root: /opt/project
[2025-11-11T15:55:27.774-0500] {logging_mixin.py:188} INFO - [2025-11-11T15:55:27.774-0500] {credentials.py:1278} INFO - Found credentials in shared credentials file: ~/.aws/credentials
[2025-11-11T15:55:28.677-0500] {processor.py:840} INFO - DAG(s) 'ocr_pipeline_dag' retrieved from /opt/airflow/dags/ocr_pipeline_dag.py
[2025-11-11T15:55:28.734-0500] {logging_mixin.py:188} INFO - [2025-11-11T15:55:28.734-0500] {dag.py:3089} INFO - Sync 1 DAGs
[2025-11-11T15:55:28.757-0500] {logging_mixin.py:188} INFO - [2025-11-11T15:55:28.756-0500] {dag.py:3947} INFO - Setting next_dagrun for ocr_pipeline_dag to None, run_after=None
[2025-11-11T15:55:28.809-0500] {processor.py:183} INFO - Processing /opt/airflow/dags/ocr_pipeline_dag.py took 1.292 seconds
[2025-11-11T15:55:59.176-0500] {processor.py:161} INFO - Started process (PID=7316) to work on /opt/airflow/dags/ocr_pipeline_dag.py
[2025-11-11T15:55:59.178-0500] {processor.py:830} INFO - Processing file /opt/airflow/dags/ocr_pipeline_dag.py for tasks to queue
[2025-11-11T15:55:59.180-0500] {logging_mixin.py:188} INFO - [2025-11-11T15:55:59.179-0500] {dagbag.py:545} INFO - Filling up the DagBag from /opt/airflow/dags/ocr_pipeline_dag.py
[2025-11-11T15:55:59.202-0500] {logging_mixin.py:188} INFO - 📂 Using project root: /opt/project
[2025-11-11T15:55:59.419-0500] {logging_mixin.py:188} INFO - [2025-11-11T15:55:59.419-0500] {credentials.py:1278} INFO - Found credentials in shared credentials file: ~/.aws/credentials
[2025-11-11T15:56:00.208-0500] {processor.py:840} INFO - DAG(s) 'ocr_pipeline_dag' retrieved from /opt/airflow/dags/ocr_pipeline_dag.py
[2025-11-11T15:56:00.234-0500] {logging_mixin.py:188} INFO - [2025-11-11T15:56:00.234-0500] {dag.py:3089} INFO - Sync 1 DAGs
[2025-11-11T15:56:00.246-0500] {logging_mixin.py:188} INFO - [2025-11-11T15:56:00.246-0500] {dag.py:3947} INFO - Setting next_dagrun for ocr_pipeline_dag to None, run_after=None
[2025-11-11T15:56:00.265-0500] {processor.py:183} INFO - Processing /opt/airflow/dags/ocr_pipeline_dag.py took 1.097 seconds
[2025-11-11T15:56:30.551-0500] {processor.py:161} INFO - Started process (PID=7322) to work on /opt/airflow/dags/ocr_pipeline_dag.py
[2025-11-11T15:56:30.553-0500] {processor.py:830} INFO - Processing file /opt/airflow/dags/ocr_pipeline_dag.py for tasks to queue
[2025-11-11T15:56:30.554-0500] {logging_mixin.py:188} INFO - [2025-11-11T15:56:30.554-0500] {dagbag.py:545} INFO - Filling up the DagBag from /opt/airflow/dags/ocr_pipeline_dag.py
[2025-11-11T15:56:30.573-0500] {logging_mixin.py:188} INFO - 📂 Using project root: /opt/project
[2025-11-11T15:56:30.762-0500] {logging_mixin.py:188} INFO - [2025-11-11T15:56:30.762-0500] {credentials.py:1278} INFO - Found credentials in shared credentials file: ~/.aws/credentials
[2025-11-11T15:56:31.414-0500] {processor.py:840} INFO - DAG(s) 'ocr_pipeline_dag' retrieved from /opt/airflow/dags/ocr_pipeline_dag.py
[2025-11-11T15:56:31.446-0500] {logging_mixin.py:188} INFO - [2025-11-11T15:56:31.446-0500] {dag.py:3089} INFO - Sync 1 DAGs
[2025-11-11T15:56:31.457-0500] {logging_mixin.py:188} INFO - [2025-11-11T15:56:31.457-0500] {dag.py:3947} INFO - Setting next_dagrun for ocr_pipeline_dag to None, run_after=None
[2025-11-11T15:56:31.477-0500] {processor.py:183} INFO - Processing /opt/airflow/dags/ocr_pipeline_dag.py took 0.934 seconds
[2025-11-11T15:57:01.910-0500] {processor.py:161} INFO - Started process (PID=7328) to work on /opt/airflow/dags/ocr_pipeline_dag.py
[2025-11-11T15:57:01.912-0500] {processor.py:830} INFO - Processing file /opt/airflow/dags/ocr_pipeline_dag.py for tasks to queue
[2025-11-11T15:57:01.913-0500] {logging_mixin.py:188} INFO - [2025-11-11T15:57:01.913-0500] {dagbag.py:545} INFO - Filling up the DagBag from /opt/airflow/dags/ocr_pipeline_dag.py
[2025-11-11T15:57:01.937-0500] {logging_mixin.py:188} INFO - 📂 Using project root: /opt/project
[2025-11-11T15:57:02.146-0500] {logging_mixin.py:188} INFO - [2025-11-11T15:57:02.146-0500] {credentials.py:1278} INFO - Found credentials in shared credentials file: ~/.aws/credentials
[2025-11-11T15:57:02.817-0500] {processor.py:840} INFO - DAG(s) 'ocr_pipeline_dag' retrieved from /opt/airflow/dags/ocr_pipeline_dag.py
[2025-11-11T15:57:02.848-0500] {logging_mixin.py:188} INFO - [2025-11-11T15:57:02.847-0500] {dag.py:3089} INFO - Sync 1 DAGs
[2025-11-11T15:57:02.861-0500] {logging_mixin.py:188} INFO - [2025-11-11T15:57:02.861-0500] {dag.py:3947} INFO - Setting next_dagrun for ocr_pipeline_dag to None, run_after=None
[2025-11-11T15:57:02.884-0500] {processor.py:183} INFO - Processing /opt/airflow/dags/ocr_pipeline_dag.py took 0.983 seconds
[2025-11-11T15:57:33.383-0500] {processor.py:161} INFO - Started process (PID=7334) to work on /opt/airflow/dags/ocr_pipeline_dag.py
[2025-11-11T15:57:33.385-0500] {processor.py:830} INFO - Processing file /opt/airflow/dags/ocr_pipeline_dag.py for tasks to queue
[2025-11-11T15:57:33.387-0500] {logging_mixin.py:188} INFO - [2025-11-11T15:57:33.386-0500] {dagbag.py:545} INFO - Filling up the DagBag from /opt/airflow/dags/ocr_pipeline_dag.py
[2025-11-11T15:57:33.407-0500] {logging_mixin.py:188} INFO - 📂 Using project root: /opt/project
[2025-11-11T15:57:33.575-0500] {logging_mixin.py:188} INFO - [2025-11-11T15:57:33.575-0500] {credentials.py:1278} INFO - Found credentials in shared credentials file: ~/.aws/credentials
[2025-11-11T15:57:34.412-0500] {processor.py:840} INFO - DAG(s) 'ocr_pipeline_dag' retrieved from /opt/airflow/dags/ocr_pipeline_dag.py
[2025-11-11T15:57:34.453-0500] {logging_mixin.py:188} INFO - [2025-11-11T15:57:34.453-0500] {dag.py:3089} INFO - Sync 1 DAGs
[2025-11-11T15:57:34.467-0500] {logging_mixin.py:188} INFO - [2025-11-11T15:57:34.467-0500] {dag.py:3947} INFO - Setting next_dagrun for ocr_pipeline_dag to None, run_after=None
[2025-11-11T15:57:34.491-0500] {processor.py:183} INFO - Processing /opt/airflow/dags/ocr_pipeline_dag.py took 1.115 seconds
[2025-11-11T15:58:04.780-0500] {processor.py:161} INFO - Started process (PID=7340) to work on /opt/airflow/dags/ocr_pipeline_dag.py
[2025-11-11T15:58:04.781-0500] {processor.py:830} INFO - Processing file /opt/airflow/dags/ocr_pipeline_dag.py for tasks to queue
[2025-11-11T15:58:04.782-0500] {logging_mixin.py:188} INFO - [2025-11-11T15:58:04.782-0500] {dagbag.py:545} INFO - Filling up the DagBag from /opt/airflow/dags/ocr_pipeline_dag.py
[2025-11-11T15:58:04.806-0500] {logging_mixin.py:188} INFO - 📂 Using project root: /opt/project
[2025-11-11T15:58:05.034-0500] {logging_mixin.py:188} INFO - [2025-11-11T15:58:05.033-0500] {credentials.py:1278} INFO - Found credentials in shared credentials file: ~/.aws/credentials
[2025-11-11T15:58:05.709-0500] {processor.py:840} INFO - DAG(s) 'ocr_pipeline_dag' retrieved from /opt/airflow/dags/ocr_pipeline_dag.py
[2025-11-11T15:58:05.735-0500] {logging_mixin.py:188} INFO - [2025-11-11T15:58:05.735-0500] {dag.py:3089} INFO - Sync 1 DAGs
[2025-11-11T15:58:05.747-0500] {logging_mixin.py:188} INFO - [2025-11-11T15:58:05.747-0500] {dag.py:3947} INFO - Setting next_dagrun for ocr_pipeline_dag to None, run_after=None
[2025-11-11T15:58:05.767-0500] {processor.py:183} INFO - Processing /opt/airflow/dags/ocr_pipeline_dag.py took 0.996 seconds
[2025-11-11T15:58:36.112-0500] {processor.py:161} INFO - Started process (PID=7346) to work on /opt/airflow/dags/ocr_pipeline_dag.py
[2025-11-11T15:58:36.114-0500] {processor.py:830} INFO - Processing file /opt/airflow/dags/ocr_pipeline_dag.py for tasks to queue
[2025-11-11T15:58:36.117-0500] {logging_mixin.py:188} INFO - [2025-11-11T15:58:36.116-0500] {dagbag.py:545} INFO - Filling up the DagBag from /opt/airflow/dags/ocr_pipeline_dag.py
[2025-11-11T15:58:36.146-0500] {logging_mixin.py:188} INFO - 📂 Using project root: /opt/project
[2025-11-11T15:58:36.436-0500] {logging_mixin.py:188} INFO - [2025-11-11T15:58:36.436-0500] {credentials.py:1278} INFO - Found credentials in shared credentials file: ~/.aws/credentials
[2025-11-11T15:58:37.341-0500] {processor.py:840} INFO - DAG(s) 'ocr_pipeline_dag' retrieved from /opt/airflow/dags/ocr_pipeline_dag.py
[2025-11-11T15:58:37.372-0500] {logging_mixin.py:188} INFO - [2025-11-11T15:58:37.372-0500] {dag.py:3089} INFO - Sync 1 DAGs
[2025-11-11T15:58:37.387-0500] {logging_mixin.py:188} INFO - [2025-11-11T15:58:37.387-0500] {dag.py:3947} INFO - Setting next_dagrun for ocr_pipeline_dag to None, run_after=None
[2025-11-11T15:58:37.411-0500] {processor.py:183} INFO - Processing /opt/airflow/dags/ocr_pipeline_dag.py took 1.286 seconds
[2025-11-11T15:59:07.823-0500] {processor.py:161} INFO - Started process (PID=7352) to work on /opt/airflow/dags/ocr_pipeline_dag.py
[2025-11-11T15:59:07.825-0500] {processor.py:830} INFO - Processing file /opt/airflow/dags/ocr_pipeline_dag.py for tasks to queue
[2025-11-11T15:59:07.827-0500] {logging_mixin.py:188} INFO - [2025-11-11T15:59:07.827-0500] {dagbag.py:545} INFO - Filling up the DagBag from /opt/airflow/dags/ocr_pipeline_dag.py
[2025-11-11T15:59:07.853-0500] {logging_mixin.py:188} INFO - 📂 Using project root: /opt/project
[2025-11-11T15:59:08.096-0500] {logging_mixin.py:188} INFO - [2025-11-11T15:59:08.096-0500] {credentials.py:1278} INFO - Found credentials in shared credentials file: ~/.aws/credentials
[2025-11-11T15:59:09.012-0500] {processor.py:840} INFO - DAG(s) 'ocr_pipeline_dag' retrieved from /opt/airflow/dags/ocr_pipeline_dag.py
[2025-11-11T15:59:09.057-0500] {logging_mixin.py:188} INFO - [2025-11-11T15:59:09.057-0500] {dag.py:3089} INFO - Sync 1 DAGs
[2025-11-11T15:59:09.083-0500] {logging_mixin.py:188} INFO - [2025-11-11T15:59:09.083-0500] {dag.py:3947} INFO - Setting next_dagrun for ocr_pipeline_dag to None, run_after=None
[2025-11-11T15:59:09.117-0500] {processor.py:183} INFO - Processing /opt/airflow/dags/ocr_pipeline_dag.py took 1.304 seconds
[2025-11-11T15:59:39.237-0500] {processor.py:161} INFO - Started process (PID=7358) to work on /opt/airflow/dags/ocr_pipeline_dag.py
[2025-11-11T15:59:39.239-0500] {processor.py:830} INFO - Processing file /opt/airflow/dags/ocr_pipeline_dag.py for tasks to queue
[2025-11-11T15:59:39.240-0500] {logging_mixin.py:188} INFO - [2025-11-11T15:59:39.240-0500] {dagbag.py:545} INFO - Filling up the DagBag from /opt/airflow/dags/ocr_pipeline_dag.py
[2025-11-11T15:59:39.261-0500] {logging_mixin.py:188} INFO - 📂 Using project root: /opt/project
[2025-11-11T15:59:39.440-0500] {logging_mixin.py:188} INFO - [2025-11-11T15:59:39.440-0500] {credentials.py:1278} INFO - Found credentials in shared credentials file: ~/.aws/credentials
[2025-11-11T15:59:40.173-0500] {processor.py:840} INFO - DAG(s) 'ocr_pipeline_dag' retrieved from /opt/airflow/dags/ocr_pipeline_dag.py
[2025-11-11T15:59:40.200-0500] {logging_mixin.py:188} INFO - [2025-11-11T15:59:40.200-0500] {dag.py:3089} INFO - Sync 1 DAGs
[2025-11-11T15:59:40.212-0500] {logging_mixin.py:188} INFO - [2025-11-11T15:59:40.212-0500] {dag.py:3947} INFO - Setting next_dagrun for ocr_pipeline_dag to None, run_after=None
[2025-11-11T15:59:40.235-0500] {processor.py:183} INFO - Processing /opt/airflow/dags/ocr_pipeline_dag.py took 1.005 seconds
[2025-11-11T16:00:10.568-0500] {processor.py:161} INFO - Started process (PID=7364) to work on /opt/airflow/dags/ocr_pipeline_dag.py
[2025-11-11T16:00:10.569-0500] {processor.py:830} INFO - Processing file /opt/airflow/dags/ocr_pipeline_dag.py for tasks to queue
[2025-11-11T16:00:10.571-0500] {logging_mixin.py:188} INFO - [2025-11-11T16:00:10.571-0500] {dagbag.py:545} INFO - Filling up the DagBag from /opt/airflow/dags/ocr_pipeline_dag.py
[2025-11-11T16:00:10.594-0500] {logging_mixin.py:188} INFO - 📂 Using project root: /opt/project
[2025-11-11T16:00:10.801-0500] {logging_mixin.py:188} INFO - [2025-11-11T16:00:10.801-0500] {credentials.py:1278} INFO - Found credentials in shared credentials file: ~/.aws/credentials
[2025-11-11T16:00:11.591-0500] {processor.py:840} INFO - DAG(s) 'ocr_pipeline_dag' retrieved from /opt/airflow/dags/ocr_pipeline_dag.py
[2025-11-11T16:00:11.622-0500] {logging_mixin.py:188} INFO - [2025-11-11T16:00:11.622-0500] {dag.py:3089} INFO - Sync 1 DAGs
[2025-11-11T16:00:11.638-0500] {logging_mixin.py:188} INFO - [2025-11-11T16:00:11.637-0500] {dag.py:3947} INFO - Setting next_dagrun for ocr_pipeline_dag to None, run_after=None
[2025-11-11T16:00:11.665-0500] {processor.py:183} INFO - Processing /opt/airflow/dags/ocr_pipeline_dag.py took 1.104 seconds
[2025-11-11T16:00:41.888-0500] {processor.py:161} INFO - Started process (PID=7370) to work on /opt/airflow/dags/ocr_pipeline_dag.py
[2025-11-11T16:00:41.889-0500] {processor.py:830} INFO - Processing file /opt/airflow/dags/ocr_pipeline_dag.py for tasks to queue
[2025-11-11T16:00:41.891-0500] {logging_mixin.py:188} INFO - [2025-11-11T16:00:41.890-0500] {dagbag.py:545} INFO - Filling up the DagBag from /opt/airflow/dags/ocr_pipeline_dag.py
[2025-11-11T16:00:41.911-0500] {logging_mixin.py:188} INFO - 📂 Using project root: /opt/project
[2025-11-11T16:00:42.091-0500] {logging_mixin.py:188} INFO - [2025-11-11T16:00:42.091-0500] {credentials.py:1278} INFO - Found credentials in shared credentials file: ~/.aws/credentials
[2025-11-11T16:00:42.773-0500] {processor.py:840} INFO - DAG(s) 'ocr_pipeline_dag' retrieved from /opt/airflow/dags/ocr_pipeline_dag.py
[2025-11-11T16:00:42.798-0500] {logging_mixin.py:188} INFO - [2025-11-11T16:00:42.797-0500] {dag.py:3089} INFO - Sync 1 DAGs
[2025-11-11T16:00:42.809-0500] {logging_mixin.py:188} INFO - [2025-11-11T16:00:42.809-0500] {dag.py:3947} INFO - Setting next_dagrun for ocr_pipeline_dag to None, run_after=None
[2025-11-11T16:00:42.829-0500] {processor.py:183} INFO - Processing /opt/airflow/dags/ocr_pipeline_dag.py took 0.949 seconds
[2025-11-11T16:01:13.254-0500] {processor.py:161} INFO - Started process (PID=7376) to work on /opt/airflow/dags/ocr_pipeline_dag.py
[2025-11-11T16:01:13.256-0500] {processor.py:830} INFO - Processing file /opt/airflow/dags/ocr_pipeline_dag.py for tasks to queue
[2025-11-11T16:01:13.257-0500] {logging_mixin.py:188} INFO - [2025-11-11T16:01:13.257-0500] {dagbag.py:545} INFO - Filling up the DagBag from /opt/airflow/dags/ocr_pipeline_dag.py
[2025-11-11T16:01:13.280-0500] {logging_mixin.py:188} INFO - 📂 Using project root: /opt/project
[2025-11-11T16:01:13.479-0500] {logging_mixin.py:188} INFO - [2025-11-11T16:01:13.479-0500] {credentials.py:1278} INFO - Found credentials in shared credentials file: ~/.aws/credentials
[2025-11-11T16:01:14.269-0500] {processor.py:840} INFO - DAG(s) 'ocr_pipeline_dag' retrieved from /opt/airflow/dags/ocr_pipeline_dag.py
[2025-11-11T16:01:14.302-0500] {logging_mixin.py:188} INFO - [2025-11-11T16:01:14.302-0500] {dag.py:3089} INFO - Sync 1 DAGs
[2025-11-11T16:01:14.317-0500] {logging_mixin.py:188} INFO - [2025-11-11T16:01:14.317-0500] {dag.py:3947} INFO - Setting next_dagrun for ocr_pipeline_dag to None, run_after=None
[2025-11-11T16:01:14.341-0500] {processor.py:183} INFO - Processing /opt/airflow/dags/ocr_pipeline_dag.py took 1.095 seconds
[2025-11-11T16:01:44.596-0500] {processor.py:161} INFO - Started process (PID=7382) to work on /opt/airflow/dags/ocr_pipeline_dag.py
[2025-11-11T16:01:44.598-0500] {processor.py:830} INFO - Processing file /opt/airflow/dags/ocr_pipeline_dag.py for tasks to queue
[2025-11-11T16:01:44.599-0500] {logging_mixin.py:188} INFO - [2025-11-11T16:01:44.599-0500] {dagbag.py:545} INFO - Filling up the DagBag from /opt/airflow/dags/ocr_pipeline_dag.py
[2025-11-11T16:01:44.622-0500] {logging_mixin.py:188} INFO - 📂 Using project root: /opt/project
[2025-11-11T16:01:44.792-0500] {logging_mixin.py:188} INFO - [2025-11-11T16:01:44.791-0500] {credentials.py:1278} INFO - Found credentials in shared credentials file: ~/.aws/credentials
[2025-11-11T16:01:45.495-0500] {processor.py:840} INFO - DAG(s) 'ocr_pipeline_dag' retrieved from /opt/airflow/dags/ocr_pipeline_dag.py
[2025-11-11T16:01:45.522-0500] {logging_mixin.py:188} INFO - [2025-11-11T16:01:45.521-0500] {dag.py:3089} INFO - Sync 1 DAGs
[2025-11-11T16:01:45.535-0500] {logging_mixin.py:188} INFO - [2025-11-11T16:01:45.535-0500] {dag.py:3947} INFO - Setting next_dagrun for ocr_pipeline_dag to None, run_after=None
[2025-11-11T16:01:45.573-0500] {processor.py:183} INFO - Processing /opt/airflow/dags/ocr_pipeline_dag.py took 0.984 seconds
[2025-11-11T16:02:15.905-0500] {processor.py:161} INFO - Started process (PID=7388) to work on /opt/airflow/dags/ocr_pipeline_dag.py
[2025-11-11T16:02:15.907-0500] {processor.py:830} INFO - Processing file /opt/airflow/dags/ocr_pipeline_dag.py for tasks to queue
[2025-11-11T16:02:15.910-0500] {logging_mixin.py:188} INFO - [2025-11-11T16:02:15.909-0500] {dagbag.py:545} INFO - Filling up the DagBag from /opt/airflow/dags/ocr_pipeline_dag.py
[2025-11-11T16:02:15.929-0500] {logging_mixin.py:188} INFO - 📂 Using project root: /opt/project
[2025-11-11T16:02:16.117-0500] {logging_mixin.py:188} INFO - [2025-11-11T16:02:16.116-0500] {credentials.py:1278} INFO - Found credentials in shared credentials file: ~/.aws/credentials
[2025-11-11T16:02:16.957-0500] {processor.py:840} INFO - DAG(s) 'ocr_pipeline_dag' retrieved from /opt/airflow/dags/ocr_pipeline_dag.py
[2025-11-11T16:02:17.012-0500] {logging_mixin.py:188} INFO - [2025-11-11T16:02:17.012-0500] {dag.py:3089} INFO - Sync 1 DAGs
[2025-11-11T16:02:17.030-0500] {logging_mixin.py:188} INFO - [2025-11-11T16:02:17.030-0500] {dag.py:3947} INFO - Setting next_dagrun for ocr_pipeline_dag to None, run_after=None
[2025-11-11T16:02:17.056-0500] {processor.py:183} INFO - Processing /opt/airflow/dags/ocr_pipeline_dag.py took 1.161 seconds
[2025-11-11T16:02:47.428-0500] {processor.py:161} INFO - Started process (PID=7394) to work on /opt/airflow/dags/ocr_pipeline_dag.py
[2025-11-11T16:02:47.430-0500] {processor.py:830} INFO - Processing file /opt/airflow/dags/ocr_pipeline_dag.py for tasks to queue
[2025-11-11T16:02:47.432-0500] {logging_mixin.py:188} INFO - [2025-11-11T16:02:47.431-0500] {dagbag.py:545} INFO - Filling up the DagBag from /opt/airflow/dags/ocr_pipeline_dag.py
[2025-11-11T16:02:47.456-0500] {logging_mixin.py:188} INFO - 📂 Using project root: /opt/project
[2025-11-11T16:02:47.654-0500] {logging_mixin.py:188} INFO - [2025-11-11T16:02:47.653-0500] {credentials.py:1278} INFO - Found credentials in shared credentials file: ~/.aws/credentials
[2025-11-11T16:02:48.358-0500] {processor.py:840} INFO - DAG(s) 'ocr_pipeline_dag' retrieved from /opt/airflow/dags/ocr_pipeline_dag.py
[2025-11-11T16:02:48.384-0500] {logging_mixin.py:188} INFO - [2025-11-11T16:02:48.383-0500] {dag.py:3089} INFO - Sync 1 DAGs
[2025-11-11T16:02:48.396-0500] {logging_mixin.py:188} INFO - [2025-11-11T16:02:48.395-0500] {dag.py:3947} INFO - Setting next_dagrun for ocr_pipeline_dag to None, run_after=None
[2025-11-11T16:02:48.417-0500] {processor.py:183} INFO - Processing /opt/airflow/dags/ocr_pipeline_dag.py took 1.005 seconds
[2025-11-11T16:03:18.697-0500] {processor.py:161} INFO - Started process (PID=7400) to work on /opt/airflow/dags/ocr_pipeline_dag.py
[2025-11-11T16:03:18.699-0500] {processor.py:830} INFO - Processing file /opt/airflow/dags/ocr_pipeline_dag.py for tasks to queue
[2025-11-11T16:03:18.701-0500] {logging_mixin.py:188} INFO - [2025-11-11T16:03:18.701-0500] {dagbag.py:545} INFO - Filling up the DagBag from /opt/airflow/dags/ocr_pipeline_dag.py
[2025-11-11T16:03:18.726-0500] {logging_mixin.py:188} INFO - 📂 Using project root: /opt/project
[2025-11-11T16:03:18.957-0500] {logging_mixin.py:188} INFO - [2025-11-11T16:03:18.956-0500] {credentials.py:1278} INFO - Found credentials in shared credentials file: ~/.aws/credentials
[2025-11-11T16:03:19.827-0500] {processor.py:840} INFO - DAG(s) 'ocr_pipeline_dag' retrieved from /opt/airflow/dags/ocr_pipeline_dag.py
[2025-11-11T16:03:19.877-0500] {logging_mixin.py:188} INFO - [2025-11-11T16:03:19.876-0500] {dag.py:3089} INFO - Sync 1 DAGs
[2025-11-11T16:03:19.896-0500] {logging_mixin.py:188} INFO - [2025-11-11T16:03:19.896-0500] {dag.py:3947} INFO - Setting next_dagrun for ocr_pipeline_dag to None, run_after=None
[2025-11-11T16:03:19.936-0500] {processor.py:183} INFO - Processing /opt/airflow/dags/ocr_pipeline_dag.py took 1.246 seconds
[2025-11-11T16:03:50.071-0500] {processor.py:161} INFO - Started process (PID=7406) to work on /opt/airflow/dags/ocr_pipeline_dag.py
[2025-11-11T16:03:50.073-0500] {processor.py:830} INFO - Processing file /opt/airflow/dags/ocr_pipeline_dag.py for tasks to queue
[2025-11-11T16:03:50.074-0500] {logging_mixin.py:188} INFO - [2025-11-11T16:03:50.074-0500] {dagbag.py:545} INFO - Filling up the DagBag from /opt/airflow/dags/ocr_pipeline_dag.py
[2025-11-11T16:03:50.093-0500] {logging_mixin.py:188} INFO - 📂 Using project root: /opt/project
[2025-11-11T16:03:50.237-0500] {logging_mixin.py:188} INFO - [2025-11-11T16:03:50.237-0500] {credentials.py:1278} INFO - Found credentials in shared credentials file: ~/.aws/credentials
[2025-11-11T16:03:50.879-0500] {processor.py:840} INFO - DAG(s) 'ocr_pipeline_dag' retrieved from /opt/airflow/dags/ocr_pipeline_dag.py
[2025-11-11T16:03:50.902-0500] {logging_mixin.py:188} INFO - [2025-11-11T16:03:50.902-0500] {dag.py:3089} INFO - Sync 1 DAGs
[2025-11-11T16:03:50.913-0500] {logging_mixin.py:188} INFO - [2025-11-11T16:03:50.913-0500] {dag.py:3947} INFO - Setting next_dagrun for ocr_pipeline_dag to None, run_after=None
[2025-11-11T16:03:50.947-0500] {processor.py:183} INFO - Processing /opt/airflow/dags/ocr_pipeline_dag.py took 0.883 seconds
[2025-11-11T16:04:21.534-0500] {processor.py:161} INFO - Started process (PID=7412) to work on /opt/airflow/dags/ocr_pipeline_dag.py
[2025-11-11T16:04:21.538-0500] {processor.py:830} INFO - Processing file /opt/airflow/dags/ocr_pipeline_dag.py for tasks to queue
[2025-11-11T16:04:21.542-0500] {logging_mixin.py:188} INFO - [2025-11-11T16:04:21.541-0500] {dagbag.py:545} INFO - Filling up the DagBag from /opt/airflow/dags/ocr_pipeline_dag.py
[2025-11-11T16:04:21.594-0500] {logging_mixin.py:188} INFO - 📂 Using project root: /opt/project
[2025-11-11T16:04:22.062-0500] {logging_mixin.py:188} INFO - [2025-11-11T16:04:22.061-0500] {credentials.py:1278} INFO - Found credentials in shared credentials file: ~/.aws/credentials
[2025-11-11T16:04:23.552-0500] {processor.py:840} INFO - DAG(s) 'ocr_pipeline_dag' retrieved from /opt/airflow/dags/ocr_pipeline_dag.py
[2025-11-11T16:04:23.634-0500] {logging_mixin.py:188} INFO - [2025-11-11T16:04:23.632-0500] {dag.py:3089} INFO - Sync 1 DAGs
[2025-11-11T16:04:23.672-0500] {logging_mixin.py:188} INFO - [2025-11-11T16:04:23.671-0500] {dag.py:3947} INFO - Setting next_dagrun for ocr_pipeline_dag to None, run_after=None
[2025-11-11T16:04:23.743-0500] {processor.py:183} INFO - Processing /opt/airflow/dags/ocr_pipeline_dag.py took 2.228 seconds
[2025-11-11T16:04:54.227-0500] {processor.py:161} INFO - Started process (PID=7418) to work on /opt/airflow/dags/ocr_pipeline_dag.py
[2025-11-11T16:04:54.230-0500] {processor.py:830} INFO - Processing file /opt/airflow/dags/ocr_pipeline_dag.py for tasks to queue
[2025-11-11T16:04:54.232-0500] {logging_mixin.py:188} INFO - [2025-11-11T16:04:54.232-0500] {dagbag.py:545} INFO - Filling up the DagBag from /opt/airflow/dags/ocr_pipeline_dag.py
[2025-11-11T16:04:54.267-0500] {logging_mixin.py:188} INFO - 📂 Using project root: /opt/project
[2025-11-11T16:04:54.626-0500] {logging_mixin.py:188} INFO - [2025-11-11T16:04:54.626-0500] {credentials.py:1278} INFO - Found credentials in shared credentials file: ~/.aws/credentials
[2025-11-11T16:04:57.792-0500] {processor.py:840} INFO - DAG(s) 'ocr_pipeline_dag' retrieved from /opt/airflow/dags/ocr_pipeline_dag.py
[2025-11-11T16:04:57.931-0500] {logging_mixin.py:188} INFO - [2025-11-11T16:04:57.930-0500] {dag.py:3089} INFO - Sync 1 DAGs
[2025-11-11T16:04:58.035-0500] {logging_mixin.py:188} INFO - [2025-11-11T16:04:58.034-0500] {dag.py:3947} INFO - Setting next_dagrun for ocr_pipeline_dag to None, run_after=None
[2025-11-11T16:04:58.173-0500] {processor.py:183} INFO - Processing /opt/airflow/dags/ocr_pipeline_dag.py took 3.966 seconds
[2025-11-11T16:05:28.937-0500] {processor.py:161} INFO - Started process (PID=7424) to work on /opt/airflow/dags/ocr_pipeline_dag.py
[2025-11-11T16:05:28.941-0500] {processor.py:830} INFO - Processing file /opt/airflow/dags/ocr_pipeline_dag.py for tasks to queue
[2025-11-11T16:05:28.946-0500] {logging_mixin.py:188} INFO - [2025-11-11T16:05:28.944-0500] {dagbag.py:545} INFO - Filling up the DagBag from /opt/airflow/dags/ocr_pipeline_dag.py
[2025-11-11T16:05:29.001-0500] {logging_mixin.py:188} INFO - 📂 Using project root: /opt/project
[2025-11-11T16:05:29.540-0500] {logging_mixin.py:188} INFO - [2025-11-11T16:05:29.539-0500] {credentials.py:1278} INFO - Found credentials in shared credentials file: ~/.aws/credentials
[2025-11-11T16:05:30.950-0500] {processor.py:840} INFO - DAG(s) 'ocr_pipeline_dag' retrieved from /opt/airflow/dags/ocr_pipeline_dag.py
[2025-11-11T16:05:31.037-0500] {logging_mixin.py:188} INFO - [2025-11-11T16:05:31.036-0500] {dag.py:3089} INFO - Sync 1 DAGs
[2025-11-11T16:05:31.077-0500] {logging_mixin.py:188} INFO - [2025-11-11T16:05:31.076-0500] {dag.py:3947} INFO - Setting next_dagrun for ocr_pipeline_dag to None, run_after=None
[2025-11-11T16:05:31.134-0500] {processor.py:183} INFO - Processing /opt/airflow/dags/ocr_pipeline_dag.py took 2.226 seconds
[2025-11-11T16:06:01.488-0500] {processor.py:161} INFO - Started process (PID=7430) to work on /opt/airflow/dags/ocr_pipeline_dag.py
[2025-11-11T16:06:01.493-0500] {processor.py:830} INFO - Processing file /opt/airflow/dags/ocr_pipeline_dag.py for tasks to queue
[2025-11-11T16:06:01.500-0500] {logging_mixin.py:188} INFO - [2025-11-11T16:06:01.497-0500] {dagbag.py:545} INFO - Filling up the DagBag from /opt/airflow/dags/ocr_pipeline_dag.py
[2025-11-11T16:06:01.591-0500] {logging_mixin.py:188} INFO - 📂 Using project root: /opt/project
[2025-11-11T16:06:02.270-0500] {logging_mixin.py:188} INFO - [2025-11-11T16:06:02.270-0500] {credentials.py:1278} INFO - Found credentials in shared credentials file: ~/.aws/credentials
[2025-11-11T16:06:04.386-0500] {processor.py:840} INFO - DAG(s) 'ocr_pipeline_dag' retrieved from /opt/airflow/dags/ocr_pipeline_dag.py
[2025-11-11T16:06:04.462-0500] {logging_mixin.py:188} INFO - [2025-11-11T16:06:04.461-0500] {dag.py:3089} INFO - Sync 1 DAGs
[2025-11-11T16:06:04.494-0500] {logging_mixin.py:188} INFO - [2025-11-11T16:06:04.494-0500] {dag.py:3947} INFO - Setting next_dagrun for ocr_pipeline_dag to None, run_after=None
[2025-11-11T16:06:04.544-0500] {processor.py:183} INFO - Processing /opt/airflow/dags/ocr_pipeline_dag.py took 3.101 seconds
[2025-11-11T16:06:34.870-0500] {processor.py:161} INFO - Started process (PID=7436) to work on /opt/airflow/dags/ocr_pipeline_dag.py
[2025-11-11T16:06:34.873-0500] {processor.py:830} INFO - Processing file /opt/airflow/dags/ocr_pipeline_dag.py for tasks to queue
[2025-11-11T16:06:34.876-0500] {logging_mixin.py:188} INFO - [2025-11-11T16:06:34.875-0500] {dagbag.py:545} INFO - Filling up the DagBag from /opt/airflow/dags/ocr_pipeline_dag.py
[2025-11-11T16:06:34.928-0500] {logging_mixin.py:188} INFO - 📂 Using project root: /opt/project
[2025-11-11T16:06:35.417-0500] {logging_mixin.py:188} INFO - [2025-11-11T16:06:35.416-0500] {credentials.py:1278} INFO - Found credentials in shared credentials file: ~/.aws/credentials
[2025-11-11T16:06:37.422-0500] {processor.py:840} INFO - DAG(s) 'ocr_pipeline_dag' retrieved from /opt/airflow/dags/ocr_pipeline_dag.py
[2025-11-11T16:06:37.489-0500] {logging_mixin.py:188} INFO - [2025-11-11T16:06:37.488-0500] {dag.py:3089} INFO - Sync 1 DAGs
[2025-11-11T16:06:37.525-0500] {logging_mixin.py:188} INFO - [2025-11-11T16:06:37.524-0500] {dag.py:3947} INFO - Setting next_dagrun for ocr_pipeline_dag to None, run_after=None
[2025-11-11T16:06:37.578-0500] {processor.py:183} INFO - Processing /opt/airflow/dags/ocr_pipeline_dag.py took 2.672 seconds
[2025-11-11T16:07:08.238-0500] {processor.py:161} INFO - Started process (PID=7442) to work on /opt/airflow/dags/ocr_pipeline_dag.py
[2025-11-11T16:07:08.241-0500] {processor.py:830} INFO - Processing file /opt/airflow/dags/ocr_pipeline_dag.py for tasks to queue
[2025-11-11T16:07:08.244-0500] {logging_mixin.py:188} INFO - [2025-11-11T16:07:08.243-0500] {dagbag.py:545} INFO - Filling up the DagBag from /opt/airflow/dags/ocr_pipeline_dag.py
[2025-11-11T16:07:08.295-0500] {logging_mixin.py:188} INFO - 📂 Using project root: /opt/project
[2025-11-11T16:07:08.766-0500] {logging_mixin.py:188} INFO - [2025-11-11T16:07:08.765-0500] {credentials.py:1278} INFO - Found credentials in shared credentials file: ~/.aws/credentials
[2025-11-11T16:07:10.181-0500] {processor.py:840} INFO - DAG(s) 'ocr_pipeline_dag' retrieved from /opt/airflow/dags/ocr_pipeline_dag.py
[2025-11-11T16:07:10.300-0500] {logging_mixin.py:188} INFO - [2025-11-11T16:07:10.300-0500] {dag.py:3089} INFO - Sync 1 DAGs
[2025-11-11T16:07:10.331-0500] {logging_mixin.py:188} INFO - [2025-11-11T16:07:10.331-0500] {dag.py:3947} INFO - Setting next_dagrun for ocr_pipeline_dag to None, run_after=None
[2025-11-11T16:07:10.380-0500] {processor.py:183} INFO - Processing /opt/airflow/dags/ocr_pipeline_dag.py took 2.159 seconds
[2025-11-11T16:07:40.659-0500] {processor.py:161} INFO - Started process (PID=7448) to work on /opt/airflow/dags/ocr_pipeline_dag.py
[2025-11-11T16:07:40.662-0500] {processor.py:830} INFO - Processing file /opt/airflow/dags/ocr_pipeline_dag.py for tasks to queue
[2025-11-11T16:07:40.665-0500] {logging_mixin.py:188} INFO - [2025-11-11T16:07:40.664-0500] {dagbag.py:545} INFO - Filling up the DagBag from /opt/airflow/dags/ocr_pipeline_dag.py
[2025-11-11T16:07:40.715-0500] {logging_mixin.py:188} INFO - 📂 Using project root: /opt/project
[2025-11-11T16:07:41.174-0500] {logging_mixin.py:188} INFO - [2025-11-11T16:07:41.174-0500] {credentials.py:1278} INFO - Found credentials in shared credentials file: ~/.aws/credentials
[2025-11-11T16:07:42.594-0500] {processor.py:840} INFO - DAG(s) 'ocr_pipeline_dag' retrieved from /opt/airflow/dags/ocr_pipeline_dag.py
[2025-11-11T16:07:42.664-0500] {logging_mixin.py:188} INFO - [2025-11-11T16:07:42.663-0500] {dag.py:3089} INFO - Sync 1 DAGs
[2025-11-11T16:07:42.696-0500] {logging_mixin.py:188} INFO - [2025-11-11T16:07:42.695-0500] {dag.py:3947} INFO - Setting next_dagrun for ocr_pipeline_dag to None, run_after=None
[2025-11-11T16:07:42.752-0500] {processor.py:183} INFO - Processing /opt/airflow/dags/ocr_pipeline_dag.py took 2.111 seconds
[2025-11-11T16:08:13.207-0500] {processor.py:161} INFO - Started process (PID=7454) to work on /opt/airflow/dags/ocr_pipeline_dag.py
[2025-11-11T16:08:13.213-0500] {processor.py:830} INFO - Processing file /opt/airflow/dags/ocr_pipeline_dag.py for tasks to queue
[2025-11-11T16:08:13.218-0500] {logging_mixin.py:188} INFO - [2025-11-11T16:08:13.217-0500] {dagbag.py:545} INFO - Filling up the DagBag from /opt/airflow/dags/ocr_pipeline_dag.py
[2025-11-11T16:08:13.303-0500] {logging_mixin.py:188} INFO - 📂 Using project root: /opt/project
[2025-11-11T16:08:13.936-0500] {logging_mixin.py:188} INFO - [2025-11-11T16:08:13.936-0500] {credentials.py:1278} INFO - Found credentials in shared credentials file: ~/.aws/credentials
[2025-11-11T16:08:15.204-0500] {processor.py:840} INFO - DAG(s) 'ocr_pipeline_dag' retrieved from /opt/airflow/dags/ocr_pipeline_dag.py
[2025-11-11T16:08:15.267-0500] {logging_mixin.py:188} INFO - [2025-11-11T16:08:15.267-0500] {dag.py:3089} INFO - Sync 1 DAGs
[2025-11-11T16:08:15.293-0500] {logging_mixin.py:188} INFO - [2025-11-11T16:08:15.293-0500] {dag.py:3947} INFO - Setting next_dagrun for ocr_pipeline_dag to None, run_after=None
[2025-11-11T16:08:15.341-0500] {processor.py:183} INFO - Processing /opt/airflow/dags/ocr_pipeline_dag.py took 2.166 seconds
[2025-11-11T16:08:45.798-0500] {processor.py:161} INFO - Started process (PID=7460) to work on /opt/airflow/dags/ocr_pipeline_dag.py
[2025-11-11T16:08:45.801-0500] {processor.py:830} INFO - Processing file /opt/airflow/dags/ocr_pipeline_dag.py for tasks to queue
[2025-11-11T16:08:45.805-0500] {logging_mixin.py:188} INFO - [2025-11-11T16:08:45.804-0500] {dagbag.py:545} INFO - Filling up the DagBag from /opt/airflow/dags/ocr_pipeline_dag.py
[2025-11-11T16:08:45.853-0500] {logging_mixin.py:188} INFO - 📂 Using project root: /opt/project
[2025-11-11T16:08:46.234-0500] {logging_mixin.py:188} INFO - [2025-11-11T16:08:46.233-0500] {credentials.py:1278} INFO - Found credentials in shared credentials file: ~/.aws/credentials
[2025-11-11T16:08:47.826-0500] {processor.py:840} INFO - DAG(s) 'ocr_pipeline_dag' retrieved from /opt/airflow/dags/ocr_pipeline_dag.py
[2025-11-11T16:08:47.914-0500] {logging_mixin.py:188} INFO - [2025-11-11T16:08:47.912-0500] {dag.py:3089} INFO - Sync 1 DAGs
[2025-11-11T16:08:47.935-0500] {logging_mixin.py:188} INFO - [2025-11-11T16:08:47.935-0500] {dag.py:3947} INFO - Setting next_dagrun for ocr_pipeline_dag to None, run_after=None
[2025-11-11T16:08:47.976-0500] {processor.py:183} INFO - Processing /opt/airflow/dags/ocr_pipeline_dag.py took 2.194 seconds
[2025-11-11T16:09:18.541-0500] {processor.py:161} INFO - Started process (PID=7466) to work on /opt/airflow/dags/ocr_pipeline_dag.py
[2025-11-11T16:09:18.546-0500] {processor.py:830} INFO - Processing file /opt/airflow/dags/ocr_pipeline_dag.py for tasks to queue
[2025-11-11T16:09:18.552-0500] {logging_mixin.py:188} INFO - [2025-11-11T16:09:18.550-0500] {dagbag.py:545} INFO - Filling up the DagBag from /opt/airflow/dags/ocr_pipeline_dag.py
[2025-11-11T16:09:18.635-0500] {logging_mixin.py:188} INFO - 📂 Using project root: /opt/project
[2025-11-11T16:09:19.282-0500] {logging_mixin.py:188} INFO - [2025-11-11T16:09:19.281-0500] {credentials.py:1278} INFO - Found credentials in shared credentials file: ~/.aws/credentials
[2025-11-11T16:09:20.747-0500] {processor.py:840} INFO - DAG(s) 'ocr_pipeline_dag' retrieved from /opt/airflow/dags/ocr_pipeline_dag.py
[2025-11-11T16:09:20.794-0500] {logging_mixin.py:188} INFO - [2025-11-11T16:09:20.793-0500] {dag.py:3089} INFO - Sync 1 DAGs
[2025-11-11T16:09:20.814-0500] {logging_mixin.py:188} INFO - [2025-11-11T16:09:20.814-0500] {dag.py:3947} INFO - Setting next_dagrun for ocr_pipeline_dag to None, run_after=None
[2025-11-11T16:09:20.849-0500] {processor.py:183} INFO - Processing /opt/airflow/dags/ocr_pipeline_dag.py took 2.337 seconds
[2025-11-11T16:09:51.072-0500] {processor.py:161} INFO - Started process (PID=7472) to work on /opt/airflow/dags/ocr_pipeline_dag.py
[2025-11-11T16:09:51.075-0500] {processor.py:830} INFO - Processing file /opt/airflow/dags/ocr_pipeline_dag.py for tasks to queue
[2025-11-11T16:09:51.077-0500] {logging_mixin.py:188} INFO - [2025-11-11T16:09:51.077-0500] {dagbag.py:545} INFO - Filling up the DagBag from /opt/airflow/dags/ocr_pipeline_dag.py
[2025-11-11T16:09:51.107-0500] {logging_mixin.py:188} INFO - 📂 Using project root: /opt/project
[2025-11-11T16:09:51.566-0500] {logging_mixin.py:188} INFO - [2025-11-11T16:09:51.565-0500] {credentials.py:1278} INFO - Found credentials in shared credentials file: ~/.aws/credentials
[2025-11-11T16:09:55.470-0500] {processor.py:840} INFO - DAG(s) 'ocr_pipeline_dag' retrieved from /opt/airflow/dags/ocr_pipeline_dag.py
[2025-11-11T16:09:55.764-0500] {logging_mixin.py:188} INFO - [2025-11-11T16:09:55.763-0500] {dag.py:3089} INFO - Sync 1 DAGs
[2025-11-11T16:09:55.976-0500] {logging_mixin.py:188} INFO - [2025-11-11T16:09:55.975-0500] {dag.py:3947} INFO - Setting next_dagrun for ocr_pipeline_dag to None, run_after=None
[2025-11-11T16:09:56.121-0500] {processor.py:183} INFO - Processing /opt/airflow/dags/ocr_pipeline_dag.py took 5.063 seconds
