[2025-11-08T11:44:49.896-0500] {manager.py:470} INFO - Processing files using up to 2 processes at a time 
[2025-11-08T11:44:49.899-0500] {manager.py:471} INFO - Process each file at most once every 30 seconds
[2025-11-08T11:44:49.901-0500] {manager.py:472} INFO - Checking for new files in /opt/airflow/dags every 300 seconds
[2025-11-08T11:44:49.903-0500] {manager.py:737} INFO - Searching for files in /opt/airflow/dags
[2025-11-08T11:44:49.947-0500] {manager.py:740} INFO - There are 1 files in /opt/airflow/dags
[2025-11-08T11:44:50.372-0500] {manager.py:878} INFO - 
================================================================================
DAG File Processing Stats

File Path                                PID  Runtime      # DAGs    # Errors  Last Runtime    Last Run
-------------------------------------  -----  ---------  --------  ----------  --------------  ----------
/opt/airflow/dags/ocr_pipeline_dag.py    181  0.28s             0           0
================================================================================
[2025-11-08T11:45:20.678-0500] {manager.py:878} INFO - 
================================================================================
DAG File Processing Stats

File Path                              PID    Runtime      # DAGs    # Errors  Last Runtime    Last Run
-------------------------------------  -----  ---------  --------  ----------  --------------  -------------------
/opt/airflow/dags/ocr_pipeline_dag.py                           1           0  6.31s           2025-11-08T16:44:56
================================================================================
[2025-11-08T11:45:51.053-0500] {manager.py:878} INFO - 
================================================================================
DAG File Processing Stats

File Path                              PID    Runtime      # DAGs    # Errors  Last Runtime    Last Run
-------------------------------------  -----  ---------  --------  ----------  --------------  -------------------
/opt/airflow/dags/ocr_pipeline_dag.py                           1           0  1.41s           2025-11-08T16:45:27
================================================================================
[2025-11-08T11:46:21.586-0500] {manager.py:878} INFO - 
================================================================================
DAG File Processing Stats

File Path                              PID    Runtime      # DAGs    # Errors  Last Runtime    Last Run
-------------------------------------  -----  ---------  --------  ----------  --------------  -------------------
/opt/airflow/dags/ocr_pipeline_dag.py                           1           0  1.19s           2025-11-08T16:45:59
================================================================================
[2025-11-08T11:46:51.965-0500] {manager.py:878} INFO - 
================================================================================
DAG File Processing Stats

File Path                              PID    Runtime      # DAGs    # Errors  Last Runtime    Last Run
-------------------------------------  -----  ---------  --------  ----------  --------------  -------------------
/opt/airflow/dags/ocr_pipeline_dag.py                           1           0  1.62s           2025-11-08T16:46:31
================================================================================
[2025-11-08T11:47:22.338-0500] {manager.py:878} INFO - 
================================================================================
DAG File Processing Stats

File Path                              PID    Runtime      # DAGs    # Errors  Last Runtime    Last Run
-------------------------------------  -----  ---------  --------  ----------  --------------  -------------------
/opt/airflow/dags/ocr_pipeline_dag.py                           1           0  1.52s           2025-11-08T16:47:03
================================================================================
[2025-11-08T11:47:52.931-0500] {manager.py:878} INFO - 
================================================================================
DAG File Processing Stats

File Path                              PID    Runtime      # DAGs    # Errors  Last Runtime    Last Run
-------------------------------------  -----  ---------  --------  ----------  --------------  -------------------
/opt/airflow/dags/ocr_pipeline_dag.py                           1           0  1.08s           2025-11-08T16:47:34
================================================================================
[2025-11-08T11:48:23.364-0500] {manager.py:878} INFO - 
================================================================================
DAG File Processing Stats

File Path                              PID    Runtime      # DAGs    # Errors  Last Runtime    Last Run
-------------------------------------  -----  ---------  --------  ----------  --------------  -------------------
/opt/airflow/dags/ocr_pipeline_dag.py                           1           0  2.58s           2025-11-08T16:48:07
================================================================================
[2025-11-08T11:48:54.270-0500] {manager.py:878} INFO - 
================================================================================
DAG File Processing Stats

File Path                              PID    Runtime      # DAGs    # Errors  Last Runtime    Last Run
-------------------------------------  -----  ---------  --------  ----------  --------------  -------------------
/opt/airflow/dags/ocr_pipeline_dag.py                           1           0  1.16s           2025-11-08T16:48:39
================================================================================
[2025-11-08T11:49:24.755-0500] {manager.py:878} INFO - 
================================================================================
DAG File Processing Stats

File Path                              PID    Runtime      # DAGs    # Errors  Last Runtime    Last Run
-------------------------------------  -----  ---------  --------  ----------  --------------  -------------------
/opt/airflow/dags/ocr_pipeline_dag.py                           1           0  1.56s           2025-11-08T16:49:10
================================================================================
[2025-11-08T11:49:50.155-0500] {manager.py:737} INFO - Searching for files in /opt/airflow/dags
[2025-11-08T11:49:50.199-0500] {manager.py:740} INFO - There are 1 files in /opt/airflow/dags
[2025-11-08T11:49:55.263-0500] {manager.py:878} INFO - 
================================================================================
DAG File Processing Stats

File Path                              PID    Runtime      # DAGs    # Errors  Last Runtime    Last Run
-------------------------------------  -----  ---------  --------  ----------  --------------  -------------------
/opt/airflow/dags/ocr_pipeline_dag.py                           1           0  1.21s           2025-11-08T16:49:42
================================================================================
[2025-11-08T11:50:25.652-0500] {manager.py:878} INFO - 
================================================================================
DAG File Processing Stats

File Path                              PID    Runtime      # DAGs    # Errors  Last Runtime    Last Run
-------------------------------------  -----  ---------  --------  ----------  --------------  -------------------
/opt/airflow/dags/ocr_pipeline_dag.py                           1           0  1.29s           2025-11-08T16:50:13
================================================================================
[2025-11-08T11:50:56.038-0500] {manager.py:878} INFO - 
================================================================================
DAG File Processing Stats

File Path                              PID    Runtime      # DAGs    # Errors  Last Runtime    Last Run
-------------------------------------  -----  ---------  --------  ----------  --------------  -------------------
/opt/airflow/dags/ocr_pipeline_dag.py                           1           0  1.11s           2025-11-08T16:50:45
================================================================================
[2025-11-08T11:51:26.450-0500] {manager.py:878} INFO - 
================================================================================
DAG File Processing Stats

File Path                              PID    Runtime      # DAGs    # Errors  Last Runtime    Last Run
-------------------------------------  -----  ---------  --------  ----------  --------------  -------------------
/opt/airflow/dags/ocr_pipeline_dag.py                           1           0  1.61s           2025-11-08T16:51:16
================================================================================
[2025-11-08T11:51:56.788-0500] {manager.py:878} INFO - 
================================================================================
DAG File Processing Stats

File Path                              PID    Runtime      # DAGs    # Errors  Last Runtime    Last Run
-------------------------------------  -----  ---------  --------  ----------  --------------  -------------------
/opt/airflow/dags/ocr_pipeline_dag.py                           1           0  1.20s           2025-11-08T16:51:48
================================================================================
[2025-11-08T11:52:27.021-0500] {manager.py:878} INFO - 
================================================================================
DAG File Processing Stats

File Path                              PID    Runtime      # DAGs    # Errors  Last Runtime    Last Run
-------------------------------------  -----  ---------  --------  ----------  --------------  -------------------
/opt/airflow/dags/ocr_pipeline_dag.py                           1           0  1.17s           2025-11-08T16:52:19
================================================================================
[2025-11-08T11:52:57.345-0500] {manager.py:878} INFO - 
================================================================================
DAG File Processing Stats

File Path                              PID    Runtime      # DAGs    # Errors  Last Runtime    Last Run
-------------------------------------  -----  ---------  --------  ----------  --------------  -------------------
/opt/airflow/dags/ocr_pipeline_dag.py                           1           0  1.76s           2025-11-08T16:52:51
================================================================================
[2025-11-08T11:53:28.259-0500] {manager.py:878} INFO - 
================================================================================
DAG File Processing Stats

File Path                              PID    Runtime      # DAGs    # Errors  Last Runtime    Last Run
-------------------------------------  -----  ---------  --------  ----------  --------------  -------------------
/opt/airflow/dags/ocr_pipeline_dag.py                           1           0  1.34s           2025-11-08T16:53:23
================================================================================
[2025-11-08T11:54:51.858-0500] {manager.py:470} INFO - Processing files using up to 2 processes at a time 
[2025-11-08T11:54:51.862-0500] {manager.py:471} INFO - Process each file at most once every 30 seconds
[2025-11-08T11:54:51.865-0500] {manager.py:472} INFO - Checking for new files in /opt/airflow/dags every 300 seconds
[2025-11-08T11:54:51.867-0500] {manager.py:737} INFO - Searching for files in /opt/airflow/dags
[2025-11-08T11:54:51.911-0500] {manager.py:740} INFO - There are 1 files in /opt/airflow/dags
[2025-11-08T11:54:52.238-0500] {manager.py:878} INFO - 
================================================================================
DAG File Processing Stats

File Path                                PID  Runtime      # DAGs    # Errors  Last Runtime    Last Run
-------------------------------------  -----  ---------  --------  ----------  --------------  ----------
/opt/airflow/dags/ocr_pipeline_dag.py    181  0.18s             0           0
================================================================================
[2025-11-08T11:55:22.580-0500] {manager.py:878} INFO - 
================================================================================
DAG File Processing Stats

File Path                              PID    Runtime      # DAGs    # Errors  Last Runtime    Last Run
-------------------------------------  -----  ---------  --------  ----------  --------------  -------------------
/opt/airflow/dags/ocr_pipeline_dag.py                           1           0  5.47s           2025-11-08T16:54:57
================================================================================
[2025-11-08T11:55:52.871-0500] {manager.py:878} INFO - 
================================================================================
DAG File Processing Stats

File Path                              PID    Runtime      # DAGs    # Errors  Last Runtime    Last Run
-------------------------------------  -----  ---------  --------  ----------  --------------  -------------------
/opt/airflow/dags/ocr_pipeline_dag.py                           1           0  1.90s           2025-11-08T16:55:29
================================================================================
[2025-11-08T11:56:23.566-0500] {manager.py:878} INFO - 
================================================================================
DAG File Processing Stats

File Path                              PID    Runtime      # DAGs    # Errors  Last Runtime    Last Run
-------------------------------------  -----  ---------  --------  ----------  --------------  -------------------
/opt/airflow/dags/ocr_pipeline_dag.py                           1           0  1.55s           2025-11-08T16:56:01
================================================================================
[2025-11-08T11:56:43.934-0500] {manager.py:452} INFO - Exiting gracefully upon receiving signal 15
[2025-11-08T11:57:29.284-0500] {manager.py:470} INFO - Processing files using up to 2 processes at a time 
[2025-11-08T11:57:29.286-0500] {manager.py:471} INFO - Process each file at most once every 30 seconds
[2025-11-08T11:57:29.288-0500] {manager.py:472} INFO - Checking for new files in /opt/airflow/dags every 300 seconds
[2025-11-08T11:57:29.290-0500] {manager.py:737} INFO - Searching for files in /opt/airflow/dags
[2025-11-08T11:57:29.336-0500] {manager.py:740} INFO - There are 1 files in /opt/airflow/dags
[2025-11-08T11:57:29.509-0500] {manager.py:878} INFO - 
================================================================================
DAG File Processing Stats

File Path                                PID  Runtime      # DAGs    # Errors  Last Runtime    Last Run
-------------------------------------  -----  ---------  --------  ----------  --------------  ----------
/opt/airflow/dags/ocr_pipeline_dag.py    181  0.07s             0           0
================================================================================
[2025-11-08T11:57:59.831-0500] {manager.py:878} INFO - 
================================================================================
DAG File Processing Stats

File Path                              PID    Runtime      # DAGs    # Errors  Last Runtime    Last Run
-------------------------------------  -----  ---------  --------  ----------  --------------  -------------------
/opt/airflow/dags/ocr_pipeline_dag.py                           1           0  3.66s           2025-11-08T16:57:33
================================================================================
[2025-11-08T11:58:30.225-0500] {manager.py:878} INFO - 
================================================================================
DAG File Processing Stats

File Path                              PID    Runtime      # DAGs    # Errors  Last Runtime    Last Run
-------------------------------------  -----  ---------  --------  ----------  --------------  -------------------
/opt/airflow/dags/ocr_pipeline_dag.py                           1           0  1.48s           2025-11-08T16:58:04
================================================================================
[2025-11-08T11:59:00.753-0500] {manager.py:878} INFO - 
================================================================================
DAG File Processing Stats

File Path                              PID    Runtime      # DAGs    # Errors  Last Runtime    Last Run
-------------------------------------  -----  ---------  --------  ----------  --------------  -------------------
/opt/airflow/dags/ocr_pipeline_dag.py                           1           0  1.06s           2025-11-08T16:58:36
================================================================================
[2025-11-08T11:59:31.234-0500] {manager.py:878} INFO - 
================================================================================
DAG File Processing Stats

File Path                              PID    Runtime      # DAGs    # Errors  Last Runtime    Last Run
-------------------------------------  -----  ---------  --------  ----------  --------------  -------------------
/opt/airflow/dags/ocr_pipeline_dag.py                           1           0  1.08s           2025-11-08T16:59:07
================================================================================
[2025-11-08T12:00:01.782-0500] {manager.py:878} INFO - 
================================================================================
DAG File Processing Stats

File Path                              PID    Runtime      # DAGs    # Errors  Last Runtime    Last Run
-------------------------------------  -----  ---------  --------  ----------  --------------  -------------------
/opt/airflow/dags/ocr_pipeline_dag.py                           1           0  1.13s           2025-11-08T16:59:39
================================================================================
[2025-11-08T12:00:32.321-0500] {manager.py:878} INFO - 
================================================================================
DAG File Processing Stats

File Path                              PID    Runtime      # DAGs    # Errors  Last Runtime    Last Run
-------------------------------------  -----  ---------  --------  ----------  --------------  -------------------
/opt/airflow/dags/ocr_pipeline_dag.py                           1           0  1.42s           2025-11-08T17:00:11
================================================================================
[2025-11-08T12:01:03.149-0500] {manager.py:878} INFO - 
================================================================================
DAG File Processing Stats

File Path                              PID    Runtime      # DAGs    # Errors  Last Runtime    Last Run
-------------------------------------  -----  ---------  --------  ----------  --------------  -------------------
/opt/airflow/dags/ocr_pipeline_dag.py                           1           0  1.14s           2025-11-08T17:00:42
================================================================================
[2025-11-08T12:01:27.825-0500] {manager.py:452} INFO - Exiting gracefully upon receiving signal 15
[2025-11-08T12:02:12.961-0500] {manager.py:470} INFO - Processing files using up to 2 processes at a time 
[2025-11-08T12:02:12.963-0500] {manager.py:471} INFO - Process each file at most once every 30 seconds
[2025-11-08T12:02:12.965-0500] {manager.py:472} INFO - Checking for new files in /opt/airflow/dags every 300 seconds
[2025-11-08T12:02:12.967-0500] {manager.py:737} INFO - Searching for files in /opt/airflow/dags
[2025-11-08T12:02:13.005-0500] {manager.py:740} INFO - There are 1 files in /opt/airflow/dags
[2025-11-08T12:02:13.225-0500] {manager.py:878} INFO - 
================================================================================
DAG File Processing Stats

File Path                                PID  Runtime      # DAGs    # Errors  Last Runtime    Last Run
-------------------------------------  -----  ---------  --------  ----------  --------------  ----------
/opt/airflow/dags/ocr_pipeline_dag.py    181  0.11s             0           0
================================================================================
[2025-11-08T12:02:43.514-0500] {manager.py:878} INFO - 
================================================================================
DAG File Processing Stats

File Path                              PID    Runtime      # DAGs    # Errors  Last Runtime    Last Run
-------------------------------------  -----  ---------  --------  ----------  --------------  -------------------
/opt/airflow/dags/ocr_pipeline_dag.py                           1           0  5.26s           2025-11-08T17:02:18
================================================================================
[2025-11-08T12:03:13.966-0500] {manager.py:878} INFO - 
================================================================================
DAG File Processing Stats

File Path                              PID    Runtime      # DAGs    # Errors  Last Runtime    Last Run
-------------------------------------  -----  ---------  --------  ----------  --------------  -------------------
/opt/airflow/dags/ocr_pipeline_dag.py                           1           0  1.31s           2025-11-08T17:02:50
================================================================================
[2025-11-08T12:03:44.734-0500] {manager.py:878} INFO - 
================================================================================
DAG File Processing Stats

File Path                              PID    Runtime      # DAGs    # Errors  Last Runtime    Last Run
-------------------------------------  -----  ---------  --------  ----------  --------------  -------------------
/opt/airflow/dags/ocr_pipeline_dag.py                           1           0  1.46s           2025-11-08T17:03:21
================================================================================
[2025-11-08T12:04:15.402-0500] {manager.py:878} INFO - 
================================================================================
DAG File Processing Stats

File Path                              PID    Runtime      # DAGs    # Errors  Last Runtime    Last Run
-------------------------------------  -----  ---------  --------  ----------  --------------  -------------------
/opt/airflow/dags/ocr_pipeline_dag.py                           1           0  1.43s           2025-11-08T17:03:53
================================================================================
[2025-11-08T12:04:24.283-0500] {manager.py:452} INFO - Exiting gracefully upon receiving signal 15
[2025-11-08T12:04:24.283-0500] {manager.py:452} INFO - Exiting gracefully upon receiving signal 15
[2025-11-08T12:05:06.686-0500] {manager.py:470} INFO - Processing files using up to 2 processes at a time 
[2025-11-08T12:05:06.688-0500] {manager.py:471} INFO - Process each file at most once every 30 seconds
[2025-11-08T12:05:06.691-0500] {manager.py:472} INFO - Checking for new files in /opt/airflow/dags every 300 seconds
[2025-11-08T12:05:06.694-0500] {manager.py:737} INFO - Searching for files in /opt/airflow/dags
[2025-11-08T12:05:06.737-0500] {manager.py:740} INFO - There are 1 files in /opt/airflow/dags
[2025-11-08T12:05:06.935-0500] {manager.py:878} INFO - 
================================================================================
DAG File Processing Stats

File Path                                PID  Runtime      # DAGs    # Errors  Last Runtime    Last Run
-------------------------------------  -----  ---------  --------  ----------  --------------  ----------
/opt/airflow/dags/ocr_pipeline_dag.py    181  0.08s             0           0
================================================================================
[2025-11-08T12:05:37.287-0500] {manager.py:878} INFO - 
================================================================================
DAG File Processing Stats

File Path                              PID    Runtime      # DAGs    # Errors  Last Runtime    Last Run
-------------------------------------  -----  ---------  --------  ----------  --------------  -------------------
/opt/airflow/dags/ocr_pipeline_dag.py                           1           0  3.48s           2025-11-08T17:05:10
================================================================================
[2025-11-08T12:06:07.687-0500] {manager.py:878} INFO - 
================================================================================
DAG File Processing Stats

File Path                              PID    Runtime      # DAGs    # Errors  Last Runtime    Last Run
-------------------------------------  -----  ---------  --------  ----------  --------------  -------------------
/opt/airflow/dags/ocr_pipeline_dag.py                           1           0  3.02s           2025-11-08T17:05:43
================================================================================
[2025-11-08T12:06:38.489-0500] {manager.py:878} INFO - 
================================================================================
DAG File Processing Stats

File Path                              PID    Runtime      # DAGs    # Errors  Last Runtime    Last Run
-------------------------------------  -----  ---------  --------  ----------  --------------  -------------------
/opt/airflow/dags/ocr_pipeline_dag.py                           1           0  1.48s           2025-11-08T17:06:15
================================================================================
[2025-11-08T12:07:09.220-0500] {manager.py:878} INFO - 
================================================================================
DAG File Processing Stats

File Path                              PID    Runtime      # DAGs    # Errors  Last Runtime    Last Run
-------------------------------------  -----  ---------  --------  ----------  --------------  -------------------
/opt/airflow/dags/ocr_pipeline_dag.py                           1           0  1.35s           2025-11-08T17:06:47
================================================================================
[2025-11-08T12:07:39.661-0500] {manager.py:878} INFO - 
================================================================================
DAG File Processing Stats

File Path                              PID    Runtime      # DAGs    # Errors  Last Runtime    Last Run
-------------------------------------  -----  ---------  --------  ----------  --------------  -------------------
/opt/airflow/dags/ocr_pipeline_dag.py                           1           0  1.12s           2025-11-08T17:07:18
================================================================================
[2025-11-08T12:08:10.262-0500] {manager.py:878} INFO - 
================================================================================
DAG File Processing Stats

File Path                              PID    Runtime      # DAGs    # Errors  Last Runtime    Last Run
-------------------------------------  -----  ---------  --------  ----------  --------------  -------------------
/opt/airflow/dags/ocr_pipeline_dag.py                           1           0  1.27s           2025-11-08T17:07:50
================================================================================
[2025-11-08T12:08:40.807-0500] {manager.py:878} INFO - 
================================================================================
DAG File Processing Stats

File Path                              PID    Runtime      # DAGs    # Errors  Last Runtime    Last Run
-------------------------------------  -----  ---------  --------  ----------  --------------  -------------------
/opt/airflow/dags/ocr_pipeline_dag.py                           1           0  1.22s           2025-11-08T17:08:21
================================================================================
[2025-11-08T12:09:11.439-0500] {manager.py:878} INFO - 
================================================================================
DAG File Processing Stats

File Path                              PID    Runtime      # DAGs    # Errors  Last Runtime    Last Run
-------------------------------------  -----  ---------  --------  ----------  --------------  -------------------
/opt/airflow/dags/ocr_pipeline_dag.py                           1           0  2.39s           2025-11-08T17:08:54
================================================================================
[2025-11-08T12:09:41.942-0500] {manager.py:878} INFO - 
================================================================================
DAG File Processing Stats

File Path                              PID    Runtime      # DAGs    # Errors  Last Runtime    Last Run
-------------------------------------  -----  ---------  --------  ----------  --------------  -------------------
/opt/airflow/dags/ocr_pipeline_dag.py                           1           0  4.18s           2025-11-08T17:09:28
================================================================================
[2025-11-08T12:10:07.283-0500] {manager.py:737} INFO - Searching for files in /opt/airflow/dags
[2025-11-08T12:10:07.319-0500] {manager.py:740} INFO - There are 1 files in /opt/airflow/dags
[2025-11-08T12:10:12.383-0500] {manager.py:878} INFO - 
================================================================================
DAG File Processing Stats

File Path                              PID    Runtime      # DAGs    # Errors  Last Runtime    Last Run
-------------------------------------  -----  ---------  --------  ----------  --------------  -------------------
/opt/airflow/dags/ocr_pipeline_dag.py                           1           0  1.12s           2025-11-08T17:10:00
================================================================================
[2025-11-08T12:10:42.787-0500] {manager.py:878} INFO - 
================================================================================
DAG File Processing Stats

File Path                              PID    Runtime      # DAGs    # Errors  Last Runtime    Last Run
-------------------------------------  -----  ---------  --------  ----------  --------------  -------------------
/opt/airflow/dags/ocr_pipeline_dag.py                           1           0  1.63s           2025-11-08T17:10:32
================================================================================
[2025-11-08T12:11:13.212-0500] {manager.py:878} INFO - 
================================================================================
DAG File Processing Stats

File Path                              PID    Runtime      # DAGs    # Errors  Last Runtime    Last Run
-------------------------------------  -----  ---------  --------  ----------  --------------  -------------------
/opt/airflow/dags/ocr_pipeline_dag.py                           1           0  1.34s           2025-11-08T17:11:04
================================================================================
[2025-11-08T12:11:43.588-0500] {manager.py:878} INFO - 
================================================================================
DAG File Processing Stats

File Path                              PID    Runtime      # DAGs    # Errors  Last Runtime    Last Run
-------------------------------------  -----  ---------  --------  ----------  --------------  -------------------
/opt/airflow/dags/ocr_pipeline_dag.py                           1           0  1.28s           2025-11-08T17:11:35
================================================================================
[2025-11-08T12:12:13.992-0500] {manager.py:878} INFO - 
================================================================================
DAG File Processing Stats

File Path                              PID    Runtime      # DAGs    # Errors  Last Runtime    Last Run
-------------------------------------  -----  ---------  --------  ----------  --------------  -------------------
/opt/airflow/dags/ocr_pipeline_dag.py                           1           0  1.86s           2025-11-08T17:12:07
================================================================================
[2025-11-08T12:12:44.907-0500] {manager.py:878} INFO - 
================================================================================
DAG File Processing Stats

File Path                              PID    Runtime      # DAGs    # Errors  Last Runtime    Last Run
-------------------------------------  -----  ---------  --------  ----------  --------------  -------------------
/opt/airflow/dags/ocr_pipeline_dag.py                           1           0  1.22s           2025-11-08T17:12:39
================================================================================
[2025-11-08T12:13:15.491-0500] {manager.py:878} INFO - 
================================================================================
DAG File Processing Stats

File Path                              PID    Runtime      # DAGs    # Errors  Last Runtime    Last Run
-------------------------------------  -----  ---------  --------  ----------  --------------  -------------------
/opt/airflow/dags/ocr_pipeline_dag.py                           1           0  1.27s           2025-11-08T17:13:10
================================================================================
[2025-11-08T12:13:45.983-0500] {manager.py:878} INFO - 
================================================================================
DAG File Processing Stats

File Path                              PID    Runtime      # DAGs    # Errors  Last Runtime    Last Run
-------------------------------------  -----  ---------  --------  ----------  --------------  -------------------
/opt/airflow/dags/ocr_pipeline_dag.py                           1           0  1.45s           2025-11-08T17:13:42
================================================================================
[2025-11-08T12:14:16.343-0500] {manager.py:878} INFO - 
================================================================================
DAG File Processing Stats

File Path                              PID    Runtime      # DAGs    # Errors  Last Runtime    Last Run
-------------------------------------  -----  ---------  --------  ----------  --------------  -------------------
/opt/airflow/dags/ocr_pipeline_dag.py                           1           0  0.95s           2025-11-08T17:14:13
================================================================================
[2025-11-08T12:14:47.217-0500] {manager.py:878} INFO - 
================================================================================
DAG File Processing Stats

File Path                              PID    Runtime      # DAGs    # Errors  Last Runtime    Last Run
-------------------------------------  -----  ---------  --------  ----------  --------------  -------------------
/opt/airflow/dags/ocr_pipeline_dag.py                           1           0  1.62s           2025-11-08T17:14:45
================================================================================
[2025-11-08T12:15:07.473-0500] {manager.py:737} INFO - Searching for files in /opt/airflow/dags
[2025-11-08T12:15:07.519-0500] {manager.py:740} INFO - There are 1 files in /opt/airflow/dags
[2025-11-08T12:15:17.855-0500] {manager.py:878} INFO - 
================================================================================
DAG File Processing Stats

File Path                              PID    Runtime      # DAGs    # Errors  Last Runtime    Last Run
-------------------------------------  -----  ---------  --------  ----------  --------------  -------------------
/opt/airflow/dags/ocr_pipeline_dag.py                           1           0  1.36s           2025-11-08T17:15:16
================================================================================
[2025-11-08T12:15:48.357-0500] {manager.py:878} INFO - 
================================================================================
DAG File Processing Stats

File Path                                PID  Runtime      # DAGs    # Errors  Last Runtime    Last Run
-------------------------------------  -----  ---------  --------  ----------  --------------  -------------------
/opt/airflow/dags/ocr_pipeline_dag.py    335  1.16s             1           0  1.36s           2025-11-08T17:15:16
================================================================================
[2025-11-08T12:16:18.880-0500] {manager.py:878} INFO - 
================================================================================
DAG File Processing Stats

File Path                                PID  Runtime      # DAGs    # Errors  Last Runtime    Last Run
-------------------------------------  -----  ---------  --------  ----------  --------------  -------------------
/opt/airflow/dags/ocr_pipeline_dag.py    341  0.02s             1           0  1.17s           2025-11-08T17:15:48
================================================================================
[2025-11-08T12:16:49.263-0500] {manager.py:878} INFO - 
================================================================================
DAG File Processing Stats

File Path                              PID    Runtime      # DAGs    # Errors  Last Runtime    Last Run
-------------------------------------  -----  ---------  --------  ----------  --------------  -------------------
/opt/airflow/dags/ocr_pipeline_dag.py                           1           0  1.20s           2025-11-08T17:16:20
================================================================================
[2025-11-08T12:17:19.812-0500] {manager.py:878} INFO - 
================================================================================
DAG File Processing Stats

File Path                              PID    Runtime      # DAGs    # Errors  Last Runtime    Last Run
-------------------------------------  -----  ---------  --------  ----------  --------------  -------------------
/opt/airflow/dags/ocr_pipeline_dag.py                           1           0  1.34s           2025-11-08T17:16:51
================================================================================
[2025-11-08T12:17:50.574-0500] {manager.py:878} INFO - 
================================================================================
DAG File Processing Stats

File Path                              PID    Runtime      # DAGs    # Errors  Last Runtime    Last Run
-------------------------------------  -----  ---------  --------  ----------  --------------  -------------------
/opt/airflow/dags/ocr_pipeline_dag.py                           1           0  1.40s           2025-11-08T17:17:23
================================================================================
[2025-11-08T12:18:20.992-0500] {manager.py:878} INFO - 
================================================================================
DAG File Processing Stats

File Path                              PID    Runtime      # DAGs    # Errors  Last Runtime    Last Run
-------------------------------------  -----  ---------  --------  ----------  --------------  -------------------
/opt/airflow/dags/ocr_pipeline_dag.py                           1           0  1.07s           2025-11-08T17:17:54
================================================================================
[2025-11-08T12:18:51.522-0500] {manager.py:878} INFO - 
================================================================================
DAG File Processing Stats

File Path                              PID    Runtime      # DAGs    # Errors  Last Runtime    Last Run
-------------------------------------  -----  ---------  --------  ----------  --------------  -------------------
/opt/airflow/dags/ocr_pipeline_dag.py                           1           0  1.67s           2025-11-08T17:18:26
================================================================================
[2025-11-08T12:19:22.639-0500] {manager.py:878} INFO - 
================================================================================
DAG File Processing Stats

File Path                              PID    Runtime      # DAGs    # Errors  Last Runtime    Last Run
-------------------------------------  -----  ---------  --------  ----------  --------------  -------------------
/opt/airflow/dags/ocr_pipeline_dag.py                           1           0  1.19s           2025-11-08T17:18:58
================================================================================
[2025-11-08T12:19:53.051-0500] {manager.py:878} INFO - 
================================================================================
DAG File Processing Stats

File Path                              PID    Runtime      # DAGs    # Errors  Last Runtime    Last Run
-------------------------------------  -----  ---------  --------  ----------  --------------  -------------------
/opt/airflow/dags/ocr_pipeline_dag.py                           1           0  0.97s           2025-11-08T17:19:29
================================================================================
[2025-11-08T12:20:08.207-0500] {manager.py:737} INFO - Searching for files in /opt/airflow/dags
[2025-11-08T12:20:08.241-0500] {manager.py:740} INFO - There are 1 files in /opt/airflow/dags
[2025-11-08T12:20:23.527-0500] {manager.py:878} INFO - 
================================================================================
DAG File Processing Stats

File Path                              PID    Runtime      # DAGs    # Errors  Last Runtime    Last Run
-------------------------------------  -----  ---------  --------  ----------  --------------  -------------------
/opt/airflow/dags/ocr_pipeline_dag.py                           1           0  1.16s           2025-11-08T17:20:01
================================================================================
[2025-11-08T12:20:53.971-0500] {manager.py:878} INFO - 
================================================================================
DAG File Processing Stats

File Path                              PID    Runtime      # DAGs    # Errors  Last Runtime    Last Run
-------------------------------------  -----  ---------  --------  ----------  --------------  -------------------
/opt/airflow/dags/ocr_pipeline_dag.py                           1           0  1.14s           2025-11-08T17:20:32
================================================================================
[2025-11-08T12:21:24.498-0500] {manager.py:878} INFO - 
================================================================================
DAG File Processing Stats

File Path                              PID    Runtime      # DAGs    # Errors  Last Runtime    Last Run
-------------------------------------  -----  ---------  --------  ----------  --------------  -------------------
/opt/airflow/dags/ocr_pipeline_dag.py                           1           0  1.13s           2025-11-08T17:21:04
================================================================================
[2025-11-08T12:21:54.906-0500] {manager.py:878} INFO - 
================================================================================
DAG File Processing Stats

File Path                              PID    Runtime      # DAGs    # Errors  Last Runtime    Last Run
-------------------------------------  -----  ---------  --------  ----------  --------------  -------------------
/opt/airflow/dags/ocr_pipeline_dag.py                           1           0  1.16s           2025-11-08T17:21:35
================================================================================
[2025-11-08T12:22:20.398-0500] {manager.py:452} INFO - Exiting gracefully upon receiving signal 15
[2025-11-08T12:22:57.897-0500] {manager.py:470} INFO - Processing files using up to 2 processes at a time 
[2025-11-08T12:22:57.900-0500] {manager.py:471} INFO - Process each file at most once every 30 seconds
[2025-11-08T12:22:57.903-0500] {manager.py:472} INFO - Checking for new files in /opt/airflow/dags every 300 seconds
[2025-11-08T12:22:57.905-0500] {manager.py:737} INFO - Searching for files in /opt/airflow/dags
[2025-11-08T12:22:57.966-0500] {manager.py:740} INFO - There are 1 files in /opt/airflow/dags
[2025-11-08T12:22:58.490-0500] {manager.py:878} INFO - 
================================================================================
DAG File Processing Stats

File Path                                PID  Runtime      # DAGs    # Errors  Last Runtime    Last Run
-------------------------------------  -----  ---------  --------  ----------  --------------  ----------
/opt/airflow/dags/ocr_pipeline_dag.py    180  0.25s             0           0
================================================================================
[2025-11-08T12:23:29.243-0500] {manager.py:878} INFO - 
================================================================================
DAG File Processing Stats

File Path                              PID    Runtime      # DAGs    # Errors  Last Runtime    Last Run
-------------------------------------  -----  ---------  --------  ----------  --------------  -------------------
/opt/airflow/dags/ocr_pipeline_dag.py                           1           0  2.71s           2025-11-08T17:23:00
================================================================================
[2025-11-08T12:23:59.701-0500] {manager.py:878} INFO - 
================================================================================
DAG File Processing Stats

File Path                              PID    Runtime      # DAGs    # Errors  Last Runtime    Last Run
-------------------------------------  -----  ---------  --------  ----------  --------------  -------------------
/opt/airflow/dags/ocr_pipeline_dag.py                           1           0  1.15s           2025-11-08T17:23:32
================================================================================
[2025-11-08T12:24:30.127-0500] {manager.py:878} INFO - 
================================================================================
DAG File Processing Stats

File Path                              PID    Runtime      # DAGs    # Errors  Last Runtime    Last Run
-------------------------------------  -----  ---------  --------  ----------  --------------  -------------------
/opt/airflow/dags/ocr_pipeline_dag.py                           1           0  1.60s           2025-11-08T17:24:04
================================================================================
[2025-11-08T12:25:01.115-0500] {manager.py:878} INFO - 
================================================================================
DAG File Processing Stats

File Path                              PID    Runtime      # DAGs    # Errors  Last Runtime    Last Run
-------------------------------------  -----  ---------  --------  ----------  --------------  -------------------
/opt/airflow/dags/ocr_pipeline_dag.py                           1           0  2.20s           2025-11-08T17:24:36
================================================================================
[2025-11-08T12:25:31.635-0500] {manager.py:878} INFO - 
================================================================================
DAG File Processing Stats

File Path                              PID    Runtime      # DAGs    # Errors  Last Runtime    Last Run
-------------------------------------  -----  ---------  --------  ----------  --------------  -------------------
/opt/airflow/dags/ocr_pipeline_dag.py                           1           0  1.59s           2025-11-08T17:25:08
================================================================================
[2025-11-08T12:26:02.036-0500] {manager.py:878} INFO - 
================================================================================
DAG File Processing Stats

File Path                              PID    Runtime      # DAGs    # Errors  Last Runtime    Last Run
-------------------------------------  -----  ---------  --------  ----------  --------------  -------------------
/opt/airflow/dags/ocr_pipeline_dag.py                           1           0  1.02s           2025-11-08T17:25:40
================================================================================
[2025-11-08T12:26:32.229-0500] {manager.py:878} INFO - 
================================================================================
DAG File Processing Stats

File Path                              PID    Runtime      # DAGs    # Errors  Last Runtime    Last Run
-------------------------------------  -----  ---------  --------  ----------  --------------  -------------------
/opt/airflow/dags/ocr_pipeline_dag.py                           1           0  1.13s           2025-11-08T17:26:11
================================================================================
[2025-11-08T12:27:02.640-0500] {manager.py:878} INFO - 
================================================================================
DAG File Processing Stats

File Path                              PID    Runtime      # DAGs    # Errors  Last Runtime    Last Run
-------------------------------------  -----  ---------  --------  ----------  --------------  -------------------
/opt/airflow/dags/ocr_pipeline_dag.py                           1           0  1.04s           2025-11-08T17:26:43
================================================================================
[2025-11-08T12:27:33.021-0500] {manager.py:878} INFO - 
================================================================================
DAG File Processing Stats

File Path                              PID    Runtime      # DAGs    # Errors  Last Runtime    Last Run
-------------------------------------  -----  ---------  --------  ----------  --------------  -------------------
/opt/airflow/dags/ocr_pipeline_dag.py                           1           0  1.25s           2025-11-08T17:27:14
================================================================================
[2025-11-08T12:27:58.668-0500] {manager.py:737} INFO - Searching for files in /opt/airflow/dags
[2025-11-08T12:27:58.721-0500] {manager.py:740} INFO - There are 1 files in /opt/airflow/dags
[2025-11-08T12:28:03.797-0500] {manager.py:878} INFO - 
================================================================================
DAG File Processing Stats

File Path                              PID    Runtime      # DAGs    # Errors  Last Runtime    Last Run
-------------------------------------  -----  ---------  --------  ----------  --------------  -------------------
/opt/airflow/dags/ocr_pipeline_dag.py                           1           0  1.30s           2025-11-08T17:27:46
================================================================================
[2025-11-08T12:28:34.226-0500] {manager.py:878} INFO - 
================================================================================
DAG File Processing Stats

File Path                              PID    Runtime      # DAGs    # Errors  Last Runtime    Last Run
-------------------------------------  -----  ---------  --------  ----------  --------------  -------------------
/opt/airflow/dags/ocr_pipeline_dag.py                           1           0  0.97s           2025-11-08T17:28:17
================================================================================
[2025-11-08T12:29:04.659-0500] {manager.py:878} INFO - 
================================================================================
DAG File Processing Stats

File Path                              PID    Runtime      # DAGs    # Errors  Last Runtime    Last Run
-------------------------------------  -----  ---------  --------  ----------  --------------  -------------------
/opt/airflow/dags/ocr_pipeline_dag.py                           1           0  1.29s           2025-11-08T17:28:49
================================================================================
[2025-11-08T12:29:35.146-0500] {manager.py:878} INFO - 
================================================================================
DAG File Processing Stats

File Path                              PID    Runtime      # DAGs    # Errors  Last Runtime    Last Run
-------------------------------------  -----  ---------  --------  ----------  --------------  -------------------
/opt/airflow/dags/ocr_pipeline_dag.py                           1           0  0.93s           2025-11-08T17:29:20
================================================================================
[2025-11-08T12:30:05.621-0500] {manager.py:878} INFO - 
================================================================================
DAG File Processing Stats

File Path                              PID    Runtime      # DAGs    # Errors  Last Runtime    Last Run
-------------------------------------  -----  ---------  --------  ----------  --------------  -------------------
/opt/airflow/dags/ocr_pipeline_dag.py                           1           0  1.11s           2025-11-08T17:29:52
================================================================================
[2025-11-08T12:30:36.044-0500] {manager.py:878} INFO - 
================================================================================
DAG File Processing Stats

File Path                              PID    Runtime      # DAGs    # Errors  Last Runtime    Last Run
-------------------------------------  -----  ---------  --------  ----------  --------------  -------------------
/opt/airflow/dags/ocr_pipeline_dag.py                           1           0  1.09s           2025-11-08T17:30:24
================================================================================
[2025-11-08T12:31:06.425-0500] {manager.py:878} INFO - 
================================================================================
DAG File Processing Stats

File Path                              PID    Runtime      # DAGs    # Errors  Last Runtime    Last Run
-------------------------------------  -----  ---------  --------  ----------  --------------  -------------------
/opt/airflow/dags/ocr_pipeline_dag.py                           1           0  1.24s           2025-11-08T17:30:55
================================================================================
[2025-11-08T12:31:36.965-0500] {manager.py:878} INFO - 
================================================================================
DAG File Processing Stats

File Path                              PID    Runtime      # DAGs    # Errors  Last Runtime    Last Run
-------------------------------------  -----  ---------  --------  ----------  --------------  -------------------
/opt/airflow/dags/ocr_pipeline_dag.py                           1           0  1.61s           2025-11-08T17:31:27
================================================================================
[2025-11-08T12:32:07.979-0500] {manager.py:878} INFO - 
================================================================================
DAG File Processing Stats

File Path                              PID    Runtime      # DAGs    # Errors  Last Runtime    Last Run
-------------------------------------  -----  ---------  --------  ----------  --------------  -------------------
/opt/airflow/dags/ocr_pipeline_dag.py                           1           0  1.08s           2025-11-08T17:31:58
================================================================================
[2025-11-08T12:32:38.357-0500] {manager.py:878} INFO - 
================================================================================
DAG File Processing Stats

File Path                              PID    Runtime      # DAGs    # Errors  Last Runtime    Last Run
-------------------------------------  -----  ---------  --------  ----------  --------------  -------------------
/opt/airflow/dags/ocr_pipeline_dag.py                           1           0  1.07s           2025-11-08T17:32:30
================================================================================
[2025-11-08T12:32:58.679-0500] {manager.py:737} INFO - Searching for files in /opt/airflow/dags
[2025-11-08T12:32:58.708-0500] {manager.py:740} INFO - There are 1 files in /opt/airflow/dags
[2025-11-08T12:33:08.792-0500] {manager.py:878} INFO - 
================================================================================
DAG File Processing Stats

File Path                              PID    Runtime      # DAGs    # Errors  Last Runtime    Last Run
-------------------------------------  -----  ---------  --------  ----------  --------------  -------------------
/opt/airflow/dags/ocr_pipeline_dag.py                           1           0  1.21s           2025-11-08T17:33:01
================================================================================
[2025-11-08T12:33:39.255-0500] {manager.py:878} INFO - 
================================================================================
DAG File Processing Stats

File Path                              PID    Runtime      # DAGs    # Errors  Last Runtime    Last Run
-------------------------------------  -----  ---------  --------  ----------  --------------  -------------------
/opt/airflow/dags/ocr_pipeline_dag.py                           1           0  1.06s           2025-11-08T17:33:33
================================================================================
[2025-11-08T12:34:09.651-0500] {manager.py:878} INFO - 
================================================================================
DAG File Processing Stats

File Path                              PID    Runtime      # DAGs    # Errors  Last Runtime    Last Run
-------------------------------------  -----  ---------  --------  ----------  --------------  -------------------
/opt/airflow/dags/ocr_pipeline_dag.py                           1           0  1.65s           2025-11-08T17:34:05
================================================================================
[2025-11-08T12:34:40.004-0500] {manager.py:878} INFO - 
================================================================================
DAG File Processing Stats

File Path                              PID    Runtime      # DAGs    # Errors  Last Runtime    Last Run
-------------------------------------  -----  ---------  --------  ----------  --------------  -------------------
/opt/airflow/dags/ocr_pipeline_dag.py                           1           0  1.49s           2025-11-08T17:34:37
================================================================================
[2025-11-08T12:35:10.523-0500] {manager.py:878} INFO - 
================================================================================
DAG File Processing Stats

File Path                              PID    Runtime      # DAGs    # Errors  Last Runtime    Last Run
-------------------------------------  -----  ---------  --------  ----------  --------------  -------------------
/opt/airflow/dags/ocr_pipeline_dag.py                           1           0  1.05s           2025-11-08T17:35:08
================================================================================
[2025-11-08T12:35:41.039-0500] {manager.py:878} INFO - 
================================================================================
DAG File Processing Stats

File Path                              PID    Runtime      # DAGs    # Errors  Last Runtime    Last Run
-------------------------------------  -----  ---------  --------  ----------  --------------  -------------------
/opt/airflow/dags/ocr_pipeline_dag.py                           1           0  1.43s           2025-11-08T17:35:40
================================================================================
[2025-11-08T12:36:11.435-0500] {manager.py:878} INFO - 
================================================================================
DAG File Processing Stats

File Path                                PID  Runtime      # DAGs    # Errors  Last Runtime    Last Run
-------------------------------------  -----  ---------  --------  ----------  --------------  -------------------
/opt/airflow/dags/ocr_pipeline_dag.py    348  0.65s             1           0  1.43s           2025-11-08T17:35:40
================================================================================
[2025-11-08T12:36:42.196-0500] {manager.py:878} INFO - 
================================================================================
DAG File Processing Stats

File Path                                PID  Runtime      # DAGs    # Errors  Last Runtime    Last Run
-------------------------------------  -----  ---------  --------  ----------  --------------  -------------------
/opt/airflow/dags/ocr_pipeline_dag.py    354  0.01s             1           0  1.04s           2025-11-08T17:36:11
================================================================================
[2025-11-08T12:37:12.638-0500] {manager.py:878} INFO - 
================================================================================
DAG File Processing Stats

File Path                              PID    Runtime      # DAGs    # Errors  Last Runtime    Last Run
-------------------------------------  -----  ---------  --------  ----------  --------------  -------------------
/opt/airflow/dags/ocr_pipeline_dag.py                           1           0  1.09s           2025-11-08T17:36:43
================================================================================
[2025-11-08T12:37:43.084-0500] {manager.py:878} INFO - 
================================================================================
DAG File Processing Stats

File Path                              PID    Runtime      # DAGs    # Errors  Last Runtime    Last Run
-------------------------------------  -----  ---------  --------  ----------  --------------  -------------------
/opt/airflow/dags/ocr_pipeline_dag.py                           1           0  1.08s           2025-11-08T17:37:14
================================================================================
[2025-11-08T12:37:58.819-0500] {manager.py:737} INFO - Searching for files in /opt/airflow/dags
[2025-11-08T12:37:58.844-0500] {manager.py:740} INFO - There are 1 files in /opt/airflow/dags
[2025-11-08T12:38:14.078-0500] {manager.py:878} INFO - 
================================================================================
DAG File Processing Stats

File Path                              PID    Runtime      # DAGs    # Errors  Last Runtime    Last Run
-------------------------------------  -----  ---------  --------  ----------  --------------  -------------------
/opt/airflow/dags/ocr_pipeline_dag.py                           1           0  1.48s           2025-11-08T17:37:46
================================================================================
[2025-11-08T12:38:44.741-0500] {manager.py:878} INFO - 
================================================================================
DAG File Processing Stats

File Path                              PID    Runtime      # DAGs    # Errors  Last Runtime    Last Run
-------------------------------------  -----  ---------  --------  ----------  --------------  -------------------
/opt/airflow/dags/ocr_pipeline_dag.py                           1           0  1.06s           2025-11-08T17:38:17
================================================================================
[2025-11-08T12:39:15.230-0500] {manager.py:878} INFO - 
================================================================================
DAG File Processing Stats

File Path                              PID    Runtime      # DAGs    # Errors  Last Runtime    Last Run
-------------------------------------  -----  ---------  --------  ----------  --------------  -------------------
/opt/airflow/dags/ocr_pipeline_dag.py                           1           0  1.30s           2025-11-08T17:38:49
================================================================================
[2025-11-08T12:39:45.592-0500] {manager.py:878} INFO - 
================================================================================
DAG File Processing Stats

File Path                              PID    Runtime      # DAGs    # Errors  Last Runtime    Last Run
-------------------------------------  -----  ---------  --------  ----------  --------------  -------------------
/opt/airflow/dags/ocr_pipeline_dag.py                           1           0  1.19s           2025-11-08T17:39:20
================================================================================
[2025-11-08T12:40:16.706-0500] {manager.py:878} INFO - 
================================================================================
DAG File Processing Stats

File Path                              PID    Runtime      # DAGs    # Errors  Last Runtime    Last Run
-------------------------------------  -----  ---------  --------  ----------  --------------  -------------------
/opt/airflow/dags/ocr_pipeline_dag.py                           1           0  1.21s           2025-11-08T17:39:51
================================================================================
[2025-11-08T12:40:46.871-0500] {manager.py:878} INFO - 
================================================================================
DAG File Processing Stats

File Path                              PID    Runtime      # DAGs    # Errors  Last Runtime    Last Run
-------------------------------------  -----  ---------  --------  ----------  --------------  -------------------
/opt/airflow/dags/ocr_pipeline_dag.py                           1           0  1.22s           2025-11-08T17:40:23
================================================================================
[2025-11-08T12:41:17.036-0500] {manager.py:878} INFO - 
================================================================================
DAG File Processing Stats

File Path                              PID    Runtime      # DAGs    # Errors  Last Runtime    Last Run
-------------------------------------  -----  ---------  --------  ----------  --------------  -------------------
/opt/airflow/dags/ocr_pipeline_dag.py                           1           0  1.60s           2025-11-08T17:40:55
================================================================================
[2025-11-08T12:41:47.468-0500] {manager.py:878} INFO - 
================================================================================
DAG File Processing Stats

File Path                              PID    Runtime      # DAGs    # Errors  Last Runtime    Last Run
-------------------------------------  -----  ---------  --------  ----------  --------------  -------------------
/opt/airflow/dags/ocr_pipeline_dag.py                           1           0  1.21s           2025-11-08T17:41:27
================================================================================
[2025-11-08T12:42:18.628-0500] {manager.py:878} INFO - 
================================================================================
DAG File Processing Stats

File Path                              PID    Runtime      # DAGs    # Errors  Last Runtime    Last Run
-------------------------------------  -----  ---------  --------  ----------  --------------  -------------------
/opt/airflow/dags/ocr_pipeline_dag.py                           1           0  1.27s           2025-11-08T17:41:58
================================================================================
[2025-11-08T12:42:48.836-0500] {manager.py:878} INFO - 
================================================================================
DAG File Processing Stats

File Path                              PID    Runtime      # DAGs    # Errors  Last Runtime    Last Run
-------------------------------------  -----  ---------  --------  ----------  --------------  -------------------
/opt/airflow/dags/ocr_pipeline_dag.py                           1           0  1.67s           2025-11-08T17:42:31
================================================================================
[2025-11-08T12:42:59.079-0500] {manager.py:737} INFO - Searching for files in /opt/airflow/dags
[2025-11-08T12:42:59.123-0500] {manager.py:740} INFO - There are 1 files in /opt/airflow/dags
[2025-11-08T12:43:19.016-0500] {manager.py:878} INFO - 
================================================================================
DAG File Processing Stats

File Path                              PID    Runtime      # DAGs    # Errors  Last Runtime    Last Run
-------------------------------------  -----  ---------  --------  ----------  --------------  -------------------
/opt/airflow/dags/ocr_pipeline_dag.py                           1           0  1.18s           2025-11-08T17:43:02
================================================================================
[2025-11-08T12:43:49.518-0500] {manager.py:878} INFO - 
================================================================================
DAG File Processing Stats

File Path                              PID    Runtime      # DAGs    # Errors  Last Runtime    Last Run
-------------------------------------  -----  ---------  --------  ----------  --------------  -------------------
/opt/airflow/dags/ocr_pipeline_dag.py                           1           0  1.00s           2025-11-08T17:43:34
================================================================================
[2025-11-08T12:44:19.964-0500] {manager.py:878} INFO - 
================================================================================
DAG File Processing Stats

File Path                              PID    Runtime      # DAGs    # Errors  Last Runtime    Last Run
-------------------------------------  -----  ---------  --------  ----------  --------------  -------------------
/opt/airflow/dags/ocr_pipeline_dag.py                           1           0  1.18s           2025-11-08T17:44:05
================================================================================
[2025-11-08T12:44:50.562-0500] {manager.py:878} INFO - 
================================================================================
DAG File Processing Stats

File Path                              PID    Runtime      # DAGs    # Errors  Last Runtime    Last Run
-------------------------------------  -----  ---------  --------  ----------  --------------  -------------------
/opt/airflow/dags/ocr_pipeline_dag.py                           1           0  0.98s           2025-11-08T17:44:37
================================================================================
[2025-11-08T12:45:21.048-0500] {manager.py:878} INFO - 
================================================================================
DAG File Processing Stats

File Path                              PID    Runtime      # DAGs    # Errors  Last Runtime    Last Run
-------------------------------------  -----  ---------  --------  ----------  --------------  -------------------
/opt/airflow/dags/ocr_pipeline_dag.py                           1           0  1.07s           2025-11-08T17:45:09
================================================================================
[2025-11-08T12:45:51.582-0500] {manager.py:878} INFO - 
================================================================================
DAG File Processing Stats

File Path                              PID    Runtime      # DAGs    # Errors  Last Runtime    Last Run
-------------------------------------  -----  ---------  --------  ----------  --------------  -------------------
/opt/airflow/dags/ocr_pipeline_dag.py                           1           0  1.08s           2025-11-08T17:45:40
================================================================================
[2025-11-08T12:46:22.021-0500] {manager.py:878} INFO - 
================================================================================
DAG File Processing Stats

File Path                              PID    Runtime      # DAGs    # Errors  Last Runtime    Last Run
-------------------------------------  -----  ---------  --------  ----------  --------------  -------------------
/opt/airflow/dags/ocr_pipeline_dag.py                           1           0  1.20s           2025-11-08T17:46:12
================================================================================
[2025-11-08T12:46:52.518-0500] {manager.py:878} INFO - 
================================================================================
DAG File Processing Stats

File Path                              PID    Runtime      # DAGs    # Errors  Last Runtime    Last Run
-------------------------------------  -----  ---------  --------  ----------  --------------  -------------------
/opt/airflow/dags/ocr_pipeline_dag.py                           1           0  1.16s           2025-11-08T17:46:43
================================================================================
[2025-11-08T12:47:23.087-0500] {manager.py:878} INFO - 
================================================================================
DAG File Processing Stats

File Path                              PID    Runtime      # DAGs    # Errors  Last Runtime    Last Run
-------------------------------------  -----  ---------  --------  ----------  --------------  -------------------
/opt/airflow/dags/ocr_pipeline_dag.py                           1           0  1.05s           2025-11-08T17:47:14
================================================================================
[2025-11-08T12:47:53.615-0500] {manager.py:878} INFO - 
================================================================================
DAG File Processing Stats

File Path                              PID    Runtime      # DAGs    # Errors  Last Runtime    Last Run
-------------------------------------  -----  ---------  --------  ----------  --------------  -------------------
/opt/airflow/dags/ocr_pipeline_dag.py                           1           0  1.00s           2025-11-08T17:47:46
================================================================================
[2025-11-08T12:47:59.836-0500] {manager.py:737} INFO - Searching for files in /opt/airflow/dags
[2025-11-08T12:47:59.887-0500] {manager.py:740} INFO - There are 1 files in /opt/airflow/dags
[2025-11-08T12:48:24.228-0500] {manager.py:878} INFO - 
================================================================================
DAG File Processing Stats

File Path                              PID    Runtime      # DAGs    # Errors  Last Runtime    Last Run
-------------------------------------  -----  ---------  --------  ----------  --------------  -------------------
/opt/airflow/dags/ocr_pipeline_dag.py                           1           0  1.06s           2025-11-08T17:48:18
================================================================================
[2025-11-08T12:48:54.724-0500] {manager.py:878} INFO - 
================================================================================
DAG File Processing Stats

File Path                              PID    Runtime      # DAGs    # Errors  Last Runtime    Last Run
-------------------------------------  -----  ---------  --------  ----------  --------------  -------------------
/opt/airflow/dags/ocr_pipeline_dag.py                           1           0  1.49s           2025-11-08T17:48:50
================================================================================
[2025-11-08T12:49:25.545-0500] {manager.py:878} INFO - 
================================================================================
DAG File Processing Stats

File Path                              PID    Runtime      # DAGs    # Errors  Last Runtime    Last Run
-------------------------------------  -----  ---------  --------  ----------  --------------  -------------------
/opt/airflow/dags/ocr_pipeline_dag.py                           1           0  1.04s           2025-11-08T17:49:21
================================================================================
[2025-11-08T12:49:56.020-0500] {manager.py:878} INFO - 
================================================================================
DAG File Processing Stats

File Path                              PID    Runtime      # DAGs    # Errors  Last Runtime    Last Run
-------------------------------------  -----  ---------  --------  ----------  --------------  -------------------
/opt/airflow/dags/ocr_pipeline_dag.py                           1           0  0.98s           2025-11-08T17:49:52
================================================================================
[2025-11-08T12:50:26.595-0500] {manager.py:878} INFO - 
================================================================================
DAG File Processing Stats

File Path                              PID    Runtime      # DAGs    # Errors  Last Runtime    Last Run
-------------------------------------  -----  ---------  --------  ----------  --------------  -------------------
/opt/airflow/dags/ocr_pipeline_dag.py                           1           0  1.07s           2025-11-08T17:50:24
================================================================================
[2025-11-08T12:50:57.228-0500] {manager.py:878} INFO - 
================================================================================
DAG File Processing Stats

File Path                              PID    Runtime      # DAGs    # Errors  Last Runtime    Last Run
-------------------------------------  -----  ---------  --------  ----------  --------------  -------------------
/opt/airflow/dags/ocr_pipeline_dag.py                           1           0  1.30s           2025-11-08T17:50:56
================================================================================
[2025-11-08T12:51:27.754-0500] {manager.py:878} INFO - 
================================================================================
DAG File Processing Stats

File Path                                PID  Runtime      # DAGs    # Errors  Last Runtime    Last Run
-------------------------------------  -----  ---------  --------  ----------  --------------  -------------------
/opt/airflow/dags/ocr_pipeline_dag.py    522  1.01s             1           0  1.30s           2025-11-08T17:50:56
================================================================================
[2025-11-08T12:51:58.290-0500] {manager.py:878} INFO - 
================================================================================
DAG File Processing Stats

File Path                                PID  Runtime      # DAGs    # Errors  Last Runtime    Last Run
-------------------------------------  -----  ---------  --------  ----------  --------------  -------------------
/opt/airflow/dags/ocr_pipeline_dag.py    528  0.01s             1           0  1.20s           2025-11-08T17:51:27
================================================================================
[2025-11-08T12:52:29.391-0500] {manager.py:878} INFO - 
================================================================================
DAG File Processing Stats

File Path                              PID    Runtime      # DAGs    # Errors  Last Runtime    Last Run
-------------------------------------  -----  ---------  --------  ----------  --------------  -------------------
/opt/airflow/dags/ocr_pipeline_dag.py                           1           0  1.67s           2025-11-08T17:51:59
================================================================================
[2025-11-08T12:53:00.241-0500] {manager.py:737} INFO - Searching for files in /opt/airflow/dags
[2025-11-08T12:53:00.279-0500] {manager.py:740} INFO - There are 1 files in /opt/airflow/dags
[2025-11-08T12:53:00.301-0500] {manager.py:878} INFO - 
================================================================================
DAG File Processing Stats

File Path                              PID    Runtime      # DAGs    # Errors  Last Runtime    Last Run
-------------------------------------  -----  ---------  --------  ----------  --------------  -------------------
/opt/airflow/dags/ocr_pipeline_dag.py                           1           0  1.06s           2025-11-08T17:52:31
================================================================================
[2025-11-08T12:53:30.856-0500] {manager.py:878} INFO - 
================================================================================
DAG File Processing Stats

File Path                              PID    Runtime      # DAGs    # Errors  Last Runtime    Last Run
-------------------------------------  -----  ---------  --------  ----------  --------------  -------------------
/opt/airflow/dags/ocr_pipeline_dag.py                           1           0  1.29s           2025-11-08T17:53:02
================================================================================
[2025-11-08T12:54:01.471-0500] {manager.py:878} INFO - 
================================================================================
DAG File Processing Stats

File Path                              PID    Runtime      # DAGs    # Errors  Last Runtime    Last Run
-------------------------------------  -----  ---------  --------  ----------  --------------  -------------------
/opt/airflow/dags/ocr_pipeline_dag.py                           1           0  1.00s           2025-11-08T17:53:34
================================================================================
[2025-11-08T12:54:32.005-0500] {manager.py:878} INFO - 
================================================================================
DAG File Processing Stats

File Path                              PID    Runtime      # DAGs    # Errors  Last Runtime    Last Run
-------------------------------------  -----  ---------  --------  ----------  --------------  -------------------
/opt/airflow/dags/ocr_pipeline_dag.py                           1           0  1.17s           2025-11-08T17:54:05
================================================================================
[2025-11-08T12:55:02.466-0500] {manager.py:878} INFO - 
================================================================================
DAG File Processing Stats

File Path                              PID    Runtime      # DAGs    # Errors  Last Runtime    Last Run
-------------------------------------  -----  ---------  --------  ----------  --------------  -------------------
/opt/airflow/dags/ocr_pipeline_dag.py                           1           0  1.92s           2025-11-08T17:54:38
================================================================================
[2025-11-08T12:55:33.088-0500] {manager.py:878} INFO - 
================================================================================
DAG File Processing Stats

File Path                              PID    Runtime      # DAGs    # Errors  Last Runtime    Last Run
-------------------------------------  -----  ---------  --------  ----------  --------------  -------------------
/opt/airflow/dags/ocr_pipeline_dag.py                           1           0  1.25s           2025-11-08T17:55:09
================================================================================
[2025-11-08T12:56:03.709-0500] {manager.py:878} INFO - 
================================================================================
DAG File Processing Stats

File Path                              PID    Runtime      # DAGs    # Errors  Last Runtime    Last Run
-------------------------------------  -----  ---------  --------  ----------  --------------  -------------------
/opt/airflow/dags/ocr_pipeline_dag.py                           1           0  0.95s           2025-11-08T17:55:41
================================================================================
[2025-11-08T12:56:34.253-0500] {manager.py:878} INFO - 
================================================================================
DAG File Processing Stats

File Path                              PID    Runtime      # DAGs    # Errors  Last Runtime    Last Run
-------------------------------------  -----  ---------  --------  ----------  --------------  -------------------
/opt/airflow/dags/ocr_pipeline_dag.py                           1           0  0.96s           2025-11-08T17:56:12
================================================================================
[2025-11-08T12:57:04.683-0500] {manager.py:878} INFO - 
================================================================================
DAG File Processing Stats

File Path                              PID    Runtime      # DAGs    # Errors  Last Runtime    Last Run
-------------------------------------  -----  ---------  --------  ----------  --------------  -------------------
/opt/airflow/dags/ocr_pipeline_dag.py                           1           0  0.90s           2025-11-08T17:56:44
================================================================================
[2025-11-08T12:57:35.222-0500] {manager.py:878} INFO - 
================================================================================
DAG File Processing Stats

File Path                              PID    Runtime      # DAGs    # Errors  Last Runtime    Last Run
-------------------------------------  -----  ---------  --------  ----------  --------------  -------------------
/opt/airflow/dags/ocr_pipeline_dag.py                           1           0  1.02s           2025-11-08T17:57:15
================================================================================
[2025-11-08T12:58:00.571-0500] {manager.py:737} INFO - Searching for files in /opt/airflow/dags
[2025-11-08T12:58:00.603-0500] {manager.py:740} INFO - There are 1 files in /opt/airflow/dags
[2025-11-08T12:58:05.866-0500] {manager.py:878} INFO - 
================================================================================
DAG File Processing Stats

File Path                              PID    Runtime      # DAGs    # Errors  Last Runtime    Last Run
-------------------------------------  -----  ---------  --------  ----------  --------------  -------------------
/opt/airflow/dags/ocr_pipeline_dag.py                           1           0  1.05s           2025-11-08T17:57:47
================================================================================
[2025-11-08T12:58:36.476-0500] {manager.py:878} INFO - 
================================================================================
DAG File Processing Stats

File Path                              PID    Runtime      # DAGs    # Errors  Last Runtime    Last Run
-------------------------------------  -----  ---------  --------  ----------  --------------  -------------------
/opt/airflow/dags/ocr_pipeline_dag.py                           1           0  1.17s           2025-11-08T17:58:19
================================================================================
[2025-11-08T12:59:07.026-0500] {manager.py:878} INFO - 
================================================================================
DAG File Processing Stats

File Path                              PID    Runtime      # DAGs    # Errors  Last Runtime    Last Run
-------------------------------------  -----  ---------  --------  ----------  --------------  -------------------
/opt/airflow/dags/ocr_pipeline_dag.py                           1           0  1.54s           2025-11-08T17:58:51
================================================================================
[2025-11-08T12:59:37.913-0500] {manager.py:878} INFO - 
================================================================================
DAG File Processing Stats

File Path                              PID    Runtime      # DAGs    # Errors  Last Runtime    Last Run
-------------------------------------  -----  ---------  --------  ----------  --------------  -------------------
/opt/airflow/dags/ocr_pipeline_dag.py                           1           0  1.44s           2025-11-08T17:59:22
================================================================================
[2025-11-08T13:00:08.439-0500] {manager.py:878} INFO - 
================================================================================
DAG File Processing Stats

File Path                              PID    Runtime      # DAGs    # Errors  Last Runtime    Last Run
-------------------------------------  -----  ---------  --------  ----------  --------------  -------------------
/opt/airflow/dags/ocr_pipeline_dag.py                           1           0  1.56s           2025-11-08T17:59:54
================================================================================
[2025-11-08T13:00:39.551-0500] {manager.py:878} INFO - 
================================================================================
DAG File Processing Stats

File Path                              PID    Runtime      # DAGs    # Errors  Last Runtime    Last Run
-------------------------------------  -----  ---------  --------  ----------  --------------  -------------------
/opt/airflow/dags/ocr_pipeline_dag.py                           1           0  2.09s           2025-11-08T18:00:27
================================================================================
[2025-11-08T13:01:10.001-0500] {manager.py:878} INFO - 
================================================================================
DAG File Processing Stats

File Path                              PID    Runtime      # DAGs    # Errors  Last Runtime    Last Run
-------------------------------------  -----  ---------  --------  ----------  --------------  -------------------
/opt/airflow/dags/ocr_pipeline_dag.py                           1           0  1.37s           2025-11-08T18:00:59
================================================================================
[2025-11-08T13:01:40.423-0500] {manager.py:878} INFO - 
================================================================================
DAG File Processing Stats

File Path                              PID    Runtime      # DAGs    # Errors  Last Runtime    Last Run
-------------------------------------  -----  ---------  --------  ----------  --------------  -------------------
/opt/airflow/dags/ocr_pipeline_dag.py                           1           0  1.22s           2025-11-08T18:01:30
================================================================================
[2025-11-08T13:02:10.844-0500] {manager.py:878} INFO - 
================================================================================
DAG File Processing Stats

File Path                              PID    Runtime      # DAGs    # Errors  Last Runtime    Last Run
-------------------------------------  -----  ---------  --------  ----------  --------------  -------------------
/opt/airflow/dags/ocr_pipeline_dag.py                           1           0  1.19s           2025-11-08T18:02:01
================================================================================
[2025-11-08T13:02:41.296-0500] {manager.py:878} INFO - 
================================================================================
DAG File Processing Stats

File Path                              PID    Runtime      # DAGs    # Errors  Last Runtime    Last Run
-------------------------------------  -----  ---------  --------  ----------  --------------  -------------------
/opt/airflow/dags/ocr_pipeline_dag.py                           1           0  0.96s           2025-11-08T18:02:33
================================================================================
[2025-11-08T13:03:00.721-0500] {manager.py:737} INFO - Searching for files in /opt/airflow/dags
[2025-11-08T13:03:00.785-0500] {manager.py:740} INFO - There are 1 files in /opt/airflow/dags
[2025-11-08T13:03:12.074-0500] {manager.py:878} INFO - 
================================================================================
DAG File Processing Stats

File Path                              PID    Runtime      # DAGs    # Errors  Last Runtime    Last Run
-------------------------------------  -----  ---------  --------  ----------  --------------  -------------------
/opt/airflow/dags/ocr_pipeline_dag.py                           1           0  1.55s           2025-11-08T18:03:05
================================================================================
[2025-11-08T13:03:42.652-0500] {manager.py:878} INFO - 
================================================================================
DAG File Processing Stats

File Path                              PID    Runtime      # DAGs    # Errors  Last Runtime    Last Run
-------------------------------------  -----  ---------  --------  ----------  --------------  -------------------
/opt/airflow/dags/ocr_pipeline_dag.py                           1           0  1.49s           2025-11-08T18:03:36
================================================================================
[2025-11-08T13:04:13.309-0500] {manager.py:878} INFO - 
================================================================================
DAG File Processing Stats

File Path                              PID    Runtime      # DAGs    # Errors  Last Runtime    Last Run
-------------------------------------  -----  ---------  --------  ----------  --------------  -------------------
/opt/airflow/dags/ocr_pipeline_dag.py                           1           0  1.35s           2025-11-08T18:04:08
================================================================================
[2025-11-08T13:04:43.814-0500] {manager.py:878} INFO - 
================================================================================
DAG File Processing Stats

File Path                              PID    Runtime      # DAGs    # Errors  Last Runtime    Last Run
-------------------------------------  -----  ---------  --------  ----------  --------------  -------------------
/opt/airflow/dags/ocr_pipeline_dag.py                           1           0  1.34s           2025-11-08T18:04:40
================================================================================
[2025-11-08T13:05:14.101-0500] {manager.py:878} INFO - 
================================================================================
DAG File Processing Stats

File Path                              PID    Runtime      # DAGs    # Errors  Last Runtime    Last Run
-------------------------------------  -----  ---------  --------  ----------  --------------  -------------------
/opt/airflow/dags/ocr_pipeline_dag.py                           1           0  1.70s           2025-11-08T18:05:12
================================================================================
[2025-11-08T13:05:44.964-0500] {manager.py:878} INFO - 
================================================================================
DAG File Processing Stats

File Path                              PID    Runtime      # DAGs    # Errors  Last Runtime    Last Run
-------------------------------------  -----  ---------  --------  ----------  --------------  -------------------
/opt/airflow/dags/ocr_pipeline_dag.py                           1           0  1.43s           2025-11-08T18:05:44
================================================================================
[2025-11-08T13:06:15.425-0500] {manager.py:878} INFO - 
================================================================================
DAG File Processing Stats

File Path                                PID  Runtime      # DAGs    # Errors  Last Runtime    Last Run
-------------------------------------  -----  ---------  --------  ----------  --------------  -------------------
/opt/airflow/dags/ocr_pipeline_dag.py    690  1.03s             1           0  1.43s           2025-11-08T18:05:44
================================================================================
[2025-11-08T13:06:45.887-0500] {manager.py:878} INFO - 
================================================================================
DAG File Processing Stats

File Path                                PID  Runtime      # DAGs    # Errors  Last Runtime    Last Run
-------------------------------------  -----  ---------  --------  ----------  --------------  -------------------
/opt/airflow/dags/ocr_pipeline_dag.py    696  0.01s             1           0  1.14s           2025-11-08T18:06:15
================================================================================
[2025-11-08T13:07:16.304-0500] {manager.py:878} INFO - 
================================================================================
DAG File Processing Stats

File Path                              PID    Runtime      # DAGs    # Errors  Last Runtime    Last Run
-------------------------------------  -----  ---------  --------  ----------  --------------  -------------------
/opt/airflow/dags/ocr_pipeline_dag.py                           1           0  1.30s           2025-11-08T18:06:47
================================================================================
[2025-11-08T13:07:46.919-0500] {manager.py:878} INFO - 
================================================================================
DAG File Processing Stats

File Path                              PID    Runtime      # DAGs    # Errors  Last Runtime    Last Run
-------------------------------------  -----  ---------  --------  ----------  --------------  -------------------
/opt/airflow/dags/ocr_pipeline_dag.py                           1           0  1.15s           2025-11-08T18:07:18
================================================================================
[2025-11-08T13:08:01.067-0500] {manager.py:737} INFO - Searching for files in /opt/airflow/dags
[2025-11-08T13:08:01.094-0500] {manager.py:740} INFO - There are 1 files in /opt/airflow/dags
[2025-11-08T13:08:17.392-0500] {manager.py:878} INFO - 
================================================================================
DAG File Processing Stats

File Path                              PID    Runtime      # DAGs    # Errors  Last Runtime    Last Run
-------------------------------------  -----  ---------  --------  ----------  --------------  -------------------
/opt/airflow/dags/ocr_pipeline_dag.py                           1           0  1.18s           2025-11-08T18:07:50
================================================================================
[2025-11-08T13:08:47.924-0500] {manager.py:878} INFO - 
================================================================================
DAG File Processing Stats

File Path                              PID    Runtime      # DAGs    # Errors  Last Runtime    Last Run
-------------------------------------  -----  ---------  --------  ----------  --------------  -------------------
/opt/airflow/dags/ocr_pipeline_dag.py                           1           0  1.25s           2025-11-08T18:08:21
================================================================================
[2025-11-08T13:09:18.541-0500] {manager.py:878} INFO - 
================================================================================
DAG File Processing Stats

File Path                              PID    Runtime      # DAGs    # Errors  Last Runtime    Last Run
-------------------------------------  -----  ---------  --------  ----------  --------------  -------------------
/opt/airflow/dags/ocr_pipeline_dag.py                           1           0  1.44s           2025-11-08T18:08:53
================================================================================
[2025-11-08T13:09:49.324-0500] {manager.py:878} INFO - 
================================================================================
DAG File Processing Stats

File Path                              PID    Runtime      # DAGs    # Errors  Last Runtime    Last Run
-------------------------------------  -----  ---------  --------  ----------  --------------  -------------------
/opt/airflow/dags/ocr_pipeline_dag.py                           1           0  1.44s           2025-11-08T18:09:25
================================================================================
[2025-11-08T13:10:19.828-0500] {manager.py:878} INFO - 
================================================================================
DAG File Processing Stats

File Path                              PID    Runtime      # DAGs    # Errors  Last Runtime    Last Run
-------------------------------------  -----  ---------  --------  ----------  --------------  -------------------
/opt/airflow/dags/ocr_pipeline_dag.py                           1           0  1.04s           2025-11-08T18:09:56
================================================================================
[2025-11-08T13:10:50.330-0500] {manager.py:878} INFO - 
================================================================================
DAG File Processing Stats

File Path                              PID    Runtime      # DAGs    # Errors  Last Runtime    Last Run
-------------------------------------  -----  ---------  --------  ----------  --------------  -------------------
/opt/airflow/dags/ocr_pipeline_dag.py                           1           0  1.07s           2025-11-08T18:10:28
================================================================================
[2025-11-08T13:11:20.844-0500] {manager.py:878} INFO - 
================================================================================
DAG File Processing Stats

File Path                              PID    Runtime      # DAGs    # Errors  Last Runtime    Last Run
-------------------------------------  -----  ---------  --------  ----------  --------------  -------------------
/opt/airflow/dags/ocr_pipeline_dag.py                           1           0  1.13s           2025-11-08T18:10:59
================================================================================
[2025-11-08T13:11:51.318-0500] {manager.py:878} INFO - 
================================================================================
DAG File Processing Stats

File Path                              PID    Runtime      # DAGs    # Errors  Last Runtime    Last Run
-------------------------------------  -----  ---------  --------  ----------  --------------  -------------------
/opt/airflow/dags/ocr_pipeline_dag.py                           1           0  1.24s           2025-11-08T18:11:31
================================================================================
[2025-11-08T13:12:21.952-0500] {manager.py:878} INFO - 
================================================================================
DAG File Processing Stats

File Path                              PID    Runtime      # DAGs    # Errors  Last Runtime    Last Run
-------------------------------------  -----  ---------  --------  ----------  --------------  -------------------
/opt/airflow/dags/ocr_pipeline_dag.py                           1           0  1.39s           2025-11-08T18:12:02
================================================================================
[2025-11-08T13:12:52.530-0500] {manager.py:878} INFO - 
================================================================================
DAG File Processing Stats

File Path                              PID    Runtime      # DAGs    # Errors  Last Runtime    Last Run
-------------------------------------  -----  ---------  --------  ----------  --------------  -------------------
/opt/airflow/dags/ocr_pipeline_dag.py                           1           0  1.72s           2025-11-08T18:12:34
================================================================================
[2025-11-08T13:13:01.095-0500] {manager.py:737} INFO - Searching for files in /opt/airflow/dags
[2025-11-08T13:13:01.128-0500] {manager.py:740} INFO - There are 1 files in /opt/airflow/dags
[2025-11-08T13:13:23.474-0500] {manager.py:878} INFO - 
================================================================================
DAG File Processing Stats

File Path                              PID    Runtime      # DAGs    # Errors  Last Runtime    Last Run
-------------------------------------  -----  ---------  --------  ----------  --------------  -------------------
/opt/airflow/dags/ocr_pipeline_dag.py                           1           0  1.17s           2025-11-08T18:13:06
================================================================================
[2025-11-08T13:13:54.007-0500] {manager.py:878} INFO - 
================================================================================
DAG File Processing Stats

File Path                              PID    Runtime      # DAGs    # Errors  Last Runtime    Last Run
-------------------------------------  -----  ---------  --------  ----------  --------------  -------------------
/opt/airflow/dags/ocr_pipeline_dag.py                           1           0  1.39s           2025-11-08T18:13:38
================================================================================
[2025-11-08T13:14:24.570-0500] {manager.py:878} INFO - 
================================================================================
DAG File Processing Stats

File Path                              PID    Runtime      # DAGs    # Errors  Last Runtime    Last Run
-------------------------------------  -----  ---------  --------  ----------  --------------  -------------------
/opt/airflow/dags/ocr_pipeline_dag.py                           1           0  1.25s           2025-11-08T18:14:09
================================================================================
[2025-11-08T13:14:55.155-0500] {manager.py:878} INFO - 
================================================================================
DAG File Processing Stats

File Path                              PID    Runtime      # DAGs    # Errors  Last Runtime    Last Run
-------------------------------------  -----  ---------  --------  ----------  --------------  -------------------
/opt/airflow/dags/ocr_pipeline_dag.py                           1           0  1.23s           2025-11-08T18:14:41
================================================================================
[2025-11-08T13:15:25.567-0500] {manager.py:878} INFO - 
================================================================================
DAG File Processing Stats

File Path                              PID    Runtime      # DAGs    # Errors  Last Runtime    Last Run
-------------------------------------  -----  ---------  --------  ----------  --------------  -------------------
/opt/airflow/dags/ocr_pipeline_dag.py                           1           0  1.75s           2025-11-08T18:15:13
================================================================================
[2025-11-08T13:15:55.984-0500] {manager.py:878} INFO - 
================================================================================
DAG File Processing Stats

File Path                              PID    Runtime      # DAGs    # Errors  Last Runtime    Last Run
-------------------------------------  -----  ---------  --------  ----------  --------------  -------------------
/opt/airflow/dags/ocr_pipeline_dag.py                           1           0  1.55s           2025-11-08T18:15:45
================================================================================
[2025-11-08T13:16:26.574-0500] {manager.py:878} INFO - 
================================================================================
DAG File Processing Stats

File Path                              PID    Runtime      # DAGs    # Errors  Last Runtime    Last Run
-------------------------------------  -----  ---------  --------  ----------  --------------  -------------------
/opt/airflow/dags/ocr_pipeline_dag.py                           1           0  1.12s           2025-11-08T18:16:16
================================================================================
[2025-11-08T13:16:56.832-0500] {manager.py:878} INFO - 
================================================================================
DAG File Processing Stats

File Path                              PID    Runtime      # DAGs    # Errors  Last Runtime    Last Run
-------------------------------------  -----  ---------  --------  ----------  --------------  -------------------
/opt/airflow/dags/ocr_pipeline_dag.py                           1           0  1.87s           2025-11-08T18:16:48
================================================================================
[2025-11-08T13:17:27.370-0500] {manager.py:878} INFO - 
================================================================================
DAG File Processing Stats

File Path                              PID    Runtime      # DAGs    # Errors  Last Runtime    Last Run
-------------------------------------  -----  ---------  --------  ----------  --------------  -------------------
/opt/airflow/dags/ocr_pipeline_dag.py                           1           0  1.16s           2025-11-08T18:17:20
================================================================================
[2025-11-08T13:17:57.887-0500] {manager.py:878} INFO - 
================================================================================
DAG File Processing Stats

File Path                              PID    Runtime      # DAGs    # Errors  Last Runtime    Last Run
-------------------------------------  -----  ---------  --------  ----------  --------------  -------------------
/opt/airflow/dags/ocr_pipeline_dag.py                           1           0  0.95s           2025-11-08T18:17:51
================================================================================
[2025-11-08T13:18:01.919-0500] {manager.py:737} INFO - Searching for files in /opt/airflow/dags
[2025-11-08T13:18:01.961-0500] {manager.py:740} INFO - There are 1 files in /opt/airflow/dags
[2025-11-08T13:18:28.440-0500] {manager.py:878} INFO - 
================================================================================
DAG File Processing Stats

File Path                              PID    Runtime      # DAGs    # Errors  Last Runtime    Last Run
-------------------------------------  -----  ---------  --------  ----------  --------------  -------------------
/opt/airflow/dags/ocr_pipeline_dag.py                           1           0  1.01s           2025-11-08T18:18:23
================================================================================
[2025-11-08T13:18:58.852-0500] {manager.py:878} INFO - 
================================================================================
DAG File Processing Stats

File Path                              PID    Runtime      # DAGs    # Errors  Last Runtime    Last Run
-------------------------------------  -----  ---------  --------  ----------  --------------  -------------------
/opt/airflow/dags/ocr_pipeline_dag.py                           1           0  1.35s           2025-11-08T18:18:55
================================================================================
[2025-11-08T13:19:29.225-0500] {manager.py:878} INFO - 
================================================================================
DAG File Processing Stats

File Path                              PID    Runtime      # DAGs    # Errors  Last Runtime    Last Run
-------------------------------------  -----  ---------  --------  ----------  --------------  -------------------
/opt/airflow/dags/ocr_pipeline_dag.py                           1           0  1.14s           2025-11-08T18:19:26
================================================================================
[2025-11-08T13:19:59.739-0500] {manager.py:878} INFO - 
================================================================================
DAG File Processing Stats

File Path                              PID    Runtime      # DAGs    # Errors  Last Runtime    Last Run
-------------------------------------  -----  ---------  --------  ----------  --------------  -------------------
/opt/airflow/dags/ocr_pipeline_dag.py                           1           0  2.28s           2025-11-08T18:19:58
================================================================================
[2025-11-08T13:20:30.195-0500] {manager.py:878} INFO - 
================================================================================
DAG File Processing Stats

File Path                                PID  Runtime      # DAGs    # Errors  Last Runtime    Last Run
-------------------------------------  -----  ---------  --------  ----------  --------------  -------------------
/opt/airflow/dags/ocr_pipeline_dag.py    852  1.02s             1           0  2.28s           2025-11-08T18:19:58
================================================================================
[2025-11-08T13:21:00.896-0500] {manager.py:878} INFO - 
================================================================================
DAG File Processing Stats

File Path                                PID  Runtime      # DAGs    # Errors  Last Runtime    Last Run
-------------------------------------  -----  ---------  --------  ----------  --------------  -------------------
/opt/airflow/dags/ocr_pipeline_dag.py    858  0.01s             1           0  1.43s           2025-11-08T18:20:30
================================================================================
[2025-11-08T13:21:31.225-0500] {manager.py:878} INFO - 
================================================================================
DAG File Processing Stats

File Path                              PID    Runtime      # DAGs    # Errors  Last Runtime    Last Run
-------------------------------------  -----  ---------  --------  ----------  --------------  -------------------
/opt/airflow/dags/ocr_pipeline_dag.py                           1           0  0.96s           2025-11-08T18:21:01
================================================================================
[2025-11-08T13:22:01.451-0500] {manager.py:878} INFO - 
================================================================================
DAG File Processing Stats

File Path                              PID    Runtime      # DAGs    # Errors  Last Runtime    Last Run
-------------------------------------  -----  ---------  --------  ----------  --------------  -------------------
/opt/airflow/dags/ocr_pipeline_dag.py                           1           0  1.76s           2025-11-08T18:21:34
================================================================================
[2025-11-08T13:22:32.327-0500] {manager.py:878} INFO - 
================================================================================
DAG File Processing Stats

File Path                              PID    Runtime      # DAGs    # Errors  Last Runtime    Last Run
-------------------------------------  -----  ---------  --------  ----------  --------------  -------------------
/opt/airflow/dags/ocr_pipeline_dag.py                           1           0  1.38s           2025-11-08T18:22:06
================================================================================
[2025-11-08T13:23:02.011-0500] {manager.py:737} INFO - Searching for files in /opt/airflow/dags
[2025-11-08T13:23:02.055-0500] {manager.py:740} INFO - There are 1 files in /opt/airflow/dags
[2025-11-08T13:23:03.079-0500] {manager.py:878} INFO - 
================================================================================
DAG File Processing Stats

File Path                              PID    Runtime      # DAGs    # Errors  Last Runtime    Last Run
-------------------------------------  -----  ---------  --------  ----------  --------------  -------------------
/opt/airflow/dags/ocr_pipeline_dag.py                           1           0  1.55s           2025-11-08T18:22:37
================================================================================
[2025-11-08T13:23:34.221-0500] {manager.py:878} INFO - 
================================================================================
DAG File Processing Stats

File Path                              PID    Runtime      # DAGs    # Errors  Last Runtime    Last Run
-------------------------------------  -----  ---------  --------  ----------  --------------  -------------------
/opt/airflow/dags/ocr_pipeline_dag.py                           1           0  1.25s           2025-11-08T18:23:09
================================================================================
[2025-11-08T13:24:05.107-0500] {manager.py:878} INFO - 
================================================================================
DAG File Processing Stats

File Path                              PID    Runtime      # DAGs    # Errors  Last Runtime    Last Run
-------------------------------------  -----  ---------  --------  ----------  --------------  -------------------
/opt/airflow/dags/ocr_pipeline_dag.py                           1           0  1.16s           2025-11-08T18:23:41
================================================================================
[2025-11-08T13:24:35.605-0500] {manager.py:878} INFO - 
================================================================================
DAG File Processing Stats

File Path                              PID    Runtime      # DAGs    # Errors  Last Runtime    Last Run
-------------------------------------  -----  ---------  --------  ----------  --------------  -------------------
/opt/airflow/dags/ocr_pipeline_dag.py                           1           0  1.68s           2025-11-08T18:24:14
================================================================================
[2025-11-08T13:25:06.103-0500] {manager.py:878} INFO - 
================================================================================
DAG File Processing Stats

File Path                              PID    Runtime      # DAGs    # Errors  Last Runtime    Last Run
-------------------------------------  -----  ---------  --------  ----------  --------------  -------------------
/opt/airflow/dags/ocr_pipeline_dag.py                           1           0  1.57s           2025-11-08T18:24:46
================================================================================
[2025-11-08T13:25:36.465-0500] {manager.py:878} INFO - 
================================================================================
DAG File Processing Stats

File Path                              PID    Runtime      # DAGs    # Errors  Last Runtime    Last Run
-------------------------------------  -----  ---------  --------  ----------  --------------  -------------------
/opt/airflow/dags/ocr_pipeline_dag.py                           1           0  0.97s           2025-11-08T18:25:17
================================================================================
[2025-11-08T13:26:07.088-0500] {manager.py:878} INFO - 
================================================================================
DAG File Processing Stats

File Path                              PID    Runtime      # DAGs    # Errors  Last Runtime    Last Run
-------------------------------------  -----  ---------  --------  ----------  --------------  -------------------
/opt/airflow/dags/ocr_pipeline_dag.py                           1           0  4.23s           2025-11-08T18:25:52
================================================================================
[2025-11-08T13:26:37.312-0500] {manager.py:878} INFO - 
================================================================================
DAG File Processing Stats

File Path                              PID    Runtime      # DAGs    # Errors  Last Runtime    Last Run
-------------------------------------  -----  ---------  --------  ----------  --------------  -------------------
/opt/airflow/dags/ocr_pipeline_dag.py                           1           0  2.81s           2025-11-08T18:26:25
================================================================================
[2025-11-08T13:27:07.890-0500] {manager.py:878} INFO - 
================================================================================
DAG File Processing Stats

File Path                              PID    Runtime      # DAGs    # Errors  Last Runtime    Last Run
-------------------------------------  -----  ---------  --------  ----------  --------------  -------------------
/opt/airflow/dags/ocr_pipeline_dag.py                           1           0  2.96s           2025-11-08T18:26:58
================================================================================
[2025-11-08T13:27:38.168-0500] {manager.py:878} INFO - 
================================================================================
DAG File Processing Stats

File Path                              PID    Runtime      # DAGs    # Errors  Last Runtime    Last Run
-------------------------------------  -----  ---------  --------  ----------  --------------  -------------------
/opt/airflow/dags/ocr_pipeline_dag.py                           1           0  1.73s           2025-11-08T18:27:30
================================================================================
[2025-11-08T13:28:02.137-0500] {manager.py:737} INFO - Searching for files in /opt/airflow/dags
[2025-11-08T13:28:02.169-0500] {manager.py:740} INFO - There are 1 files in /opt/airflow/dags
[2025-11-08T13:28:08.519-0500] {manager.py:878} INFO - 
================================================================================
DAG File Processing Stats

File Path                              PID    Runtime      # DAGs    # Errors  Last Runtime    Last Run
-------------------------------------  -----  ---------  --------  ----------  --------------  -------------------
/opt/airflow/dags/ocr_pipeline_dag.py                           1           0  1.35s           2025-11-08T18:28:02
================================================================================
[2025-11-08T13:28:38.916-0500] {manager.py:878} INFO - 
================================================================================
DAG File Processing Stats

File Path                              PID    Runtime      # DAGs    # Errors  Last Runtime    Last Run
-------------------------------------  -----  ---------  --------  ----------  --------------  -------------------
/opt/airflow/dags/ocr_pipeline_dag.py                           1           0  1.27s           2025-11-08T18:28:33
================================================================================
[2025-11-08T13:29:09.299-0500] {manager.py:878} INFO - 
================================================================================
DAG File Processing Stats

File Path                              PID    Runtime      # DAGs    # Errors  Last Runtime    Last Run
-------------------------------------  -----  ---------  --------  ----------  --------------  -------------------
/opt/airflow/dags/ocr_pipeline_dag.py                           1           0  1.97s           2025-11-08T18:29:06
================================================================================
[2025-11-08T13:29:39.756-0500] {manager.py:878} INFO - 
================================================================================
DAG File Processing Stats

File Path                              PID    Runtime      # DAGs    # Errors  Last Runtime    Last Run
-------------------------------------  -----  ---------  --------  ----------  --------------  -------------------
/opt/airflow/dags/ocr_pipeline_dag.py                           1           0  1.55s           2025-11-08T18:29:38
================================================================================
[2025-11-08T13:30:10.199-0500] {manager.py:878} INFO - 
================================================================================
DAG File Processing Stats

File Path                              PID    Runtime      # DAGs    # Errors  Last Runtime    Last Run
-------------------------------------  -----  ---------  --------  ----------  --------------  -------------------
/opt/airflow/dags/ocr_pipeline_dag.py                           1           0  0.97s           2025-11-08T18:30:09
================================================================================
[2025-11-08T13:30:40.581-0500] {manager.py:878} INFO - 
================================================================================
DAG File Processing Stats

File Path                                PID  Runtime      # DAGs    # Errors  Last Runtime    Last Run
-------------------------------------  -----  ---------  --------  ----------  --------------  -------------------
/opt/airflow/dags/ocr_pipeline_dag.py    966  0.51s             1           0  0.97s           2025-11-08T18:30:09
================================================================================
[2025-11-08T13:31:11.524-0500] {manager.py:878} INFO - 
================================================================================
DAG File Processing Stats

File Path                                PID  Runtime      # DAGs    # Errors  Last Runtime    Last Run
-------------------------------------  -----  ---------  --------  ----------  --------------  -------------------
/opt/airflow/dags/ocr_pipeline_dag.py    972  0.01s             1           0  1.16s           2025-11-08T18:30:41
================================================================================
[2025-11-08T13:31:42.049-0500] {manager.py:878} INFO - 
================================================================================
DAG File Processing Stats

File Path                              PID    Runtime      # DAGs    # Errors  Last Runtime    Last Run
-------------------------------------  -----  ---------  --------  ----------  --------------  -------------------
/opt/airflow/dags/ocr_pipeline_dag.py                           1           0  1.13s           2025-11-08T18:31:12
================================================================================
[2025-11-08T13:32:12.548-0500] {manager.py:878} INFO - 
================================================================================
DAG File Processing Stats

File Path                              PID    Runtime      # DAGs    # Errors  Last Runtime    Last Run
-------------------------------------  -----  ---------  --------  ----------  --------------  -------------------
/opt/airflow/dags/ocr_pipeline_dag.py                           1           0  1.11s           2025-11-08T18:31:44
================================================================================
[2025-11-08T13:32:43.064-0500] {manager.py:878} INFO - 
================================================================================
DAG File Processing Stats

File Path                              PID    Runtime      # DAGs    # Errors  Last Runtime    Last Run
-------------------------------------  -----  ---------  --------  ----------  --------------  -------------------
/opt/airflow/dags/ocr_pipeline_dag.py                           1           0  1.08s           2025-11-08T18:32:15
================================================================================
[2025-11-08T13:33:02.455-0500] {manager.py:737} INFO - Searching for files in /opt/airflow/dags
[2025-11-08T13:33:02.493-0500] {manager.py:740} INFO - There are 1 files in /opt/airflow/dags
[2025-11-08T13:33:13.589-0500] {manager.py:878} INFO - 
================================================================================
DAG File Processing Stats

File Path                              PID    Runtime      # DAGs    # Errors  Last Runtime    Last Run
-------------------------------------  -----  ---------  --------  ----------  --------------  -------------------
/opt/airflow/dags/ocr_pipeline_dag.py                           1           0  1.14s           2025-11-08T18:32:47
================================================================================
[2025-11-08T13:33:44.393-0500] {manager.py:878} INFO - 
================================================================================
DAG File Processing Stats

File Path                              PID    Runtime      # DAGs    # Errors  Last Runtime    Last Run
-------------------------------------  -----  ---------  --------  ----------  --------------  -------------------
/opt/airflow/dags/ocr_pipeline_dag.py                           1           0  1.61s           2025-11-08T18:33:19
================================================================================
[2025-11-08T13:34:15.091-0500] {manager.py:878} INFO - 
================================================================================
DAG File Processing Stats

File Path                              PID    Runtime      # DAGs    # Errors  Last Runtime    Last Run
-------------------------------------  -----  ---------  --------  ----------  --------------  -------------------
/opt/airflow/dags/ocr_pipeline_dag.py                           1           0  3.84s           2025-11-08T18:33:53
================================================================================
[2025-11-08T13:34:45.472-0500] {manager.py:878} INFO - 
================================================================================
DAG File Processing Stats

File Path                              PID    Runtime      # DAGs    # Errors  Last Runtime    Last Run
-------------------------------------  -----  ---------  --------  ----------  --------------  -------------------
/opt/airflow/dags/ocr_pipeline_dag.py                           1           0  1.39s           2025-11-08T18:34:25
================================================================================
[2025-11-08T13:35:16.368-0500] {manager.py:878} INFO - 
================================================================================
DAG File Processing Stats

File Path                              PID    Runtime      # DAGs    # Errors  Last Runtime    Last Run
-------------------------------------  -----  ---------  --------  ----------  --------------  -------------------
/opt/airflow/dags/ocr_pipeline_dag.py                           1           0  1.32s           2025-11-08T18:34:57
================================================================================
[2025-11-08T13:35:47.390-0500] {manager.py:878} INFO - 
================================================================================
DAG File Processing Stats

File Path                              PID    Runtime      # DAGs    # Errors  Last Runtime    Last Run
-------------------------------------  -----  ---------  --------  ----------  --------------  -------------------
/opt/airflow/dags/ocr_pipeline_dag.py                           1           0  1.63s           2025-11-08T18:35:29
================================================================================
[2025-11-08T13:36:18.211-0500] {manager.py:878} INFO - 
================================================================================
DAG File Processing Stats

File Path                              PID    Runtime      # DAGs    # Errors  Last Runtime    Last Run
-------------------------------------  -----  ---------  --------  ----------  --------------  -------------------
/opt/airflow/dags/ocr_pipeline_dag.py                           1           0  1.15s           2025-11-08T18:36:01
================================================================================
[2025-11-08T13:36:49.895-0500] {manager.py:878} INFO - 
================================================================================
DAG File Processing Stats

File Path                              PID    Runtime      # DAGs    # Errors  Last Runtime    Last Run
-------------------------------------  -----  ---------  --------  ----------  --------------  -------------------
/opt/airflow/dags/ocr_pipeline_dag.py                           1           0  1.45s           2025-11-08T18:36:33
================================================================================
[2025-11-08T13:37:20.773-0500] {manager.py:878} INFO - 
================================================================================
DAG File Processing Stats

File Path                              PID    Runtime      # DAGs    # Errors  Last Runtime    Last Run
-------------------------------------  -----  ---------  --------  ----------  --------------  -------------------
/opt/airflow/dags/ocr_pipeline_dag.py                           1           0  1.15s           2025-11-08T18:37:05
================================================================================
[2025-11-08T13:37:51.628-0500] {manager.py:878} INFO - 
================================================================================
DAG File Processing Stats

File Path                              PID    Runtime      # DAGs    # Errors  Last Runtime    Last Run
-------------------------------------  -----  ---------  --------  ----------  --------------  -------------------
/opt/airflow/dags/ocr_pipeline_dag.py                           1           0  0.97s           2025-11-08T18:37:36
================================================================================
[2025-11-08T13:38:02.732-0500] {manager.py:737} INFO - Searching for files in /opt/airflow/dags
[2025-11-08T13:38:02.782-0500] {manager.py:740} INFO - There are 1 files in /opt/airflow/dags
[2025-11-08T13:38:22.540-0500] {manager.py:878} INFO - 
================================================================================
DAG File Processing Stats

File Path                              PID    Runtime      # DAGs    # Errors  Last Runtime    Last Run
-------------------------------------  -----  ---------  --------  ----------  --------------  -------------------
/opt/airflow/dags/ocr_pipeline_dag.py                           1           0  0.93s           2025-11-08T18:38:08
================================================================================
[2025-11-08T13:38:53.080-0500] {manager.py:878} INFO - 
================================================================================
DAG File Processing Stats

File Path                              PID    Runtime      # DAGs    # Errors  Last Runtime    Last Run
-------------------------------------  -----  ---------  --------  ----------  --------------  -------------------
/opt/airflow/dags/ocr_pipeline_dag.py                           1           0  2.18s           2025-11-08T18:38:41
================================================================================
[2025-11-08T13:39:24.410-0500] {manager.py:878} INFO - 
================================================================================
DAG File Processing Stats

File Path                              PID    Runtime      # DAGs    # Errors  Last Runtime    Last Run
-------------------------------------  -----  ---------  --------  ----------  --------------  -------------------
/opt/airflow/dags/ocr_pipeline_dag.py                           1           0  1.18s           2025-11-08T18:39:13
================================================================================
[2025-11-08T13:39:54.975-0500] {manager.py:878} INFO - 
================================================================================
DAG File Processing Stats

File Path                              PID    Runtime      # DAGs    # Errors  Last Runtime    Last Run
-------------------------------------  -----  ---------  --------  ----------  --------------  -------------------
/opt/airflow/dags/ocr_pipeline_dag.py                           1           0  0.98s           2025-11-08T18:39:44
================================================================================
[2025-11-08T13:40:25.853-0500] {manager.py:878} INFO - 
================================================================================
DAG File Processing Stats

File Path                              PID    Runtime      # DAGs    # Errors  Last Runtime    Last Run
-------------------------------------  -----  ---------  --------  ----------  --------------  -------------------
/opt/airflow/dags/ocr_pipeline_dag.py                           1           0  0.97s           2025-11-08T18:40:16
================================================================================
[2025-11-08T13:40:56.840-0500] {manager.py:878} INFO - 
================================================================================
DAG File Processing Stats

File Path                              PID    Runtime      # DAGs    # Errors  Last Runtime    Last Run
-------------------------------------  -----  ---------  --------  ----------  --------------  -------------------
/opt/airflow/dags/ocr_pipeline_dag.py                           1           0  0.97s           2025-11-08T18:40:47
================================================================================
[2025-11-08T13:41:27.818-0500] {manager.py:878} INFO - 
================================================================================
DAG File Processing Stats

File Path                              PID    Runtime      # DAGs    # Errors  Last Runtime    Last Run
-------------------------------------  -----  ---------  --------  ----------  --------------  -------------------
/opt/airflow/dags/ocr_pipeline_dag.py                           1           0  1.74s           2025-11-08T18:41:19
================================================================================
[2025-11-08T13:41:58.240-0500] {manager.py:878} INFO - 
================================================================================
DAG File Processing Stats

File Path                              PID    Runtime      # DAGs    # Errors  Last Runtime    Last Run
-------------------------------------  -----  ---------  --------  ----------  --------------  -------------------
/opt/airflow/dags/ocr_pipeline_dag.py                           1           0  1.53s           2025-11-08T18:41:51
================================================================================
[2025-11-08T13:42:29.618-0500] {manager.py:878} INFO - 
================================================================================
DAG File Processing Stats

File Path                              PID    Runtime      # DAGs    # Errors  Last Runtime    Last Run
-------------------------------------  -----  ---------  --------  ----------  --------------  -------------------
/opt/airflow/dags/ocr_pipeline_dag.py                           1           0  0.95s           2025-11-08T18:42:22
================================================================================
[2025-11-08T13:43:00.649-0500] {manager.py:878} INFO - 
================================================================================
DAG File Processing Stats

File Path                              PID    Runtime      # DAGs    # Errors  Last Runtime    Last Run
-------------------------------------  -----  ---------  --------  ----------  --------------  -------------------
/opt/airflow/dags/ocr_pipeline_dag.py                           1           0  0.99s           2025-11-08T18:42:53
================================================================================
[2025-11-08T13:43:03.101-0500] {manager.py:737} INFO - Searching for files in /opt/airflow/dags
[2025-11-08T13:43:03.131-0500] {manager.py:740} INFO - There are 1 files in /opt/airflow/dags
[2025-11-08T13:43:31.357-0500] {manager.py:878} INFO - 
================================================================================
DAG File Processing Stats

File Path                              PID    Runtime      # DAGs    # Errors  Last Runtime    Last Run
-------------------------------------  -----  ---------  --------  ----------  --------------  -------------------
/opt/airflow/dags/ocr_pipeline_dag.py                           1           0  1.28s           2025-11-08T18:43:25
================================================================================
[2025-11-08T13:44:02.126-0500] {manager.py:878} INFO - 
================================================================================
DAG File Processing Stats

File Path                              PID    Runtime      # DAGs    # Errors  Last Runtime    Last Run
-------------------------------------  -----  ---------  --------  ----------  --------------  -------------------
/opt/airflow/dags/ocr_pipeline_dag.py                           1           0  1.23s           2025-11-08T18:43:57
================================================================================
[2025-11-08T13:44:32.966-0500] {manager.py:878} INFO - 
================================================================================
DAG File Processing Stats

File Path                              PID    Runtime      # DAGs    # Errors  Last Runtime    Last Run
-------------------------------------  -----  ---------  --------  ----------  --------------  -------------------
/opt/airflow/dags/ocr_pipeline_dag.py                           1           0  2.38s           2025-11-08T18:44:30
================================================================================
[2025-11-08T13:45:03.806-0500] {manager.py:878} INFO - 
================================================================================
DAG File Processing Stats

File Path                              PID    Runtime      # DAGs    # Errors  Last Runtime    Last Run
-------------------------------------  -----  ---------  --------  ----------  --------------  -------------------
/opt/airflow/dags/ocr_pipeline_dag.py                           1           0  1.19s           2025-11-08T18:45:01
================================================================================
[2025-11-08T13:45:34.698-0500] {manager.py:878} INFO - 
================================================================================
DAG File Processing Stats

File Path                              PID    Runtime      # DAGs    # Errors  Last Runtime    Last Run
-------------------------------------  -----  ---------  --------  ----------  --------------  -------------------
/opt/airflow/dags/ocr_pipeline_dag.py                           1           0  0.96s           2025-11-08T18:45:33
================================================================================
[2025-11-08T13:46:05.413-0500] {manager.py:878} INFO - 
================================================================================
DAG File Processing Stats

File Path                              PID    Runtime      # DAGs    # Errors  Last Runtime    Last Run
-------------------------------------  -----  ---------  --------  ----------  --------------  -------------------
/opt/airflow/dags/ocr_pipeline_dag.py                           1           0  0.99s           2025-11-08T18:46:04
================================================================================
[2025-11-08T13:46:36.380-0500] {manager.py:878} INFO - 
================================================================================
DAG File Processing Stats

File Path                              PID    Runtime      # DAGs    # Errors  Last Runtime    Last Run
-------------------------------------  -----  ---------  --------  ----------  --------------  -------------------
/opt/airflow/dags/ocr_pipeline_dag.py                           1           0  0.96s           2025-11-08T18:46:36
================================================================================
[2025-11-08T13:47:07.308-0500] {manager.py:878} INFO - 
================================================================================
DAG File Processing Stats

File Path                                PID  Runtime      # DAGs    # Errors  Last Runtime    Last Run
-------------------------------------  -----  ---------  --------  ----------  --------------  -------------------
/opt/airflow/dags/ocr_pipeline_dag.py   1152  0.01s             1           0  0.96s           2025-11-08T18:46:36
================================================================================
[2025-11-08T13:47:38.287-0500] {manager.py:878} INFO - 
================================================================================
DAG File Processing Stats

File Path                              PID    Runtime      # DAGs    # Errors  Last Runtime    Last Run
-------------------------------------  -----  ---------  --------  ----------  --------------  -------------------
/opt/airflow/dags/ocr_pipeline_dag.py                           1           0  1.29s           2025-11-08T18:47:08
================================================================================
[2025-11-08T13:48:04.389-0500] {manager.py:737} INFO - Searching for files in /opt/airflow/dags
[2025-11-08T13:48:04.445-0500] {manager.py:740} INFO - There are 1 files in /opt/airflow/dags
[2025-11-08T13:48:09.520-0500] {manager.py:878} INFO - 
================================================================================
DAG File Processing Stats

File Path                              PID    Runtime      # DAGs    # Errors  Last Runtime    Last Run
-------------------------------------  -----  ---------  --------  ----------  --------------  -------------------
/opt/airflow/dags/ocr_pipeline_dag.py                           1           0  1.14s           2025-11-08T18:47:40
================================================================================
[2025-11-08T13:48:40.491-0500] {manager.py:878} INFO - 
================================================================================
DAG File Processing Stats

File Path                              PID    Runtime      # DAGs    # Errors  Last Runtime    Last Run
-------------------------------------  -----  ---------  --------  ----------  --------------  -------------------
/opt/airflow/dags/ocr_pipeline_dag.py                           1           0  1.02s           2025-11-08T18:48:11
================================================================================
[2025-11-08T13:49:11.377-0500] {manager.py:878} INFO - 
================================================================================
DAG File Processing Stats

File Path                              PID    Runtime      # DAGs    # Errors  Last Runtime    Last Run
-------------------------------------  -----  ---------  --------  ----------  --------------  -------------------
/opt/airflow/dags/ocr_pipeline_dag.py                           1           0  0.95s           2025-11-08T18:48:43
================================================================================
[2025-11-08T13:49:42.322-0500] {manager.py:878} INFO - 
================================================================================
DAG File Processing Stats

File Path                              PID    Runtime      # DAGs    # Errors  Last Runtime    Last Run
-------------------------------------  -----  ---------  --------  ----------  --------------  -------------------
/opt/airflow/dags/ocr_pipeline_dag.py                           1           0  1.50s           2025-11-08T18:49:15
================================================================================
[2025-11-08T13:50:13.197-0500] {manager.py:878} INFO - 
================================================================================
DAG File Processing Stats

File Path                              PID    Runtime      # DAGs    # Errors  Last Runtime    Last Run
-------------------------------------  -----  ---------  --------  ----------  --------------  -------------------
/opt/airflow/dags/ocr_pipeline_dag.py                           1           0  0.94s           2025-11-08T18:49:47
================================================================================
[2025-11-08T13:50:44.679-0500] {manager.py:878} INFO - 
================================================================================
DAG File Processing Stats

File Path                              PID    Runtime      # DAGs    # Errors  Last Runtime    Last Run
-------------------------------------  -----  ---------  --------  ----------  --------------  -------------------
/opt/airflow/dags/ocr_pipeline_dag.py                           1           0  1.04s           2025-11-08T18:50:18
================================================================================
[2025-11-08T13:51:15.690-0500] {manager.py:878} INFO - 
================================================================================
DAG File Processing Stats

File Path                              PID    Runtime      # DAGs    # Errors  Last Runtime    Last Run
-------------------------------------  -----  ---------  --------  ----------  --------------  -------------------
/opt/airflow/dags/ocr_pipeline_dag.py                           1           0  1.12s           2025-11-08T18:50:50
================================================================================
[2025-11-08T13:51:46.300-0500] {manager.py:878} INFO - 
================================================================================
DAG File Processing Stats

File Path                              PID    Runtime      # DAGs    # Errors  Last Runtime    Last Run
-------------------------------------  -----  ---------  --------  ----------  --------------  -------------------
/opt/airflow/dags/ocr_pipeline_dag.py                           1           0  1.14s           2025-11-08T18:51:22
================================================================================
[2025-11-08T13:52:17.314-0500] {manager.py:878} INFO - 
================================================================================
DAG File Processing Stats

File Path                              PID    Runtime      # DAGs    # Errors  Last Runtime    Last Run
-------------------------------------  -----  ---------  --------  ----------  --------------  -------------------
/opt/airflow/dags/ocr_pipeline_dag.py                           1           0  2.14s           2025-11-08T18:51:55
================================================================================
[2025-11-08T13:52:48.667-0500] {manager.py:878} INFO - 
================================================================================
DAG File Processing Stats

File Path                              PID    Runtime      # DAGs    # Errors  Last Runtime    Last Run
-------------------------------------  -----  ---------  --------  ----------  --------------  -------------------
/opt/airflow/dags/ocr_pipeline_dag.py                           1           0  0.93s           2025-11-08T18:52:27
================================================================================
[2025-11-08T13:53:04.804-0500] {manager.py:737} INFO - Searching for files in /opt/airflow/dags
[2025-11-08T13:53:04.859-0500] {manager.py:740} INFO - There are 1 files in /opt/airflow/dags
[2025-11-08T13:53:19.722-0500] {manager.py:878} INFO - 
================================================================================
DAG File Processing Stats

File Path                              PID    Runtime      # DAGs    # Errors  Last Runtime    Last Run
-------------------------------------  -----  ---------  --------  ----------  --------------  -------------------
/opt/airflow/dags/ocr_pipeline_dag.py                           1           0  1.22s           2025-11-08T18:52:58
================================================================================
[2025-11-08T13:53:50.825-0500] {manager.py:878} INFO - 
================================================================================
DAG File Processing Stats

File Path                              PID    Runtime      # DAGs    # Errors  Last Runtime    Last Run
-------------------------------------  -----  ---------  --------  ----------  --------------  -------------------
/opt/airflow/dags/ocr_pipeline_dag.py                           1           0  1.14s           2025-11-08T18:53:31
================================================================================
[2025-11-08T13:54:21.859-0500] {manager.py:878} INFO - 
================================================================================
DAG File Processing Stats

File Path                              PID    Runtime      # DAGs    # Errors  Last Runtime    Last Run
-------------------------------------  -----  ---------  --------  ----------  --------------  -------------------
/opt/airflow/dags/ocr_pipeline_dag.py                           1           0  2.60s           2025-11-08T18:54:04
================================================================================
[2025-11-08T13:54:52.849-0500] {manager.py:878} INFO - 
================================================================================
DAG File Processing Stats

File Path                              PID    Runtime      # DAGs    # Errors  Last Runtime    Last Run
-------------------------------------  -----  ---------  --------  ----------  --------------  -------------------
/opt/airflow/dags/ocr_pipeline_dag.py                           1           0  2.19s           2025-11-08T18:54:37
================================================================================
[2025-11-08T13:55:23.886-0500] {manager.py:878} INFO - 
================================================================================
DAG File Processing Stats

File Path                              PID    Runtime      # DAGs    # Errors  Last Runtime    Last Run
-------------------------------------  -----  ---------  --------  ----------  --------------  -------------------
/opt/airflow/dags/ocr_pipeline_dag.py                           1           0  2.96s           2025-11-08T18:55:11
================================================================================
[2025-11-08T13:55:55.192-0500] {manager.py:878} INFO - 
================================================================================
DAG File Processing Stats

File Path                              PID    Runtime      # DAGs    # Errors  Last Runtime    Last Run
-------------------------------------  -----  ---------  --------  ----------  --------------  -------------------
/opt/airflow/dags/ocr_pipeline_dag.py                           1           0  3.91s           2025-11-08T18:55:45
================================================================================
[2025-11-08T13:56:25.966-0500] {manager.py:878} INFO - 
================================================================================
DAG File Processing Stats

File Path                              PID    Runtime      # DAGs    # Errors  Last Runtime    Last Run
-------------------------------------  -----  ---------  --------  ----------  --------------  -------------------
/opt/airflow/dags/ocr_pipeline_dag.py                           1           0  2.28s           2025-11-08T18:56:18
================================================================================
[2025-11-08T13:56:57.381-0500] {manager.py:878} INFO - 
================================================================================
DAG File Processing Stats

File Path                              PID    Runtime      # DAGs    # Errors  Last Runtime    Last Run
-------------------------------------  -----  ---------  --------  ----------  --------------  -------------------
/opt/airflow/dags/ocr_pipeline_dag.py                           1           0  1.17s           2025-11-08T18:56:49
================================================================================
[2025-11-08T13:57:28.004-0500] {manager.py:878} INFO - 
================================================================================
DAG File Processing Stats

File Path                              PID    Runtime      # DAGs    # Errors  Last Runtime    Last Run
-------------------------------------  -----  ---------  --------  ----------  --------------  -------------------
/opt/airflow/dags/ocr_pipeline_dag.py                           1           0  1.61s           2025-11-08T18:57:21
================================================================================
[2025-11-08T13:57:59.305-0500] {manager.py:878} INFO - 
================================================================================
DAG File Processing Stats

File Path                              PID    Runtime      # DAGs    # Errors  Last Runtime    Last Run
-------------------------------------  -----  ---------  --------  ----------  --------------  -------------------
/opt/airflow/dags/ocr_pipeline_dag.py                           1           0  1.43s           2025-11-08T18:57:53
================================================================================
[2025-11-08T13:58:04.924-0500] {manager.py:737} INFO - Searching for files in /opt/airflow/dags
[2025-11-08T13:58:04.970-0500] {manager.py:740} INFO - There are 1 files in /opt/airflow/dags
[2025-11-08T13:58:30.207-0500] {manager.py:878} INFO - 
================================================================================
DAG File Processing Stats

File Path                              PID    Runtime      # DAGs    # Errors  Last Runtime    Last Run
-------------------------------------  -----  ---------  --------  ----------  --------------  -------------------
/opt/airflow/dags/ocr_pipeline_dag.py                           1           0  1.43s           2025-11-08T18:58:25
================================================================================
[2025-11-08T13:59:01.249-0500] {manager.py:878} INFO - 
================================================================================
DAG File Processing Stats

File Path                              PID    Runtime      # DAGs    # Errors  Last Runtime    Last Run
-------------------------------------  -----  ---------  --------  ----------  --------------  -------------------
/opt/airflow/dags/ocr_pipeline_dag.py                           1           0  1.41s           2025-11-08T18:58:57
================================================================================
[2025-11-08T13:59:32.032-0500] {manager.py:878} INFO - 
================================================================================
DAG File Processing Stats

File Path                              PID    Runtime      # DAGs    # Errors  Last Runtime    Last Run
-------------------------------------  -----  ---------  --------  ----------  --------------  -------------------
/opt/airflow/dags/ocr_pipeline_dag.py                           1           0  1.87s           2025-11-08T18:59:30
================================================================================
[2025-11-08T14:00:03.080-0500] {manager.py:878} INFO - 
================================================================================
DAG File Processing Stats

File Path                              PID    Runtime      # DAGs    # Errors  Last Runtime    Last Run
-------------------------------------  -----  ---------  --------  ----------  --------------  -------------------
/opt/airflow/dags/ocr_pipeline_dag.py                           1           0  1.37s           2025-11-08T19:00:01
================================================================================
[2025-11-08T14:00:33.904-0500] {manager.py:878} INFO - 
================================================================================
DAG File Processing Stats

File Path                              PID    Runtime      # DAGs    # Errors  Last Runtime    Last Run
-------------------------------------  -----  ---------  --------  ----------  --------------  -------------------
/opt/airflow/dags/ocr_pipeline_dag.py                           1           0  1.89s           2025-11-08T19:00:33
================================================================================
[2025-11-08T14:01:04.598-0500] {manager.py:878} INFO - 
================================================================================
DAG File Processing Stats

File Path                                PID  Runtime      # DAGs    # Errors  Last Runtime    Last Run
-------------------------------------  -----  ---------  --------  ----------  --------------  -------------------
/opt/airflow/dags/ocr_pipeline_dag.py   1308  0.59s             1           0  1.89s           2025-11-08T19:00:33
================================================================================
[2025-11-08T14:01:35.835-0500] {manager.py:878} INFO - 
================================================================================
DAG File Processing Stats

File Path                              PID    Runtime      # DAGs    # Errors  Last Runtime    Last Run
-------------------------------------  -----  ---------  --------  ----------  --------------  -------------------
/opt/airflow/dags/ocr_pipeline_dag.py                           1           0  5.24s           2025-11-08T19:01:09
================================================================================
[2025-11-08T14:02:06.786-0500] {manager.py:878} INFO - 
================================================================================
DAG File Processing Stats

File Path                              PID    Runtime      # DAGs    # Errors  Last Runtime    Last Run
-------------------------------------  -----  ---------  --------  ----------  --------------  -------------------
/opt/airflow/dags/ocr_pipeline_dag.py                           1           0  9.07s           2025-11-08T19:01:49
================================================================================
[2025-11-08T14:02:37.844-0500] {manager.py:878} INFO - 
================================================================================
DAG File Processing Stats

File Path                              PID    Runtime      # DAGs    # Errors  Last Runtime    Last Run
-------------------------------------  -----  ---------  --------  ----------  --------------  -------------------
/opt/airflow/dags/ocr_pipeline_dag.py                           1           0  3.87s           2025-11-08T19:02:23
================================================================================
[2025-11-08T14:03:05.190-0500] {manager.py:737} INFO - Searching for files in /opt/airflow/dags
[2025-11-08T14:03:05.253-0500] {manager.py:740} INFO - There are 1 files in /opt/airflow/dags
[2025-11-08T14:03:08.926-0500] {manager.py:878} INFO - 
================================================================================
DAG File Processing Stats

File Path                              PID    Runtime      # DAGs    # Errors  Last Runtime    Last Run
-------------------------------------  -----  ---------  --------  ----------  --------------  -------------------
/opt/airflow/dags/ocr_pipeline_dag.py                           1           0  1.36s           2025-11-08T19:02:56
================================================================================
[2025-11-08T14:03:40.060-0500] {manager.py:878} INFO - 
================================================================================
DAG File Processing Stats

File Path                              PID    Runtime      # DAGs    # Errors  Last Runtime    Last Run
-------------------------------------  -----  ---------  --------  ----------  --------------  -------------------
/opt/airflow/dags/ocr_pipeline_dag.py                           1           0  1.80s           2025-11-08T19:03:28
================================================================================
[2025-11-08T14:04:11.705-0500] {manager.py:878} INFO - 
================================================================================
DAG File Processing Stats

File Path                              PID    Runtime      # DAGs    # Errors  Last Runtime    Last Run
-------------------------------------  -----  ---------  --------  ----------  --------------  -------------------
/opt/airflow/dags/ocr_pipeline_dag.py                           1           0  5.67s           2025-11-08T19:04:04
================================================================================
[2025-11-08T14:04:42.182-0500] {manager.py:878} INFO - 
================================================================================
DAG File Processing Stats

File Path                              PID    Runtime      # DAGs    # Errors  Last Runtime    Last Run
-------------------------------------  -----  ---------  --------  ----------  --------------  -------------------
/opt/airflow/dags/ocr_pipeline_dag.py                           1           0  1.53s           2025-11-08T19:04:36
================================================================================
[2025-11-08T14:05:13.035-0500] {manager.py:878} INFO - 
================================================================================
DAG File Processing Stats

File Path                              PID    Runtime      # DAGs    # Errors  Last Runtime    Last Run
-------------------------------------  -----  ---------  --------  ----------  --------------  -------------------
/opt/airflow/dags/ocr_pipeline_dag.py                           1           0  1.48s           2025-11-08T19:05:07
================================================================================
[2025-11-08T14:05:44.107-0500] {manager.py:878} INFO - 
================================================================================
DAG File Processing Stats

File Path                              PID    Runtime      # DAGs    # Errors  Last Runtime    Last Run
-------------------------------------  -----  ---------  --------  ----------  --------------  -------------------
/opt/airflow/dags/ocr_pipeline_dag.py                           1           0  4.73s           2025-11-08T19:05:43
================================================================================
[2025-11-08T14:06:15.114-0500] {manager.py:878} INFO - 
================================================================================
DAG File Processing Stats

File Path                                PID  Runtime      # DAGs    # Errors  Last Runtime    Last Run
-------------------------------------  -----  ---------  --------  ----------  --------------  -------------------
/opt/airflow/dags/ocr_pipeline_dag.py   1362  1.03s             1           0  4.73s           2025-11-08T19:05:43
================================================================================
[2025-11-08T14:06:46.308-0500] {manager.py:878} INFO - 
================================================================================
DAG File Processing Stats

File Path                                PID  Runtime      # DAGs    # Errors  Last Runtime    Last Run
-------------------------------------  -----  ---------  --------  ----------  --------------  -------------------
/opt/airflow/dags/ocr_pipeline_dag.py   1368  0.02s             1           0  1.70s           2025-11-08T19:06:15
================================================================================
[2025-11-08T14:07:17.448-0500] {manager.py:878} INFO - 
================================================================================
DAG File Processing Stats

File Path                              PID    Runtime      # DAGs    # Errors  Last Runtime    Last Run
-------------------------------------  -----  ---------  --------  ----------  --------------  -------------------
/opt/airflow/dags/ocr_pipeline_dag.py                           1           0  2.31s           2025-11-08T19:06:48
================================================================================
[2025-11-08T14:07:48.652-0500] {manager.py:878} INFO - 
================================================================================
DAG File Processing Stats

File Path                              PID    Runtime      # DAGs    # Errors  Last Runtime    Last Run
-------------------------------------  -----  ---------  --------  ----------  --------------  -------------------
/opt/airflow/dags/ocr_pipeline_dag.py                           1           0  1.56s           2025-11-08T19:07:20
================================================================================
[2025-11-08T14:08:05.258-0500] {manager.py:737} INFO - Searching for files in /opt/airflow/dags
[2025-11-08T14:08:05.310-0500] {manager.py:740} INFO - There are 1 files in /opt/airflow/dags
[2025-11-08T14:08:19.439-0500] {manager.py:878} INFO - 
================================================================================
DAG File Processing Stats

File Path                              PID    Runtime      # DAGs    # Errors  Last Runtime    Last Run
-------------------------------------  -----  ---------  --------  ----------  --------------  -------------------
/opt/airflow/dags/ocr_pipeline_dag.py                           1           0  2.73s           2025-11-08T19:07:53
================================================================================
[2025-11-08T14:08:50.415-0500] {manager.py:878} INFO - 
================================================================================
DAG File Processing Stats

File Path                              PID    Runtime      # DAGs    # Errors  Last Runtime    Last Run
-------------------------------------  -----  ---------  --------  ----------  --------------  -------------------
/opt/airflow/dags/ocr_pipeline_dag.py                           1           0  1.46s           2025-11-08T19:08:24
================================================================================
[2025-11-08T14:09:21.370-0500] {manager.py:878} INFO - 
================================================================================
DAG File Processing Stats

File Path                              PID    Runtime      # DAGs    # Errors  Last Runtime    Last Run
-------------------------------------  -----  ---------  --------  ----------  --------------  -------------------
/opt/airflow/dags/ocr_pipeline_dag.py                           1           0  1.11s           2025-11-08T19:08:56
================================================================================
[2025-11-08T14:09:52.449-0500] {manager.py:878} INFO - 
================================================================================
DAG File Processing Stats

File Path                              PID    Runtime      # DAGs    # Errors  Last Runtime    Last Run
-------------------------------------  -----  ---------  --------  ----------  --------------  -------------------
/opt/airflow/dags/ocr_pipeline_dag.py                           1           0  1.21s           2025-11-08T19:09:28
================================================================================
[2025-11-08T14:10:23.490-0500] {manager.py:878} INFO - 
================================================================================
DAG File Processing Stats

File Path                              PID    Runtime      # DAGs    # Errors  Last Runtime    Last Run
-------------------------------------  -----  ---------  --------  ----------  --------------  -------------------
/opt/airflow/dags/ocr_pipeline_dag.py                           1           0  1.73s           2025-11-08T19:10:01
================================================================================
[2025-11-08T14:10:54.439-0500] {manager.py:878} INFO - 
================================================================================
DAG File Processing Stats

File Path                              PID    Runtime      # DAGs    # Errors  Last Runtime    Last Run
-------------------------------------  -----  ---------  --------  ----------  --------------  -------------------
/opt/airflow/dags/ocr_pipeline_dag.py                           1           0  1.31s           2025-11-08T19:10:32
================================================================================
[2025-11-08T14:11:25.657-0500] {manager.py:878} INFO - 
================================================================================
DAG File Processing Stats

File Path                              PID    Runtime      # DAGs    # Errors  Last Runtime    Last Run
-------------------------------------  -----  ---------  --------  ----------  --------------  -------------------
/opt/airflow/dags/ocr_pipeline_dag.py                           1           0  1.28s           2025-11-08T19:11:04
================================================================================
[2025-11-08T14:11:56.635-0500] {manager.py:878} INFO - 
================================================================================
DAG File Processing Stats

File Path                              PID    Runtime      # DAGs    # Errors  Last Runtime    Last Run
-------------------------------------  -----  ---------  --------  ----------  --------------  -------------------
/opt/airflow/dags/ocr_pipeline_dag.py                           1           0  1.98s           2025-11-08T19:11:37
================================================================================
[2025-11-08T14:12:27.803-0500] {manager.py:878} INFO - 
================================================================================
DAG File Processing Stats

File Path                              PID    Runtime      # DAGs    # Errors  Last Runtime    Last Run
-------------------------------------  -----  ---------  --------  ----------  --------------  -------------------
/opt/airflow/dags/ocr_pipeline_dag.py                           1           0  1.38s           2025-11-08T19:12:09
================================================================================
[2025-11-08T14:12:58.860-0500] {manager.py:878} INFO - 
================================================================================
DAG File Processing Stats

File Path                              PID    Runtime      # DAGs    # Errors  Last Runtime    Last Run
-------------------------------------  -----  ---------  --------  ----------  --------------  -------------------
/opt/airflow/dags/ocr_pipeline_dag.py                           1           0  1.55s           2025-11-08T19:12:42
================================================================================
[2025-11-08T14:13:05.382-0500] {manager.py:737} INFO - Searching for files in /opt/airflow/dags
[2025-11-08T14:13:05.443-0500] {manager.py:740} INFO - There are 1 files in /opt/airflow/dags
[2025-11-08T14:13:30.375-0500] {manager.py:878} INFO - 
================================================================================
DAG File Processing Stats

File Path                              PID    Runtime      # DAGs    # Errors  Last Runtime    Last Run
-------------------------------------  -----  ---------  --------  ----------  --------------  -------------------
/opt/airflow/dags/ocr_pipeline_dag.py                           1           0  1.14s           2025-11-08T19:13:13
================================================================================
[2025-11-08T14:14:01.440-0500] {manager.py:878} INFO - 
================================================================================
DAG File Processing Stats

File Path                              PID    Runtime      # DAGs    # Errors  Last Runtime    Last Run
-------------------------------------  -----  ---------  --------  ----------  --------------  -------------------
/opt/airflow/dags/ocr_pipeline_dag.py                           1           0  1.19s           2025-11-08T19:13:45
================================================================================
[2025-11-08T14:14:32.429-0500] {manager.py:878} INFO - 
================================================================================
DAG File Processing Stats

File Path                              PID    Runtime      # DAGs    # Errors  Last Runtime    Last Run
-------------------------------------  -----  ---------  --------  ----------  --------------  -------------------
/opt/airflow/dags/ocr_pipeline_dag.py                           1           0  1.26s           2025-11-08T19:14:17
================================================================================
[2025-11-08T14:15:03.582-0500] {manager.py:878} INFO - 
================================================================================
DAG File Processing Stats

File Path                              PID    Runtime      # DAGs    # Errors  Last Runtime    Last Run
-------------------------------------  -----  ---------  --------  ----------  --------------  -------------------
/opt/airflow/dags/ocr_pipeline_dag.py                           1           0  1.74s           2025-11-08T19:14:50
================================================================================
[2025-11-08T14:15:35.108-0500] {manager.py:878} INFO - 
================================================================================
DAG File Processing Stats

File Path                              PID    Runtime      # DAGs    # Errors  Last Runtime    Last Run
-------------------------------------  -----  ---------  --------  ----------  --------------  -------------------
/opt/airflow/dags/ocr_pipeline_dag.py                           1           0  1.74s           2025-11-08T19:15:22
================================================================================
[2025-11-08T14:16:06.224-0500] {manager.py:878} INFO - 
================================================================================
DAG File Processing Stats

File Path                              PID    Runtime      # DAGs    # Errors  Last Runtime    Last Run
-------------------------------------  -----  ---------  --------  ----------  --------------  -------------------
/opt/airflow/dags/ocr_pipeline_dag.py                           1           0  1.28s           2025-11-08T19:15:54
================================================================================
[2025-11-08T14:16:37.249-0500] {manager.py:878} INFO - 
================================================================================
DAG File Processing Stats

File Path                              PID    Runtime      # DAGs    # Errors  Last Runtime    Last Run
-------------------------------------  -----  ---------  --------  ----------  --------------  -------------------
/opt/airflow/dags/ocr_pipeline_dag.py                           1           0  1.16s           2025-11-08T19:16:26
================================================================================
[2025-11-08T14:17:08.280-0500] {manager.py:878} INFO - 
================================================================================
DAG File Processing Stats

File Path                              PID    Runtime      # DAGs    # Errors  Last Runtime    Last Run
-------------------------------------  -----  ---------  --------  ----------  --------------  -------------------
/opt/airflow/dags/ocr_pipeline_dag.py                           1           0  1.14s           2025-11-08T19:16:58
================================================================================
[2025-11-08T14:17:39.236-0500] {manager.py:878} INFO - 
================================================================================
DAG File Processing Stats

File Path                              PID    Runtime      # DAGs    # Errors  Last Runtime    Last Run
-------------------------------------  -----  ---------  --------  ----------  --------------  -------------------
/opt/airflow/dags/ocr_pipeline_dag.py                           1           0  1.41s           2025-11-08T19:17:30
================================================================================
[2025-11-08T14:18:06.157-0500] {manager.py:737} INFO - Searching for files in /opt/airflow/dags
[2025-11-08T14:18:06.185-0500] {manager.py:740} INFO - There are 1 files in /opt/airflow/dags
[2025-11-08T14:18:10.224-0500] {manager.py:878} INFO - 
================================================================================
DAG File Processing Stats

File Path                              PID    Runtime      # DAGs    # Errors  Last Runtime    Last Run
-------------------------------------  -----  ---------  --------  ----------  --------------  -------------------
/opt/airflow/dags/ocr_pipeline_dag.py                           1           0  1.14s           2025-11-08T19:18:02
================================================================================
[2025-11-08T14:18:41.236-0500] {manager.py:878} INFO - 
================================================================================
DAG File Processing Stats

File Path                              PID    Runtime      # DAGs    # Errors  Last Runtime    Last Run
-------------------------------------  -----  ---------  --------  ----------  --------------  -------------------
/opt/airflow/dags/ocr_pipeline_dag.py                           1           0  1.18s           2025-11-08T19:18:34
================================================================================
[2025-11-08T14:19:12.283-0500] {manager.py:878} INFO - 
================================================================================
DAG File Processing Stats

File Path                              PID    Runtime      # DAGs    # Errors  Last Runtime    Last Run
-------------------------------------  -----  ---------  --------  ----------  --------------  -------------------
/opt/airflow/dags/ocr_pipeline_dag.py                           1           0  1.14s           2025-11-08T19:19:06
================================================================================
[2025-11-08T14:19:43.261-0500] {manager.py:878} INFO - 
================================================================================
DAG File Processing Stats

File Path                              PID    Runtime      # DAGs    # Errors  Last Runtime    Last Run
-------------------------------------  -----  ---------  --------  ----------  --------------  -------------------
/opt/airflow/dags/ocr_pipeline_dag.py                           1           0  1.27s           2025-11-08T19:19:38
================================================================================
[2025-11-08T14:20:14.437-0500] {manager.py:878} INFO - 
================================================================================
DAG File Processing Stats

File Path                              PID    Runtime      # DAGs    # Errors  Last Runtime    Last Run
-------------------------------------  -----  ---------  --------  ----------  --------------  -------------------
/opt/airflow/dags/ocr_pipeline_dag.py                           1           0  1.56s           2025-11-08T19:20:10
================================================================================
[2025-11-08T14:20:45.391-0500] {manager.py:878} INFO - 
================================================================================
DAG File Processing Stats

File Path                              PID    Runtime      # DAGs    # Errors  Last Runtime    Last Run
-------------------------------------  -----  ---------  --------  ----------  --------------  -------------------
/opt/airflow/dags/ocr_pipeline_dag.py                           1           0  1.20s           2025-11-08T19:20:42
================================================================================
[2025-11-08T14:21:16.495-0500] {manager.py:878} INFO - 
================================================================================
DAG File Processing Stats

File Path                              PID    Runtime      # DAGs    # Errors  Last Runtime    Last Run
-------------------------------------  -----  ---------  --------  ----------  --------------  -------------------
/opt/airflow/dags/ocr_pipeline_dag.py                           1           0  1.69s           2025-11-08T19:21:15
================================================================================
[2025-11-08T14:21:47.482-0500] {manager.py:878} INFO - 
================================================================================
DAG File Processing Stats

File Path                              PID    Runtime      # DAGs    # Errors  Last Runtime    Last Run
-------------------------------------  -----  ---------  --------  ----------  --------------  -------------------
/opt/airflow/dags/ocr_pipeline_dag.py                           1           0  1.16s           2025-11-08T19:21:46
================================================================================
[2025-11-08T14:22:18.542-0500] {manager.py:878} INFO - 
================================================================================
DAG File Processing Stats

File Path                                PID  Runtime      # DAGs    # Errors  Last Runtime    Last Run
-------------------------------------  -----  ---------  --------  ----------  --------------  -------------------
/opt/airflow/dags/ocr_pipeline_dag.py   1542  1.05s             1           0  1.16s           2025-11-08T19:21:46
================================================================================
[2025-11-08T14:22:49.571-0500] {manager.py:878} INFO - 
================================================================================
DAG File Processing Stats

File Path                              PID    Runtime      # DAGs    # Errors  Last Runtime    Last Run
-------------------------------------  -----  ---------  --------  ----------  --------------  -------------------
/opt/airflow/dags/ocr_pipeline_dag.py                           1           0  5.76s           2025-11-08T19:22:23
================================================================================
[2025-11-08T14:23:06.736-0500] {manager.py:737} INFO - Searching for files in /opt/airflow/dags
[2025-11-08T14:23:06.785-0500] {manager.py:740} INFO - There are 1 files in /opt/airflow/dags
[2025-11-08T14:23:20.936-0500] {manager.py:878} INFO - 
================================================================================
DAG File Processing Stats

File Path                              PID    Runtime      # DAGs    # Errors  Last Runtime    Last Run
-------------------------------------  -----  ---------  --------  ----------  --------------  -------------------
/opt/airflow/dags/ocr_pipeline_dag.py                           1           0  1.37s           2025-11-08T19:22:54
================================================================================
[2025-11-08T14:23:52.100-0500] {manager.py:878} INFO - 
================================================================================
DAG File Processing Stats

File Path                              PID    Runtime      # DAGs    # Errors  Last Runtime    Last Run
-------------------------------------  -----  ---------  --------  ----------  --------------  -------------------
/opt/airflow/dags/ocr_pipeline_dag.py                           1           0  2.51s           2025-11-08T19:23:27
================================================================================
[2025-11-08T14:24:23.176-0500] {manager.py:878} INFO - 
================================================================================
DAG File Processing Stats

File Path                              PID    Runtime      # DAGs    # Errors  Last Runtime    Last Run
-------------------------------------  -----  ---------  --------  ----------  --------------  -------------------
/opt/airflow/dags/ocr_pipeline_dag.py                           1           0  1.89s           2025-11-08T19:23:59
================================================================================
[2025-11-08T14:24:54.223-0500] {manager.py:878} INFO - 
================================================================================
DAG File Processing Stats

File Path                              PID    Runtime      # DAGs    # Errors  Last Runtime    Last Run
-------------------------------------  -----  ---------  --------  ----------  --------------  -------------------
/opt/airflow/dags/ocr_pipeline_dag.py                           1           0  2.06s           2025-11-08T19:24:31
================================================================================
[2025-11-08T14:25:25.484-0500] {manager.py:878} INFO - 
================================================================================
DAG File Processing Stats

File Path                              PID    Runtime      # DAGs    # Errors  Last Runtime    Last Run
-------------------------------------  -----  ---------  --------  ----------  --------------  -------------------
/opt/airflow/dags/ocr_pipeline_dag.py                           1           0  1.69s           2025-11-08T19:25:03
================================================================================
[2025-11-08T14:25:56.294-0500] {manager.py:878} INFO - 
================================================================================
DAG File Processing Stats

File Path                              PID    Runtime      # DAGs    # Errors  Last Runtime    Last Run
-------------------------------------  -----  ---------  --------  ----------  --------------  -------------------
/opt/airflow/dags/ocr_pipeline_dag.py                           1           0  2.52s           2025-11-08T19:25:37
================================================================================
[2025-11-08T14:26:27.274-0500] {manager.py:878} INFO - 
================================================================================
DAG File Processing Stats

File Path                              PID    Runtime      # DAGs    # Errors  Last Runtime    Last Run
-------------------------------------  -----  ---------  --------  ----------  --------------  -------------------
/opt/airflow/dags/ocr_pipeline_dag.py                           1           0  1.73s           2025-11-08T19:26:09
================================================================================
[2025-11-08T14:26:59.626-0500] {manager.py:878} INFO - 
================================================================================
DAG File Processing Stats

File Path                              PID    Runtime      # DAGs    # Errors  Last Runtime    Last Run
-------------------------------------  -----  ---------  --------  ----------  --------------  -------------------
/opt/airflow/dags/ocr_pipeline_dag.py                           1           0  2.25s           2025-11-08T19:26:41
================================================================================
[2025-11-08T14:27:30.782-0500] {manager.py:878} INFO - 
================================================================================
DAG File Processing Stats

File Path                              PID    Runtime      # DAGs    # Errors  Last Runtime    Last Run
-------------------------------------  -----  ---------  --------  ----------  --------------  -------------------
/opt/airflow/dags/ocr_pipeline_dag.py                           1           0  1.97s           2025-11-08T19:27:13
================================================================================
[2025-11-08T14:28:01.786-0500] {manager.py:878} INFO - 
================================================================================
DAG File Processing Stats

File Path                              PID    Runtime      # DAGs    # Errors  Last Runtime    Last Run
-------------------------------------  -----  ---------  --------  ----------  --------------  -------------------
/opt/airflow/dags/ocr_pipeline_dag.py                           1           0  4.80s           2025-11-08T19:27:48
================================================================================
[2025-11-08T14:28:06.850-0500] {manager.py:737} INFO - Searching for files in /opt/airflow/dags
[2025-11-08T14:28:06.891-0500] {manager.py:740} INFO - There are 1 files in /opt/airflow/dags
[2025-11-08T14:28:33.306-0500] {manager.py:878} INFO - 
================================================================================
DAG File Processing Stats

File Path                              PID    Runtime      # DAGs    # Errors  Last Runtime    Last Run
-------------------------------------  -----  ---------  --------  ----------  --------------  -------------------
/opt/airflow/dags/ocr_pipeline_dag.py                           1           0  1.60s           2025-11-08T19:28:20
================================================================================
[2025-11-08T14:29:04.497-0500] {manager.py:878} INFO - 
================================================================================
DAG File Processing Stats

File Path                              PID    Runtime      # DAGs    # Errors  Last Runtime    Last Run
-------------------------------------  -----  ---------  --------  ----------  --------------  -------------------
/opt/airflow/dags/ocr_pipeline_dag.py                           1           0  1.53s           2025-11-08T19:28:53
================================================================================
[2025-11-08T14:29:35.446-0500] {manager.py:878} INFO - 
================================================================================
DAG File Processing Stats

File Path                              PID    Runtime      # DAGs    # Errors  Last Runtime    Last Run
-------------------------------------  -----  ---------  --------  ----------  --------------  -------------------
/opt/airflow/dags/ocr_pipeline_dag.py                           1           0  1.31s           2025-11-08T19:29:24
================================================================================
[2025-11-08T14:30:06.430-0500] {manager.py:878} INFO - 
================================================================================
DAG File Processing Stats

File Path                              PID    Runtime      # DAGs    # Errors  Last Runtime    Last Run
-------------------------------------  -----  ---------  --------  ----------  --------------  -------------------
/opt/airflow/dags/ocr_pipeline_dag.py                           1           0  2.03s           2025-11-08T19:29:56
================================================================================
[2025-11-08T14:30:37.449-0500] {manager.py:878} INFO - 
================================================================================
DAG File Processing Stats

File Path                              PID    Runtime      # DAGs    # Errors  Last Runtime    Last Run
-------------------------------------  -----  ---------  --------  ----------  --------------  -------------------
/opt/airflow/dags/ocr_pipeline_dag.py                           1           0  1.48s           2025-11-08T19:30:29
================================================================================
[2025-11-08T14:31:08.452-0500] {manager.py:878} INFO - 
================================================================================
DAG File Processing Stats

File Path                              PID    Runtime      # DAGs    # Errors  Last Runtime    Last Run
-------------------------------------  -----  ---------  --------  ----------  --------------  -------------------
/opt/airflow/dags/ocr_pipeline_dag.py                           1           0  1.45s           2025-11-08T19:31:00
================================================================================
[2025-11-08T14:31:39.458-0500] {manager.py:878} INFO - 
================================================================================
DAG File Processing Stats

File Path                              PID    Runtime      # DAGs    # Errors  Last Runtime    Last Run
-------------------------------------  -----  ---------  --------  ----------  --------------  -------------------
/opt/airflow/dags/ocr_pipeline_dag.py                           1           0  1.58s           2025-11-08T19:31:32
================================================================================
[2025-11-08T14:32:10.727-0500] {manager.py:878} INFO - 
================================================================================
DAG File Processing Stats

File Path                              PID    Runtime      # DAGs    # Errors  Last Runtime    Last Run
-------------------------------------  -----  ---------  --------  ----------  --------------  -------------------
/opt/airflow/dags/ocr_pipeline_dag.py                           1           0  3.45s           2025-11-08T19:32:06
================================================================================
[2025-11-08T14:32:42.104-0500] {manager.py:878} INFO - 
================================================================================
DAG File Processing Stats

File Path                              PID    Runtime      # DAGs    # Errors  Last Runtime    Last Run
-------------------------------------  -----  ---------  --------  ----------  --------------  -------------------
/opt/airflow/dags/ocr_pipeline_dag.py                           1           0  3.29s           2025-11-08T19:32:40
================================================================================
[2025-11-08T14:33:07.274-0500] {manager.py:737} INFO - Searching for files in /opt/airflow/dags
[2025-11-08T14:33:07.320-0500] {manager.py:740} INFO - There are 1 files in /opt/airflow/dags
[2025-11-08T14:33:13.334-0500] {manager.py:878} INFO - 
================================================================================
DAG File Processing Stats

File Path                              PID    Runtime      # DAGs    # Errors  Last Runtime    Last Run
-------------------------------------  -----  ---------  --------  ----------  --------------  -------------------
/opt/airflow/dags/ocr_pipeline_dag.py                           1           0  1.25s           2025-11-08T19:33:12
================================================================================
[2025-11-08T14:33:44.473-0500] {manager.py:878} INFO - 
================================================================================
DAG File Processing Stats

File Path                              PID    Runtime      # DAGs    # Errors  Last Runtime    Last Run
-------------------------------------  -----  ---------  --------  ----------  --------------  -------------------
/opt/airflow/dags/ocr_pipeline_dag.py                           1           0  1.09s           2025-11-08T19:33:43
================================================================================
[2025-11-08T14:34:15.467-0500] {manager.py:878} INFO - 
================================================================================
DAG File Processing Stats

File Path                                PID  Runtime      # DAGs    # Errors  Last Runtime    Last Run
-------------------------------------  -----  ---------  --------  ----------  --------------  -------------------
/opt/airflow/dags/ocr_pipeline_dag.py   1691  1.01s             1           0  1.09s           2025-11-08T19:33:43
================================================================================
[2025-11-08T14:34:46.514-0500] {manager.py:878} INFO - 
================================================================================
DAG File Processing Stats

File Path                                PID  Runtime      # DAGs    # Errors  Last Runtime    Last Run
-------------------------------------  -----  ---------  --------  ----------  --------------  -------------------
/opt/airflow/dags/ocr_pipeline_dag.py   1697  0.01s             1           0  1.31s           2025-11-08T19:34:15
================================================================================
[2025-11-08T14:35:17.686-0500] {manager.py:878} INFO - 
================================================================================
DAG File Processing Stats

File Path                              PID    Runtime      # DAGs    # Errors  Last Runtime    Last Run
-------------------------------------  -----  ---------  --------  ----------  --------------  -------------------
/opt/airflow/dags/ocr_pipeline_dag.py                           1           0  1.34s           2025-11-08T19:34:47
================================================================================
[2025-11-08T14:35:48.775-0500] {manager.py:878} INFO - 
================================================================================
DAG File Processing Stats

File Path                              PID    Runtime      # DAGs    # Errors  Last Runtime    Last Run
-------------------------------------  -----  ---------  --------  ----------  --------------  -------------------
/opt/airflow/dags/ocr_pipeline_dag.py                           1           0  1.68s           2025-11-08T19:35:20
================================================================================
[2025-11-08T14:36:19.753-0500] {manager.py:878} INFO - 
================================================================================
DAG File Processing Stats

File Path                              PID    Runtime      # DAGs    # Errors  Last Runtime    Last Run
-------------------------------------  -----  ---------  --------  ----------  --------------  -------------------
/opt/airflow/dags/ocr_pipeline_dag.py                           1           0  1.50s           2025-11-08T19:35:52
================================================================================
[2025-11-08T14:36:50.764-0500] {manager.py:878} INFO - 
================================================================================
DAG File Processing Stats

File Path                              PID    Runtime      # DAGs    # Errors  Last Runtime    Last Run
-------------------------------------  -----  ---------  --------  ----------  --------------  -------------------
/opt/airflow/dags/ocr_pipeline_dag.py                           1           0  1.37s           2025-11-08T19:36:24
================================================================================
[2025-11-08T14:37:21.804-0500] {manager.py:878} INFO - 
================================================================================
DAG File Processing Stats

File Path                              PID    Runtime      # DAGs    # Errors  Last Runtime    Last Run
-------------------------------------  -----  ---------  --------  ----------  --------------  -------------------
/opt/airflow/dags/ocr_pipeline_dag.py                           1           0  1.33s           2025-11-08T19:36:56
================================================================================
[2025-11-08T14:37:53.093-0500] {manager.py:878} INFO - 
================================================================================
DAG File Processing Stats

File Path                              PID    Runtime      # DAGs    # Errors  Last Runtime    Last Run
-------------------------------------  -----  ---------  --------  ----------  --------------  -------------------
/opt/airflow/dags/ocr_pipeline_dag.py                           1           0  1.42s           2025-11-08T19:37:28
================================================================================
[2025-11-08T14:38:07.311-0500] {manager.py:737} INFO - Searching for files in /opt/airflow/dags
[2025-11-08T14:38:07.353-0500] {manager.py:740} INFO - There are 1 files in /opt/airflow/dags
[2025-11-08T14:38:24.258-0500] {manager.py:878} INFO - 
================================================================================
DAG File Processing Stats

File Path                              PID    Runtime      # DAGs    # Errors  Last Runtime    Last Run
-------------------------------------  -----  ---------  --------  ----------  --------------  -------------------
/opt/airflow/dags/ocr_pipeline_dag.py                           1           0  1.17s           2025-11-08T19:38:00
================================================================================
[2025-11-08T14:38:55.266-0500] {manager.py:878} INFO - 
================================================================================
DAG File Processing Stats

File Path                              PID    Runtime      # DAGs    # Errors  Last Runtime    Last Run
-------------------------------------  -----  ---------  --------  ----------  --------------  -------------------
/opt/airflow/dags/ocr_pipeline_dag.py                           1           0  1.06s           2025-11-08T19:38:32
================================================================================
[2025-11-08T14:39:26.310-0500] {manager.py:878} INFO - 
================================================================================
DAG File Processing Stats

File Path                              PID    Runtime      # DAGs    # Errors  Last Runtime    Last Run
-------------------------------------  -----  ---------  --------  ----------  --------------  -------------------
/opt/airflow/dags/ocr_pipeline_dag.py                           1           0  1.31s           2025-11-08T19:39:04
================================================================================
[2025-11-08T14:39:57.549-0500] {manager.py:878} INFO - 
================================================================================
DAG File Processing Stats

File Path                              PID    Runtime      # DAGs    # Errors  Last Runtime    Last Run
-------------------------------------  -----  ---------  --------  ----------  --------------  -------------------
/opt/airflow/dags/ocr_pipeline_dag.py                           1           0  1.31s           2025-11-08T19:39:36
================================================================================
[2025-11-08T14:40:28.669-0500] {manager.py:878} INFO - 
================================================================================
DAG File Processing Stats

File Path                              PID    Runtime      # DAGs    # Errors  Last Runtime    Last Run
-------------------------------------  -----  ---------  --------  ----------  --------------  -------------------
/opt/airflow/dags/ocr_pipeline_dag.py                           1           0  1.30s           2025-11-08T19:40:08
================================================================================
[2025-11-08T14:40:59.845-0500] {manager.py:878} INFO - 
================================================================================
DAG File Processing Stats

File Path                              PID    Runtime      # DAGs    # Errors  Last Runtime    Last Run
-------------------------------------  -----  ---------  --------  ----------  --------------  -------------------
/opt/airflow/dags/ocr_pipeline_dag.py                           1           0  1.22s           2025-11-08T19:40:40
================================================================================
[2025-11-08T14:41:30.863-0500] {manager.py:878} INFO - 
================================================================================
DAG File Processing Stats

File Path                              PID    Runtime      # DAGs    # Errors  Last Runtime    Last Run
-------------------------------------  -----  ---------  --------  ----------  --------------  -------------------
/opt/airflow/dags/ocr_pipeline_dag.py                           1           0  1.49s           2025-11-08T19:41:13
================================================================================
[2025-11-08T14:42:01.778-0500] {manager.py:878} INFO - 
================================================================================
DAG File Processing Stats

File Path                              PID    Runtime      # DAGs    # Errors  Last Runtime    Last Run
-------------------------------------  -----  ---------  --------  ----------  --------------  -------------------
/opt/airflow/dags/ocr_pipeline_dag.py                           1           0  1.42s           2025-11-08T19:41:44
================================================================================
[2025-11-08T14:42:33.400-0500] {manager.py:878} INFO - 
================================================================================
DAG File Processing Stats

File Path                              PID    Runtime      # DAGs    # Errors  Last Runtime    Last Run
-------------------------------------  -----  ---------  --------  ----------  --------------  -------------------
/opt/airflow/dags/ocr_pipeline_dag.py                           1           0  1.09s           2025-11-08T19:42:16
================================================================================
[2025-11-08T14:43:04.455-0500] {manager.py:878} INFO - 
================================================================================
DAG File Processing Stats

File Path                              PID    Runtime      # DAGs    # Errors  Last Runtime    Last Run
-------------------------------------  -----  ---------  --------  ----------  --------------  -------------------
/opt/airflow/dags/ocr_pipeline_dag.py                           1           0  1.45s           2025-11-08T19:42:48
================================================================================
[2025-11-08T14:43:07.476-0500] {manager.py:737} INFO - Searching for files in /opt/airflow/dags
[2025-11-08T14:43:07.510-0500] {manager.py:740} INFO - There are 1 files in /opt/airflow/dags
[2025-11-08T14:43:35.817-0500] {manager.py:878} INFO - 
================================================================================
DAG File Processing Stats

File Path                              PID    Runtime      # DAGs    # Errors  Last Runtime    Last Run
-------------------------------------  -----  ---------  --------  ----------  --------------  -------------------
/opt/airflow/dags/ocr_pipeline_dag.py                           1           0  1.35s           2025-11-08T19:43:20
================================================================================
[2025-11-08T14:44:06.444-0500] {manager.py:878} INFO - 
================================================================================
DAG File Processing Stats

File Path                              PID    Runtime      # DAGs    # Errors  Last Runtime    Last Run
-------------------------------------  -----  ---------  --------  ----------  --------------  -------------------
/opt/airflow/dags/ocr_pipeline_dag.py                           1           0  1.32s           2025-11-08T19:43:53
================================================================================
[2025-11-08T14:44:38.164-0500] {manager.py:878} INFO - 
================================================================================
DAG File Processing Stats

File Path                              PID    Runtime      # DAGs    # Errors  Last Runtime    Last Run
-------------------------------------  -----  ---------  --------  ----------  --------------  -------------------
/opt/airflow/dags/ocr_pipeline_dag.py                           1           0  1.48s           2025-11-08T19:44:24
================================================================================
[2025-11-08T14:45:09.381-0500] {manager.py:878} INFO - 
================================================================================
DAG File Processing Stats

File Path                              PID    Runtime      # DAGs    # Errors  Last Runtime    Last Run
-------------------------------------  -----  ---------  --------  ----------  --------------  -------------------
/opt/airflow/dags/ocr_pipeline_dag.py                           1           0  2.36s           2025-11-08T19:44:57
================================================================================
[2025-11-08T14:45:40.417-0500] {manager.py:878} INFO - 
================================================================================
DAG File Processing Stats

File Path                              PID    Runtime      # DAGs    # Errors  Last Runtime    Last Run
-------------------------------------  -----  ---------  --------  ----------  --------------  -------------------
/opt/airflow/dags/ocr_pipeline_dag.py                           1           0  2.07s           2025-11-08T19:45:30
================================================================================
[2025-11-08T14:46:11.485-0500] {manager.py:878} INFO - 
================================================================================
DAG File Processing Stats

File Path                              PID    Runtime      # DAGs    # Errors  Last Runtime    Last Run
-------------------------------------  -----  ---------  --------  ----------  --------------  -------------------
/opt/airflow/dags/ocr_pipeline_dag.py                           1           0  1.49s           2025-11-08T19:46:02
================================================================================
[2025-11-08T14:46:42.412-0500] {manager.py:878} INFO - 
================================================================================
DAG File Processing Stats

File Path                              PID    Runtime      # DAGs    # Errors  Last Runtime    Last Run
-------------------------------------  -----  ---------  --------  ----------  --------------  -------------------
/opt/airflow/dags/ocr_pipeline_dag.py                           1           0  1.47s           2025-11-08T19:46:34
================================================================================
[2025-11-08T14:47:13.871-0500] {manager.py:878} INFO - 
================================================================================
DAG File Processing Stats

File Path                              PID    Runtime      # DAGs    # Errors  Last Runtime    Last Run
-------------------------------------  -----  ---------  --------  ----------  --------------  -------------------
/opt/airflow/dags/ocr_pipeline_dag.py                           1           0  5.41s           2025-11-08T19:47:09
================================================================================
[2025-11-08T14:47:44.894-0500] {manager.py:878} INFO - 
================================================================================
DAG File Processing Stats

File Path                              PID    Runtime      # DAGs    # Errors  Last Runtime    Last Run
-------------------------------------  -----  ---------  --------  ----------  --------------  -------------------
/opt/airflow/dags/ocr_pipeline_dag.py                           1           0  1.28s           2025-11-08T19:47:41
================================================================================
[2025-11-08T14:48:07.847-0500] {manager.py:737} INFO - Searching for files in /opt/airflow/dags
[2025-11-08T14:48:07.876-0500] {manager.py:740} INFO - There are 1 files in /opt/airflow/dags
[2025-11-08T14:48:15.977-0500] {manager.py:878} INFO - 
================================================================================
DAG File Processing Stats

File Path                              PID    Runtime      # DAGs    # Errors  Last Runtime    Last Run
-------------------------------------  -----  ---------  --------  ----------  --------------  -------------------
/opt/airflow/dags/ocr_pipeline_dag.py                           1           0  1.06s           2025-11-08T19:48:13
================================================================================
[2025-11-08T14:48:47.523-0500] {manager.py:878} INFO - 
================================================================================
DAG File Processing Stats

File Path                              PID    Runtime      # DAGs    # Errors  Last Runtime    Last Run
-------------------------------------  -----  ---------  --------  ----------  --------------  -------------------
/opt/airflow/dags/ocr_pipeline_dag.py                           1           0  1.24s           2025-11-08T19:48:44
================================================================================
[2025-11-08T14:49:18.774-0500] {manager.py:878} INFO - 
================================================================================
DAG File Processing Stats

File Path                              PID    Runtime      # DAGs    # Errors  Last Runtime    Last Run
-------------------------------------  -----  ---------  --------  ----------  --------------  -------------------
/opt/airflow/dags/ocr_pipeline_dag.py                           1           0  1.46s           2025-11-08T19:49:16
================================================================================
[2025-11-08T14:49:49.824-0500] {manager.py:878} INFO - 
================================================================================
DAG File Processing Stats

File Path                              PID    Runtime      # DAGs    # Errors  Last Runtime    Last Run
-------------------------------------  -----  ---------  --------  ----------  --------------  -------------------
/opt/airflow/dags/ocr_pipeline_dag.py                           1           0  1.66s           2025-11-08T19:49:47
================================================================================
[2025-11-08T14:50:20.974-0500] {manager.py:878} INFO - 
================================================================================
DAG File Processing Stats

File Path                              PID    Runtime      # DAGs    # Errors  Last Runtime    Last Run
-------------------------------------  -----  ---------  --------  ----------  --------------  -------------------
/opt/airflow/dags/ocr_pipeline_dag.py                           1           0  1.11s           2025-11-08T19:50:19
================================================================================
[2025-11-08T14:50:52.151-0500] {manager.py:878} INFO - 
================================================================================
DAG File Processing Stats

File Path                              PID    Runtime      # DAGs    # Errors  Last Runtime    Last Run
-------------------------------------  -----  ---------  --------  ----------  --------------  -------------------
/opt/airflow/dags/ocr_pipeline_dag.py                           1           0  0.96s           2025-11-08T19:50:50
================================================================================
[2025-11-08T14:51:23.218-0500] {manager.py:878} INFO - 
================================================================================
DAG File Processing Stats

File Path                              PID    Runtime      # DAGs    # Errors  Last Runtime    Last Run
-------------------------------------  -----  ---------  --------  ----------  --------------  -------------------
/opt/airflow/dags/ocr_pipeline_dag.py                           1           0  1.16s           2025-11-08T19:51:21
================================================================================
[2025-11-08T14:51:54.307-0500] {manager.py:878} INFO - 
================================================================================
DAG File Processing Stats

File Path                              PID    Runtime      # DAGs    # Errors  Last Runtime    Last Run
-------------------------------------  -----  ---------  --------  ----------  --------------  -------------------
/opt/airflow/dags/ocr_pipeline_dag.py                           1           0  1.33s           2025-11-08T19:51:53
================================================================================
[2025-11-08T14:52:25.513-0500] {manager.py:878} INFO - 
================================================================================
DAG File Processing Stats

File Path                              PID    Runtime      # DAGs    # Errors  Last Runtime    Last Run
-------------------------------------  -----  ---------  --------  ----------  --------------  -------------------
/opt/airflow/dags/ocr_pipeline_dag.py                           1           0  1.01s           2025-11-08T19:52:24
================================================================================
[2025-11-08T14:52:56.589-0500] {manager.py:878} INFO - 
================================================================================
DAG File Processing Stats

File Path                                PID  Runtime      # DAGs    # Errors  Last Runtime    Last Run
-------------------------------------  -----  ---------  --------  ----------  --------------  -------------------
/opt/airflow/dags/ocr_pipeline_dag.py   1901  1.82s             1           0  1.01s           2025-11-08T19:52:24
================================================================================
[2025-11-08T14:53:08.712-0500] {manager.py:737} INFO - Searching for files in /opt/airflow/dags
[2025-11-08T14:53:08.756-0500] {manager.py:740} INFO - There are 1 files in /opt/airflow/dags
[2025-11-08T14:53:27.723-0500] {manager.py:878} INFO - 
================================================================================
DAG File Processing Stats

File Path                                PID  Runtime      # DAGs    # Errors  Last Runtime    Last Run
-------------------------------------  -----  ---------  --------  ----------  --------------  -------------------
/opt/airflow/dags/ocr_pipeline_dag.py   1907  1.02s             1           0  1.90s           2025-11-08T19:52:56
================================================================================
[2025-11-08T14:53:58.836-0500] {manager.py:878} INFO - 
================================================================================
DAG File Processing Stats

File Path                                PID  Runtime      # DAGs    # Errors  Last Runtime    Last Run
-------------------------------------  -----  ---------  --------  ----------  --------------  -------------------
/opt/airflow/dags/ocr_pipeline_dag.py   1913  0.67s             1           0  1.38s           2025-11-08T19:53:28
================================================================================
[2025-11-08T14:54:30.226-0500] {manager.py:878} INFO - 
================================================================================
DAG File Processing Stats

File Path                                PID  Runtime      # DAGs    # Errors  Last Runtime    Last Run
-------------------------------------  -----  ---------  --------  ----------  --------------  -------------------
/opt/airflow/dags/ocr_pipeline_dag.py   1919  0.92s             1           0  1.11s           2025-11-08T19:53:59
================================================================================
[2025-11-08T14:55:01.404-0500] {manager.py:878} INFO - 
================================================================================
DAG File Processing Stats

File Path                                PID  Runtime      # DAGs    # Errors  Last Runtime    Last Run
-------------------------------------  -----  ---------  --------  ----------  --------------  -------------------
/opt/airflow/dags/ocr_pipeline_dag.py   1925  0.01s             1           0  1.35s           2025-11-08T19:54:30
================================================================================
[2025-11-08T14:55:32.484-0500] {manager.py:878} INFO - 
================================================================================
DAG File Processing Stats

File Path                              PID    Runtime      # DAGs    # Errors  Last Runtime    Last Run
-------------------------------------  -----  ---------  --------  ----------  --------------  -------------------
/opt/airflow/dags/ocr_pipeline_dag.py                           1           0  1.17s           2025-11-08T19:55:02
================================================================================
[2025-11-08T14:56:03.728-0500] {manager.py:878} INFO - 
================================================================================
DAG File Processing Stats

File Path                                PID  Runtime      # DAGs    # Errors  Last Runtime    Last Run
-------------------------------------  -----  ---------  --------  ----------  --------------  -------------------
/opt/airflow/dags/ocr_pipeline_dag.py   1937  0.01s             1           0  1.02s           2025-11-08T19:55:33
================================================================================
[2025-11-08T14:56:34.751-0500] {manager.py:878} INFO - 
================================================================================
DAG File Processing Stats

File Path                              PID    Runtime      # DAGs    # Errors  Last Runtime    Last Run
-------------------------------------  -----  ---------  --------  ----------  --------------  -------------------
/opt/airflow/dags/ocr_pipeline_dag.py                           1           0  1.68s           2025-11-08T19:56:05
================================================================================
[2025-11-08T14:57:05.785-0500] {manager.py:878} INFO - 
================================================================================
DAG File Processing Stats

File Path                              PID    Runtime      # DAGs    # Errors  Last Runtime    Last Run
-------------------------------------  -----  ---------  --------  ----------  --------------  -------------------
/opt/airflow/dags/ocr_pipeline_dag.py                           1           0  1.38s           2025-11-08T19:56:36
================================================================================
[2025-11-08T14:57:36.876-0500] {manager.py:878} INFO - 
================================================================================
DAG File Processing Stats

File Path                              PID    Runtime      # DAGs    # Errors  Last Runtime    Last Run
-------------------------------------  -----  ---------  --------  ----------  --------------  -------------------
/opt/airflow/dags/ocr_pipeline_dag.py                           1           0  1.25s           2025-11-08T19:57:08
================================================================================
[2025-11-08T14:58:07.930-0500] {manager.py:878} INFO - 
================================================================================
DAG File Processing Stats

File Path                              PID    Runtime      # DAGs    # Errors  Last Runtime    Last Run
-------------------------------------  -----  ---------  --------  ----------  --------------  -------------------
/opt/airflow/dags/ocr_pipeline_dag.py                           1           0  1.71s           2025-11-08T19:57:39
================================================================================
[2025-11-08T14:58:08.937-0500] {manager.py:737} INFO - Searching for files in /opt/airflow/dags
[2025-11-08T14:58:08.981-0500] {manager.py:740} INFO - There are 1 files in /opt/airflow/dags
[2025-11-08T14:58:39.291-0500] {manager.py:878} INFO - 
================================================================================
DAG File Processing Stats

File Path                              PID    Runtime      # DAGs    # Errors  Last Runtime    Last Run
-------------------------------------  -----  ---------  --------  ----------  --------------  -------------------
/opt/airflow/dags/ocr_pipeline_dag.py                           1           0  1.54s           2025-11-08T19:58:11
================================================================================
[2025-11-08T14:59:10.390-0500] {manager.py:878} INFO - 
================================================================================
DAG File Processing Stats

File Path                              PID    Runtime      # DAGs    # Errors  Last Runtime    Last Run
-------------------------------------  -----  ---------  --------  ----------  --------------  -------------------
/opt/airflow/dags/ocr_pipeline_dag.py                           1           0  2.84s           2025-11-08T19:58:44
================================================================================
[2025-11-08T14:59:41.683-0500] {manager.py:878} INFO - 
================================================================================
DAG File Processing Stats

File Path                              PID    Runtime      # DAGs    # Errors  Last Runtime    Last Run
-------------------------------------  -----  ---------  --------  ----------  --------------  -------------------
/opt/airflow/dags/ocr_pipeline_dag.py                           1           0  2.55s           2025-11-08T19:59:17
================================================================================
[2025-11-08T15:00:12.769-0500] {manager.py:878} INFO - 
================================================================================
DAG File Processing Stats

File Path                              PID    Runtime      # DAGs    # Errors  Last Runtime    Last Run
-------------------------------------  -----  ---------  --------  ----------  --------------  -------------------
/opt/airflow/dags/ocr_pipeline_dag.py                           1           0  2.80s           2025-11-08T19:59:50
================================================================================
[2025-11-08T15:00:43.625-0500] {manager.py:878} INFO - 
================================================================================
DAG File Processing Stats

File Path                              PID    Runtime      # DAGs    # Errors  Last Runtime    Last Run
-------------------------------------  -----  ---------  --------  ----------  --------------  -------------------
/opt/airflow/dags/ocr_pipeline_dag.py                           1           0  2.35s           2025-11-08T20:00:22
================================================================================
[2025-11-08T15:01:14.657-0500] {manager.py:878} INFO - 
================================================================================
DAG File Processing Stats

File Path                              PID    Runtime      # DAGs    # Errors  Last Runtime    Last Run
-------------------------------------  -----  ---------  --------  ----------  --------------  -------------------
/opt/airflow/dags/ocr_pipeline_dag.py                           1           0  1.58s           2025-11-08T20:00:54
================================================================================
[2025-11-08T15:01:45.820-0500] {manager.py:878} INFO - 
================================================================================
DAG File Processing Stats

File Path                              PID    Runtime      # DAGs    # Errors  Last Runtime    Last Run
-------------------------------------  -----  ---------  --------  ----------  --------------  -------------------
/opt/airflow/dags/ocr_pipeline_dag.py                           1           0  2.45s           2025-11-08T20:01:27
================================================================================
[2025-11-08T15:02:17.263-0500] {manager.py:878} INFO - 
================================================================================
DAG File Processing Stats

File Path                              PID    Runtime      # DAGs    # Errors  Last Runtime    Last Run
-------------------------------------  -----  ---------  --------  ----------  --------------  -------------------
/opt/airflow/dags/ocr_pipeline_dag.py                           1           0  1.29s           2025-11-08T20:01:58
================================================================================
[2025-11-08T15:02:48.217-0500] {manager.py:878} INFO - 
================================================================================
DAG File Processing Stats

File Path                              PID    Runtime      # DAGs    # Errors  Last Runtime    Last Run
-------------------------------------  -----  ---------  --------  ----------  --------------  -------------------
/opt/airflow/dags/ocr_pipeline_dag.py                           1           0  1.65s           2025-11-08T20:02:30
================================================================================
[2025-11-08T15:03:09.084-0500] {manager.py:737} INFO - Searching for files in /opt/airflow/dags
[2025-11-08T15:03:09.130-0500] {manager.py:740} INFO - There are 1 files in /opt/airflow/dags
[2025-11-08T15:03:20.140-0500] {manager.py:878} INFO - 
================================================================================
DAG File Processing Stats

File Path                              PID    Runtime      # DAGs    # Errors  Last Runtime    Last Run
-------------------------------------  -----  ---------  --------  ----------  --------------  -------------------
/opt/airflow/dags/ocr_pipeline_dag.py                           1           0  1.32s           2025-11-08T20:03:02
================================================================================
[2025-11-08T15:03:50.922-0500] {manager.py:878} INFO - 
================================================================================
DAG File Processing Stats

File Path                              PID    Runtime      # DAGs    # Errors  Last Runtime    Last Run
-------------------------------------  -----  ---------  --------  ----------  --------------  -------------------
/opt/airflow/dags/ocr_pipeline_dag.py                           1           0  1.59s           2025-11-08T20:03:34
================================================================================
[2025-11-08T15:04:21.992-0500] {manager.py:878} INFO - 
================================================================================
DAG File Processing Stats

File Path                              PID    Runtime      # DAGs    # Errors  Last Runtime    Last Run
-------------------------------------  -----  ---------  --------  ----------  --------------  -------------------
/opt/airflow/dags/ocr_pipeline_dag.py                           1           0  1.24s           2025-11-08T20:04:05
================================================================================
[2025-11-08T15:04:53.043-0500] {manager.py:878} INFO - 
================================================================================
DAG File Processing Stats

File Path                              PID    Runtime      # DAGs    # Errors  Last Runtime    Last Run
-------------------------------------  -----  ---------  --------  ----------  --------------  -------------------
/opt/airflow/dags/ocr_pipeline_dag.py                           1           0  1.58s           2025-11-08T20:04:37
================================================================================
[2025-11-08T15:05:23.981-0500] {manager.py:878} INFO - 
================================================================================
DAG File Processing Stats

File Path                              PID    Runtime      # DAGs    # Errors  Last Runtime    Last Run
-------------------------------------  -----  ---------  --------  ----------  --------------  -------------------
/opt/airflow/dags/ocr_pipeline_dag.py                           1           0  1.28s           2025-11-08T20:05:08
================================================================================
[2025-11-08T15:05:55.356-0500] {manager.py:878} INFO - 
================================================================================
DAG File Processing Stats

File Path                              PID    Runtime      # DAGs    # Errors  Last Runtime    Last Run
-------------------------------------  -----  ---------  --------  ----------  --------------  -------------------
/opt/airflow/dags/ocr_pipeline_dag.py                           1           0  4.41s           2025-11-08T20:05:43
================================================================================
[2025-11-08T15:06:26.538-0500] {manager.py:878} INFO - 
================================================================================
DAG File Processing Stats

File Path                              PID    Runtime      # DAGs    # Errors  Last Runtime    Last Run
-------------------------------------  -----  ---------  --------  ----------  --------------  -------------------
/opt/airflow/dags/ocr_pipeline_dag.py                           1           0  3.62s           2025-11-08T20:06:17
================================================================================
[2025-11-08T15:06:58.153-0500] {manager.py:878} INFO - 
================================================================================
DAG File Processing Stats

File Path                              PID    Runtime      # DAGs    # Errors  Last Runtime    Last Run
-------------------------------------  -----  ---------  --------  ----------  --------------  -------------------
/opt/airflow/dags/ocr_pipeline_dag.py                           1           0  6.61s           2025-11-08T20:06:54
================================================================================
[2025-11-08T15:07:29.340-0500] {manager.py:878} INFO - 
================================================================================
DAG File Processing Stats

File Path                              PID    Runtime      # DAGs    # Errors  Last Runtime    Last Run
-------------------------------------  -----  ---------  --------  ----------  --------------  -------------------
/opt/airflow/dags/ocr_pipeline_dag.py                           1           0  1.53s           2025-11-08T20:07:25
================================================================================
[2025-11-08T15:08:00.247-0500] {manager.py:878} INFO - 
================================================================================
DAG File Processing Stats

File Path                              PID    Runtime      # DAGs    # Errors  Last Runtime    Last Run
-------------------------------------  -----  ---------  --------  ----------  --------------  -------------------
/opt/airflow/dags/ocr_pipeline_dag.py                           1           0  2.35s           2025-11-08T20:07:58
================================================================================
[2025-11-08T15:08:09.164-0500] {manager.py:737} INFO - Searching for files in /opt/airflow/dags
[2025-11-08T15:08:09.211-0500] {manager.py:740} INFO - There are 1 files in /opt/airflow/dags
[2025-11-08T15:08:31.987-0500] {manager.py:878} INFO - 
================================================================================
DAG File Processing Stats

File Path                              PID    Runtime      # DAGs    # Errors  Last Runtime    Last Run
-------------------------------------  -----  ---------  --------  ----------  --------------  -------------------
/opt/airflow/dags/ocr_pipeline_dag.py                           1           0  1.63s           2025-11-08T20:08:30
================================================================================
[2025-11-08T15:09:03.039-0500] {manager.py:878} INFO - 
================================================================================
DAG File Processing Stats

File Path                              PID    Runtime      # DAGs    # Errors  Last Runtime    Last Run
-------------------------------------  -----  ---------  --------  ----------  --------------  -------------------
/opt/airflow/dags/ocr_pipeline_dag.py                           1           0  1.15s           2025-11-08T20:09:02
================================================================================
[2025-11-08T15:09:34.140-0500] {manager.py:878} INFO - 
================================================================================
DAG File Processing Stats

File Path                              PID    Runtime      # DAGs    # Errors  Last Runtime    Last Run
-------------------------------------  -----  ---------  --------  ----------  --------------  -------------------
/opt/airflow/dags/ocr_pipeline_dag.py                           1           0  0.96s           2025-11-08T20:09:33
================================================================================
[2025-11-08T15:10:05.409-0500] {manager.py:878} INFO - 
================================================================================
DAG File Processing Stats

File Path                                PID  Runtime      # DAGs    # Errors  Last Runtime    Last Run
-------------------------------------  -----  ---------  --------  ----------  --------------  -------------------
/opt/airflow/dags/ocr_pipeline_dag.py   2093  2.03s             1           0  0.96s           2025-11-08T20:09:33
================================================================================
[2025-11-08T15:10:36.583-0500] {manager.py:878} INFO - 
================================================================================
DAG File Processing Stats

File Path                                PID  Runtime      # DAGs    # Errors  Last Runtime    Last Run
-------------------------------------  -----  ---------  --------  ----------  --------------  -------------------
/opt/airflow/dags/ocr_pipeline_dag.py   2099  0.39s             1           0  2.62s           2025-11-08T20:10:05
================================================================================
[2025-11-08T15:11:07.558-0500] {manager.py:878} INFO - 
================================================================================
DAG File Processing Stats

File Path                              PID    Runtime      # DAGs    # Errors  Last Runtime    Last Run
-------------------------------------  -----  ---------  --------  ----------  --------------  -------------------
/opt/airflow/dags/ocr_pipeline_dag.py                           1           0  3.18s           2025-11-08T20:10:39
================================================================================
[2025-11-08T15:11:38.602-0500] {manager.py:878} INFO - 
================================================================================
DAG File Processing Stats

File Path                              PID    Runtime      # DAGs    # Errors  Last Runtime    Last Run
-------------------------------------  -----  ---------  --------  ----------  --------------  -------------------
/opt/airflow/dags/ocr_pipeline_dag.py                           1           0  1.23s           2025-11-08T20:11:11
================================================================================
[2025-11-08T15:12:09.841-0500] {manager.py:878} INFO - 
================================================================================
DAG File Processing Stats

File Path                              PID    Runtime      # DAGs    # Errors  Last Runtime    Last Run
-------------------------------------  -----  ---------  --------  ----------  --------------  -------------------
/opt/airflow/dags/ocr_pipeline_dag.py                           1           0  1.20s           2025-11-08T20:11:42
================================================================================
[2025-11-08T15:12:41.169-0500] {manager.py:878} INFO - 
================================================================================
DAG File Processing Stats

File Path                              PID    Runtime      # DAGs    # Errors  Last Runtime    Last Run
-------------------------------------  -----  ---------  --------  ----------  --------------  -------------------
/opt/airflow/dags/ocr_pipeline_dag.py                           1           0  1.26s           2025-11-08T20:12:14
================================================================================
[2025-11-08T15:13:09.603-0500] {manager.py:737} INFO - Searching for files in /opt/airflow/dags
[2025-11-08T15:13:09.722-0500] {manager.py:740} INFO - There are 1 files in /opt/airflow/dags
[2025-11-08T15:13:12.143-0500] {manager.py:878} INFO - 
================================================================================
DAG File Processing Stats

File Path                              PID    Runtime      # DAGs    # Errors  Last Runtime    Last Run
-------------------------------------  -----  ---------  --------  ----------  --------------  -------------------
/opt/airflow/dags/ocr_pipeline_dag.py                           1           0  1.50s           2025-11-08T20:12:45
================================================================================
[2025-11-08T15:13:44.272-0500] {manager.py:878} INFO - 
================================================================================
DAG File Processing Stats

File Path                              PID    Runtime      # DAGs    # Errors  Last Runtime    Last Run
-------------------------------------  -----  ---------  --------  ----------  --------------  -------------------
/opt/airflow/dags/ocr_pipeline_dag.py                           1           0  4.29s           2025-11-08T20:13:20
================================================================================
[2025-11-08T15:14:15.406-0500] {manager.py:878} INFO - 
================================================================================
DAG File Processing Stats

File Path                              PID    Runtime      # DAGs    # Errors  Last Runtime    Last Run
-------------------------------------  -----  ---------  --------  ----------  --------------  -------------------
/opt/airflow/dags/ocr_pipeline_dag.py                           1           0  1.98s           2025-11-08T20:13:52
================================================================================
[2025-11-08T15:14:46.561-0500] {manager.py:878} INFO - 
================================================================================
DAG File Processing Stats

File Path                              PID    Runtime      # DAGs    # Errors  Last Runtime    Last Run
-------------------------------------  -----  ---------  --------  ----------  --------------  -------------------
/opt/airflow/dags/ocr_pipeline_dag.py                           1           0  1.72s           2025-11-08T20:14:24
================================================================================
[2025-11-08T15:15:17.616-0500] {manager.py:878} INFO - 
================================================================================
DAG File Processing Stats

File Path                              PID    Runtime      # DAGs    # Errors  Last Runtime    Last Run
-------------------------------------  -----  ---------  --------  ----------  --------------  -------------------
/opt/airflow/dags/ocr_pipeline_dag.py                           1           0  1.45s           2025-11-08T20:14:55
================================================================================
[2025-11-08T15:15:48.506-0500] {manager.py:878} INFO - 
================================================================================
DAG File Processing Stats

File Path                              PID    Runtime      # DAGs    # Errors  Last Runtime    Last Run
-------------------------------------  -----  ---------  --------  ----------  --------------  -------------------
/opt/airflow/dags/ocr_pipeline_dag.py                           1           0  1.76s           2025-11-08T20:15:27
================================================================================
[2025-11-08T15:16:19.428-0500] {manager.py:878} INFO - 
================================================================================
DAG File Processing Stats

File Path                              PID    Runtime      # DAGs    # Errors  Last Runtime    Last Run
-------------------------------------  -----  ---------  --------  ----------  --------------  -------------------
/opt/airflow/dags/ocr_pipeline_dag.py                           1           0  1.79s           2025-11-08T20:15:59
================================================================================
[2025-11-08T15:16:50.515-0500] {manager.py:878} INFO - 
================================================================================
DAG File Processing Stats

File Path                              PID    Runtime      # DAGs    # Errors  Last Runtime    Last Run
-------------------------------------  -----  ---------  --------  ----------  --------------  -------------------
/opt/airflow/dags/ocr_pipeline_dag.py                           1           0  1.23s           2025-11-08T20:16:30
================================================================================
[2025-11-08T15:17:21.889-0500] {manager.py:878} INFO - 
================================================================================
DAG File Processing Stats

File Path                              PID    Runtime      # DAGs    # Errors  Last Runtime    Last Run
-------------------------------------  -----  ---------  --------  ----------  --------------  -------------------
/opt/airflow/dags/ocr_pipeline_dag.py                           1           0  1.17s           2025-11-08T20:17:01
================================================================================
[2025-11-08T15:17:53.261-0500] {manager.py:878} INFO - 
================================================================================
DAG File Processing Stats

File Path                              PID    Runtime      # DAGs    # Errors  Last Runtime    Last Run
-------------------------------------  -----  ---------  --------  ----------  --------------  -------------------
/opt/airflow/dags/ocr_pipeline_dag.py                           1           0  3.17s           2025-11-08T20:17:35
================================================================================
[2025-11-08T15:18:09.730-0500] {manager.py:737} INFO - Searching for files in /opt/airflow/dags
[2025-11-08T15:18:09.771-0500] {manager.py:740} INFO - There are 1 files in /opt/airflow/dags
[2025-11-08T15:18:24.410-0500] {manager.py:878} INFO - 
================================================================================
DAG File Processing Stats

File Path                              PID    Runtime      # DAGs    # Errors  Last Runtime    Last Run
-------------------------------------  -----  ---------  --------  ----------  --------------  -------------------
/opt/airflow/dags/ocr_pipeline_dag.py                           1           0  1.28s           2025-11-08T20:18:06
================================================================================
[2025-11-08T15:18:55.855-0500] {manager.py:878} INFO - 
================================================================================
DAG File Processing Stats

File Path                              PID    Runtime      # DAGs    # Errors  Last Runtime    Last Run
-------------------------------------  -----  ---------  --------  ----------  --------------  -------------------
/opt/airflow/dags/ocr_pipeline_dag.py                           1           0  1.42s           2025-11-08T20:18:38
================================================================================
[2025-11-08T15:19:26.942-0500] {manager.py:878} INFO - 
================================================================================
DAG File Processing Stats

File Path                              PID    Runtime      # DAGs    # Errors  Last Runtime    Last Run
-------------------------------------  -----  ---------  --------  ----------  --------------  -------------------
/opt/airflow/dags/ocr_pipeline_dag.py                           1           0  2.46s           2025-11-08T20:19:10
================================================================================
[2025-11-08T15:19:58.490-0500] {manager.py:878} INFO - 
================================================================================
DAG File Processing Stats

File Path                              PID    Runtime      # DAGs    # Errors  Last Runtime    Last Run
-------------------------------------  -----  ---------  --------  ----------  --------------  -------------------
/opt/airflow/dags/ocr_pipeline_dag.py                           1           0  1.62s           2025-11-08T20:19:42
================================================================================
[2025-11-08T15:20:29.781-0500] {manager.py:878} INFO - 
================================================================================
DAG File Processing Stats

File Path                              PID    Runtime      # DAGs    # Errors  Last Runtime    Last Run
-------------------------------------  -----  ---------  --------  ----------  --------------  -------------------
/opt/airflow/dags/ocr_pipeline_dag.py                           1           0  2.43s           2025-11-08T20:20:15
================================================================================
[2025-11-08T15:21:00.809-0500] {manager.py:878} INFO - 
================================================================================
DAG File Processing Stats

File Path                              PID    Runtime      # DAGs    # Errors  Last Runtime    Last Run
-------------------------------------  -----  ---------  --------  ----------  --------------  -------------------
/opt/airflow/dags/ocr_pipeline_dag.py                           1           0  2.49s           2025-11-08T20:20:47
================================================================================
[2025-11-08T15:21:31.905-0500] {manager.py:878} INFO - 
================================================================================
DAG File Processing Stats

File Path                              PID    Runtime      # DAGs    # Errors  Last Runtime    Last Run
-------------------------------------  -----  ---------  --------  ----------  --------------  -------------------
/opt/airflow/dags/ocr_pipeline_dag.py                           1           0  1.47s           2025-11-08T20:21:19
================================================================================
